CASE_ID,ACCIDENT_YEAR,PROC_DATE,JURIS,COLLISION_DATE,COLLISION_TIME,OFFICER_ID,REPORTING_DISTRICT,DAY_OF_WEEK,CHP_SHIFT,POPULATION,CNTY_CITY_LOC,SPECIAL_COND,BEAT_TYPE,CHP_BEAT_TYPE,CITY_DIVISION_LAPD,CHP_BEAT_CLASS,BEAT_NUMBER,PRIMARY_RD,SECONDARY_RD,DISTANCE,DIRECTION,INTERSECTION,WEATHER_1,WEATHER_2,STATE_HWY_IND,CALTRANS_COUNTY,CALTRANS_DISTRICT,STATE_ROUTE,ROUTE_SUFFIX,POSTMILE_PREFIX,POSTMILE,LOCATION_TYPE,RAMP_INTERSECTION,SIDE_OF_HWY,TOW_AWAY,COLLISION_SEVERITY,NUMBER_KILLED,NUMBER_INJURED,PARTY_COUNT,PRIMARY_COLL_FACTOR,PCF_CODE_OF_VIOL,PCF_VIOL_CATEGORY,PCF_VIOLATION,PCF_VIOL_SUBSECTION,HIT_AND_RUN,TYPE_OF_COLLISION,MVIW,PED_ACTION,ROAD_SURFACE,ROAD_COND_1,ROAD_COND_2,LIGHTING,CONTROL_DEVICE,CHP_ROAD_TYPE,PEDESTRIAN_ACCIDENT,BICYCLE_ACCIDENT,MOTORCYCLE_ACCIDENT,TRUCK_ACCIDENT,NOT_PRIVATE_PROPERTY,ALCOHOL_INVOLVED,STWD_VEHTYPE_AT_FAULT,CHP_VEHTYPE_AT_FAULT,COUNT_SEVERE_INJ,COUNT_VISIBLE_INJ,COUNT_COMPLAINT_PAIN,COUNT_PED_KILLED,COUNT_PED_INJURED,COUNT_BICYCLIST_KILLED,COUNT_BICYCLIST_INJURED,COUNT_MC_KILLED,COUNT_MC_INJURED,PRIMARY_RAMP,SECONDARY_RAMP,LATITUDE,LONGITUDE,COUNTY,CITY,POINT_X,POINT_Y
91581679,2021,2021-09-28,9850,2021-09-21,0755,017730,NA,2,1,9,3600,0,2,4,NA,2,050,BALDY MESA ROAD,BONANZA ROAD,0,NA,Y,A,-,N,NA,NA,NA,NA,NA,NA,NA,NA,NA,Y,4,0,2,2,A,-,09,21802,A,N,D,C,A,A,H,-,A,A,0,NA,NA,NA,NA,Y,NA,A,07,0,0,2,0,0,0,0,0,0,-,-,34.43925094604492,-117.45104217529295,SAN BERNARDINO,UNINCORPORATED,-117.45101165771484,34.43922805786133
91582296,2021,2021-09-29,9860,2021-09-23,2359,020856,NA,4,3,9,3600,0,1,1,NA,2,151,I-15 SOUTHBOUND,GLEN HELEN ROAD,1000,N,N,A,-,Y,NA,NA,15,NA,NA,NA,NA,NA,S,Y,3,0,1,3,A,-,03,22350,NA,N,E,C,A,A,H,-,C,D,0,NA,NA,Y,NA,Y,NA,A,01,0,1,0,0,0,0,0,0,0,-,-,34.21868896484375,-117.410888671875,SAN BERNARDINO,UNINCORPORATED,-117.4109344482422,34.21870040893555
9158295,2020,2020-10-28,3600,2020-06-05,2005,H8376,AD313,5,5,3,3613,0,0,0,NA,0,AD2,JONATHAN ST,JUSTINE WY,8,E,N,A,-,N,NA,NA,NA,NA,NA,NA,NA,NA,NA,Y,3,0,2,2,A,-,09,21801,A,N,A,C,A,A,H,-,A,D,0,NA,NA,NA,NA,Y,NA,A,01,0,1,1,0,0,0,0,0,0,-,-,NA,NA,SAN BERNARDINO,ADELANTO,-117.40823364257813,34.516319274902344
91585895,2021,2021-10-01,9835,2021-09-22,0345,022218,NA,3,3,9,3600,0,1,1,NA,2,047,WESTBOUND INTERSTATE 40,CRUCERO ROAD,18480,E,N,A,-,Y,NA,NA,40,NA,NA,NA,NA,NA,NA,Y,2,0,1,1,A,-,08,22107,NA,N,E,8,A,A,H,-,D,D,0,NA,NA,NA,NA,Y,NA,D,22,1,0,0,0,0,0,0,0,0,-,-,34.727298736572266,-116.1018524169922,SAN BERNARDINO,UNINCORPORATED,-116.1018524169922,34.727420806884766
91586002,2021,2021-10-01,9834,2021-09-26,2100,021525,Color,7,2,9,3600,0,3,5,NA,2,001,RIO VISTA DR,SHERWOOD DR,1584,N,N,A,-,N,NA,NA,NA,NA,NA,NA,NA,NA,NA,Y,3,0,1,1,C,-,18,NA,NA,N,F,A,A,A,H,-,D,D,0,NA,NA,Y,NA,Y,NA,-,-,0,1,0,0,0,0,0,0,1,-,-,34.135189056396484,-114.35469818115234,SAN BERNARDINO,UNINCORPORATED,-114.36245727539063,34.13224411010742
91586428,2021,2021-10-04,9860,2021-09-24,0438,021169,NA,5,3,6,3610,0,1,1,NA,2,214,I-215 N/B,3RD ST,200,S,N,A,-,Y,NA,NA,215,NA,NA,NA,NA,NA,N,Y,4,0,3,2,A,-,03,22350,NA,N,C,C,A,A,H,-,C,D,0,NA,NA,NA,NA,Y,NA,A,01,0,0,3,0,0,0,0,0,0,-,-,34.103939056396484,-117.3017578125,SAN BERNARDINO,SAN BERNARDINO,-117.30188751220705,34.10393524169922
91586603,2021,2021-10-04,9860,2021-09-29,0905,016590,NA,3,1,4,3603,0,1,1,NA,2,214,I-215 S/B,IOWA AVE.,300,N,N,A,-,Y,NA,NA,215,NA,NA,NA,NA,NA,S,Y,4,0,1,2,A,-,03,22350,NA,N,C,C,A,A,H,-,A,D,0,NA,NA,NA,NA,Y,NA,A,01,0,0,1,0,0,0,0,0,0,-,-,34.02558898925781,-117.33409118652344,SAN BERNARDINO,COLTON,-117.33411407470705,34.025611877441406
91588512,2021,2021-10-05,9860,2021-10-01,1843,021638,NA,5,2,4,3618,0,1,1,NA,2,203,SR-210 W/B,BASELINE STREET,3168,E,N,A,-,Y,NA,NA,210,NA,NA,NA,NA,NA,W,Y,4,0,1,2,A,-,03,22350,NA,N,C,2,A,B,H,-,A,D,0,NA,NA,NA,NA,Y,NA,A,01,0,0,1,0,0,0,0,0,0,-,-,34.11254119873047,-117.19940948486328,SAN BERNARDINO,HIGHLAND,-117.19940948486328,34.11254119873047
91589362,2021,2021-10-06,9834,2021-09-30,0530,016564,NA,4,3,9,3600,0,1,1,NA,2,044,I-40 E/B,PARK ROAD,12144,W,N,A,-,Y,NA,NA,40,NA,NA,NA,NA,NA,E,Y,4,0,1,1,A,-,08,22107,NA,N,E,I,A,A,H,-,D,D,0,NA,NA,NA,Y,Y,NA,G,25,0,0,1,0,0,0,0,0,0,-,-,34.88883972167969,-114.68907928466795,SAN BERNARDINO,UNINCORPORATED,-114.68905639648438,34.888916015625
91589473,2021,2021-10-07,9855,2021-09-25,0342,020913,NA,6,3,6,3607,0,1,3,NA,2,601,SR-60 E/B (POMONA FWY),EUCLID AVE.,2640,E,N,A,-,Y,NA,NA,60,NA,NA,NA,NA,NA,E,Y,3,0,3,2,A,-,01,23152,A,F,C,C,A,A,H,-,C,D,0,NA,NA,NA,NA,Y,Y,A,01,0,2,1,0,0,0,0,0,0,-,-,34.03028106689453,-117.64214324951172,SAN BERNARDINO,ONTARIO,-117.64214324951172,34.03034973144531
91589787,2021,2021-10-06,9855,2021-09-26,1230,018313,NA,7,1,6,3607,0,1,1,NA,2,152,I-15 S/B (ONTARIO FWY),JURUPA ST,2500,N,N,A,-,Y,NA,NA,15,NA,NA,NA,NA,NA,S,Y,3,0,1,4,A,-,03,22350,NA,N,C,C,A,A,H,-,A,D,0,NA,NA,Y,NA,Y,NA,C,02,0,1,0,0,0,0,0,0,1,-,-,34.05533981323242,-117.5468978881836,SAN BERNARDINO,ONTARIO,-117.54698181152344,34.05537796020508
91590213,2021,2021-10-07,9860,2021-09-29,2218,021149,NA,3,3,6,3610,0,1,1,NA,2,216,I-215 N/B,9TH ST,528,S,N,A,-,Y,NA,NA,215,NA,NA,NA,NA,NA,N,Y,4,0,1,2,A,-,03,22350,NA,F,C,C,A,A,H,-,C,D,0,NA,NA,NA,NA,Y,NA,A,01,0,0,1,0,0,0,0,0,0,-,-,34.11357116699219,-117.30229949951172,SAN BERNARDINO,SAN BERNARDINO,-117.3027572631836,34.11354446411133
91593608,2021,2021-10-12,9860,2021-10-08,1553,019599,NA,5,2,6,3610,0,1,1,NA,2,103,I-10 W/B,HUNTS LN.,1056,E,N,A,-,Y,NA,NA,10,NA,NA,NA,NA,NA,W,Y,4,0,3,3,A,-,03,22350,NA,N,C,C,A,A,H,-,A,D,0,NA,NA,NA,NA,Y,NA,A,01,0,0,3,0,0,0,0,0,0,-,-,34.06399917602539,-117.28321075439452,SAN BERNARDINO,SAN BERNARDINO,-117.28321838378906,34.0640983581543
91593851,2021,2021-10-12,9855,2021-09-30,2213,021715,NA,4,3,6,3607,0,1,1,NA,2,103,I-10 E/B (SAN BERNARDINO FREEWAY),EUCLID AVE.,1000,W,N,A,-,Y,NA,NA,10,NA,NA,NA,NA,NA,E,Y,3,0,2,4,A,-,01,23152,A,N,B,C,A,A,D,-,D,D,0,NA,NA,NA,Y,Y,Y,D,22,0,1,1,0,0,0,0,0,0,-,-,34.087249755859375,-117.66165161132813,SAN BERNARDINO,ONTARIO,-117.66165161132813,34.08723449707031
91595201,2021,2021-10-13,9860,2021-10-13,0720,016575,NA,3,1,4,3603,0,1,1,NA,2,214,I-215 S/B,IOWA AVE. O/C,1655,N,N,A,-,Y,NA,NA,215,NA,NA,NA,NA,NA,S,Y,4,0,2,2,A,-,03,22350,NA,N,C,C,A,A,H,-,A,D,0,NA,NA,NA,NA,Y,NA,A,01,0,0,2,0,0,0,0,0,0,-,-,34.027740478515625,-117.33197784423828,SAN BERNARDINO,COLTON,-117.3320083618164,34.02777099609375
91595520,2021,2021-10-13,9855,2021-10-02,1853,019121,NA,6,2,5,3630,0,1,3,NA,2,071,SR-71 N/B (CHINO FWY),SOQUEL CANYON PARKWAY,4224,S,N,A,-,Y,NA,NA,71,NA,NA,NA,NA,NA,N,Y,4,0,1,2,A,-,03,22350,NA,N,C,C,A,A,H,-,B,D,0,NA,NA,NA,NA,Y,NA,D,22,0,0,1,0,0,0,0,0,0,-,-,33.95841979980469,-117.68199157714844,SAN BERNARDINO,CHINO HILLS,-117.68201446533205,33.958404541015625
91595678,2021,2021-10-13,9870,2021-10-05,2330,022584,NA,2,3,9,3600,0,1,3,NA,1,011,STATE ROUTE 62 (TWENTYNINE PALMS HIGHWAY),YUCCA PARK ROAD,110,E,N,A,-,Y,NA,NA,62,NA,NA,NA,NA,NA,NA,Y,3,0,3,1,A,-,08,22107,NA,N,E,8,A,A,H,-,D,D,0,NA,NA,NA,NA,Y,NA,A,08,0,3,0,0,0,0,0,0,0,-,-,34.103729248046875,-116.49237823486328,SAN BERNARDINO,UNINCORPORATED,-116.49237060546876,34.10370635986328
91596579,2021,2021-10-14,9855,2021-10-02,1215,018335,NA,6,1,5,3611,0,1,1,NA,2,103,I-10 W/B (SAN BERNARDINO FWY),MOUNTAIN AVENUE,1500,E,N,A,-,Y,NA,NA,10,NA,NA,NA,NA,NA,W,Y,3,0,2,4,A,-,03,22350,NA,N,C,C,A,A,D,-,A,D,0,NA,NA,NA,NA,Y,NA,A,01,0,1,1,0,0,0,0,0,0,-,-,34.087379455566406,-117.66419982910156,SAN BERNARDINO,UPLAND,-117.66419982910156,34.08742904663086
91596626,2021,2021-10-14,9835,2021-10-06,0635,019992,NA,3,1,9,3600,0,1,1,NA,2,045,I-40 E/B,LAVIC ROAD,14256,W,N,A,-,Y,NA,NA,NA,NA,NA,NA,NA,NA,NA,Y,2,0,1,1,A,-,08,22107,NA,N,E,I,A,A,H,-,B,D,0,NA,NA,NA,NA,Y,NA,A,01,1,0,0,0,0,0,0,0,0,-,-,34.75905990600586,-115.34774780273438,SAN BERNARDINO,UNINCORPORATED,-116.34415435791016,34.756404876708984
91597442,2021,2021-10-15,9835,2021-10-03,0740,022619,NA,7,1,9,3600,0,1,1,NA,2,070,S/B I-15,HODGE ROAD,6706,S,N,A,-,Y,NA,NA,15,NA,NA,NA,NA,NA,NA,Y,2,0,1,2,A,-,03,22350,NA,N,C,C,A,A,H,-,A,D,0,NA,NA,NA,NA,Y,NA,A,01,1,0,0,0,0,0,0,0,0,-,-,34.73735046386719,-117.18094635009766,SAN BERNARDINO,UNINCORPORATED,-117.18103790283205,34.7374267578125
91598325,2021,2021-10-18,9860,2021-10-15,1340,014777,NA,5,1,9,3600,0,1,1,NA,2,151,I-15 N/B,OAKIE FLAT ROAD,1584,N,N,A,-,Y,NA,NA,15,NA,NA,NA,NA,NA,N,Y,4,0,3,2,A,-,03,22350,NA,N,C,C,A,A,H,-,A,D,0,NA,NA,NA,Y,Y,NA,A,01,0,0,3,0,0,0,0,0,0,-,-,34.268028259277344,-117.44928741455078,SAN BERNARDINO,UNINCORPORATED,-117.4493408203125,34.26803207397461
91600173,2021,2021-10-19,9834,2021-10-08,1135,015182,NA,5,1,9,3600,0,1,1,NA,2,044,I-40 E/B,WATER ROAD,25344,E,N,B,-,Y,NA,NA,40,NA,NA,NA,NA,NA,E,Y,3,0,2,2,A,-,03,22350,NA,N,F,0,A,B,H,-,A,A,0,NA,NA,Y,NA,Y,NA,C,02,0,2,0,0,0,0,0,0,2,-,-,34.857460021972656,-114.87728118896484,SAN BERNARDINO,UNINCORPORATED,-114.87729644775392,34.857513427734375
91600180,2021,2021-10-19,9855,2021-10-07,1220,018335,NA,4,1,6,3607,0,1,1,NA,2,103,I-10 E/B (SAN BERNARDINO FWY),EUCLID AVE.,200,W,N,B,-,Y,NA,NA,10,NA,NA,NA,NA,NA,E,Y,4,0,1,2,A,-,03,22350,NA,N,C,C,A,A,D,-,A,D,0,NA,NA,NA,Y,Y,NA,G,25,0,0,1,0,0,0,0,0,0,-,-,34.087188720703125,-117.65249633789063,SAN BERNARDINO,ONTARIO,-117.65250396728516,34.08727264404297
91601721,2021,2021-10-20,9860,2021-10-15,0005,022539,NA,5,3,9,3600,0,1,1,NA,2,102,I-10 E/B,CEDAR AVENUE,1056,W,N,A,-,Y,NA,NA,10,NA,NA,NA,NA,NA,E,Y,4,0,1,3,A,-,07,21658,A,N,B,C,A,A,H,-,D,D,0,NA,NA,NA,Y,Y,NA,A,07,0,0,1,0,0,0,0,0,0,-,-,34.06752014160156,-117.41361236572266,SAN BERNARDINO,UNINCORPORATED,-117.41361236572266,34.06751251220703
91602807,2021,2021-10-21,9835,2021-10-13,2220,022218,NA,3,3,9,3600,0,1,1,NA,2,075,NORTHBOUND INTERSTATE 15,HALLORAN SPRINGS RD,7392,N,N,A,-,Y,NA,NA,15,NA,NA,NA,NA,NA,NA,Y,4,0,2,2,A,-,03,22350,NA,N,C,C,A,A,H,-,D,D,0,NA,NA,NA,NA,Y,NA,E,22,0,0,2,0,0,0,0,0,0,-,-,35.381710052490234,-115.86701965332033,SAN BERNARDINO,UNINCORPORATED,-115.86703491210938,35.38174819946289
91606943,2021,2021-11-15,9855,2021-10-16,0910,018313,NA,6,1,6,3607,0,1,1,NA,2,152,I-15 S/B (ONTARIO FWY),JURUPA STREET,1100,N,N,A,-,Y,NA,NA,15,NA,NA,NA,NA,NA,S,Y,3,0,1,2,A,-,03,22350,NA,F,C,C,A,A,H,-,A,D,0,NA,NA,Y,NA,Y,NA,C,02,0,1,0,0,0,0,0,0,1,-,-,34.05086135864258,-117.54897308349608,SAN BERNARDINO,ONTARIO,-117.54912567138672,34.050941467285156
91609070,2021,2021-10-28,9855,2021-10-17,0200,022021,NA,7,3,9,3600,0,3,5,NA,2,001,VALLEY BLVD W/B (13500 BLOCK),COMMERCE DR,47,E,N,A,-,N,NA,NA,NA,NA,NA,NA,NA,NA,NA,Y,3,0,1,1,A,-,08,22107,NA,N,E,I,A,A,H,-,C,A,0,NA,NA,NA,NA,Y,NA,A,01,0,1,0,0,0,0,0,0,0,-,-,34.07109069824219,-117.5152587890625,SAN BERNARDINO,UNINCORPORATED,-117.51538848876952,34.07087707519531
9160921,2020,2020-11-20,3610,2020-09-04,0101,51264,NA,5,5,6,3610,0,0,0,NA,0,ADAM,PENNSYLVANIA AV,15TH ST,0,NA,Y,A,-,N,NA,NA,NA,NA,NA,NA,NA,NA,NA,N,4,0,1,2,A,-,08,22107,NA,M,A,E,A,A,H,-,C,D,0,NA,NA,NA,NA,Y,NA,A,01,0,0,1,0,0,0,0,0,0,-,-,34.12643814086914,-117.32733917236328,SAN BERNARDINO,SAN BERNARDINO,-117.3273468017578,34.12643051147461
91610607,2021,2021-10-29,9860,2021-10-22,1500,020774,NA,5,2,6,3610,0,1,1,NA,2,216,I-215 N/B,PALM AVE.,100,S,N,A,-,Y,NA,NA,215,NA,NA,NA,NA,NA,N,N,4,0,4,2,A,-,03,22350,NA,N,C,C,A,A,H,-,A,D,0,NA,NA,NA,NA,Y,NA,A,01,0,0,4,0,0,0,0,0,0,-,-,34.190670013427734,-117.3606414794922,SAN BERNARDINO,SAN BERNARDINO,-117.3606414794922,34.190673828125
91612497,2021,2021-11-01,9850,2021-10-25,1900,022510,NA,1,2,9,3600,0,3,5,NA,2,002,SUMMIT VALLEY RD,AGATE RD,25,N,N,B,C,N,NA,NA,NA,NA,NA,NA,NA,NA,NA,Y,4,0,1,2,A,-,08,22107,NA,N,D,C,A,B,H,-,D,D,0,NA,NA,NA,NA,Y,NA,A,01,0,0,1,0,0,0,0,0,0,-,-,34.35935974121094,-117.65737915039063,SAN BERNARDINO,UNINCORPORATED,-117.36578369140624,34.359375
91612791,2021,2021-11-01,9860,2021-09-19,0305,021363,NA,7,3,3,3615,0,1,1,NA,2,104,I-10 E/B,MOUNTAIN VIEW AVE,1210,W,N,A,-,Y,NA,NA,10,NA,NA,NA,NA,NA,E,Y,2,0,3,1,A,-,01,23152,A,N,E,8,A,A,H,-,C,D,0,NA,NA,NA,NA,Y,Y,A,01,1,1,1,0,0,0,0,0,0,-,-,34.06639099121094,-117.247802734375,SAN BERNARDINO,LOMA LINDA,-117.247802734375,34.06650161743164
91613839,2021,2021-11-02,9855,2021-10-23,1325,021156,NA,6,1,5,3602,0,1,3,NA,2,603,SR-60 E/B (POMONA FWY),PIPELINE AVE.,500,W,N,A,-,Y,NA,NA,60,NA,NA,NA,NA,NA,E,Y,4,0,1,1,A,-,08,22107,NA,N,E,I,A,A,D,-,A,D,0,NA,NA,NA,NA,Y,NA,A,01,0,0,1,0,0,0,0,0,0,-,-,34.02886962890625,-117.71613311767578,SAN BERNARDINO,CHINO,-117.71611785888672,34.02883529663086
91614875,2021,2021-11-03,9855,2021-10-23,0805,018335,NA,6,1,6,3607,0,1,1,NA,2,103,I-10 W/B (SAN BERNARDINO FWY),CAMPUS AVE.,600,E,N,B,C,Y,NA,NA,10,NA,NA,NA,NA,NA,W,N,4,0,1,1,A,-,03,22350,NA,N,E,I,A,B,C,D,A,D,0,NA,NA,NA,NA,Y,NA,A,01,0,0,1,0,0,0,0,0,0,-,-,34.0866584777832,-117.63973999023438,SAN BERNARDINO,ONTARIO,-117.63973236083984,34.086673736572266
91614969,2021,2021-11-03,9835,2021-10-01,0345,022612,NA,5,3,9,3600,0,1,1,NA,2,047,INTERSTATE 40 EASTBOUND,CRUCERO RD,7392,E,N,A,-,Y,NA,NA,NA,NA,NA,NA,NA,NA,NA,Y,1,1,0,1,A,-,08,22107,NA,N,F,A,A,A,H,-,D,D,0,NA,NA,NA,NA,Y,NA,D,22,0,0,0,0,0,0,0,0,0,-,-,34.43349838256836,-116.81999969482422,SAN BERNARDINO,UNINCORPORATED,-116.15912628173828,34.72549057006836
91615217,2021,2021-11-03,9835,2021-10-26,1517,022571,NA,2,2,9,3600,0,1,1,NA,2,073,I-15 S/B,ALVORD MOUNTAIN RD,2904,S,N,A,-,Y,NA,NA,15,NA,NA,NA,NA,NA,S,Y,3,0,1,3,A,-,03,22350,NA,N,C,C,A,A,H,-,A,D,0,NA,NA,NA,NA,Y,NA,A,08,0,1,0,0,0,0,0,0,0,-,-,34.9810791015625,-116.60552978515624,SAN BERNARDINO,UNINCORPORATED,-116.60549926757813,34.98101043701172
9161558,2020,2020-10-03,3603,2020-07-20,1612,4546,CPD,1,5,4,3603,0,0,0,NA,0,002,MT VERNON AV,JOHNSTON PL,0,NA,Y,A,-,N,NA,NA,NA,NA,NA,NA,NA,NA,NA,N,4,0,2,3,A,-,09,21804,A,N,D,C,A,A,H,-,A,A,0,NA,NA,NA,NA,Y,NA,A,01,0,0,2,0,0,0,0,0,0,-,-,34.0885009765625,-117.31385040283205,SAN BERNARDINO,COLTON,-117.3138427734375,34.0884895324707
91619165,2021,2021-11-08,9835,2021-11-05,0811,021482,NA,5,1,9,3600,0,1,1,NA,2,073,I-15 N/B,COYOTE LAKE RD,6811,S,N,A,-,Y,NA,NA,15,NA,NA,NA,NA,NA,N,Y,3,0,2,1,A,-,08,22107,NA,N,E,I,A,A,H,-,A,D,0,NA,NA,NA,NA,Y,NA,E,22,0,2,0,0,0,0,0,0,0,-,-,34.925968170166016,-116.73190307617188,SAN BERNARDINO,UNINCORPORATED,-116.7319107055664,34.9260139465332
91622404,2021,2021-11-11,9860,2021-09-17,2300,022583,NA,5,3,9,3600,0,2,4,NA,2,411,CEDAR AVENUE,SANTA ANA AVENUE,16,N,N,A,-,N,NA,NA,NA,NA,NA,NA,NA,NA,NA,N,4,0,1,2,D,-,00,NA,NA,M,B,C,A,A,H,-,C,A,0,NA,NA,NA,NA,Y,NA,-,-,0,0,1,0,0,0,0,0,0,-,-,34.0560302734375,-117.39633941650392,SAN BERNARDINO,UNINCORPORATED,-117.39649963378906,34.055912017822266
91622408,2021,2021-11-11,9860,2021-09-18,1545,021229,NA,6,2,6,3610,0,1,1,NA,2,202,SR-210 E/B TO HIGHLAND AVE,HIGHLAND AVE,220,N,N,A,-,Y,NA,NA,210,NA,NA,NA,R,NA,E,N,4,0,1,4,A,-,03,22350,NA,F,C,C,A,A,H,-,A,D,0,NA,NA,NA,NA,Y,NA,A,01,0,0,1,0,0,0,0,0,0,-,-,34.13637924194336,-117.23851013183594,SAN BERNARDINO,SAN BERNARDINO,-117.23851013183594,34.13637924194336
91623323,2021,2021-11-12,9835,2021-11-04,0130,022619,NA,4,3,9,3600,0,3,5,NA,2,034,NATIONAL TRAILS HIGHWAY,MURPHEY COMPANY ROAD,26400,E,N,A,-,N,NA,NA,NA,NA,NA,NA,NA,NA,NA,Y,3,0,1,1,A,-,08,22107,NA,N,F,J,A,A,H,-,D,D,0,NA,NA,NA,NA,Y,NA,A,01,0,1,0,0,0,0,0,0,0,-,-,34.750648498535156,-117.29460906982422,SAN BERNARDINO,UNINCORPORATED,-117.23678588867188,34.79183578491211
91623808,2021,2021-11-15,9860,2021-11-03,0545,016800,NA,3,3,6,3604,0,1,1,NA,2,201,SR-210 W/B,SIERRA AVE,200,E,N,A,-,Y,NA,NA,210,NA,NA,NA,NA,NA,W,Y,3,0,3,4,A,-,03,22350,NA,F,C,C,A,A,H,-,C,D,0,NA,NA,NA,NA,Y,NA,D,22,0,3,0,0,0,0,0,0,0,-,-,34.136470794677734,-117.43514251708984,SAN BERNARDINO,FONTANA,-117.43514251708984,34.13648986816406
91626090,2021,2021-11-16,9860,2021-11-15,0835,014829,NA,1,1,9,3600,0,1,1,NA,2,152,I-15 S/B,CLEGHORN ROAD,1584,N,N,A,-,Y,NA,NA,15,NA,NA,NA,NA,NA,S,N,4,0,1,2,A,-,03,22350,NA,N,C,C,A,A,H,-,A,D,0,NA,NA,Y,NA,Y,NA,C,02,0,0,1,0,0,0,0,0,1,-,-,34.3029899597168,-117.46170043945313,SAN BERNARDINO,UNINCORPORATED,-117.46167755126952,34.30302429199219
91626851,2021,2021-11-17,9855,2021-11-07,1105,018313,NA,7,1,6,3604,0,1,1,NA,2,101,I-10 W/B (SAN BERNARDINO FWY),CITRUS AVE,350,W,N,A,-,Y,NA,NA,10,NA,NA,NA,NA,NA,W,Y,3,0,2,4,C,-,18,NA,NA,N,D,C,A,A,H,-,A,D,0,NA,NA,NA,Y,Y,NA,-,-,0,1,1,0,0,0,0,0,0,-,-,34.06671905517578,-117.45841979980467,SAN BERNARDINO,FONTANA,-117.45841979980467,34.06672668457031
9162720,2020,2020-10-26,3611,2020-07-06,1524,2297,3611,1,5,5,3611,0,0,0,NA,0,004,FOOTHILL BL,CAMPUS AV,270,E,N,A,-,N,NA,NA,NA,NA,NA,NA,NA,NA,NA,Y,4,0,1,2,A,-,03,22350,NA,N,C,C,A,A,H,-,A,D,0,NA,NA,NA,NA,Y,NA,A,01,0,0,1,0,0,0,0,0,0,-,-,NA,NA,SAN BERNARDINO,UPLAND,-117.64076232910156,34.10688018798828
91628103,2021,2021-12-03,9860,2021-11-14,1715,020774,NA,7,2,9,3600,0,1,1,NA,2,151,I-15 S/B,CLEGHORN RD,6600,S,N,A,-,Y,NA,NA,15,NA,NA,NA,NA,NA,S,N,4,0,1,2,A,-,03,22350,NA,N,C,C,A,A,H,-,B,D,0,NA,NA,NA,NA,Y,NA,D,22,0,0,1,0,0,0,0,0,0,-,-,34.2841796875,-117.45211029052734,SAN BERNARDINO,UNINCORPORATED,-117.45221710205078,34.28418731689453
91629865,2021,2021-11-19,9855,2021-11-05,1534,019732,NA,5,2,6,3607,0,1,1,NA,2,103,I-10 E/B (SAN BERNARDINO FWY),VINEYARD AVE.,200,W,N,A,-,Y,NA,NA,NA,NA,NA,NA,NA,NA,NA,N,3,0,1,3,A,-,03,22350,NA,N,C,C,A,A,D,-,A,D,0,NA,NA,NA,NA,Y,NA,D,22,0,1,0,0,0,0,0,0,0,-,-,NA,NA,SAN BERNARDINO,ONTARIO,-117.61141204833984,34.070648193359375
91635932,2021,2021-11-29,9860,2021-10-09,2220,021229,NA,6,3,9,3600,0,3,5,NA,2,002,PACIFIC ST,GLASGOW AVE,100,E,N,A,-,N,NA,NA,NA,NA,NA,NA,NA,NA,NA,Y,4,0,1,4,A,-,08,22107,NA,N,C,E,A,A,H,-,C,D,0,NA,NA,NA,NA,Y,NA,A,01,0,0,1,0,0,0,0,0,0,-,-,34.1285514831543,-117.25415802001952,SAN BERNARDINO,UNINCORPORATED,-117.25420379638672,34.128597259521484
91635985,2021,2021-11-29,9860,2021-11-16,0725,019495,NA,2,1,9,3600,0,3,5,NA,2,002,DUFFY ST.,OGDEN ST.,0,NA,Y,A,-,N,NA,NA,NA,NA,NA,NA,NA,NA,NA,Y,4,0,1,2,A,-,09,21802,A,N,D,C,A,A,H,-,A,A,0,NA,NA,NA,NA,Y,NA,A,01,0,0,1,0,0,0,0,0,0,-,-,34.15782928466797,-117.34425354003906,SAN BERNARDINO,UNINCORPORATED,-117.3441925048828,34.157798767089844
91637510,2021,2021-11-29,9860,2021-11-15,1555,019062,NA,1,2,4,3603,0,1,1,NA,2,214,I-215 N/B,IOWA AVE.,528,N,N,A,-,Y,NA,NA,215,NA,NA,NA,NA,NA,N,Y,4,0,1,4,A,-,03,22350,NA,N,C,D,A,A,H,-,A,D,0,NA,NA,NA,NA,Y,NA,A,08,0,0,1,0,0,0,0,0,0,-,-,34.02545928955078,-117.33394622802734,SAN BERNARDINO,COLTON,-117.33396911621094,34.02547836303711