CASE_ID,ACCIDENT_YEAR,PROC_DATE,JURIS,COLLISION_DATE,COLLISION_TIME,OFFICER_ID,REPORTING_DISTRICT,DAY_OF_WEEK,CHP_SHIFT,POPULATION,CNTY_CITY_LOC,SPECIAL_COND,BEAT_TYPE,CHP_BEAT_TYPE,CITY_DIVISION_LAPD,CHP_BEAT_CLASS,BEAT_NUMBER,PRIMARY_RD,SECONDARY_RD,DISTANCE,DIRECTION,INTERSECTION,WEATHER_1,WEATHER_2,STATE_HWY_IND,CALTRANS_COUNTY,CALTRANS_DISTRICT,STATE_ROUTE,ROUTE_SUFFIX,POSTMILE_PREFIX,POSTMILE,LOCATION_TYPE,RAMP_INTERSECTION,SIDE_OF_HWY,TOW_AWAY,COLLISION_SEVERITY,NUMBER_KILLED,NUMBER_INJURED,PARTY_COUNT,PRIMARY_COLL_FACTOR,PCF_CODE_OF_VIOL,PCF_VIOL_CATEGORY,PCF_VIOLATION,PCF_VIOL_SUBSECTION,HIT_AND_RUN,TYPE_OF_COLLISION,MVIW,PED_ACTION,ROAD_SURFACE,ROAD_COND_1,ROAD_COND_2,LIGHTING,CONTROL_DEVICE,CHP_ROAD_TYPE,PEDESTRIAN_ACCIDENT,BICYCLE_ACCIDENT,MOTORCYCLE_ACCIDENT,TRUCK_ACCIDENT,NOT_PRIVATE_PROPERTY,ALCOHOL_INVOLVED,STWD_VEHTYPE_AT_FAULT,CHP_VEHTYPE_AT_FAULT,COUNT_SEVERE_INJ,COUNT_VISIBLE_INJ,COUNT_COMPLAINT_PAIN,COUNT_PED_KILLED,COUNT_PED_INJURED,COUNT_BICYCLIST_KILLED,COUNT_BICYCLIST_INJURED,COUNT_MC_KILLED,COUNT_MC_INJURED,PRIMARY_RAMP,SECONDARY_RAMP,LATITUDE,LONGITUDE,COUNTY,CITY,POINT_X,POINT_Y
94732424,2025,2025-06-19,9860,2025-06-09,1930,022617,NA,1,2,4,3603,0,1,1,NA,2,103,I-10 E/B,LA CADENA DR,260,W,N,A,-,Y,SBD,NA,10,NA,R,22.568,H,NA,R,N,4,0,1,2,A,-,08,22107,NA,F,B,2,A,A,H,-,A,D,0,NA,NA,NA,NA,Y,NA,A,01,0,0,1,0,0,0,0,0,0,-,-,34.06608963012695,-117.32544708251952,SAN BERNARDINO,COLTON,-117.32545471191406,34.06608200073242
94736155,2025,2025-06-23,9855,2025-01-25,120,023630,NA,6,3,5,3611,0,1,1,NA,2,103,INTERSTATE 10 WESTBOUND  (SAN BERNARDINO FWY),SULTANA AVENUE,187,W,N,A,-,Y,SBD,NA,10,NA,NA,3.711,H,NA,L,N,1,1,0,2,A,-,11,21954,A,N,G,B,E,A,H,-,D,A,0,Y,NA,NA,NA,Y,NA,N,60,0,0,0,1,0,0,0,0,0,-,-,34.08742141723633,-117.64691162109376,SAN BERNARDINO,UPLAND,-117.64691162109376,34.08747863769531
94738628,2025,2025-06-25,9860,2025-06-17,1635,016575,NA,2,2,5,3609,0,1,1,NA,2,102,I-10 E/B,RIVERSIDE AVE.,2880,W,N,A,-,Y,SBD,NA,10,NA,NA,19.413,H,NA,R,Y,3,0,2,2,A,-,07,21658,A,N,C,C,A,A,H,-,A,D,0,NA,NA,NA,NA,Y,NA,A,01,0,1,1,0,0,0,0,0,0,-,-,34.06827163696289,-117.38002777099608,SAN BERNARDINO,RIALTO,-117.38003540039063,34.06832504272461
94739071,2025,2025-06-25,9860,2025-06-12,248,022617,NA,4,3,9,3600,0,3,5,NA,2,004,AGUA MANSA RD,EL RIVINO RD,0,NA,Y,A,-,N,NA,NA,NA,NA,NA,NA,NA,NA,NA,Y,4,0,1,2,A,-,12,22450,A,F,D,C,A,A,H,-,D,A,0,NA,NA,NA,NA,Y,NA,A,07,0,0,1,0,0,0,0,0,0,-,-,34.03374099731445,-117.37203216552734,SAN BERNARDINO,UNINCORPORATED,-117.37198638916016,34.033653259277344
9474019,2022,2022-09-19,3610,2022-07-25,1630,51391,NA,1,5,6,3610,0,0,0,NA,0,POLICE,W 16TH ST,E ST,42,N,N,A,-,N,NA,NA,NA,NA,NA,NA,NA,NA,NA,Y,4,0,1,2,A,-,09,21801,A,N,D,C,A,A,H,-,A,D,0,NA,NA,Y,NA,Y,Y,A,01,0,0,1,0,0,0,0,0,1,-,-,NA,NA,SAN BERNARDINO,SAN BERNARDINO,-117.2941665649414,34.1285514831543
9474025,2022,2022-08-25,3610,2022-07-18,1536,51041,NA,1,5,6,3610,0,0,0,NA,0,POLICE,E RIALTO AV,S LENA RD,85,E,N,A,-,N,NA,NA,NA,NA,NA,NA,NA,NA,NA,Y,3,0,1,2,A,-,09,21804,A,N,B,C,A,A,H,-,A,D,0,NA,NA,Y,NA,Y,NA,A,01,0,1,0,0,0,0,0,0,1,-,-,34.10145950317383,-117.2678680419922,SAN BERNARDINO,SAN BERNARDINO,-117.2676010131836,34.10145950317383
94743756,2025,2025-06-30,9850,2025-05-31,315,023165,NA,6,3,5,3612,0,1,1,NA,2,081,I-15 N/B,OAK HILL ROAD,1320,N,N,A,-,Y,SBD,NA,15,NA,R,28.942,H,NA,R,Y,4,0,3,2,A,-,01,23152,A,N,C,C,A,A,H,-,D,D,0,NA,NA,NA,NA,Y,Y,A,01,0,0,3,0,0,0,0,0,0,-,-,34.365909576416016,-117.42983245849608,SAN BERNARDINO,VICTORVILLE,-117.42982482910156,34.36590576171875
9474560,2022,2022-08-01,3600,2022-06-06,0750,I8688,NA,1,5,5,3612,0,0,0,NA,0,VC3,BEAR VALLEY RD,INDUSTRIAL BL,646,E,N,A,-,N,NA,NA,NA,NA,NA,NA,NA,NA,NA,Y,3,0,1,2,A,-,05,21651,A,N,A,-,A,A,H,-,A,A,0,NA,NA,NA,NA,Y,NA,A,01,0,1,0,0,0,0,0,0,0,-,-,34.471160888671875,-117.2828369140625,SAN BERNARDINO,VICTORVILLE,-117.28076171875,34.47124099731445
9474576,2022,2022-07-06,3610,2022-05-20,1715,51324,NA,5,5,6,3610,0,0,0,NA,0,CHARLI,EAST HIGHLAND AV,N HARRISON ST,0,NA,Y,A,-,N,NA,NA,NA,NA,NA,NA,NA,NA,NA,Y,3,0,2,2,A,-,09,21801,A,N,F,C,A,A,H,-,A,A,0,NA,NA,NA,NA,Y,NA,A,01,0,1,1,0,0,0,0,0,0,-,-,34.13587951660156,-117.26468658447266,SAN BERNARDINO,SAN BERNARDINO,-117.26468658447266,34.135894775390625
94745788,2025,2025-07-01,9855,2025-05-17,1018,021838,NA,6,1,5,3611,0,1,1,NA,2,101,I-10 E/B (SAN BERNARDINO FWY),MOUNTAIN AVE,1584,W,N,A,-,Y,SBD,NA,10,NA,NA,1.935,H,NA,R,Y,3,0,2,2,A,-,07,21658,A,N,B,C,A,A,H,-,A,D,0,NA,NA,NA,Y,Y,NA,A,01,0,2,0,0,0,0,0,0,0,-,-,34.087120056152344,-117.67796325683594,SAN BERNARDINO,UPLAND,-117.67796325683594,34.08714294433594
9475033,2022,2022-07-15,3608,2022-06-06,0723,3675,NA,1,5,5,3608,0,0,0,NA,0,NA,UNIVERSITY ST,PARK AV,162,S,N,A,-,N,NA,NA,NA,NA,NA,NA,NA,NA,NA,Y,4,0,2,2,A,-,09,21804,A,N,D,C,A,A,H,-,A,A,0,NA,NA,NA,NA,Y,NA,A,01,0,0,2,0,0,0,0,0,0,-,-,NA,NA,SAN BERNARDINO,REDLANDS,-117.32753753662108,34.17843246459961
94752212,2025,2025-07-07,9855,2025-06-24,437,023529,NA,2,3,6,3616,0,1,1,NA,2,152,I-15 S/B (ONTARIO FWY),FOURTH ST,580,N,N,A,-,Y,SBD,NA,15,NA,NA,3.985,H,NA,L,Y,4,0,1,1,A,-,08,22107,NA,N,E,I,A,A,D,-,B,D,0,NA,NA,NA,NA,Y,NA,A,07,0,0,1,0,0,0,0,0,0,-,-,34.09056091308594,-117.54460144042967,SAN BERNARDINO,RANCHO CUCAMONGA,-117.5444793701172,34.09054183959961
94753897,2025,2025-07-08,9835,2025-06-28,350,022787,NA,6,3,9,3600,0,1,1,NA,2,070,I-15 N/B,HODGE ROAD,9821,N,N,A,-,Y,SBD,NA,15,NA,NA,62.019,H,NA,R,Y,3,0,2,3,A,-,03,22350,NA,N,C,C,A,A,H,-,D,D,0,NA,NA,Y,NA,Y,NA,A,01,0,2,0,0,0,0,0,0,1,-,-,34.77212142944336,-117.1433334350586,SAN BERNARDINO,UNINCORPORATED,-117.14311981201172,34.771942138671875
94754845,2025,2025-07-09,9860,2025-06-27,1320,020654,NA,5,1,4,3640,0,1,1,NA,2,106,I-10 W/B,YUCAIPA BLVD,380,E,N,A,-,Y,SBD,NA,10,NA,NA,35.577,H,NA,L,N,3,0,2,2,A,-,08,22107,NA,N,B,C,A,A,H,-,A,D,0,NA,NA,NA,NA,Y,NA,D,22,0,1,1,0,0,0,0,0,0,-,-,34.02634811401367,-117.1181182861328,SAN BERNARDINO,YUCAIPA,-117.1181182861328,34.02635192871094
9475535,2022,2022-07-12,3610,2022-05-23,1400,51325,NA,1,5,6,3610,0,0,0,NA,0,DAVID,N E ST,W 9TH ST,0,NA,Y,A,-,N,NA,NA,NA,NA,NA,NA,NA,NA,NA,Y,3,0,1,2,A,-,12,21453,A,N,D,C,A,A,H,-,A,A,0,NA,NA,NA,NA,Y,NA,A,01,0,1,0,0,0,0,0,0,0,-,-,NA,NA,SAN BERNARDINO,SAN BERNARDINO,-117.2941665649414,34.115760803222656
94757507,2025,2025-07-11,9855,2025-07-04,535,018313,NA,5,3,6,3604,0,1,1,NA,2,201,SR-210 E/B (FOOTHILL FWY),CHERRY AVE,200,E,N,A,-,Y,SBD,NA,210,NA,NA,11.98,H,NA,R,Y,3,0,1,1,A,-,08,22107,NA,N,E,I,A,A,H,-,B,D,0,NA,NA,NA,NA,Y,NA,A,01,0,1,0,0,0,0,0,0,0,-,-,34.136348724365234,-117.48751068115234,SAN BERNARDINO,FONTANA,-117.48751068115234,34.13626480102539
94758286,2025,2025-10-02,9860,2025-07-01,1710,022875,NA,2,2,4,3603,0,1,1,NA,2,218,I-215 S/B,BARTON RD,2100,N,N,A,-,Y,SBD,NA,215,NA,NA,1.709,H,NA,L,N,3,0,1,3,A,-,03,22350,NA,N,C,C,A,A,H,-,A,D,0,NA,NA,NA,NA,Y,NA,A,07,0,1,0,0,0,0,0,0,0,-,-,34.038089752197266,-117.32023620605467,SAN BERNARDINO,COLTON,-117.32029724121094,34.03813934326172
94761849,2025,2025-07-15,9855,2025-07-05,447,022840,NA,6,3,5,3630,0,1,3,NA,2,071,SR-71 N/B TO SOQUEL CANYON PARKWAY,SOQUEL CANYON PARKWAY,10,S,N,A,-,Y,NA,NA,NA,NA,NA,NA,NA,NA,NA,Y,4,0,2,2,A,-,08,22107,NA,N,D,C,A,A,H,-,C,A,0,NA,NA,NA,NA,Y,NA,A,01,0,0,2,0,0,0,0,0,0,-,-,33.968788146972656,-117.68901824951172,SAN BERNARDINO,CHINO HILLS,-117.68952941894533,33.96794128417969
94763584,2025,2025-07-16,9870,2025-07-10,1700,017675,NA,4,2,9,3600,0,3,5,NA,2,001,PIONEERTOWN ROAD,SKYLINERANCH ROAD,2112,S,N,A,-,N,NA,NA,NA,NA,NA,NA,NA,NA,NA,N,3,0,1,1,A,-,08,22107,NA,N,E,J,A,A,H,-,A,D,0,NA,NA,NA,NA,Y,Y,-,-,0,1,0,0,0,0,0,0,0,-,-,34.148189544677734,-116.48123168945313,SAN BERNARDINO,UNINCORPORATED,-116.48374938964844,34.150672912597656
94765644,2025,2025-07-17,9855,2025-07-16,540,018313,NA,3,3,5,3602,0,1,3,NA,2,603,SR-60 W/B (POMONA FWY),RAMONA AVE,1800,E,N,A,-,Y,SBD,NA,60,NA,R,1.765,H,NA,L,N,4,0,1,2,A,-,03,22350,NA,N,C,C,A,A,H,-,A,D,0,NA,NA,NA,NA,Y,NA,A,01,0,0,1,0,0,0,0,0,0,-,-,34.03028869628906,-117.69991302490234,SAN BERNARDINO,CHINO,-117.69991302490234,34.03028869628906
94766677,2025,2025-07-17,9855,2025-07-16,1650,020216,NA,3,2,6,3604,0,1,1,NA,2,201,SR-210 W/B (FOOTHILL FWY),CITRUS AVE.,500,E,N,A,-,Y,SBD,NA,210,NA,NA,14.031,H,NA,L,N,4,0,1,2,A,-,03,22350,NA,N,C,C,A,A,H,-,A,D,0,NA,NA,NA,NA,Y,NA,A,01,0,0,1,0,0,0,0,0,0,-,-,34.13648986816406,-117.45173645019533,SAN BERNARDINO,FONTANA,-117.45173645019533,34.13649368286133
94767931,2025,2025-07-18,9835,2025-07-10,402,024405,NA,4,3,9,3600,0,1,1,NA,2,070,I-15 N/B,WILD WASH RD,2059,N,N,A,-,Y,SBD,NA,15,NA,NA,56.348,H,NA,R,Y,3,0,1,2,A,-,03,22350,NA,N,C,C,A,A,H,-,D,D,0,NA,NA,NA,NA,Y,NA,A,01,0,1,0,0,0,0,0,0,0,-,-,34.706729888916016,-117.20242309570313,SAN BERNARDINO,UNINCORPORATED,-117.2024383544922,34.70673751831055
9476811,2022,2022-08-30,3610,2022-06-11,1920,51269,NA,6,5,6,3610,0,0,0,NA,0,POLICE,W 40TH,N GENEVIEVE ST,0,NA,Y,A,-,N,NA,NA,NA,NA,NA,NA,NA,NA,NA,N,3,0,1,2,A,-,10,21950,A,N,G,B,B,A,H,-,A,A,0,Y,NA,NA,NA,Y,NA,A,01,0,1,0,0,1,0,0,0,0,-,-,34.16490936279297,-117.28726196289063,SAN BERNARDINO,SAN BERNARDINO,-117.2861785888672,34.16490936279297
9476818,2022,2022-07-19,3610,2022-06-18,1825,51264,NA,6,5,6,3610,0,0,0,NA,0,POLICE,E HARRIMAN PL,S TIPPECANOE AV,0,NA,Y,A,-,N,NA,NA,NA,NA,NA,NA,NA,NA,NA,Y,4,0,5,3,A,-,12,21453,A,N,A,C,A,A,H,-,C,A,0,NA,NA,NA,NA,Y,NA,A,01,0,0,5,0,0,0,0,0,0,-,-,NA,NA,SAN BERNARDINO,SAN BERNARDINO,-117.2612762451172,34.066673278808594
94770109,2025,2025-07-21,9855,2025-07-11,1015,021926,NA,5,1,4,3605,0,1,1,NA,2,103,I-10 W/B (SAN BERNARDINO FWY),MOUNTAIN AVE.,1100,E,N,A,-,Y,SBD,NA,10,NA,NA,2.621,H,NA,L,N,3,0,1,2,A,-,03,22350,NA,N,C,C,A,A,H,-,A,D,0,NA,NA,NA,Y,Y,NA,F,27,0,1,0,0,0,0,0,0,0,-,-,34.0871696472168,-117.66596221923828,SAN BERNARDINO,MONTCLAIR,-117.66596221923828,34.08742141723633
94772285,2025,2025-07-22,9860,2025-07-14,742,022539,NA,1,1,4,3603,0,1,1,NA,2,214,I-215 S/B,I-10,1584,S,N,A,-,Y,SBD,NA,215,NA,NA,3.706,H,NA,L,Y,3,0,4,4,A,-,03,22350,NA,N,C,C,A,A,H,-,A,D,0,NA,NA,NA,NA,Y,NA,A,07,0,1,3,0,0,0,0,0,0,-,-,34.059261322021484,-117.29772186279295,SAN BERNARDINO,COLTON,-117.29782104492188,34.05927276611328
94774283,2025,2025-07-23,9850,2025-07-14,1940,022386,NA,1,2,9,3600,0,3,5,NA,2,001,CUMBERLAND WAY,TAMARISK RD,42,W,N,A,-,N,NA,NA,NA,NA,NA,NA,NA,NA,NA,N,3,0,1,2,A,-,08,22107,NA,F,G,B,E,A,H,-,A,D,0,Y,NA,NA,NA,Y,NA,A,01,0,1,0,0,1,0,0,0,0,-,-,34.48796844482422,-117.27266693115234,SAN BERNARDINO,UNINCORPORATED,-117.27260589599608,34.48799133300781
94774383,2025,2025-07-23,9850,2025-07-13,345,024269,NA,7,3,5,3619,0,1,1,NA,2,082,I-15 N/B,MAIN ST,7339,N,N,A,-,Y,SBD,NA,15,NA,NA,35.416,H,NA,R,Y,3,0,1,1,A,-,08,22107,NA,N,E,I,A,A,H,-,D,D,0,NA,NA,NA,NA,Y,NA,A,01,0,1,0,0,0,0,0,0,0,-,-,34.443809509277344,-117.36666107177734,SAN BERNARDINO,HESPERIA,-117.3668212890625,34.44389343261719
94777535,2025,2025-07-25,9850,2025-07-21,2150,022494,NA,1,2,9,3600,0,3,5,NA,2,005,LUNA RD,DEL GADO,200,W,N,A,-,Y,NA,NA,NA,NA,NA,NA,NA,NA,NA,N,4,0,1,1,A,-,08,22107,NA,N,E,I,A,A,H,-,D,D,0,NA,NA,NA,NA,Y,NA,A,07,0,0,1,0,0,0,0,0,0,-,-,34.49214172363281,-117.34332275390624,SAN BERNARDINO,UNINCORPORATED,-117.3432846069336,34.49225616455078
94778036,2025,2025-07-28,9860,2025-04-13,200,023234,NA,7,3,5,3609,0,1,1,NA,2,102,I-10 W/B,RIVERSIDE AVE,2579,E,N,A,-,Y,SBD,NA,10,NA,NA,20.474,H,NA,L,N,4,0,1,3,A,-,01,23152,A,N,B,C,A,A,H,-,D,D,0,NA,NA,NA,NA,Y,Y,-,-,0,0,1,0,0,0,0,0,0,-,-,34.06898880004883,-117.36155700683594,SAN BERNARDINO,RIALTO,-117.36155700683594,34.068992614746094
94784511,2025,2025-07-31,9855,2025-07-28,558,020216,NA,1,3,6,3616,0,1,1,NA,2,203,SR-210 W/B (FOOTHILL FWY),DAY CREEK BLVD.,800,W,N,A,-,Y,SBD,NA,210,NA,NA,8.983,H,NA,L,Y,2,0,1,3,A,-,07,21658,A,F,B,C,A,A,H,-,A,D,0,NA,NA,Y,NA,Y,NA,-,99,1,0,0,0,0,0,0,0,1,-,-,34.136619567871094,-117.53983306884766,SAN BERNARDINO,RANCHO CUCAMONGA,-117.53983306884766,34.13665008544922
94784820,2025,2025-07-31,9860,2025-07-22,835,022719,NA,2,1,4,3603,0,1,1,NA,2,103,I-10 E/B,WATERMAN AVE.,2665,W,N,A,-,Y,SBD,NA,10,NA,NA,24.737,H,NA,R,N,4,0,1,2,A,-,07,21658,A,N,B,C,A,A,H,-,A,D,0,NA,NA,NA,NA,Y,NA,A,07,0,0,1,0,0,0,0,0,0,-,-,34.06336975097656,-117.28804779052734,SAN BERNARDINO,COLTON,-117.28805541992188,34.06344223022461
9478485,2022,2022-08-03,3604,2022-06-28,0858,1138,3604,2,5,6,3604,0,0,0,NA,0,001,AUGUSTA DR,MUIRFIELD LN,0,NA,Y,A,-,N,NA,NA,NA,NA,NA,NA,NA,NA,NA,N,4,0,1,2,A,-,09,21802,A,N,D,C,A,A,H,-,A,A,0,NA,NA,NA,Y,Y,NA,I,09,0,0,1,0,0,0,0,0,0,-,-,NA,NA,SAN BERNARDINO,FONTANA,-117.45220184326172,34.144405364990234
94786270,2025,2025-08-01,9855,2025-07-30,1319,018313,NA,3,1,5,3602,0,1,3,NA,2,603,SR-60 W/B (POMONA FWY),PIPELINE AVE,735,W,N,A,-,Y,SBD,NA,60,NA,R,0.77,H,NA,L,Y,4,0,2,2,A,-,07,21658,A,N,C,C,A,A,D,-,A,D,0,NA,NA,NA,NA,Y,NA,D,22,0,0,2,0,0,0,0,0,0,-,-,34.028690338134766,-117.7170181274414,SAN BERNARDINO,CHINO,-117.71701049804688,34.02867126464844
94786525,2025,2025-08-01,9855,2025-08-01,845,018313,NA,5,1,9,3600,0,1,3,NA,1,011,ELM AVE,MERRILL AVE,0,NA,Y,A,-,N,NA,NA,NA,NA,NA,NA,NA,NA,NA,N,4,0,1,2,A,-,09,21802,A,N,D,C,A,A,H,-,A,A,0,NA,NA,NA,NA,Y,NA,D,22,0,0,1,0,0,0,0,0,0,-,-,34.09204864501953,-117.46678924560548,SAN BERNARDINO,UNINCORPORATED,-117.4667510986328,34.092037200927734
9478745,2022,2022-08-11,3604,2022-07-05,1404,1409,NA,2,5,6,3604,0,0,0,NA,0,003,CITRUS AV,FOOTHILL,435,S,N,A,-,N,NA,NA,NA,NA,NA,NA,NA,NA,NA,Y,3,0,1,1,A,-,03,22350,NA,N,A,I,A,A,D,-,A,D,0,NA,NA,NA,NA,Y,NA,A,01,0,1,0,0,0,0,0,0,0,-,-,NA,NA,SAN BERNARDINO,FONTANA,-117.45362854003906,34.1053581237793
94787468,2025,2025-08-04,9860,2025-07-23,2004,022347,NA,3,2,9,3600,0,3,5,NA,2,002,STERLING AVENUE,DATE STREET,8,S,N,A,-,N,NA,NA,NA,NA,NA,NA,NA,NA,NA,N,3,0,2,3,A,-,10,21950,A,N,G,B,B,A,H,-,B,A,0,Y,NA,NA,NA,Y,NA,A,07,0,2,0,0,2,0,0,0,0,-,-,34.14120864868164,-117.24375915527344,SAN BERNARDINO,UNINCORPORATED,-117.24369049072266,34.14127731323242
94788738,2025,2025-08-04,9865,2025-07-26,40,023931,NA,6,3,9,3600,0,1,3,NA,1,010,SR-18,MORMON SPRINGS RD,2112,S,N,A,-,Y,SBD,NA,18,NA,R,16.763,H,NA,R,Y,4,0,1,1,A,-,08,22107,NA,N,A,I,A,A,H,-,D,D,0,NA,NA,NA,NA,Y,NA,A,01,0,0,1,0,0,0,0,0,0,-,-,34.229339599609375,-117.29768371582033,SAN BERNARDINO,UNINCORPORATED,-117.29764556884766,34.22924041748047
94788852,2025,2025-08-04,9865,2025-08-01,1150,019929,NA,5,1,9,3600,0,1,3,NA,1,039,SR-38,38SBD30.98,400,W,N,A,-,Y,SBD,NA,38,NA,NA,30.891,H,NA,R,N,3,0,1,1,A,-,08,22107,NA,N,E,I,A,A,H,-,A,D,0,NA,NA,NA,NA,Y,NA,D,22,0,1,0,0,0,0,0,0,0,-,-,34.17063903808594,-116.82723236083984,SAN BERNARDINO,UNINCORPORATED,-116.82723236083984,34.17063522338867
94791836,2025,2025-08-06,9850,2025-07-26,1050,022591,NA,6,1,9,3600,0,2,4,NA,2,066,SR-138 E/B,GREEN RD,20,W,N,A,-,Y,SBD,NA,138,NA,NA,2.872,H,NA,R,Y,4,0,3,2,A,-,03,22350,NA,N,C,C,A,A,H,-,A,A,0,NA,NA,NA,NA,Y,NA,D,22,0,0,3,0,0,0,0,0,0,-,-,34.42644119262695,-117.61981201171876,SAN BERNARDINO,UNINCORPORATED,-117.61978149414063,34.42647933959961
94792227,2025,2025-08-06,9835,2025-07-28,1255,023742,NA,1,1,9,3600,0,1,1,NA,2,073,I-15 S/B,MPM 110.00,100,S,N,A,-,Y,SBD,NA,15,NA,R,111.003,H,NA,L,N,4,0,2,2,A,-,03,22350,NA,N,C,C,A,A,H,-,A,D,0,NA,NA,NA,NA,Y,NA,A,07,0,0,2,0,0,0,0,0,0,-,-,35.065738677978516,-116.42064666748048,SAN BERNARDINO,UNINCORPORATED,-116.420654296875,35.06574249267578
94794085,2025,2025-08-07,9860,2025-07-29,1725,022875,NA,2,2,5,3608,0,1,1,NA,2,104,I-10 W/B,TEXAS ST,570,W,N,A,-,Y,SBD,NA,10,NA,NA,30.263,H,NA,L,N,3,0,1,2,A,-,08,22107,NA,N,B,C,A,A,H,-,A,D,0,NA,NA,NA,NA,Y,NA,-,-,0,1,0,0,0,0,0,0,0,-,-,34.06230163574219,-117.19345092773438,SAN BERNARDINO,REDLANDS,-117.19348907470705,34.06220245361328
94799396,2025,2025-08-12,9850,2025-08-05,1255,018211,NA,2,1,9,3600,0,1,3,NA,2,060,OASIS RD,RT 138,44,S,N,A,-,Y,SBD,NA,138,NA,NA,1.237,H,NA,R,Y,4,0,2,2,A,-,03,22350,NA,N,D,C,A,A,H,-,A,A,0,NA,NA,NA,NA,Y,NA,A,01,0,0,2,0,0,0,0,0,0,-,-,34.43996810913086,-117.64232635498048,SAN BERNARDINO,UNINCORPORATED,-117.64216613769533,34.44013977050781
94799629,2025,2025-08-12,9855,2025-06-16,1655,016146,NA,1,2,9,3600,0,3,5,NA,2,004,CENTRAL AVENUE,MAITLAND STREET,144,S,N,A,-,N,NA,NA,NA,NA,NA,NA,NA,NA,NA,N,4,0,1,3,A,-,01,23152,A,N,E,8,A,A,H,-,A,A,0,NA,NA,NA,NA,Y,Y,A,07,0,0,1,0,0,0,0,0,0,-,-,34.05323028564453,-117.68919372558594,SAN BERNARDINO,UNINCORPORATED,-117.68944549560548,34.053245544433594
94800793,2025,2025-08-13,9834,2025-08-10,2240,022422,NA,7,3,9,3600,0,1,1,NA,2,040,INTERSTATE 40 EASTBOUND,KELBAKER ROAD,29568,E,N,A,-,Y,SBD,NA,40,NA,R,83.826,H,NA,R,Y,4,0,1,1,A,-,08,22107,NA,N,F,0,A,A,H,-,D,D,0,NA,NA,NA,Y,Y,NA,G,25,0,0,1,0,0,0,0,0,0,-,-,34.7310905456543,-115.58026123046876,SAN BERNARDINO,UNINCORPORATED,-115.58026123046876,34.731117248535156
94801279,2025,2025-08-13,9860,2025-08-05,1210,022843,NA,2,1,4,3603,0,1,1,NA,2,214,I-215 N/B,WASHINGTON ST.,528,N,N,A,-,Y,SBD,NA,215,NA,NA,2.806,H,NA,R,Y,3,0,1,2,A,-,03,22350,NA,N,C,C,A,A,H,-,A,D,0,NA,NA,NA,Y,Y,NA,D,22,0,1,0,0,0,0,0,0,0,-,-,34.048641204833984,-117.30583953857422,SAN BERNARDINO,COLTON,-117.30589294433594,34.04869079589844
94804564,2025,2025-08-15,9855,2025-08-13,542,015919,NA,3,3,6,3604,0,1,1,NA,2,101,I-10 W/B (SAN BERNARDINO FWY),CHERRY AVENUE,1400,E,N,A,-,Y,SBD,NA,10,NA,NA,13.587,H,NA,L,Y,4,0,1,1,A,-,08,22107,NA,N,E,I,A,A,H,-,C,D,0,NA,NA,NA,NA,Y,NA,A,01,0,0,1,0,0,0,0,0,0,-,-,34.06618118286133,-117.4815673828125,SAN BERNARDINO,FONTANA,-117.4815673828125,34.066165924072266
94807550,2025,2025-08-18,9855,2025-08-07,1530,016146,NA,4,2,6,3607,0,1,3,NA,2,601,SR-60 E/B (POMONA FWY),GROVE AVENUE,1584,W,N,A,-,Y,SBD,NA,60,NA,R,5.572,H,NA,R,N,4,0,1,2,A,-,03,22350,NA,M,C,C,A,A,H,-,A,D,0,NA,NA,NA,NA,Y,NA,-,99,0,0,1,0,0,0,0,0,0,-,-,34.030311584472656,-117.63359832763672,SAN BERNARDINO,ONTARIO,-117.63359832763672,34.030391693115234
94807674,2025,2025-08-18,9855,2025-08-18,815,016590,NA,1,1,6,3616,0,1,1,NA,2,203,SR-210 W/B FROM ARCHIBALD AVE.,AMETHYST AVE.,527,E,N,A,-,Y,NA,NA,NA,NA,NA,NA,NA,NA,NA,Y,4,0,2,2,A,-,03,22350,NA,N,C,D,A,A,H,-,A,A,0,NA,NA,NA,NA,Y,NA,A,07,0,0,2,0,0,0,0,0,0,-,-,34.13544845581055,-117.59648895263672,SAN BERNARDINO,RANCHO CUCAMONGA,-117.59656524658205,34.13520050048828