CASE_ID,ACCIDENT_YEAR,PROC_DATE,JURIS,COLLISION_DATE,COLLISION_TIME,OFFICER_ID,REPORTING_DISTRICT,DAY_OF_WEEK,CHP_SHIFT,POPULATION,CNTY_CITY_LOC,SPECIAL_COND,BEAT_TYPE,CHP_BEAT_TYPE,CITY_DIVISION_LAPD,CHP_BEAT_CLASS,BEAT_NUMBER,PRIMARY_RD,SECONDARY_RD,DISTANCE,DIRECTION,INTERSECTION,WEATHER_1,WEATHER_2,STATE_HWY_IND,CALTRANS_COUNTY,CALTRANS_DISTRICT,STATE_ROUTE,ROUTE_SUFFIX,POSTMILE_PREFIX,POSTMILE,LOCATION_TYPE,RAMP_INTERSECTION,SIDE_OF_HWY,TOW_AWAY,COLLISION_SEVERITY,NUMBER_KILLED,NUMBER_INJURED,PARTY_COUNT,PRIMARY_COLL_FACTOR,PCF_CODE_OF_VIOL,PCF_VIOL_CATEGORY,PCF_VIOLATION,PCF_VIOL_SUBSECTION,HIT_AND_RUN,TYPE_OF_COLLISION,MVIW,PED_ACTION,ROAD_SURFACE,ROAD_COND_1,ROAD_COND_2,LIGHTING,CONTROL_DEVICE,CHP_ROAD_TYPE,PEDESTRIAN_ACCIDENT,BICYCLE_ACCIDENT,MOTORCYCLE_ACCIDENT,TRUCK_ACCIDENT,NOT_PRIVATE_PROPERTY,ALCOHOL_INVOLVED,STWD_VEHTYPE_AT_FAULT,CHP_VEHTYPE_AT_FAULT,COUNT_SEVERE_INJ,COUNT_VISIBLE_INJ,COUNT_COMPLAINT_PAIN,COUNT_PED_KILLED,COUNT_PED_INJURED,COUNT_BICYCLIST_KILLED,COUNT_BICYCLIST_INJURED,COUNT_MC_KILLED,COUNT_MC_INJURED,PRIMARY_RAMP,SECONDARY_RAMP,LATITUDE,LONGITUDE,COUNTY,CITY,POINT_X,POINT_Y
9507728,2022,2022-10-10,3600,2022-09-21,1236,G5408,AP008,3,5,5,3621,0,0,0,NA,0,AP3,BEAR VALLEY RD,KIOWA RD,514,W,N,A,-,N,NA,NA,NA,NA,NA,NA,NA,NA,NA,Y,4,0,1,2,A,-,05,21460,C,N,A,C,A,A,H,-,A,A,0,NA,NA,NA,NA,Y,NA,D,22,0,0,1,0,0,0,0,0,0,-,-,NA,NA,SAN BERNARDINO,APPLE VALLEY,-117.2094268798828,34.471431732177734
9507995,2022,2022-10-26,3600,2022-09-24,1724,B9547,HE202,6,5,5,3619,0,0,0,NA,0,HE2,I AV,WISTERIA ST,0,NA,Y,A,-,N,NA,NA,NA,NA,NA,NA,NA,NA,NA,Y,3,0,2,3,A,-,03,22350,NA,N,C,C,A,A,H,-,A,A,0,NA,NA,NA,NA,Y,NA,A,01,0,2,0,0,0,0,0,0,0,-,-,NA,NA,SAN BERNARDINO,HESPERIA,-117.27767944335938,34.44395446777344
9507999,2022,2022-10-26,3600,2022-09-25,1749,B9547,HE214,7,5,5,3619,0,0,0,NA,0,HE2,MAIN ST,PEACH AV,0,NA,Y,A,-,N,NA,NA,NA,NA,NA,NA,NA,NA,NA,Y,4,0,1,2,A,-,03,22350,NA,N,C,C,A,A,H,-,A,A,0,NA,NA,NA,NA,Y,NA,D,22,0,0,1,0,0,0,0,0,0,-,-,NA,NA,SAN BERNARDINO,HESPERIA,-117.26112365722656,34.41557693481445
9508054,2022,2022-11-07,3604,2022-09-16,0726,1086,NA,5,5,6,3604,0,0,0,NA,0,NA,MULBERRY AV,CHERRY AV,0,NA,Y,A,-,N,NA,NA,NA,NA,NA,NA,NA,NA,NA,Y,4,0,1,2,A,-,12,21453,A,N,D,C,A,A,H,-,A,A,0,NA,NA,NA,Y,Y,NA,G,25,0,0,1,0,0,0,0,0,0,-,-,NA,NA,SAN BERNARDINO,FONTANA,-117.50697326660156,34.03547286987305
9508156,2022,2022-10-21,3604,2022-09-07,1912,1163,NA,3,5,6,3604,0,0,0,NA,0,NA,ARROW BL,OLEANDER AV,375,W,N,A,-,N,NA,NA,NA,NA,NA,NA,NA,NA,NA,Y,3,0,1,2,A,-,08,22107,NA,N,C,E,A,A,H,-,A,D,0,NA,NA,NA,NA,Y,NA,A,01,0,1,0,0,0,0,0,0,0,-,-,NA,NA,SAN BERNARDINO,FONTANA,-117.45009613037108,34.099300384521484
9510024,2022,2022-12-19,3608,2022-11-11,0556,5205,RPD,5,5,5,3608,0,0,0,NA,0,NA,BARTON RD,NEVADA ST,193,E,N,A,-,N,NA,NA,NA,NA,NA,NA,NA,NA,NA,N,4,0,1,2,A,-,08,22107,NA,N,C,G,A,A,H,-,A,A,0,NA,Y,NA,NA,Y,Y,A,01,0,0,1,0,0,0,1,0,0,-,-,NA,NA,SAN BERNARDINO,REDLANDS,-117.21678161621094,34.04827117919922
9510748,2022,2023-11-17,3600,2022-11-24,0639,J2793,HE306,4,5,5,3619,0,0,0,NA,0,HE3,MAIN ST,TAMARISK AV,0,NA,Y,A,-,N,NA,NA,NA,NA,NA,NA,NA,NA,NA,Y,3,0,1,3,A,-,09,21801,A,N,E,-,A,A,H,-,C,D,0,NA,NA,NA,NA,Y,NA,A,01,0,1,0,0,0,0,0,0,0,-,-,NA,NA,SAN BERNARDINO,HESPERIA,-117.35096740722656,34.42676544189453
9510901,2022,2023-01-04,3600,2022-11-29,1152,I3985,HE404,2,5,5,3619,0,0,0,NA,0,HE4,C AV,JOSHUA ST,0,NA,Y,A,-,N,NA,NA,NA,NA,NA,NA,NA,NA,NA,Y,3,0,1,2,A,-,09,21802,A,N,A,C,A,A,H,-,A,A,0,NA,NA,NA,NA,Y,Y,A,07,0,1,0,0,0,0,0,0,0,-,-,NA,NA,SAN BERNARDINO,HESPERIA,-117.30088043212892,34.401859283447266
9511152,2022,2023-02-02,3600,2022-12-28,2025,H9747,VC002,3,5,5,3612,0,0,0,NA,0,VC1,MOJAVE DR,LA PAZ DR,645,E,N,A,-,N,NA,NA,NA,NA,NA,NA,NA,NA,NA,Y,4,0,1,2,A,-,08,22107,A,N,B,C,A,A,H,-,C,D,0,NA,NA,NA,NA,Y,NA,A,01,0,0,1,0,0,0,0,0,0,-,-,34.52894973754883,-117.31285095214844,SAN BERNARDINO,VICTORVILLE,-117.31073760986328,34.52897262573242
9511204,2022,2023-02-01,3600,2022-12-16,2012,G6721,AP021,5,5,5,3621,0,0,0,NA,0,AP4,KIOWA RD,CARIBOU AV,0,NA,Y,A,-,N,NA,NA,NA,NA,NA,NA,NA,NA,NA,Y,3,0,4,2,A,-,09,21802,A,N,D,C,A,A,H,-,D,D,0,NA,NA,NA,NA,Y,NA,A,07,0,3,1,0,0,0,0,0,0,-,-,NA,NA,SAN BERNARDINO,APPLE VALLEY,-117.20767974853516,34.4546012878418
9511277,2022,2023-02-04,3608,2022-12-13,1423,3675,NA,2,5,5,3608,0,0,0,NA,0,NA,ALMOND AV,MOUNTAIN VIEW AV,300,E,N,A,-,N,NA,NA,NA,NA,NA,NA,NA,NA,NA,Y,3,0,2,2,A,-,09,21801,A,N,B,C,A,A,H,-,A,A,0,NA,NA,NA,NA,Y,NA,A,01,0,2,0,0,0,0,0,0,0,-,-,NA,NA,SAN BERNARDINO,REDLANDS,-117.24264526367188,34.07427978515625
9511447,2022,2023-01-17,3600,2022-11-11,1813,H7621,AP008,5,5,5,3621,0,0,0,NA,0,AP3,BEAR VALLEY RD,KIOWA RD,460,W,N,A,-,N,NA,NA,NA,NA,NA,NA,NA,NA,NA,N,4,0,1,3,A,-,03,22350,NA,M,C,-,A,A,H,-,C,A,0,NA,NA,NA,NA,Y,NA,D,22,0,0,1,0,0,0,0,0,0,-,-,NA,NA,SAN BERNARDINO,APPLE VALLEY,-117.2092514038086,34.471431732177734
9511567,2022,2022-12-19,3600,2022-09-05,0357,H5846,VC013,1,5,5,3612,0,0,0,NA,0,VC03,BURNING TREE DR,KINGSWOOD DR,241,S,N,A,-,N,NA,NA,NA,NA,NA,NA,NA,NA,NA,Y,3,0,4,2,A,-,01,23152,NA,N,A,C,A,A,H,-,D,D,0,NA,NA,NA,NA,Y,Y,A,01,0,4,0,0,0,0,0,0,0,-,-,34.50355911254883,-117.32171630859376,SAN BERNARDINO,VICTORVILLE,-117.3217544555664,34.503700256347656
9511732,2022,2023-02-01,3600,2022-12-09,0714,F6899,HE306,5,5,5,3619,0,0,0,NA,0,HE3,MAIN ST,TOPAZ AV,0,NA,Y,A,-,N,NA,NA,NA,NA,NA,NA,NA,NA,NA,Y,2,0,1,2,A,-,11,21950,B,N,G,B,-,A,H,-,A,D,0,Y,NA,NA,NA,Y,NA,N,60,1,0,0,0,1,0,0,0,0,-,-,NA,NA,SAN BERNARDINO,HESPERIA,-117.35539245605467,34.426727294921875
9512314,2022,2022-11-28,3600,2022-07-19,0521,H6858,RC018,2,5,6,3616,0,0,0,NA,0,RC5,FOOTHILL BL,SPRUCE AV,0,NA,Y,A,-,N,NA,NA,NA,NA,NA,NA,NA,NA,NA,Y,4,0,1,2,A,-,11,21456,A,N,D,C,A,A,H,-,B,A,0,NA,NA,NA,NA,Y,NA,-,-,0,0,1,0,0,0,0,0,0,-,-,NA,NA,SAN BERNARDINO,RANCHO CUCAMONGA,-117.56692504882813,34.10639953613281
9513511,2022,2022-11-22,3610,2022-10-02,1056,50917,NA,7,5,6,3610,0,0,0,NA,0,POLICE,E REDLANDS BL,WATERMAN AV,8,N,N,A,-,Y,SBD,8,10,-,-,25.432,R,4,E,Y,3,0,1,2,A,-,12,21453,A,N,D,C,A,A,H,-,A,A,0,NA,NA,Y,NA,Y,NA,A,01,0,1,0,0,0,0,0,0,1,-,-,34.06304931640625,-117.2786865234375,SAN BERNARDINO,SAN BERNARDINO,-117.27590942382813,34.063899993896484
9513613,2023,2024-02-21,3600,2023-11-22,1559,H5821,HE129,3,5,5,3619,0,0,0,NA,0,HE5,MAIN ST,8TH AV,16,W,N,A,-,N,NA,NA,NA,NA,NA,NA,NA,NA,NA,N,3,0,1,2,A,-,12,22450,A,N,D,G,A,A,H,-,A,A,0,NA,Y,NA,NA,Y,NA,L,04,0,1,0,0,0,0,1,0,0,-,-,NA,NA,SAN BERNARDINO,HESPERIA,-117.31808471679688,34.42397689819336
9513621,2023,2024-02-21,3600,2023-11-06,1759,I8676,HE304,1,5,5,3619,0,0,0,NA,0,HE3,ESCONDIDO AV,MUSCATEL ST,166,N,N,A,-,N,NA,NA,NA,NA,NA,NA,NA,NA,NA,Y,4,0,1,3,A,-,03,22350,NA,N,C,C,A,A,H,-,C,A,0,NA,NA,NA,NA,Y,NA,A,07,0,0,1,0,0,0,0,0,0,-,-,NA,NA,SAN BERNARDINO,HESPERIA,-117.37285614013672,34.412635803222656
9513625,2023,2024-02-21,3600,2023-11-04,839,H5258,HER20,6,5,5,3619,0,0,0,NA,0,HE2,BEAR VALLEY RD,PEACH AV,0,NA,Y,A,-,N,NA,NA,NA,NA,NA,NA,NA,NA,NA,Y,3,0,1,2,A,-,09,21802,A,N,D,C,A,A,H,-,A,A,0,NA,NA,NA,NA,Y,NA,A,01,0,1,0,0,0,0,0,0,0,-,-,NA,NA,SAN BERNARDINO,HESPERIA,-117.26927947998048,34.47105407714844
9513894,2022,2022-11-04,3600,2022-10-16,2359,F8172,AP008,7,5,5,3619,0,0,0,NA,0,AP3,YUCCA LOMA RD,KIOWA RD,103,W,N,A,-,N,NA,NA,NA,NA,NA,NA,NA,NA,NA,N,4,0,1,1,A,-,03,22350,NA,N,E,I,A,A,H,-,C,A,0,NA,NA,NA,NA,Y,NA,J,48,0,0,1,0,0,0,0,0,0,-,-,34.500450134277344,-117.20732879638672,SAN BERNARDINO,HESPERIA,-117.20726013183594,34.5004997253418
9514450,2023,2024-02-22,3600,2023-10-10,1241,F5717,HE404,2,5,5,3619,0,0,0,NA,0,HE4,SULTANA ST,SANTA FE AV,31,E,N,A,-,N,NA,NA,NA,NA,NA,NA,NA,NA,NA,Y,4,0,1,1,A,-,05,21650,NA,N,E,I,A,A,H,-,A,A,0,NA,NA,NA,NA,Y,NA,A,01,0,0,1,0,0,0,0,0,0,-,-,34.41408920288086,-117.30296325683594,SAN BERNARDINO,HESPERIA,-117.30294799804688,34.41407012939453
9514653,2023,2024-03-01,3600,2023-11-14,1750,H5821,HE118,2,5,5,3619,0,0,0,NA,0,HE3,MAIN ST,RT 15,0,NA,Y,A,-,Y,SBD,8,15,-,-,33.978,R,4,N,N,4,0,1,3,A,-,08,22101,D,N,D,C,A,A,H,-,C,A,0,NA,NA,Y,NA,Y,NA,A,01,0,0,1,0,0,0,0,0,1,-,NF,NA,NA,SAN BERNARDINO,HESPERIA,-117.38043975830078,34.426490783691406
9516609,2022,2022-12-16,3610,2022-10-31,0546,51204,NA,1,5,6,3610,0,0,0,NA,0,ADAM,N PEPPER AV,W RI8ALTO AV,0,NA,Y,A,-,N,NA,NA,NA,NA,NA,NA,NA,NA,NA,Y,4,0,1,2,A,-,03,22350,NA,N,C,C,A,A,H,-,C,A,0,NA,NA,NA,NA,Y,NA,A,01,0,0,1,0,0,0,0,0,0,-,-,34.09952926635742,-117.35289001464844,SAN BERNARDINO,SAN BERNARDINO,-117.35289001464844,34.09953308105469
9517392,2022,2022-12-22,3600,2022-08-24,1143,F6913,RC038,3,5,6,3616,0,0,0,NA,0,004,BASE LINE RD,HELLMAN AV,260,E,N,A,-,N,NA,NA,NA,NA,NA,NA,NA,NA,NA,N,3,0,1,2,A,-,08,22100,A,N,B,G,A,A,H,-,A,D,0,NA,Y,NA,NA,Y,NA,A,01,0,1,0,0,0,0,1,0,0,-,-,NA,NA,SAN BERNARDINO,RANCHO CUCAMONGA,-117.60164642333984,34.12154006958008
9517608,2022,2023-02-06,3600,2022-12-05,2015,H8269,HI019,1,5,4,3618,0,0,0,NA,0,HI3,GREENSPOT RD,RT 210,75,E,N,A,-,Y,SBD,8,210,-,R,30.403,R,4,E,N,3,0,1,1,A,-,03,22350,NA,N,H,A,A,A,H,-,C,A,0,NA,NA,Y,NA,Y,NA,C,02,0,1,0,0,0,0,0,0,1,-,-,34.10791015625,-117.19937133789063,SAN BERNARDINO,HIGHLAND,-117.19930267333984,34.10566329956055
9517627,2022,2022-12-30,3604,2022-11-07,1631,802,NA,1,5,6,3604,0,0,0,NA,0,NA,CITRUS AV,HAWTHORNE AV,178,N,N,B,C,N,NA,NA,NA,NA,NA,NA,NA,NA,NA,N,4,0,2,3,A,-,03,22350,NA,N,C,C,A,B,H,-,C,A,0,NA,NA,NA,NA,Y,NA,A,01,0,0,2,0,0,0,0,0,0,-,-,NA,NA,SAN BERNARDINO,FONTANA,-117.45369720458984,34.08211898803711
9518228,2022,2023-02-03,3604,2022-12-09,1709,958,NA,5,5,6,3604,0,0,0,NA,0,NA,SIERRA AV,FOOTHILL RD,147,N,N,A,-,N,NA,NA,NA,NA,NA,NA,NA,NA,NA,N,4,0,1,2,A,-,03,22350,NA,N,C,C,A,A,H,-,A,D,0,NA,NA,NA,NA,Y,NA,D,22,0,0,1,0,0,0,0,0,0,-,-,NA,NA,SAN BERNARDINO,FONTANA,-117.435791015625,34.106964111328125
9518754,2023,2023-02-15,3600,2023-01-11,748,G9467,AP006,3,5,5,3621,0,0,0,NA,0,AP1,RANCHERIAS RD,TOMAHAWK RD,1125,N,N,A,-,N,NA,NA,NA,NA,NA,NA,NA,NA,NA,Y,3,0,1,1,A,-,08,22107,NA,N,E,I,A,A,H,-,A,D,0,NA,NA,NA,NA,Y,NA,A,07,0,1,0,0,0,0,0,0,0,-,-,NA,NA,SAN BERNARDINO,APPLE VALLEY,-117.22795104980467,34.52545166015625
9518931,2022,2023-03-08,3608,2022-12-26,0307,4523,3608,1,5,5,3608,0,0,0,NA,0,NA,SOUTH AV,FORD ST,728,E,N,A,-,N,NA,NA,NA,NA,NA,NA,NA,NA,NA,Y,4,0,1,4,A,-,07,21658,A,N,A,E,A,A,H,-,C,D,0,NA,NA,NA,NA,Y,NA,A,01,0,0,1,0,0,0,0,0,0,-,-,NA,NA,SAN BERNARDINO,REDLANDS,-117.15394592285156,34.03386306762695
9520078,2022,2022-12-06,3600,2022-08-11,2303,F9717,VC070,4,5,5,3612,0,0,0,NA,0,VC5,RT 395,LA MESA RD,0,NA,Y,A,-,Y,SBD,8,395,-,-,9.629,I,5,N,Y,1,1,2,2,A,-,12,21453,A,N,D,C,A,A,H,-,C,A,0,NA,NA,NA,NA,Y,NA,A,01,0,2,0,0,0,0,0,0,0,-,-,34.48495101928711,-117.39946746826172,SAN BERNARDINO,VICTORVILLE,-117.39949798583984,34.485015869140625
9520416,2022,2023-02-14,3610,2022-09-07,1938,50772,NA,3,5,6,3610,0,0,0,NA,0,ADAM,N STATE ST,WEST 16TH ST,40,N,N,A,-,N,NA,NA,NA,NA,NA,NA,NA,NA,NA,Y,1,1,0,2,A,-,11,21956,NA,N,G,B,D,A,H,-,A,D,0,Y,NA,NA,NA,Y,NA,N,60,0,0,0,1,0,0,0,0,0,-,-,34.12907028198242,-117.33545684814452,SAN BERNARDINO,SAN BERNARDINO,-117.33547973632813,34.129188537597656
9520425,2022,2023-03-24,3603,2022-11-07,0526,4861,CPD,1,5,4,3603,0,0,0,NA,0,004,CAHUILLA ST,MOHAVE DR,250,W,N,A,-,N,NA,NA,NA,NA,NA,NA,NA,NA,NA,Y,2,0,1,2,C,-,18,NA,NA,N,C,E,A,A,H,-,C,D,0,NA,NA,NA,NA,Y,NA,-,-,1,0,0,0,0,0,0,0,0,-,-,34.046390533447266,-117.2934799194336,SAN BERNARDINO,COLTON,-117.29193878173828,34.047210693359375
9520509,2023,2023-05-05,3610,2023-03-15,1944,50912,NA,3,5,6,3610,0,0,0,NA,0,NA,ALABAMA ST,E 3RD ST,1855,S,N,B,-,N,NA,NA,NA,NA,NA,NA,NA,NA,NA,Y,1,1,2,2,A,-,01,23152,A,N,A,C,A,B,H,-,C,D,0,NA,NA,NA,NA,Y,Y,A,01,1,0,1,0,0,0,0,0,0,-,-,NA,NA,SAN BERNARDINO,SAN BERNARDINO,NA,NA
9520715,2022,2023-07-10,3601,2022-07-09,0125,P24,BARST,6,5,3,3601,0,0,0,NA,0,PATROL,ARMORY RD,MONTEREY AV,0,NA,Y,A,-,N,NA,NA,NA,NA,NA,NA,NA,NA,NA,N,1,1,0,2,D,-,00,NA,NA,F,G,B,E,A,H,-,C,D,0,Y,NA,NA,NA,Y,NA,-,-,0,0,0,1,0,0,0,0,0,-,-,NA,NA,SAN BERNARDINO,BARSTOW,-117.01528167724608,34.88408279418945
9521065,2022,2022-10-31,3600,2022-09-27,1740,H5977,HE101,2,5,5,3619,0,0,0,NA,0,HE1,SEQUOIA ST,COTTONWOOD AV,127,W,N,A,-,N,NA,NA,NA,NA,NA,NA,NA,NA,NA,Y,3,0,1,2,A,-,08,22103,NA,N,D,C,A,A,H,-,A,D,0,NA,NA,Y,NA,Y,NA,A,01,0,1,0,0,0,0,0,0,0,-,-,NA,NA,SAN BERNARDINO,HESPERIA,-117.33910369873048,34.46870803833008
9521470,2022,2022-11-14,3608,2022-08-26,1703,3675,NA,5,5,5,3608,0,0,0,NA,0,NA,SUNSET DR,PANORAMA POINT,400,W,N,A,-,N,NA,NA,NA,NA,NA,NA,NA,NA,NA,N,2,0,1,2,A,-,03,22350,NA,N,C,E,A,A,H,-,A,A,0,NA,Y,NA,NA,Y,NA,L,04,1,0,0,0,0,0,1,0,0,-,-,NA,NA,SAN BERNARDINO,REDLANDS,-117.13173675537108,34.02680969238281
9522869,2022,2023-01-20,3601,2022-11-10,1319,P27,BARST,4,5,3,3601,0,0,0,NA,0,PATROL,AVENUE L,RT 15,0,NA,Y,A,-,Y,SBD,8,15,-,-,71.372,R,4,N,Y,3,0,2,2,A,-,12,21453,NA,N,D,C,A,A,H,-,A,A,0,NA,NA,NA,NA,Y,NA,D,23,0,1,1,0,0,0,0,0,0,-,NF,34.88418960571289,-117.05661010742188,SAN BERNARDINO,BARSTOW,-117.06053924560548,34.88368225097656
9523876,2022,2022-11-21,3608,2022-09-26,1719,5044,NA,1,5,5,3608,0,0,0,NA,0,NA,N DEARBORN ST,E COLTON AV,0,NA,Y,A,-,N,NA,NA,NA,NA,NA,NA,NA,NA,NA,Y,4,0,1,2,A,-,12,22450,A,N,D,C,A,A,H,-,A,A,0,NA,NA,NA,NA,Y,NA,A,07,0,0,1,0,0,0,0,0,0,-,-,34.06283950805664,-117.14756774902344,SAN BERNARDINO,REDLANDS,-117.14760589599608,34.06280517578125
9524163,2022,2022-12-29,3610,2022-11-11,0606,51224,NA,5,5,6,3610,0,0,0,NA,0,POLICE,W KENDALL DR,N 4TH AV,0,NA,Y,A,-,N,NA,NA,NA,NA,NA,NA,NA,NA,NA,Y,4,0,2,2,A,-,09,21801,A,N,A,C,A,A,H,-,A,D,0,NA,NA,NA,NA,Y,NA,A,01,0,0,2,0,0,0,0,0,0,-,-,34.16600036621094,-117.30921173095705,SAN BERNARDINO,SAN BERNARDINO,-117.30933380126952,34.166015625
9524738,2022,2022-12-12,3610,2022-10-19,1940,51153,NA,3,5,6,3610,0,0,0,NA,0,POLICE,E 3RD ST,NORTH WATERMAN AV,0,NA,Y,A,-,N,NA,NA,NA,NA,NA,NA,NA,NA,NA,Y,3,0,3,2,A,-,09,21801,B,N,A,C,A,A,H,-,C,A,0,NA,NA,NA,NA,Y,NA,A,01,0,1,2,0,0,0,0,0,0,-,-,34.104591369628906,-117.2787628173828,SAN BERNARDINO,SAN BERNARDINO,-117.2787628173828,34.104591369628906
9524747,2022,2022-12-07,3600,2022-10-28,1103,19220750,HE101,5,5,5,3619,0,0,0,NA,0,HE1,MARIPOSA RD,OAKWOOD AV,0,NA,Y,A,-,N,NA,NA,NA,NA,NA,NA,NA,NA,NA,Y,4,0,1,2,A,-,09,21801,A,N,D,C,A,A,H,-,A,D,0,NA,NA,NA,NA,Y,NA,A,07,0,0,1,0,0,0,0,0,0,-,-,34.46971893310547,-117.34298706054688,SAN BERNARDINO,HESPERIA,-117.34307098388672,34.46989059448242
9525530,2022,2023-02-15,3608,2022-12-05,1025,4824,NA,1,5,5,3608,0,0,0,NA,0,NA,E LUGONIA AV,N UNIVERSITY,0,NA,Y,B,-,Y,SBD,8,38,-,-,1.445,I,5,E,N,4,0,3,2,A,-,08,22107,NA,N,D,C,A,A,H,-,A,A,0,NA,NA,NA,NA,Y,NA,-,-,0,0,3,0,0,0,0,0,0,-,-,34.070030212402344,-117.16719818115234,SAN BERNARDINO,REDLANDS,-117.16720581054688,34.07005310058594
9526462,2023,2023-02-28,3600,2023-01-08,1143,H5854,RC017,7,5,6,3616,0,0,0,NA,0,RC5,CLEVELAND AV,7TH ST,0,NA,Y,A,-,N,NA,NA,NA,NA,NA,NA,NA,NA,NA,Y,2,0,2,1,A,-,03,22350,NA,N,F,I,A,A,H,-,A,D,0,NA,NA,NA,NA,Y,NA,A,01,1,1,0,0,0,0,0,0,0,-,-,NA,NA,SAN BERNARDINO,RANCHO CUCAMONGA,-117.56710815429688,34.088462829589844
9526677,2022,2023-02-17,3600,2022-11-23,1608,H8293,RC055,3,5,6,3616,0,0,0,NA,0,001,FOOTHILL BL,VINEYARD AV,0,NA,Y,A,-,N,NA,NA,NA,NA,NA,NA,NA,NA,NA,N,3,0,1,2,A,-,01,23152,A,N,G,B,B,A,H,-,A,A,0,Y,NA,NA,NA,Y,Y,A,07,0,1,0,0,1,0,0,0,0,-,-,NA,NA,SAN BERNARDINO,RANCHO CUCAMONGA,-117.61106872558594,34.106571197509766
9527051,2022,2023-02-10,3610,2022-12-31,0416,51391,NA,6,5,6,3610,0,0,0,NA,0,NA,N MEDICAL CENTER DR,W BASELINE ST,0,NA,Y,C,-,N,NA,NA,NA,NA,NA,NA,NA,NA,NA,Y,4,0,2,2,A,-,03,22350,NA,N,A,C,A,B,H,-,C,A,0,NA,NA,NA,NA,Y,NA,A,01,0,0,2,0,0,0,0,0,0,-,-,34.12133026123047,-117.32256317138672,SAN BERNARDINO,SAN BERNARDINO,-117.32257080078124,34.12132263183594
9527054,2022,2023-02-10,3610,2022-12-29,1148,51362,NA,4,5,6,3610,0,0,0,NA,0,NA,N G ST,W 2ND ST,0,NA,Y,A,-,N,NA,NA,NA,NA,NA,NA,NA,NA,NA,N,3,0,1,2,A,-,09,21801,A,N,D,C,A,A,H,-,A,A,0,NA,NA,NA,NA,Y,NA,A,01,0,1,0,0,0,0,0,0,0,-,-,34.10280990600586,-117.29859924316406,SAN BERNARDINO,SAN BERNARDINO,-117.29863739013672,34.10280990600586
9527071,2023,2023-02-17,3610,2023-01-04,2500,51364,NA,3,5,6,3610,0,0,0,NA,0,NA,N PALM AV,E ATLANTIC AV,0,NA,Y,A,-,N,NA,NA,NA,NA,NA,NA,NA,NA,NA,N,4,0,1,2,A,-,11,21954,A,N,G,B,D,B,A,H,C,A,0,Y,NA,NA,NA,Y,NA,-,NA,0,0,1,0,1,0,0,0,0,-,-,34.13307189941406,-117.20877075195313,SAN BERNARDINO,SAN BERNARDINO,-117.2087631225586,34.13212966918945
9527074,2023,2023-02-17,3610,2023-01-04,2309,51248,210,3,5,6,3610,0,0,0,NA,0,NA,W 5TH ST,NORTH ARROWHEAD AV,45,E,N,B,-,N,NA,NA,NA,NA,NA,NA,NA,NA,NA,N,4,0,3,2,A,-,03,22350,NA,N,C,C,A,B,H,-,C,A,0,NA,NA,NA,NA,Y,NA,A,01,0,0,3,0,0,0,0,0,0,-,-,34.10831069946289,-117.28964233398438,SAN BERNARDINO,SAN BERNARDINO,-117.28948974609376,34.108299255371094
9527105,2023,2023-02-21,3610,2023-01-12,1520,51181,NA,4,5,6,3610,0,0,0,NA,0,NA,N CENTRAL AV,E PACIFIC ST,695,N,N,A,-,N,NA,NA,NA,NA,NA,NA,NA,NA,NA,Y,4,0,1,2,A,-,08,22107,1,N,B,E,A,A,H,-,A,D,0,NA,NA,NA,NA,Y,NA,A,01,0,0,1,0,0,0,0,0,0,-,-,NA,NA,SAN BERNARDINO,SAN BERNARDINO,-117.21755981445313,34.13042449951172
9527969,2023,2023-03-13,3608,2023-01-11,1045,4345,SANBE,3,5,5,3608,0,0,0,NA,0,NA,CALIFORNIA ST,RT 10,0,NA,Y,A,-,Y,SBD,8,10,-,-,28.537,R,4,W,Y,4,0,1,2,A,-,12,21453,A,N,D,C,A,A,H,-,A,A,0,NA,NA,NA,NA,Y,NA,A,01,0,0,1,0,0,0,0,0,0,-,WF,NA,NA,SAN BERNARDINO,REDLANDS,-117.22231292724608,34.066749572753906
9530616,2022,2022-12-15,3605,2022-11-05,2004,437,NA,6,5,4,3605,0,0,0,NA,0,NA,RAMONA AV,MISSION BL,0,NA,Y,A,-,N,NA,NA,NA,NA,NA,NA,NA,NA,NA,Y,4,0,1,2,A,-,09,21801,A,N,D,C,A,A,H,-,C,A,0,NA,NA,NA,NA,Y,NA,A,01,0,0,1,0,0,0,0,0,0,-,-,34.055870056152344,-117.70687866210938,SAN BERNARDINO,MONTCLAIR,-117.7069091796875,34.05584716796875
9530727,2022,2022-12-06,3610,2022-10-19,1520,51384,NA,3,5,6,3610,0,0,0,NA,0,ADAM,W 2ND ST,N K ST,0,NA,Y,A,-,N,NA,NA,NA,NA,NA,NA,NA,NA,NA,Y,4,0,1,2,A,-,12,22450,A,N,D,C,A,A,H,-,A,D,0,NA,NA,NA,NA,Y,NA,A,01,0,0,1,0,0,0,0,0,0,-,-,34.10274124145508,-117.307861328125,SAN BERNARDINO,SAN BERNARDINO,-117.3078842163086,34.102718353271484
9530730,2022,2022-12-01,3605,2022-10-07,0944,457,NA,5,5,4,3605,0,0,0,NA,0,NA,HOLT BL,RAMONA AV,0,NA,Y,A,-,N,NA,NA,NA,NA,NA,NA,NA,NA,NA,N,4,0,1,2,A,-,11,21456,B,F,G,B,B,A,H,-,A,A,0,Y,NA,NA,NA,Y,NA,N,60,0,0,1,0,1,0,0,0,0,-,-,34.063148498535156,-117.70703887939452,SAN BERNARDINO,MONTCLAIR,-117.70706176757813,34.06311798095703