CASE_ID,ACCIDENT_YEAR,PROC_DATE,JURIS,COLLISION_DATE,COLLISION_TIME,OFFICER_ID,REPORTING_DISTRICT,DAY_OF_WEEK,CHP_SHIFT,POPULATION,CNTY_CITY_LOC,SPECIAL_COND,BEAT_TYPE,CHP_BEAT_TYPE,CITY_DIVISION_LAPD,CHP_BEAT_CLASS,BEAT_NUMBER,PRIMARY_RD,SECONDARY_RD,DISTANCE,DIRECTION,INTERSECTION,WEATHER_1,WEATHER_2,STATE_HWY_IND,CALTRANS_COUNTY,CALTRANS_DISTRICT,STATE_ROUTE,ROUTE_SUFFIX,POSTMILE_PREFIX,POSTMILE,LOCATION_TYPE,RAMP_INTERSECTION,SIDE_OF_HWY,TOW_AWAY,COLLISION_SEVERITY,NUMBER_KILLED,NUMBER_INJURED,PARTY_COUNT,PRIMARY_COLL_FACTOR,PCF_CODE_OF_VIOL,PCF_VIOL_CATEGORY,PCF_VIOLATION,PCF_VIOL_SUBSECTION,HIT_AND_RUN,TYPE_OF_COLLISION,MVIW,PED_ACTION,ROAD_SURFACE,ROAD_COND_1,ROAD_COND_2,LIGHTING,CONTROL_DEVICE,CHP_ROAD_TYPE,PEDESTRIAN_ACCIDENT,BICYCLE_ACCIDENT,MOTORCYCLE_ACCIDENT,TRUCK_ACCIDENT,NOT_PRIVATE_PROPERTY,ALCOHOL_INVOLVED,STWD_VEHTYPE_AT_FAULT,CHP_VEHTYPE_AT_FAULT,COUNT_SEVERE_INJ,COUNT_VISIBLE_INJ,COUNT_COMPLAINT_PAIN,COUNT_PED_KILLED,COUNT_PED_INJURED,COUNT_BICYCLIST_KILLED,COUNT_BICYCLIST_INJURED,COUNT_MC_KILLED,COUNT_MC_INJURED,PRIMARY_RAMP,SECONDARY_RAMP,LATITUDE,LONGITUDE,COUNTY,CITY,POINT_X,POINT_Y
9548327,2023,2023-04-11,3600,2023-02-10,1604,F8172,HE131,5,5,5,3619,0,0,0,NA,0,HE5,7TH AV,SMOKE TREE ST,0,NA,Y,A,-,N,NA,NA,NA,NA,NA,NA,NA,NA,NA,Y,4,0,1,2,A,-,12,21453,A,N,D,C,A,A,H,-,A,A,0,NA,NA,NA,NA,Y,NA,A,07,0,0,1,0,0,0,0,0,0,-,-,NA,NA,SAN BERNARDINO,HESPERIA,-117.31484985351563,34.42740249633789
9548390,2022,2023-03-28,3602,2022-07-01,1825,4171,CHINO,5,5,5,3602,0,0,0,NA,0,001,RIVERSIDE DR,CENTRAL AV,330,W,N,A,-,N,NA,NA,NA,NA,NA,NA,NA,NA,NA,N,4,0,1,2,A,-,03,22350,NA,N,C,C,A,A,H,-,A,A,0,NA,NA,NA,NA,Y,NA,D,22,0,0,1,0,0,0,0,0,0,-,-,34.019081115722656,-117.69178771972656,SAN BERNARDINO,CHINO,-117.69048309326172,34.01906967163086
9550074,2023,2023-03-01,3600,2023-01-26,1804,G6721,AP025,4,5,5,3621,0,0,0,NA,0,AP3,BEAR VALLEY RD,WESMONT DR,0,NA,Y,A,-,N,NA,NA,NA,NA,NA,NA,NA,NA,NA,Y,3,0,3,2,A,-,01,23152,B,N,C,C,A,A,H,-,C,D,0,NA,NA,NA,NA,Y,Y,D,22,0,2,1,0,0,0,0,0,0,-,-,NA,NA,SAN BERNARDINO,APPLE VALLEY,-117.24237823486328,34.47105407714844
9550503,2022,2023-03-14,3602,2022-11-14,1241,4190,NA,1,5,5,3602,0,0,0,NA,0,001,ROSWELL AV,GRAND AV,175,N,N,A,-,N,NA,NA,NA,NA,NA,NA,NA,NA,NA,NA,4,0,1,2,A,-,09,21801,A,N,D,C,A,A,H,-,A,D,0,NA,NA,NA,NA,Y,NA,A,01,0,0,1,0,0,0,0,0,0,-,-,34.00035858154297,-117.72187042236328,SAN BERNARDINO,CHINO,-117.72180938720705,34.00099563598633
9550617,2023,2023-03-17,3604,2023-01-27,713,D213,NA,5,5,6,3604,0,0,0,NA,0,002,RANDALL AV,LEMON ST,75,E,N,A,-,N,NA,NA,NA,NA,NA,NA,NA,NA,NA,Y,4,0,1,2,A,-,09,21804,A,N,A,C,A,A,H,-,A,D,0,NA,NA,NA,NA,Y,NA,A,01,0,0,1,0,0,0,0,0,0,-,-,NA,NA,SAN BERNARDINO,FONTANA,-117.45078277587892,34.084800720214844
9550728,2023,2023-04-06,3604,2023-02-15,2333,1231,NA,3,5,6,3604,0,0,0,NA,0,NA,SIERRA AV,RIVERSIDE AV,0,N,N,A,-,N,NA,NA,NA,NA,NA,NA,NA,NA,NA,Y,2,0,2,1,A,-,08,22107,NA,N,E,I,A,A,H,-,C,A,0,NA,NA,NA,NA,Y,NA,A,01,1,1,0,0,0,0,0,0,0,-,-,NA,NA,SAN BERNARDINO,FONTANA,-117.43627166748048,34.17888641357422
9550990,2023,2023-03-07,3600,2023-02-05,1858,D3381,HE107,7,5,5,3612,0,0,0,NA,0,HE1,BALSAM AV,SEQUOIA AV,0,NA,Y,A,-,N,NA,NA,NA,NA,NA,NA,NA,NA,NA,Y,4,0,1,2,A,-,09,21802,A,N,D,C,A,A,H,-,C,A,0,NA,NA,NA,NA,Y,NA,A,01,0,0,1,0,0,0,0,0,0,-,-,NA,NA,SAN BERNARDINO,VICTORVILLE,-117.32993316650392,34.46879577636719
9551808,2023,2023-03-03,3610,2023-01-22,1336,50367,NA,7,5,6,3610,0,0,0,NA,0,NA,N D ST,10TH,3,N,N,A,-,N,NA,NA,NA,NA,NA,NA,NA,NA,NA,Y,4,0,1,2,A,-,09,21802,A,N,D,C,A,A,H,-,A,A,0,NA,NA,NA,NA,Y,NA,A,01,0,0,1,0,0,0,0,0,0,-,-,NA,NA,SAN BERNARDINO,SAN BERNARDINO,-117.29190063476563,34.11765670776367
9551814,2023,2023-03-03,3610,2023-01-24,2151,51271,NA,2,5,6,3610,0,0,0,NA,0,NA,10TH ST,OLIVE ST,0,NA,Y,A,-,N,NA,NA,NA,NA,NA,NA,NA,NA,NA,N,3,0,1,2,A,-,11,21954,A,F,G,B,E,-,H,-,C,D,0,Y,NA,NA,NA,Y,NA,N,60,0,1,0,0,1,0,0,0,0,-,-,34.13127136230469,-117.32251739501952,SAN BERNARDINO,SAN BERNARDINO,-117.31948089599608,34.076637268066406
9552095,2023,2023-03-07,3604,2023-02-16,538,744,NA,4,5,6,3604,0,0,0,NA,0,NA,SIERRA AV,MILLER AV,0,NA,Y,A,-,N,NA,NA,NA,NA,NA,NA,NA,NA,NA,Y,2,0,2,2,A,-,03,22350,NA,N,D,C,A,A,D,-,C,A,0,NA,NA,NA,NA,Y,NA,J,48,1,1,0,0,0,0,0,0,0,-,-,NA,NA,SAN BERNARDINO,FONTANA,-117.43585205078124,34.11390686035156
9554381,2023,2023-03-17,3605,2023-02-07,1457,457,NA,2,5,4,3605,0,0,0,NA,0,NA,MONTE VISTA AV,SAN BERNARDINO ST,0,NA,Y,A,-,N,NA,NA,NA,NA,NA,NA,NA,NA,NA,Y,3,0,3,3,A,-,12,21453,A,N,D,C,A,A,H,-,A,A,0,NA,NA,NA,NA,Y,NA,A,01,0,1,2,0,0,0,0,0,0,-,-,34.077598571777344,-117.68949127197266,SAN BERNARDINO,MONTCLAIR,-117.6982192993164,34.07766342163086
9555212,2023,2023-04-24,3600,2023-01-26,112,I2335,AD311,4,5,3,3613,0,0,0,NA,0,AD2,RT 395,PALMDALE RD,0,NA,Y,A,-,Y,SBD,8,18,-,-,100.956,I,5,S,Y,4,0,1,2,A,-,03,22350,NA,N,D,I,A,A,H,-,C,A,0,NA,NA,NA,NA,Y,NA,A,01,0,0,1,0,0,0,0,0,0,-,-,NA,NA,SAN BERNARDINO,ADELANTO,-117.39955902099608,34.506683349609375
9555270,2023,2023-04-11,3608,2023-03-05,1727,4298,NA,7,5,5,3608,0,0,0,NA,0,NA,W LUGONIA AV,W LUGONIA AV 2400,0,NA,-,A,-,N,NA,NA,NA,NA,NA,NA,NA,NA,NA,Y,3,0,1,1,A,-,01,23152,A,N,F,I,A,A,H,-,A,A,0,NA,NA,NA,NA,Y,Y,A,07,0,1,0,0,0,0,0,0,0,-,-,NA,NA,SAN BERNARDINO,REDLANDS,-117.18247985839844,34.070030212402344
9557182,2023,2023-03-20,3604,2023-02-02,2055,1163,NA,4,5,6,3604,0,0,0,NA,0,NA,FOOTHILL BL,CITRUS AV,0,NA,Y,A,-,N,NA,NA,NA,NA,NA,NA,NA,NA,NA,Y,4,0,1,2,A,-,01,23152,A,N,C,C,A,A,H,-,C,A,0,NA,NA,NA,NA,Y,Y,D,22,0,0,1,0,0,0,0,0,0,-,-,NA,NA,SAN BERNARDINO,FONTANA,-117.45362854003906,34.10655212402344
9557194,2023,2023-03-20,3604,2023-02-22,3,680,NA,3,5,6,3604,0,0,0,NA,0,NA,CITRUS AV,S HIGHLAND AV,0,NA,Y,B,-,N,NA,NA,NA,NA,NA,NA,NA,NA,NA,Y,4,0,1,2,A,-,09,21453,C,F,A,C,A,A,H,-,C,A,0,NA,NA,NA,NA,Y,NA,D,22,0,0,1,0,0,0,0,0,0,-,-,NA,NA,SAN BERNARDINO,FONTANA,-117.45364379882813,34.13471221923828
9557524,2023,2023-06-08,3600,2023-05-03,1118,J3463,AP007,3,5,5,3621,0,0,0,NA,0,AP1,STANDING ROCK AV,DAKOTA RD,0,NA,Y,A,-,N,NA,NA,NA,NA,NA,NA,NA,NA,NA,N,4,0,2,2,A,-,09,21802,A,N,D,C,A,A,H,-,A,A,0,NA,NA,NA,NA,Y,NA,A,01,0,0,2,0,0,0,0,0,0,-,-,NA,NA,SAN BERNARDINO,APPLE VALLEY,-117.20335388183594,34.52226257324219
9557631,2023,2023-07-07,3608,2023-06-20,955,4629,NA,2,5,5,3608,0,0,0,NA,0,NA,SAN TIMOTEO CANYON RD,LIVE OAK CANYON,3475,W,N,A,-,N,NA,NA,NA,NA,NA,NA,NA,NA,NA,Y,3,0,1,2,A,-,01,23152,A,N,A,C,A,A,H,-,A,A,0,NA,NA,NA,NA,Y,Y,A,01,0,1,0,0,0,0,0,0,0,-,-,NA,NA,SAN BERNARDINO,REDLANDS,-117.17368316650392,34.0084114074707
9557719,2023,2023-07-26,3600,2023-06-08,1055,H8283,YV,4,5,3,3631,0,0,0,NA,0,YV1,RT 247,AVIATION RD,0,NA,Y,A,-,Y,SBD,8,247,-,-,0.277,I,5,N,Y,3,0,1,2,A,-,09,21804,A,N,-,C,A,A,H,-,A,D,0,NA,NA,NA,NA,Y,NA,D,22,0,1,0,0,0,0,0,0,0,-,-,34.1273307800293,-116.41416168212892,SAN BERNARDINO,YUCCA VALLEY,-116.41409301757813,34.127445220947266
9558326,2023,2023-09-07,3610,2023-02-01,1330,51362,NA,3,5,6,3610,0,0,0,NA,0,NA,HIGHLAND AV,DAVIDSON AV,0,NA,Y,A,-,N,NA,NA,NA,NA,NA,NA,NA,NA,NA,N,4,0,1,2,A,-,03,22350,NA,N,C,C,A,A,H,-,A,D,0,NA,NA,NA,NA,Y,NA,A,01,0,0,1,0,0,0,0,0,0,-,-,34.13608169555664,-117.31022644042967,SAN BERNARDINO,SAN BERNARDINO,-117.31019592285156,34.13606262207031
9560306,2023,2023-03-22,3600,2023-02-28,752,F7777,LL008,2,5,3,3615,0,0,0,NA,0,LL2,UNIVERSITY AV,YARDLEY PL,0,NA,Y,A,C,N,NA,NA,NA,NA,NA,NA,NA,NA,NA,Y,4,0,2,2,A,-,09,21804,A,N,D,C,A,B,H,-,A,A,0,NA,NA,NA,NA,Y,NA,A,01,0,0,2,0,0,0,0,0,0,-,-,NA,NA,SAN BERNARDINO,LOMA LINDA,-117.27041625976563,34.05198669433594
9560430,2023,2023-04-27,3600,2023-03-04,950,G6203,HE323,6,5,5,3619,0,0,0,NA,0,HE3,COTTONWOOD AV,JENNY ST,0,NA,-,A,-,N,NA,NA,NA,NA,NA,NA,NA,NA,NA,N,4,0,1,2,A,-,08,22100,B,N,D,C,A,A,H,-,A,D,0,NA,NA,NA,NA,Y,NA,D,22,0,0,1,0,0,0,0,0,0,-,-,NA,NA,SAN BERNARDINO,HESPERIA,-117.33792877197266,34.373626708984375
9560910,2023,2023-05-06,3604,2023-03-07,609,744,3604,2,5,6,3604,0,0,0,NA,0,NA,SIERRA AV,FAIRFAX ST,75,S,N,A,-,N,NA,NA,NA,NA,NA,NA,NA,NA,NA,NA,4,0,1,2,A,-,05,21650,NA,N,A,C,A,A,H,-,A,A,0,NA,NA,NA,NA,Y,NA,A,01,0,0,1,0,0,0,0,0,0,-,-,NA,NA,SAN BERNARDINO,FONTANA,-117.43584442138672,34.1123046875
9563372,2023,2023-04-13,3600,2023-02-17,1743,I6876,HE410,5,5,5,3619,0,0,0,NA,0,HE4,ARROWHEAD LAKE RD,DANBURY AV,0,NA,Y,A,-,N,NA,NA,NA,NA,NA,NA,NA,NA,NA,Y,4,0,2,2,A,-,09,21802,A,N,D,C,A,A,H,-,A,A,0,NA,NA,NA,NA,Y,Y,A,07,0,0,2,0,0,0,0,0,0,-,-,NA,NA,SAN BERNARDINO,HESPERIA,-117.24935150146484,34.40211486816406
9563401,2023,2023-04-29,3604,2023-03-14,1625,768,NA,2,5,6,3604,0,0,0,NA,0,NA,CITRUS AV,ARROW BL,343,N,N,B,C,N,NA,NA,NA,NA,NA,NA,NA,NA,NA,NA,4,0,1,3,A,-,03,22350,NA,N,C,C,A,B,H,-,A,A,0,NA,NA,NA,NA,Y,NA,A,07,0,0,1,0,0,0,0,0,0,-,-,NA,NA,SAN BERNARDINO,FONTANA,-117.45365142822266,34.10023880004883
9563539,2023,2023-03-29,3600,2023-02-24,1950,G9450,LL,5,5,3,3615,0,0,0,NA,0,NA,MOUNTAIN VIEW AV,REDLANDS BL,80,S,N,B,-,N,NA,NA,NA,NA,NA,NA,NA,NA,NA,N,4,0,1,2,A,-,12,21453,A,M,C,C,A,B,H,-,A,A,0,NA,NA,NA,NA,Y,NA,A,07,0,0,1,0,0,0,0,0,0,-,-,NA,NA,SAN BERNARDINO,LOMA LINDA,-117.24369049072266,34.06282043457031
9563646,2023,2023-05-06,3604,2023-03-13,1543,680,NA,1,5,6,3604,0,0,0,NA,0,NA,BASELINE AV,AMERICANA WY,104,W,N,A,-,N,NA,NA,NA,NA,NA,NA,NA,NA,NA,Y,4,0,2,4,A,-,03,22350,NA,N,C,C,A,A,H,-,A,A,0,NA,NA,NA,NA,Y,NA,D,22,0,0,2,0,0,0,0,0,0,-,-,NA,NA,SAN BERNARDINO,FONTANA,-117.510986328125,34.121341705322266
9566198,2023,2023-04-25,3600,2023-04-03,2210,H5152,YV016,1,5,3,3631,0,0,0,NA,0,YV1,PUEBLO TR,JOSHUA LN,0,NA,Y,A,-,N,NA,NA,NA,NA,NA,NA,NA,NA,NA,Y,3,0,3,2,A,-,09,21802,A,N,D,C,A,A,H,-,C,A,0,NA,NA,NA,NA,Y,NA,J,48,0,1,2,0,0,0,0,0,0,-,-,34.11507034301758,-116.41610717773438,SAN BERNARDINO,YUCCA VALLEY,-116.4159927368164,34.11597442626953
9568568,2023,2023-05-11,3600,2023-04-21,1605,H7754,YC406,5,5,4,3640,0,0,0,NA,0,YC3,OUTER HWY 10,ALTA VISTA DR,0,NA,Y,A,-,N,NA,NA,NA,NA,NA,NA,NA,NA,NA,Y,4,0,1,3,A,-,09,21804,A,N,D,C,A,A,H,-,A,A,0,NA,NA,NA,NA,Y,NA,A,01,0,0,1,0,0,0,0,0,0,-,-,NA,NA,SAN BERNARDINO,YUCAIPA,-117.11471557617188,34.0248908996582
9569650,2023,2023-04-04,3610,2023-02-20,1651,51484,NA,1,5,6,3610,0,0,0,NA,0,NA,N SAN CARLO AV,SAN CARLO CT,186,N,N,A,-,N,NA,NA,NA,NA,NA,NA,NA,NA,NA,N,3,0,1,1,A,-,03,22350,NA,N,F,I,A,A,H,-,A,D,0,NA,NA,Y,NA,Y,NA,C,06,0,1,0,0,0,0,0,0,1,-,-,34.139801025390625,-117.3441162109375,SAN BERNARDINO,SAN BERNARDINO,-117.34416961669922,34.13977813720703
9570070,2023,2023-04-27,3600,2023-03-15,2303,G5388,RC052,3,5,6,3616,0,0,0,NA,0,RC4,ARROW RT,GROVE AV,0,NA,Y,C,-,N,NA,NA,NA,NA,NA,NA,NA,NA,NA,Y,4,0,1,2,A,-,03,22350,NA,N,A,C,A,B,-,-,C,A,0,NA,NA,NA,NA,Y,NA,D,22,0,0,1,0,0,0,0,0,0,-,-,NA,NA,SAN BERNARDINO,RANCHO CUCAMONGA,-117.62854766845705,34.09941482543945
9570604,2023,2023-04-25,3608,2023-03-22,2144,4464,NA,3,5,5,3608,0,0,0,NA,0,NA,SAN TIMOTEO CANYON RD,LIVE OAK CANYON RD,0,W,N,C,-,N,NA,NA,NA,NA,NA,NA,NA,NA,NA,Y,3,0,1,1,A,-,03,22350,NA,N,E,J,A,B,H,-,D,A,0,NA,NA,NA,NA,Y,NA,A,01,0,1,0,0,0,0,0,0,0,-,-,NA,NA,SAN BERNARDINO,REDLANDS,-117.16590881347656,34.0017204284668
9570605,2023,2023-04-26,3608,2023-03-16,2134,5144,NA,4,5,5,3608,0,0,0,NA,0,NA,ORANGE ST,COLTON AV,225,N,N,A,-,N,NA,NA,NA,NA,NA,NA,NA,NA,NA,Y,4,0,1,3,A,-,01,23152,A,N,A,C,A,A,H,-,C,A,0,NA,NA,NA,NA,Y,Y,A,01,0,0,1,0,0,0,0,0,0,-,-,NA,NA,SAN BERNARDINO,REDLANDS,-117.18251037597656,34.063446044921875
9570917,2023,2023-04-21,3600,2023-03-16,1904,F7349,RC022,4,5,6,3616,0,0,0,NA,0,RC02,MILLIKEN AV,BANYAN ST,0,NA,Y,A,-,N,NA,NA,NA,NA,NA,NA,NA,NA,NA,Y,4,0,1,2,A,-,03,22350,NA,N,C,C,A,A,H,-,C,A,0,NA,NA,Y,NA,Y,NA,A,01,0,0,1,0,0,0,0,0,1,-,-,NA,NA,SAN BERNARDINO,RANCHO CUCAMONGA,-117.5586395263672,34.1434440612793
9572385,2023,2023-07-11,3603,2023-06-17,1357,4920,CPD,6,5,4,3603,0,0,0,NA,0,002,N COLTON AV,COBURN ST,300,S,N,A,-,N,NA,NA,NA,NA,NA,NA,NA,NA,NA,Y,4,0,1,1,A,-,05,21650,NA,N,E,I,A,A,H,-,A,D,0,NA,NA,NA,NA,Y,NA,A,01,0,0,1,0,0,0,0,0,0,-,-,34.07897186279297,-117.30722045898438,SAN BERNARDINO,COLTON,-117.30785369873048,34.07832336425781
9572549,2023,2023-06-08,3610,2023-04-03,2500,51304,NA,1,5,6,3610,0,0,0,NA,0,NA,W EVANS ST,N PERRIS AV,0,NA,Y,A,-,N,NA,NA,NA,NA,NA,NA,NA,NA,NA,N,3,0,1,2,A,-,09,21802,A,F,D,G,A,A,H,-,C,D,0,NA,Y,NA,NA,Y,Y,L,04,0,1,0,0,0,0,1,0,0,-,-,34.126670837402344,-117.28575897216795,SAN BERNARDINO,SAN BERNARDINO,-117.30667877197266,34.12771224975586
9572560,2023,2023-06-08,3610,2023-04-09,1801,51324,NA,7,5,6,3610,0,0,0,NA,0,NA,W 5TH ST,N H ST,0,NA,Y,A,-,N,NA,NA,NA,NA,NA,NA,NA,NA,NA,N,3,0,1,2,A,-,05,21202,A,N,D,G,A,-,H,-,A,A,0,NA,Y,NA,NA,Y,NA,L,04,0,1,0,0,0,0,1,0,0,-,-,34.10831832885742,-117.30088043212892,SAN BERNARDINO,SAN BERNARDINO,-117.30088806152344,34.10834503173828
9572855,2023,2023-05-27,3604,2023-04-04,1630,1430,NA,2,5,6,3604,0,0,0,NA,0,NA,CERES AV,OLEANDER AV,580,W,N,A,-,N,NA,NA,NA,NA,NA,NA,NA,NA,NA,N,4,0,1,2,A,-,11,21956,A,F,G,B,D,A,H,-,A,A,0,Y,NA,NA,NA,Y,NA,N,60,0,0,1,0,1,0,0,0,0,-,-,NA,NA,SAN BERNARDINO,FONTANA,-117.45076751708984,34.09381103515625
9572979,2023,2023-05-16,3610,2023-03-15,1337,51482,NA,3,5,6,3610,0,0,0,NA,0,NA,W MILL ST,RT 215,0,NA,Y,B,-,Y,SBD,8,215,-,-,6.244,R,4,S,Y,4,0,1,2,A,-,12,21453,A,N,D,C,A,A,H,-,A,A,0,NA,NA,NA,NA,Y,NA,-,-,0,0,1,0,0,0,0,0,0,-,SF,NA,NA,SAN BERNARDINO,SAN BERNARDINO,-117.30200958251952,34.094730377197266
9572981,2023,2023-05-12,3610,2023-03-13,2222,50562,NA,1,5,6,3610,0,0,0,NA,0,NA,E 40TH ST,VALENCIA,117,W,N,A,-,N,NA,NA,NA,NA,NA,NA,NA,NA,NA,Y,4,0,1,2,A,-,03,22350,1,F,C,C,A,A,H,-,C,D,0,NA,NA,NA,NA,Y,NA,A,07,0,0,1,0,0,0,0,0,0,-,-,34.165008544921875,-117.27246856689452,SAN BERNARDINO,SAN BERNARDINO,-117.27283477783205,34.165016174316406
9573156,2023,2023-05-19,3604,2023-04-13,929,1376,NA,4,5,6,3604,0,0,0,NA,0,NA,SANTA ANA AV,CHERRY AV,20,W,N,B,-,N,NA,NA,NA,NA,NA,NA,NA,NA,NA,NA,4,0,1,2,A,-,03,22350,NA,N,B,C,A,A,H,-,A,D,0,NA,NA,NA,Y,Y,NA,A,01,0,0,1,0,0,0,0,0,0,-,-,NA,NA,SAN BERNARDINO,FONTANA,-117.48908233642578,34.05561828613281
9573654,2023,2023-05-05,3600,2023-03-29,1120,H9013,HE108,3,5,5,3619,0,0,0,NA,0,HE1,7TH AV,SEQUOIA ST,0,NA,Y,A,-,N,NA,NA,NA,NA,NA,NA,NA,NA,NA,N,4,0,1,2,A,-,09,21802,A,N,D,C,A,A,H,-,A,A,0,NA,NA,NA,Y,Y,NA,F,26,0,0,1,0,0,0,0,0,0,-,-,NA,NA,SAN BERNARDINO,HESPERIA,-117.31233978271484,34.46894836425781
9573731,2023,2023-04-18,3600,2023-03-26,1839,H8224,RC029,7,5,6,3616,0,0,0,NA,0,RC5,HAVEN AV,CHURCH ST,249,N,N,A,-,N,NA,NA,NA,NA,NA,NA,NA,NA,NA,Y,3,0,2,2,A,-,03,22350,NA,N,C,C,A,-,H,-,A,A,0,NA,NA,NA,NA,Y,NA,A,01,0,2,0,0,0,0,0,0,0,-,-,NA,NA,SAN BERNARDINO,RANCHO CUCAMONGA,-117.57598876953124,34.11476135253906
9573741,2023,2023-04-18,3600,2023-03-30,1320,G6203,HE102,4,5,5,3619,0,0,0,NA,0,HE1,MAPLE AV,SYCAMORE ST,0,NA,Y,A,-,N,NA,NA,NA,NA,NA,NA,NA,NA,NA,Y,3,0,2,2,A,-,12,22450,A,N,D,C,A,A,H,-,A,A,0,NA,NA,NA,NA,Y,NA,A,01,0,2,0,0,0,0,0,0,0,-,-,NA,NA,SAN BERNARDINO,HESPERIA,-117.34666442871094,34.46316146850586
9573749,2023,2023-04-19,3610,2023-02-16,1814,50532,NA,4,5,6,3610,0,0,0,NA,0,NA,N MOUNTAIN VIEW AV,GLENFAIR LN,53,N,N,A,-,N,NA,NA,NA,NA,NA,NA,NA,NA,NA,Y,4,0,1,2,A,-,03,22350,1,N,C,E,A,A,H,-,C,D,0,NA,NA,NA,NA,Y,NA,A,07,0,0,1,0,0,0,0,0,0,-,-,34.168251037597656,-117.28720092773438,SAN BERNARDINO,SAN BERNARDINO,-117.28729248046876,34.169254302978516
9573848,2023,2023-04-19,3605,2023-03-30,1001,472,NA,4,5,4,3605,0,0,0,NA,0,NA,MONTE VISTA AV,SAN BERNARDINO ST,0,NA,Y,B,-,N,NA,NA,NA,NA,NA,NA,NA,NA,NA,NA,4,0,3,5,A,-,09,21801,A,N,D,D,A,A,H,-,A,A,0,NA,NA,NA,NA,Y,NA,A,07,0,0,3,0,0,0,0,0,0,-,-,34.07769012451172,-117.69833374023438,SAN BERNARDINO,MONTCLAIR,-117.6982192993164,34.07766342163086
9574474,2023,2023-04-27,3610,2023-03-07,349,51424,NA,2,5,6,3610,0,0,0,NA,0,NA,N VICTORIA AV,E CITRUS ST,0,NA,Y,A,-,N,NA,NA,NA,NA,NA,NA,NA,NA,NA,N,3,0,1,2,A,-,09,21801,A,N,D,C,A,A,H,-,C,A,0,NA,NA,NA,NA,Y,NA,A,01,0,1,0,0,0,0,0,0,0,-,-,NA,NA,SAN BERNARDINO,SAN BERNARDINO,-117.22605895996094,34.14396667480469
9574544,2023,2023-04-27,3610,2023-03-10,1630,51344,NA,5,5,6,3610,0,0,0,NA,0,NA,E HARRY SHEPPARD BLVD,S MEMORIAL DR,0,NA,Y,B,C,N,NA,NA,NA,NA,NA,NA,NA,NA,NA,Y,2,0,3,2,A,-,12,21453,A,N,D,C,A,B,H,-,A,A,0,NA,NA,NA,NA,Y,NA,A,01,1,0,2,0,0,0,0,0,0,-,-,34.097740173339844,-117.25962829589844,SAN BERNARDINO,SAN BERNARDINO,NA,NA
9574557,2023,2023-04-25,3610,2023-03-03,2049,51230,NA,5,5,6,3610,0,0,0,NA,0,NA,E CITRUS ST,N HAVASU CT,0,NA,Y,A,-,N,NA,NA,NA,NA,NA,NA,NA,NA,NA,NA,4,0,1,2,A,-,09,21801,A,M,B,G,A,A,H,-,C,D,0,NA,Y,NA,NA,Y,NA,-,NA,0,0,1,0,0,0,1,0,0,-,-,NA,NA,SAN BERNARDINO,SAN BERNARDINO,-117.22543334960938,34.144927978515625
9576257,2023,2023-05-11,3600,2023-03-31,1655,G4526,AP005,5,5,5,3621,0,0,0,NA,0,AP1,APPLE VALLEY RD,SIESTA DR,308,S,N,A,-,N,NA,NA,NA,NA,NA,NA,NA,NA,NA,N,4,0,4,2,A,-,03,22350,NA,N,C,C,A,A,H,-,A,D,0,NA,NA,NA,NA,Y,NA,A,01,0,0,4,0,0,0,0,0,0,-,-,NA,NA,SAN BERNARDINO,APPLE VALLEY,-117.24256896972656,34.503135681152344
9576845,2023,2023-05-12,3605,2023-04-07,1824,472,NA,5,5,4,3605,0,0,0,NA,0,NA,CENTRAL AV,KINGSLEY ST,240,N,N,A,-,N,NA,NA,NA,NA,NA,NA,NA,NA,NA,N,4,0,1,3,A,-,03,22350,NA,N,C,C,A,A,H,-,C,A,0,NA,NA,NA,NA,Y,NA,A,01,0,0,1,0,0,0,0,0,0,-,-,34.06673812866211,-117.68965911865234,SAN BERNARDINO,MONTCLAIR,-117.68964385986328,34.067386627197266
9578092,2023,2023-05-05,3604,2023-04-14,1301,1086,NA,5,5,6,3604,0,0,0,NA,0,NA,SIERRA AV,MILLER AV,385,N,N,A,-,N,NA,NA,NA,NA,NA,NA,NA,NA,NA,N,4,0,1,3,A,-,03,22350,NA,N,C,C,A,A,H,-,A,A,0,NA,NA,NA,NA,Y,NA,A,07,0,0,1,0,0,0,0,0,0,-,-,NA,NA,SAN BERNARDINO,FONTANA,-117.43585205078124,34.11496353149414
9579230,2023,2023-05-25,3604,2023-04-24,1907,1339,NA,1,5,6,3604,0,0,0,NA,0,NA,MULBERRY AV,JURUPA AV,0,NA,Y,A,-,N,NA,NA,NA,NA,NA,NA,NA,NA,NA,Y,4,0,1,2,A,-,12,21453,A,N,D,C,A,A,H,-,B,A,0,NA,NA,NA,NA,Y,NA,A,01,0,0,1,0,0,0,0,0,0,-,-,NA,NA,SAN BERNARDINO,FONTANA,-117.50698852539063,34.04808807373047
9580113,2023,2023-06-15,3604,2023-05-12,2232,1302,NA,5,5,6,3604,0,0,0,NA,0,NA,SANTA ANA AV,POPLAR AV,0,NA,Y,B,-,N,NA,NA,NA,NA,NA,NA,NA,NA,NA,Y,3,0,1,2,A,-,12,22450,A,N,D,C,A,A,H,-,C,A,0,NA,NA,NA,NA,Y,NA,A,01,0,1,0,0,0,0,0,0,0,-,-,NA,NA,SAN BERNARDINO,FONTANA,-117.4626007080078,34.055702209472656
9580350,2023,2023-06-20,3604,2023-05-06,1205,1450,VASOP,6,5,6,3604,0,0,0,NA,0,002,MANGO AV,FERN ST,0,NA,Y,A,-,N,NA,NA,NA,NA,NA,NA,NA,NA,NA,Y,4,0,1,2,A,-,09,21802,A,N,D,C,A,A,H,-,A,D,0,NA,NA,NA,NA,Y,NA,A,01,0,0,1,0,0,0,0,0,0,-,-,NA,NA,SAN BERNARDINO,FONTANA,-117.43172454833984,34.1262092590332