CASE_ID,ACCIDENT_YEAR,PROC_DATE,JURIS,COLLISION_DATE,COLLISION_TIME,OFFICER_ID,REPORTING_DISTRICT,DAY_OF_WEEK,CHP_SHIFT,POPULATION,CNTY_CITY_LOC,SPECIAL_COND,BEAT_TYPE,CHP_BEAT_TYPE,CITY_DIVISION_LAPD,CHP_BEAT_CLASS,BEAT_NUMBER,PRIMARY_RD,SECONDARY_RD,DISTANCE,DIRECTION,INTERSECTION,WEATHER_1,WEATHER_2,STATE_HWY_IND,CALTRANS_COUNTY,CALTRANS_DISTRICT,STATE_ROUTE,ROUTE_SUFFIX,POSTMILE_PREFIX,POSTMILE,LOCATION_TYPE,RAMP_INTERSECTION,SIDE_OF_HWY,TOW_AWAY,COLLISION_SEVERITY,NUMBER_KILLED,NUMBER_INJURED,PARTY_COUNT,PRIMARY_COLL_FACTOR,PCF_CODE_OF_VIOL,PCF_VIOL_CATEGORY,PCF_VIOLATION,PCF_VIOL_SUBSECTION,HIT_AND_RUN,TYPE_OF_COLLISION,MVIW,PED_ACTION,ROAD_SURFACE,ROAD_COND_1,ROAD_COND_2,LIGHTING,CONTROL_DEVICE,CHP_ROAD_TYPE,PEDESTRIAN_ACCIDENT,BICYCLE_ACCIDENT,MOTORCYCLE_ACCIDENT,TRUCK_ACCIDENT,NOT_PRIVATE_PROPERTY,ALCOHOL_INVOLVED,STWD_VEHTYPE_AT_FAULT,CHP_VEHTYPE_AT_FAULT,COUNT_SEVERE_INJ,COUNT_VISIBLE_INJ,COUNT_COMPLAINT_PAIN,COUNT_PED_KILLED,COUNT_PED_INJURED,COUNT_BICYCLIST_KILLED,COUNT_BICYCLIST_INJURED,COUNT_MC_KILLED,COUNT_MC_INJURED,PRIMARY_RAMP,SECONDARY_RAMP,LATITUDE,LONGITUDE,COUNTY,CITY,POINT_X,POINT_Y
9767840,2024,2024-12-18,3600,2024-10-20,500,H9757,HI018,7,5,4,3618,0,0,0,NA,0,HI3,LA PRAIX ST,STRATFORD ST,43,N,N,-,-,N,NA,NA,NA,NA,NA,NA,NA,NA,NA,Y,4,0,1,2,A,-,08,22107,NA,N,C,E,A,A,H,-,C,D,0,NA,NA,NA,NA,Y,NA,A,01,0,0,1,0,0,0,0,0,0,-,-,34.125431060791016,-117.19998168945313,SAN BERNARDINO,HIGHLAND,-117.20001220703124,34.12535858154297
9768106,2024,2024-12-19,3600,2024-11-18,1600,F3800,YC401,1,5,4,3640,0,0,0,NA,0,YC3,YUCAIPA BL,RIDGECREST DR,255,E,N,A,-,N,NA,NA,NA,NA,NA,NA,NA,NA,NA,N,4,0,2,2,A,-,03,22350,NA,N,C,C,A,A,H,-,A,D,0,NA,NA,NA,NA,Y,NA,D,22,0,0,2,0,0,0,0,0,0,-,-,NA,NA,SAN BERNARDINO,YUCAIPA,-117.11724853515624,34.02854537963867
9768444,2024,2025-01-09,3600,2024-10-24,846,G4526,AP009,4,5,5,3621,0,0,0,NA,0,AP3,APPLE VALLEY RD,CATALINA RD,0,NA,N,A,-,N,NA,NA,NA,NA,NA,NA,NA,NA,NA,Y,2,0,1,2,A,-,09,21801,A,N,D,C,A,A,H,-,A,A,0,NA,NA,Y,NA,Y,NA,D,22,1,0,0,0,0,0,0,0,0,-,-,NA,NA,SAN BERNARDINO,APPLE VALLEY,-117.242431640625,34.482330322265625
9768556,2024,2025-01-10,3604,2024-10-18,1814,1367,NA,5,5,6,3604,0,0,0,NA,0,NA,CITRUS AV,ARROW BL,188,S,N,A,-,N,NA,NA,NA,NA,NA,NA,NA,NA,NA,N,3,0,1,2,A,-,03,22350,NA,N,D,C,A,A,H,-,C,A,0,NA,NA,Y,NA,Y,NA,C,03,0,1,0,0,0,0,0,0,1,-,-,34.099178314208984,-117.45364379882813,SAN BERNARDINO,FONTANA,-117.45365142822266,34.098785400390625
9768641,2024,2025-01-21,3600,2024-12-21,1440,J2651,VC063,6,5,5,3612,0,0,0,NA,0,VC04,11TH AV,TOKAY ST,0,NA,Y,A,-,N,NA,NA,NA,NA,NA,NA,NA,NA,NA,Y,4,0,1,2,A,-,09,21801,A,N,A,C,A,A,H,-,A,A,0,NA,NA,NA,NA,Y,NA,D,22,0,0,1,0,0,0,0,0,0,-,-,34.47071075439453,-117.32113647460938,SAN BERNARDINO,VICTORVILLE,-117.32118225097656,34.47236633300781
9768645,2024,2025-01-15,3600,2024-11-30,1531,D3381,VC055,6,5,5,3612,0,0,0,NA,0,VC5,AMARGOSA RD,ROY ROGERS DR,0,NA,Y,A,-,N,NA,NA,NA,NA,NA,NA,NA,NA,NA,Y,4,0,1,2,A,-,09,21804,A,N,D,C,A,A,H,-,A,A,0,NA,NA,NA,NA,Y,NA,D,22,0,0,1,0,0,0,0,0,0,-,-,34.52143096923828,-117.33029174804688,SAN BERNARDINO,VICTORVILLE,-117.33029174804688,34.52144241333008
9768679,2024,2025-01-10,3600,2024-09-05,1834,F7812,AP008,4,5,5,3621,0,0,0,NA,0,AP3,KIOWA RD,PONCA RD,2,S,N,A,-,N,NA,NA,NA,NA,NA,NA,NA,NA,NA,Y,3,0,1,2,A,-,04,21703,NA,N,C,C,A,A,H,-,B,D,0,NA,NA,NA,NA,Y,NA,A,07,0,1,0,0,0,0,0,0,0,-,-,34.4904899597168,-117.20777130126952,SAN BERNARDINO,APPLE VALLEY,-117.2077178955078,34.49055480957031
9768736,2024,2025-01-31,3600,2024-12-17,1342,H8975,HE117,2,5,5,3619,0,0,0,NA,0,HE3,AMARGOSA RD,KEY POINT AV,0,NA,Y,A,-,N,NA,NA,NA,NA,NA,NA,NA,NA,NA,Y,3,0,1,4,A,-,09,21801,A,N,D,C,A,A,H,-,A,D,0,NA,NA,NA,NA,Y,NA,A,08,0,1,0,0,0,0,0,0,0,-,-,NA,NA,SAN BERNARDINO,HESPERIA,-117.3838119506836,34.42905044555664
9770587,2024,2025-11-13,3610,2024-10-19,1621,51196,NA,6,5,6,3610,0,0,0,NA,0,DAVID,N ARROWHEAD AVE,W 2ND ST,0,NA,Y,A,-,N,NA,NA,NA,NA,NA,NA,NA,NA,NA,Y,4,0,1,2,A,-,12,21453,A,N,D,C,A,A,H,-,A,A,0,NA,NA,NA,NA,Y,NA,A,01,0,0,1,0,0,0,0,0,0,-,-,34.10271072387695,-117.28964233398438,SAN BERNARDINO,SAN BERNARDINO,-117.28964996337892,34.10271072387695
9770640,2024,2025-01-09,3600,2024-12-19,1703,F4772,VC024,4,5,5,3612,0,0,0,NA,0,VC3,WINONA ST,3RD AV,0,NA,Y,A,-,N,NA,NA,NA,NA,NA,NA,NA,NA,NA,N,4,0,1,3,A,-,09,21802,A,N,D,C,A,A,H,-,C,A,0,NA,NA,NA,NA,Y,NA,A,01,0,0,1,0,0,0,0,0,0,-,-,34.4893684387207,-117.30386352539063,SAN BERNARDINO,VICTORVILLE,-117.30376434326172,34.4890251159668
9770680,2024,2025-02-13,3603,2024-12-20,1227,4861,CPD,5,5,4,3603,0,0,0,NA,0,003,LA CADENA DR,M ST,0,NA,Y,A,-,N,NA,NA,NA,NA,NA,NA,NA,NA,NA,Y,3,0,2,4,A,-,03,22350,NA,N,D,C,A,A,H,-,A,A,0,NA,NA,NA,Y,Y,NA,D,22,0,2,0,0,0,0,0,0,0,-,-,34.06209945678711,-117.3249969482422,SAN BERNARDINO,COLTON,-117.3253173828125,34.062129974365234
9771025,2024,2025-01-15,3604,2024-11-05,1702,1414,NA,2,5,6,3604,0,0,0,NA,0,003,VALLEY BL,CITRUS AV,25,E,N,A,-,N,NA,NA,NA,NA,NA,NA,NA,NA,NA,N,4,0,1,2,A,-,03,22350,NA,N,C,C,A,A,H,-,B,A,0,NA,NA,NA,Y,Y,NA,F,25,0,0,1,0,0,0,0,0,0,-,-,NA,NA,SAN BERNARDINO,FONTANA,-117.45368957519533,34.07032012939453
9771030,2024,2025-01-31,3604,2024-10-26,2000,1396,NA,6,5,6,3604,0,0,0,NA,0,NA,MANGO AV,MERRILL AV,0,NA,Y,A,-,N,NA,NA,NA,NA,NA,NA,NA,NA,NA,Y,3,0,2,2,A,-,12,21453,A,N,D,C,A,A,H,-,C,A,0,NA,NA,NA,NA,Y,NA,-,-,0,2,0,0,0,0,0,0,0,-,-,NA,NA,SAN BERNARDINO,FONTANA,-117.43138122558594,34.09214401245117
9771266,2024,2025-01-10,3605,2024-10-03,942,501,NA,4,5,4,3605,0,0,0,NA,0,NA,ORCHARD ST,RAMONA AV,0,NA,Y,A,-,N,NA,NA,NA,NA,NA,NA,NA,NA,NA,Y,4,0,1,2,A,-,12,22450,A,N,D,C,A,A,H,-,A,A,0,NA,NA,NA,NA,Y,NA,A,01,0,0,1,0,0,0,0,0,0,-,-,34.07051086425781,-117.70706176757813,SAN BERNARDINO,MONTCLAIR,-117.70702362060548,34.07048034667969
9771337,2024,2025-01-13,3605,2024-10-01,1024,460,NA,2,5,4,3605,0,0,0,NA,0,NA,FREMONT AV,ORCHARD ST,264,S,N,A,-,N,NA,NA,NA,NA,NA,NA,NA,NA,NA,N,4,0,1,2,A,-,08,22107,NA,N,D,E,A,A,H,-,A,D,0,NA,NA,NA,NA,Y,NA,A,07,0,0,1,0,0,0,0,0,0,-,-,34.070430755615234,-117.69394683837892,SAN BERNARDINO,MONTCLAIR,-117.69390106201172,34.06965637207031
9771916,2024,2025-01-14,3604,2024-10-09,755,1440,NA,3,5,6,3604,0,0,0,NA,0,002,LIBERTY PKWY,OASIS ST,279,E,N,A,-,N,NA,NA,NA,NA,NA,NA,NA,NA,NA,N,3,0,1,2,A,-,08,22107,NA,N,B,G,A,A,H,-,A,D,0,NA,Y,NA,NA,Y,NA,I,11,0,1,0,0,0,0,1,0,0,-,-,34.10858154296875,-117.49622344970705,SAN BERNARDINO,FONTANA,-117.49510192871094,34.10824203491211
9772331,2024,2025-01-16,3600,2024-12-27,1436,SALAZ,LL013,5,5,3,3615,0,0,0,NA,0,LL1,MOUNTAIN VIEW AV,BARTON RD,0,NA,Y,A,-,N,NA,NA,NA,NA,NA,NA,NA,NA,NA,Y,4,0,1,2,A,-,09,21804,A,N,D,C,A,A,H,-,A,A,0,NA,NA,NA,NA,Y,NA,A,01,0,0,1,0,0,0,0,0,0,-,-,NA,NA,SAN BERNARDINO,LOMA LINDA,-117.24362182617188,34.04831314086914
9773179,2024,2025-01-07,3604,2024-10-09,930,1484,NA,3,5,6,3604,0,0,0,NA,0,NA,ARROW BL,LAUREL AV,0,NA,Y,A,-,N,NA,NA,NA,NA,NA,NA,NA,NA,NA,N,3,0,1,2,A,-,03,22350,NA,N,C,C,A,A,H,-,A,A,0,NA,NA,NA,NA,Y,NA,A,01,0,1,0,0,0,0,0,0,0,-,-,34.099510192871094,-117.41398620605467,SAN BERNARDINO,FONTANA,-117.41395568847656,34.09946060180664
9773599,2024,2025-01-08,3605,2024-08-14,203,481,3605,3,5,4,3605,0,0,0,NA,0,NA,MISSION BL,RAMONA AV,1600,W,N,A,-,N,NA,NA,NA,NA,NA,NA,NA,NA,NA,Y,4,0,1,3,A,-,08,22107,NA,N,C,E,A,A,H,-,C,A,0,NA,NA,NA,NA,Y,NA,A,07,0,0,1,0,0,0,0,0,0,-,-,34.05596923828125,-117.70690155029295,SAN BERNARDINO,MONTCLAIR,-117.7121810913086,34.05588150024414
9774497,2024,2025-01-22,3605,2024-09-18,2245,481,3605,3,5,4,3605,0,0,0,NA,0,NA,CENTRAL AV,HOLT BL,0,NA,Y,B,-,N,NA,NA,NA,NA,NA,NA,NA,NA,NA,N,4,0,1,2,D,-,00,NA,NA,N,D,C,A,A,H,-,C,A,0,NA,NA,NA,NA,Y,NA,-,-,0,0,1,0,0,0,0,0,0,-,-,NA,NA,SAN BERNARDINO,MONTCLAIR,-117.6897430419922,34.06313705444336
9775101,2024,2025-02-12,3600,2024-12-16,1357,F5696,YC311,1,5,4,3640,0,0,0,NA,0,YC03,LIVE OAK CANYON RD,OUTER HWY 10 SOUTH,0,NA,Y,A,-,N,NA,NA,NA,NA,NA,NA,NA,NA,NA,N,3,0,1,2,A,-,09,21801,NA,N,D,C,A,-,-,-,-,A,0,NA,NA,NA,NA,Y,NA,D,22,0,1,0,0,0,0,0,0,0,-,-,34.015018463134766,-117.0984115600586,SAN BERNARDINO,YUCAIPA,-117.09609222412108,34.01664352416992
9775230,2024,2025-01-28,3608,2024-12-27,1141,4202,3608,5,5,5,3608,0,0,0,NA,0,NA,ROBERTS ST,LAUREL AV,268,N,N,A,-,N,NA,NA,NA,NA,NA,NA,NA,NA,NA,Y,3,0,2,2,A,-,09,21804,A,N,D,C,A,A,H,-,A,D,0,NA,NA,NA,NA,Y,NA,A,01,0,1,1,0,0,0,0,0,0,-,-,NA,NA,SAN BERNARDINO,REDLANDS,-117.20416259765624,34.03876495361328
9775258,2024,2025-01-28,3608,2024-12-24,1330,3821,NA,2,5,5,3608,0,0,0,NA,0,NA,W PEARL AV,ORANGE ST,24,W,N,B,-,N,NA,NA,NA,NA,NA,NA,NA,NA,NA,N,3,0,2,2,A,-,03,22350,NA,N,C,C,A,A,H,-,A,A,0,NA,NA,NA,NA,Y,NA,A,01,0,2,0,0,0,0,0,0,0,-,-,NA,NA,SAN BERNARDINO,REDLANDS,-117.18263244628906,34.06132888793945
9775259,2024,2025-01-28,3608,2024-12-11,1901,5282,NA,3,5,5,3608,0,0,0,NA,0,NA,W LUGONIA AV,WASHINGTON ST,0,NA,Y,A,-,N,NA,NA,NA,NA,NA,NA,NA,NA,NA,Y,4,0,1,2,A,-,09,21801,A,N,D,C,A,A,H,-,C,A,0,NA,NA,NA,NA,Y,NA,A,01,0,0,1,0,0,0,0,0,0,-,-,NA,NA,SAN BERNARDINO,REDLANDS,-117.1835708618164,34.07004928588867
9775972,2024,2025-01-29,3608,2024-12-10,654,4235,NA,2,5,5,3608,0,0,0,NA,0,NA,CALIFORNIA ST,LUGONIA AV,0,NA,Y,A,-,N,NA,NA,NA,NA,NA,NA,NA,NA,NA,Y,3,0,1,2,A,-,03,22350,NA,N,C,C,A,A,H,-,A,A,0,NA,NA,NA,NA,Y,NA,A,07,0,1,0,0,0,0,0,0,0,-,-,NA,NA,SAN BERNARDINO,REDLANDS,-117.22630310058594,34.07032775878906
9776021,2024,2025-01-29,3608,2024-11-18,1428,3882,REDLA,1,5,5,3608,0,0,0,NA,0,NA,BROOKSIDE AV,EUREKA ST,0,NA,Y,A,-,N,NA,NA,NA,NA,NA,NA,NA,NA,NA,Y,2,0,1,2,A,-,09,21801,A,N,E,I,A,A,H,-,A,A,0,NA,NA,Y,NA,Y,NA,A,01,1,0,0,0,0,0,0,0,1,-,-,NA,NA,SAN BERNARDINO,REDLANDS,-117.18547821044922,34.05537796020508
9776641,2024,2025-01-27,3604,2024-12-31,1821,1415,NA,2,5,6,3604,0,0,0,NA,0,NA,VALLEY BL,HEMLOCK AV,0,NA,Y,A,-,N,NA,NA,NA,NA,NA,NA,NA,NA,NA,Y,3,0,1,2,A,-,01,23152,A,N,C,C,A,A,H,-,C,A,0,NA,NA,NA,NA,Y,Y,D,22,0,1,0,0,0,0,0,0,0,-,-,NA,NA,SAN BERNARDINO,FONTANA,-117.47560119628906,34.070220947265625
9776815,2025,2025-02-19,3600,2025-01-17,1416,D6899,HE418,5,5,5,3619,0,0,0,NA,0,HE4,RANCHERO RD,ESCOBEDO AV,347,W,N,A,-,N,NA,NA,NA,NA,NA,NA,NA,NA,NA,Y,3,0,1,1,A,-,05,21460,A,N,E,I,A,A,H,-,A,D,0,NA,NA,NA,NA,Y,NA,A,01,0,1,0,0,0,0,0,0,0,-,-,34.066871643066406,-117.71665191650392,SAN BERNARDINO,HESPERIA,-117.25213623046876,34.392906188964844
9777568,2025,2025-03-07,3600,2025-02-13,1515,F4772,VC048,4,5,5,3612,0,0,0,NA,0,VC8,VILLAGE DR,TAWNEY RIDGE LN,0,NA,Y,C,-,N,NA,NA,NA,NA,NA,NA,NA,NA,NA,N,4,0,1,2,A,-,08,22107,NA,N,D,C,A,B,H,-,A,A,0,NA,NA,NA,NA,Y,NA,A,01,0,0,1,0,0,0,0,0,0,-,-,34.53641128540039,-117.31748199462892,SAN BERNARDINO,VICTORVILLE,-117.31768035888672,34.53643035888672
9777586,2025,2025-03-03,3600,2025-01-05,1720,D3381,VC059,7,5,5,3612,0,0,0,NA,0,VC4,BEAR VALLEY RD,SHOOTING STAR DR,0,NA,Y,A,-,N,NA,NA,NA,NA,NA,NA,NA,NA,NA,Y,4,0,1,2,A,-,09,21802,A,N,D,C,A,A,H,-,C,A,0,NA,NA,NA,NA,Y,NA,A,07,0,0,1,0,0,0,0,0,0,-,-,34.470401763916016,-117.35989379882813,SAN BERNARDINO,VICTORVILLE,-117.35992431640624,34.47041320800781
9778410,2024,2025-02-06,3610,2024-11-07,1858,51418,NA,4,5,6,3610,0,0,0,NA,0,ADAM,RT 215,W 2ND ST W,0,NA,Y,A,-,Y,SBD,8,215,-,-,6.637,R,4,S,Y,4,0,2,2,A,-,08,22107,NA,F,D,C,A,A,H,-,C,A,0,NA,NA,NA,NA,Y,Y,A,01,0,0,2,0,0,0,0,0,0,-,-,34.078189849853516,-117.29631042480467,SAN BERNARDINO,SAN BERNARDINO,-117.30206298828124,34.100196838378906
9778524,2024,2025-02-06,3610,2024-11-15,920,51003,NA,5,5,6,3610,0,0,0,NA,0,CHARLI,RT 18,CLOUDLAND TRUCK TRAIL,0,NA,Y,C,-,Y,SBD,8,18,-,R,11.29,H,-,S,Y,4,0,1,1,A,-,03,22350,NA,N,E,I,A,B,H,-,A,D,0,NA,NA,NA,NA,Y,NA,A,07,0,0,1,0,0,0,0,0,0,-,-,NA,NA,SAN BERNARDINO,SAN BERNARDINO,-117.27946472167967,34.19449234008789
9778540,2024,2025-02-05,3608,2024-12-19,1324,5071,3608,4,5,5,3608,0,0,0,NA,0,901,REDLANDS BL,STATE ST,0,NA,Y,A,-,N,NA,NA,NA,NA,NA,NA,NA,NA,NA,Y,3,0,1,2,A,-,09,21804,A,N,D,C,A,A,H,-,A,A,0,NA,NA,NA,NA,Y,NA,A,01,0,1,0,0,0,0,0,0,0,-,-,NA,NA,SAN BERNARDINO,REDLANDS,-117.17648315429688,34.05642318725586
9778976,2025,2025-02-26,3600,2025-01-10,1055,D6899,HE301,5,5,5,3619,0,0,0,NA,0,HE3,RT 395,JOSHUA ST,55,N,N,A,-,Y,SBD,8,395,-,R,4.53,H,-,S,Y,4,0,1,2,A,-,03,22350,NA,N,C,D,A,A,G,-,A,A,0,NA,NA,NA,NA,Y,NA,E,22,0,0,1,0,0,0,0,0,0,-,-,NA,NA,SAN BERNARDINO,HESPERIA,-117.39949035644533,34.40773010253906
9779852,2025,2025-03-04,3600,2025-01-19,1352,J0674,VC020,7,5,5,3612,0,0,0,NA,0,VC4,BEAR VALLEY RD,MARIPOSA RD,0,NA,Y,A,-,N,NA,NA,NA,NA,NA,NA,NA,NA,NA,N,4,0,1,2,A,-,03,22350,NA,N,C,C,A,A,H,-,A,A,0,NA,NA,NA,NA,Y,NA,D,22,0,0,1,0,0,0,0,0,0,-,-,34.4706916809082,-117.34243774414063,SAN BERNARDINO,VICTORVILLE,-117.34286499023438,34.47045135498047
9780256,2025,2025-03-14,3600,2025-02-24,753,I9526,HE131,1,5,5,3619,0,0,0,NA,0,HE5,3RD AV,YUCCA ST,0,NA,Y,A,-,N,NA,NA,NA,NA,NA,NA,NA,NA,NA,Y,3,0,1,3,A,-,09,21802,A,N,D,C,A,A,H,-,A,A,0,NA,NA,NA,NA,Y,NA,A,01,0,1,0,0,0,0,0,0,0,-,-,NA,NA,SAN BERNARDINO,HESPERIA,-117.30651092529295,34.42318344116211
9780878,2025,2025-04-08,3600,2025-03-09,2211,I8688,VC073,7,5,5,3612,0,0,0,NA,0,VC7,MOJAVE DR,ASHLEY GLEN DR,96,W,N,A,-,N,NA,NA,NA,NA,NA,NA,NA,NA,NA,Y,3,0,1,1,A,-,03,22350,NA,N,F,I,A,A,H,-,C,D,0,NA,NA,NA,NA,Y,Y,A,01,0,1,0,0,0,0,0,0,0,-,-,34.3142204284668,-117.20262908935548,SAN BERNARDINO,VICTORVILLE,-117.34053802490234,34.52848815917969
9781095,2025,2025-02-12,3600,2025-01-19,1212,J1624,VC032,7,5,5,3612,0,0,0,NA,0,VC2,BRENTWOOD DR,MONTECITO DR,0,NA,Y,A,-,N,NA,NA,NA,NA,NA,NA,NA,NA,NA,N,4,0,1,2,A,-,09,21802,A,N,D,C,A,A,H,-,A,A,0,NA,NA,NA,NA,Y,NA,A,01,0,0,1,0,0,0,0,0,0,-,-,34.50941848754883,-117.29158020019533,SAN BERNARDINO,VICTORVILLE,-117.291748046875,34.509178161621094
9781916,2024,2025-02-24,3610,2024-12-06,1938,51568,NA,5,5,6,3610,0,0,0,NA,0,DAVID,9TH ST,WATERMAN AV,506,S,N,A,-,N,NA,NA,NA,NA,NA,NA,NA,NA,NA,N,2,0,1,2,A,-,11,21954,A,F,G,B,E,A,H,-,C,A,0,Y,NA,NA,Y,Y,Y,F,76,1,0,0,0,1,0,0,0,0,-,-,NA,NA,SAN BERNARDINO,SAN BERNARDINO,-117.27879333496094,34.11579895019531
9782062,2024,2025-02-18,3605,2024-12-16,1549,443,NA,1,5,4,3605,0,0,0,NA,0,NA,MISSION BL,RAMONA AV,198,E,N,A,-,N,NA,NA,NA,NA,NA,NA,NA,NA,NA,NA,4,0,1,2,A,-,08,22107,NA,F,B,G,A,A,H,-,A,A,0,NA,Y,NA,NA,Y,Y,A,01,0,0,1,0,0,0,1,0,0,-,-,34.05596923828125,-117.70690155029295,SAN BERNARDINO,MONTCLAIR,-117.70626068115234,34.055843353271484
9782139,2025,2025-02-19,3600,2025-01-30,1524,G4510,HI016,4,5,4,3618,0,0,0,NA,0,HI2,BASELINE ST,COLE AV,0,NA,Y,A,-,N,NA,NA,NA,NA,NA,NA,NA,NA,NA,N,3,0,1,2,A,-,09,21802,A,N,D,C,A,A,H,-,A,A,0,NA,NA,Y,NA,Y,NA,A,01,0,1,0,0,0,0,0,0,1,-,-,34.12128829956055,-117.2123565673828,SAN BERNARDINO,HIGHLAND,-117.21266174316406,34.12125015258789
9782594,2024,2025-02-19,3610,2024-12-03,1853,51264,NA,2,5,6,3610,0,0,0,NA,0,DAVID,5TH ST,N G ST,100,W,N,A,-,N,NA,NA,NA,NA,NA,NA,NA,NA,NA,N,4,0,1,2,A,-,03,22350,NA,N,C,C,A,A,H,-,D,A,0,NA,NA,NA,NA,Y,Y,A,01,0,0,1,0,0,0,0,0,0,-,-,NA,NA,SAN BERNARDINO,SAN BERNARDINO,-117.29898071289063,34.108314514160156
9782629,2024,2025-02-11,3610,2024-11-24,1959,51360,NA,7,5,6,3610,0,0,0,NA,0,DAVID,NORTH ARROWHEAD AV,W 2ND ST W,0,NA,Y,A,-,N,NA,NA,NA,NA,NA,NA,NA,NA,NA,Y,4,0,2,2,A,-,12,21453,A,N,D,C,A,A,H,-,C,A,0,NA,NA,NA,NA,Y,NA,A,01,0,0,2,0,0,0,0,0,0,-,-,NA,NA,SAN BERNARDINO,SAN BERNARDINO,-117.28964996337892,34.10271072387695
9782648,2025,2025-02-18,3600,2025-01-26,1108,H8994,HE218,7,5,5,3619,0,0,0,NA,0,HE2,MAIN ST,E AV,208,W,N,B,C,N,NA,NA,NA,NA,NA,NA,NA,NA,NA,Y,4,0,2,2,A,-,08,22107,NA,N,A,C,A,B,H,-,A,D,0,NA,NA,NA,NA,Y,NA,D,22,0,0,2,0,0,0,0,0,0,-,-,NA,NA,SAN BERNARDINO,HESPERIA,-117.293212890625,34.42032241821289
9782734,2025,2025-02-20,3600,2025-01-29,1625,H7754,YC207,3,5,4,3640,0,0,0,NA,0,YC1,YUCAIPA BL,CALIFORNIA ST,3,W,N,A,-,N,NA,NA,NA,NA,NA,NA,NA,NA,NA,Y,3,0,1,2,A,-,03,22350,NA,N,D,C,A,A,H,-,A,A,0,NA,NA,NA,NA,Y,NA,D,22,0,1,0,0,0,0,0,0,0,-,-,NA,NA,SAN BERNARDINO,YUCAIPA,-117.0389404296875,34.033939361572266
9783946,2025,2025-02-14,3600,2025-01-26,1434,H8994,HE5,7,5,5,3619,0,0,0,NA,0,HE308,COTTONWOOD AV,SULTANA ST,0,NA,Y,B,C,N,NA,NA,NA,NA,NA,NA,NA,NA,NA,Y,4,0,2,2,A,-,09,21802,A,N,D,C,A,B,H,-,A,A,0,NA,NA,NA,NA,Y,NA,A,01,0,0,2,0,0,0,0,0,0,-,-,NA,NA,SAN BERNARDINO,HESPERIA,-117.33834075927734,34.41896057128906
9784257,2025,2025-02-26,3600,2025-02-03,1730,G9804,LOMA,1,5,3,3615,0,0,0,NA,0,0LL,REDLANDS BL,ANDERSON ST,280,E,N,A,-,N,NA,NA,NA,NA,NA,NA,NA,NA,NA,N,3,0,2,2,A,-,08,21460,5,N,A,C,A,A,H,-,C,D,0,NA,NA,NA,NA,Y,NA,A,01,0,2,0,0,0,0,0,0,0,-,-,NA,NA,SAN BERNARDINO,LOMA LINDA,-117.26026916503906,34.06306076049805
9784747,2024,2025-02-28,3610,2024-12-20,215,51426,NA,5,5,6,3610,0,0,0,NA,0,DAVID,WEST 6TH,N G ST,13,E,N,A,-,N,NA,NA,NA,NA,NA,NA,NA,NA,NA,N,4,0,1,1,A,-,08,22107,NA,N,A,I,A,A,H,-,C,A,0,NA,NA,NA,NA,Y,NA,A,01,0,0,1,0,0,0,0,0,0,-,-,NA,NA,SAN BERNARDINO,SAN BERNARDINO,-117.2986068725586,34.11017990112305
9784838,2024,2025-03-06,3610,2024-12-20,1420,51465,NA,5,5,6,3610,0,0,0,NA,0,NA,KENDALL DR,3RD AV,0,NA,Y,A,-,N,NA,NA,NA,NA,NA,NA,NA,NA,NA,N,4,0,1,2,A,-,09,21802,A,N,B,C,A,A,H,-,A,A,0,NA,NA,NA,NA,Y,NA,A,01,0,0,1,0,0,0,0,0,0,-,-,34.164398193359375,-117.30587768554688,SAN BERNARDINO,SAN BERNARDINO,-117.30487060546876,34.163909912109375
9785839,2024,2025-03-20,3610,2024-12-26,1400,51552,NA,4,5,6,3610,0,0,0,NA,0,BAKER,HIGHLAND AV,MUSCUPIABE DR,0,NA,Y,A,-,N,NA,NA,NA,NA,NA,NA,NA,NA,NA,Y,4,0,1,2,A,-,03,22350,NA,N,C,C,A,A,H,-,A,A,0,NA,NA,NA,Y,Y,NA,F,25,0,0,1,0,0,0,0,0,0,-,-,NA,NA,SAN BERNARDINO,SAN BERNARDINO,-117.30769348144533,34.13602828979492
9788139,2025,2025-05-05,3600,2025-04-16,740,I9526,HE116,3,5,5,3619,0,0,0,NA,0,HE1,HESPERIA RD,EUCALYPTUS ST,0,NA,Y,A,-,N,NA,NA,NA,NA,NA,NA,NA,NA,NA,Y,4,0,1,2,A,-,09,21801,A,N,D,C,A,A,H,-,A,A,0,NA,NA,NA,NA,Y,NA,A,01,0,0,1,0,0,0,0,0,0,-,-,NA,NA,SAN BERNARDINO,HESPERIA,-117.29491424560548,34.45584487915039
9788164,2024,2025-04-29,3600,2024-12-06,1540,G7681,RC018,5,5,6,3616,0,0,0,NA,0,005,JERSEY BL,MONROE CT,0,NA,Y,A,-,N,NA,NA,NA,NA,NA,NA,NA,NA,NA,N,4,0,1,3,A,-,09,21801,A,N,A,C,A,A,H,-,A,D,0,NA,NA,NA,NA,Y,NA,A,01,0,0,1,0,0,0,0,0,0,-,-,NA,NA,SAN BERNARDINO,RANCHO CUCAMONGA,-117.5747528076172,34.09466552734375
9788376,2025,2025-05-23,3610,2025-03-20,10,51484,NA,4,5,6,3610,0,0,0,NA,0,CHARLI,RT 18,MILE MARKER 11.19,0,N,-,A,-,Y,SBD,8,18,-,R,11.19,H,-,S,Y,4,0,1,1,A,-,03,22350,NA,N,E,J,A,A,H,-,D,D,0,NA,NA,NA,NA,Y,NA,A,07,0,0,1,0,0,0,0,0,0,-,-,34.194129943847656,-117.27897644042967,SAN BERNARDINO,SAN BERNARDINO,-117.27770233154295,34.19300842285156