CASE_ID,ACCIDENT_YEAR,PROC_DATE,JURIS,COLLISION_DATE,COLLISION_TIME,OFFICER_ID,REPORTING_DISTRICT,DAY_OF_WEEK,CHP_SHIFT,POPULATION,CNTY_CITY_LOC,SPECIAL_COND,BEAT_TYPE,CHP_BEAT_TYPE,CITY_DIVISION_LAPD,CHP_BEAT_CLASS,BEAT_NUMBER,PRIMARY_RD,SECONDARY_RD,DISTANCE,DIRECTION,INTERSECTION,WEATHER_1,WEATHER_2,STATE_HWY_IND,CALTRANS_COUNTY,CALTRANS_DISTRICT,STATE_ROUTE,ROUTE_SUFFIX,POSTMILE_PREFIX,POSTMILE,LOCATION_TYPE,RAMP_INTERSECTION,SIDE_OF_HWY,TOW_AWAY,COLLISION_SEVERITY,NUMBER_KILLED,NUMBER_INJURED,PARTY_COUNT,PRIMARY_COLL_FACTOR,PCF_CODE_OF_VIOL,PCF_VIOL_CATEGORY,PCF_VIOLATION,PCF_VIOL_SUBSECTION,HIT_AND_RUN,TYPE_OF_COLLISION,MVIW,PED_ACTION,ROAD_SURFACE,ROAD_COND_1,ROAD_COND_2,LIGHTING,CONTROL_DEVICE,CHP_ROAD_TYPE,PEDESTRIAN_ACCIDENT,BICYCLE_ACCIDENT,MOTORCYCLE_ACCIDENT,TRUCK_ACCIDENT,NOT_PRIVATE_PROPERTY,ALCOHOL_INVOLVED,STWD_VEHTYPE_AT_FAULT,CHP_VEHTYPE_AT_FAULT,COUNT_SEVERE_INJ,COUNT_VISIBLE_INJ,COUNT_COMPLAINT_PAIN,COUNT_PED_KILLED,COUNT_PED_INJURED,COUNT_BICYCLIST_KILLED,COUNT_BICYCLIST_INJURED,COUNT_MC_KILLED,COUNT_MC_INJURED,PRIMARY_RAMP,SECONDARY_RAMP,LATITUDE,LONGITUDE,COUNTY,CITY,POINT_X,POINT_Y
6902097,2015,2016-10-05,9855,2015-03-09,1650,017313,NA,1,2,6,3607,0,1,1,NA,2,152,RT 15,AIRPORT DR,350,S,N,A,-,Y,SBD,8,15,-,-,1.99,H,-,N,Y,4,0,1,5,A,-,07,21658,A,N,B,C,A,A,H,-,A,D,1,NA,NA,NA,NA,Y,NA,A,08,0,0,1,0,0,0,0,0,0,-,-,34.08033,-117.55637,SAN BERNARDINO,ONTARIO,-117.54477285,34.0617694
6902746,2015,2015-05-18,9865,2015-04-21,0745,012581,NA,2,1,9,3600,0,3,5,NA,2,003,HILLEN DALE DR,SUGARLOAF BL,0,NA,Y,B,-,N,NA,NA,NA,NA,NA,NA,NA,NA,NA,Y,4,0,2,2,A,-,09,21802,A,N,D,C,A,A,H,-,A,A,0,NA,NA,NA,NA,Y,NA,D,22,0,0,2,0,0,0,0,0,0,-,-,34.25792,-116.86224,SAN BERNARDINO,UNINCORPORATED,-116.86221012,34.25782007
6902764,2015,2016-10-10,9855,2015-02-18,0910,12923,NA,3,1,6,3604,0,1,1,NA,2,101,RT 10,ETIWANDA AV,1655,E,N,A,-,Y,SBD,8,10,-,-,11.44,H,-,W,Y,4,0,1,2,A,-,07,21658,A,F,E,I,A,A,H,-,A,D,1,NA,NA,NA,Y,Y,NA,G,25,0,0,1,0,0,0,0,0,0,-,-,34.06692,-117.51244,SAN BERNARDINO,FONTANA,-117.51874864,34.06789497
6902804,2015,2016-10-04,9855,2015-03-27,1653,016801,NA,5,2,6,3604,0,1,1,NA,2,153,RT 15,DUNCAN CANYON RD,450,S,N,A,-,Y,SBD,8,15,-,-,10.94,H,-,N,N,4,0,1,2,A,-,03,22350,NA,N,C,C,A,A,H,-,A,D,1,NA,NA,NA,NA,Y,NA,A,01,0,0,1,0,0,0,0,0,0,-,-,34.16336,-117.46293,SAN BERNARDINO,FONTANA,-117.46224578,34.16405095
6902853,2015,2016-09-27,9855,2015-02-05,1924,020913,NA,4,2,6,3616,0,1,1,NA,2,203,RT 210,MILLIKEN AV,2220,W,N,A,-,Y,SBD,8,210,-,-,7.49,H,-,E,Y,3,0,1,2,A,-,01,23152,E,N,B,E,A,A,H,-,D,D,1,NA,NA,NA,Y,Y,NA,D,22,0,1,0,0,0,0,0,0,0,-,-,34.13635,-117.566,SAN BERNARDINO,RANCHO CUCAMONGA,-117.56588709,34.13655374
6863381,2015,2015-04-03,3611,2015-02-01,1250,3009,NA,7,5,5,3611,0,0,0,NA,0,002,SAN ANTONIO AV,ARROW HWY,0,NA,Y,A,-,N,NA,NA,NA,NA,NA,NA,NA,NA,NA,N,3,0,1,2,A,-,05,21650,1,M,D,G,A,A,H,-,A,A,0,NA,Y,NA,NA,Y,NA,L,04,0,1,0,0,0,0,1,0,0,-,-,NA,NA,SAN BERNARDINO,UPLAND,-117.66078004,34.09970012
6905633,2015,2017-04-25,9860,2015-03-18,0420,19251,NA,3,3,9,3600,0,3,5,NA,2,002,CAJON BL,DEVORE RD,6336,S,N,A,-,N,NA,NA,NA,NA,NA,NA,NA,NA,NA,Y,1,1,0,1,A,-,08,22107,NA,N,E,I,A,A,B,-,C,D,0,NA,NA,NA,NA,Y,NA,A,01,0,0,0,0,0,0,0,0,0,-,-,34.20778,-117.3864,SAN BERNARDINO,UNINCORPORATED,-117.38704292,34.2085659
6834658,2015,2016-03-08,3600,2015-01-16,1142,F5120,AP009,5,5,5,3621,0,0,0,NA,0,NA,BEAR VALLEY RD,REATA RD,0,NA,Y,A,-,N,NA,NA,NA,NA,NA,NA,NA,NA,NA,Y,3,0,3,4,A,-,03,22350,NA,N,C,C,A,A,H,-,A,A,0,NA,NA,NA,NA,Y,NA,A,81,0,1,2,0,0,0,0,0,0,-,-,NA,NA,SAN BERNARDINO,APPLE VALLEY,-117.24525006,34.47114003
6908080,2015,2015-05-19,3602,2015-04-20,0829,3034,NA,1,5,5,3602,0,0,0,NA,0,NA,KIMBALL AV,MILL CREEK AV,730,W,N,A,-,N,NA,NA,NA,NA,NA,NA,NA,NA,NA,Y,4,0,1,3,A,-,03,22350,NA,N,C,C,A,A,H,-,A,D,0,NA,NA,NA,NA,Y,NA,A,07,0,0,1,0,0,0,0,0,0,-,-,NA,NA,SAN BERNARDINO,CHINO,-117.63462114,33.96857219
6835480,2015,2015-03-13,3600,2015-02-16,1749,S2984,YC105,1,5,4,3640,0,0,0,NA,0,YC1,YUCAIPA BL,7TH ST,15,W,N,A,-,N,NA,NA,NA,NA,NA,NA,NA,NA,NA,N,4,0,1,2,A,-,10,21950,NA,N,G,B,B,A,H,-,C,A,0,Y,NA,NA,NA,Y,NA,A,01,0,0,1,0,1,0,0,0,0,-,-,NA,NA,SAN BERNARDINO,YUCAIPA,-117.06498929,34.03402197
6845036,2015,2015-03-16,9865,2015-01-18,0500,19929,NA,7,3,9,3600,0,2,4,NA,2,013,LAKE GREGORY DR,OLTEN DR,135,E,N,A,-,N,NA,NA,NA,NA,NA,NA,NA,NA,NA,Y,3,0,1,1,A,-,01,23152,A,N,E,I,A,A,H,-,C,D,0,NA,NA,NA,NA,Y,Y,A,01,0,1,0,0,0,0,0,0,0,-,-,34.23451,-117.26569,SAN BERNARDINO,UNINCORPORATED,-117.26622373,34.23454
6846133,2015,2016-10-11,9834,2015-02-23,0410,018343,NA,1,3,9,3600,0,1,1,NA,2,048,RT 40,FIVE MILE RD,2640,W,N,C,-,Y,SBD,8,40,-,-,147.6,H,-,E,Y,3,0,1,1,A,-,03,22350,NA,N,F,A,A,B,H,-,D,D,1,NA,NA,NA,NA,Y,NA,A,07,0,1,0,0,0,0,0,0,0,-,-,34.77051,-114.57905,SAN BERNARDINO,UNINCORPORATED,-114.57970359,34.77012299
6846162,2015,2015-03-17,9860,2015-01-14,1110,12988,NA,3,1,9,3600,0,3,5,NA,2,003,CRAFTON AV,NICE AV,0,NA,Y,A,-,N,NA,NA,NA,NA,NA,NA,NA,NA,NA,Y,3,0,2,2,A,-,12,22450,A,N,D,C,A,A,H,-,A,A,0,NA,NA,NA,NA,Y,NA,A,01,0,2,0,0,0,0,0,0,0,-,-,34.06632,-117.12167,SAN BERNARDINO,UNINCORPORATED,-117.1215901,34.06629003
6909471,2015,2016-11-14,9835,2015-04-26,2055,020973,NA,7,2,9,3600,0,1,2,NA,1,014,RT 395,RT 58,68640,N,N,A,-,Y,SBD,8,395,-,-,58.71,H,-,N,Y,3,0,2,1,A,-,08,22107,NA,N,F,A,A,A,H,-,D,D,0,NA,NA,NA,NA,Y,NA,A,01,0,1,1,0,0,0,0,0,0,-,-,35.1689,-117.59076,SAN BERNARDINO,UNINCORPORATED,-117.59188433,35.17275667
6910172,2015,2015-05-18,3605,2015-04-04,0947,336,NA,6,5,4,3605,0,0,0,NA,0,NA,MONTE VISTA AV,BENITO ST,0,NA,Y,A,-,N,NA,NA,NA,NA,NA,NA,NA,NA,NA,Y,3,0,1,2,A,-,09,21801,A,N,-,C,A,A,H,-,A,A,0,NA,NA,NA,NA,Y,NA,A,01,0,1,0,0,0,0,0,0,0,-,-,NA,NA,SAN BERNARDINO,MONTCLAIR,-117.6982701,34.07401007
6910180,2015,2015-05-18,3605,2015-04-14,1917,336,NA,2,5,4,3605,0,0,0,NA,0,NA,CENTRAL AV,MORENO ST,275,S,N,A,-,N,NA,NA,NA,NA,NA,NA,NA,NA,NA,N,4,0,1,2,A,-,03,22350,A,N,-,C,A,A,H,-,A,A,0,NA,NA,NA,NA,Y,NA,A,07,0,0,1,0,0,0,0,0,0,-,-,NA,NA,SAN BERNARDINO,MONTCLAIR,-117.6897065,34.0880163
6910595,2015,2015-05-18,3611,2015-03-13,0535,2325,NA,5,5,5,3611,0,0,0,NA,0,003,16TH ST,UPLAND HILLS DR,286,E,N,A,-,N,NA,NA,NA,NA,NA,NA,NA,NA,NA,Y,3,0,1,1,A,-,08,22107,NA,N,E,I,A,A,H,-,C,A,0,NA,NA,NA,NA,Y,NA,A,01,0,1,0,0,0,0,0,0,0,-,-,NA,NA,SAN BERNARDINO,UPLAND,-117.63539754,34.12156
6911237,2015,2016-12-09,9870,2015-04-16,0025,20890,NA,4,3,9,3600,0,1,3,NA,1,031,RT 62,SUN VIEW AV,185,E,N,A,-,Y,SBD,8,62,-,-,22.46,H,-,E,N,2,0,1,1,C,-,18,NA,NA,N,H,A,A,A,H,-,D,D,0,NA,NA,NA,NA,Y,NA,-,-,1,0,0,0,0,0,0,0,0,-,-,34.13509,-116.24221,SAN BERNARDINO,UNINCORPORATED,-116.24198698,34.13516434
6911354,2015,2015-05-16,9850,2015-04-29,1710,019278,NA,3,2,9,3600,0,3,5,NA,2,004,MIDWAY AV,RABBIT SPRINGS RD,550,N,N,A,-,N,NA,NA,NA,NA,NA,NA,NA,NA,NA,N,3,0,1,2,A,-,03,22350,NA,F,H,G,A,A,H,-,A,D,0,NA,Y,NA,NA,Y,NA,A,01,0,1,0,0,0,0,1,0,0,-,-,34.46048,-116.90249,SAN BERNARDINO,UNINCORPORATED,-116.90248,34.46006598
6854201,2014,2016-01-12,3602,2014-10-03,2046,3299,NA,5,5,5,3602,0,0,0,NA,0,005,PINE AV,MEADOWHOUSE AV,1078,E,N,A,-,N,NA,NA,NA,NA,NA,NA,NA,NA,NA,Y,1,5,0,3,A,-,03,22350,NA,N,A,C,A,A,H,-,D,D,0,NA,NA,NA,NA,Y,Y,D,22,0,0,0,0,0,0,0,0,0,-,-,NA,NA,SAN BERNARDINO,CHINO,-117.63786599,33.95668709
6912092,2015,2016-10-05,9855,2015-03-06,1844,019420,NA,5,2,6,3604,0,1,1,NA,2,153,RT 15,SIERRA AV,700,S,N,A,-,Y,SBD,8,15,-,-,12.59,H,-,S,Y,4,0,1,3,A,-,07,21658,A,F,B,C,A,A,H,-,D,D,1,NA,NA,NA,NA,Y,NA,A,01,0,0,1,0,0,0,0,0,0,-,-,34.17805,-117.44791,SAN BERNARDINO,FONTANA,-117.44009473,34.17913426
6912100,2015,2017-06-16,9855,2015-03-13,2315,020460,NA,5,3,5,3602,0,1,3,NA,2,603,RT 60,EUCLID AV,2112,W,N,A,-,Y,SBD,8,60,-,R,3.77,H,-,E,N,4,0,1,2,-,-,-,NA,NA,N,B,C,A,A,H,-,C,D,1,NA,NA,NA,NA,Y,NA,-,-,0,0,1,0,0,0,0,0,0,-,-,34.03041,-117.65977,SAN BERNARDINO,CHINO,-117.66498614,34.03027584
6912101,2015,2016-10-13,9855,2015-03-18,1655,013381,NA,3,2,6,3607,0,1,1,NA,2,101,RT 10,MILLIKEN AV,928,W,N,A,-,Y,SBD,8,10,-,-,8.79,H,-,E,Y,4,0,1,2,A,-,03,22350,NA,N,C,C,A,A,H,-,A,D,1,NA,NA,NA,NA,Y,NA,A,01,0,0,1,0,0,0,0,0,0,-,-,NA,NA,SAN BERNARDINO,ONTARIO,-117.56493769,34.06739902
6912133,2015,2016-09-12,9865,2015-03-25,1630,014696,NA,3,2,9,3600,0,1,3,NA,2,017,RT 173,KUFFEL CANYON RD,0,NA,Y,A,-,Y,SBD,8,173,-,-,20.97,I,5,W,Y,3,0,2,2,A,-,09,21801,A,N,A,C,A,A,H,-,A,A,0,NA,NA,NA,NA,Y,NA,A,01,0,1,1,0,0,0,0,0,0,-,-,34.24678,-117.1843,SAN BERNARDINO,UNINCORPORATED,-117.18412102,34.24698694
6912134,2015,2016-09-12,9865,2015-03-28,1425,020822,NA,6,2,9,3600,0,1,3,NA,2,015,RT 189,RT 173,350,N,N,A,-,Y,SBD,8,189,-,-,5.33,I,5,W,Y,4,0,3,2,A,-,03,22350,NA,N,D,C,A,A,H,-,A,A,0,NA,NA,NA,NA,Y,NA,A,01,0,0,3,0,0,0,0,0,0,-,-,34.25091,-117.19173,SAN BERNARDINO,UNINCORPORATED,-117.19203735,34.25075372
6854579,2014,2015-05-19,3600,2014-09-06,0349,D2486,AD310,6,5,3,3613,0,0,0,NA,0,002,ADELANTO RD,RT 395,0,NA,Y,A,-,Y,SBD,8,395,-,-,13.56,H,-,N,Y,1,1,0,2,A,-,11,21956,A,N,G,B,E,A,H,-,D,A,0,Y,NA,NA,NA,Y,Y,N,60,0,0,0,1,0,0,0,0,0,-,-,NA,NA,SAN BERNARDINO,ADELANTO,-117.39953054,34.54217676
6912217,2015,2016-10-05,9855,2015-02-10,0620,011856,NA,2,1,5,3611,0,1,1,NA,2,203,RT 210,BASELINE RD,1584,E,N,A,-,Y,SBD,8,210,-,-,0.01,H,-,W,N,4,0,1,1,A,-,03,22350,NA,N,F,A,A,A,H,-,B,D,1,NA,NA,Y,NA,Y,NA,C,02,0,0,1,0,0,0,0,0,1,-,-,34.12523,-117.69148,SAN BERNARDINO,UPLAND,-117.6921818,34.1247791
6856001,2015,2015-03-26,3608,2015-03-07,1937,4202,3608,6,5,5,3608,0,0,0,NA,0,NA,BROOKSIDE AV,EUREKA ST,0,NA,Y,A,-,N,NA,NA,NA,NA,NA,NA,NA,NA,NA,N,4,0,2,2,A,-,09,21801,A,N,D,C,A,A,H,-,C,A,0,NA,NA,NA,NA,Y,NA,A,01,0,0,2,0,0,0,0,0,0,-,-,NA,NA,SAN BERNARDINO,REDLANDS,-117.18557011,34.05549009
6887325,2015,2015-05-18,3604,2015-04-02,0735,683,NA,4,5,6,3604,0,0,0,NA,0,NA,BASELINE RD,LAUREL,401,E,N,A,-,N,NA,NA,NA,NA,NA,NA,NA,NA,NA,N,4,0,1,2,A,-,03,22350,NA,N,C,E,A,A,H,-,A,D,0,NA,NA,NA,NA,Y,NA,A,07,0,0,1,0,0,0,0,0,0,-,-,NA,NA,SAN BERNARDINO,FONTANA,-117.41272892,34.12133
6888524,2015,2016-11-19,9860,2015-04-08,0340,018275,NA,3,3,6,3610,0,1,1,NA,2,214,RT 215,ORANGE SHOW RD,528,S,N,A,-,Y,SBD,8,215,-,-,4.93,H,-,N,Y,4,0,1,1,A,-,08,22107,NA,N,E,I,A,A,H,-,D,D,1,NA,NA,NA,NA,Y,NA,A,01,0,0,1,0,0,0,0,0,0,-,-,34.18998,-117.36223,SAN BERNARDINO,SAN BERNARDINO,-117.29577174,34.07689137
6895022,2015,2015-05-01,3602,2015-02-04,2138,3351,NA,3,5,5,3602,0,0,0,NA,0,003,CHINO AV,RAMONA AV,0,NA,Y,A,-,N,NA,NA,NA,NA,NA,NA,NA,NA,NA,Y,4,0,2,2,A,-,12,21453,A,N,D,C,A,A,H,-,C,A,0,NA,NA,NA,NA,Y,NA,A,08,0,0,2,0,0,0,0,0,0,-,-,NA,NA,SAN BERNARDINO,CHINO,-117.70668009,34.01170009
6916395,2015,2015-05-29,3610,2015-04-25,1943,50700,NA,6,5,6,3610,0,0,0,NA,0,NA,WEST 4TH,N F ST,0,NA,Y,C,-,N,NA,NA,NA,NA,NA,NA,NA,NA,NA,N,3,0,1,2,A,-,11,21453,D,N,G,B,B,B,H,-,C,A,0,Y,NA,NA,NA,Y,NA,A,01,0,1,0,0,1,0,0,0,0,-,-,NA,NA,SAN BERNARDINO,SAN BERNARDINO,-117.29641007,34.10643006
6917356,2014,2015-05-28,9855,2014-11-18,1530,12993,NA,2,2,6,3604,0,1,1,NA,2,201,RT 210,BEECH AV,1056,W,N,A,-,Y,NA,NA,NA,NA,NA,NA,NA,NA,NA,N,4,0,1,2,A,-,03,22350,NA,F,C,C,A,A,H,-,A,D,0,NA,NA,NA,NA,Y,NA,A,07,0,0,1,0,0,0,0,0,0,-,-,34.81046,-117.28358,SAN BERNARDINO,FONTANA,-117.47444975,34.13669031
6917360,2014,2015-05-28,9855,2014-11-14,1555,13381,NA,5,2,6,3607,0,1,1,NA,2,101,RT 10,MILLIKEN AV,1335,E,N,B,-,Y,NA,NA,NA,NA,NA,NA,NA,NA,NA,Y,4,0,1,3,A,-,03,22350,NA,N,C,C,A,A,H,-,A,D,0,NA,NA,NA,NA,Y,NA,A,07,0,0,1,0,0,0,0,0,0,-,-,NA,NA,SAN BERNARDINO,ONTARIO,-117.55806,34.06756
6917964,2015,2015-05-20,3608,2015-04-20,2051,4032,NA,1,5,5,3608,0,0,0,NA,0,NA,E SUNSET DR NORTH,VALLE DEL SOL,528,E,N,A,-,N,NA,NA,NA,NA,NA,NA,NA,NA,NA,N,3,0,1,1,A,-,03,22350,NA,N,F,I,A,A,H,-,C,A,0,NA,NA,NA,NA,Y,NA,A,01,0,1,0,0,0,0,0,0,0,-,-,NA,NA,SAN BERNARDINO,REDLANDS,-117.13298711,34.0278846
6919347,2015,2015-10-12,9855,2015-05-12,1425,14973,NA,2,2,5,3602,0,3,5,NA,2,004,RAMONA AV,FRANCIS AV,101,S,N,A,-,N,NA,NA,NA,NA,NA,NA,NA,NA,NA,Y,4,0,2,2,A,-,03,22350,NA,N,C,C,A,A,H,-,A,A,0,NA,NA,NA,NA,Y,NA,A,01,0,0,2,0,0,0,0,0,0,-,-,34.04049,-117.70689,SAN BERNARDINO,CHINO,-117.70695,34.04044317
6896711,2014,2015-05-14,9855,2014-10-27,1615,018313,NA,1,2,5,3611,0,1,1,NA,2,203,RT 210,MOUNTAIN AV,1800,E,N,A,-,Y,NA,NA,210,NA,NA,NA,NA,NA,NA,Y,3,0,2,2,A,-,03,22350,NA,N,C,C,A,A,H,-,A,D,0,NA,NA,NA,NA,Y,NA,A,01,0,1,1,0,0,0,0,0,0,-,-,34.13465,-117.66013,SAN BERNARDINO,UPLAND,-117.66012909,34.13452493
6901146,2015,2015-05-01,3604,2015-03-28,1530,1110,NA,6,5,6,3604,0,0,0,NA,0,NA,WEST LIBERTY PKWY,DAY CANYON DR,0,NA,Y,A,-,N,NA,NA,NA,NA,NA,NA,NA,NA,NA,N,4,0,1,2,A,-,09,21802,A,N,D,C,A,A,H,-,A,A,0,NA,NA,NA,NA,Y,NA,A,01,0,0,1,0,0,0,0,0,0,-,-,NA,NA,SAN BERNARDINO,FONTANA,-117.51074008,34.11746012
6923207,2015,2016-12-20,9855,2015-08-20,0320,18000,NA,4,3,5,3611,0,1,1,NA,2,103,RT 10,SULTANA AV,75,E,N,A,-,Y,SBD,8,10,-,-,3.76,H,-,E,Y,2,0,2,3,A,-,03,22350,NA,N,D,C,E,A,H,-,C,D,1,Y,NA,NA,NA,Y,Y,A,01,1,1,0,0,1,0,0,0,0,-,-,34.08727,-117.64536,SAN BERNARDINO,UPLAND,-117.64615094,34.08728682
6924586,2015,2016-11-28,9860,2015-05-19,1540,13945,NA,2,2,4,3603,0,1,1,NA,2,214,RT 215,IOWA AV,328,S,N,A,-,Y,SBD,8,215,-,-,0.34,H,-,S,Y,4,0,2,3,A,-,03,22350,NA,N,C,C,A,A,D,-,A,D,1,NA,NA,NA,NA,Y,NA,A,01,0,0,2,0,0,0,0,0,0,-,-,34.02311,-117.33618,SAN BERNARDINO,COLTON,-117.33613798,34.02339308
6924665,2015,2016-11-19,9860,2015-04-22,0150,19027,NA,3,3,4,3640,0,1,1,NA,2,331,RT 10,COUNTY LINE RD,4752,W,N,B,-,Y,SBD,8,10,-,R,38.277,R,4,E,Y,3,0,1,2,A,-,01,23152,A,N,C,E,A,A,H,-,C,D,1,NA,NA,NA,Y,Y,Y,A,01,0,1,0,0,0,0,0,0,0,-,-,34.01261,-117.07653,SAN BERNARDINO,YUCAIPA,-117.07523979,34.0126385
6924668,2015,2016-12-08,9860,2015-05-12,0750,13945,NA,2,1,4,3603,0,1,1,NA,2,103,RT 10,HUNTS LN,1056,W,N,B,-,Y,SBD,8,10,-,R,24.55,H,-,E,N,4,0,1,2,A,-,07,21658,A,N,B,C,A,A,H,-,A,D,1,NA,NA,NA,NA,Y,NA,-,-,0,0,1,0,0,0,0,0,0,-,-,34.06327,-117.29186,SAN BERNARDINO,COLTON,-117.29120088,34.06335367
6924849,2015,2015-06-10,3610,2015-05-18,0049,7145,SBO,1,5,6,3610,0,0,0,NA,0,NA,NORTHPARK BL,COYOTE DR,321,E,N,A,-,N,NA,NA,NA,NA,NA,NA,NA,NA,NA,Y,4,0,2,2,A,-,03,22350,NA,N,A,C,A,A,H,-,D,D,0,NA,NA,NA,NA,Y,NA,-,NA,0,0,2,0,0,0,0,0,0,-,-,34.17897,-117.31394,SAN BERNARDINO,SAN BERNARDINO,-117.31882,34.17786
6925710,2015,2016-10-05,9855,2015-02-28,2313,19495,NA,6,3,5,3611,0,1,1,NA,2,203,RT 210,MOUNTAIN AV,50,W,N,C,-,Y,SBD,8,210,-,-,1.48,H,-,E,Y,4,0,1,1,A,-,03,22350,NA,N,E,I,A,B,H,-,C,D,1,NA,NA,NA,NA,Y,NA,D,22,0,0,1,0,0,0,0,0,0,-,-,34.134,-117.678,SAN BERNARDINO,UPLAND,-117.67066355,34.13455906
6862989,2015,2015-03-28,9850,2015-03-10,1430,20899,NA,2,2,9,3600,0,2,4,NA,2,066,PHELAN RD,JOSHUA LN,291,W,N,A,-,N,NA,NA,NA,NA,NA,NA,NA,NA,NA,N,4,0,1,2,A,-,03,22350,NA,N,B,C,A,A,H,-,A,D,0,NA,NA,Y,NA,Y,NA,C,02,0,0,1,0,0,0,0,0,1,-,-,34.42651,-117.56226,SAN BERNARDINO,UNINCORPORATED,-117.56250227,34.42636043
6926187,2014,2015-05-28,9855,2014-11-30,1455,18313,NA,7,2,9,3600,0,3,5,NA,2,001,RANDALL AV,LIVE OAK AV,50,E,N,B,-,N,NA,NA,NA,NA,NA,NA,NA,NA,NA,N,4,0,1,2,A,-,03,22350,NA,N,C,C,A,B,H,-,A,A,0,NA,NA,NA,NA,Y,NA,D,22,0,0,1,0,0,0,0,0,0,-,-,34.0847,-117.47972,SAN BERNARDINO,UNINCORPORATED,-117.47972534,34.08470898
6926202,2014,2015-07-06,9855,2014-11-08,1840,20913,NA,6,2,6,3607,0,1,1,NA,2,152,RT 15,6TH ST,1320,N,N,A,-,Y,NA,NA,NA,NA,NA,NA,NA,NA,NA,Y,3,0,3,4,D,-,00,NA,NA,N,C,C,A,A,H,-,D,D,0,NA,NA,NA,Y,Y,NA,-,-,0,2,1,0,0,0,0,0,0,-,-,34.09364,-117.5432,SAN BERNARDINO,ONTARIO,NA,NA
6927045,2015,2016-12-13,9855,2015-04-14,1725,015498,NA,2,2,6,3607,0,1,1,NA,2,103,RT 10,VINEYARD AV,2112,E,N,A,-,Y,SBD,8,10,-,-,6.5,H,-,E,N,4,0,1,3,A,-,03,22350,NA,F,C,C,A,A,H,-,A,D,1,NA,NA,NA,NA,Y,NA,A,01,0,0,1,0,0,0,0,0,0,-,-,34.2465,-117.5601,SAN BERNARDINO,ONTARIO,-117.60462196,34.06823623
6862995,2015,2016-10-05,9850,2015-03-07,1303,20898,NA,6,1,5,3621,0,1,1,NA,2,084,RT 15,STODDARD WELLS RD,1056,S,N,A,-,Y,SBD,8,15,-,-,44.13,H,-,S,Y,3,0,5,1,A,-,08,22107,NA,N,F,A,A,A,H,-,A,D,1,NA,NA,NA,NA,Y,NA,A,08,0,1,4,0,0,0,0,0,0,-,-,34.55074,-117.29262,SAN BERNARDINO,APPLE VALLEY,-117.29187709,34.55101223
6906440,2015,2016-11-19,9855,2015-04-01,1205,12480,NA,3,1,6,3607,0,1,1,NA,2,101,RT 10,RT 15,2640,E,N,A,-,Y,SBD,8,10,-,-,10.44,H,-,E,Y,4,0,1,3,A,-,07,21658,A,N,B,C,A,A,H,-,A,D,1,NA,NA,NA,Y,Y,NA,A,07,0,0,1,0,0,0,0,0,0,-,-,34.0672,-117.5345,SAN BERNARDINO,ONTARIO,-117.53615701,34.06727272
6908674,2015,2016-09-15,9865,2015-03-15,1357,020872,NA,7,1,9,3600,0,1,3,NA,1,034,RT 18,DELTA WY,4752,N,N,A,-,Y,SBD,8,18,-,-,59.75,H,-,S,Y,4,0,1,1,A,-,03,22350,NA,N,F,I,A,A,H,-,A,D,0,NA,NA,NA,NA,Y,NA,A,01,0,0,1,0,0,0,0,0,0,-,-,34.29675,-116.80052,SAN BERNARDINO,UNINCORPORATED,-116.8010579,34.29712751
6864218,2015,2016-04-29,3600,2015-03-05,1513,A9113,RC006,4,5,6,3616,0,0,0,NA,0,004,FOOTHILL BL,MASI DR,92,E,N,A,-,N,NA,NA,NA,NA,NA,NA,NA,NA,NA,N,4,0,1,2,A,-,03,22350,NA,N,C,C,A,A,H,-,A,A,0,NA,NA,NA,NA,Y,NA,A,07,0,0,1,0,0,0,0,0,0,-,-,NA,NA,SAN BERNARDINO,RANCHO CUCAMONGA,-117.54870692,34.10646
6865521,2015,2015-04-17,3608,2015-03-18,1536,3675,NA,3,5,5,3608,0,0,0,NA,0,NA,ALESSANDRO RD,SAN TIMOTEO CANYON RD,0,NA,Y,A,-,N,NA,NA,NA,NA,NA,NA,NA,NA,NA,Y,3,0,1,2,A,-,03,22350,NA,N,C,C,A,A,H,-,A,A,0,NA,NA,NA,NA,Y,NA,D,22,0,1,0,0,0,0,0,0,0,-,-,NA,NA,SAN BERNARDINO,REDLANDS,-117.18191004,34.01180009
6870327,2015,2016-03-08,9834,2015-03-13,0500,20782,NA,5,3,9,3600,0,2,4,NA,1,031,NEEDLES HWY,AHA MACAY PKWY,2112,N,N,A,-,N,NA,NA,NA,NA,NA,NA,NA,NA,NA,Y,3,0,1,1,A,-,01,23152,A,M,F,A,A,A,H,-,D,A,0,NA,NA,NA,NA,Y,Y,A,01,0,1,0,0,0,0,0,0,0,-,-,35.01954,-115.6698,SAN BERNARDINO,UNINCORPORATED,-114.6704638,35.01970329
6879064,2015,2015-04-27,3609,2015-03-10,1520,5550,06,2,5,5,3609,0,0,0,NA,0,002,RIVERSIDE AV,LINDEN AV,0,NA,Y,A,-,N,NA,NA,NA,NA,NA,NA,NA,NA,NA,Y,3,0,5,2,A,-,09,21802,A,N,D,D,A,A,H,-,A,D,0,NA,NA,NA,NA,Y,NA,A,08,0,4,1,0,0,0,0,0,0,-,-,NA,NA,SAN BERNARDINO,RIALTO,-117.3990401,34.15591007
6881441,2015,2015-04-24,3600,2015-03-15,2328,H2968,3600,7,5,4,3640,0,0,0,NA,0,YC1,BRYANT ST,SCHAFER RANCH RD,0,NA,Y,A,-,N,NA,NA,NA,NA,NA,NA,NA,NA,NA,Y,3,0,2,2,A,-,09,21804,A,N,D,C,A,A,H,-,C,A,0,NA,NA,NA,NA,Y,NA,A,01,0,1,1,0,0,0,0,0,0,-,-,NA,NA,SAN BERNARDINO,YUCAIPA,-117.03446004,34.05248008