CASE_ID,ACCIDENT_YEAR,PROC_DATE,JURIS,COLLISION_DATE,COLLISION_TIME,OFFICER_ID,REPORTING_DISTRICT,DAY_OF_WEEK,CHP_SHIFT,POPULATION,CNTY_CITY_LOC,SPECIAL_COND,BEAT_TYPE,CHP_BEAT_TYPE,CITY_DIVISION_LAPD,CHP_BEAT_CLASS,BEAT_NUMBER,PRIMARY_RD,SECONDARY_RD,DISTANCE,DIRECTION,INTERSECTION,WEATHER_1,WEATHER_2,STATE_HWY_IND,CALTRANS_COUNTY,CALTRANS_DISTRICT,STATE_ROUTE,ROUTE_SUFFIX,POSTMILE_PREFIX,POSTMILE,LOCATION_TYPE,RAMP_INTERSECTION,SIDE_OF_HWY,TOW_AWAY,COLLISION_SEVERITY,NUMBER_KILLED,NUMBER_INJURED,PARTY_COUNT,PRIMARY_COLL_FACTOR,PCF_CODE_OF_VIOL,PCF_VIOL_CATEGORY,PCF_VIOLATION,PCF_VIOL_SUBSECTION,HIT_AND_RUN,TYPE_OF_COLLISION,MVIW,PED_ACTION,ROAD_SURFACE,ROAD_COND_1,ROAD_COND_2,LIGHTING,CONTROL_DEVICE,CHP_ROAD_TYPE,PEDESTRIAN_ACCIDENT,BICYCLE_ACCIDENT,MOTORCYCLE_ACCIDENT,TRUCK_ACCIDENT,NOT_PRIVATE_PROPERTY,ALCOHOL_INVOLVED,STWD_VEHTYPE_AT_FAULT,CHP_VEHTYPE_AT_FAULT,COUNT_SEVERE_INJ,COUNT_VISIBLE_INJ,COUNT_COMPLAINT_PAIN,COUNT_PED_KILLED,COUNT_PED_INJURED,COUNT_BICYCLIST_KILLED,COUNT_BICYCLIST_INJURED,COUNT_MC_KILLED,COUNT_MC_INJURED,PRIMARY_RAMP,SECONDARY_RAMP,LATITUDE,LONGITUDE,COUNTY,CITY,POINT_X,POINT_Y
7181901,2016,2016-02-22,3602,2016-01-12,1655,3368,64,2,5,5,3602,0,0,0,NA,0,003,RAMONA AV,WILSON ST,335,N,N,A,-,N,NA,NA,NA,NA,NA,NA,NA,NA,NA,N,4,0,1,2,A,-,03,22350,NA,N,C,C,A,A,H,-,B,D,0,NA,NA,NA,NA,Y,NA,A,01,0,0,1,0,0,0,0,0,0,-,-,NA,NA,SAN BERNARDINO,CHINO,-117.70679548,34.02273809
7183391,2015,2017-01-19,3600,2015-10-18,1757,F5101,VC069,7,5,5,3612,0,0,0,NA,0,NA,PALMDALE RD,BELLFLOWER ST,0,NA,Y,A,-,Y,SBD,8,18,-,-,101.963,I,5,S,Y,4,0,1,2,A,-,09,21802,A,N,B,C,A,A,H,-,A,D,0,NA,NA,NA,NA,Y,NA,-,NA,0,0,1,0,0,0,0,0,0,-,-,NA,NA,SAN BERNARDINO,VICTORVILLE,-117.41721929,34.50671414
7141286,2015,2015-12-23,3600,2015-12-03,1841,F8172,HE208,4,5,5,3619,0,0,0,NA,0,HE2,PEACH AV,ATLANTIC ST,1326,N,N,A,-,N,NA,NA,NA,NA,NA,NA,NA,NA,NA,N,2,0,1,2,A,-,11,21956,NA,N,G,B,F,A,H,-,C,D,0,Y,NA,NA,NA,Y,NA,N,60,1,0,0,0,1,0,0,0,0,-,-,NA,NA,SAN BERNARDINO,HESPERIA,-117.2604828,34.43276181
7142908,2015,2017-01-28,3600,2015-12-23,0632,F3069,VC047,3,5,5,3612,0,0,0,NA,0,VC047,RT 18,R B RANCH RD,35,S,N,A,-,Y,SBD,8,18,-,-,96.49,H,-,N,N,4,0,1,2,A,-,03,22350,NA,N,C,C,A,A,H,-,A,A,0,NA,NA,NA,NA,Y,NA,-,NA,0,0,1,0,0,0,0,0,0,-,SO,NA,NA,SAN BERNARDINO,VICTORVILLE,-117.30010237,34.5442872
7144568,2015,2016-01-05,3600,2015-11-14,0849,E2986,AP004,6,5,5,3621,0,0,0,NA,0,NA,APPLE VALLEY RD,KINAI RD,0,NA,Y,A,-,N,NA,NA,NA,NA,NA,NA,NA,NA,NA,N,3,0,1,2,A,-,03,22350,NA,N,H,A,A,A,H,-,A,A,0,NA,NA,Y,NA,Y,NA,C,02,0,1,0,0,0,0,0,0,1,-,-,NA,NA,SAN BERNARDINO,APPLE VALLEY,-117.25009009,34.52287003
7149719,2015,2016-01-12,3604,2015-12-14,0910,678,NA,1,5,6,3604,0,0,0,NA,0,NA,JUNIPER AV,ORANGE WY,258,S,N,A,-,N,NA,NA,NA,NA,NA,NA,NA,NA,NA,Y,4,0,1,2,A,-,12,22451,NA,N,D,F,A,A,H,-,A,A,0,NA,NA,NA,NA,Y,NA,A,07,0,0,1,0,0,0,0,0,0,-,-,NA,NA,SAN BERNARDINO,FONTANA,-117.44012,34.09513307
7149747,2015,2016-01-12,3604,2015-12-11,1123,683,NA,5,5,6,3604,0,0,0,NA,0,003,JUNIPER,MALLORY,365,N,N,B,-,N,NA,NA,NA,NA,NA,NA,NA,NA,NA,N,4,0,2,2,A,-,03,22350,NA,N,C,C,A,B,H,-,A,A,0,NA,NA,NA,NA,Y,NA,A,01,0,0,2,0,0,0,0,0,0,-,-,NA,NA,SAN BERNARDINO,FONTANA,-117.44004629,34.0753701
7184895,2016,2016-02-19,3605,2016-01-28,0823,318,NA,4,5,4,3605,0,0,0,NA,0,NA,ARROW HWY,CENTRAL AV,0,NA,Y,A,-,N,NA,NA,NA,NA,NA,NA,NA,NA,NA,Y,4,0,1,2,A,-,09,21804,A,N,D,C,A,A,H,-,A,A,0,NA,NA,NA,Y,Y,NA,F,26,0,0,1,0,0,0,0,0,0,-,-,NA,NA,SAN BERNARDINO,MONTCLAIR,-117.68971005,34.09233011
7155494,2015,2016-01-13,3600,2015-11-28,1942,D3384,YC406,6,5,4,3640,0,0,0,NA,0,NA,AVENUE E,17TH ST,701,W,N,A,-,N,NA,NA,NA,NA,NA,NA,NA,NA,NA,Y,3,0,1,2,A,-,03,22350,NA,N,C,E,A,A,H,-,C,D,0,NA,NA,NA,NA,Y,NA,-,NA,0,1,0,0,0,0,0,0,0,-,-,NA,NA,SAN BERNARDINO,YUCAIPA,-117.10971599,34.02662
7159813,2016,2016-01-20,3605,2016-01-04,1416,318,NA,1,5,4,3605,0,0,0,NA,0,NA,ARROW HWY,CENTRAL AV,212,E,N,A,-,N,NA,NA,NA,NA,NA,NA,NA,NA,NA,Y,4,0,3,2,A,-,09,21804,A,N,D,C,A,A,H,-,A,D,0,NA,NA,NA,NA,Y,NA,A,01,0,0,3,0,0,0,0,0,0,-,-,NA,NA,SAN BERNARDINO,MONTCLAIR,-117.68901159,34.09233
7188216,2016,2017-02-11,3607,2016-01-11,1823,80483,9,1,5,6,3607,0,0,0,NA,0,021,EUCLID AV,DEODAR ST,25,N,N,A,-,Y,SBD,8,83,-,-,11.04,H,-,N,Y,4,0,2,4,A,-,03,22350,NA,N,C,-,A,A,H,-,C,A,0,NA,NA,NA,NA,Y,NA,-,NA,0,0,2,0,0,0,0,0,0,-,-,NA,NA,SAN BERNARDINO,ONTARIO,-117.65093341,34.08629213
7160690,2015,2016-01-25,3607,2015-12-19,1255,14897,163,6,5,6,3607,0,0,0,NA,0,061,MISSION BL,MONTEREY AV,0,NA,Y,A,-,N,NA,NA,NA,NA,NA,NA,NA,NA,NA,Y,3,0,2,2,A,-,01,23153,A,N,A,C,A,A,H,-,A,A,0,NA,NA,NA,NA,Y,Y,-,NA,0,1,1,0,0,0,0,0,0,-,-,NA,NA,SAN BERNARDINO,ONTARIO,-117.64375012000001,34.05509009
7121515,2015,2015-12-07,3600,2015-11-12,1558,D4301,HE217,4,5,5,3619,0,0,0,NA,0,002,E AV,MAIN ST,365,N,N,A,-,N,NA,NA,NA,NA,NA,NA,NA,NA,NA,Y,4,0,1,2,A,-,08,22107,NA,N,D,C,A,A,H,-,A,D,0,NA,NA,Y,NA,Y,NA,A,08,0,0,1,0,0,0,0,0,1,-,-,NA,NA,SAN BERNARDINO,HESPERIA,-117.29233859,34.42120588
7122845,2015,2015-11-23,3604,2015-11-05,1458,683,NA,4,5,6,3604,0,0,0,NA,0,003,RANDALL,ALDER,0,NA,Y,A,-,N,NA,NA,NA,NA,NA,NA,NA,NA,NA,N,3,0,1,2,A,-,01,23152,A,N,A,C,A,A,H,-,A,A,0,NA,NA,NA,NA,Y,Y,A,08,0,1,0,0,0,0,0,0,0,-,-,NA,NA,SAN BERNARDINO,FONTANA,-117.41829001,34.08491009
7127070,2015,2015-12-23,3605,2015-12-04,1454,309,NA,5,5,4,3605,0,0,0,NA,0,NA,MISSION BL,CARRIAGE AV,10,E,N,A,-,N,NA,NA,NA,NA,NA,NA,NA,NA,NA,Y,4,0,1,2,A,-,09,21804,A,N,-,C,A,A,H,-,A,A,0,NA,NA,NA,NA,Y,NA,A,08,0,0,1,0,0,0,0,0,0,-,-,NA,NA,SAN BERNARDINO,MONTCLAIR,-117.70365707,34.05582975
7193316,2016,2017-02-11,3600,2016-02-08,1459,D3381,VC069,1,5,5,3612,0,0,0,NA,0,VC5,RT 395,LUNA RD,0,NA,Y,A,-,Y,SBD,8,395,-,-,10.15,H,-,S,Y,3,0,2,2,A,-,09,21453,C,N,D,C,A,A,H,-,A,A,0,NA,NA,NA,NA,Y,NA,A,01,0,1,1,0,0,0,0,0,0,-,-,NA,NA,SAN BERNARDINO,VICTORVILLE,-117.39950066,34.49225005
7127484,2015,2016-01-05,3609,2015-12-04,1445,8510,097,5,5,5,3609,0,0,0,NA,0,002,LILAC AV,SCOTT ST,0,NA,Y,A,-,N,NA,NA,NA,NA,NA,NA,NA,NA,NA,N,4,0,1,2,A,-,08,22107,NA,N,D,C,A,A,H,-,A,A,0,NA,NA,NA,NA,Y,NA,A,01,0,0,1,0,0,0,0,0,0,-,-,NA,NA,SAN BERNARDINO,RIALTO,-117.37919011,34.12778006
7127491,2015,2016-01-07,3605,2015-12-05,1407,154,NA,6,5,4,3605,0,0,0,NA,0,NA,STATE ST,STATE ST 4300,0,NA,-,A,-,N,NA,NA,NA,NA,NA,NA,NA,NA,NA,Y,4,0,1,2,A,-,04,21703,NA,F,C,C,A,A,H,-,A,D,0,NA,NA,NA,NA,Y,Y,A,01,0,0,1,0,0,0,0,0,0,-,-,NA,NA,SAN BERNARDINO,MONTCLAIR,-117.71145344,34.05959559
7131959,2015,2015-12-10,3608,2015-11-18,2013,4298,NA,3,5,5,3608,0,0,0,NA,0,NA,TENNESSEE ST,PARK AV,0,NA,Y,A,-,N,NA,NA,NA,NA,NA,NA,NA,NA,NA,Y,4,0,1,2,A,-,12,21453,A,N,D,C,A,A,H,-,C,A,0,NA,NA,NA,NA,Y,NA,D,22,0,0,1,0,0,0,0,0,0,-,-,NA,NA,SAN BERNARDINO,REDLANDS,-117.20008004,34.05923007
7134972,2015,2015-12-21,3600,2015-12-04,1907,E6896,HI028,5,5,4,3618,0,0,0,NA,0,H13,GREENSPOT RD,ALTA VISTA RD,0,NA,Y,A,-,N,NA,NA,NA,NA,NA,NA,NA,NA,NA,Y,4,0,2,2,A,-,08,22107,NA,N,D,C,A,A,H,-,B,D,0,NA,NA,NA,NA,Y,NA,A,01,0,0,2,0,0,0,0,0,0,-,-,NA,NA,SAN BERNARDINO,HIGHLAND,-117.15169251,34.10998651
7195932,2016,2016-03-04,3600,2016-01-25,1921,C4058,HI004,1,5,4,3618,0,0,0,NA,0,HI1,STERLING AV,FISHER ST,0,NA,Y,A,-,N,NA,NA,NA,NA,NA,NA,NA,NA,NA,Y,3,0,1,2,A,-,17,22109,NA,F,C,C,A,A,H,-,C,A,0,NA,NA,NA,NA,Y,Y,A,01,0,1,0,0,0,0,0,0,0,-,-,NA,NA,SAN BERNARDINO,HIGHLAND,-117.24366012,34.12647011
7196603,2016,2016-03-10,3603,2016-01-14,2311,CL4726,COLTO,4,5,4,3603,0,0,0,NA,0,003,AGUA MANSA RD,RIVERSIDE AV,5280,E,N,A,-,N,NA,NA,NA,NA,NA,NA,NA,NA,NA,Y,4,0,1,1,A,-,05,21650,NA,N,F,J,A,A,H,-,C,D,0,NA,NA,NA,NA,Y,NA,A,01,0,0,1,0,0,0,0,0,0,-,-,NA,NA,SAN BERNARDINO,COLTON,-117.35584869,34.04885674
7197080,2016,2017-02-11,3600,2016-02-10,1017,F5137,VC008,3,5,5,3612,0,0,0,NA,0,VC1,D ST,7TH ST,10,W,N,A,-,Y,SBD,8,18,-,-,95.792,I,5,S,Y,3,0,1,2,A,-,10,21950,A,N,G,B,B,A,H,-,A,A,0,Y,NA,NA,NA,Y,NA,A,01,0,1,0,0,1,0,0,0,0,-,-,NA,NA,SAN BERNARDINO,VICTORVILLE,-117.29289519,34.53635462
7138150,2015,2015-12-22,3611,2015-10-20,0958,2893,NA,2,5,5,3611,0,0,0,NA,0,001,16TH ST,CAMPUS AV,0,NA,Y,A,-,N,NA,NA,NA,NA,NA,NA,NA,NA,NA,N,3,0,1,2,A,-,12,21453,A,N,D,G,A,A,H,-,A,A,0,NA,Y,NA,NA,Y,NA,L,04,0,1,0,0,0,0,1,0,0,-,-,NA,NA,SAN BERNARDINO,UPLAND,-117.64158013,34.1215601
7198414,2015,2016-03-04,3611,2015-11-07,0832,2488,WVMC,6,5,5,3611,0,0,0,NA,0,001,16TH ST,EUCLID AV,250,W,N,A,-,N,NA,NA,NA,NA,NA,NA,NA,NA,NA,N,3,0,4,6,D,-,00,NA,NA,N,C,G,A,A,H,-,A,D,0,NA,Y,NA,NA,Y,NA,-,-,0,3,1,0,0,0,4,0,0,-,-,NA,NA,SAN BERNARDINO,UPLAND,-117.65222382,34.12154764
7138853,2015,2015-12-28,3600,2015-12-03,1920,D3311,RC028,4,5,6,3616,0,0,0,NA,0,0RC,HERMOSA AV,MONTE VISTA ST,0,NA,Y,A,-,N,NA,NA,NA,NA,NA,NA,NA,NA,NA,Y,4,0,1,2,A,-,09,21802,A,N,D,C,A,A,H,-,C,A,0,NA,NA,NA,NA,Y,NA,A,01,0,0,1,0,0,0,0,0,0,-,-,NA,NA,SAN BERNARDINO,RANCHO CUCAMONGA,-117.58472009,34.12739005
7199408,2016,2016-03-17,3604,2016-02-18,0614,744,NA,4,5,6,3604,0,0,0,NA,0,NA,ARROW BL,OLEANDER AV,200,E,N,B,-,N,NA,NA,NA,NA,NA,NA,NA,NA,NA,Y,4,0,1,2,A,-,03,22350,NA,N,D,C,A,B,H,-,A,A,0,NA,NA,NA,Y,Y,NA,A,01,0,0,1,0,0,0,0,0,0,-,-,NA,NA,SAN BERNARDINO,FONTANA,-117.44820127,34.09930453
7167542,2016,2016-02-04,3600,2016-01-15,0355,E3900,VC073,5,5,5,3612,0,0,0,NA,0,005,HOOK BL,EL EVADO RD,0,NA,Y,A,-,N,NA,NA,NA,NA,NA,NA,NA,NA,NA,Y,2,0,1,1,A,-,01,23152,A,N,E,I,A,A,H,-,C,A,0,NA,NA,NA,NA,Y,Y,A,01,1,0,0,0,0,0,0,0,0,-,-,NA,NA,SAN BERNARDINO,VICTORVILLE,-117.34677006,34.52126004
7200188,2017,2017-06-14,3608,2017-04-21,2343,4335,3608,5,5,5,3608,0,0,0,NA,0,NA,JUDSON ST,LARAMIE AV,120,S,N,A,-,N,NA,NA,NA,NA,NA,NA,NA,NA,NA,Y,1,1,0,2,A,-,11,21954,A,N,G,B,D,A,H,-,C,A,0,Y,NA,NA,NA,Y,Y,N,60,0,0,0,1,0,0,0,0,0,-,-,NA,NA,SAN BERNARDINO,REDLANDS,-117.15639026,34.05782131
7201617,2015,2016-03-05,3611,2015-11-27,1207,626,NA,5,5,5,3611,0,0,0,NA,0,001,FOOTHILL BL,SAN ANTONIO AV,0,NA,Y,B,-,N,NA,NA,NA,NA,NA,NA,NA,NA,NA,Y,4,0,1,2,A,-,09,21801,A,N,D,C,A,A,H,-,A,A,0,NA,NA,NA,NA,Y,NA,A,07,0,0,1,0,0,0,0,0,0,-,-,NA,NA,SAN BERNARDINO,UPLAND,-117.66079011,34.10697005
7201659,2015,2016-03-08,3611,2015-12-18,1229,2908,3611,5,5,5,3611,0,0,0,NA,0,004,EUCLID AV,7TH ST,0,NA,Y,A,-,N,NA,NA,NA,NA,NA,NA,NA,NA,NA,Y,4,0,2,2,A,-,12,21453,A,N,D,C,A,A,H,-,A,A,0,NA,NA,NA,NA,Y,NA,A,01,0,0,2,0,0,0,0,0,0,-,-,NA,NA,SAN BERNARDINO,UPLAND,-117.65127002,34.08881001
7201679,2015,2016-03-08,3611,2015-12-21,1709,2114,NA,1,5,5,3611,0,0,0,NA,0,004,ARROW HWY,2ND AV,0,NA,Y,A,-,N,NA,NA,NA,NA,NA,NA,NA,NA,NA,Y,4,0,2,2,A,-,09,21801,A,N,D,C,A,A,H,-,C,A,0,NA,NA,NA,NA,Y,NA,A,01,0,0,2,0,0,0,0,0,0,-,-,NA,NA,SAN BERNARDINO,UPLAND,-117.64841002,34.09973011
7168220,2015,2016-04-20,3610,2015-12-18,1436,50829,NA,5,5,6,3610,0,0,0,NA,0,POLICE,S ARROWHEAD AV,W MILL ST,0,NA,Y,A,-,N,NA,NA,NA,NA,NA,NA,NA,NA,NA,Y,4,0,1,2,A,-,09,21801,A,N,A,C,A,A,H,-,A,A,0,NA,NA,NA,NA,Y,NA,A,01,0,0,1,0,0,0,0,0,0,-,-,NA,NA,SAN BERNARDINO,SAN BERNARDINO,-117.28966011,34.09215007
7203586,2016,2016-03-10,3604,2016-02-12,1537,768,NA,5,5,6,3604,0,0,0,NA,0,NA,CITRUS AV,VALLEY BL,39,S,N,A,-,N,NA,NA,NA,NA,NA,NA,NA,NA,NA,Y,3,0,1,2,A,-,01,23152,A,N,E,I,A,A,H,-,A,A,0,NA,NA,NA,NA,Y,Y,A,01,0,1,0,0,0,0,0,0,0,-,-,NA,NA,SAN BERNARDINO,FONTANA,-117.45384637,34.07023409
7204451,2016,2016-03-14,3604,2016-02-22,0910,509,NA,1,5,6,3604,0,0,0,NA,0,NA,ALDER AV,PACIFIC ELECTRIC TRAIL,40,N,N,A,-,N,NA,NA,NA,NA,NA,NA,NA,NA,NA,N,4,0,1,2,A,-,03,22350,NA,N,C,C,A,A,H,-,A,A,0,NA,NA,NA,NA,Y,NA,A,01,0,0,1,0,0,0,0,0,0,-,-,NA,NA,SAN BERNARDINO,FONTANA,-117.41835505,34.10141613
7204903,2016,2016-03-23,3610,2016-02-22,1757,50184,NA,1,5,6,3610,0,0,0,NA,0,NA,BASELINE ST,GARNER AV,5,E,N,A,-,N,NA,NA,NA,NA,NA,NA,NA,NA,NA,N,4,0,1,2,A,-,11,21954,A,N,G,B,D,A,H,-,E,A,0,Y,NA,NA,NA,Y,NA,N,60,0,0,1,0,1,0,0,0,0,-,-,NA,NA,SAN BERNARDINO,SAN BERNARDINO,-117.31138353,34.12133
7204935,2016,2016-03-23,3610,2016-02-04,0909,50562,NA,4,5,6,3610,0,0,0,NA,0,NA,N MT ARROWHEAD AV,W 5TH ST,0,NA,Y,A,-,N,NA,NA,NA,NA,NA,NA,NA,NA,NA,N,4,0,1,2,A,-,10,21950,A,N,G,B,B,D,H,-,A,A,0,Y,NA,NA,NA,Y,NA,A,01,0,0,1,0,1,0,0,0,0,-,-,34.1083,-117.31383,SAN BERNARDINO,SAN BERNARDINO,-117.28964,34.10830005
7204951,2016,2016-03-28,3610,2016-02-29,1202,50266,NA,1,5,6,3610,0,0,0,NA,0,NA,10TH ST,ARROWHEAD AV,0,NA,Y,B,-,N,NA,NA,NA,NA,NA,NA,NA,NA,NA,Y,3,0,1,2,A,-,12,21453,A,N,D,C,A,A,H,-,A,D,0,NA,NA,NA,NA,Y,NA,A,07,0,1,0,0,0,0,0,0,0,-,-,NA,NA,SAN BERNARDINO,SAN BERNARDINO,-117.28965005,34.11764008
7205394,2016,2016-03-11,3600,2016-02-09,1646,D6174,RC049,2,5,6,3616,0,0,0,NA,0,RC4,BASELINE RD,CARNELIAN ST,853,E,N,A,-,N,NA,NA,NA,NA,NA,NA,NA,NA,NA,N,4,0,1,2,A,-,17,21208,A,N,D,G,A,A,H,-,A,D,0,NA,Y,NA,NA,Y,NA,L,04,0,0,1,0,0,0,1,0,0,-,-,NA,NA,SAN BERNARDINO,RANCHO CUCAMONGA,-117.61329925,34.12154498
7206291,2016,2016-03-22,3600,2016-02-10,1819,E3900,VC066,3,5,5,3612,0,0,0,NA,0,004,AMARGOSA RD,SMOKE TREE RD,1475,N,N,A,-,N,NA,NA,NA,NA,NA,NA,NA,NA,NA,N,4,0,1,2,A,-,11,21950,B,N,G,B,E,A,H,-,D,-,0,Y,NA,NA,NA,Y,NA,N,60,0,0,1,0,1,0,0,0,0,-,-,NA,NA,SAN BERNARDINO,VICTORVILLE,-117.36678958,34.44474834
7206374,2016,2016-03-22,3600,2016-02-15,1020,D3560,HE103,1,5,5,3619,0,0,0,NA,0,HE1,11TH AV,SEQUOIA ST,0,NA,N,A,-,N,NA,NA,NA,NA,NA,NA,NA,NA,NA,N,4,0,1,2,D,-,00,NA,NA,N,B,C,A,A,H,-,A,A,0,NA,NA,NA,NA,Y,NA,-,-,0,0,1,0,0,0,0,0,0,-,-,NA,NA,SAN BERNARDINO,HESPERIA,-117.3211501,34.46887005
7169370,2016,2016-01-29,3600,2016-01-09,1923,D3381,VC020,6,5,5,3612,0,0,0,NA,0,VC3,BEAR VALLEY RD,CYPRESS AV,0,NA,Y,B,-,N,NA,NA,NA,NA,NA,NA,NA,NA,NA,Y,4,0,4,2,A,-,09,21802,A,N,D,C,A,B,H,-,C,A,0,NA,NA,NA,NA,Y,NA,D,22,0,0,4,0,0,0,0,0,0,-,-,NA,NA,SAN BERNARDINO,VICTORVILLE,-117.32553003,34.47061002
7171731,2016,2016-02-26,3607,2016-01-22,1506,80313,175,5,5,6,3607,0,0,0,NA,0,042,JURUPA AV,ETIWANDA AV,25,W,N,A,-,N,NA,NA,NA,NA,NA,NA,NA,NA,NA,Y,3,0,1,2,A,-,08,22107,NA,N,D,C,A,A,H,-,A,A,0,NA,NA,NA,NA,Y,NA,-,NA,0,1,0,0,0,0,0,0,0,-,-,NA,NA,SAN BERNARDINO,ONTARIO,-117.5243723,34.0468
7208282,2015,2017-01-28,3607,2015-12-03,1454,80317,52,4,5,6,3607,0,0,0,NA,0,263,EUCLID AV,MERION ST,0,NA,Y,A,-,Y,SBD,8,83,-,-,6.58,H,-,S,Y,3,0,1,2,A,-,12,21453,A,N,D,C,A,A,H,-,A,A,0,NA,NA,NA,NA,Y,NA,-,NA,0,1,0,0,0,0,0,0,0,-,-,NA,NA,SAN BERNARDINO,ONTARIO,-117.6509732,34.02175629
7209159,2016,2016-03-22,3609,2016-02-21,2224,9632,59,7,5,5,3609,0,0,0,NA,0,002,EAST HIGHLAND AV,N OAKDALE AV,175,W,N,A,-,N,NA,NA,NA,NA,NA,NA,NA,NA,NA,Y,4,0,2,2,A,-,09,21804,A,N,D,C,A,A,H,-,C,A,0,NA,NA,NA,NA,Y,NA,A,01,0,0,2,0,0,0,0,0,0,-,-,NA,NA,SAN BERNARDINO,RIALTO,-117.36651872,34.13716877
7178410,2016,2016-02-22,3608,2016-01-29,1539,3147,NA,5,5,5,3608,0,0,0,NA,0,NA,W SAN BERNARDINO AV,TENNESSEE,375,E,N,A,-,N,NA,NA,NA,NA,NA,NA,NA,NA,NA,Y,3,0,1,2,A,-,05,21460,A,N,D,C,A,A,H,-,A,A,0,NA,NA,NA,NA,Y,NA,A,01,0,1,0,0,0,0,0,0,0,-,-,NA,NA,SAN BERNARDINO,REDLANDS,-117.19818566,34.07736578
8001061,2016,2016-04-18,3604,2016-03-08,0231,958,NA,2,5,6,3604,0,0,0,NA,0,NA,CHERRY AV,SLOVER AV,0,NA,Y,B,-,N,NA,NA,NA,NA,NA,NA,NA,NA,NA,Y,3,0,2,2,A,-,12,21453,A,N,D,C,A,B,H,-,C,A,0,NA,NA,NA,Y,Y,NA,-,-,0,1,1,0,0,0,0,0,0,-,-,NA,NA,SAN BERNARDINO,FONTANA,-117.48896009,34.06287007
8006030,2016,2016-03-25,3607,2016-01-28,0152,80428,181,4,5,6,3607,0,0,0,NA,0,051,CYPRESS AV,MISSION BL,200,S,N,A,-,N,NA,NA,NA,NA,NA,NA,NA,NA,NA,Y,3,0,1,2,A,-,01,23152,A,N,C,E,A,A,H,-,C,A,0,NA,NA,NA,NA,Y,Y,-,NA,0,1,0,0,0,0,0,0,0,-,-,NA,NA,SAN BERNARDINO,ONTARIO,-117.66325839,34.05556217
8006063,2016,2016-03-24,3611,2016-01-06,1430,512,NA,3,5,5,3611,0,0,0,NA,0,002,EUCLID AV,G ST,0,NA,Y,C,-,N,NA,NA,NA,NA,NA,NA,NA,NA,NA,N,4,0,1,2,D,-,00,NA,NA,N,C,C,A,B,F,-,A,A,0,NA,NA,NA,NA,Y,NA,-,-,0,0,1,0,0,0,0,0,0,-,-,NA,NA,SAN BERNARDINO,UPLAND,-117.65134002,34.10202008
8006763,2016,2016-04-21,3605,2016-03-10,1530,338,NA,4,5,4,3605,0,0,0,NA,0,NA,RAMONA AV,GRAND ST,0,NA,Y,A,-,N,NA,NA,NA,NA,NA,NA,NA,NA,NA,Y,4,0,3,2,A,-,12,22450,A,N,A,C,A,A,H,-,A,A,0,NA,NA,NA,NA,Y,NA,-,-,0,0,3,0,0,0,0,0,0,-,-,NA,NA,SAN BERNARDINO,MONTCLAIR,-117.70674003,34.04852003
8006780,2016,2016-04-05,3607,2016-03-14,1227,80248,228,1,5,6,3607,0,0,0,NA,0,052,PHILADELPHIA ST,FERN AV,100,W,N,-,-,N,NA,NA,NA,NA,NA,NA,NA,NA,NA,Y,4,0,1,2,A,-,04,21703,NA,N,C,C,A,A,H,-,A,D,0,NA,NA,NA,NA,Y,NA,-,NA,0,0,1,0,0,0,0,0,0,-,-,NA,NA,SAN BERNARDINO,ONTARIO,-117.65489919,34.03379807
8007052,2015,2016-12-20,9855,2015-08-02,2220,20664,NA,7,3,5,3611,0,1,1,NA,2,103,RT 10,MOUNTAIN AV,1120,W,N,A,-,Y,SBD,8,10,-,-,2.22,H,-,W,Y,3,0,1,1,A,-,01,23152,A,M,E,I,A,A,H,-,C,D,1,NA,NA,NA,NA,Y,Y,A,01,0,1,0,0,0,0,0,0,0,-,-,34.08759,-117.67412,SAN BERNARDINO,UPLAND,-117.67303105,34.0873796
8007222,2016,2017-02-15,3607,2016-02-17,1314,80313,125,3,5,6,3607,0,0,0,NA,0,012,EUCLID AV,C ST,10,S,N,B,-,Y,SBD,8,83,-,-,9.62,H,-,N,N,3,0,1,3,A,-,08,22107,NA,N,B,C,E,A,H,-,A,A,0,Y,NA,NA,NA,Y,NA,-,NA,0,1,0,0,1,0,0,0,0,-,-,NA,NA,SAN BERNARDINO,ONTARIO,-117.65084379,34.06571952
8007296,2016,2016-04-05,3607,2016-02-28,1732,15133,33,7,5,6,3607,0,0,0,NA,0,031,4TH ST,BAKER AV,300,W,N,A,-,N,NA,NA,NA,NA,NA,NA,NA,NA,NA,Y,4,0,3,2,A,-,09,21804,NA,N,D,C,A,A,G,-,B,A,0,NA,NA,NA,NA,Y,NA,A,01,0,0,3,0,0,0,0,0,0,-,-,NA,NA,SAN BERNARDINO,ONTARIO,-117.62081801,34.07763497
8008751,2015,2016-05-02,3605,2015-05-25,2158,364,NA,1,5,4,3605,0,0,0,NA,0,NA,HOWARD ST,RAMONA AV,148,W,N,A,-,N,NA,NA,NA,NA,NA,NA,NA,NA,NA,Y,4,0,1,2,A,-,03,22350,NA,N,C,E,A,A,H,-,C,A,0,NA,NA,NA,NA,Y,NA,-,-,0,0,1,0,0,0,0,0,0,-,-,NA,NA,SAN BERNARDINO,MONTCLAIR,-117.70732735,34.05216
8009032,2016,2016-04-06,3600,2016-02-01,1024,C7822,YV018,1,5,3,3631,0,0,0,NA,0,YV1,BUENA VISTA DR,AVALON AV,0,NA,Y,A,-,N,NA,NA,NA,NA,NA,NA,NA,NA,NA,Y,4,0,3,2,A,-,09,21801,A,N,A,C,A,A,H,-,A,A,0,NA,NA,NA,Y,Y,NA,A,07,0,0,3,0,0,0,0,0,0,-,-,NA,NA,SAN BERNARDINO,YUCCA VALLEY,-116.38705009,34.16399011
8009425,2016,2016-04-11,3609,2016-03-07,0752,6367,204,1,5,5,3609,0,0,0,NA,0,004,RIVERSIDE AV,SLOVER AV,152,N,N,C,-,N,NA,NA,NA,NA,NA,NA,NA,NA,NA,Y,4,0,1,2,A,-,05,21651,A,N,D,C,A,B,H,-,A,D,0,NA,NA,NA,NA,Y,NA,I,11,0,0,1,0,0,0,0,0,0,-,-,NA,NA,SAN BERNARDINO,RIALTO,-117.37024,34.06359645
8011386,2016,2016-04-11,3600,2016-03-27,1645,E7439,HE312,7,5,5,3619,0,0,0,NA,0,HE3,7TH AV,SULTANA ST,0,NA,Y,A,-,N,NA,NA,NA,NA,NA,NA,NA,NA,NA,Y,3,0,2,2,A,-,06,21755,A,N,D,C,A,A,H,-,A,A,0,NA,NA,NA,NA,Y,NA,A,01,0,1,1,0,0,0,0,0,0,-,-,NA,NA,SAN BERNARDINO,HESPERIA,-117.31718013,34.41649011
8011418,2016,2016-04-08,3602,2016-03-21,1332,3368,126,1,5,5,3602,0,0,0,NA,0,005,EDISON AV,CYPRESS AV,223,W,N,B,-,N,NA,NA,NA,NA,NA,NA,NA,NA,NA,Y,4,0,1,1,C,-,18,NA,NA,N,E,I,A,A,H,-,A,A,0,NA,NA,NA,NA,Y,NA,-,-,0,0,1,0,0,0,0,0,0,-,-,NA,NA,SAN BERNARDINO,CHINO,-117.6636938,33.99746