CASE_ID,ACCIDENT_YEAR,PROC_DATE,JURIS,COLLISION_DATE,COLLISION_TIME,OFFICER_ID,REPORTING_DISTRICT,DAY_OF_WEEK,CHP_SHIFT,POPULATION,CNTY_CITY_LOC,SPECIAL_COND,BEAT_TYPE,CHP_BEAT_TYPE,CITY_DIVISION_LAPD,CHP_BEAT_CLASS,BEAT_NUMBER,PRIMARY_RD,SECONDARY_RD,DISTANCE,DIRECTION,INTERSECTION,WEATHER_1,WEATHER_2,STATE_HWY_IND,CALTRANS_COUNTY,CALTRANS_DISTRICT,STATE_ROUTE,ROUTE_SUFFIX,POSTMILE_PREFIX,POSTMILE,LOCATION_TYPE,RAMP_INTERSECTION,SIDE_OF_HWY,TOW_AWAY,COLLISION_SEVERITY,NUMBER_KILLED,NUMBER_INJURED,PARTY_COUNT,PRIMARY_COLL_FACTOR,PCF_CODE_OF_VIOL,PCF_VIOL_CATEGORY,PCF_VIOLATION,PCF_VIOL_SUBSECTION,HIT_AND_RUN,TYPE_OF_COLLISION,MVIW,PED_ACTION,ROAD_SURFACE,ROAD_COND_1,ROAD_COND_2,LIGHTING,CONTROL_DEVICE,CHP_ROAD_TYPE,PEDESTRIAN_ACCIDENT,BICYCLE_ACCIDENT,MOTORCYCLE_ACCIDENT,TRUCK_ACCIDENT,NOT_PRIVATE_PROPERTY,ALCOHOL_INVOLVED,STWD_VEHTYPE_AT_FAULT,CHP_VEHTYPE_AT_FAULT,COUNT_SEVERE_INJ,COUNT_VISIBLE_INJ,COUNT_COMPLAINT_PAIN,COUNT_PED_KILLED,COUNT_PED_INJURED,COUNT_BICYCLIST_KILLED,COUNT_BICYCLIST_INJURED,COUNT_MC_KILLED,COUNT_MC_INJURED,PRIMARY_RAMP,SECONDARY_RAMP,LATITUDE,LONGITUDE,COUNTY,CITY,POINT_X,POINT_Y
8630720,2018,2018-06-04,3602,2018-03-08,0038,3655,NA,4,5,5,3602,0,0,0,NA,0,001,RAMONA AV,PHILADELPHIA ST,330,N,N,A,-,N,NA,NA,NA,NA,NA,NA,NA,NA,NA,Y,4,0,1,2,A,-,08,22107,NA,N,A,C,A,A,H,-,C,D,0,NA,NA,NA,NA,Y,NA,A,01,0,0,1,0,0,0,0,0,0,-,-,NA,NA,SAN BERNARDINO,CHINO,-117.7069091796875,34.034385681152344
8632041,2018,2018-07-31,3600,2018-04-14,0618,F3799,RC035,6,5,6,3616,0,0,0,NA,0,RC5,4TH ST,HERMOSA AV,0,NA,Y,A,-,N,NA,NA,NA,NA,NA,NA,NA,NA,NA,Y,4,0,2,2,D,-,00,NA,NA,N,D,C,A,A,H,-,B,A,0,NA,NA,NA,NA,Y,NA,-,-,0,0,2,0,0,0,0,0,0,-,-,NA,NA,SAN BERNARDINO,RANCHO CUCAMONGA,-117.58460235595705,34.077449798583984
8632125,2018,2018-08-17,3600,2018-04-14,2131,G9448,AD316,6,5,5,3612,0,0,0,NA,0,VC5,MONTE VISTA RD,PALMDALE RD,0,NA,Y,A,-,Y,SBD,8,18,-,-,103,H,-,S,N,3,0,1,2,A,-,08,22107,NA,N,C,C,A,A,H,-,C,A,0,NA,NA,Y,NA,Y,NA,C,02,0,1,0,0,0,0,0,0,1,-,-,NA,NA,SAN BERNARDINO,VICTORVILLE,-117.43540954589844,34.50662612915039
8632868,2018,2018-07-18,3600,2018-05-14,1047,F2750,YC108,1,5,4,3640,0,0,0,NA,0,YC3,YUCAIPA BL,6TH ST,58,E,N,A,-,N,NA,NA,NA,NA,NA,NA,NA,NA,NA,Y,4,0,2,2,A,-,03,22350,NA,N,C,-,A,A,H,-,A,A,0,NA,NA,NA,NA,Y,NA,-,NA,0,0,2,0,0,0,0,0,0,-,-,NA,NA,SAN BERNARDINO,YUCAIPA,-117.06040191650392,34.033958435058594
8633595,2018,2018-06-20,3609,2018-05-25,0738,5403,220,5,5,5,3609,0,0,0,NA,0,004,RIVERSIDE AV,AGUA MANSA DR,340,N,N,A,-,N,NA,NA,NA,NA,NA,NA,NA,NA,NA,Y,4,0,1,2,A,-,08,22107,NA,N,B,C,A,A,H,-,A,D,0,NA,NA,NA,NA,Y,NA,-,NA,0,0,1,0,0,0,0,0,0,-,-,34.039100646972656,-117.34609985351563,SAN BERNARDINO,RIALTO,-117.36742401123048,34.03920364379883
8635992,2018,2018-06-20,3610,2018-04-16,1222,50266,NA,1,5,6,3610,0,0,0,NA,0,ADAM,RIALTO AV,K ST,0,NA,Y,B,-,N,NA,NA,NA,NA,NA,NA,NA,NA,NA,Y,4,0,2,2,A,-,03,22350,NA,N,A,C,A,A,H,-,A,A,0,NA,NA,NA,NA,Y,NA,A,01,0,0,2,0,0,0,0,0,0,-,-,NA,NA,SAN BERNARDINO,SAN BERNARDINO,-117.30789947509766,34.10084915161133
8636471,2018,2018-06-25,3610,2018-04-30,1415,51123,NA,1,5,6,3610,0,0,0,NA,0,POLICE,RIALTO AV,S MACY ST,242,E,N,B,-,N,NA,NA,NA,NA,NA,NA,NA,NA,NA,Y,4,0,2,2,A,-,09,21804,A,N,D,D,A,A,H,-,A,D,0,NA,NA,NA,NA,Y,NA,A,01,0,0,2,0,0,0,0,0,0,-,-,34.100460052490234,-117.33846282958984,SAN BERNARDINO,SAN BERNARDINO,-117.339111328125,34.099571228027344
8636578,2018,2018-06-21,3604,2018-05-12,1628,1147,NA,6,5,6,3604,0,0,0,NA,0,NA,LOCUST AV,VINE AV,0,NA,Y,A,-,N,NA,NA,NA,NA,NA,NA,NA,NA,NA,N,4,0,1,2,A,-,09,21802,A,N,D,C,A,A,H,-,A,A,0,NA,NA,NA,NA,Y,NA,A,01,0,0,1,0,0,0,0,0,0,-,-,NA,NA,SAN BERNARDINO,FONTANA,-117.40962982177734,34.1057014465332
8636660,2018,2018-06-19,3610,2018-05-16,1745,50700,NA,3,5,6,3610,0,0,0,NA,0,DAVID,9TH ST,WATERMAN AV,825,E,N,A,-,N,NA,NA,NA,NA,NA,NA,NA,NA,NA,Y,4,0,1,2,A,-,09,21801,A,F,D,C,A,A,H,-,A,D,0,NA,NA,NA,NA,Y,NA,A,01,0,0,1,0,0,0,0,0,0,-,-,34.11540985107422,-117.27552795410156,SAN BERNARDINO,SAN BERNARDINO,-117.27606964111328,34.11579895019531
8637950,2018,2018-06-26,3604,2018-05-18,0534,497,NA,5,5,6,3604,0,0,0,NA,0,NA,VALLEY BL,ALDER AV,0,NA,Y,B,-,N,NA,NA,NA,NA,NA,NA,NA,NA,NA,N,4,0,1,2,A,-,09,21453,B,N,D,G,A,A,H,-,C,A,0,NA,Y,NA,NA,Y,NA,D,22,0,0,1,0,0,0,1,0,0,-,-,NA,NA,SAN BERNARDINO,FONTANA,-117.41824340820313,34.070430755615234
8638343,2018,2018-06-20,3609,2018-05-26,2238,9091,3609,6,5,5,3609,0,0,0,NA,0,001,N AYALA DR,N FITZGERALD AV,0,NA,Y,A,-,N,NA,NA,NA,NA,NA,NA,NA,NA,NA,Y,3,0,1,1,A,-,01,23152,A,N,A,I,A,A,H,-,C,D,0,NA,NA,NA,NA,Y,Y,A,01,0,1,0,0,0,0,0,0,0,-,-,34.12548828125,-117.39395904541016,SAN BERNARDINO,RIALTO,-117.39386749267578,34.125511169433594
8638906,2018,2018-08-01,3604,2018-05-07,2130,1305,NA,1,5,6,3604,0,0,0,NA,0,NA,FOOTHILL,LOCUST,0,NA,Y,A,-,N,NA,NA,NA,NA,NA,NA,NA,NA,NA,N,4,0,1,2,A,-,10,21950,A,N,G,B,B,A,H,-,C,A,0,Y,NA,NA,NA,Y,NA,A,08,0,0,1,0,1,0,0,0,0,-,-,NA,NA,SAN BERNARDINO,FONTANA,-117.40962982177734,34.10670852661133
8638932,2018,2018-08-22,3600,2018-05-09,0555,G7656,VC042,3,5,5,3612,0,0,0,NA,0,VC1,D ST,1ST ST,162,E,N,A,-,Y,SBD,8,18,-,-,96.11,H,-,S,Y,2,0,2,1,A,-,01,23152,NA,N,A,I,A,A,-,-,A,A,0,NA,NA,NA,NA,Y,Y,D,22,1,1,0,0,0,0,0,0,0,-,-,NA,NA,SAN BERNARDINO,VICTORVILLE,-117.29703521728516,34.53954315185547
8638960,2018,2018-08-20,3600,2018-05-15,1343,D4321,AP003,2,5,5,3621,0,0,0,NA,0,AP1,RT 18,MONDAMON RD,1092,E,N,A,-,Y,SBD,8,18,-,-,93.52,H,-,S,Y,3,0,1,2,A,-,05,21650,NA,N,A,C,A,A,H,-,A,A,0,NA,NA,NA,NA,Y,NA,A,01,0,1,0,0,0,0,0,0,0,-,-,NA,NA,SAN BERNARDINO,APPLE VALLEY,-117.25740814208984,34.538631439208984
8638992,2018,2018-08-01,3609,2018-05-23,1329,9017,139,3,5,5,3609,0,0,0,NA,0,002,FOOTHILL BL,RIVERSIDE AV,0,NA,Y,A,-,N,NA,NA,NA,NA,NA,NA,NA,NA,NA,N,4,0,2,3,A,-,03,22350,NA,N,C,C,A,A,H,-,A,A,0,NA,NA,NA,NA,Y,NA,A,07,0,0,2,0,0,0,0,0,0,-,-,34.10676956176758,-117.37017822265624,SAN BERNARDINO,RIALTO,-117.37037658691406,34.10676193237305
8639036,2018,2018-08-20,3610,2018-05-14,1526,50965,NA,1,5,6,3610,0,0,0,NA,0,POLICE,N DEL ROSA AV,RT 210,0,NA,Y,A,-,Y,SBD,8,210,-,R,25.901,R,4,W,N,4,0,1,2,A,-,12,21453,A,F,D,G,A,A,H,-,A,A,0,NA,Y,NA,NA,Y,NA,A,01,0,0,1,0,0,0,1,0,0,-,-,34.13414001464844,-117.27870178222656,SAN BERNARDINO,SAN BERNARDINO,-117.2499771118164,34.14170837402344
8639679,2018,2018-06-26,3610,2018-05-31,0215,51108,NA,4,5,6,3610,0,0,0,NA,0,POLICE,W 5TH ST,N MT VERNON AV,0,NA,Y,A,-,N,NA,NA,NA,NA,NA,NA,NA,NA,NA,Y,4,0,2,2,A,-,03,22350,NA,N,C,C,A,A,H,-,C,A,0,NA,NA,NA,NA,Y,NA,A,01,0,0,2,0,0,0,0,0,0,-,-,34.108299255371094,-117.31382751464844,SAN BERNARDINO,SAN BERNARDINO,-117.31382751464844,34.10832977294922
8640662,2018,2018-08-17,3600,2018-04-19,2215,E6899,NA,4,5,3,3613,0,0,0,NA,0,AD2,RT 395,AIR EXPWY,152,N,N,A,-,Y,SBD,8,395,-,-,15.73,H,-,N,Y,2,0,2,2,A,-,03,22350,NA,N,C,C,A,A,H,-,C,A,0,NA,NA,NA,Y,Y,NA,A,01,1,0,1,0,0,0,0,0,0,-,-,NA,NA,SAN BERNARDINO,ADELANTO,-117.40974426269533,34.572410583496094
8642518,2018,2018-07-11,3610,2018-06-08,0100,51125,NA,5,5,6,3610,0,0,0,NA,0,NA,NORTH WATERMAN AV,E 16TH ST,0,NA,Y,A,-,N,NA,NA,NA,NA,NA,NA,NA,NA,NA,NA,4,0,2,2,A,-,12,21453,A,N,D,C,A,A,H,-,C,A,0,NA,NA,NA,NA,Y,NA,-,-,0,0,2,0,0,0,0,0,0,-,-,NA,NA,SAN BERNARDINO,SAN BERNARDINO,-117.27877807617188,34.128658294677734
8646340,2018,2018-07-03,3608,2018-05-30,2202,4202,NA,3,5,5,3608,0,0,0,NA,0,NA,WEST REDLANDS BL,IOWA ST,351,W,N,A,-,N,NA,NA,NA,NA,NA,NA,NA,NA,NA,N,4,0,4,2,A,-,09,21801,A,N,D,C,A,A,H,-,C,D,0,NA,NA,NA,NA,Y,NA,A,07,0,0,4,0,0,0,0,0,0,-,-,NA,NA,SAN BERNARDINO,REDLANDS,-117.2143325805664,34.06293487548828
8646352,2018,2018-07-03,3604,2018-05-23,0012,1286,NA,3,5,6,3604,0,0,0,NA,0,NA,E INDEPENDENCE WY,GRAND AV,4,E,N,A,-,N,NA,NA,NA,NA,NA,NA,NA,NA,NA,N,3,0,1,2,A,-,10,21950,A,F,G,B,B,A,H,-,C,D,0,Y,NA,NA,NA,Y,NA,A,01,0,1,0,0,1,0,0,0,0,-,-,NA,NA,SAN BERNARDINO,FONTANA,-117.50017547607422,34.11589813232422
8648089,2018,2020-05-26,3604,2018-05-06,0935,497,3604,7,5,6,3604,0,0,0,NA,0,003,MERRILL AV,PALMETTO AV,329,W,N,A,-,N,NA,NA,NA,NA,NA,NA,NA,NA,NA,Y,1,1,0,1,A,-,03,22350,NA,N,E,I,A,A,H,-,A,A,0,NA,NA,NA,NA,Y,Y,A,01,0,0,0,0,0,0,0,0,0,-,-,NA,NA,SAN BERNARDINO,FONTANA,-117.42811584472656,34.092159271240234
8648267,2018,2018-10-25,3600,2018-06-09,1209,C4462,VVSUP,6,5,5,3612,0,0,0,NA,0,VC05,PALMDALE RD,DELGADA RD,0,NA,Y,A,-,N,NA,NA,NA,NA,NA,NA,NA,NA,NA,Y,1,1,0,2,A,-,08,22107,NA,N,G,B,E,A,H,-,A,D,0,Y,NA,NA,NA,Y,NA,A,01,0,0,0,1,0,0,0,0,0,-,-,NA,NA,SAN BERNARDINO,VICTORVILLE,-117.34272003173828,34.50674819946289
8648440,2018,2018-12-31,3600,2018-11-28,0551,D8554,AP018,3,5,5,3621,0,0,0,NA,0,AP4,CENTRAL RD,POWHATAN RD,0,NA,Y,A,-,N,NA,NA,NA,NA,NA,NA,NA,NA,NA,Y,1,1,2,2,A,-,12,22450,A,N,D,C,A,A,H,-,C,A,0,NA,NA,NA,NA,Y,NA,A,01,1,0,1,0,0,0,0,0,0,-,-,NA,NA,SAN BERNARDINO,APPLE VALLEY,-117.17272186279295,34.4970817565918
8648724,2018,2018-08-17,3600,2018-05-30,0953,F5137,VC053,3,5,5,3612,0,0,0,NA,0,VC5,PALMDALE RD,PARK AV,111,E,N,A,-,Y,SBD,8,18,-,-,96.78,H,-,S,Y,2,0,1,2,A,-,09,21801,A,N,D,C,A,A,H,-,A,A,0,NA,NA,Y,NA,Y,NA,A,01,1,0,0,0,0,0,0,0,1,-,-,NA,NA,SAN BERNARDINO,VICTORVILLE,-117.32628631591795,34.50703811645508
8650502,2018,2018-09-07,3608,2018-08-04,2315,4823,NA,6,5,5,3608,0,0,0,NA,0,NA,TENNESSEE ST,PINE AV,0,NA,Y,A,-,N,NA,NA,NA,NA,NA,NA,NA,NA,NA,N,4,0,1,2,A,-,03,22350,NA,N,C,C,A,A,H,-,C,A,0,NA,NA,NA,NA,Y,NA,A,01,0,0,1,0,0,0,0,0,0,-,-,NA,NA,SAN BERNARDINO,REDLANDS,-117.1999969482422,34.051979064941406
8650627,2018,2018-09-28,3602,2018-06-26,1356,3628,NA,2,5,5,3602,0,0,0,NA,0,005,EUCLID AV,KIMBALL AV,250,S,N,A,-,N,NA,NA,NA,NA,NA,NA,NA,NA,NA,N,4,0,1,2,A,-,08,22107,NA,N,B,C,A,A,H,-,A,A,0,NA,NA,Y,NA,Y,NA,C,02,0,0,1,0,0,0,0,0,1,-,-,NA,NA,SAN BERNARDINO,CHINO,-117.65076446533205,33.96782302856445
8651065,2018,2018-09-05,3611,2018-03-04,0120,3088,611,7,5,5,3611,0,0,0,NA,0,002,8TH ST,GENOA WY,0,NA,Y,B,-,N,NA,NA,NA,NA,NA,NA,NA,NA,NA,N,4,0,4,2,A,-,09,21804,A,N,C,C,A,B,H,-,C,D,0,NA,NA,NA,NA,Y,NA,A,01,0,0,4,0,0,0,0,0,0,-,-,NA,NA,SAN BERNARDINO,UPLAND,-117.67916107177734,34.09236145019531
8651083,2018,2018-09-05,3611,2018-03-01,1812,2297,3611,4,5,5,3611,0,0,0,NA,0,002,MOUNTAIN AV,8TH ST,545,S,N,A,-,N,NA,NA,NA,NA,NA,NA,NA,NA,NA,Y,4,0,2,2,D,-,00,NA,NA,N,D,C,A,A,H,-,C,A,0,NA,NA,NA,NA,Y,NA,-,-,0,0,2,0,0,0,0,0,0,-,-,NA,NA,SAN BERNARDINO,UPLAND,-117.6701431274414,34.09091567993164
8651692,2018,2018-10-26,3609,2018-09-04,1614,8444,RI138,2,5,5,3609,0,0,0,NA,0,004,FOOTHILL BL,RIVERSIDE AV,38,W,N,A,-,N,NA,NA,NA,NA,NA,NA,NA,NA,NA,N,4,0,2,3,A,-,03,22350,NA,N,C,C,A,A,H,-,A,A,0,NA,NA,NA,NA,Y,NA,I,11,0,0,2,0,0,0,0,0,0,-,-,34.10673904418945,-117.37068176269533,SAN BERNARDINO,RIALTO,-117.37050628662108,34.10675811767578
8652188,2018,2018-08-23,3608,2018-06-12,0406,3461,NA,2,5,5,3608,0,0,0,NA,0,NA,ALABAMA ST,RT 10,0,NA,Y,A,-,Y,SBD,8,10,-,-,29.172,R,4,W,Y,3,0,1,2,A,-,01,23153,A,N,C,C,A,A,H,-,C,A,0,NA,NA,NA,NA,Y,Y,A,01,0,1,0,0,0,0,0,0,0,-,-,NA,NA,SAN BERNARDINO,REDLANDS,-117.21141052246094,34.06675338745117
8652959,2018,2019-05-07,3600,2018-06-02,1119,G3234,HI011,6,5,4,3618,0,0,0,NA,0,HI2,BASELINE ST,HILLVIEW ST,69,W,N,A,-,N,NA,NA,NA,NA,NA,NA,NA,NA,NA,N,2,0,2,2,A,-,07,21658,A,N,C,E,A,A,H,-,A,D,0,NA,NA,NA,Y,Y,NA,-,NA,1,0,1,0,0,0,0,0,0,-,-,NA,NA,SAN BERNARDINO,HIGHLAND,-117.22074127197266,34.12126159667969
8653068,2018,2018-07-12,3600,2018-06-06,0920,H5857,3600,3,5,4,3618,0,0,0,NA,0,002,9TH ST,LANKERSHIM AV,0,W,N,A,-,N,NA,NA,NA,NA,NA,NA,NA,NA,NA,Y,4,0,1,3,A,-,08,22103,NA,N,A,C,A,A,H,-,A,D,0,NA,NA,NA,NA,Y,NA,A,01,0,0,1,0,0,0,0,0,0,-,-,NA,NA,SAN BERNARDINO,HIGHLAND,-117.23493194580078,34.115718841552734
8653893,2018,2018-07-19,3605,2018-06-19,1025,371,NA,2,5,4,3605,0,0,0,NA,0,NA,KINGSLEY ST,LEHIGH AV,0,NA,Y,A,-,N,NA,NA,NA,NA,NA,NA,NA,NA,NA,Y,4,0,1,2,A,-,09,21800,A,F,B,C,A,A,H,-,A,D,0,NA,NA,NA,NA,Y,NA,A,01,0,0,1,0,0,0,0,0,0,-,-,NA,NA,SAN BERNARDINO,MONTCLAIR,-117.70980072021484,34.06679916381836
8654494,2018,2018-07-18,3604,2018-05-31,2253,1154,NA,4,5,6,3604,0,0,0,NA,0,NA,SIERRA AV,RIVERSIDE AV,20,S,N,A,-,N,NA,NA,NA,NA,NA,NA,NA,NA,NA,Y,4,0,1,2,A,-,03,22350,NA,N,C,C,A,A,H,-,C,A,0,NA,NA,NA,NA,Y,NA,A,01,0,0,1,0,0,0,0,0,0,-,-,NA,NA,SAN BERNARDINO,FONTANA,-117.43627166748048,34.178836822509766
8654542,2018,2018-07-18,3600,2018-05-29,1743,H6500,HE313,2,5,5,3619,0,0,0,NA,0,HE3,3RD AV,SULTANA ST,392,S,N,A,-,N,NA,NA,NA,NA,NA,NA,NA,NA,NA,Y,3,0,2,2,A,-,09,21801,A,N,A,C,A,A,H,-,A,A,0,NA,NA,NA,NA,Y,NA,A,01,0,1,1,0,0,0,0,0,0,-,-,NA,NA,SAN BERNARDINO,HESPERIA,-117.30845642089844,34.41411209106445
8654686,2018,2018-07-16,3600,2018-06-04,1343,H6500,HE203,1,5,5,3619,0,0,0,NA,0,HE2,JACARANDA AV,DEODAR ST,16,S,N,A,-,N,NA,NA,NA,NA,NA,NA,NA,NA,NA,Y,4,0,2,2,A,-,09,21801,A,N,A,C,A,A,H,-,A,A,0,NA,NA,NA,NA,Y,NA,A,01,0,0,2,0,0,0,0,0,0,-,-,NA,NA,SAN BERNARDINO,HESPERIA,-117.2656478881836,34.457157135009766
8655077,2018,2018-07-19,3600,2018-06-17,2234,D6034,HE420,7,5,5,3619,0,0,0,NA,0,005,SANTA FE AV,RANCHERO RD,126,S,N,A,-,N,NA,NA,NA,NA,NA,NA,NA,NA,NA,N,4,0,1,2,A,-,08,22107,NA,N,D,C,A,A,H,-,D,A,0,NA,NA,NA,NA,Y,NA,A,01,0,0,1,0,0,0,0,0,0,-,-,NA,NA,SAN BERNARDINO,HESPERIA,-117.31177520751952,34.38292694091797
8655106,2018,2018-07-20,3600,2018-06-18,1612,F7804,YC304,1,5,4,3640,0,0,0,NA,0,NA,WILDWOOD VIEW DR,OAK MESA DR,803,W,N,A,-,N,NA,NA,NA,NA,NA,NA,NA,NA,NA,Y,3,0,1,1,A,-,03,22350,NA,M,A,I,A,-,H,-,B,D,0,NA,NA,NA,NA,Y,NA,A,01,0,1,0,0,0,0,0,0,0,-,-,NA,NA,SAN BERNARDINO,YUCAIPA,-116.99314880371094,34.010189056396484
8656041,2018,2018-08-27,3600,2018-06-25,1858,E2055,HE133,1,5,5,3619,0,0,0,NA,0,HE5,MAIN ST,3RD AV,17,E,N,A,-,N,NA,NA,NA,NA,NA,NA,NA,NA,NA,Y,4,0,1,2,A,-,08,22107,NA,N,B,C,A,A,H,-,A,A,0,NA,NA,NA,NA,Y,NA,D,22,0,0,1,0,0,0,0,0,0,-,-,NA,NA,SAN BERNARDINO,HESPERIA,-117.30663299560548,34.42229080200195
8656548,2018,2018-08-10,3600,2018-06-05,1307,F3794,VC021,2,5,5,3612,0,0,0,NA,0,VC3,HESPERIA RD,BEAR VALLEY RD,679,N,N,A,-,N,NA,NA,NA,NA,NA,NA,NA,NA,NA,Y,4,0,1,2,A,-,09,21804,A,N,C,C,A,A,H,-,A,D,0,NA,NA,Y,NA,Y,NA,A,01,0,0,1,0,0,0,0,0,1,-,-,NA,NA,SAN BERNARDINO,VICTORVILLE,-117.2917251586914,34.47277069091797
8656632,2018,2018-08-09,3608,2018-07-02,1730,3821,NA,1,5,5,3608,0,0,0,NA,0,NA,SAN BERNARDINO AV,TENNESSEE ST,12,W,N,A,-,N,NA,NA,NA,NA,NA,NA,NA,NA,NA,Y,3,0,1,3,A,-,03,22350,NA,N,C,C,A,A,H,-,A,D,0,NA,NA,NA,NA,Y,NA,A,01,0,1,0,0,0,0,0,0,0,-,-,NA,NA,SAN BERNARDINO,REDLANDS,-117.199462890625,34.0773811340332
8656766,2018,2018-08-09,3602,2018-05-27,0529,3628,NA,7,5,5,3602,0,0,0,NA,0,NA,EUCLID AV,POMONA RINCON RD,799,N,N,A,-,N,NA,NA,NA,NA,NA,NA,NA,NA,NA,N,4,0,1,1,A,-,01,23152,B,N,E,J,A,A,H,-,A,D,0,NA,NA,NA,NA,Y,Y,A,01,0,0,1,0,0,0,0,0,0,-,-,NA,NA,SAN BERNARDINO,CHINO,-117.65548706054688,33.93709182739258
8657159,2018,2018-09-25,3600,2018-07-18,2107,F7967,AP025,3,5,5,3621,0,0,0,NA,0,AP3,BEAR VALLEY RD,APPLE VALLEY RD,0,NA,Y,A,-,N,NA,NA,NA,NA,NA,NA,NA,NA,NA,Y,4,0,2,2,A,-,03,22350,NA,N,C,C,A,A,H,-,C,A,0,NA,NA,NA,NA,Y,NA,A,01,0,0,2,0,0,0,0,0,0,-,-,NA,NA,SAN BERNARDINO,APPLE VALLEY,-117.24237823486328,34.47119140625
8658594,2018,2018-07-12,3604,2018-06-12,0904,641,NA,2,5,6,3604,0,0,0,NA,0,NA,CHERRY AV,NORTH BRIDLEPATH,12,E,N,A,-,N,NA,NA,NA,NA,NA,NA,NA,NA,NA,N,3,0,1,2,A,-,10,21950,A,N,G,B,B,A,H,-,A,A,0,Y,NA,NA,NA,Y,NA,A,01,0,1,0,0,1,0,0,0,0,-,-,NA,NA,SAN BERNARDINO,FONTANA,-117.48445892333984,34.15412902832031
8659178,2018,2018-08-01,3608,2018-06-14,0828,4523,3608,4,5,5,3608,0,0,0,NA,0,NA,SAN TIMOTEO CANYON RD,PALOMARES RD,4148,W,N,A,-,N,NA,NA,NA,NA,NA,NA,NA,NA,NA,Y,4,0,1,1,A,-,00,22658,A,N,E,I,A,A,H,-,A,D,0,NA,NA,NA,NA,Y,NA,A,01,0,0,1,0,0,0,0,0,0,-,-,NA,NA,SAN BERNARDINO,REDLANDS,-117.20860290527344,34.035282135009766
8659182,2018,2018-08-01,3608,2018-06-19,1929,4823,NA,2,5,5,3608,0,0,0,NA,0,NA,LAKESIDE AV,W CYPRESS AV,16,N,N,A,-,N,NA,NA,NA,NA,NA,NA,NA,NA,NA,Y,3,0,2,2,A,-,01,23152,A,N,D,C,A,A,H,-,B,A,0,NA,NA,NA,NA,Y,Y,A,01,0,1,1,0,0,0,0,0,0,-,-,NA,NA,SAN BERNARDINO,REDLANDS,-117.19475555419922,34.03734588623047
8659268,2018,2018-07-20,3600,2018-07-03,1308,E8738,CH013,2,5,5,3630,0,0,0,NA,0,CH2,BIRD FARM RD,CARMELITA AV,0,NA,Y,A,-,N,NA,NA,NA,NA,NA,NA,NA,NA,NA,Y,4,0,1,2,A,-,07,21658,A,N,C,C,A,A,H,-,A,D,0,NA,NA,NA,NA,Y,NA,A,01,0,0,1,0,0,0,0,0,0,-,-,NA,NA,SAN BERNARDINO,CHINO HILLS,-117.7041473388672,33.97541046142578
8661844,2018,2018-08-28,3610,2018-07-23,2105,50700,NA,1,5,6,3610,0,0,0,NA,0,POLICE,E 2ND ST,N ALLEN ST,175,W,N,A,-,N,NA,NA,NA,NA,NA,NA,NA,NA,NA,Y,4,0,1,2,A,-,01,23152,A,N,A,E,A,A,H,-,C,D,0,NA,NA,NA,NA,Y,Y,D,22,0,0,1,0,0,0,0,0,0,-,-,34.102420806884766,-117.28260040283205,SAN BERNARDINO,SAN BERNARDINO,-117.28247833251952,34.102718353271484
8662029,2018,2018-11-08,3610,2018-07-26,1740,51035,NA,4,5,6,3610,0,0,0,NA,0,POLICE,NORTH WATERMAN AV,E 19TH ST,280,N,N,A,-,N,NA,NA,NA,NA,NA,NA,NA,NA,NA,N,4,0,3,2,A,-,04,21703,NA,N,C,C,A,A,H,-,A,A,0,NA,NA,NA,NA,Y,NA,A,07,0,0,3,0,0,0,0,0,0,-,-,34.134090423583984,-117.2787628173828,SAN BERNARDINO,SAN BERNARDINO,-117.2787628173828,34.13320541381836
8662317,2018,2018-08-02,3608,2018-07-03,0950,4629,NA,2,5,5,3608,0,0,0,NA,0,NA,S EUREKA AV,W OLIVE AV,111,N,N,A,-,N,NA,NA,NA,NA,NA,NA,NA,NA,NA,Y,4,0,1,2,A,-,09,21801,A,N,D,C,A,A,H,-,A,D,0,NA,NA,NA,NA,Y,NA,A,01,0,0,1,0,0,0,0,0,0,-,-,NA,NA,SAN BERNARDINO,REDLANDS,-117.18334197998048,34.052696228027344
8662733,2018,2018-07-26,3600,2018-05-08,2027,G9800,AD104,2,5,3,3613,0,0,0,NA,0,AD1,CHAMBERLAINE WY,BALDWIN ST,794,W,N,A,-,N,NA,NA,NA,NA,NA,NA,NA,NA,NA,N,4,0,1,2,A,-,11,21954,A,N,G,B,E,A,B,-,D,D,0,Y,NA,NA,NA,Y,Y,N,60,0,0,1,0,1,0,0,0,0,-,-,NA,NA,SAN BERNARDINO,ADELANTO,-117.40962982177734,34.58646774291992
8662949,2018,2018-07-18,3608,2018-06-28,1234,4388,NA,4,5,5,3608,0,0,0,NA,0,NA,UNIVERSITY ST,LUGONIA AV,0,NA,Y,A,-,N,NA,NA,NA,NA,NA,NA,NA,NA,NA,N,3,0,1,2,A,-,01,23152,A,N,A,C,A,A,H,-,A,A,0,NA,NA,NA,NA,Y,Y,A,01,0,1,0,0,0,0,0,0,0,-,-,NA,NA,SAN BERNARDINO,REDLANDS,-117.16719818115234,34.07004928588867
8664324,2018,2018-07-27,3610,2018-06-29,2200,51159,NA,5,5,6,3610,0,0,0,NA,0,CHARLI,N ARDENNES AV,MARSHALL BL,297,S,N,A,-,N,NA,NA,NA,NA,NA,NA,NA,NA,NA,N,4,0,1,2,A,-,09,21801,A,N,D,C,A,A,H,-,C,D,0,NA,NA,NA,NA,Y,NA,A,01,0,0,1,0,0,0,0,0,0,-,-,34.14878845214844,-117.23528289794922,SAN BERNARDINO,SAN BERNARDINO,-117.23495483398438,34.14860534667969