CASE_ID,ACCIDENT_YEAR,PROC_DATE,JURIS,COLLISION_DATE,COLLISION_TIME,OFFICER_ID,REPORTING_DISTRICT,DAY_OF_WEEK,CHP_SHIFT,POPULATION,CNTY_CITY_LOC,SPECIAL_COND,BEAT_TYPE,CHP_BEAT_TYPE,CITY_DIVISION_LAPD,CHP_BEAT_CLASS,BEAT_NUMBER,PRIMARY_RD,SECONDARY_RD,DISTANCE,DIRECTION,INTERSECTION,WEATHER_1,WEATHER_2,STATE_HWY_IND,CALTRANS_COUNTY,CALTRANS_DISTRICT,STATE_ROUTE,ROUTE_SUFFIX,POSTMILE_PREFIX,POSTMILE,LOCATION_TYPE,RAMP_INTERSECTION,SIDE_OF_HWY,TOW_AWAY,COLLISION_SEVERITY,NUMBER_KILLED,NUMBER_INJURED,PARTY_COUNT,PRIMARY_COLL_FACTOR,PCF_CODE_OF_VIOL,PCF_VIOL_CATEGORY,PCF_VIOLATION,PCF_VIOL_SUBSECTION,HIT_AND_RUN,TYPE_OF_COLLISION,MVIW,PED_ACTION,ROAD_SURFACE,ROAD_COND_1,ROAD_COND_2,LIGHTING,CONTROL_DEVICE,CHP_ROAD_TYPE,PEDESTRIAN_ACCIDENT,BICYCLE_ACCIDENT,MOTORCYCLE_ACCIDENT,TRUCK_ACCIDENT,NOT_PRIVATE_PROPERTY,ALCOHOL_INVOLVED,STWD_VEHTYPE_AT_FAULT,CHP_VEHTYPE_AT_FAULT,COUNT_SEVERE_INJ,COUNT_VISIBLE_INJ,COUNT_COMPLAINT_PAIN,COUNT_PED_KILLED,COUNT_PED_INJURED,COUNT_BICYCLIST_KILLED,COUNT_BICYCLIST_INJURED,COUNT_MC_KILLED,COUNT_MC_INJURED,PRIMARY_RAMP,SECONDARY_RAMP,LATITUDE,LONGITUDE,COUNTY,CITY,POINT_X,POINT_Y
8999991,2018,2019-12-11,3607,2018-03-15,0731,19993,895,4,5,6,3607,0,0,0,NA,0,082,MERRILL AV,ARCHIBALD AV,300,E,N,A,-,N,NA,NA,NA,NA,NA,NA,NA,NA,NA,Y,4,0,1,1,A,-,08,22107,NA,N,E,I,A,A,H,-,A,A,0,NA,NA,NA,NA,Y,NA,A,07,0,0,1,0,0,0,0,0,0,-,-,NA,NA,SAN BERNARDINO,ONTARIO,-117.59234619140624,33.982730865478516
8999998,2018,2019-12-10,3607,2018-11-28,1721,80131,78,3,5,6,3607,0,0,0,NA,0,041,MILLIKEN AV,S INLAND EMPIRE BL,500,N,N,A,-,N,NA,NA,NA,NA,NA,NA,NA,NA,NA,Y,4,0,2,2,A,-,03,22350,NA,N,C,C,A,A,H,-,C,A,0,NA,NA,NA,NA,Y,NA,A,01,0,0,2,0,0,0,0,0,0,-,-,NA,NA,SAN BERNARDINO,ONTARIO,-117.557861328125,34.0731315612793
8965589,2019,2019-11-05,3610,2019-10-02,0741,0506,CSU,3,5,6,3610,0,0,0,NA,0,NA,NORTHPARK BL,SERRANO DR,0,NA,Y,A,-,N,NA,NA,NA,NA,NA,NA,NA,NA,NA,Y,3,0,1,2,A,-,08,22107,NA,N,D,C,A,A,H,-,A,A,0,NA,NA,NA,NA,Y,NA,-,NA,0,1,0,0,0,0,0,0,0,-,-,34.17741012573242,-117.32334136962892,SAN BERNARDINO,SAN BERNARDINO,-117.323384,34.177384000000004
9000090,2019,2019-12-17,3607,2019-05-23,1319,80496,WVSC,4,5,6,3607,0,0,0,NA,0,012,MOUNTAIN AV,BROOKS ST,20,S,N,C,-,N,NA,NA,NA,NA,NA,NA,NA,NA,NA,NA,4,0,1,3,A,-,09,21804,A,N,C,C,A,B,H,-,A,A,0,NA,NA,NA,NA,Y,NA,A,01,0,0,1,0,0,0,0,0,0,-,-,NA,NA,SAN BERNARDINO,ONTARIO,-117.67003631591795,34.06278610229492
9000112,2019,2019-12-16,3607,2019-01-08,0723,80521,261,2,5,6,3607,0,0,0,NA,0,072,ARCHIBALD AV,OAK HILL DR,0,NA,Y,A,-,N,NA,NA,NA,NA,NA,NA,NA,NA,NA,NA,4,0,2,4,A,-,03,22350,NA,N,C,C,A,A,H,-,A,A,0,NA,NA,NA,NA,Y,NA,A,01,0,0,2,0,0,0,0,0,0,-,-,NA,NA,SAN BERNARDINO,ONTARIO,-117.5933074951172,34.02824020385742
9000119,2019,2019-12-18,3607,2019-01-03,1105,80557,76,4,5,6,3607,0,0,0,NA,0,041,MILLIKEN AV,4TH ST,0,NA,Y,-,-,N,NA,NA,NA,NA,NA,NA,NA,NA,NA,N,4,0,2,2,A,-,12,21453,A,N,D,C,A,A,H,-,A,A,0,NA,NA,NA,NA,Y,NA,A,01,0,0,2,0,0,0,0,0,0,-,-,NA,NA,SAN BERNARDINO,ONTARIO,-117.55840301513672,34.077171325683594
9000124,2019,2019-12-17,3607,2019-01-10,0554,80483,750,4,5,6,3607,0,0,0,NA,0,082,ONTARIO RANCH RD,TURNER AV,178,W,N,A,-,N,NA,NA,NA,NA,NA,NA,NA,NA,NA,N,4,0,1,2,A,-,08,22107,NA,M,F,C,A,A,H,-,C,D,0,NA,NA,NA,NA,Y,NA,A,01,0,0,1,0,0,0,0,0,0,-,-,NA,NA,SAN BERNARDINO,ONTARIO,-117.58482360839844,33.99722671508789
9000128,2019,2019-12-17,3607,2019-01-03,1206,80388,NA,4,5,6,3607,0,0,0,NA,0,NA,MILLIKEN AV,GUASTI RD,25,N,N,A,-,N,NA,NA,NA,NA,NA,NA,NA,NA,NA,N,4,0,1,2,A,-,03,22350,NA,N,C,C,A,A,H,-,A,A,0,NA,NA,NA,NA,Y,NA,A,01,0,0,1,0,0,0,0,0,0,-,-,NA,NA,SAN BERNARDINO,ONTARIO,-117.55828094482422,34.0640983581543
8968240,2019,2019-11-14,3600,2019-09-08,1055,H5847,3600,7,5,5,3612,0,0,0,NA,0,VC04,EL EVADO RD,LA MESA RD,0,NA,Y,A,-,N,NA,NA,NA,NA,NA,NA,NA,NA,NA,Y,4,0,1,2,A,-,12,21453,NA,N,D,C,A,A,H,-,A,A,0,NA,NA,NA,NA,Y,NA,D,22,0,0,1,0,0,0,0,0,0,-,-,NA,NA,SAN BERNARDINO,VICTORVILLE,-117.34678649902344,34.484928131103516
90020696,2015,2015-10-19,9860,2015-09-10,1117,015207,NA,4,1,4,3603,0,1,1,NA,2,103,I-10 W/B,MT. VERNON AVE.,2112,W,N,A,-,Y,NA,NA,10,NA,NA,NA,NA,NA,W,Y,4,0,1,2,A,-,03,22350,NA,N,C,C,A,A,H,-,A,D,0,NA,NA,NA,NA,Y,NA,A,01,0,0,1,0,0,0,0,0,0,-,-,34.06535,-117.3179,SAN BERNARDINO,COLTON,-117.317901,34.06533554
8968241,2019,2019-11-12,3600,2019-09-27,1500,F6913,RC081,5,5,6,3616,0,0,0,NA,0,003,ETIWANDA AV,GOLDEN PRAIRIE DR,250,S,N,A,-,N,NA,NA,NA,NA,NA,NA,NA,NA,NA,Y,3,0,1,1,A,-,03,22350,NA,N,E,I,A,A,H,-,A,D,0,NA,NA,NA,NA,Y,NA,A,01,0,1,0,0,0,0,0,0,0,-,-,NA,NA,SAN BERNARDINO,RANCHO CUCAMONGA,-117.52362060546876,34.15378952026367
90022309,2015,2015-10-19,9860,2015-09-17,0753,019269,NA,4,1,9,3600,0,3,5,NA,2,002,F ST.,40TH ST.,450,N,N,A,-,N,NA,NA,NA,NA,NA,NA,NA,NA,NA,Y,4,0,1,2,C,-,18,NA,NA,N,E,I,A,A,H,-,A,D,0,NA,NA,NA,NA,Y,NA,-,-,0,0,1,0,0,0,0,0,0,-,-,34.16587,-117.30268,SAN BERNARDINO,UNINCORPORATED,-117.30268049,34.16582268
8968396,2019,2019-11-14,3600,2019-09-03,1403,D2561,VC070,2,5,5,3612,0,0,0,NA,0,VC6,EL EVADO RD,MOJAVE DR,25,N,N,A,-,N,NA,NA,NA,NA,NA,NA,NA,NA,NA,Y,4,0,1,2,A,-,09,21801,A,N,D,C,A,A,H,-,A,A,0,NA,NA,NA,NA,Y,NA,A,01,0,0,1,0,0,0,0,0,0,-,-,NA,NA,SAN BERNARDINO,VICTORVILLE,-117.34677124023438,34.52861785888672
8969420,2019,2019-11-18,3610,2019-09-27,2000,50803,NA,5,5,6,3610,0,0,0,NA,0,POLICE,NORTH WATERMAN AV,E E BRYANT ST,0,NA,Y,B,-,N,NA,NA,NA,NA,NA,NA,NA,NA,NA,N,4,0,1,2,A,-,11,21954,A,N,A,B,D,A,H,-,C,D,0,Y,NA,NA,NA,Y,NA,N,60,0,0,1,0,1,0,0,0,0,-,-,34.104549407958984,-117.2787628173828,SAN BERNARDINO,SAN BERNARDINO,NA,NA
8969915,2019,2019-12-19,3600,2019-10-31,0250,D4320,RC033,4,5,6,3616,0,0,0,NA,0,RC5,HAVEN AV,ARROW RTE,0,NA,Y,A,-,N,NA,NA,NA,NA,NA,NA,NA,NA,NA,Y,4,0,2,2,A,-,12,21453,A,N,D,C,A,A,H,-,C,A,0,NA,NA,NA,NA,Y,NA,A,01,0,0,2,0,0,0,0,0,0,-,-,NA,NA,SAN BERNARDINO,RANCHO CUCAMONGA,-117.57594299316406,34.09920120239258
8978657,2019,2019-11-25,3600,2019-09-03,0711,G6918,VC068,2,5,5,3612,0,0,0,NA,0,VC4,BEAR VALLEY RD,MESA LINDA AV,114,W,N,A,-,N,NA,NA,NA,NA,NA,NA,NA,NA,NA,N,3,0,1,1,A,-,12,21453,A,N,F,I,A,A,H,-,A,A,0,NA,NA,NA,NA,Y,NA,A,08,0,1,0,0,0,0,0,0,0,-,-,NA,NA,SAN BERNARDINO,VICTORVILLE,-117.3910903930664,34.470367431640625
8960165,2019,2020-02-25,3600,2019-08-21,0842,F6893,CH007,3,5,5,3630,0,0,0,NA,0,003,EUCALYPTUS AV,CALLE BARCELONA,50,W,N,A,-,N,NA,NA,NA,NA,NA,NA,NA,NA,NA,N,3,0,1,2,A,-,13,22515,A,N,C,E,A,A,H,-,A,D,0,NA,NA,NA,NA,Y,NA,A,01,0,1,0,0,0,0,0,0,0,-,-,NA,NA,SAN BERNARDINO,CHINO HILLS,-117.75904846191406,33.9769287109375
8962039,2019,2019-11-12,3604,2019-10-11,1949,1333,NA,5,5,6,3604,0,0,0,NA,0,NA,SLOVER AV,CITRUS AV,0,NA,Y,A,-,N,NA,NA,NA,NA,NA,NA,NA,NA,NA,Y,3,0,1,2,A,-,01,23153,A,F,D,C,A,A,H,-,C,A,0,NA,NA,NA,NA,Y,Y,A,01,0,1,0,0,0,0,0,0,0,-,-,NA,NA,SAN BERNARDINO,FONTANA,-117.45377349853516,34.063011169433594
8964800,2019,2020-01-21,3600,2019-10-11,1849,G3926,HE134,5,5,5,3619,0,0,0,NA,0,HE3,RT 395,YUCCA TERRACE DR,0,NA,Y,A,-,Y,SBD,8,395,-,-,6.12,H,-,N,N,4,0,2,2,A,-,03,22350,NA,N,C,C,A,A,H,-,D,D,0,NA,NA,NA,NA,Y,NA,A,01,0,0,2,0,0,0,0,0,0,-,-,NA,NA,SAN BERNARDINO,HESPERIA,-117.39955139160156,34.43391418457031
8996728,2019,2020-02-08,3603,2019-12-04,0652,4251,CPD,3,5,4,3603,0,0,0,NA,0,004,WASHINGTON ST,WATERMAN AV,0,NA,Y,B,C,N,NA,NA,NA,NA,NA,NA,NA,NA,NA,Y,4,0,2,2,A,-,09,21453,C,N,D,C,A,B,H,-,A,A,0,NA,NA,NA,NA,Y,NA,A,01,0,0,2,0,0,0,0,0,0,-,-,NA,NA,SAN BERNARDINO,COLTON,-117.27874755859376,34.05170822143555
8980829,2019,2019-12-11,3600,2019-09-28,1854,G7691,YC403,6,5,4,3640,0,0,0,NA,0,YC3,AVENUE E,4TH ST,274,W,N,A,-,N,NA,NA,NA,NA,NA,NA,NA,NA,NA,Y,4,0,1,2,A,-,08,22107,NA,N,B,E,A,A,H,-,C,D,0,NA,NA,NA,NA,Y,NA,A,01,0,0,1,0,0,0,0,0,0,-,-,34.026710510253906,-117.05294036865234,SAN BERNARDINO,YUCAIPA,-117.05280303955078,34.02659606933594
8984638,2018,2019-12-07,3607,2018-10-27,0923,80536,232,6,5,6,3607,0,0,0,NA,0,062,EUCLID AV,RT 60,0,NA,Y,A,-,Y,NA,NA,NA,NA,NA,NA,NA,NA,NA,N,3,0,2,2,A,-,12,21453,A,N,D,C,A,A,H,-,A,A,0,NA,NA,NA,NA,Y,NA,A,08,0,1,1,0,0,0,0,0,0,-,WO,NA,NA,SAN BERNARDINO,ONTARIO,-117.65104675292967,34.0305290222168
8984895,2019,2019-12-24,3600,2019-08-31,1348,F6904,RC067,6,5,6,3616,0,0,0,NA,0,RC5,SPRUCE AV,FOOTHILL BL,0,NA,Y,A,-,N,NA,NA,NA,NA,NA,NA,NA,NA,NA,N,4,0,1,2,A,-,10,21950,NA,N,G,B,B,A,H,-,A,A,0,Y,NA,NA,NA,Y,NA,A,07,0,0,1,0,1,0,0,0,0,-,-,NA,NA,SAN BERNARDINO,RANCHO CUCAMONGA,-117.56693267822266,34.1065788269043
8984921,2019,2019-12-30,3611,2019-09-10,1650,577,3611,2,5,5,3611,0,0,0,NA,0,004,ARROW HWY,2ND AV,0,NA,Y,A,-,N,NA,NA,NA,NA,NA,NA,NA,NA,NA,Y,3,0,4,3,A,-,09,21801,A,N,D,C,A,A,H,-,A,A,0,NA,NA,NA,NA,Y,NA,A,01,0,2,2,0,0,0,0,0,0,-,-,NA,NA,SAN BERNARDINO,UPLAND,-117.64840698242188,34.0997314453125
90034030,2015,2015-10-19,9860,2015-09-27,0115,020856,NA,7,3,9,3600,0,3,5,NA,2,002,HIGHLAND AVENUE,STATE STREET,600,E,N,A,-,N,NA,NA,NA,NA,NA,NA,NA,NA,NA,Y,3,0,2,2,A,-,01,23152,A,N,G,B,D,A,H,-,C,D,0,Y,NA,NA,NA,Y,Y,N,60,0,2,0,0,1,0,0,0,0,-,-,34.13619,-117.33356,SAN BERNARDINO,UNINCORPORATED,-117.33348341,34.13612363
8985109,2019,2021-04-07,3607,2019-10-31,1813,80533,204,4,5,6,3607,0,0,0,NA,0,051,EUCLID AV,MAPLE ST,0,NA,Y,A,-,Y,SBD,8,83,-,-,7.98,H,-,S,N,4,0,1,2,D,-,00,NA,NA,N,C,C,A,A,H,-,A,D,0,NA,NA,NA,NA,Y,NA,-,-,0,0,1,0,0,0,0,0,0,-,-,NA,NA,SAN BERNARDINO,ONTARIO,-117.6510772705078,34.041988372802734
8987972,2019,2019-12-31,3607,2019-05-16,1050,80557,215,4,5,6,3607,0,0,0,NA,0,042,JURUPA ST,MILLIKEN AV,0,NA,Y,C,-,N,NA,NA,NA,NA,NA,NA,NA,NA,NA,Y,4,0,1,2,A,-,12,21453,A,N,D,C,A,B,H,-,A,A,0,NA,NA,NA,NA,Y,NA,I,09,0,0,1,0,0,0,0,0,0,-,-,NA,NA,SAN BERNARDINO,ONTARIO,-117.55838012695313,34.0482292175293
8988200,2019,2020-01-10,3600,2019-11-12,0006,F5280,HI020,2,5,4,3618,0,0,0,NA,0,HI3,BOULDER AV,GREENSPOT RD,0,S,N,A,-,N,NA,NA,NA,NA,NA,NA,NA,NA,NA,Y,4,0,1,1,A,-,03,22350,NA,N,F,A,A,A,H,-,C,D,0,NA,NA,NA,NA,Y,NA,-,NA,0,0,1,0,0,0,0,0,0,-,-,34.10721969604492,-117.1833724975586,SAN BERNARDINO,HIGHLAND,-117.18497467041016,34.108245849609375
8992159,2019,2019-12-31,3607,2019-04-10,1522,80313,240,3,5,6,3607,0,0,0,NA,0,071,PHILADELPHIA ST,VINEYARD AV,0,NA,Y,A,-,N,NA,NA,NA,NA,NA,NA,NA,NA,NA,Y,3,0,1,3,A,-,09,21801,A,N,D,C,A,A,H,-,A,A,0,NA,NA,NA,NA,Y,NA,A,01,0,1,0,0,0,0,0,0,0,-,-,NA,NA,SAN BERNARDINO,ONTARIO,-117.6110610961914,34.034061431884766
8993731,2019,2020-01-09,3603,2019-11-17,0351,4546,CPD,7,5,4,3603,0,0,0,NA,0,003,RIVERSIDE AV,KLINE RANCH,50,S,N,A,-,N,NA,NA,NA,NA,NA,NA,NA,NA,NA,Y,3,0,1,2,A,-,08,22107,NA,N,A,C,A,A,H,-,C,A,0,NA,NA,NA,NA,Y,NA,A,01,0,1,0,0,0,0,0,0,0,-,-,NA,NA,SAN BERNARDINO,COLTON,-117.36492156982422,34.03068542480469
8993985,2019,2020-01-13,3605,2019-11-15,1416,434,NA,5,5,4,3605,0,0,0,NA,0,NA,RAMONA AV,HOWARD ST,0,NA,Y,A,-,N,NA,NA,NA,NA,NA,NA,NA,NA,NA,Y,4,0,5,2,A,-,12,22450,A,N,D,C,A,A,H,-,A,A,0,NA,NA,NA,NA,Y,NA,A,07,0,0,5,0,0,0,0,0,0,-,-,NA,NA,SAN BERNARDINO,MONTCLAIR,-117.70684051513672,34.05215835571289
8994787,2019,2019-12-21,3607,2019-08-21,1537,19968,235,3,5,6,3607,0,0,0,NA,0,062,PHILADELPHIA ST,MIRAMONTE AV,151,W,N,A,-,N,NA,NA,NA,NA,NA,NA,NA,NA,NA,N,4,0,1,2,A,-,03,22350,NA,N,C,C,A,A,H,-,A,A,0,NA,NA,NA,NA,Y,NA,D,22,0,0,1,0,0,0,0,0,0,-,-,NA,NA,SAN BERNARDINO,ONTARIO,-117.64383697509766,34.03386306762695
90037561,2015,2015-10-26,9860,2015-10-15,0015,018275,NA,4,3,6,3610,0,1,1,NA,2,202,SR-210 E/B,H STREET,50,E,N,C,-,Y,NA,NA,210,NA,NA,NA,NA,NA,E,Y,4,0,1,1,A,-,03,22350,NA,N,F,A,A,B,H,-,D,D,0,NA,NA,NA,NA,Y,NA,A,01,0,0,1,0,0,0,0,0,0,-,-,34.14555,-117.29982,SAN BERNARDINO,SAN BERNARDINO,-117.29981922,34.1455867
8995598,2019,2020-09-18,3600,2019-11-04,1932,H6875,TW004,1,5,3,3617,0,0,0,NA,0,TW1,RT 62,ADOBE RD,0,NA,Y,A,-,Y,SBD,8,62,-,-,33.208,I,5,E,N,4,0,1,2,A,-,12,21453,A,N,D,C,A,A,H,-,C,A,0,NA,NA,NA,NA,Y,NA,A,01,0,0,1,0,0,0,0,0,0,-,-,34.13555145263672,-116.05436706542967,SAN BERNARDINO,TWENTYNINE PALMS,-116.05441284179688,34.135623931884766
8996085,2019,2019-12-23,3610,2019-10-19,1122,51167,NA,6,5,6,3610,0,0,0,NA,0,NA,N DEL ROSA AV,E DATE ST,80,N,N,A,-,N,NA,NA,NA,NA,NA,NA,NA,NA,NA,N,3,0,1,2,A,-,09,21804,A,N,A,G,A,A,H,-,A,D,0,NA,Y,NA,NA,Y,NA,L,04,0,1,0,0,0,0,1,0,0,-,-,34.14365005493164,-117.25240325927734,SAN BERNARDINO,SAN BERNARDINO,-117.25242614746094,34.14386749267578
9000015,2019,2019-12-19,3600,2019-04-25,0732,E3905,LL01,4,5,3,3615,0,0,0,NA,0,LL1,MOUNTAIN VIEW AV,SUN AV,0,NA,Y,A,-,N,NA,NA,NA,NA,NA,NA,NA,NA,NA,Y,4,0,1,2,A,-,09,21801,A,N,D,C,A,A,H,-,A,D,0,NA,NA,NA,NA,Y,NA,-,NA,0,0,1,0,0,0,0,0,0,-,-,NA,NA,SAN BERNARDINO,LOMA LINDA,-117.24368286132813,34.064090728759766
90016558,2015,2016-02-16,9850,2015-09-09,0900,017730,NA,3,1,9,3600,0,3,5,NA,2,005,LAKEVIEW DR,BLUE WATER RD,555,S,N,A,-,N,NA,NA,NA,NA,NA,NA,NA,NA,NA,Y,4,0,1,2,A,-,03,22350,NA,N,C,C,A,A,H,-,A,D,0,NA,NA,NA,NA,Y,NA,A,01,0,0,1,0,0,0,0,0,0,-,-,34.74027,-117.34728,SAN BERNARDINO,UNINCORPORATED,-117.34692616,34.74035583
90020748,2015,2015-10-19,9835,2015-09-13,1350,020103,NA,7,1,9,3600,0,1,1,NA,2,070,I-15 N/B,WILD WASH RD,7814,N,N,A,-,Y,NA,NA,NA,NA,NA,NA,NA,NA,NA,Y,3,0,4,3,A,-,07,21658,A,N,E,I,A,A,H,-,A,D,0,NA,NA,NA,NA,Y,NA,A,01,0,2,2,0,0,0,0,0,0,-,-,NA,NA,SAN BERNARDINO,UNINCORPORATED,NA,NA
90041867,2015,2015-10-30,9850,2015-10-19,1331,020899,NA,1,1,9,3600,0,2,4,NA,2,050,US 395 N/B,JOSHUA ST,145,S,N,A,-,Y,NA,NA,NA,NA,NA,NA,NA,NA,NA,Y,4,0,1,2,A,-,03,22350,NA,N,C,C,A,A,H,-,A,A,0,NA,NA,NA,NA,Y,NA,A,01,0,0,1,0,0,0,0,0,0,-,-,34.40707,-117.39957,SAN BERNARDINO,UNINCORPORATED,-117.39964734,34.40715482
90022619,2015,2015-10-19,9860,2015-09-22,1914,017784,NA,2,2,5,3608,0,1,1,NA,2,105,INTERSTATE 10 EASTBOUND,TEXAS STREET,530,E,N,B,-,Y,NA,NA,10,NA,NA,NA,NA,NA,E,N,4,0,1,1,C,-,18,NA,NA,N,E,J,A,A,H,-,D,D,0,NA,NA,NA,NA,Y,NA,-,-,0,0,1,0,0,0,0,0,0,-,-,34.06179,-117.18957,SAN BERNARDINO,REDLANDS,-117.18956972,34.06164965
90023751,2015,2015-10-19,9855,2015-09-10,1935,016051,NA,4,2,5,3630,0,1,3,NA,2,071,SR-71 S/B TO EUCLID AVE,EUCLID AVE.,190,N,N,A,-,Y,NA,NA,71,NA,NA,NA,R,NA,S,N,4,0,1,2,A,-,03,22350,NA,N,C,C,A,A,H,-,C,D,0,NA,NA,NA,NA,Y,NA,A,07,0,0,1,0,0,0,0,0,0,-,-,33.93076,-117.6619,SAN BERNARDINO,CHINO HILLS,-117.6619,33.93076
90044771,2015,2015-11-04,9855,2015-10-10,1820,020081,NA,6,2,6,3607,0,1,1,NA,2,101,I-10 E/B (SAN BERNARDINO FWY),MILLIKEN AVE.,1600,W,N,A,-,Y,NA,NA,10,NA,NA,NA,NA,NA,E,Y,3,0,2,2,A,-,03,22350,NA,N,C,C,A,A,H,-,B,D,0,NA,NA,NA,NA,Y,NA,A,01,0,1,1,0,0,0,0,0,0,-,-,34.06732,-117.56377,SAN BERNARDINO,ONTARIO,-117.56376979,34.06739361
90023853,2015,2015-10-19,9860,2015-09-16,1650,019674,NA,3,2,9,3600,0,1,1,NA,2,151,I-15 N/B,GLEN HELEN RD,528,N,N,A,-,Y,NA,NA,15,NA,NA,NA,NA,NA,N,Y,4,0,1,2,A,-,07,21658,A,N,E,I,A,A,D,-,A,D,0,NA,NA,Y,NA,Y,NA,C,02,0,0,1,0,0,0,0,0,0,-,-,34.21542,-117.41125,SAN BERNARDINO,UNINCORPORATED,-117.41134985,34.21544099
90024094,2015,2015-10-19,9870,2015-09-23,0550,021064,NA,3,3,9,3600,0,3,5,NA,2,003,MORONGO ROAD,GUNDERSON ROAD,47,S,N,A,-,N,NA,NA,NA,NA,NA,NA,NA,NA,NA,Y,4,0,1,2,A,-,21,22106,NA,N,B,C,A,A,H,-,B,D,0,NA,NA,NA,NA,Y,NA,D,22,0,0,1,0,0,0,0,0,0,-,-,34.22984,-116.08945,SAN BERNARDINO,UNINCORPORATED,-116.08942330000001,34.22983849
90049334,2015,2015-11-12,9855,2015-10-22,0600,012923,NA,4,1,6,3607,0,1,1,NA,2,101,I-10 W/B (SAN BERNARDINO FWY),FOURTH ST.,985,W,N,A,-,Y,NA,NA,10,NA,NA,NA,NA,NA,W,N,2,0,1,3,A,-,07,21658,A,N,B,C,A,A,H,-,D,D,0,NA,NA,Y,NA,Y,NA,A,01,1,0,0,0,0,0,0,0,1,-,-,34.07953,-117.62656,SAN BERNARDINO,ONTARIO,-117.62651475,34.07960852
90025402,2015,2015-10-19,9860,2015-09-20,1710,020596,NA,7,2,9,3600,0,1,1,NA,2,151,I-15 S/B,CLEGHORN RD,5808,S,N,A,-,Y,NA,NA,15,NA,NA,NA,NA,NA,S,Y,3,0,1,3,A,-,03,22350,NA,N,C,C,A,A,D,-,A,D,0,NA,NA,NA,NA,Y,NA,A,01,0,1,0,0,0,0,0,0,0,-,-,34.28515,-117.45203,SAN BERNARDINO,UNINCORPORATED,-117.45212764,34.28516054
90049837,2015,2015-11-12,9860,2015-11-04,0748,013945,NA,3,1,9,3600,0,3,5,NA,2,003,RECHE CANYON RD,PRADO LN,90,S,N,B,-,N,NA,NA,NA,NA,NA,NA,NA,NA,NA,N,4,0,1,3,A,-,03,22350,NA,N,C,C,A,A,H,-,A,D,0,NA,NA,NA,NA,Y,NA,A,01,0,0,1,0,0,0,0,0,0,-,-,34.04136,-117.28423,SAN BERNARDINO,UNINCORPORATED,-117.28453184,34.04109456
90049853,2015,2015-11-12,9855,2015-11-04,0511,012923,NA,3,3,6,3604,0,1,1,NA,2,101,I-10 W/B (SAN BERNARDINO FWY),CHERRY AVE.,1945,E,N,A,-,Y,NA,NA,10,NA,NA,NA,NA,NA,W,Y,4,0,1,2,A,-,03,22350,NA,N,B,C,A,A,H,-,D,D,0,NA,NA,NA,NA,Y,NA,A,01,0,0,1,0,0,0,0,0,0,-,-,34.06645,-117.4722,SAN BERNARDINO,FONTANA,-117.47219902,34.06639377
90050507,2015,2015-11-13,9855,2015-11-10,1705,015299,NA,2,2,6,3607,0,1,1,NA,2,103,I-10 E/B (SAN BERNARDINO FWY),SR-83 (EUCLID AVE.),2000,E,N,A,-,Y,NA,NA,10,NA,NA,NA,NA,NA,E,N,4,0,1,2,A,-,03,22350,NA,N,C,C,A,A,H,-,C,D,0,NA,NA,NA,NA,Y,NA,A,01,0,0,1,0,0,0,0,0,0,-,-,34.0871,-117.6435,SAN BERNARDINO,ONTARIO,-117.64348884,34.08720042
90025550,2015,2015-10-19,9860,2015-09-28,1325,013945,NA,1,1,9,3600,0,3,5,NA,2,002,CAJON BLVD,OGDEN ST,392,S,N,A,-,N,NA,NA,NA,NA,NA,NA,NA,NA,NA,Y,4,0,1,2,A,-,09,21801,A,N,D,C,A,A,H,-,A,D,0,NA,NA,NA,NA,Y,NA,A,01,0,0,1,0,0,0,0,0,0,-,-,34.15854,-117.33667,SAN BERNARDINO,UNINCORPORATED,-117.33657142,34.15859584
90051000,2015,2015-11-16,9860,2015-11-07,0055,020856,NA,6,3,9,3600,0,2,4,NA,2,411,CEDAR AVENUE,SAN BERNARDINO AVE,20,S,N,A,-,N,NA,NA,NA,NA,NA,NA,NA,NA,NA,Y,4,0,2,2,A,-,03,22350,NA,N,C,C,A,A,H,-,C,A,0,NA,NA,NA,NA,Y,NA,A,01,0,0,2,0,0,0,0,0,0,-,-,34.07785,-117.39637,SAN BERNARDINO,UNINCORPORATED,-117.39648,34.0776252
90027402,2015,2015-10-19,9860,2015-09-20,1425,017919,NA,7,2,6,3610,0,1,3,NA,2,259,SR-259 S/B,30TH ST,450,S,N,A,-,Y,NA,NA,NA,NA,NA,NA,NA,NA,NA,Y,4,0,3,3,A,-,08,22107,NA,N,B,C,A,A,H,-,A,D,0,NA,NA,NA,NA,Y,NA,A,01,0,0,3,0,0,0,0,0,0,-,-,37.14559,-117.29845,SAN BERNARDINO,SAN BERNARDINO,NA,NA
90051939,2015,2015-11-16,9860,2015-11-02,1720,016821,NA,1,2,6,3610,0,1,1,NA,2,214,I-215 N/B,I-10,200,N,N,B,-,Y,NA,NA,215,NA,NA,NA,NA,NA,N,Y,3,0,2,3,A,-,03,22350,NA,N,C,C,A,A,H,-,B,D,0,NA,NA,NA,NA,Y,NA,A,01,0,1,1,0,0,0,0,0,0,-,-,34.06502,-117.29626,SAN BERNARDINO,SAN BERNARDINO,-117.29613165,34.06499391
90027420,2015,2015-10-19,9860,2015-09-26,1230,017919,NA,6,1,6,3610,0,1,1,NA,2,216,I-215 S/B,UNIVERSITY PKY,5280,S,N,A,-,Y,NA,NA,215,NA,NA,NA,NA,NA,S,N,4,0,1,1,A,-,08,22107,NA,N,E,I,A,A,H,-,A,D,0,NA,NA,NA,NA,Y,NA,A,07,0,0,1,0,0,0,0,0,0,-,-,34.15251,-117.32429,SAN BERNARDINO,SAN BERNARDINO,-117.32422338,34.15254923