CASE_ID,ACCIDENT_YEAR,PROC_DATE,JURIS,COLLISION_DATE,COLLISION_TIME,OFFICER_ID,REPORTING_DISTRICT,DAY_OF_WEEK,CHP_SHIFT,POPULATION,CNTY_CITY_LOC,SPECIAL_COND,BEAT_TYPE,CHP_BEAT_TYPE,CITY_DIVISION_LAPD,CHP_BEAT_CLASS,BEAT_NUMBER,PRIMARY_RD,SECONDARY_RD,DISTANCE,DIRECTION,INTERSECTION,WEATHER_1,WEATHER_2,STATE_HWY_IND,CALTRANS_COUNTY,CALTRANS_DISTRICT,STATE_ROUTE,ROUTE_SUFFIX,POSTMILE_PREFIX,POSTMILE,LOCATION_TYPE,RAMP_INTERSECTION,SIDE_OF_HWY,TOW_AWAY,COLLISION_SEVERITY,NUMBER_KILLED,NUMBER_INJURED,PARTY_COUNT,PRIMARY_COLL_FACTOR,PCF_CODE_OF_VIOL,PCF_VIOL_CATEGORY,PCF_VIOLATION,PCF_VIOL_SUBSECTION,HIT_AND_RUN,TYPE_OF_COLLISION,MVIW,PED_ACTION,ROAD_SURFACE,ROAD_COND_1,ROAD_COND_2,LIGHTING,CONTROL_DEVICE,CHP_ROAD_TYPE,PEDESTRIAN_ACCIDENT,BICYCLE_ACCIDENT,MOTORCYCLE_ACCIDENT,TRUCK_ACCIDENT,NOT_PRIVATE_PROPERTY,ALCOHOL_INVOLVED,STWD_VEHTYPE_AT_FAULT,CHP_VEHTYPE_AT_FAULT,COUNT_SEVERE_INJ,COUNT_VISIBLE_INJ,COUNT_COMPLAINT_PAIN,COUNT_PED_KILLED,COUNT_PED_INJURED,COUNT_BICYCLIST_KILLED,COUNT_BICYCLIST_INJURED,COUNT_MC_KILLED,COUNT_MC_INJURED,PRIMARY_RAMP,SECONDARY_RAMP,LATITUDE,LONGITUDE,COUNTY,CITY,POINT_X,POINT_Y
90079450,2015,2015-12-21,9855,2015-12-18,0750,019947,NA,5,1,9,3600,0,3,5,NA,2,004,RIVERSIDE DR.,MCKINLEY AVE,18,E,N,A,-,N,NA,NA,NA,NA,NA,NA,NA,NA,NA,N,4,0,1,2,A,-,07,21658,A,N,D,C,A,A,H,-,A,D,0,NA,NA,NA,NA,Y,NA,A,01,0,0,1,0,0,0,0,0,0,-,-,34.01798,-117.72859,SAN BERNARDINO,UNINCORPORATED,-117.72849075,34.01882
90067433,2015,2015-12-08,9860,2015-11-25,1745,016821,NA,3,2,6,3610,0,1,1,NA,2,103,I-10 E/B,HUNTS LANE,200,E,N,A,-,Y,NA,NA,10,NA,NA,NA,NA,NA,E,Y,4,0,1,1,A,-,03,22350,NA,N,F,A,A,A,H,-,B,D,0,NA,NA,Y,NA,Y,NA,C,02,0,0,1,0,0,0,0,0,1,-,-,34.06357,-117.28318,SAN BERNARDINO,SAN BERNARDINO,-117.2831989,34.06380903
90068082,2015,2015-12-08,9850,2015-12-05,1520,016227,NA,6,2,9,3600,0,1,3,NA,2,052,SR-18,NEVADA RD,50,W,N,A,-,Y,NA,NA,NA,NA,NA,NA,NA,NA,NA,Y,4,0,1,1,A,-,08,22107,NA,N,F,A,A,A,H,-,A,D,0,NA,NA,NA,NA,Y,NA,D,22,0,0,1,0,0,0,0,0,0,-,-,34.49048,-117.50218,SAN BERNARDINO,UNINCORPORATED,-117.50830541,34.50695447
90081779,2015,2015-12-24,9860,2015-12-15,1505,012988,NA,2,2,9,3600,0,3,5,NA,2,003,CITRUS PLAZA DR,SAN BERNARDINO AVE,528,S,N,A,-,N,NA,NA,NA,NA,NA,NA,NA,NA,NA,Y,3,0,1,2,A,-,09,21804,A,N,D,C,A,A,H,-,A,D,0,NA,NA,NA,NA,Y,NA,A,01,0,1,0,0,0,0,0,0,0,-,-,34.07557,-117.20147,SAN BERNARDINO,UNINCORPORATED,-117.20142548,34.07598177
90082196,2015,2015-12-24,9860,2015-12-11,1000,019321,NA,5,1,9,3600,0,2,4,NA,1,410,VALLEY BLVD,CEDAR AVE,20,W,N,B,-,N,NA,NA,NA,NA,NA,NA,NA,NA,NA,N,4,0,1,2,A,-,03,22350,NA,N,C,C,A,A,H,-,A,A,0,NA,NA,NA,NA,Y,NA,A,01,0,0,1,0,0,0,0,0,0,-,-,34.0703,-117.39522,SAN BERNARDINO,UNINCORPORATED,-117.39616585,34.07048
90069360,2015,2015-12-10,9860,2015-11-26,0105,019449,NA,4,3,6,3610,0,1,1,NA,2,202,SR-210 W/B TO I-215 N/B,UNIVERSITY PKY,6864,S,N,A,-,Y,NA,NA,NA,NA,NA,NA,NA,NA,NA,Y,4,0,2,3,A,-,06,21755,NA,N,C,E,E,A,H,-,C,D,0,Y,NA,NA,NA,Y,NA,A,01,0,0,2,0,1,0,0,0,0,-,-,34.14787,-117.32033,SAN BERNARDINO,SAN BERNARDINO,NA,NA
90106076,2016,2016-02-01,9835,2016-01-29,0023,017724,NA,5,3,9,3600,0,3,5,NA,2,037,AMBOY ROAD,NATIONAL TRAILS HWY,43296,S,N,A,-,N,NA,NA,NA,NA,NA,NA,NA,NA,NA,Y,4,0,1,1,A,-,08,22107,NA,N,F,I,A,A,H,-,D,D,0,NA,NA,NA,NA,Y,NA,A,01,0,0,1,0,0,0,0,0,0,-,-,34.4352,-115.71964,SAN BERNARDINO,UNINCORPORATED,-115.74346,34.47828
90072096,2015,2015-12-14,9855,2015-12-04,1620,019809,NA,5,2,6,3607,0,1,3,NA,2,601,SR-60 E/B (POMONA FWY),VINYARD AVE,2000,W,N,A,-,Y,NA,NA,NA,NA,NA,NA,NA,NA,NA,Y,4,0,1,2,A,-,07,21658,A,N,C,C,A,A,H,-,B,D,0,NA,NA,Y,NA,Y,NA,A,01,0,0,1,0,0,0,0,0,1,-,-,33.03015,-117.62066,SAN BERNARDINO,ONTARIO,-117.61759331,34.03041438
90086418,2015,2015-12-31,9860,2015-12-25,1500,019269,NA,5,2,9,3600,0,1,1,NA,2,102,I-10 W/B,SIERRA AVE,5280,E,N,A,-,Y,NA,NA,NA,NA,NA,NA,NA,NA,NA,N,4,0,1,2,A,-,07,21658,A,M,B,C,A,A,H,-,A,D,0,NA,NA,NA,NA,Y,NA,D,22,0,0,1,0,0,0,0,0,0,-,-,34.0676,-117.42481,SAN BERNARDINO,UNINCORPORATED,-117.43477682,34.06744281
90073013,2015,2015-12-15,9855,2015-10-15,1100,016853,NA,4,1,6,3607,0,1,3,NA,2,601,SR-60 W/B (POMONA FWY),HAVEN AVE.,600,E,N,A,-,Y,NA,NA,NA,NA,NA,NA,NA,NA,NA,N,4,0,1,2,A,-,03,22350,NA,F,C,C,A,A,H,-,A,D,0,NA,NA,NA,Y,Y,NA,G,25,0,0,1,0,0,0,0,0,0,-,-,33.504,-117.149,SAN BERNARDINO,ONTARIO,-117.57384683,34.02852913
9008742,2019,2020-02-05,3600,2019-12-08,1323,C4462,VC067,7,5,5,3612,0,0,0,NA,0,VC6,AIR EXPRESS WY,PHANTOM EAST,0,NA,Y,C,-,N,NA,NA,NA,NA,NA,NA,NA,NA,NA,N,4,0,1,1,A,-,08,22107,NA,N,E,I,A,B,H,-,A,D,0,NA,NA,NA,NA,Y,NA,A,01,0,0,1,0,0,0,0,0,0,-,-,NA,NA,SAN BERNARDINO,VICTORVILLE,-117.34835815429688,34.568641662597656
90110063,2016,2016-02-05,9855,2016-01-29,1810,020002,NA,5,2,9,3600,0,2,4,NA,1,012,ARROW BLVD.,RESEDA AVE.,0,NA,Y,A,-,N,NA,NA,NA,NA,NA,NA,NA,NA,NA,Y,3,0,1,2,A,-,09,21802,A,N,D,C,A,A,H,-,D,A,0,NA,NA,NA,NA,Y,NA,A,01,0,1,0,0,0,0,0,0,0,-,-,34.0993,-117.48607,SAN BERNARDINO,UNINCORPORATED,-117.48608002,34.09930004
90087638,2015,2016-01-04,9850,2015-12-30,1700,019278,NA,3,2,9,3600,0,2,4,NA,2,066,PHELAN RD,ANACONDA AVE,130,E,N,A,-,N,NA,NA,NA,NA,NA,NA,NA,NA,NA,Y,4,0,3,2,A,-,03,22350,NA,N,C,C,A,A,H,-,B,D,0,NA,NA,NA,NA,Y,NA,D,22,0,0,3,0,0,0,0,0,0,-,-,34.4265,-117.4452,SAN BERNARDINO,UNINCORPORATED,-117.44720022,34.42655574
90088123,2016,2016-01-05,9865,2016-01-02,2015,020438,NA,6,2,9,3600,0,1,3,NA,1,022,SR-18,GREEN VALLEY LAKE RD,1320,S,N,A,-,Y,NA,NA,18,NA,NA,NA,NA,NA,NA,Y,4,0,1,1,A,-,01,23152,A,N,E,I,A,A,H,-,D,D,0,NA,NA,NA,NA,Y,Y,A,01,0,0,1,0,0,0,0,0,0,-,-,34.21607,-117.07602,SAN BERNARDINO,UNINCORPORATED,-117.07600903,34.21603921
90110549,2016,2016-02-08,9860,2016-02-04,1414,019599,NA,4,2,4,3603,0,1,1,NA,2,102,I-10 W/B,PEPPER AVE.,2112,W,N,A,-,Y,NA,NA,10,NA,NA,NA,NA,NA,W,N,4,0,2,4,A,-,03,22350,NA,N,C,C,A,A,H,-,A,D,0,NA,NA,NA,NA,Y,NA,D,22,0,0,2,0,0,0,0,0,0,-,-,34.06917,-117.35928,SAN BERNARDINO,COLTON,-117.35927709,34.06904466
90089971,2015,2016-01-07,9850,2015-12-23,1645,020899,NA,3,2,5,3612,0,1,1,NA,2,083,I-15 S/B,FROM D STREET,1359,S,N,A,-,Y,NA,NA,15,NA,NA,NA,NA,NA,S,Y,4,0,1,2,A,-,03,22350,NA,N,C,C,A,A,H,-,D,D,0,NA,NA,NA,NA,Y,NA,A,01,0,0,1,0,0,0,0,0,0,-,-,34.54348,-117.30429,SAN BERNARDINO,VICTORVILLE,-117.30420365,34.54333348
90090849,2016,2016-01-07,9835,2016-01-05,2045,015842,NA,2,2,9,3600,0,1,1,NA,2,077,I-15 S/B,YATES WELL RD,2904,N,N,B,C,Y,NA,NA,15,NA,NA,NA,NA,NA,S,Y,4,0,1,1,A,-,03,22350,NA,N,E,I,A,B,H,-,D,D,0,NA,NA,NA,Y,Y,NA,G,25,0,0,1,0,0,0,0,0,0,-,-,35.54861,-115.41671,SAN BERNARDINO,UNINCORPORATED,-115.41664325,35.54858144
90113894,2016,2016-02-11,9860,2016-02-09,1600,016658,NA,2,2,6,3610,0,1,1,NA,2,202,SR-210 E/B,VALENCIA AVE,80,E,N,A,-,Y,NA,NA,210,NA,NA,NA,NA,NA,E,N,4,0,2,2,A,-,03,22350,NA,N,C,C,A,A,H,-,A,D,0,NA,NA,NA,NA,Y,NA,A,01,0,0,2,0,0,0,0,0,0,-,-,34.14464,-117.27205,SAN BERNARDINO,SAN BERNARDINO,-117.27204511,34.14473781
90093556,2016,2016-01-12,9855,2016-01-04,0440,021048,NA,1,3,6,3616,0,1,1,NA,2,203,SR-210 W/B (FOOTHILL FWY),CAMPUS AVE.,500,E,N,A,-,Y,NA,NA,210,NA,NA,NA,NA,NA,W,Y,4,0,1,3,A,-,03,22350,NA,N,C,C,A,A,H,-,C,D,0,NA,NA,NA,NA,Y,NA,D,23,0,0,1,0,0,0,0,0,0,-,-,34.135,-117.6298,SAN BERNARDINO,RANCHO CUCAMONGA,-117.62980001,34.13500224
90081329,2015,2015-12-23,9855,2015-12-18,1740,020487,NA,5,2,6,3607,0,1,1,NA,2,152,I-15 N/B (ONTARIO FWY),JURUPA ST.,300,N,N,A,-,Y,NA,NA,15,NA,NA,NA,NA,NA,N,N,4,0,1,3,A,-,03,22350,NA,N,C,C,A,A,H,-,A,D,0,NA,NA,NA,NA,Y,NA,A,01,0,0,1,0,0,0,0,0,0,-,-,34.0527,-117.54795,SAN BERNARDINO,ONTARIO,-117.54791042,34.05268023
90085301,2015,2015-12-30,9855,2015-12-19,1940,020002,NA,6,2,6,3607,0,1,1,NA,2,152,I-15 N/B (ONTARIO FWY),AIRPORT DR.,300,S,N,B,C,Y,NA,NA,15,NA,NA,NA,NA,NA,N,Y,4,0,1,1,A,-,08,22107,NA,N,E,I,A,B,H,-,C,D,0,NA,NA,NA,NA,Y,NA,A,01,0,0,1,0,0,0,0,0,0,-,-,34.05769,-117.54532,SAN BERNARDINO,ONTARIO,-117.5454921,34.05775925
90114926,2016,2016-03-14,9860,2016-02-13,1640,014777,NA,6,2,6,3610,0,1,1,NA,2,214,I-215 FROM WATERMAN AVENUE,WATERMAN AVENUE,917,W,N,A,-,Y,NA,NA,NA,NA,NA,NA,NA,NA,NA,Y,3,0,3,2,A,-,03,22350,NA,N,C,C,A,A,C,-,A,D,0,NA,NA,NA,NA,Y,NA,D,22,0,1,2,0,0,0,0,0,0,-,-,34.06433,-117.28198,SAN BERNARDINO,SAN BERNARDINO,NA,NA
90072331,2015,2015-12-14,9865,2015-11-24,1000,017407,NA,2,1,9,3600,0,1,3,NA,2,045,STATE ROUTE 38,VALLEY OF THE FALLS DR,8976,E,N,A,-,Y,NA,NA,38,NA,NA,NA,NA,NA,NA,Y,3,0,1,1,A,-,01,23152,A,N,E,I,A,A,H,-,A,D,0,NA,NA,NA,NA,Y,Y,A,01,0,1,0,0,0,0,0,0,0,-,-,34.1116,-116.97694,SAN BERNARDINO,UNINCORPORATED,-116.97695429,34.1116026
90073004,2015,2015-12-15,9850,2015-12-09,1230,019278,NA,3,1,5,3619,0,1,1,NA,2,082,I-15 S/B,BEAR VALLEY RD,5280,S,N,A,-,Y,NA,NA,15,NA,NA,NA,NA,NA,S,Y,4,0,1,1,A,-,08,22107,NA,N,E,I,A,A,H,-,A,D,0,NA,NA,NA,NA,Y,NA,A,01,0,0,1,0,0,0,0,0,0,-,-,34.45745,-117.3568,SAN BERNARDINO,HESPERIA,-117.35662749,34.4573149
90116712,2016,2016-02-17,9850,2016-02-01,0405,017775,NA,1,3,5,3619,0,1,1,NA,2,081,I-15 S/B,RANCHERO ROAD,107,S,N,B,-,Y,NA,NA,15,NA,NA,NA,NA,NA,S,N,1,1,0,2,A,-,11,21954,A,N,G,B,E,B,H,-,C,D,0,Y,NA,NA,NA,Y,NA,N,60,0,0,0,1,0,0,0,0,0,-,-,34.3826,-117.41582,SAN BERNARDINO,HESPERIA,-117.41585855,34.3826313
9009624,2019,2020-03-04,3607,2019-10-24,0553,80410,154,4,5,6,3607,0,0,0,NA,0,051,MISSION BL,PALMETTO AV,0,NA,Y,A,-,N,NA,NA,NA,NA,NA,NA,NA,NA,NA,Y,4,0,3,2,A,-,03,22350,NA,N,C,C,A,A,H,-,C,D,0,NA,NA,NA,NA,Y,NA,A,08,0,0,3,0,0,0,0,0,0,-,-,NA,NA,SAN BERNARDINO,ONTARIO,-117.66766357421876,34.056121826171875
9011772,2019,2019-12-24,3607,2019-09-27,1055,20174,152,5,5,6,3607,0,0,0,NA,0,051,MISSION BL,BENSON AV,1320,E,N,B,-,N,NA,NA,NA,NA,NA,NA,NA,NA,NA,Y,4,0,1,2,A,-,03,22350,NA,N,C,C,A,B,H,-,A,A,0,NA,NA,NA,NA,Y,NA,A,07,0,0,1,0,0,0,0,0,0,-,-,NA,NA,SAN BERNARDINO,ONTARIO,-117.67645263671876,34.056068420410156
9011776,2019,2019-12-24,3607,2019-09-26,1313,80509,67,4,5,6,3607,0,0,0,NA,0,031,4TH ST,CORONA AV,0,NA,Y,A,-,N,NA,NA,NA,NA,NA,NA,NA,NA,NA,Y,4,0,2,2,A,-,12,21453,A,N,D,C,A,A,H,-,A,A,0,NA,NA,NA,NA,Y,NA,A,01,0,0,2,0,0,0,0,0,0,-,-,NA,NA,SAN BERNARDINO,ONTARIO,-117.61546325683594,34.07762145996094
9011795,2019,2019-12-31,3607,2019-08-18,0331,20041,331,7,5,6,3607,0,0,0,NA,0,041,4TH ST,VIA TURIN,0,NA,Y,-,-,N,NA,NA,NA,NA,NA,NA,NA,NA,NA,Y,4,0,1,2,A,-,01,23152,A,N,D,C,A,A,H,-,C,A,0,NA,NA,NA,NA,Y,Y,A,01,0,0,1,0,0,0,0,0,0,-,-,NA,NA,SAN BERNARDINO,ONTARIO,-117.562702,34.077185
9011799,2019,2019-12-31,3607,2019-08-18,0402,20109,149,7,5,6,3607,0,0,0,NA,0,012,HOLT BL,N BONITA CT,100,E,N,A,-,N,NA,NA,NA,NA,NA,NA,NA,NA,NA,NA,3,0,1,1,A,-,08,22107,NA,N,E,I,A,A,H,-,C,D,0,NA,NA,NA,NA,Y,NA,A,01,0,1,0,0,0,0,0,0,0,-,-,NA,NA,SAN BERNARDINO,ONTARIO,-117.65737915039063,34.06333923339844
90098543,2016,2016-01-20,9870,2016-01-04,1717,017420,NA,1,2,9,3600,0,3,5,NA,2,002,AVALON AVENUE,CAMPANULA STREET,0,NA,Y,B,C,N,NA,NA,NA,NA,NA,NA,NA,NA,NA,Y,3,0,3,2,A,-,04,21703,NA,N,B,C,A,B,H,-,C,D,0,NA,NA,Y,NA,Y,NA,C,02,0,2,1,0,0,0,0,0,1,-,-,34.18501,-116.38702,SAN BERNARDINO,UNINCORPORATED,-116.38704004,34.18672007
9011838,2019,2019-12-24,3607,2019-10-01,1440,80388,123,2,5,6,3607,0,0,0,NA,0,012,HOLT BL,SAN ANTONIO AV,600,E,N,A,-,N,NA,NA,NA,NA,NA,NA,NA,NA,NA,Y,4,0,2,2,A,-,07,21658,A,N,C,C,A,A,H,-,A,A,0,NA,NA,NA,Y,Y,NA,F,26,0,0,2,0,0,0,0,0,0,-,-,NA,NA,SAN BERNARDINO,ONTARIO,-117.65862274169922,34.0633430480957
90101160,2016,2016-01-25,9860,2016-01-22,0215,020626,NA,5,3,6,3610,0,1,1,NA,2,202,I-215 N/B FROM SR-210 W/B,LITTLE MOUNTAIN DR,115,W,N,A,-,Y,NA,NA,215,NA,NA,NA,R,NA,N,Y,3,0,1,1,A,-,01,23152,A,N,E,I,A,A,H,-,C,D,0,NA,NA,NA,NA,Y,Y,A,01,0,1,0,0,0,0,0,0,0,-,-,34.14588,-117.31821,SAN BERNARDINO,SAN BERNARDINO,-117.31821,34.14588
90101227,2016,2016-01-25,9860,2016-01-16,0707,019321,NA,6,1,6,3610,0,1,3,NA,2,259,SR-259 N/B,HIGHLAND AVE,290,S,N,A,-,Y,NA,NA,259,NA,NA,NA,NA,NA,N,Y,2,0,3,1,A,-,08,22107,NA,F,E,I,A,A,H,-,A,D,0,NA,NA,NA,NA,Y,NA,A,01,3,0,0,0,0,0,0,0,0,-,-,34.13508,-117.30249,SAN BERNARDINO,SAN BERNARDINO,-117.30259969,34.13508496
90096362,2016,2016-01-15,9855,2016-01-13,1732,014973,NA,3,2,6,3607,0,1,1,NA,2,152,I-15 N/B TO I-10 W/B,I-10,150,S,N,A,-,Y,NA,NA,15,NA,NA,NA,R,NA,N,N,4,0,2,2,A,-,03,22350,NA,N,C,C,A,A,H,-,B,D,0,NA,NA,NA,NA,Y,NA,D,22,0,0,2,0,0,0,0,0,0,-,-,34.05917,-117.54488,SAN BERNARDINO,ONTARIO,-117.54488,34.05917
90101587,2016,2016-01-25,9850,2016-01-12,1720,013554,NA,2,2,9,3600,0,1,2,NA,2,054,US-395,SR-58,33792,S,N,A,-,Y,NA,NA,395,NA,NA,NA,NA,NA,NA,Y,3,0,1,2,A,-,05,21460,A,F,B,C,A,A,H,-,D,D,0,NA,NA,NA,NA,Y,NA,D,22,0,1,0,0,0,0,0,0,0,-,-,34.90175,-117.51541,SAN BERNARDINO,UNINCORPORATED,-117.51544191,34.90174909
9010198,2019,2019-12-20,3600,2019-10-20,0920,E6907,VC064,7,5,5,3612,0,0,0,NA,0,VC004,EL RIO DR,DOS PALMAS RD,0,NA,Y,A,-,N,NA,NA,NA,NA,NA,NA,NA,NA,NA,N,3,0,1,2,A,-,00,21761,NA,F,D,C,A,A,H,-,A,D,0,NA,NA,NA,NA,Y,NA,A,01,0,1,0,0,0,0,0,0,0,-,-,NA,NA,SAN BERNARDINO,VICTORVILLE,-117.33181762695313,34.499698638916016
90102969,2016,2016-01-26,9855,2016-01-19,1545,014973,NA,2,2,9,3600,0,3,5,NA,2,001,LIVE OAK AVENUE,ROSEMARY DRIVE,0,NA,Y,B,-,Y,NA,NA,NA,NA,NA,NA,NA,NA,NA,Y,4,0,2,2,A,-,09,21801,A,N,A,C,A,B,H,-,A,D,0,NA,NA,NA,NA,Y,NA,A,01,0,0,2,0,0,0,0,0,0,-,-,34.07336,-117.47989,SAN BERNARDINO,UNINCORPORATED,-117.47992012,34.07335005
90103860,2016,2016-01-27,9865,2016-01-17,1530,019929,NA,7,2,9,3600,0,1,3,NA,2,020,SR-330,1N09,4224,S,N,A,-,Y,NA,NA,330,NA,NA,NA,NA,NA,NA,Y,2,0,1,1,C,-,18,NA,NA,N,E,I,A,A,H,-,A,D,0,NA,NA,NA,NA,Y,NA,-,-,1,0,0,0,0,0,0,0,0,-,-,34.18257,-117.16727,SAN BERNARDINO,UNINCORPORATED,-117.16731525,34.18252072
90106362,2016,2016-02-01,9855,2016-01-24,1252,020002,NA,7,1,5,3611,0,1,1,NA,2,203,SR-210 W/B (FOOTHILL FWY),EUCLID AVE.,50,E,N,A,-,Y,NA,NA,210,NA,NA,NA,NA,NA,W,Y,4,0,1,2,A,-,08,22107,NA,N,B,C,A,A,H,-,A,D,0,NA,NA,NA,NA,Y,NA,A,01,0,0,1,0,0,0,0,0,0,-,-,34.13478,-117.65115,SAN BERNARDINO,UPLAND,-117.65115085,34.13485081
9012844,2019,2019-12-28,3607,2019-03-22,1554,80369,162,5,5,6,3607,0,0,0,NA,0,061,CAMPUS AV,MAITLAND ST,0,NA,Y,A,-,N,NA,NA,NA,NA,NA,NA,NA,NA,NA,NA,4,0,1,2,A,-,09,21802,A,N,D,C,A,A,H,-,A,D,0,NA,NA,NA,NA,Y,NA,A,07,0,0,1,0,0,0,0,0,0,-,-,NA,NA,SAN BERNARDINO,ONTARIO,-117.64129638671876,34.053611755371094
9012847,2019,2019-12-28,3607,2019-03-15,1328,20168,151,5,5,6,3607,0,0,0,NA,0,022,HOLT BL,SULTANA AV,0,NA,Y,A,-,N,NA,NA,NA,NA,NA,NA,NA,NA,NA,N,3,0,1,2,A,-,09,21801,A,N,D,C,A,A,H,-,A,A,0,NA,NA,NA,NA,Y,NA,A,01,0,1,0,0,0,0,0,0,0,-,-,NA,NA,SAN BERNARDINO,ONTARIO,-117.6460418701172,34.06338119506836
9012864,2019,2019-12-28,3607,2019-04-30,1706,80558,161`,2,5,6,3607,0,0,0,NA,0,061,SULTANA AV,PARK ST,0,NA,Y,A,-,N,NA,NA,NA,NA,NA,NA,NA,NA,NA,NA,4,0,2,2,A,-,12,22450,A,N,D,C,A,A,H,-,A,A,0,NA,NA,NA,NA,Y,NA,A,07,0,0,2,0,0,0,0,0,0,-,-,NA,NA,SAN BERNARDINO,ONTARIO,-117.6460189819336,34.0589714050293
9012867,2019,2019-12-28,3607,2019-04-28,1506,80508,78,7,5,6,3607,0,0,0,NA,0,041,MILLIKEN AV,INLAND EMPIRE BL,0,NA,Y,A,-,N,NA,NA,NA,NA,NA,NA,NA,NA,NA,NA,3,0,1,2,A,-,03,22350,NA,N,C,C,A,A,H,-,A,A,0,NA,NA,NA,NA,Y,NA,A,01,0,1,0,0,0,0,0,0,0,-,-,NA,NA,SAN BERNARDINO,ONTARIO,-117.5581283569336,34.071781158447266
90096827,2016,2016-01-18,9860,2016-01-16,0830,016590,NA,6,1,4,3603,0,1,1,NA,2,103,I-10 W/B,9TH ST.,1124,W,N,B,-,Y,NA,NA,10,NA,NA,NA,NA,NA,W,Y,4,0,1,3,A,-,07,21658,A,N,E,I,A,A,H,-,A,D,0,NA,NA,NA,NA,Y,NA,A,01,0,0,1,0,0,0,0,0,0,-,-,34.06599,-117.32386,SAN BERNARDINO,COLTON,-117.32385485,34.06602005
90130109,2016,2016-03-07,9860,2016-03-06,0616,016590,NA,7,1,9,3600,0,3,5,NA,2,001,CLEARWATER PKWY S/B,GLEN HELEN PKY.,3168,S,N,B,C,N,NA,NA,NA,NA,NA,NA,NA,NA,NA,Y,3,0,1,1,A,-,03,22350,NA,N,E,J,A,B,H,-,A,D,0,NA,NA,NA,NA,Y,NA,A,07,0,1,0,0,0,0,0,0,0,-,-,34.06885,-117.36245,SAN BERNARDINO,UNINCORPORATED,-117.4154451,34.19485162
90106422,2016,2016-02-01,9855,2016-01-25,0350,020913,NA,1,3,6,3604,0,1,1,NA,2,101,I-10 E/B (SAN BERNARDINO FWY),CITRUS AVE.,60,W,N,A,-,Y,NA,NA,10,NA,NA,NA,NA,NA,E,Y,3,0,1,1,A,-,01,23152,A,N,E,I,A,A,H,-,D,D,0,NA,NA,NA,NA,Y,Y,A,07,0,1,0,0,0,0,0,0,0,-,-,34.06696,-117.45364,SAN BERNARDINO,FONTANA,-117.45363735,34.06684353
90133186,2016,2016-03-09,9860,2016-03-01,1852,019449,NA,2,2,9,3600,0,2,4,NA,2,411,CEDAR AVE,ORANGE ST,25,S,N,A,-,N,NA,NA,NA,NA,NA,NA,NA,NA,NA,N,3,0,1,1,A,-,08,22107,NA,N,E,I,A,A,H,-,C,A,0,NA,Y,NA,NA,Y,NA,L,04,0,1,0,0,0,0,1,0,0,-,-,34.06487,-117.39657,SAN BERNARDINO,UNINCORPORATED,-117.39644,34.0649215
90108051,2016,2016-02-03,9860,2016-01-28,2045,019484,NA,4,2,9,3600,0,1,1,NA,2,151,I-15 N/B,KENWOOD AVE,1056,S,N,A,-,Y,NA,NA,15,NA,NA,NA,NA,NA,N,Y,4,0,1,2,A,-,03,22350,NA,N,C,C,A,A,D,-,D,D,0,NA,NA,NA,NA,Y,NA,A,01,0,0,1,0,0,0,0,0,0,-,-,34.23052,-117.41668,SAN BERNARDINO,UNINCORPORATED,-117.41665559,34.2305527
90134455,2016,2016-03-11,9835,2016-02-27,1620,021160,NA,6,2,9,3600,0,1,1,NA,2,073,INTERSTATE 15,FIELD ROAD,18163,N,N,A,-,Y,NA,NA,15,NA,NA,NA,NA,NA,NA,Y,2,0,1,1,A,-,01,23152,A,N,E,J,A,A,H,-,A,D,0,NA,NA,NA,NA,Y,Y,A,01,1,0,0,0,0,0,0,0,0,-,-,35.03116,-116.47452,SAN BERNARDINO,UNINCORPORATED,-116.47453082,35.03118995
90110432,2016,2016-02-16,9855,2016-01-29,1201,017808,NA,5,1,6,3604,0,1,1,NA,2,201,SR-210 W/B FROM SIERRA AVE. N/B,SIERRA AVE.,84,E,N,A,-,Y,NA,NA,210,NA,NA,NA,R,NA,W,Y,4,0,2,3,A,-,03,22350,NA,F,C,C,A,A,H,-,A,D,0,NA,NA,NA,NA,Y,NA,A,01,0,0,2,0,0,0,0,0,0,-,-,34.13659,-117.43552,SAN BERNARDINO,FONTANA,-117.43552,34.13659
9013513,2019,2020-01-09,3611,2019-08-30,1236,3143,3611,5,5,5,3611,0,0,0,NA,0,002,FOOTHILL BL,MOUNTAIN AV,185,W,N,A,-,N,NA,NA,NA,NA,NA,NA,NA,NA,NA,Y,4,0,1,2,A,-,09,21802,A,N,D,C,A,A,H,-,A,A,0,NA,NA,NA,NA,Y,NA,A,01,0,0,1,0,0,0,0,0,0,-,-,NA,NA,SAN BERNARDINO,UPLAND,-117.67080688476563,34.10696029663086
90110503,2016,2016-02-08,9860,2016-01-30,1740,019419,NA,6,2,9,3600,0,1,1,NA,2,151,I-15 S/B,GLEN HELEN PKY,300,S,N,B,C,Y,NA,NA,15,NA,NA,NA,NA,NA,S,Y,3,0,1,1,A,-,08,22107,NA,N,E,I,A,B,D,-,B,D,0,NA,NA,NA,NA,Y,NA,A,08,0,1,0,0,0,0,0,0,0,-,-,34.20116,-117.41632,SAN BERNARDINO,UNINCORPORATED,-117.41645249,34.20123295
90111687,2016,2016-02-09,9860,2016-02-02,1615,016658,NA,2,2,5,3608,0,1,1,NA,2,105,I-10 W/B TO SR-210 W/B,LUGONIA AVE,528,E,N,A,-,Y,NA,NA,10,NA,NA,NA,R,NA,W,N,4,0,1,2,A,-,03,22350,NA,N,C,C,A,A,H,-,A,D,0,NA,NA,NA,NA,Y,NA,A,01,0,0,1,0,0,0,0,0,0,-,-,34.06676,-117.1994,SAN BERNARDINO,REDLANDS,-117.1994,34.06676