CASE_ID,ACCIDENT_YEAR,PROC_DATE,JURIS,COLLISION_DATE,COLLISION_TIME,OFFICER_ID,REPORTING_DISTRICT,DAY_OF_WEEK,CHP_SHIFT,POPULATION,CNTY_CITY_LOC,SPECIAL_COND,BEAT_TYPE,CHP_BEAT_TYPE,CITY_DIVISION_LAPD,CHP_BEAT_CLASS,BEAT_NUMBER,PRIMARY_RD,SECONDARY_RD,DISTANCE,DIRECTION,INTERSECTION,WEATHER_1,WEATHER_2,STATE_HWY_IND,CALTRANS_COUNTY,CALTRANS_DISTRICT,STATE_ROUTE,ROUTE_SUFFIX,POSTMILE_PREFIX,POSTMILE,LOCATION_TYPE,RAMP_INTERSECTION,SIDE_OF_HWY,TOW_AWAY,COLLISION_SEVERITY,NUMBER_KILLED,NUMBER_INJURED,PARTY_COUNT,PRIMARY_COLL_FACTOR,PCF_CODE_OF_VIOL,PCF_VIOL_CATEGORY,PCF_VIOLATION,PCF_VIOL_SUBSECTION,HIT_AND_RUN,TYPE_OF_COLLISION,MVIW,PED_ACTION,ROAD_SURFACE,ROAD_COND_1,ROAD_COND_2,LIGHTING,CONTROL_DEVICE,CHP_ROAD_TYPE,PEDESTRIAN_ACCIDENT,BICYCLE_ACCIDENT,MOTORCYCLE_ACCIDENT,TRUCK_ACCIDENT,NOT_PRIVATE_PROPERTY,ALCOHOL_INVOLVED,STWD_VEHTYPE_AT_FAULT,CHP_VEHTYPE_AT_FAULT,COUNT_SEVERE_INJ,COUNT_VISIBLE_INJ,COUNT_COMPLAINT_PAIN,COUNT_PED_KILLED,COUNT_PED_INJURED,COUNT_BICYCLIST_KILLED,COUNT_BICYCLIST_INJURED,COUNT_MC_KILLED,COUNT_MC_INJURED,PRIMARY_RAMP,SECONDARY_RAMP,LATITUDE,LONGITUDE,COUNTY,CITY,POINT_X,POINT_Y
90450363,2017,2017-05-08,9860,2017-04-27,0440,020282,NA,4,3,6,3610,0,1,1,NA,2,202,SR-210 E/B FROM STATE ST.,STATE ST,30,W,N,A,-,Y,NA,NA,210,NA,NA,NA,R,NA,E,N,4,0,1,2,A,-,11,21950,B,N,G,B,B,A,H,-,C,A,0,Y,NA,NA,Y,Y,NA,N,60,0,0,1,0,1,0,0,0,0,-,-,34.13331,-117.33573,SAN BERNARDINO,SAN BERNARDINO,-117.33573,34.13331
90450587,2017,2017-05-08,9860,2017-04-29,1530,019429,NA,6,2,9,3600,0,3,5,NA,2,003,SAN BERNARDINO AVE,CHRYSOLITE AVE,25,E,N,A,-,N,NA,NA,NA,NA,NA,NA,NA,NA,NA,N,4,0,1,2,A,-,03,22350,NA,F,C,C,A,A,H,-,A,D,0,NA,NA,NA,NA,Y,NA,A,07,0,0,1,0,0,0,0,0,0,-,-,34.07729,-117.13722,SAN BERNARDINO,UNINCORPORATED,-117.13731772,34.07732871
90506075,2017,2017-07-24,9860,2017-07-10,1258,019251,NA,1,1,6,3610,0,1,1,NA,2,201,SR-210 E/B TO I-215,I-215,1954,W,N,A,-,Y,NA,NA,210,NA,NA,NA,R,NA,E,N,4,0,1,3,A,-,03,22350,NA,F,C,C,A,A,H,-,A,D,0,NA,NA,NA,Y,Y,NA,F,25,0,0,1,0,0,0,0,0,0,-,-,34.13934,-117.32441,SAN BERNARDINO,SAN BERNARDINO,-117.32441,34.13934
90506373,2017,2017-07-24,9860,2017-07-17,0050,021534,NA,1,3,9,3600,0,1,1,NA,2,214,I-215 N/B,STEEL RD,200,S,N,A,-,Y,NA,NA,NA,NA,NA,NA,NA,NA,NA,Y,4,0,1,2,A,-,07,21658,A,F,B,C,A,A,H,-,E,D,0,NA,NA,NA,NA,Y,NA,A,01,0,0,1,0,0,0,0,0,0,-,-,34.06091,-117.297,SAN BERNARDINO,UNINCORPORATED,-117.29703279,34.06062175
90452117,2017,2017-05-09,9855,2017-05-02,1015,015337,NA,2,1,5,3602,0,1,3,NA,2,603,SR-60 W/B (POMONA FWY),EUCLID AVE.,1584,W,N,A,-,Y,NA,NA,NA,NA,NA,NA,NA,NA,NA,N,4,0,2,2,A,-,03,22350,NA,N,C,C,A,A,H,-,A,D,0,NA,NA,NA,NA,Y,NA,A,01,0,0,2,0,0,0,0,0,0,-,-,34.03158,-117.66729,SAN BERNARDINO,CHINO,-117.65626417,34.03051
90440568,2017,2017-04-24,9850,2017-04-16,0420,021422,NA,7,3,5,3619,0,1,1,NA,2,082,INTERSTATE 15 N/B,BEAR VALLEY ROAD,5702,S,N,A,-,Y,NA,NA,15,NA,NA,NA,NA,NA,N,Y,3,0,2,2,A,-,08,22107,NA,N,C,C,A,A,H,-,D,D,0,NA,NA,NA,Y,Y,NA,A,01,0,2,0,0,0,0,0,0,0,-,-,34.45674,-117.35668,SAN BERNARDINO,HESPERIA,-117.35672721,34.45677684
90487012,2017,2017-06-26,9865,2017-06-23,1605,019929,NA,5,2,9,3600,0,1,3,NA,1,034,SR-38,JAMES PLACE,132,W,N,A,-,Y,NA,NA,38,NA,NA,NA,NA,NA,NA,Y,3,0,3,3,A,-,03,22350,NA,N,C,C,A,A,H,-,A,D,0,NA,NA,NA,NA,Y,NA,A,01,0,1,2,0,0,0,0,0,0,-,-,34.26332,-116.8821,SAN BERNARDINO,UNINCORPORATED,-116.88211535,34.26337107
90514655,2017,2017-08-02,9860,2017-07-26,0656,012988,NA,3,1,5,3608,0,1,1,NA,2,104,I-10 WESTBOUND,CALIFORNIA ST,750,W,N,A,-,Y,NA,NA,10,NA,NA,NA,NA,NA,W,Y,4,0,2,3,A,-,03,22350,NA,N,C,C,A,A,H,-,A,D,0,NA,NA,NA,NA,Y,NA,A,01,0,0,2,0,0,0,0,0,0,-,-,34.06675,-117.22893,SAN BERNARDINO,REDLANDS,-117.22892999,34.06673032
9051471,2019,2020-02-28,3607,2019-05-09,1620,19946,49,4,5,6,3607,0,0,0,NA,0,032,4TH ST,GROVE AV,300,E,N,A,-,N,NA,NA,NA,NA,NA,NA,NA,NA,NA,N,4,0,1,2,A,-,09,21804,A,N,A,C,A,A,H,-,A,A,0,NA,NA,NA,NA,Y,NA,A,01,0,0,1,0,0,0,0,0,0,-,-,NA,NA,SAN BERNARDINO,ONTARIO,-117.62767791748048,34.07766342163086
9051478,2019,2020-02-28,3607,2019-05-12,1927,20175,163,7,5,6,3607,0,0,0,NA,0,061,CAMPUS AV,STATE ST,0,NA,Y,A,-,N,NA,NA,NA,NA,NA,NA,NA,NA,NA,N,2,0,1,2,A,-,01,23152,A,N,D,C,A,A,H,-,C,A,0,NA,NA,NA,NA,Y,Y,A,01,1,0,0,0,0,0,0,0,0,-,-,NA,NA,SAN BERNARDINO,ONTARIO,-117.64131927490234,34.060150146484375
90458012,2017,2017-05-17,9860,2017-05-05,0040,019484,NA,5,3,9,3600,0,1,1,NA,2,151,I-15 N/B,MATHEWS RANCH RD,3168,N,N,A,-,Y,NA,NA,15,NA,NA,NA,NA,NA,N,N,4,0,1,2,A,-,21,22106,NA,N,H,C,A,A,H,-,D,D,0,NA,NA,NA,Y,Y,NA,G,25,0,0,1,0,0,0,0,0,0,-,-,34.25071,-117.44453,SAN BERNARDINO,UNINCORPORATED,-117.44452774,34.25071545
9051494,2019,2020-02-28,3607,2019-06-09,0835,19060040,680,7,5,6,3607,0,0,0,NA,0,082,ONTARIO RANCH RD,HAVEN AV,0,NA,Y,A,-,N,NA,NA,NA,NA,NA,NA,NA,NA,NA,N,2,0,1,2,-,-,-,NA,NA,N,D,C,A,A,H,-,A,A,0,NA,NA,NA,NA,Y,NA,-,-,1,0,0,0,0,0,0,0,0,-,-,NA,NA,SAN BERNARDINO,ONTARIO,-117.57589,34.000836
90515061,2017,2018-02-09,9860,2017-07-26,1445,014686,NA,3,2,9,3600,0,3,5,NA,2,001,CAJON BLVD,KENWOOD AVE,0,NA,Y,A,-,N,NA,NA,NA,NA,NA,NA,NA,NA,NA,Y,4,0,1,1,A,-,08,22107,NA,N,F,A,A,A,H,-,A,A,0,NA,NA,NA,Y,Y,NA,G,25,0,0,1,0,0,0,0,0,0,-,-,34.23455,-117.42598,SAN BERNARDINO,UNINCORPORATED,-117.42632003,34.23460005
90517211,2017,2017-08-07,9860,2017-08-01,0146,020766,NA,2,3,9,3600,0,1,1,NA,2,152,I-15 S/B,SR-138,500,S,N,B,-,Y,NA,NA,15,NA,NA,NA,NA,NA,S,Y,4,0,1,2,A,-,01,23152,A,N,C,C,A,A,H,-,C,D,0,NA,NA,NA,NA,Y,Y,A,01,0,0,1,0,0,0,0,0,0,-,-,34.30999,-117.47293,SAN BERNARDINO,UNINCORPORATED,-117.47292299,34.30999858
9051735,2019,2020-03-03,3607,2019-06-03,1310,20219,NA,1,5,6,3607,0,0,0,NA,0,051,STATE ST,BENSON AV,0,NA,Y,A,-,N,NA,NA,NA,NA,NA,NA,NA,NA,NA,N,2,0,3,2,A,-,09,21801,A,N,D,C,A,A,H,-,A,D,0,NA,NA,NA,NA,Y,NA,A,01,2,0,1,0,0,0,0,0,0,-,-,NA,NA,SAN BERNARDINO,ONTARIO,-117.68087005615234,34.05984115600586
90517355,2017,2017-08-07,9860,2017-07-28,1504,016646,NA,5,2,5,3608,0,1,1,NA,2,203,SR-210 W/B,SAN BERNARDINO AVE,350,E,N,A,-,Y,NA,NA,210,NA,NA,NA,NA,NA,W,Y,4,0,1,2,A,-,08,22107,NA,N,B,C,A,A,H,-,A,D,0,NA,NA,NA,NA,Y,NA,A,01,0,0,1,0,0,0,0,0,0,-,-,34.07622,-117.20059,SAN BERNARDINO,REDLANDS,-117.20053141,34.07621941
90487286,2017,2017-06-26,9860,2017-05-19,2240,021675,NA,5,3,9,3600,0,3,5,NA,2,003,4TH ST,PINE ST,30,E,N,A,-,N,NA,NA,NA,NA,NA,NA,NA,NA,NA,N,2,0,1,2,A,-,06,21750,NA,F,H,G,A,A,H,-,C,A,0,NA,Y,NA,NA,Y,NA,D,22,1,0,0,0,0,0,1,0,0,-,-,34.10646,-117.2688,SAN BERNARDINO,UNINCORPORATED,-117.2688412,34.10643954
90487814,2017,2017-06-26,9860,2017-06-15,1640,016575,NA,4,2,9,3600,0,2,4,NA,1,410,VALLEY BLVD.,CEDAR AVE,297,W,N,A,-,N,NA,NA,NA,NA,NA,NA,NA,NA,NA,Y,4,0,2,3,A,-,03,22350,NA,N,C,C,A,A,H,-,A,A,0,NA,NA,NA,NA,Y,NA,A,01,0,0,2,0,0,0,0,0,0,-,-,34.07045,-117.39723,SAN BERNARDINO,UNINCORPORATED,-117.39707785,34.07048
90522349,2017,2017-08-14,9860,2017-08-07,0735,021620,NA,1,1,9,3600,0,3,5,NA,2,002,GLASGOW AVE,PACIFIC ST,0,NA,Y,A,-,N,NA,NA,NA,NA,NA,NA,NA,NA,NA,Y,3,0,1,2,A,-,09,21802,A,N,E,I,A,A,H,-,A,A,0,NA,NA,NA,NA,Y,NA,D,22,0,1,0,0,0,0,0,0,0,-,-,34.12847,-117.25447,SAN BERNARDINO,UNINCORPORATED,-117.25453007,34.12860002
90492284,2017,2017-07-03,9860,2017-06-25,1730,019429,NA,7,2,6,3610,0,1,1,NA,2,104,I-10 E/B,WATERMAN AVE,400,E,N,A,-,Y,NA,NA,10,NA,NA,NA,NA,NA,E,N,4,0,1,2,A,-,08,22107,NA,N,B,C,A,A,H,-,A,D,0,NA,NA,NA,NA,Y,NA,-,-,0,0,1,0,0,0,0,0,0,-,-,34.06409,-117.27745,SAN BERNARDINO,SAN BERNARDINO,-117.27744932,34.06409964
90492698,2017,2017-07-03,9855,2017-06-26,1450,016829,NA,1,2,6,3604,0,1,1,NA,2,101,I-10 E/B (SAN BERNARDINO FWY),CHERRY AVE.,175,W,N,A,-,Y,NA,NA,NA,NA,NA,NA,NA,NA,NA,Y,4,0,1,2,A,-,03,22350,NA,N,C,C,A,A,H,-,A,D,0,NA,NA,NA,NA,Y,NA,A,01,0,0,1,0,0,0,0,0,0,-,-,NA,NA,SAN BERNARDINO,FONTANA,-117.48964531,34.06598324
90493118,2017,2017-07-03,9855,2017-06-27,0942,015337,NA,2,1,5,3602,0,1,3,NA,2,603,SR-60 E/B (POMONA FWY),RAMONA AVE.,50,W,N,A,-,Y,NA,NA,NA,NA,NA,NA,NA,NA,NA,Y,3,0,1,2,A,-,17,21658,NA,N,B,C,A,A,H,-,A,D,0,NA,NA,NA,Y,Y,NA,D,22,0,1,0,0,0,0,0,0,0,-,-,34.03193,-117.70679,SAN BERNARDINO,CHINO,-117.7069946,34.030039
90460853,2017,2017-05-22,9855,2017-05-13,0230,017313,NA,6,3,9,3600,0,3,5,NA,2,004,CENTRAL AVENUE N/B,MISSION BLVD.,50,S,N,A,-,N,NA,NA,NA,NA,NA,NA,NA,NA,NA,N,3,0,1,1,A,-,08,22107,NA,N,F,A,A,A,H,-,C,A,0,NA,Y,NA,NA,Y,Y,L,04,0,1,0,0,0,0,1,0,0,-,-,34.05373,-117.69027,SAN BERNARDINO,UNINCORPORATED,-117.68948,34.05590296
90466537,2017,2017-05-30,9835,2017-05-10,0935,016644,NA,3,1,9,3600,0,1,1,NA,2,074,I-15 N/B,WEST BAKER O/C,3643,S,N,A,-,Y,NA,NA,NA,NA,NA,NA,NA,NA,NA,Y,4,0,1,1,A,-,08,22107,NA,N,E,I,A,A,H,-,A,D,0,NA,NA,NA,NA,Y,NA,D,22,0,0,1,0,0,0,0,0,0,-,-,35.26099,-116.09147,SAN BERNARDINO,UNINCORPORATED,NA,NA
90529301,2017,2017-08-23,9835,2017-08-15,0805,16820,NA,2,1,9,3600,0,3,5,NA,2,032,NATIONAL TRAILS HIGHWAY,MURPHY CO ROAD,528,W,N,A,-,N,NA,NA,NA,NA,NA,NA,NA,NA,NA,Y,4,0,1,1,C,-,18,NA,NA,N,E,I,A,A,H,-,A,D,0,NA,NA,NA,NA,Y,NA,-,-,0,0,1,0,0,0,0,0,0,-,-,34.7478,-117.30545,SAN BERNARDINO,UNINCORPORATED,-117.30615377,34.74819501
90530645,2017,2017-08-25,9860,2017-08-22,2130,019484,NA,2,2,4,3603,0,1,1,NA,2,214,I-15 S/B,WASHINGTON ST,1584,N,N,A,-,Y,NA,NA,NA,NA,NA,NA,NA,NA,NA,N,4,0,1,2,A,-,03,22350,NA,N,C,C,A,A,H,-,D,D,0,NA,NA,NA,Y,Y,NA,G,25,0,0,1,0,0,0,0,0,0,-,-,34.05,-117.3043,SAN BERNARDINO,COLTON,NA,NA
90468373,2017,2017-05-31,9850,2017-05-22,1430,019278,NA,1,2,9,3600,0,3,5,NA,2,003,DEEP CREEK RD,ROCK SPRINGS RD,0,NA,Y,A,-,N,NA,NA,NA,NA,NA,NA,NA,NA,NA,Y,3,0,2,2,A,-,12,21453,A,N,D,C,A,A,H,-,A,A,0,NA,NA,NA,NA,Y,NA,A,01,0,1,1,0,0,0,0,0,0,-,-,34.4146,-117.2247,SAN BERNARDINO,UNINCORPORATED,-117.22475009,34.41466005
90469317,2017,2017-06-01,9855,2017-05-19,1838,020110,NA,5,2,4,3605,0,1,1,NA,2,103,I-10 W/B (SAN BERNARDINO FWY),CENTRAL AVE.,1500,E,N,A,-,Y,NA,NA,10,NA,NA,NA,NA,NA,W,Y,3,0,3,2,A,-,03,22350,NA,F,C,C,A,A,H,-,A,D,0,NA,NA,NA,NA,Y,NA,A,01,0,1,2,0,0,0,0,0,0,-,-,34.08732,-117.68449,SAN BERNARDINO,MONTCLAIR,-117.68448403,34.08726885
90472304,2017,2017-06-06,9855,2017-05-31,1443,016051,NA,3,2,9,3600,0,3,5,NA,2,004,EAST END AVENUE,CHINO AVE.,727,N,N,B,-,N,NA,NA,NA,NA,NA,NA,NA,NA,NA,Y,3,0,2,1,C,-,18,NA,NA,N,E,J,A,A,H,-,A,D,0,NA,NA,NA,NA,Y,NA,-,-,0,2,0,0,0,0,0,0,0,-,-,34.01365,-117.72418,SAN BERNARDINO,UNINCORPORATED,-117.72412623,34.0135826
90473608,2017,2017-06-08,9855,2017-05-27,0930,019947,NA,6,1,9,3600,0,3,5,NA,2,001,VALLEY BLVD.,HEMLOCK AVE.,250,W,N,A,-,N,NA,NA,NA,NA,NA,NA,NA,NA,NA,Y,3,0,1,3,A,-,09,21804,A,N,D,C,A,A,H,-,A,D,0,NA,NA,NA,NA,Y,NA,A,01,0,1,0,0,0,0,0,0,0,-,-,34.07031,-117.47671,SAN BERNARDINO,UNINCORPORATED,-117.47642318,34.07022
90476457,2017,2017-06-13,9860,2017-06-01,1626,012530,NA,4,2,6,3610,0,1,1,NA,2,151,I-15 S/B,CLEGHORN ROAD,3696,S,N,A,-,Y,NA,NA,NA,NA,NA,NA,NA,NA,NA,N,3,0,1,3,A,-,03,22350,NA,N,C,C,A,A,H,-,A,D,0,NA,NA,NA,NA,Y,NA,A,01,0,1,0,0,0,0,0,0,0,-,-,34.2912,-117.45229,SAN BERNARDINO,SAN BERNARDINO,NA,NA
90479362,2017,2017-06-15,9860,2017-06-09,1450,014777,NA,5,2,9,3600,0,1,1,NA,2,216,I-215 N/B,PALM AVENUE,10,N,N,A,-,Y,NA,NA,215,NA,NA,NA,NA,NA,N,Y,4,0,1,2,A,-,03,22350,NA,N,C,C,A,A,H,-,A,D,0,NA,NA,NA,NA,Y,NA,A,01,0,0,1,0,0,0,0,0,0,-,-,34.19118,-117.36142,SAN BERNARDINO,UNINCORPORATED,-117.36139855,34.19121124
90538482,2017,2017-09-01,9860,2017-08-27,0245,020596,NA,7,3,3,3615,0,1,1,NA,2,104,I-10 E/B,TIPPECANOE AVE,275,E,N,A,-,Y,NA,NA,10,NA,NA,NA,NA,NA,E,Y,4,0,1,3,C,-,18,NA,NA,N,D,C,E,A,H,-,D,D,0,Y,NA,NA,NA,Y,Y,-,-,0,0,1,0,1,0,0,0,0,-,-,34.06466,-117.26007,SAN BERNARDINO,LOMA LINDA,-117.26005675,34.06459127
90479917,2017,2017-06-16,9855,2017-06-09,1718,020659,NA,5,2,6,3607,0,1,3,NA,2,601,SR-60 W/B (POMONA FWY),MILLIKEN AVE.,250,W,N,A,-,Y,NA,NA,60,NA,NA,NA,NA,NA,W,N,4,0,2,4,A,-,03,22350,NA,N,C,C,A,A,H,-,A,D,0,NA,NA,NA,NA,Y,NA,D,22,0,0,2,0,0,0,0,0,0,-,-,34.0244,-117.55935,SAN BERNARDINO,ONTARIO,-117.55933068,34.02447556
90480588,2017,2017-06-19,9855,2017-06-15,1740,020367,NA,4,2,6,3604,0,1,1,NA,2,101,I-10 E/B (SAN BERNARDINO FWY),ETIWANDA AVE.,1500,E,N,A,-,Y,NA,NA,10,NA,NA,NA,NA,NA,E,Y,4,0,1,3,A,-,03,22350,NA,N,C,C,A,A,H,-,A,D,0,NA,NA,NA,NA,Y,NA,A,01,0,0,1,0,0,0,0,0,0,-,-,34.06613,-117.50991,SAN BERNARDINO,FONTANA,-117.50987454,34.066295
90543161,2017,2017-09-07,9855,2017-08-29,1252,018727,NA,2,1,4,3605,0,1,1,NA,2,103,I-10 W/B (SAN BERNARDINO FWY),CENTRAL AVE.,350,W,N,A,-,Y,NA,NA,NA,NA,NA,NA,NA,NA,NA,N,4,0,1,2,A,-,03,22350,NA,N,C,C,A,A,H,-,A,D,0,NA,NA,NA,Y,Y,NA,G,25,0,0,1,0,0,0,0,0,0,-,-,34.04996,-117.41682,SAN BERNARDINO,MONTCLAIR,-117.69075209,34.08512056
90480709,2017,2017-06-19,9860,2017-06-09,1725,019725,NA,5,2,9,3600,0,2,4,NA,1,410,VALLEY BLVD,BLOOMINGTON WAY,170,E,N,A,-,N,NA,NA,NA,NA,NA,NA,NA,NA,NA,N,4,0,1,2,A,-,03,22350,NA,N,C,C,A,A,H,-,A,D,0,NA,NA,NA,NA,Y,NA,A,01,0,0,1,0,0,0,0,0,0,-,-,34.07035,-117.41097,SAN BERNARDINO,UNINCORPORATED,-117.39462029,34.07049
90514854,2017,2017-08-02,9835,2017-07-23,2018,021083,NA,7,2,9,3600,0,3,5,NA,2,039,KELSO CIMA RD,CEDAR CANYON RD,36432,S,N,A,-,N,NA,NA,NA,NA,NA,NA,NA,NA,NA,Y,3,0,1,1,A,-,08,22107,NA,N,F,A,A,A,H,-,D,D,0,NA,NA,NA,NA,Y,NA,A,01,0,1,0,0,0,0,0,0,0,-,-,35.1018,-115.5496,SAN BERNARDINO,UNINCORPORATED,-115.56550038,35.08972566
90522229,2017,2017-08-14,9860,2017-08-06,1430,021587,NA,7,2,9,3600,0,1,1,NA,2,152,I-15 S/B,SR-138,528,N,N,A,-,Y,NA,NA,15,NA,NA,NA,NA,NA,S,N,4,0,1,2,A,-,03,22350,NA,N,C,C,A,A,H,-,A,D,0,NA,NA,NA,NA,Y,NA,A,08,0,0,1,0,0,0,0,0,0,-,-,34.31309,-117.47658,SAN BERNARDINO,UNINCORPORATED,-117.47657705,34.31309344
90525544,2017,2017-08-17,9855,2017-07-26,0810,015299,NA,3,1,6,3604,0,1,1,NA,2,101,I-10 E/B (SAN BERNARDINO FWY),CHERRY AVE.,4000,W,N,A,-,Y,NA,NA,10,NA,NA,NA,NA,NA,E,Y,4,0,1,2,A,-,08,22107,NA,N,D,C,A,A,H,-,A,D,0,NA,NA,NA,Y,Y,NA,A,07,0,0,1,0,0,0,0,0,0,-,-,34.0653,-117.5,SAN BERNARDINO,FONTANA,-117.50000486,34.06551918
90549168,2017,2017-09-18,9855,2017-09-11,1616,018727,NA,1,2,4,3605,0,1,1,NA,2,103,I-10 W/B (SAN BERNARDINO FWY),CENTRAL AVE.,625,E,N,A,-,Y,NA,NA,10,NA,NA,NA,NA,NA,W,Y,4,0,1,2,A,-,03,22350,NA,N,C,C,A,A,H,-,A,D,0,NA,NA,NA,NA,Y,NA,A,01,0,0,1,0,0,0,0,0,0,-,-,34.08747,-117.68228,SAN BERNARDINO,MONTCLAIR,-117.68227882,34.08738936
90549348,2017,2017-09-18,9865,2017-09-09,1545,019929,NA,6,2,9,3600,0,1,3,NA,1,034,SR-18,CACTUS RD.,360,N,N,B,-,Y,NA,NA,18,NA,NA,NA,NA,NA,NA,Y,2,0,2,1,A,-,08,22107,NA,N,F,A,A,A,H,-,A,D,0,NA,NA,Y,NA,Y,NA,C,02,1,1,0,0,0,0,0,0,2,-,-,34.29781,-116.80151,SAN BERNARDINO,UNINCORPORATED,-116.80139698,34.29784816
90496472,2017,2017-07-10,9860,2017-07-02,1105,019617,NA,7,1,9,3600,0,3,5,NA,2,002,NOLAN ST,KERN ST,70,S,N,A,-,N,NA,NA,NA,NA,NA,NA,NA,NA,NA,Y,4,0,1,2,A,-,03,22350,NA,N,C,C,A,A,H,-,A,D,0,NA,NA,NA,NA,Y,NA,A,01,0,0,1,0,0,0,0,0,0,-,-,34.1553,-117.3375,SAN BERNARDINO,UNINCORPORATED,-117.33758634,34.15544995
90497732,2017,2017-07-11,9850,2017-07-08,2227,021365,NA,6,3,5,3612,0,1,1,NA,2,082,I-15 S/B,BEAR VALLEY RD,4277,S,N,B,-,Y,NA,NA,15,NA,NA,NA,NA,NA,S,Y,3,0,7,4,A,-,01,23152,A,F,B,C,A,A,H,-,C,D,0,NA,NA,Y,NA,Y,Y,A,01,0,2,5,0,0,0,0,0,1,-,-,34.46052,-117.35405,SAN BERNARDINO,VICTORVILLE,-117.35409184,34.46055277
90501180,2017,2017-07-14,9860,2017-07-07,0135,020135,NA,5,3,9,3600,0,1,1,NA,2,102,I-10 E/B,RIVERISDE AVE.,1584,E,N,A,-,Y,NA,NA,NA,NA,NA,NA,NA,NA,NA,Y,4,0,1,1,A,-,08,22107,NA,N,E,I,A,A,H,-,C,D,0,NA,NA,NA,NA,Y,NA,A,01,0,0,1,0,0,0,0,0,0,-,-,34.06862,-117.36414,SAN BERNARDINO,UNINCORPORATED,-117.36506001,34.06865653
90504240,2017,2017-07-19,9860,2017-07-14,1920,020856,NA,5,2,9,3600,0,1,1,NA,2,102,I-10 E/B,CEDAR AVENUE,1500,E,N,A,-,Y,NA,NA,10,NA,NA,NA,NA,NA,E,Y,4,0,1,1,A,-,08,22107,NA,N,E,J,A,A,H,-,A,D,0,NA,NA,NA,NA,Y,NA,A,01,0,0,1,0,0,0,0,0,0,-,-,34.06844,-117.3904,SAN BERNARDINO,UNINCORPORATED,-117.39041173,34.06822026
90506534,2017,2017-07-24,9850,2017-07-14,0241,021365,NA,5,3,5,3619,0,1,1,NA,2,082,I-15 N/B,MAIN ST,1003,N,N,A,-,Y,NA,NA,15,NA,NA,NA,NA,NA,N,Y,4,0,1,1,A,-,08,22107,NA,N,E,I,A,A,H,-,C,D,0,NA,NA,NA,NA,Y,NA,A,01,0,0,1,0,0,0,0,0,0,-,-,34.42923,-117.37841,SAN BERNARDINO,HESPERIA,-117.37834285,34.42917706
90507618,2017,2017-07-25,9860,2017-07-19,1400,014686,NA,3,2,9,3600,0,1,1,NA,2,151,I-15 S/B,GLEN HELEN RD,100,N,N,A,-,Y,NA,NA,15,NA,NA,NA,NA,NA,S,Y,3,0,2,2,A,-,03,22350,NA,N,C,C,A,A,H,-,A,D,0,NA,NA,NA,NA,Y,NA,A,01,0,1,1,0,0,0,0,0,0,-,-,34.21586,-117.41168,SAN BERNARDINO,UNINCORPORATED,-117.41162156,34.21584651
90512575,2017,2017-07-31,9855,2017-07-10,0840,013860,NA,1,1,6,3616,0,1,1,NA,2,153,I-15 S/B (ONTARIO FWY),BASELINE RD.,750,N,N,A,-,Y,NA,NA,15,NA,NA,NA,NA,NA,S,Y,4,0,1,2,A,-,17,21658,NA,N,C,C,A,A,H,-,A,D,0,NA,NA,Y,NA,Y,NA,A,01,0,0,1,0,0,0,0,0,1,-,-,34.123,-117.5121,SAN BERNARDINO,RANCHO CUCAMONGA,-117.51219485,34.12311466
90545124,2017,2017-09-11,9865,2017-09-06,1515,016806,NA,3,2,9,3600,1,1,3,NA,2,015,STATE ROUTE 189,STATE ROUTE 18,129,E,N,A,-,Y,NA,NA,189,NA,NA,NA,NA,NA,NA,Y,4,0,2,2,A,-,03,22350,NA,N,C,C,A,A,H,-,A,D,0,NA,NA,NA,NA,Y,NA,H,13,0,0,2,0,0,0,0,0,0,-,-,34.22848,-117.2512,SAN BERNARDINO,UNINCORPORATED,-117.25124592,34.22849573
90517687,2017,2017-08-07,9855,2017-07-29,1750,020533,NA,6,2,6,3607,0,1,1,NA,2,152,I-15 S/B TO I-10 W/B,I-15,500,W,N,A,-,Y,NA,NA,15,NA,NA,NA,R,NA,S,Y,3,0,1,1,A,-,03,22350,NA,N,F,A,A,A,H,-,A,D,0,NA,NA,NA,NA,Y,NA,A,07,0,1,0,0,0,0,0,0,0,-,-,34.06787,-117.54686,SAN BERNARDINO,ONTARIO,-117.54686,34.06787
90549128,2017,2017-09-15,9860,2017-09-08,1815,021169,NA,5,2,9,3600,0,1,1,NA,2,151,I-15 N/B,OAKIE FLAT RD,1250,N,N,A,-,Y,NA,NA,15,NA,NA,NA,NA,NA,N,N,4,0,2,3,A,-,03,22350,NA,N,C,C,A,A,H,-,A,D,0,NA,NA,NA,NA,Y,NA,A,01,0,0,2,0,0,0,0,0,0,-,-,34.26704,-117.44928,SAN BERNARDINO,UNINCORPORATED,-117.44933467,34.26703704
90523613,2017,2017-08-15,9835,2017-08-06,0630,020883,NA,7,1,9,3600,0,1,1,NA,2,076,I-15 S/B,HALLORAN SUMMIT RD,19219,N,N,A,-,Y,NA,NA,15,NA,NA,NA,NA,NA,S,Y,3,0,2,3,A,-,07,21658,A,N,B,C,A,A,H,-,A,D,0,NA,NA,NA,NA,Y,Y,A,01,0,2,0,0,0,0,0,0,0,-,-,35.423,-115.73446,SAN BERNARDINO,UNINCORPORATED,-115.73447559,35.42304454
9052667,2019,2020-10-27,3607,2019-02-04,0549,14758,810,1,5,6,3607,0,0,0,NA,0,082,GROVE AV,EUCLAYPTUS AV,0,NA,Y,C,-,N,NA,NA,NA,NA,NA,NA,NA,NA,NA,N,3,0,2,3,A,-,09,21802,A,N,D,C,A,B,H,-,D,A,0,NA,NA,NA,NA,Y,NA,A,01,0,2,0,0,0,0,0,0,0,-,-,NA,NA,SAN BERNARDINO,ONTARIO,-117.6280517578125,33.99040985107422