CASE_ID,ACCIDENT_YEAR,PROC_DATE,JURIS,COLLISION_DATE,COLLISION_TIME,OFFICER_ID,REPORTING_DISTRICT,DAY_OF_WEEK,CHP_SHIFT,POPULATION,CNTY_CITY_LOC,SPECIAL_COND,BEAT_TYPE,CHP_BEAT_TYPE,CITY_DIVISION_LAPD,CHP_BEAT_CLASS,BEAT_NUMBER,PRIMARY_RD,SECONDARY_RD,DISTANCE,DIRECTION,INTERSECTION,WEATHER_1,WEATHER_2,STATE_HWY_IND,CALTRANS_COUNTY,CALTRANS_DISTRICT,STATE_ROUTE,ROUTE_SUFFIX,POSTMILE_PREFIX,POSTMILE,LOCATION_TYPE,RAMP_INTERSECTION,SIDE_OF_HWY,TOW_AWAY,COLLISION_SEVERITY,NUMBER_KILLED,NUMBER_INJURED,PARTY_COUNT,PRIMARY_COLL_FACTOR,PCF_CODE_OF_VIOL,PCF_VIOL_CATEGORY,PCF_VIOLATION,PCF_VIOL_SUBSECTION,HIT_AND_RUN,TYPE_OF_COLLISION,MVIW,PED_ACTION,ROAD_SURFACE,ROAD_COND_1,ROAD_COND_2,LIGHTING,CONTROL_DEVICE,CHP_ROAD_TYPE,PEDESTRIAN_ACCIDENT,BICYCLE_ACCIDENT,MOTORCYCLE_ACCIDENT,TRUCK_ACCIDENT,NOT_PRIVATE_PROPERTY,ALCOHOL_INVOLVED,STWD_VEHTYPE_AT_FAULT,CHP_VEHTYPE_AT_FAULT,COUNT_SEVERE_INJ,COUNT_VISIBLE_INJ,COUNT_COMPLAINT_PAIN,COUNT_PED_KILLED,COUNT_PED_INJURED,COUNT_BICYCLIST_KILLED,COUNT_BICYCLIST_INJURED,COUNT_MC_KILLED,COUNT_MC_INJURED,PRIMARY_RAMP,SECONDARY_RAMP,LATITUDE,LONGITUDE,COUNTY,CITY,POINT_X,POINT_Y
91053943,2019,2019-08-19,9860,2019-08-09,1735,020533,NA,5,2,4,3603,0,1,1,NA,2,103,I-10 W/B,PEPPER AVE,1700,E,N,A,-,Y,NA,NA,10,NA,NA,NA,NA,NA,W,N,3,0,1,2,A,-,03,22350,NA,F,C,C,A,A,H,-,A,D,0,NA,NA,NA,NA,Y,NA,-,99,0,1,0,0,0,0,0,0,0,-,-,34.06892013549805,-117.34707641601563,SAN BERNARDINO,COLTON,-117.34707641601563,34.06892395019531
91057134,2019,2019-08-22,9855,2019-08-12,1720,017903,NA,1,2,6,3604,0,1,1,NA,2,101,I-10 E/B (SAN BERNARDINO FWY),CHERRY AVE.,528,E,N,A,-,Y,NA,NA,NA,NA,NA,NA,NA,NA,NA,Y,4,0,2,2,A,-,03,22350,NA,N,C,C,A,A,H,-,A,D,0,NA,NA,NA,NA,Y,NA,D,22,0,0,2,0,0,0,0,0,0,-,-,33.065311431884766,-117.49976348876952,SAN BERNARDINO,FONTANA,-117.48733520507813,34.066009521484375
9105715,2020,2020-07-30,3600,2020-04-16,1031,G8606,RC018,4,5,6,3616,0,0,0,NA,0,005,HAVEN AV,JERSEY BL,0,NA,Y,A,-,N,NA,NA,NA,NA,NA,NA,NA,NA,NA,N,3,0,1,2,A,-,10,21950,A,N,G,B,B,A,H,-,A,A,0,Y,NA,NA,NA,Y,NA,A,01,0,1,0,0,1,0,0,0,0,-,-,NA,NA,SAN BERNARDINO,RANCHO CUCAMONGA,-117.57588958740234,34.094669342041016
91057708,2019,2019-08-22,9855,2019-08-15,2010,018313,NA,4,2,6,3607,0,1,1,NA,2,101,I-10 E/B (SAN BERNARDINO FWY),MILLIKEN AVE.,500,W,N,A,-,Y,NA,NA,10,NA,NA,NA,NA,NA,E,Y,4,0,2,4,A,-,03,22350,NA,N,C,C,A,A,H,-,C,D,0,NA,NA,NA,NA,Y,NA,A,01,0,0,2,0,0,0,0,0,0,-,-,34.06726837158203,-117.55953216552734,SAN BERNARDINO,ONTARIO,-117.55953216552734,34.0673828125
91058144,2019,2019-08-23,9835,2019-08-21,0752,020743,NA,3,1,9,3600,0,1,1,NA,2,074,I-15 N/B,ZZYZX RD,14203,S,N,A,-,Y,NA,NA,15,NA,NA,NA,NA,NA,N,Y,4,0,1,2,A,-,08,22107,NA,N,E,I,A,A,H,-,A,D,0,NA,NA,NA,Y,Y,NA,A,01,0,0,1,0,0,0,0,0,0,-,-,35.1720085144043,-116.17591094970705,SAN BERNARDINO,UNINCORPORATED,-116.17594146728516,35.17203903198242
91058818,2019,2019-08-26,9860,2019-08-16,1135,016590,NA,5,1,9,3600,0,3,5,NA,2,004,PEPPER ST.,14TH ST.,0,NA,Y,B,-,N,NA,NA,NA,NA,NA,NA,NA,NA,NA,Y,4,0,1,2,A,-,09,21801,A,N,A,C,A,A,H,-,A,A,0,NA,NA,NA,NA,Y,NA,A,01,0,0,1,0,0,0,0,0,0,-,-,34.047630310058594,-117.39389038085938,SAN BERNARDINO,UNINCORPORATED,-117.39418029785156,34.047611236572266
91059678,2019,2019-08-26,9855,2019-08-16,0535,016268,NA,5,3,6,3607,0,1,3,NA,2,601,SR-60 W/B TO HAVEN AVE,HAVEN AVE.,200,E,N,A,-,Y,NA,NA,60,NA,NA,NA,R,NA,W,Y,4,0,3,2,A,-,03,22350,NA,N,C,C,A,A,H,-,C,D,0,NA,NA,NA,NA,Y,NA,A,01,0,0,3,0,0,0,0,0,0,-,-,34.0294303894043,-117.57489776611328,SAN BERNARDINO,ONTARIO,-117.57489776611328,34.0294303894043
91059793,2019,2019-08-26,9855,2019-08-17,0235,020913,NA,6,3,6,3607,0,1,1,NA,2,101,I-10 W/B FROM MILLIKEN AVE.,MILLIKEN AVE.,44,W,N,A,-,Y,NA,NA,10,NA,NA,NA,R,NA,W,Y,4,0,1,1,A,-,08,22107,NA,N,E,I,A,A,H,-,C,A,0,NA,NA,NA,NA,Y,NA,A,01,0,0,1,0,0,0,0,0,0,-,-,34.0688591003418,-117.55860900878906,SAN BERNARDINO,ONTARIO,-117.55860900878906,34.0688591003418
91061354,2019,2019-08-28,9855,2019-08-21,1330,018313,NA,3,1,6,3604,0,1,1,NA,2,101,I-10 E/B (SAN BERNARDINO FWY),SIERRA AVE.,200,W,N,A,-,Y,NA,NA,10,NA,NA,NA,NA,NA,E,Y,3,0,1,3,A,-,07,21658,A,M,B,C,A,A,H,-,A,D,0,NA,NA,NA,NA,Y,NA,E,22,0,1,0,0,0,0,0,0,0,-,-,34.067169189453125,-117.43656158447266,SAN BERNARDINO,FONTANA,-117.4365692138672,34.067264556884766
91061724,2019,2019-08-28,9850,2019-08-27,0655,017034,NA,2,1,9,3600,0,3,5,NA,2,002,SUMMIT VALLEY ROAD,KAPIOLANI ROAD,4224,N,N,A,-,N,NA,NA,NA,NA,NA,NA,NA,NA,NA,Y,2,0,1,1,C,-,18,NA,NA,N,E,I,A,A,H,-,A,D,0,NA,NA,NA,NA,Y,NA,-,-,1,0,0,0,0,0,0,0,0,-,-,34.33837127685547,-117.3988037109375,SAN BERNARDINO,UNINCORPORATED,-117.39884185791016,34.338356018066406
91066086,2019,2019-09-03,9855,2019-08-27,2039,016051,NA,2,2,5,3602,0,1,3,NA,2,603,SR-60 W/B (POMONA FWY),CENTRAL AVE.,2091,E,N,A,-,Y,NA,NA,60,NA,NA,NA,NA,NA,W,Y,4,0,1,1,A,-,01,23152,A,M,E,I,A,A,H,-,C,D,0,NA,NA,NA,NA,Y,Y,A,01,0,0,1,0,0,0,0,0,0,-,-,34.030521392822266,-117.68240356445313,SAN BERNARDINO,CHINO,-117.6823959350586,34.03043746948242
91066425,2019,2019-09-03,9855,2019-08-29,2150,020564,NA,4,2,6,3604,0,1,1,NA,2,101,I-10 E/B (SAN BERNARDINO FWY),CHERRY AVE.,1700,W,N,A,-,Y,NA,NA,10,NA,NA,NA,NA,NA,E,Y,3,0,1,2,A,-,07,21658,A,N,B,C,A,A,H,-,C,D,0,NA,NA,NA,Y,Y,NA,A,01,0,1,0,0,0,0,0,0,0,-,-,34.065528869628906,-117.49429321289063,SAN BERNARDINO,FONTANA,-117.49429321289063,34.065650939941406
91069046,2019,2019-09-06,9835,2019-09-03,0052,022143,NA,2,3,3,3601,0,1,1,NA,2,071,I-15 N/B,SR-58,1584,S,N,A,-,Y,NA,NA,15,NA,NA,NA,NA,NA,N,Y,3,0,1,1,A,-,08,22107,NA,N,F,A,A,A,H,-,D,D,0,NA,NA,NA,NA,Y,NA,A,01,0,1,0,0,0,0,0,0,0,-,-,34.863399505615234,-117.08190155029295,SAN BERNARDINO,BARSTOW,-117.0820541381836,34.86344909667969
91069449,2019,2020-07-31,9870,2019-07-10,1922,016935,NA,3,2,9,3600,0,2,4,NA,2,042,AMBOY ROAD,SANDY LANE,120,E,N,A,-,N,NA,NA,NA,NA,NA,NA,NA,NA,NA,Y,1,1,2,2,A,-,01,23152,F,N,A,C,A,A,H,-,A,D,0,NA,NA,NA,NA,Y,NA,A,07,2,0,0,0,0,0,0,0,0,-,-,34.16545104980469,-115.88330078125,SAN BERNARDINO,UNINCORPORATED,-115.88296508789063,34.16545867919922
91069944,2019,2019-09-09,9855,2019-08-30,1510,018989,NA,5,2,6,3607,0,1,1,NA,2,103,I-10 W/B (SAN BERNARDINO FWY),FOURTH ST.,800,E,N,A,-,Y,NA,NA,10,NA,NA,NA,NA,NA,W,Y,3,0,1,3,A,-,03,22350,NA,F,C,C,A,A,H,-,A,D,0,NA,NA,Y,NA,Y,NA,C,02,0,1,0,0,0,0,0,0,1,-,-,34.07339859008789,-117.6156005859375,SAN BERNARDINO,ONTARIO,-117.61563873291016,34.073326110839844
91071140,2019,2019-09-10,9835,2019-09-02,1225,020883,NA,1,1,9,3600,0,3,5,NA,2,039,MORNING STAR MINE RD,IVANPAH RD,55440,S,N,A,-,Y,NA,NA,NA,NA,NA,NA,NA,NA,NA,Y,2,0,4,1,A,-,08,22107,NA,N,F,A,A,A,H,-,A,D,0,NA,NA,NA,NA,Y,NA,A,07,2,2,0,0,0,0,0,0,0,-,-,35.29655075073242,-115.48741912841795,SAN BERNARDINO,UNINCORPORATED,-115.48591613769533,35.29704666137695
91073853,2019,2019-09-13,9860,2019-09-03,1800,019725,NA,2,2,5,3608,0,1,1,NA,2,104,I-10 E/B,CALIFORNIA ST,2640,W,N,A,-,Y,NA,NA,10,NA,NA,NA,NA,NA,E,Y,4,0,2,2,A,-,03,22350,NA,N,C,C,A,A,H,-,A,D,0,NA,NA,NA,NA,Y,NA,A,01,0,0,2,0,0,0,0,0,0,-,-,34.06650161743164,-117.23423767089844,SAN BERNARDINO,REDLANDS,-117.23423767089844,34.066505432128906
91074230,2019,2019-09-13,9855,2019-09-12,1148,020904,NA,4,1,6,3607,0,1,3,NA,2,601,SR-60 W/B (POMONA FWY),VINEYARD AVE.,310,E,N,A,-,Y,NA,NA,60,NA,NA,NA,NA,NA,W,Y,3,0,2,3,A,-,03,22350,NA,N,C,C,A,A,H,-,A,D,0,NA,NA,NA,Y,Y,NA,G,25,0,1,1,0,0,0,0,0,0,-,-,34.030731201171875,-117.60983276367188,SAN BERNARDINO,ONTARIO,-117.60983276367188,34.03067398071289
91074725,2019,2019-09-16,9860,2019-09-05,1635,020426,NA,4,2,9,3600,0,3,5,NA,2,002,LINDEN AVENUE,VALLEY BOULEVARD,20,N,N,A,-,N,NA,NA,NA,NA,NA,NA,NA,NA,NA,N,4,0,2,2,A,-,21,22106,NA,N,C,C,A,A,H,-,A,D,0,NA,NA,NA,NA,Y,NA,A,07,0,0,2,0,0,0,0,0,0,-,-,34.0706901550293,-117.40084075927734,SAN BERNARDINO,UNINCORPORATED,-117.40077209472656,34.070533752441406
91075001,2019,2019-09-16,9855,2019-09-05,0235,020046,NA,4,3,9,3600,0,3,5,NA,2,001,VALLEY BLVD. (14900 BLOCK),LIVE OAK AVE. (10000 BLOCK),168,E,N,A,-,Y,NA,NA,NA,NA,NA,NA,NA,NA,NA,Y,2,0,3,2,A,-,08,22107,NA,N,E,I,A,A,H,-,D,D,0,NA,NA,NA,NA,Y,NA,A,01,2,1,0,0,0,0,0,0,0,-,-,34.070308685302734,-117.47923278808594,SAN BERNARDINO,UNINCORPORATED,-117.47940063476563,34.07020950317383
9107503,2020,2020-10-29,3600,2020-05-22,1508,D4301,HE105,5,5,5,3619,0,0,0,NA,0,HE1,SEQUOIA ST,A AV,89,E,N,A,-,N,NA,NA,NA,NA,NA,NA,NA,NA,NA,Y,4,0,2,2,A,-,09,21801,A,N,D,C,A,A,H,-,A,D,0,NA,NA,NA,NA,Y,NA,A,01,0,0,2,0,0,0,0,0,0,-,-,NA,NA,SAN BERNARDINO,HESPERIA,-117.2899169921875,34.469093322753906
91077089,2019,2019-09-18,9870,2019-09-09,1955,021288,NA,1,2,9,3600,0,1,3,NA,2,021,SR-247 (OLD WOMAN SPRINGS ROAD),EUREKA ROAD,31,N,N,A,-,Y,NA,NA,247,NA,NA,NA,NA,NA,NA,Y,2,0,2,2,A,-,04,21703,NA,N,C,C,A,A,H,-,D,D,0,NA,NA,Y,NA,Y,NA,C,02,2,0,0,0,0,0,0,0,2,-,-,34.255088806152344,-116.43888854980467,SAN BERNARDINO,UNINCORPORATED,-116.43886566162108,34.25508117675781
91079120,2019,2019-09-20,9860,2019-09-11,2105,019484,NA,3,2,9,3600,0,1,3,NA,1,010,SR-138,1-15 N/B TO SR-138,0,NA,Y,A,-,Y,NA,NA,138,NA,NA,NA,NA,NA,NA,Y,4,0,2,3,A,-,01,23152,A,N,D,C,A,A,H,-,D,A,0,NA,NA,NA,NA,Y,Y,E,22,0,0,2,0,0,0,0,0,0,-,-,34.31184005737305,-117.47373962402344,SAN BERNARDINO,UNINCORPORATED,-117.47373962402344,34.31189727783203
91079494,2019,2019-09-20,9860,2019-09-14,1504,020654,NA,6,2,9,3600,0,3,5,NA,2,002,ARDEN AVE,E. 23RD ST.,200,S,N,A,-,N,NA,NA,NA,NA,NA,NA,NA,NA,NA,N,4,0,2,2,A,-,03,22350,NA,N,C,C,A,A,H,-,A,D,0,NA,NA,NA,NA,Y,NA,A,07,0,0,2,0,0,0,0,0,0,-,-,34.136940002441406,-117.23491668701172,SAN BERNARDINO,UNINCORPORATED,-117.23493194580078,34.136661529541016
91082026,2019,2019-09-24,9855,2019-09-20,1530,016051,NA,5,2,5,3602,0,1,3,NA,2,603,SR-60 W/B TO RAMONA AVENUE,RAMONA AVE.,80,E,N,A,-,Y,NA,NA,60,NA,NA,NA,R,NA,W,Y,4,0,1,3,A,-,03,22350,NA,N,C,C,A,A,H,-,A,A,0,NA,NA,NA,Y,Y,NA,A,01,0,0,1,0,0,0,0,0,0,-,-,34.03097915649414,-117.70651245117188,SAN BERNARDINO,CHINO,-117.70651245117188,34.03097915649414
91082145,2019,2019-09-24,9855,2019-09-20,1944,017597,NA,5,2,6,3616,0,1,1,NA,2,203,SR-210 E/B (FOOTHILL FWY),HAVEN AVE.,3000,W,N,A,-,Y,NA,NA,210,NA,NA,NA,NA,NA,E,N,4,0,1,2,A,-,07,21658,A,F,B,C,A,A,H,-,C,D,0,NA,NA,NA,NA,Y,NA,-,99,0,0,1,0,0,0,0,0,0,-,-,34.13616180419922,-117.57585906982422,SAN BERNARDINO,RANCHO CUCAMONGA,-117.57584381103516,34.135921478271484
91082429,2019,2019-09-25,9855,2019-09-12,1740,017323,NA,4,2,5,3611,0,1,1,NA,2,203,SR-210 E/B (FOOTHILL FWY),EUCLID AVE.,1056,W,N,A,-,Y,NA,NA,210,NA,NA,NA,NA,NA,E,Y,2,0,1,2,A,-,07,21658,A,N,B,C,A,A,H,-,A,D,0,NA,NA,Y,NA,Y,NA,A,01,1,0,0,0,0,0,0,0,1,-,-,34.13457107543945,-117.65592193603516,SAN BERNARDINO,UPLAND,-117.65592193603516,34.13455581665039
9108291,2020,2020-10-30,3610,2020-05-08,2259,50252,NA,5,5,6,3610,0,0,0,NA,0,NA,E 9TH ST,N TIPPECANOE AV,0,NA,Y,A,-,N,NA,NA,NA,NA,NA,NA,NA,NA,NA,Y,4,0,1,2,A,-,12,21453,A,N,D,C,A,A,H,-,A,A,0,NA,NA,NA,NA,Y,NA,A,01,0,0,1,0,0,0,0,0,0,-,-,34.11574172973633,-117.26097869873048,SAN BERNARDINO,SAN BERNARDINO,-117.260986328125,34.11574172973633
9108343,2020,2020-11-24,3604,2020-05-10,0828,680,NA,7,5,6,3604,0,0,0,NA,0,NA,CITRUS AV,SUMMIT AV,33,N,N,A,-,N,NA,NA,NA,NA,NA,NA,NA,NA,NA,Y,3,0,2,2,C,-,18,NA,NA,N,B,C,A,A,H,-,A,D,0,NA,NA,NA,NA,Y,NA,-,-,0,1,1,0,0,0,0,0,0,-,-,NA,NA,SAN BERNARDINO,FONTANA,-117.4535903930664,34.15044403076172
9108351,2020,2020-11-24,3604,2020-05-02,2351,1286,NA,6,5,6,3604,0,0,0,NA,0,NA,OLEANDER AV,BARBARA AV,0,NA,Y,A,-,N,NA,NA,NA,NA,NA,NA,NA,NA,NA,N,4,0,1,2,A,-,08,22107,NA,F,G,B,D,A,H,-,C,A,0,Y,NA,NA,NA,Y,NA,A,07,0,0,1,0,1,0,0,0,0,-,-,NA,NA,SAN BERNARDINO,FONTANA,NA,NA
9108457,2020,2020-10-30,3608,2020-05-07,1838,4825,NA,4,5,5,3608,0,0,0,NA,0,NA,TEXAS ST,REDLANDS BL,0,NA,Y,A,-,N,NA,NA,NA,NA,NA,NA,NA,NA,NA,Y,4,0,1,2,A,-,01,23152,NA,M,D,C,A,A,H,-,B,A,0,NA,NA,NA,NA,Y,Y,A,01,0,0,1,0,0,0,0,0,0,-,-,NA,NA,SAN BERNARDINO,REDLANDS,-117.19133758544922,34.05778884887695
9108495,2020,2020-07-23,3610,2020-02-09,1747,NA,NA,7,5,6,3610,0,0,0,NA,0,BAKER,N UNIVERSITY PKWY,N HALLMARK PKWY,0,NA,Y,A,-,N,NA,NA,NA,NA,NA,NA,NA,NA,NA,Y,4,0,1,2,A,-,09,21453,C,N,A,C,A,-,H,-,C,A,0,NA,NA,NA,NA,Y,NA,A,01,0,0,1,0,0,0,0,0,0,-,-,34.162410736083984,-117.33448028564452,SAN BERNARDINO,SAN BERNARDINO,-117.33445739746094,34.16236877441406
91085954,2019,2019-09-27,9860,2019-09-23,1200,016658,NA,1,1,9,3600,0,3,5,NA,2,003,CRAFTON AVE,SIERRA PINE DR,0,NA,Y,A,-,N,NA,NA,NA,NA,NA,NA,NA,NA,NA,Y,4,0,1,2,A,-,09,21802,A,N,D,C,A,A,H,-,A,A,0,NA,NA,NA,NA,Y,NA,A,01,0,0,1,0,0,0,0,0,0,-,-,34.07236862182617,-117.12162017822266,SAN BERNARDINO,UNINCORPORATED,-117.12164306640624,34.07242965698242
91086303,2019,2019-09-30,9860,2019-09-24,1743,016646,NA,2,2,4,3603,0,1,1,NA,2,103,I-10 W/B,MT. VERNON AVENUE,100,E,N,A,-,Y,NA,NA,10,NA,NA,NA,NA,NA,W,N,4,0,1,2,A,-,03,22350,NA,N,C,C,A,A,H,-,A,D,0,NA,NA,NA,NA,Y,NA,A,01,0,0,1,0,0,0,0,0,0,-,-,34.064979553222656,-117.31363677978516,SAN BERNARDINO,COLTON,-117.31364440917967,34.06504440307617
91086345,2019,2019-09-30,9860,2019-09-25,0308,020595,NA,3,3,5,3609,0,1,1,NA,2,201,SR-210 E/B,AYALA DR,2112,W,N,A,-,Y,NA,NA,210,NA,NA,NA,NA,NA,E,Y,4,0,1,2,A,-,01,23152,A,N,C,C,A,A,H,-,D,D,0,NA,NA,NA,NA,Y,Y,A,01,0,0,1,0,0,0,0,0,0,-,-,34.13587951660156,-117.39933776855467,SAN BERNARDINO,RIALTO,-117.39933776855467,34.13593292236328
91086530,2019,2019-09-30,9855,2019-09-20,1740,018335,NA,5,2,9,3600,0,3,5,NA,2,001,W/B VALLEY BLVD (13300 BLOCK),COMMERCE DR.,0,NA,Y,A,-,N,NA,NA,NA,NA,NA,NA,NA,NA,NA,Y,4,0,2,2,A,-,12,21453,A,N,D,C,A,A,H,-,A,A,0,NA,NA,NA,NA,Y,NA,A,01,0,0,2,0,0,0,0,0,0,-,-,34.07106018066406,-117.5156021118164,SAN BERNARDINO,UNINCORPORATED,-117.515538,34.070996
91086786,2019,2019-09-30,9855,2019-09-21,1519,018335,NA,6,2,6,3616,0,1,1,NA,2,203,SR-210 E/B (FOOTHILL FWY),CARNELIAN ST.,600,W,N,A,-,Y,NA,NA,210,NA,NA,NA,NA,NA,E,Y,4,0,1,3,A,-,03,22350,NA,N,C,C,A,A,H,-,A,D,0,NA,NA,NA,NA,Y,NA,D,22,0,0,1,0,0,0,0,0,0,-,-,34.134761810302734,-117.6186981201172,SAN BERNARDINO,RANCHO CUCAMONGA,-117.6186981201172,34.13478088378906
91087839,2019,2019-10-01,9860,2019-09-25,0708,016658,NA,3,1,9,3600,0,1,3,NA,1,380,SR-38,JASPER AVE,98,E,N,A,-,Y,NA,NA,38,NA,NA,NA,NA,NA,NA,Y,4,0,1,2,A,-,03,22350,NA,N,C,C,A,A,H,-,A,D,0,NA,NA,NA,NA,Y,NA,A,01,0,0,1,0,0,0,0,0,0,-,-,34.07012176513672,-117.13580322265624,SAN BERNARDINO,UNINCORPORATED,-117.13580322265624,34.070106506347656
91088124,2019,2019-10-01,9835,2019-09-16,1153,019989,NA,1,1,9,3600,0,1,1,NA,2,076,I-15 S/B,HALLORAN SUMMIT ROAD,11035,N,N,A,-,Y,NA,NA,15,NA,NA,NA,NA,NA,S,Y,1,3,2,2,A,-,08,22107,NA,N,A,C,A,A,H,-,A,D,0,NA,NA,NA,Y,Y,NA,A,07,2,0,0,0,0,0,0,0,0,-,-,35.41461944580078,-115.7583465576172,SAN BERNARDINO,UNINCORPORATED,-115.7583465576172,35.41460037231445
91089990,2019,2019-10-03,9855,2019-09-29,1444,019732,NA,7,2,6,3604,0,1,1,NA,2,101,I-10 W/B (SAN BERNARDINO FWY),CHERRY AVE.,2500,W,N,B,-,Y,NA,NA,10,NA,NA,NA,NA,NA,W,Y,4,0,3,2,A,-,03,22350,NA,N,C,C,A,A,H,-,A,D,0,NA,NA,NA,NA,Y,NA,A,01,0,0,3,0,0,0,0,0,0,-,-,34.06570053100586,-117.49822998046876,SAN BERNARDINO,FONTANA,-117.49822998046876,34.06576919555664
91090534,2019,2019-10-04,9855,2019-10-03,1620,016051,NA,4,2,5,3602,0,1,3,NA,2,603,SR-60 E/B (POMONA FWY),PIPELINE AVE.,1485,W,N,A,-,Y,NA,NA,60,NA,NA,NA,NA,NA,E,Y,3,0,2,2,A,-,03,22350,NA,N,C,C,A,A,H,-,A,D,0,NA,NA,NA,NA,Y,NA,A,01,0,1,1,0,0,0,0,0,0,-,-,34.02717971801758,-117.72000885009766,SAN BERNARDINO,CHINO,-117.72000885009766,34.02717971801758
91090972,2019,2019-10-04,9860,2019-09-24,1930,020282,NA,2,2,9,3600,0,3,5,NA,2,002,SLOVER AVE,CEDAR AVE,189,E,N,A,-,N,NA,NA,NA,NA,NA,NA,NA,NA,NA,N,4,0,1,2,A,-,08,22107,NA,N,C,C,A,A,H,-,A,D,0,NA,NA,Y,NA,Y,NA,A,01,0,0,1,0,0,0,0,0,1,-,-,34.063140869140625,-117.39568328857422,SAN BERNARDINO,UNINCORPORATED,-117.39582061767578,34.063140869140625
91091178,2019,2019-10-07,9860,2019-09-24,1700,019062,NA,2,2,9,3600,0,3,5,NA,2,002,STATE ST,DARBY ST,0,NA,Y,A,-,N,NA,NA,NA,NA,NA,NA,NA,NA,NA,N,4,0,2,2,A,-,12,22450,A,N,D,C,A,A,H,-,A,D,0,NA,NA,NA,NA,Y,NA,A,07,0,0,2,0,0,0,0,0,0,-,-,34.14690017700195,-117.33550262451172,SAN BERNARDINO,UNINCORPORATED,-117.3354721069336,34.14690017700195
9109134,2020,2020-08-20,3610,2020-06-01,1355,50696,NA,1,5,6,3610,0,0,0,NA,0,BAKER,W 30TH ST,NORTH ARROWHEAD AV,0,NA,Y,A,-,N,NA,NA,NA,NA,NA,NA,NA,NA,NA,Y,4,0,2,2,A,-,12,21453,A,N,D,C,A,A,H,-,A,A,0,NA,NA,NA,NA,Y,NA,A,01,0,0,2,0,0,0,0,0,0,-,-,34.14598846435547,-117.28962707519533,SAN BERNARDINO,SAN BERNARDINO,-117.28955841064452,34.145999908447266
9109188,2020,2020-10-29,3608,2020-05-29,1251,4388,NA,5,5,5,3608,0,0,0,NA,0,NA,LUGONIA AV,TENNESSEE ST,0,NA,Y,A,-,N,NA,NA,NA,NA,NA,NA,NA,NA,NA,N,4,0,1,3,A,-,03,22350,NA,N,C,C,A,A,H,-,A,A,0,NA,NA,NA,NA,Y,NA,D,22,0,0,1,0,0,0,0,0,0,-,-,34.0702018737793,-117.19696807861328,SAN BERNARDINO,REDLANDS,-117.19918060302734,34.0701789855957
91092715,2019,2019-10-17,9865,2019-01-17,1838,014696,NA,4,2,9,3600,0,1,3,NA,2,020,SR-330,FOREST SERVICE ROAD 1N09,3696,S,N,B,-,Y,NA,NA,330,NA,NA,NA,NA,NA,NA,N,1,1,0,2,D,-,00,NA,NA,F,G,B,E,B,H,-,D,D,0,Y,NA,NA,NA,Y,NA,-,-,0,0,0,1,0,0,0,0,0,-,-,34.18096160888672,-117.16539001464844,SAN BERNARDINO,UNINCORPORATED,-117.16538238525392,34.18098831176758
91093380,2019,2019-10-09,9860,2019-09-28,0330,020553,NA,6,3,9,3600,0,3,5,NA,2,004,WALNUT ST,MAYWOOD ST,20,S,N,B,-,N,NA,NA,NA,NA,NA,NA,NA,NA,NA,N,3,0,1,2,A,-,08,22107,NA,N,H,E,A,A,H,-,D,D,0,NA,Y,NA,NA,Y,NA,L,04,0,1,0,0,0,0,1,0,0,-,-,34.05112838745117,-117.38555145263672,SAN BERNARDINO,UNINCORPORATED,-117.38552856445313,34.05130386352539
91094738,2019,2019-10-10,9860,2019-10-09,1310,014829,NA,3,1,9,3600,0,1,1,NA,2,151,I-15 N/B,KENWOOD AVE.,10560,N,N,A,-,Y,NA,NA,15,NA,NA,NA,NA,NA,N,Y,4,0,1,2,A,-,03,22350,NA,N,C,C,A,A,C,-,A,D,0,NA,NA,NA,NA,Y,NA,A,01,0,0,1,0,0,0,0,0,0,-,-,34.26136016845703,-117.44972229003906,SAN BERNARDINO,UNINCORPORATED,-117.4494171142578,34.26130676269531
91095227,2019,2019-10-11,9860,2019-09-19,1725,019706,NA,4,2,6,3610,0,1,1,NA,2,202,SR-210 EASTBOUND,MUSCUPIABE DR,600,W,N,A,-,Y,NA,NA,210,NA,NA,NA,NA,NA,E,Y,2,0,1,3,A,-,03,22350,NA,F,F,A,A,A,H,-,A,D,0,NA,NA,Y,NA,Y,NA,C,02,1,0,0,0,0,0,0,0,1,-,-,34.1456298828125,-117.30988311767578,SAN BERNARDINO,SAN BERNARDINO,-117.30988311767578,34.145599365234375