CASE_ID,ACCIDENT_YEAR,PROC_DATE,JURIS,COLLISION_DATE,COLLISION_TIME,OFFICER_ID,REPORTING_DISTRICT,DAY_OF_WEEK,CHP_SHIFT,POPULATION,CNTY_CITY_LOC,SPECIAL_COND,BEAT_TYPE,CHP_BEAT_TYPE,CITY_DIVISION_LAPD,CHP_BEAT_CLASS,BEAT_NUMBER,PRIMARY_RD,SECONDARY_RD,DISTANCE,DIRECTION,INTERSECTION,WEATHER_1,WEATHER_2,STATE_HWY_IND,CALTRANS_COUNTY,CALTRANS_DISTRICT,STATE_ROUTE,ROUTE_SUFFIX,POSTMILE_PREFIX,POSTMILE,LOCATION_TYPE,RAMP_INTERSECTION,SIDE_OF_HWY,TOW_AWAY,COLLISION_SEVERITY,NUMBER_KILLED,NUMBER_INJURED,PARTY_COUNT,PRIMARY_COLL_FACTOR,PCF_CODE_OF_VIOL,PCF_VIOL_CATEGORY,PCF_VIOLATION,PCF_VIOL_SUBSECTION,HIT_AND_RUN,TYPE_OF_COLLISION,MVIW,PED_ACTION,ROAD_SURFACE,ROAD_COND_1,ROAD_COND_2,LIGHTING,CONTROL_DEVICE,CHP_ROAD_TYPE,PEDESTRIAN_ACCIDENT,BICYCLE_ACCIDENT,MOTORCYCLE_ACCIDENT,TRUCK_ACCIDENT,NOT_PRIVATE_PROPERTY,ALCOHOL_INVOLVED,STWD_VEHTYPE_AT_FAULT,CHP_VEHTYPE_AT_FAULT,COUNT_SEVERE_INJ,COUNT_VISIBLE_INJ,COUNT_COMPLAINT_PAIN,COUNT_PED_KILLED,COUNT_PED_INJURED,COUNT_BICYCLIST_KILLED,COUNT_BICYCLIST_INJURED,COUNT_MC_KILLED,COUNT_MC_INJURED,PRIMARY_RAMP,SECONDARY_RAMP,LATITUDE,LONGITUDE,COUNTY,CITY,POINT_X,POINT_Y
9145241,2020,2020-11-06,3608,2020-08-27,2228,5007,CENTR,4,5,5,3608,0,0,0,NA,0,NA,ALABAMA ST,RIVER BLUFF AV,4013,NA,N,A,-,N,NA,NA,NA,NA,NA,NA,NA,NA,NA,Y,3,0,2,1,A,-,08,22107,NA,N,F,-,A,A,H,-,C,D,0,NA,NA,NA,NA,Y,Y,A,01,0,2,0,0,0,0,0,0,0,-,-,NA,NA,SAN BERNARDINO,REDLANDS,-117.208740234375,34.08692169189453
9145247,2020,2020-10-26,3608,2020-08-13,2307,4876,3608,4,5,5,3608,0,0,0,NA,0,NA,LUGONIA AV,JUDSON ST,0,NA,Y,A,-,N,NA,NA,NA,NA,NA,NA,NA,NA,NA,Y,3,0,1,2,A,-,12,21453,A,F,D,C,A,A,H,-,C,A,0,NA,NA,NA,NA,Y,NA,A,01,0,1,0,0,0,0,0,0,0,-,-,NA,NA,SAN BERNARDINO,REDLANDS,-117.15635681152344,34.070068359375
91453786,2021,2021-04-20,9860,2021-04-08,1740,019725,NA,4,2,6,3610,0,1,1,NA,2,104,I-10 W/B,TIPPECANOE AVE,200,E,N,A,-,Y,NA,NA,10,NA,NA,NA,NA,NA,W,N,4,0,1,2,A,-,03,22350,NA,N,C,C,A,A,H,-,A,D,0,NA,NA,NA,Y,Y,NA,G,25,0,0,1,0,0,0,0,0,0,-,-,34.064788818359375,-117.26046752929688,SAN BERNARDINO,SAN BERNARDINO,-117.26046752929688,34.064762115478516
91453991,2021,2021-04-20,9860,2021-04-08,1830,020533,NA,4,2,9,3600,0,3,5,NA,2,004,14TH ST,LINDEN AVE,200,E,N,A,-,N,NA,NA,NA,NA,NA,NA,NA,NA,NA,N,3,0,2,5,A,-,03,22350,NA,N,C,C,A,A,H,-,A,D,0,NA,NA,NA,NA,Y,NA,D,22,0,1,1,0,0,0,0,0,0,-,-,34.04766082763672,-117.40004730224608,SAN BERNARDINO,UNINCORPORATED,-117.40006256103516,34.04759216308594
91454851,2021,2021-04-21,9860,2021-04-08,0018,021587,NA,4,3,9,3600,0,1,1,NA,2,151,I-15 S/B,KENWOOD AVENUE,8073,N,N,A,-,Y,NA,NA,15,NA,NA,NA,NA,NA,S,Y,2,0,1,1,A,-,01,23152,A,N,E,I,A,A,H,-,D,D,0,NA,NA,NA,NA,Y,Y,A,01,1,0,0,0,0,0,0,0,0,-,-,34.25088882446289,-117.44563293457033,SAN BERNARDINO,UNINCORPORATED,-117.44564819335938,34.250858306884766
91455232,2021,2021-04-21,9855,2021-04-10,2025,018989,NA,6,2,9,3600,0,3,5,NA,2,004,GRAND AVE. E/B  (4200 BLOCK),WESLEY AVE,46,E,N,A,-,N,NA,NA,NA,NA,NA,NA,NA,NA,NA,Y,4,0,1,5,A,-,01,23152,A,N,C,E,A,A,H,-,C,D,0,NA,NA,NA,NA,Y,Y,A,07,0,0,1,0,0,0,0,0,0,-,-,34.048519134521484,-117.71317291259766,SAN BERNARDINO,UNINCORPORATED,-117.7131118774414,34.04853820800781
91456480,2021,2021-04-22,9850,2021-04-17,1340,022361,NA,6,1,9,3600,0,3,5,NA,2,005,WILSON RANCH ROAD,SOLANO ROAD,0,NA,Y,A,-,N,NA,NA,NA,NA,NA,NA,NA,NA,NA,Y,3,0,1,2,A,-,05,21752,D,N,E,I,A,A,H,-,A,D,0,NA,NA,NA,NA,Y,NA,D,22,0,1,0,0,0,0,0,0,0,-,-,34.452171325683594,-117.5214385986328,SAN BERNARDINO,UNINCORPORATED,-117.52135467529295,34.45209884643555
9145681,2020,2020-10-27,3602,2020-08-10,1215,4119,NA,1,5,5,3602,0,0,0,NA,0,001,MONTE VISTA AV,PHILADELPHIA ST,0,NA,Y,A,-,N,NA,NA,NA,NA,NA,NA,NA,NA,NA,Y,4,0,3,2,A,-,09,21801,A,N,A,C,A,A,H,-,A,A,0,NA,NA,NA,NA,Y,NA,A,01,0,0,3,0,0,0,0,0,0,-,-,34.03350067138672,-117.6981964111328,SAN BERNARDINO,CHINO,-117.69815063476563,34.03351974487305
91457146,2021,2021-04-23,9855,2021-04-13,0850,018335,NA,2,1,9,3600,0,3,5,NA,2,001,VALLEY BLVD.,REDWOOD AVE.,0,NA,Y,B,-,N,NA,NA,NA,NA,NA,NA,NA,NA,NA,Y,4,0,3,2,A,-,12,21453,A,N,D,C,A,A,H,-,A,A,0,NA,NA,NA,NA,Y,NA,-,-,0,0,3,0,0,0,0,0,0,-,-,34.07038116455078,-117.48435974121094,SAN BERNARDINO,UNINCORPORATED,-117.48430633544922,34.070194244384766
9145734,2020,2020-09-21,3600,2020-07-12,2001,D6683,RC055,7,5,6,3616,0,0,0,NA,0,RC1,CARNELIAN ST,VIVERO ST,617,S,N,A,-,N,NA,NA,NA,NA,NA,NA,NA,NA,NA,Y,2,0,1,1,A,-,03,22350,NA,N,A,I,A,A,H,-,B,A,0,NA,NA,Y,NA,Y,Y,C,02,1,0,0,0,0,0,0,0,1,-,-,NA,NA,SAN BERNARDINO,RANCHO CUCAMONGA,-117.61583709716795,34.114715576171875
91459707,2021,2021-04-27,9835,2021-04-26,0600,021824,NA,1,1,9,3600,0,1,1,NA,2,075,I-15 S/B,HALLORAN SUMMIT RD,6706,S,N,A,-,Y,NA,NA,15,NA,NA,NA,NA,NA,S,Y,2,0,1,1,A,-,08,22107,NA,N,E,I,A,A,H,-,B,D,0,NA,NA,NA,NA,Y,NA,A,01,1,0,0,0,0,0,0,0,0,-,-,35.39699935913086,-115.81410217285156,SAN BERNARDINO,UNINCORPORATED,-115.81410217285156,35.39700698852539
91460319,2021,2021-04-28,9860,2021-04-18,1220,019321,NA,7,1,9,3600,0,1,1,NA,2,152,I-15 S/B,SR-138,8976,N,N,A,-,Y,NA,NA,15,NA,NA,NA,NA,NA,S,Y,4,0,1,3,A,-,03,22350,NA,N,C,C,A,A,H,-,A,D,0,NA,NA,NA,NA,Y,NA,A,01,0,0,1,0,0,0,0,0,0,-,-,34.33414840698242,-117.48245239257813,SAN BERNARDINO,UNINCORPORATED,-117.48249053955078,34.33414840698242
91460429,2021,2021-04-28,9860,2021-04-18,0200,021363,NA,7,3,5,3608,0,1,1,NA,2,104,I-10 E/B,ALABAMA ST,1200,W,N,A,-,Y,NA,NA,10,NA,NA,NA,NA,NA,E,Y,3,0,1,1,A,-,01,23152,A,N,E,I,A,A,H,-,C,D,0,NA,NA,NA,NA,Y,Y,A,01,0,1,0,0,0,0,0,0,0,-,-,34.0665283203125,-117.2129135131836,SAN BERNARDINO,REDLANDS,-117.2129135131836,34.06648254394531
91461254,2021,2021-04-29,9860,2021-04-19,0615,019419,NA,1,1,9,3600,0,1,3,NA,1,012,SR-138,CAJON BLVD,131,E,N,A,-,Y,NA,NA,138,NA,NA,NA,NA,NA,NA,Y,4,0,2,2,A,-,09,21804,A,N,D,C,A,A,H,-,A,D,0,NA,NA,NA,NA,Y,NA,A,01,0,0,2,0,0,0,0,0,0,-,-,34.311729431152344,-117.47796630859376,SAN BERNARDINO,UNINCORPORATED,-117.47795867919922,34.31161117553711
91461419,2021,2021-04-29,9860,2021-04-14,1809,021371,NA,3,2,9,3600,0,3,5,NA,2,002,RIVERSIDE AVE,ROWAN AVE,0,NA,Y,A,-,N,NA,NA,NA,NA,NA,NA,NA,NA,NA,Y,3,0,1,2,A,-,09,21802,A,N,D,C,A,A,H,-,A,A,0,NA,NA,NA,NA,Y,NA,A,01,0,1,0,0,0,0,0,0,0,-,-,34.142459869384766,-117.37698364257813,SAN BERNARDINO,UNINCORPORATED,-117.37699127197266,34.142417907714844
91461518,2021,2021-04-29,9860,2021-04-06,0700,016800,NA,2,1,6,3610,0,1,1,NA,2,216,I-215 S/B,BASELINE ST,895,N,N,B,-,Y,NA,NA,215,NA,NA,NA,NA,NA,S,Y,3,0,1,1,A,-,16,24002,A,N,H,A,A,A,H,-,A,D,0,NA,NA,NA,Y,Y,NA,F,26,0,1,0,0,0,0,0,0,0,-,-,34.124000549316406,-117.30265045166016,SAN BERNARDINO,SAN BERNARDINO,-117.30291748046876,34.12400436401367
91463096,2021,2021-04-30,9860,2021-04-04,0252,022539,NA,7,3,9,3600,0,1,1,NA,2,151,I-15 S/B (BYPASS LANE),GLEN HELEN PKY,1056,S,N,A,-,Y,NA,NA,15,NA,NA,NA,NA,NA,S,Y,3,0,1,3,A,-,03,22350,NA,N,B,C,A,A,D,E,D,D,0,NA,NA,NA,NA,Y,NA,A,01,0,1,0,0,0,0,0,0,0,-,-,34.20048141479492,-117.41677856445313,SAN BERNARDINO,UNINCORPORATED,-117.41683959960938,34.20051193237305
91463152,2021,2021-04-30,9860,2021-04-12,1610,022103,NA,1,2,6,3604,0,1,1,NA,2,102,I-10 E/B,SIERRA AVE,4224,E,N,A,-,Y,NA,NA,10,NA,NA,NA,NA,NA,E,Y,3,0,1,2,A,-,07,21658,A,N,F,A,A,A,H,-,A,D,0,NA,NA,Y,NA,Y,NA,A,01,0,1,0,0,0,0,0,0,1,-,-,34.06739044189453,-117.42057800292967,SAN BERNARDINO,FONTANA,-117.42057800292967,34.06734848022461
91463242,2021,2021-04-30,9850,2021-04-22,2115,022510,NA,4,2,9,3600,0,2,4,NA,2,064,LONE PINE CANYON RD,E CANYON DR.,1478,E,N,A,-,N,NA,NA,NA,NA,NA,NA,NA,NA,NA,Y,3,0,1,3,A,-,01,23152,A,N,E,I,A,A,H,-,D,D,0,NA,NA,NA,NA,Y,Y,A,01,0,1,0,0,0,0,0,0,0,-,-,34.344661712646484,-117.60774230957033,SAN BERNARDINO,UNINCORPORATED,-117.608154296875,34.344844818115234
91464437,2021,2021-05-03,9835,2021-04-24,1610,022571,NA,6,2,9,3600,0,1,1,NA,2,076,I-15 S/B,CIMA RD,4118,S,N,A,-,Y,NA,NA,15,NA,NA,NA,NA,NA,S,Y,3,0,1,1,A,-,08,22107,NA,N,F,A,A,A,H,-,A,D,0,NA,NA,NA,NA,Y,NA,A,01,0,1,0,0,0,0,0,0,0,-,-,35.43986892700195,-115.68694305419922,SAN BERNARDINO,UNINCORPORATED,-115.68691253662108,35.439796447753906
9146466,2020,2020-10-17,3609,2020-08-13,1801,0456,R1073,4,5,5,3609,0,0,0,NA,0,001,LINDEN AV,BASELINE RD,435,N,N,A,-,N,NA,NA,NA,NA,NA,NA,NA,NA,NA,Y,3,0,4,3,A,-,03,22350,NA,N,C,C,A,A,H,-,A,D,0,NA,NA,NA,NA,Y,NA,A,01,0,2,2,0,0,0,0,0,0,-,-,34.113399505615234,-117.39969635009766,SAN BERNARDINO,RIALTO,-117.62242126464844,34.12276077270508
91465478,2021,2021-05-04,9835,2021-04-24,1900,021205,NA,6,2,9,3600,0,3,5,NA,2,032,RAINBOW RD,FRONTIER RD,0,NA,Y,A,-,N,NA,NA,NA,NA,NA,NA,NA,NA,NA,N,3,0,1,1,A,-,01,23152,A,N,F,A,A,A,H,-,B,D,0,NA,NA,Y,NA,Y,Y,C,02,0,1,0,0,0,0,0,0,1,-,-,34.91450119018555,-117.20671081542967,SAN BERNARDINO,UNINCORPORATED,-117.20668792724608,34.91445541381836
91467817,2021,2021-05-07,9870,2021-05-02,0733,020280,NA,7,1,9,3600,0,3,5,NA,2,003,MORONGO ROAD,POLE LINE ROAD,0,NA,Y,A,-,N,NA,NA,NA,NA,NA,NA,NA,NA,NA,Y,4,0,2,2,A,-,09,21801,A,N,D,C,A,A,H,-,A,A,0,NA,NA,NA,NA,Y,NA,A,01,0,0,2,0,0,0,0,0,0,-,-,34.22264099121094,-116.08946990966795,SAN BERNARDINO,UNINCORPORATED,-116.08940887451172,34.222652435302734
91467859,2021,2021-05-07,9860,2021-04-28,0625,014829,NA,3,1,9,3600,0,1,1,NA,2,152,I-15 N/B,OAK HILL RD,7392,S,N,A,-,Y,NA,NA,15,NA,NA,NA,NA,NA,N,Y,4,0,1,3,A,-,00,23350,NA,N,C,C,A,A,H,-,A,D,0,NA,NA,NA,NA,Y,NA,D,22,0,0,1,0,0,0,0,0,0,-,-,34.34061050415039,-117.4597396850586,SAN BERNARDINO,UNINCORPORATED,-117.459716796875,34.340476989746094
9146880,2020,2020-09-14,3611,2020-06-03,1528,3176,3611,3,5,5,3611,0,0,0,NA,0,004,7TH ST,SULTANA AV,200,E,N,A,-,N,NA,NA,NA,NA,NA,NA,NA,NA,NA,NA,3,0,1,2,A,-,08,22107,NA,N,B,E,A,A,H,-,A,D,0,NA,NA,NA,NA,Y,NA,A,08,0,1,0,0,0,0,0,0,0,-,-,NA,NA,SAN BERNARDINO,UPLAND,-117.6454849243164,34.08883285522461
9146885,2020,2020-09-14,3611,2020-06-08,1027,3143,3611,1,5,5,3611,0,0,0,NA,0,003,EUCLID AV,19TH ST,430,N,N,A,-,N,NA,NA,NA,NA,NA,NA,NA,NA,NA,Y,4,0,1,1,A,-,08,22107,NA,N,E,I,A,A,H,-,A,D,0,NA,NA,NA,NA,Y,NA,A,08,0,0,1,0,0,0,0,0,0,-,-,NA,NA,SAN BERNARDINO,UPLAND,-117.65144348144533,34.13359832763672
9147020,2020,2020-11-25,3609,2020-08-11,1119,2493,RI095,2,5,5,3609,0,0,0,NA,0,001,AYALA DR,RT 210,0,NA,Y,A,-,Y,SBD,8,210,-,-,17.16,R,4,E,Y,4,0,1,5,A,-,12,21453,A,N,C,C,A,A,H,-,A,A,0,NA,NA,NA,NA,Y,NA,A,01,0,0,1,0,0,0,0,0,0,-,EF,34.13520050048828,-117.39230346679688,SAN BERNARDINO,RIALTO,-117.39714813232422,34.1358757019043
91470774,2021,2021-05-12,9855,2021-05-01,0830,015498,NA,6,1,6,3616,0,1,1,NA,2,201,SR-210 W/B (FOOTHILL FWY),MILLIKEN AVENUE,2640,W,N,A,-,Y,NA,NA,210,NA,NA,NA,NA,NA,W,N,4,0,1,2,A,-,03,22350,NA,F,C,C,A,A,H,-,A,D,0,NA,NA,NA,NA,Y,NA,A,07,0,0,1,0,0,0,0,0,0,-,-,34.13676071166992,-117.56654357910156,SAN BERNARDINO,RANCHO CUCAMONGA,-117.56654357910156,34.136756896972656
91473958,2021,2021-05-14,9835,2021-05-09,1325,021981,NA,7,1,9,3600,0,1,1,NA,2,070,I-15 SB,OUTLET CENTER DR,5544,S,N,A,-,Y,NA,NA,15,NA,NA,NA,NA,NA,S,Y,3,0,3,3,A,-,03,22350,NA,N,C,C,A,A,H,-,A,D,0,NA,NA,NA,Y,Y,NA,A,01,0,2,1,0,0,0,0,0,0,-,-,34.799678802490234,-117.10897827148438,SAN BERNARDINO,UNINCORPORATED,-117.10906982421876,34.7997932434082
91475462,2021,2021-05-18,9855,2021-05-09,0308,021941,NA,7,3,6,3604,0,1,1,NA,2,153,I-15 N/B (ONTARIO FWY),DUNCAN CANYON RD.,4300,N,N,A,-,Y,NA,NA,15,NA,NA,NA,NA,NA,N,Y,3,0,1,2,A,-,03,22350,NA,N,C,C,A,A,H,-,C,D,0,NA,NA,NA,NA,Y,NA,A,01,0,1,0,0,0,0,0,0,0,-,-,34.17304992675781,-117.44989013671876,SAN BERNARDINO,FONTANA,-117.44987487792967,34.17302703857422
9147592,2020,2020-10-27,3600,2020-08-02,2241,I1087,AP005,7,5,5,3621,0,0,0,NA,0,AP1,APPLE VALLEY RD,QUANTICO RD,0,NA,Y,A,-,N,NA,NA,NA,NA,NA,NA,NA,NA,NA,N,4,0,1,2,-,-,-,NA,NA,N,A,B,D,A,H,-,D,D,0,Y,NA,NA,NA,Y,NA,D,22,0,0,1,0,1,0,0,0,0,-,-,NA,NA,SAN BERNARDINO,APPLE VALLEY,-117.27094268798828,34.53744125366211
9147702,2020,2020-10-21,3610,2020-08-01,1735,51245,NA,6,5,6,3610,0,0,0,NA,0,CHARLI,E 29TH ST,N SIERRA AV,0,NA,Y,A,-,N,NA,NA,NA,NA,NA,NA,NA,NA,NA,N,3,0,1,2,A,-,03,22350,NA,N,C,C,A,A,H,-,-,A,0,NA,NA,Y,NA,Y,Y,C,03,0,1,0,0,0,0,0,0,1,-,-,34.14406967163086,-117.28507995605467,SAN BERNARDINO,SAN BERNARDINO,-117.28511810302734,34.14406967163086
9147736,2020,2020-10-23,3600,2020-08-28,1900,F3800,YC301,5,5,4,3640,0,0,0,NA,0,YC3,YUCAIPA BL,5TH ST,623,E,N,A,-,N,NA,NA,NA,NA,NA,NA,NA,NA,NA,N,4,0,2,2,A,-,09,21801,A,N,B,C,A,A,H,-,B,D,0,NA,NA,NA,NA,Y,NA,A,01,0,0,2,0,0,0,0,0,0,-,-,NA,NA,SAN BERNARDINO,YUCAIPA,-117.05419158935548,34.03387451171875
91478744,2021,2021-05-21,9860,2021-05-13,2130,020572,NA,4,2,9,3600,0,3,5,NA,2,003,DEL ROSA AVE,EUREKA ST,0,NA,Y,A,-,N,NA,NA,NA,NA,NA,NA,NA,NA,NA,N,4,0,1,2,A,-,12,22450,A,N,D,C,A,A,H,-,C,A,0,NA,NA,NA,NA,Y,NA,-,-,0,0,1,0,0,0,0,0,0,-,-,34.1522102355957,-117.25241088867188,SAN BERNARDINO,UNINCORPORATED,-117.25244903564452,34.152156829833984
91479448,2021,2021-05-27,9850,2021-05-21,1705,022510,NA,5,2,9,3600,0,1,3,NA,2,052,SR-18,BALDY MESA RD,104,W,N,B,-,Y,NA,NA,18,NA,NA,NA,NA,NA,NA,Y,3,0,1,2,A,-,04,21703,NA,N,C,C,A,A,H,-,A,D,0,NA,NA,NA,NA,Y,NA,A,07,0,1,0,0,0,0,0,0,0,-,-,34.5064697265625,-117.45140075683594,SAN BERNARDINO,UNINCORPORATED,-117.45140075683594,34.506492614746094
9147987,2020,2020-09-28,3610,2020-07-18,2142,50904,NA,6,5,6,3610,0,0,0,NA,0,BAKER,W 40TH ST,N E ST,200,E,N,A,-,N,NA,NA,NA,NA,NA,NA,NA,NA,NA,Y,3,0,1,2,A,-,09,21801,B,N,D,C,A,A,H,-,E,B,0,NA,NA,Y,NA,Y,NA,A,01,0,1,0,0,0,0,0,0,1,-,-,34.16463851928711,-117.29946136474608,SAN BERNARDINO,SAN BERNARDINO,-117.2998275756836,34.16461944580078
9147988,2020,2020-09-28,3610,2020-07-16,1337,50639,NA,4,5,6,3610,0,0,0,NA,0,BAKER,N UNIVERSITY PKWY,W COLLEGE AV,150,S,N,A,-,N,NA,NA,NA,NA,NA,NA,NA,NA,NA,Y,4,0,2,2,A,-,12,21453,A,N,D,C,A,-,H,-,A,A,0,NA,NA,NA,NA,Y,NA,A,01,0,0,2,0,0,0,0,0,0,-,-,34.16754150390625,-117.33238220214844,SAN BERNARDINO,SAN BERNARDINO,-117.3335189819336,34.17059326171875
91480829,2020,2021-05-25,9860,2020-10-25,0155,021229,NA,7,3,5,3609,0,1,1,NA,2,201,STATE ROUTE 210 E/B FROM ALDER AVENUE,ALDER AVENUE,1361,E,N,B,-,Y,NA,NA,210,NA,NA,NA,R,NA,E,Y,1,1,1,2,A,-,11,21956,NA,N,G,B,E,A,H,-,C,D,0,Y,NA,NA,NA,Y,Y,N,60,1,0,0,1,0,0,0,0,0,-,-,34.136131286621094,-117.41387939453124,SAN BERNARDINO,RIALTO,-117.41387939453124,34.136131286621094
9148195,2020,2020-10-21,3610,2020-08-08,0910,51264,NA,6,5,6,3610,0,0,0,NA,0,DAVID,E HOSPITALITY LN,S TIPPECANOE AV,0,NA,Y,A,-,N,NA,NA,NA,NA,NA,NA,NA,NA,NA,Y,4,0,1,2,A,-,12,21453,A,N,D,C,A,A,H,-,A,A,0,NA,NA,NA,NA,Y,NA,A,01,0,0,1,0,0,0,0,0,0,-,-,34.069000244140625,-117.26119995117188,SAN BERNARDINO,SAN BERNARDINO,-117.26130676269533,34.06903076171875
91483450,2021,2021-05-27,9855,2021-05-17,2340,018000,NA,1,3,6,3607,0,1,3,NA,2,601,SR-60 W/B (POMONA FWY),HAVEN AVE.,520,E,N,A,-,Y,NA,NA,60,NA,NA,NA,NA,NA,W,Y,4,0,1,2,A,-,03,22350,NA,N,C,C,A,A,D,E,C,D,0,NA,NA,NA,Y,Y,NA,A,01,0,0,1,0,0,0,0,0,0,-,-,34.02854919433594,-117.57392120361328,SAN BERNARDINO,ONTARIO,-117.57392120361328,34.02854919433594
91485112,2021,2021-05-28,9850,2021-05-22,1607,022256,NA,6,2,9,3600,0,1,1,NA,2,083,I-15 NORTHBOUND,D STREET,45,S,N,A,-,Y,NA,NA,NA,NA,NA,NA,NA,NA,NA,Y,4,0,1,2,A,-,07,21658,A,N,C,C,A,A,H,-,A,D,0,NA,NA,NA,NA,Y,NA,A,01,0,0,1,0,0,0,0,0,0,-,-,34.54494094848633,-117.30078887939452,SAN BERNARDINO,UNINCORPORATED,-117.30070495605467,34.54527282714844
91486379,2021,2021-06-01,9860,2021-05-21,1745,020533,NA,5,2,9,3600,0,1,1,NA,2,102,I-10 E/B,CEDAR AVE,2640,E,N,A,-,Y,NA,NA,10,NA,NA,NA,NA,NA,E,N,4,0,1,2,A,-,07,21658,A,N,B,C,A,A,H,-,A,D,0,NA,NA,Y,NA,Y,NA,A,08,0,0,1,0,0,0,0,0,1,-,-,34.068180084228516,-117.38722229003906,SAN BERNARDINO,UNINCORPORATED,-117.38722229003906,34.068153381347656
91486652,2021,2021-06-01,9865,2021-05-09,2338,021722,NA,7,3,9,3600,0,1,3,NA,1,010,SR-18,MORMON SPRINGS ROAD,528,S,N,A,-,Y,NA,NA,18,NA,NA,NA,NA,NA,NA,Y,3,0,1,1,A,-,08,22107,NA,N,F,A,A,A,H,-,C,D,0,NA,NA,NA,NA,Y,NA,E,23,0,1,0,0,0,0,0,0,0,-,-,34.232521057128906,-117.2954330444336,SAN BERNARDINO,UNINCORPORATED,-117.29535675048828,34.232418060302734
91487520,2021,2021-06-02,9835,2021-05-27,0517,019989,NA,4,3,9,3600,0,1,1,NA,2,075,I-15 N/B,HALLORAN SPRINGS RD,27509,S,N,A,-,Y,NA,NA,15,NA,NA,NA,NA,NA,N,Y,2,0,2,3,A,-,03,22350,NA,N,C,E,E,A,H,-,D,D,0,Y,NA,NA,Y,Y,NA,G,25,1,1,0,0,1,0,0,0,0,-,-,35.3119010925293,-116.00125885009766,SAN BERNARDINO,UNINCORPORATED,-116.00127410888672,35.311920166015625
91487600,2021,2021-06-02,9860,2021-05-06,1533,019725,NA,4,2,9,3600,0,1,1,NA,2,102,I-10 W/B TO SIERRA AVENUE,SIERRA AVE,1584,E,N,A,-,Y,NA,NA,NA,NA,NA,NA,NA,NA,NA,N,4,0,4,2,A,-,21,22106,NA,N,C,C,A,A,H,-,A,D,0,NA,NA,NA,NA,Y,NA,A,01,0,0,4,0,0,0,0,0,0,-,-,34.06745147705078,-117.4308624267578,SAN BERNARDINO,UNINCORPORATED,-117.43053436279295,34.06736755371094
91487875,2021,2021-06-02,9860,2021-05-24,1154,019419,NA,1,1,4,3603,0,1,1,NA,2,214,I-215 N/B,NEWPORT AVE.,1795,N,N,A,-,Y,NA,NA,215,NA,NA,NA,NA,NA,N,N,3,0,1,1,A,-,08,22107,NA,N,E,I,A,A,H,-,A,D,0,NA,NA,NA,NA,Y,NA,A,01,0,1,0,0,0,0,0,0,0,-,-,34.0423698425293,-117.31497192382813,SAN BERNARDINO,COLTON,-117.31495666503906,34.042354583740234
9148855,2020,2020-09-18,3600,2020-07-13,1844,H8251,VC024,1,5,5,3612,0,0,0,NA,0,VC03,FIRST AV,WINONA ST,0,NA,Y,A,-,N,NA,NA,NA,NA,NA,NA,NA,NA,NA,Y,4,0,2,2,A,-,12,22450,A,N,F,C,A,A,H,-,A,A,0,NA,NA,NA,NA,Y,NA,A,08,0,0,2,0,0,0,0,0,0,-,-,NA,NA,SAN BERNARDINO,VICTORVILLE,-117.29583740234376,34.48912048339844
91488610,2021,2021-06-03,9855,2021-05-23,1535,020046,NA,7,2,6,3607,0,1,1,NA,2,101,I-10 E/B (SAN BERNARDINO FWY),MILLIKEN AVE.,100,W,N,A,-,Y,NA,NA,10,NA,NA,NA,NA,NA,E,Y,4,0,1,3,A,-,03,22350,NA,N,C,C,A,A,D,-,A,D,0,NA,NA,NA,NA,Y,NA,A,01,0,0,1,0,0,0,0,0,0,-,-,34.06734085083008,-117.5588607788086,SAN BERNARDINO,ONTARIO,-117.5588607788086,34.067378997802734
91490277,2021,2021-06-07,9860,2021-05-16,0250,021375,NA,7,3,3,3690,0,1,1,NA,2,214,I-215 S/B,BARTON RD.,1000,N,N,A,-,Y,NA,NA,215,NA,NA,NA,NA,NA,S,Y,4,0,2,3,A,-,01,23152,NA,N,C,C,A,A,H,-,C,D,0,NA,NA,NA,NA,Y,Y,A,07,0,0,2,0,0,0,0,0,0,-,-,34.03586959838867,-117.3227767944336,SAN BERNARDINO,GRAND TERRACE,-117.32282257080078,34.03591537475586
91490561,2021,2021-06-07,9860,2021-05-20,1745,020426,NA,4,2,9,3600,0,1,1,NA,2,104,I-10 W/B,RICHARD STREET,200,W,N,A,-,Y,NA,NA,NA,NA,NA,NA,NA,NA,NA,Y,4,0,2,3,A,-,03,22350,NA,N,C,C,A,A,H,-,A,D,0,NA,NA,NA,NA,Y,NA,A,01,0,0,2,0,0,0,0,0,0,-,-,34.06644821166992,-117.2531509399414,SAN BERNARDINO,UNINCORPORATED,NA,NA