CASE_ID,ACCIDENT_YEAR,PROC_DATE,JURIS,COLLISION_DATE,COLLISION_TIME,OFFICER_ID,REPORTING_DISTRICT,DAY_OF_WEEK,CHP_SHIFT,POPULATION,CNTY_CITY_LOC,SPECIAL_COND,BEAT_TYPE,CHP_BEAT_TYPE,CITY_DIVISION_LAPD,CHP_BEAT_CLASS,BEAT_NUMBER,PRIMARY_RD,SECONDARY_RD,DISTANCE,DIRECTION,INTERSECTION,WEATHER_1,WEATHER_2,STATE_HWY_IND,CALTRANS_COUNTY,CALTRANS_DISTRICT,STATE_ROUTE,ROUTE_SUFFIX,POSTMILE_PREFIX,POSTMILE,LOCATION_TYPE,RAMP_INTERSECTION,SIDE_OF_HWY,TOW_AWAY,COLLISION_SEVERITY,NUMBER_KILLED,NUMBER_INJURED,PARTY_COUNT,PRIMARY_COLL_FACTOR,PCF_CODE_OF_VIOL,PCF_VIOL_CATEGORY,PCF_VIOLATION,PCF_VIOL_SUBSECTION,HIT_AND_RUN,TYPE_OF_COLLISION,MVIW,PED_ACTION,ROAD_SURFACE,ROAD_COND_1,ROAD_COND_2,LIGHTING,CONTROL_DEVICE,CHP_ROAD_TYPE,PEDESTRIAN_ACCIDENT,BICYCLE_ACCIDENT,MOTORCYCLE_ACCIDENT,TRUCK_ACCIDENT,NOT_PRIVATE_PROPERTY,ALCOHOL_INVOLVED,STWD_VEHTYPE_AT_FAULT,CHP_VEHTYPE_AT_FAULT,COUNT_SEVERE_INJ,COUNT_VISIBLE_INJ,COUNT_COMPLAINT_PAIN,COUNT_PED_KILLED,COUNT_PED_INJURED,COUNT_BICYCLIST_KILLED,COUNT_BICYCLIST_INJURED,COUNT_MC_KILLED,COUNT_MC_INJURED,PRIMARY_RAMP,SECONDARY_RAMP,LATITUDE,LONGITUDE,COUNTY,CITY,POINT_X,POINT_Y
92022767,2023,2023-03-20,9834,2023-03-12,1752,020845,NA,7,2,9,3600,0,3,5,NA,2,002,FIVE MILE RD.,I-40,2640,S,N,A,-,N,NA,NA,NA,NA,NA,NA,NA,NA,NA,N,2,0,2,1,A,-,03,22350,NA,N,F,A,A,A,H,-,A,D,0,NA,NA,Y,NA,Y,NA,C,02,1,0,1,0,0,0,0,0,2,-,-,34.75952911376953,-114.58397674560548,SAN BERNARDINO,UNINCORPORATED,-114.57628631591795,34.76171875
92024852,2023,2023-03-22,9860,2023-03-17,305,022248,NA,5,3,6,3610,0,1,1,NA,2,201,SR-210 E/B,STATE ST,1460,E,N,A,-,Y,SBD,NA,210,NA,NA,21.007,H,NA,R,Y,3,0,1,2,A,-,01,23152,A,N,C,C,A,A,H,-,C,D,0,NA,NA,NA,Y,Y,Y,A,01,0,1,0,0,0,0,0,0,0,-,-,34.13534927368164,-117.3303680419922,SAN BERNARDINO,SAN BERNARDINO,-117.33039855957033,34.135398864746094
92032010,2023,2023-03-29,9855,2023-02-19,509,020963,NA,7,3,6,3604,0,1,1,NA,2,153,INTERSTATE 15 S/B,BEECH AVENUE,1380,S,N,A,-,Y,SBD,NA,15,NA,NA,9.309,H,NA,L,Y,4,0,1,2,A,-,03,22350,NA,F,C,C,A,A,H,-,D,D,0,NA,NA,NA,NA,Y,NA,-,99,0,0,1,0,0,0,0,0,0,-,-,34.1475715637207,-117.48282623291016,SAN BERNARDINO,FONTANA,-117.48275756835938,34.14751052856445
92036663,2023,2023-04-04,9850,2023-03-24,505,021205,NA,5,3,9,3600,0,2,4,NA,2,066,PHELAN RD,WHITE RD,47,E,N,A,-,N,NA,NA,NA,NA,NA,NA,NA,NA,NA,Y,2,0,2,3,A,-,03,22350,NA,N,C,C,A,A,H,-,D,D,0,NA,NA,NA,NA,Y,NA,A,01,2,0,0,0,0,0,0,0,0,-,-,34.42646026611328,-117.46820831298828,SAN BERNARDINO,UNINCORPORATED,-117.46851348876952,34.42647933959961
92038393,2023,2023-04-06,9855,2023-03-25,2315,022450,NA,6,3,6,3616,0,1,1,NA,2,201,SR-210 E/B (FOOTHILL FWY),EAST AVE.,2200,E,N,A,-,Y,SBD,NA,210,NA,NA,10.85,H,NA,R,Y,2,0,1,1,A,-,01,23152,A,N,E,I,A,A,H,-,D,D,0,NA,NA,NA,NA,Y,Y,A,01,1,0,0,0,0,0,0,0,0,-,-,34.1361198425293,-117.50723266601563,SAN BERNARDINO,RANCHO CUCAMONGA,-117.50723266601563,34.13618469238281
92040740,2023,2023-04-10,9865,2023-03-25,1720,021587,NA,6,2,9,3600,0,1,3,NA,1,039,SR-38,MPM 34.27,300,E,N,A,-,Y,SBD,NA,38,NA,NA,34.324,H,NA,R,Y,3,0,1,1,C,-,18,NA,NA,N,E,J,A,A,H,-,A,D,0,NA,NA,NA,NA,Y,NA,-,-,0,1,0,0,0,0,0,0,0,-,-,34.16783142089844,-116.77530670166016,SAN BERNARDINO,UNINCORPORATED,-116.77531433105467,34.16780090332031
92044416,2023,2023-04-13,9850,2023-04-04,1740,020572,NA,2,2,9,3600,0,3,5,NA,2,002,SUMMIT VALLEY RD,SR-138,5280,N,N,A,-,Y,NA,NA,NA,NA,NA,NA,NA,NA,NA,N,3,0,3,3,A,-,08,22107,NA,N,B,C,A,A,H,-,D,D,0,NA,NA,NA,NA,Y,NA,A,01,0,2,1,0,0,0,0,0,0,-,-,34.338951110839844,-117.39903259277344,SAN BERNARDINO,UNINCORPORATED,-117.39861297607422,34.336753845214844
92046534,2023,2023-04-17,9855,2023-04-08,1730,022474,NA,6,2,6,3607,0,1,1,NA,2,103,INTERSTATE 10 E/B (SAN BERNARDINO FWY),4TH STREET,1150,W,N,A,-,Y,SBD,NA,10,NA,NA,4.993,H,NA,R,N,4,0,1,2,A,-,03,22350,NA,N,C,C,A,A,D,-,A,D,0,NA,NA,NA,NA,Y,NA,D,22,0,0,1,0,0,0,0,0,0,-,-,34.07963943481445,-117.62718963623048,SAN BERNARDINO,ONTARIO,-117.62715911865234,34.079673767089844
92049546,2023,2023-04-20,9855,2023-04-14,2040,021006,NA,5,2,6,3616,0,1,1,NA,2,101,I-10 E/B (SAN BERNARDINO FWY) TO I-15 N/B,MILLIKEN AVE.,1600,E,N,B,-,Y,SBD,NA,10,NA,NA,9.487,H,NA,R,N,4,0,1,2,A,-,03,22350,NA,N,C,C,A,A,H,-,C,D,0,NA,NA,NA,NA,Y,NA,A,07,0,0,1,0,0,0,0,0,0,-,-,34.06718063354492,-117.5527801513672,SAN BERNARDINO,RANCHO CUCAMONGA,-117.5527801513672,34.06734085083008
92050312,2023,2023-04-21,9860,2023-04-11,605,021149,NA,2,1,6,3610,0,1,1,NA,2,214,I-215 S/B,INLAND CENTER DR,528,N,N,A,-,Y,SBD,NA,215,NA,NA,5.727,H,NA,L,Y,4,0,1,2,A,-,08,22107,NA,N,B,C,A,A,H,-,A,D,0,NA,NA,NA,Y,Y,NA,A,07,0,0,1,0,0,0,0,0,0,-,-,34.08721160888672,-117.302001953125,SAN BERNARDINO,SAN BERNARDINO,-117.30191802978516,34.08721923828125
92050500,2023,2023-04-21,9860,2023-01-01,120,022736,NA,7,3,5,3609,0,1,1,NA,2,201,SR-210 W/B,PEPPER AVE,16,E,N,B,C,Y,SBD,NA,210,NA,NA,19.731,H,NA,L,Y,2,0,1,1,A,-,08,22107,NA,N,E,8,A,B,H,-,C,D,0,NA,NA,NA,NA,Y,NA,A,01,1,0,0,0,0,0,0,0,0,-,-,34.134578704833984,-117.35254669189452,SAN BERNARDINO,RIALTO,-117.35255432128906,34.134483337402344
92050989,2023,2023-04-24,9860,2023-04-13,820,020654,NA,4,1,6,3610,0,1,1,NA,2,214,I-215 N/B,AUTO CENTER DR.,150,S,N,B,C,Y,SBD,NA,215,NA,NA,4.903,H,NA,R,N,4,0,1,2,A,-,03,22350,NA,N,E,I,A,B,H,-,A,D,0,NA,NA,NA,NA,Y,NA,A,08,0,0,1,0,0,0,0,0,0,-,-,34.07646942138672,-117.29570770263672,SAN BERNARDINO,SAN BERNARDINO,-117.29563903808594,34.07648468017578
92052019,2023,2023-04-24,9835,2023-04-17,1558,022794,NA,1,2,9,3600,0,1,1,NA,2,070,NORTHBOUND I-15,HODGE ROAD,1795,S,N,A,-,Y,SBD,NA,15,NA,NA,59.817,H,NA,R,Y,3,0,1,1,A,-,08,22107,NA,N,E,I,A,A,H,-,A,A,0,NA,NA,Y,NA,Y,NA,C,02,0,1,0,0,0,0,0,0,1,-,-,34.74897003173828,-117.16993713378906,SAN BERNARDINO,UNINCORPORATED,-117.1700439453125,34.7490348815918
9205232,2020,2021-02-10,3603,2020-12-25,0257,4011,CPD,5,5,4,3603,0,0,0,NA,0,003,AGUA MANSA RD,MIGUEL BUSTAMANTE PKWY,250,W,N,A,-,N,NA,NA,NA,NA,NA,NA,NA,NA,NA,Y,4,0,1,2,A,-,05,21650,NA,N,C,C,A,A,H,-,C,D,0,NA,NA,NA,Y,Y,NA,A,07,0,0,1,0,0,0,0,0,0,-,-,NA,NA,SAN BERNARDINO,COLTON,-117.36334228515624,34.0417366027832
92053163,2023,2023-04-25,9855,2023-04-18,1605,021156,NA,2,2,6,3604,0,1,1,NA,2,101,I-10 E/B (SAN BERNARDINO FWY),CHERRY AVE.,3696,W,N,A,-,Y,SBD,NA,10,NA,NA,12.571,H,NA,R,N,4,0,2,3,A,-,03,22350,NA,N,C,2,A,A,D,-,A,D,0,NA,NA,NA,Y,Y,NA,A,01,0,0,2,0,0,0,0,0,0,-,-,34.06541061401367,-117.4992218017578,SAN BERNARDINO,FONTANA,-117.4992218017578,34.06553649902344
9205351,2020,2021-02-19,3610,2020-12-01,0729,51264,NA,2,5,6,3610,0,0,0,NA,0,POLICE,W 27TH ST,N MIRAMONTE DR,0,NA,Y,A,-,N,NA,NA,NA,NA,NA,NA,NA,NA,NA,Y,4,0,2,2,A,-,03,22350,NA,N,C,C,A,A,H,-,A,A,0,NA,NA,NA,NA,Y,Y,A,01,0,0,2,0,0,0,0,0,0,-,-,34.146141052246094,-117.30780792236328,SAN BERNARDINO,SAN BERNARDINO,-117.31381988525392,34.140708923339844
9205383,2020,2021-02-01,3609,2020-11-22,1255,3198,RI193,7,5,5,3609,0,0,0,NA,0,004,RIVERSIDE AV,VALLEY BL,0,NA,Y,A,-,N,NA,NA,NA,NA,NA,NA,NA,NA,NA,Y,3,0,4,4,A,-,12,21453,A,N,D,C,A,A,H,-,A,A,0,NA,NA,NA,NA,Y,NA,A,01,0,1,3,0,0,0,0,0,0,-,-,34.070499420166016,-117.37020111083984,SAN BERNARDINO,RIALTO,-117.37039184570313,34.07051086425781
92054594,2023,2023-04-27,9860,2023-04-25,2000,022439,NA,2,2,5,3608,0,1,1,NA,2,105,I-10 E/B,UNIVERSITY ST,1500,W,N,A,-,Y,SBD,NA,10,NA,NA,31.558,H,NA,R,Y,4,0,2,2,A,-,08,22107,NA,N,C,E,A,A,H,-,C,D,0,NA,NA,NA,NA,Y,NA,A,08,0,0,2,0,0,0,0,0,0,-,-,34.0589485168457,-117.17212677001952,SAN BERNARDINO,REDLANDS,-117.17211151123048,34.058982849121094
92054691,2023,2023-04-27,9860,2023-04-24,2208,022539,NA,1,3,6,3610,0,1,1,NA,2,202,SR-210 E/B,WATERMAN AVENUE,528,E,N,A,-,Y,SBD,NA,210,NA,R,24.338,H,NA,R,Y,4,0,2,3,A,-,07,21658,A,N,C,C,A,A,H,-,C,D,0,NA,NA,NA,NA,Y,NA,A,01,0,0,2,0,0,0,0,0,0,-,-,34.14493942260742,-117.27655029296876,SAN BERNARDINO,SAN BERNARDINO,-117.27655029296876,34.14494323730469
92054736,2023,2023-04-27,9855,2023-04-20,137,022865,NA,4,3,6,3604,0,1,1,NA,2,201,SR-210 W/B (FOOTHILL FWY),BEECH AVE.,400,E,N,A,-,Y,SBD,NA,210,NA,NA,13.483,H,NA,L,Y,4,0,1,2,A,-,03,22350,NA,N,C,C,A,A,H,-,C,D,0,NA,NA,NA,Y,Y,NA,A,01,0,0,1,0,0,0,0,0,0,-,-,34.136688232421875,-117.46131896972656,SAN BERNARDINO,FONTANA,-117.46131896972656,34.13663864135742
92054751,2023,2023-04-27,9855,2023-04-20,2045,023010,NA,4,2,6,3604,0,3,5,NA,2,001,CHERRY AVE.,WHITTRAM AVE.,150,S,N,A,-,N,NA,NA,NA,NA,NA,NA,NA,NA,NA,N,4,0,1,2,A,-,03,22350,NA,F,C,C,A,A,H,-,C,D,0,NA,NA,NA,NA,Y,NA,-,99,0,0,1,0,0,0,0,0,0,-,-,34.095489501953125,-117.48886108398438,SAN BERNARDINO,FONTANA,-117.48888397216795,34.09532928466797
92054879,2023,2023-04-27,9855,2023-04-20,719,014637,NA,4,1,6,3607,0,1,1,NA,2,101,I-10 E/B (SAN BERNARDINO FWY),MILLIKEN AVE,750,E,N,A,-,Y,SBD,NA,10,NA,NA,9.36,H,NA,R,Y,3,0,1,3,A,-,03,22350,NA,N,C,C,A,A,H,-,A,D,0,NA,NA,NA,NA,Y,NA,D,22,0,1,0,0,0,0,0,0,0,-,-,34.06713104248047,-117.55500030517578,SAN BERNARDINO,ONTARIO,-117.55500030517578,34.06735610961914
92056096,2023,2023-06-12,9860,2023-04-15,2247,022890,NA,6,3,9,3600,0,1,1,NA,2,152,I-15 N/B,OAK HILL RD,5280,S,N,A,-,Y,SBD,NA,15,NA,R,25.782,H,NA,R,N,4,0,1,3,A,-,03,22350,NA,F,C,C,A,A,H,-,C,D,0,NA,NA,NA,NA,Y,NA,A,07,0,0,1,0,0,0,0,0,0,-,-,34.34897994995117,-117.44014739990234,SAN BERNARDINO,UNINCORPORATED,-117.44027709960938,34.349056243896484
92058572,2023,2023-05-01,9855,2023-04-19,915,018335,NA,3,1,9,3600,0,3,5,NA,2,004,RIVERSIDE DRIVE,TOWNE AVENUE,0,NA,Y,A,-,N,NA,NA,NA,NA,NA,NA,NA,NA,NA,N,4,0,1,2,A,-,09,21801,A,N,D,C,A,A,H,-,A,A,0,NA,NA,NA,NA,Y,NA,A,08,0,0,1,0,0,0,0,0,0,-,-,34.01913070678711,-117.73993682861328,SAN BERNARDINO,UNINCORPORATED,-117.74010467529295,34.01902770996094
92059304,2023,2023-05-02,9855,2023-04-26,938,015461,NA,3,1,6,3604,0,1,1,NA,2,101,I-10 E/B (SAN BERNARDINO FWY),CHERRY AVE.,2668,W,N,A,-,Y,SBD,NA,10,NA,NA,12.636,H,NA,R,Y,3,0,2,3,A,-,03,22350,NA,N,C,C,A,A,H,-,A,D,0,NA,NA,NA,Y,Y,NA,G,25,0,1,1,0,0,0,0,0,0,-,-,34.0654411315918,-117.4980926513672,SAN BERNARDINO,FONTANA,-117.4980926513672,34.0655632019043
92061354,2023,2023-05-04,9865,2023-04-27,1654,021892,NA,4,2,9,3600,0,1,3,NA,1,034,RT 18,HOLCOMB VALLEY RD,2200,S,N,A,-,Y,SBD,NA,18,NA,NA,57.726,H,NA,R,N,3,0,1,1,A,-,03,22350,NA,N,F,A,A,A,H,-,A,D,0,NA,NA,Y,NA,Y,NA,C,02,0,1,0,0,0,0,0,0,1,-,-,34.290889739990234,-116.82003021240234,SAN BERNARDINO,UNINCORPORATED,-116.82006072998048,34.290897369384766
92062191,2023,2023-05-05,9855,2023-04-27,828,014637,NA,4,1,6,3616,0,1,1,NA,2,153,I-15 S/B (ONTARIO FWY),BASELINE RD.,500,N,N,A,-,Y,SBD,NA,15,NA,NA,6.91,H,NA,L,N,4,0,1,2,A,-,03,22350,NA,N,C,C,A,A,H,-,A,D,0,NA,NA,NA,Y,Y,NA,G,25,0,0,1,0,0,0,0,0,0,-,-,34.12294006347656,-117.51258850097656,SAN BERNARDINO,RANCHO CUCAMONGA,-117.5124969482422,34.12286376953125
92062993,2023,2023-05-08,9860,2023-04-29,450,022890,NA,6,3,6,3610,0,3,5,NA,2,002,BASELINE ST,DWIGHT WAY,0,NA,Y,A,-,N,NA,NA,NA,NA,NA,NA,NA,NA,NA,N,4,0,1,3,A,-,09,21802,A,F,B,C,A,A,H,-,C,A,0,NA,NA,NA,NA,Y,NA,-,99,0,0,1,0,0,0,0,0,0,-,-,34.12139892578125,-117.25601959228516,SAN BERNARDINO,SAN BERNARDINO,-117.25596618652344,34.12131118774414
92064619,2023,2023-05-09,9855,2023-04-25,1257,017704,NA,2,1,6,3607,0,1,1,NA,2,103,I-10 E/B (SAN BERNARDINO FWY),SAN ANTONIO AVE.,45,E,N,A,-,Y,SBD,NA,10,NA,NA,2.927,H,NA,R,Y,3,0,5,3,A,-,03,22350,NA,N,C,C,A,A,D,-,A,D,0,NA,NA,NA,Y,Y,NA,G,27,0,2,3,0,0,0,0,0,0,-,-,34.087181091308594,-117.66058349609376,SAN BERNARDINO,ONTARIO,-117.66058349609376,34.08723831176758
92065110,2023,2023-05-09,9860,2023-04-30,246,023041,NA,7,3,6,3604,0,1,1,NA,2,102,I-10 W/B,SIERRA AVE,288,E,N,A,-,Y,SBD,NA,10,NA,NA,16.287,H,NA,L,Y,4,0,1,2,A,-,03,22350,NA,N,D,C,A,A,H,-,C,D,0,NA,NA,NA,NA,Y,NA,A,01,0,0,1,0,0,0,0,0,0,-,-,34.06740951538086,-117.43453979492188,SAN BERNARDINO,FONTANA,-117.43453979492188,34.06745147705078
92065655,2023,2023-05-10,9865,2023-05-05,650,017407,NA,5,1,9,3600,0,1,3,NA,2,014,STATE ROUTE 138,CLEGHORN RD,2112,W,N,B,-,Y,SBD,NA,138,NA,R,26.042,H,NA,R,Y,3,0,3,2,A,-,09,21801,A,N,D,C,A,A,H,-,A,D,0,NA,NA,NA,NA,Y,NA,A,01,0,2,1,0,0,0,0,0,0,-,-,34.29066848754883,-117.34835052490234,SAN BERNARDINO,UNINCORPORATED,-117.34840393066406,34.290740966796875
92065991,2023,2023-05-10,9855,2023-04-29,225,018000,NA,6,3,6,3604,0,1,1,NA,2,101,I-10 W/B (SAN BERNARDINO FWY),CHERRY AVE.,58,W,N,A,-,Y,SBD,NA,10,NA,NA,13.139,H,NA,L,Y,3,0,1,1,A,-,01,23152,A,N,E,I,A,A,H,-,C,D,0,NA,NA,NA,NA,Y,Y,A,01,0,1,0,0,0,0,0,0,0,-,-,34.06629180908203,-117.4893798828125,SAN BERNARDINO,FONTANA,-117.48937225341795,34.06619644165039
92066720,2023,2023-05-11,9860,2023-04-23,324,022393,NA,7,3,6,3610,0,1,1,NA,2,216,I-215 N/B,UNIVERSITY ST,2534,S,N,A,-,Y,SBD,NA,215,NA,NA,11.156,H,NA,R,Y,4,0,1,2,A,-,03,22350,NA,N,D,C,A,A,H,-,D,D,0,NA,NA,NA,NA,Y,NA,A,01,0,0,1,0,0,0,0,0,0,-,-,34.15871810913086,-117.32823944091795,SAN BERNARDINO,SAN BERNARDINO,-117.32819366455078,34.15874481201172
9206863,2020,2021-01-23,3608,2020-11-17,0936,3675,NA,2,5,5,3608,0,0,0,NA,0,NA,ORANGE ST,STATE ST,0,NA,Y,A,-,N,NA,NA,NA,NA,NA,NA,NA,NA,NA,Y,4,0,2,2,A,-,12,21453,A,N,D,C,A,A,H,-,A,A,0,NA,NA,NA,NA,Y,NA,A,01,0,0,2,0,0,0,0,0,0,-,-,NA,NA,SAN BERNARDINO,REDLANDS,-117.18258666992188,34.05643081665039
92068904,2023,2023-05-15,9855,2023-05-08,1540,022474,NA,1,2,6,3607,0,1,1,NA,2,103,I-10 W/B TO VINEYARD AVENUE,VINEYARD AVE.,1100,E,N,A,-,Y,SBD,NA,10,NA,NA,6.311,H,NA,L,N,3,0,1,1,A,-,08,22107,NA,N,E,I,A,A,D,-,A,D,0,NA,NA,NA,NA,Y,NA,A,01,0,1,0,0,0,0,0,0,0,-,-,34.06953048706055,-117.60774230957033,SAN BERNARDINO,ONTARIO,-117.60779571533205,34.06940841674805
92069231,2023,2023-05-15,9855,2023-05-09,1520,021156,NA,2,2,6,3607,0,1,1,NA,2,103,I-10 E/B (SAN BERNARDINO FWY),VINEYARD AVE.,1900,W,N,A,-,Y,SBD,NA,10,NA,NA,5.748,H,NA,R,N,4,0,1,4,A,-,03,22350,NA,F,C,C,A,A,D,-,A,D,0,NA,NA,NA,NA,Y,NA,-,99,0,0,1,0,0,0,0,0,0,-,-,34.07352828979492,-117.61627197265624,SAN BERNARDINO,ONTARIO,-117.61631774902344,34.07347106933594
9207000,2020,2021-02-18,3600,2020-12-16,2305,D8573,HE128,3,5,5,3619,0,0,0,NA,0,005,MAPLE AV,WILLOW ST,0,NA,Y,A,-,N,NA,NA,NA,NA,NA,NA,NA,NA,NA,Y,2,0,3,2,A,-,01,23153,B,N,D,C,A,A,H,-,D,D,0,NA,NA,NA,NA,Y,Y,A,07,1,0,2,0,0,0,0,0,0,-,-,NA,NA,SAN BERNARDINO,HESPERIA,-117.34654235839844,34.43471908569336
92070047,2023,2023-05-16,9850,2023-05-05,2320,022148,NA,5,3,9,3600,0,2,4,NA,2,066,PHELAN RD,MALPASO RD,0,NA,Y,A,-,N,NA,NA,NA,NA,NA,NA,NA,NA,NA,N,2,0,1,2,A,-,11,21956,A,N,G,B,D,A,H,-,D,D,0,Y,NA,NA,NA,Y,NA,N,60,1,0,0,0,1,0,0,0,0,-,-,34.42639923095703,-117.5770263671875,SAN BERNARDINO,UNINCORPORATED,-117.57691192626952,34.42633056640625
92074253,2023,2023-05-22,9850,2023-05-17,35,022148,NA,3,3,5,3619,0,1,1,NA,2,082,I-15 N/B,BEAR VALLEY RD,7022,S,N,A,-,Y,SBD,NA,15,NA,NA,36.259,H,NA,R,Y,3,0,1,1,A,-,08,22107,NA,F,F,I,A,A,D,-,D,D,0,NA,NA,NA,NA,Y,NA,A,07,0,1,0,0,0,0,0,0,0,-,-,34.4541015625,-117.35862731933594,SAN BERNARDINO,HESPERIA,-117.3587646484375,34.45417022705078
92074608,2023,2023-05-22,9835,2023-05-21,1717,022428,NA,7,2,9,3600,0,3,5,NA,2,037,AMBOY RD,NATIONAL TRAILS HWY,83,S,N,A,-,N,NA,NA,NA,NA,NA,NA,NA,NA,NA,Y,4,0,1,2,A,-,03,22350,NA,N,C,C,A,A,H,-,A,D,0,NA,NA,NA,NA,Y,NA,A,01,0,0,1,0,0,0,0,0,0,-,-,34.555179595947266,-115.75640869140624,SAN BERNARDINO,UNINCORPORATED,-115.75633239746094,34.555206298828125
9207539,2021,2021-03-11,3602,2021-01-05,0549,3079,126,2,5,5,3602,0,0,0,NA,0,003,MERRILL AV,EUCLID AV,443,E,N,E,-,N,NA,NA,NA,NA,NA,NA,NA,NA,NA,N,3,0,1,2,A,-,21,22106,NA,N,C,C,A,A,H,-,D,A,0,NA,NA,NA,Y,Y,NA,F,27,0,1,0,0,0,0,0,0,0,-,-,33.983001708984375,-117.64910125732422,SAN BERNARDINO,CHINO,-117.64918518066406,33.983055114746094
92076082,2023,2023-06-27,9860,2023-04-18,1950,022319,NA,2,2,4,3603,0,1,1,NA,2,218,I-215 N/B,WASHINGTON ST.,100,N,N,A,-,Y,SBD,NA,215,NA,NA,2.706,H,NA,R,N,4,0,2,2,A,-,07,21658,A,N,B,C,A,A,H,-,C,D,0,NA,NA,NA,NA,Y,NA,A,01,0,0,2,0,0,0,0,0,0,-,-,34.04777145385742,-117.3072509765625,SAN BERNARDINO,COLTON,-117.30722045898438,34.0477409362793
92076351,2023,2023-05-24,9855,2023-05-12,1720,021156,NA,5,2,4,3605,0,1,1,NA,2,103,I-10 WESTBOUND (SAN BERNARDINO FREEWAY),MILLS AVE.,100,E,N,A,-,Y,SBD,NA,10,NA,NA,0.038,H,NA,L,Y,4,0,1,2,A,-,03,22350,NA,N,C,C,A,A,D,-,A,D,0,NA,NA,Y,NA,Y,NA,C,02,0,0,1,0,0,0,0,0,1,-,-,34.0819091796875,-117.70960235595705,SAN BERNARDINO,MONTCLAIR,-117.7095947265625,34.0820198059082
92079641,2023,2023-05-26,9860,2023-05-21,1900,022641,NA,7,2,5,3609,0,1,1,NA,2,201,SR-210 WESTBOUND,PEPPER AVE,2640,W,N,A,-,Y,SBD,NA,210,NA,NA,19.29,H,NA,L,N,4,0,1,1,A,-,08,22107,NA,N,F,A,A,A,H,-,A,D,0,NA,NA,NA,NA,Y,NA,A,01,0,0,1,0,0,0,0,0,0,-,-,34.13618850708008,-117.35991668701172,SAN BERNARDINO,RIALTO,-117.35997772216795,34.13602828979492
92080183,2023,2023-05-29,9860,2023-05-27,1355,022641,NA,6,1,6,3610,0,1,1,NA,2,201,SR-210 EASTBOUND,PEPPER AVE,2640,E,N,A,-,Y,SBD,NA,210,NA,NA,20.121,H,NA,R,N,4,0,2,2,A,-,03,22350,NA,F,C,C,A,A,H,-,A,D,0,NA,NA,NA,NA,Y,NA,A,07,0,0,2,0,0,0,0,0,0,-,-,34.134708404541016,-117.34577941894533,SAN BERNARDINO,SAN BERNARDINO,-117.34578704833984,34.134788513183594
9208147,2020,2021-01-28,3611,2020-09-03,0932,3062,3611,4,5,5,3611,0,0,0,NA,0,003,CAMPUS AV,CROSSROADS DR,0,NA,Y,A,-,NA,NA,NA,NA,NA,NA,NA,NA,NA,NA,Y,4,0,1,2,A,-,12,21453,A,N,D,C,A,A,H,-,A,A,0,NA,NA,NA,NA,Y,NA,A,01,0,0,1,0,0,0,0,0,0,-,-,NA,NA,SAN BERNARDINO,UPLAND,-117.63973999023438,34.13188171386719
92082325,2023,2023-05-31,9855,2023-05-20,302,015461,NA,6,3,6,3607,0,1,1,NA,2,152,I-15 S/B (ONTARIO FWY),JURUPA ST.,3895,N,N,A,-,Y,SBD,NA,15,NA,NA,1.763,H,NA,L,Y,4,0,2,3,A,-,03,22350,NA,N,C,C,A,A,H,-,A,D,0,NA,NA,NA,Y,Y,NA,A,01,0,0,2,0,0,0,0,0,0,-,-,34.058319091796875,-117.5457000732422,SAN BERNARDINO,ONTARIO,-117.54568481445313,34.05831527709961
92084567,2023,2023-06-02,9860,2023-04-16,230,022931,NA,7,3,6,3610,0,1,1,NA,2,201,SR-210 E/B,STATE STREET,1813,W,N,A,-,Y,SBD,NA,210,NA,NA,20.36,H,NA,R,N,4,0,2,2,A,-,01,23152,G,F,C,C,A,A,H,-,C,D,0,NA,NA,NA,NA,Y,Y,D,22,0,0,2,0,0,0,0,0,0,-,-,34.13465881347656,-117.34162139892578,SAN BERNARDINO,SAN BERNARDINO,-117.34161376953124,34.13472366333008