CASE_ID,ACCIDENT_YEAR,PROC_DATE,JURIS,COLLISION_DATE,COLLISION_TIME,OFFICER_ID,REPORTING_DISTRICT,DAY_OF_WEEK,CHP_SHIFT,POPULATION,CNTY_CITY_LOC,SPECIAL_COND,BEAT_TYPE,CHP_BEAT_TYPE,CITY_DIVISION_LAPD,CHP_BEAT_CLASS,BEAT_NUMBER,PRIMARY_RD,SECONDARY_RD,DISTANCE,DIRECTION,INTERSECTION,WEATHER_1,WEATHER_2,STATE_HWY_IND,CALTRANS_COUNTY,CALTRANS_DISTRICT,STATE_ROUTE,ROUTE_SUFFIX,POSTMILE_PREFIX,POSTMILE,LOCATION_TYPE,RAMP_INTERSECTION,SIDE_OF_HWY,TOW_AWAY,COLLISION_SEVERITY,NUMBER_KILLED,NUMBER_INJURED,PARTY_COUNT,PRIMARY_COLL_FACTOR,PCF_CODE_OF_VIOL,PCF_VIOL_CATEGORY,PCF_VIOLATION,PCF_VIOL_SUBSECTION,HIT_AND_RUN,TYPE_OF_COLLISION,MVIW,PED_ACTION,ROAD_SURFACE,ROAD_COND_1,ROAD_COND_2,LIGHTING,CONTROL_DEVICE,CHP_ROAD_TYPE,PEDESTRIAN_ACCIDENT,BICYCLE_ACCIDENT,MOTORCYCLE_ACCIDENT,TRUCK_ACCIDENT,NOT_PRIVATE_PROPERTY,ALCOHOL_INVOLVED,STWD_VEHTYPE_AT_FAULT,CHP_VEHTYPE_AT_FAULT,COUNT_SEVERE_INJ,COUNT_VISIBLE_INJ,COUNT_COMPLAINT_PAIN,COUNT_PED_KILLED,COUNT_PED_INJURED,COUNT_BICYCLIST_KILLED,COUNT_BICYCLIST_INJURED,COUNT_MC_KILLED,COUNT_MC_INJURED,PRIMARY_RAMP,SECONDARY_RAMP,LATITUDE,LONGITUDE,COUNTY,CITY,POINT_X,POINT_Y
92085876,2023,2023-06-05,9865,2023-05-25,740,021722,NA,4,1,9,3600,0,3,5,NA,2,001,W. SHORE ROAD,N. SHORE ROAD,528,N,N,A,-,N,NA,NA,NA,NA,NA,NA,NA,NA,NA,Y,4,0,2,2,A,-,09,21804,B,N,D,2,A,A,H,-,A,A,0,NA,NA,NA,NA,Y,NA,A,07,0,0,2,0,0,0,0,0,0,-,-,34.26607131958008,-117.18878173828124,SAN BERNARDINO,UNINCORPORATED,-117.19798278808594,34.26752471923828
92087153,2023,2023-07-05,9855,2023-05-29,34,022607,NA,1,3,5,3602,0,1,3,NA,2,603,SR-60 E/B (POMONA FWY),BENSON AVE.,1453,E,N,A,-,Y,SBD,NA,60,NA,R,3.148,H,NA,R,Y,3,0,5,3,A,-,03,22350,NA,N,D,2,A,A,H,-,D,D,0,NA,NA,NA,NA,Y,NA,A,01,0,1,4,0,0,0,0,0,0,-,-,34.03028106689453,-117.67581939697266,SAN BERNARDINO,CHINO,-117.67581939697266,34.03025817871094
92088071,2023,2023-06-07,9860,2023-05-18,150,020282,NA,4,3,9,3600,0,1,1,NA,2,151,I-15 S/B,CLEGHORN RD,482,S,N,A,-,Y,SBD,NA,15,NA,R,19.927,H,NA,L,N,2,0,1,2,A,-,11,21956,A,F,G,B,E,A,H,-,D,D,0,Y,NA,NA,NA,Y,Y,N,60,1,0,0,0,1,0,0,0,0,-,-,34.29767990112305,-117.45686340332033,SAN BERNARDINO,UNINCORPORATED,-117.45686340332033,34.29767608642578
92089289,2023,2023-06-08,9855,2023-05-31,1345,022474,NA,3,1,5,3602,0,1,3,NA,2,071,STATE ROUTE 71 N/B (CHINO VALLEY FWY),CHINO AVE,550,N,N,A,-,Y,SBD,NA,71,NA,R,0.794,H,NA,R,Y,4,0,1,2,A,-,08,22107,NA,N,B,C,A,A,H,-,A,D,0,NA,NA,NA,Y,Y,NA,A,01,0,0,1,0,0,0,0,0,0,-,-,34.01261901855469,-117.73484802246094,SAN BERNARDINO,CHINO,-117.73503112792967,34.012447357177734
9208983,2020,2021-02-19,3604,2020-12-28,1017,497,NA,1,5,6,3604,0,0,0,NA,0,NA,LOCUST AVE,ORANGE WY,0,NA,Y,B,-,N,NA,NA,NA,NA,NA,NA,NA,NA,NA,Y,4,0,1,2,A,-,09,21802,A,N,D,C,A,B,H,-,A,A,0,NA,NA,NA,NA,Y,NA,A,01,0,0,1,0,0,0,0,0,0,-,-,NA,NA,SAN BERNARDINO,FONTANA,-117.40963745117188,34.096378326416016
92089906,2023,2023-06-09,9855,2023-05-27,2016,023023,NA,6,2,6,3607,0,1,3,NA,2,601,SR-60 E/B (POMONA FWY),GROVE AVENUE,2000,W,N,A,-,Y,SBD,NA,60,NA,R,5.467,H,NA,R,Y,2,0,1,2,A,-,03,22350,NA,N,C,C,A,A,H,-,C,D,0,NA,NA,Y,NA,Y,NA,A,01,1,0,0,0,0,0,0,0,1,-,-,34.03028869628906,-117.63542175292967,SAN BERNARDINO,ONTARIO,-117.63542175292967,34.03038787841797
9209079,2020,2021-02-19,3610,2020-12-23,1703,50696,NA,3,5,6,3610,0,0,0,NA,0,POLICE,S E ST,MILL ST,740,S,N,A,-,N,NA,NA,NA,NA,NA,NA,NA,NA,NA,Y,3,0,1,2,A,-,11,21954,A,F,G,B,E,A,H,-,C,D,0,Y,NA,NA,NA,Y,NA,N,60,0,1,0,0,1,0,0,0,0,-,-,34.0900993347168,-117.29480743408205,SAN BERNARDINO,SAN BERNARDINO,-117.2941436767578,34.09012222290039
9209095,2020,2021-02-22,3603,2020-12-08,0015,4813,CPD,2,5,4,3603,0,0,0,NA,0,004,E COOLEY LN,S PEACHWOOD ST,150,E,N,A,-,N,NA,NA,NA,NA,NA,NA,NA,NA,NA,Y,3,0,1,1,A,-,05,21650,NA,N,E,I,A,A,H,-,A,D,0,NA,NA,NA,NA,Y,NA,A,01,0,1,0,0,0,0,0,0,0,-,-,34.05575942993164,-117.28742980957033,SAN BERNARDINO,COLTON,-117.28978729248048,34.05573654174805
92090953,2021,2023-06-12,9860,2021-12-04,0135,021169,NA,6,3,4,3603,0,1,1,NA,2,103,INTERSTATE 10 EASTBOUND,MOUNT VERNON AVENUE,1370,E,N,A,-,Y,NA,NA,10,NA,NA,NA,NA,NA,E,Y,1,1,0,2,A,-,11,21954,A,N,G,B,E,A,H,-,E,D,0,Y,NA,NA,NA,Y,Y,N,60,0,0,0,1,0,0,0,0,0,-,-,34.065059661865234,-117.30899047851563,SAN BERNARDINO,COLTON,-117.30899047851563,34.06499099731445
92091250,2023,2023-06-12,9860,2023-05-25,1540,022694,NA,4,2,9,3600,0,1,1,NA,2,151,I-15 N/B (TRUCK BYPASS),KENWOOD AVE,1630,N,N,A,-,Y,SBD,NA,15,NA,R,15.302,H,NA,R,Y,3,0,2,2,A,-,03,22350,NA,N,C,C,A,A,H,-,A,D,0,NA,NA,NA,Y,Y,NA,D,22,0,1,1,0,0,0,0,0,0,-,-,34.240089416503906,-117.42904663085938,SAN BERNARDINO,UNINCORPORATED,-117.42919921875,34.239959716796875
92091345,2023,2023-06-12,9850,2023-06-03,1457,021384,NA,6,2,9,3600,0,2,4,NA,2,066,PHELAN RD,CLOVIS RD,0,NA,Y,A,-,N,NA,NA,NA,NA,NA,NA,NA,NA,NA,Y,3,0,3,2,A,-,09,21801,A,N,A,C,A,A,H,-,A,D,0,NA,NA,NA,NA,Y,NA,A,01,0,2,1,0,0,0,0,0,0,-,-,34.4263801574707,-117.57476043701172,SAN BERNARDINO,UNINCORPORATED,-117.57476806640624,34.42632293701172
92091584,2023,2023-06-12,9850,2023-06-05,2150,021384,NA,1,2,9,3600,0,2,4,NA,2,066,PHELAN RD,CAUGHLIN RD,40,W,N,A,-,N,NA,NA,NA,NA,NA,NA,NA,NA,NA,Y,3,0,1,1,A,-,08,22107,NA,N,F,J,A,A,H,-,D,D,0,NA,NA,NA,NA,Y,NA,A,01,0,1,0,0,0,0,0,0,0,-,-,34.426700592041016,-117.48628997802734,SAN BERNARDINO,UNINCORPORATED,-117.4862060546875,34.42654037475586
92093818,2023,2023-06-14,9835,2023-06-13,1034,019989,NA,2,1,9,3600,0,1,1,NA,2,075,I-15 S/B,HALLORAN SPRINGS RD,7075,S,N,A,-,Y,SBD,NA,15,NA,NA,148.267,H,NA,L,Y,3,0,2,2,A,-,08,22107,NA,N,B,C,A,A,H,-,A,D,0,NA,NA,NA,Y,Y,NA,A,07,0,1,1,0,0,0,0,0,0,-,-,35.36745834350586,-115.91333770751952,SAN BERNARDINO,UNINCORPORATED,-115.91329193115234,35.36738967895508
92094569,2023,2023-06-15,9855,2023-06-03,330,021233,NA,6,3,5,3611,0,1,1,NA,2,204,SR-210 W/B (FOOTHILL FWY),MOUNTAIN AVE,700,W,N,B,-,Y,SBD,NA,210,NA,NA,1.353,H,NA,L,Y,4,0,1,2,A,-,03,22350,NA,N,C,C,A,A,H,-,D,D,0,NA,NA,NA,NA,Y,Y,A,01,0,0,1,0,0,0,0,0,0,-,-,34.134681701660156,-117.67288208007813,SAN BERNARDINO,UPLAND,-117.67288970947266,34.134761810302734
92095468,2023,2023-06-16,9860,2023-06-15,625,016590,NA,4,1,9,3600,0,1,3,NA,1,010,SR-138,I-15,12672,E,N,B,-,Y,SBD,NA,138,NA,R,18.656,H,NA,R,N,4,0,1,2,A,-,03,22350,NA,N,C,C,A,A,H,-,A,D,0,NA,NA,NA,NA,Y,NA,D,22,0,0,1,0,0,0,0,0,0,-,-,34.32646179199219,-117.43544006347656,SAN BERNARDINO,UNINCORPORATED,-117.43545532226563,34.32642364501953
92095469,2023,2023-06-16,9855,2023-06-03,25,022584,NA,6,3,6,3607,0,1,1,NA,2,152,I-15 S/B TO I-10 E/B,I-10,2266,N,N,A,-,Y,SBD,NA,15,NA,NA,2.824,H,NA,L,N,3,0,1,1,A,-,01,23152,A,N,E,J,A,A,D,E,C,A,0,NA,NA,Y,NA,Y,Y,C,02,0,1,0,0,0,0,0,0,1,-,-,34.07374954223633,-117.54522705078124,SAN BERNARDINO,ONTARIO,-117.54505157470705,34.07374954223633
92097375,2023,2023-06-19,9860,2023-06-17,1058,020654,NA,6,1,9,3600,0,3,5,NA,2,003,VALLEY OF THE FALLS DR.,SR-38,1584,E,N,A,-,N,NA,NA,NA,NA,NA,NA,NA,NA,NA,Y,4,0,2,3,A,-,03,22350,NA,N,C,C,A,A,H,-,A,D,0,NA,NA,NA,NA,Y,NA,D,22,0,0,2,0,0,0,0,0,0,-,-,34.09627151489258,-116.95323181152344,SAN BERNARDINO,UNINCORPORATED,NA,NA
92097410,2023,2023-06-20,9860,2023-06-08,1810,021363,NA,4,2,4,3603,0,1,1,NA,2,214,I-215 N/B,COOLEY DR,1500,S,N,A,-,Y,SBD,NA,215,NA,NA,3.425,H,NA,R,N,4,0,1,2,A,-,07,21658,A,N,C,C,A,A,H,-,A,D,0,NA,NA,NA,NA,Y,Y,A,01,0,0,1,0,0,0,0,0,0,-,-,34.05524826049805,-117.29869079589844,SAN BERNARDINO,COLTON,-117.29874420166016,34.055267333984375
92097575,2023,2023-06-20,9855,2023-06-10,2350,015862,NA,6,3,6,3607,0,1,1,NA,2,103,I-10 E/B (SAN BERNARDINO FWY),VINEYARD AVE,528,E,N,B,-,Y,NA,NA,NA,NA,NA,NA,NA,NA,NA,Y,4,0,2,3,A,-,03,22350,NA,N,C,C,A,A,D,-,D,D,0,NA,NA,NA,NA,Y,NA,A,01,0,0,2,0,0,0,0,0,0,-,-,NA,NA,SAN BERNARDINO,ONTARIO,-117.60990142822266,34.0699348449707
92099043,2023,2023-06-21,9835,2023-06-12,1825,022649,NA,1,2,9,3600,0,1,1,NA,2,074,I-15 N/B,AFTON ROAD,14309,N,N,A,-,Y,SBD,NA,15,NA,R,114.36,H,NA,R,N,3,0,1,1,A,-,08,22107,NA,N,F,A,A,A,H,-,D,D,0,NA,NA,NA,NA,Y,NA,A,07,0,1,0,0,0,0,0,0,0,-,-,35.08456039428711,-116.3682098388672,SAN BERNARDINO,UNINCORPORATED,-116.3681869506836,35.08442306518555
92100658,2023,2023-06-23,9855,2023-06-14,2244,022865,NA,3,3,9,3600,0,3,5,NA,2,004,MCKINLEY AVE. (13000 BLOCK),RIVERSIDE DR.,790,S,N,A,-,N,NA,NA,NA,NA,NA,NA,NA,NA,NA,Y,4,0,1,2,A,-,08,22107,NA,N,B,C,A,A,H,-,D,D,0,NA,NA,NA,NA,Y,NA,A,01,0,0,1,0,0,0,0,0,0,-,-,34.016578674316406,-117.7285614013672,SAN BERNARDINO,UNINCORPORATED,-117.728515625,34.01665496826172
92101575,2023,2023-06-26,9860,2023-06-18,1430,022906,NA,7,2,6,3610,0,3,5,NA,2,002,CAJON BLVD,KERN ST,393,N,N,A,-,N,NA,NA,NA,NA,NA,NA,NA,NA,NA,Y,4,0,1,2,A,-,09,21801,A,N,D,C,A,A,H,-,A,D,0,NA,NA,NA,NA,Y,NA,A,01,0,0,1,0,0,0,0,0,0,-,-,34.158119201660156,-117.336181640625,SAN BERNARDINO,SAN BERNARDINO,-117.33607482910156,34.1580696105957
92103342,2023,2023-06-27,9835,2023-06-23,1149,021001,NA,5,1,9,3600,0,1,1,NA,2,043,I40 WB,A ST,10560,E,N,A,-,Y,SBD,NA,40,NA,R,9.116,H,NA,L,Y,3,0,1,1,A,-,08,22107,NA,N,F,A,A,A,H,-,A,D,0,NA,NA,NA,NA,Y,NA,A,01,0,1,0,0,0,0,0,0,0,-,-,34.848270416259766,-116.85694122314452,SAN BERNARDINO,UNINCORPORATED,-116.85691833496094,34.84834671020508
92104273,2023,2023-06-28,9855,2023-06-13,1608,023010,NA,2,2,9,3600,0,3,5,NA,2,001,ARROW RTE.,BEECH AVE.,0,NA,Y,A,-,N,NA,NA,NA,NA,NA,NA,NA,NA,NA,N,4,0,2,4,A,-,09,21801,A,N,D,C,A,A,H,-,A,A,0,NA,NA,NA,NA,Y,NA,A,01,0,0,2,0,0,0,0,0,0,-,-,34.09920883178711,-117.47129058837892,SAN BERNARDINO,UNINCORPORATED,-117.47122192382813,34.099281311035156
92105244,2023,2023-06-29,9850,2023-06-10,1845,021384,NA,6,2,5,3612,0,1,1,NA,2,083,I-15 S/B,D STREET,2400,S,N,A,-,Y,SBD,NA,15,NA,NA,43.045,H,NA,L,Y,2,0,2,2,A,-,03,22350,NA,N,C,C,A,A,H,-,A,D,0,NA,NA,NA,Y,Y,NA,G,25,1,0,1,0,0,0,0,0,0,-,-,34.54164123535156,-117.30705261230467,SAN BERNARDINO,VICTORVILLE,-117.30705261230467,34.54164505004883
92106986,2023,2023-06-30,9860,2023-06-30,15,022539,NA,5,3,9,3600,0,1,1,NA,2,152,I-15 N/B,OAK HILL RD,2640,S,N,A,-,Y,SBD,NA,15,NA,R,26.326,H,NA,R,N,4,0,1,2,A,-,03,22350,NA,N,C,C,A,A,H,-,D,D,0,NA,NA,NA,NA,Y,NA,A,01,0,0,1,0,0,0,0,0,0,-,-,34.35654830932617,-117.43740844726563,SAN BERNARDINO,UNINCORPORATED,-117.4373016357422,34.35651779174805
92107798,2023,2023-07-03,9860,2023-07-01,645,019495,NA,6,1,9,3600,0,1,1,NA,2,216,I-215 S/B,KENWOOD AVE,2693,S,N,A,-,Y,SBD,NA,215,NA,NA,18.352,H,NA,L,N,3,0,2,1,A,-,03,22350,NA,N,F,0,A,A,H,-,A,D,0,NA,NA,NA,NA,Y,NA,E,22,0,2,0,0,0,0,0,0,0,-,-,34.23122024536133,-117.4188232421875,SAN BERNARDINO,UNINCORPORATED,-117.41883087158205,34.23120880126953
92108932,2023,2023-07-03,9860,2023-07-01,2035,022843,NA,6,2,9,3600,0,1,1,NA,2,216,I-215 N/B,DEVORE RD.,292,S,N,A,-,Y,SBD,NA,215,NA,NA,17.266,H,NA,R,N,4,0,1,1,A,-,08,22107,NA,N,E,I,A,A,H,-,C,D,0,NA,NA,NA,NA,Y,NA,A,01,0,0,1,0,0,0,0,0,0,-,-,34.22227096557617,-117.40171051025392,SAN BERNARDINO,UNINCORPORATED,-117.40180206298828,34.22214889526367
92110501,2023,2023-07-06,9860,2023-07-05,130,022890,NA,3,3,9,3600,0,1,1,NA,2,201,SR-210 E/B,ALDER AVE,780,E,N,A,-,Y,SBD,NA,210,NA,NA,16.095,H,NA,R,N,4,0,1,2,A,-,03,22350,NA,N,C,C,A,A,H,-,C,D,0,NA,NA,NA,NA,Y,NA,A,07,0,0,1,0,0,0,0,0,0,-,-,34.13628005981445,-117.4157485961914,SAN BERNARDINO,UNINCORPORATED,-117.4157485961914,34.13628387451172
92110691,2023,2023-07-06,9855,2023-06-23,2051,023023,NA,5,2,6,3607,0,1,1,NA,2,103,I-10 E/B (SAN BERNARDINO FWY),CAMPUS AVENUE,500,W,N,A,-,Y,SBD,NA,10,NA,NA,3.926,H,NA,R,Y,4,0,3,3,A,-,07,21658,A,F,B,2,A,A,H,-,C,D,0,NA,NA,NA,NA,Y,NA,A,01,0,0,3,0,0,0,0,0,0,-,-,34.087100982666016,-117.64315032958984,SAN BERNARDINO,ONTARIO,-117.64313507080078,34.087158203125
92111992,2023,2023-07-07,9835,2023-04-24,5,022218,NA,1,3,9,3600,0,1,1,NA,2,073,S/B INTERSTATE 15,HARVARD ROAD,8448,S,N,A,-,Y,SBD,NA,15,NA,R,94.81,H,NA,L,Y,1,1,1,1,A,-,01,23152,A,N,E,I,A,A,H,-,D,D,0,NA,NA,Y,NA,Y,Y,C,06,1,0,0,0,0,0,0,1,1,-,-,34.953121185302734,-116.6697235107422,SAN BERNARDINO,UNINCORPORATED,-116.6696548461914,34.95301818847656
92113042,2023,2023-07-10,9865,2023-07-04,2212,021841,NA,2,3,9,3600,0,1,3,NA,1,022,SR-18,GREEN VALLEY LAKE ROAD,5755,N,N,A,-,Y,SBD,NA,18,NA,NA,35.71,H,NA,R,Y,3,0,1,1,A,-,08,22107,NA,N,E,8,A,A,H,-,C,D,0,NA,NA,NA,NA,Y,NA,A,07,0,1,0,0,0,0,0,0,0,-,-,34.226318359375,-117.05645751953124,SAN BERNARDINO,UNINCORPORATED,-117.05644989013672,34.22624969482422
92114379,2023,2023-07-11,9850,2023-07-03,150,022386,NA,1,3,9,3600,0,1,3,NA,2,034,BEAR VALLEY RD,SR-18,0,NA,Y,A,-,N,NA,NA,NA,NA,NA,NA,NA,NA,NA,Y,4,0,1,1,A,-,01,23152,A,N,E,8,A,A,H,-,D,A,0,NA,NA,NA,NA,Y,Y,D,22,0,0,1,0,0,0,0,0,0,-,-,34.47380065917969,-117.12519073486328,SAN BERNARDINO,UNINCORPORATED,-117.12531280517578,34.4737434387207
9211458,2020,2021-01-14,3600,2020-06-30,2039,E8923,SBSUP,2,5,4,3618,0,0,0,NA,0,HI3,CHURCH ST,GLENHEATHER DR,150,S,N,A,-,N,NA,NA,NA,NA,NA,NA,NA,NA,NA,N,1,1,0,2,A,-,03,22350,NA,F,G,B,E,A,A,-,C,B,0,Y,NA,NA,NA,Y,NA,A,01,0,0,0,1,0,0,0,0,0,-,-,34.11333084106445,-117.17389678955078,SAN BERNARDINO,HIGHLAND,-117.17375183105467,34.11298751831055
92115818,2023,2023-07-13,9865,2023-07-02,1932,021587,NA,7,2,9,3600,0,1,3,NA,1,039,SR-38,N SHORE LANE,21670,E,N,A,-,N,NA,NA,NA,NA,NA,NA,NA,NA,NA,Y,3,0,2,1,A,-,03,22350,NA,N,F,A,A,A,H,-,A,D,0,NA,NA,Y,NA,Y,Y,C,02,0,2,0,0,0,0,0,0,2,-,-,34.26271057128906,-116.93202209472656,SAN BERNARDINO,UNINCORPORATED,-116.93204498291016,34.262760162353516
92116163,2023,2023-07-13,9855,2023-07-01,1107,017704,NA,6,1,4,3605,0,1,1,NA,2,103,I-10 W/B (SAN BERNARDINO FWY),MONTE VISTA AVENUE,1056,E,N,A,-,Y,SBD,NA,10,NA,NA,0.902,H,NA,L,N,4,0,1,2,A,-,03,22350,NA,N,C,C,A,A,D,-,A,D,0,NA,NA,NA,NA,Y,NA,A,01,0,0,1,0,0,0,0,0,0,-,-,34.08332824707031,-117.6948471069336,SAN BERNARDINO,MONTCLAIR,-117.69485473632813,34.08333206176758
9211725,2020,2021-03-18,3600,2020-12-17,1930,E2055,HE421,4,5,5,3619,0,0,0,NA,0,HE4,ARROWHEAD LAKE RD,EDISON POLE #22758E,170,N,N,A,-,N,NA,NA,NA,NA,NA,NA,NA,NA,NA,Y,1,1,0,1,A,-,03,22350,NA,N,F,A,A,A,H,-,D,D,0,NA,NA,NA,NA,Y,NA,A,01,0,0,0,0,0,0,0,0,0,-,-,NA,NA,SAN BERNARDINO,HESPERIA,NA,NA
92117376,2023,2023-07-14,9855,2023-07-13,1515,023010,NA,4,2,6,3607,0,1,1,NA,2,103,I-10 E/B (SAN BERNARDINO FWY),SAN ANTONIO AVE.,150,W,N,A,-,Y,SBD,NA,10,NA,NA,2.884,H,NA,R,N,4,0,1,3,A,-,03,22350,NA,N,C,C,A,A,D,-,A,D,0,NA,NA,NA,NA,Y,NA,D,22,0,0,1,0,0,0,0,0,0,-,-,34.087181091308594,-117.6613311767578,SAN BERNARDINO,ONTARIO,-117.6613311767578,34.08723831176758
9211780,2021,2021-04-01,3600,2021-01-01,1635,G3233,HE320,5,5,5,3619,0,0,0,NA,0,HE5,OPAL AV,FIR ST,247,N,N,A,-,N,NA,NA,NA,NA,NA,NA,NA,NA,NA,Y,1,1,1,1,A,-,08,22107,NA,N,F,J,A,A,H,-,B,A,0,NA,NA,NA,NA,Y,NA,A,42,1,0,0,0,0,0,0,0,0,-,-,NA,NA,SAN BERNARDINO,HESPERIA,-117.35295104980467,34.39468002319336
92118737,2023,2023-07-17,9855,2023-07-07,805,017704,NA,5,1,6,3607,0,1,1,NA,2,101,I-10 W/B (SAN BERNARDINO FWY),MILLIKEN AVE,1320,W,N,A,-,Y,SBD,NA,10,NA,NA,8.986,H,NA,L,N,4,0,1,2,A,-,03,22350,NA,N,C,C,A,A,D,-,A,D,0,NA,NA,NA,NA,Y,NA,D,22,0,0,1,0,0,0,0,0,0,-,-,34.06761932373047,-117.56150817871094,SAN BERNARDINO,ONTARIO,-117.56150817871094,34.067588806152344
92119007,2023,2023-07-17,9834,2023-07-12,500,016043,NA,3,3,9,3600,0,1,1,NA,2,042,I-40 E/B,ESSEX RD,19536,E,N,A,-,Y,SBD,NA,40,NA,R,103.625,H,NA,R,Y,2,0,1,1,A,-,08,22107,NA,N,E,I,A,A,H,-,B,D,0,NA,NA,NA,NA,Y,NA,A,01,1,0,0,0,0,0,0,0,0,-,-,34.80630874633789,-115.25247955322266,SAN BERNARDINO,UNINCORPORATED,-115.25247192382813,34.80622482299805
92119929,2023,2023-07-18,9860,2023-07-17,1100,017098,NA,1,1,9,3600,0,2,4,NA,2,066,CAJON BLVD,OAKIE FLAT ROAD,1500,S,N,A,-,Y,NA,NA,NA,NA,NA,NA,NA,NA,NA,Y,3,0,4,2,A,-,03,22350,NA,N,C,C,A,A,H,-,A,D,0,NA,NA,NA,Y,Y,NA,A,01,0,2,2,0,0,0,0,0,0,-,-,34.26683044433594,-117.45854949951172,SAN BERNARDINO,UNINCORPORATED,NA,NA
92120948,2023,2023-07-19,9855,2023-07-17,1235,018313,NA,1,1,5,3602,0,1,3,NA,2,603,SR-60 W/B (POMONA FWY),CENTRAL AVE,2300,E,N,A,-,Y,SBD,NA,60,NA,R,2.71,H,NA,L,N,4,0,1,2,A,-,07,21658,A,N,B,C,A,A,H,-,A,D,0,NA,NA,NA,Y,Y,NA,G,27,0,0,1,0,0,0,0,0,0,-,-,34.03041076660156,-117.68345642089844,SAN BERNARDINO,CHINO,-117.68345642089844,34.030426025390625
92121624,2023,2023-07-20,9860,2023-07-11,1505,022439,NA,2,2,6,3610,0,1,1,NA,2,201,SR-210 E/B,STATE ST,1575,E,N,A,-,Y,SBD,NA,210,NA,NA,21.009,H,NA,R,Y,4,0,1,4,A,-,08,22107,NA,N,C,E,E,A,H,-,A,D,0,Y,NA,NA,NA,Y,NA,A,01,0,0,1,0,1,0,0,0,0,-,-,34.13534164428711,-117.330322265625,SAN BERNARDINO,SAN BERNARDINO,-117.3303680419922,34.135414123535156
92122065,2022,2023-07-20,9860,2022-12-02,0800,022931,NA,5,1,9,3600,0,1,1,NA,2,152,I-15 S/B,SR-138,7603,N,N,B,C,Y,SBD,NA,15,NA,R,22.842,H,NA,L,N,4,0,1,2,A,-,07,21658,A,F,B,C,A,B,H,-,A,D,0,NA,NA,NA,NA,Y,NA,A,01,0,0,1,0,0,0,0,0,0,-,-,34.33106994628906,-117.48255920410156,SAN BERNARDINO,UNINCORPORATED,-117.48247528076172,34.33106994628906
92122907,2023,2023-07-21,9860,2023-07-19,2135,022890,NA,3,2,5,3608,0,1,1,NA,2,203,SR-210 W/B,PIONEER AVE,1795,W,N,A,-,Y,SBD,NA,210,NA,R,31.729,H,NA,L,Y,3,0,2,2,A,-,01,23152,A,N,C,C,A,A,H,-,C,D,0,NA,NA,NA,NA,Y,Y,A,01,0,1,1,0,0,0,0,0,0,-,-,34.08631134033203,-117.20050048828124,SAN BERNARDINO,REDLANDS,-117.20052337646484,34.08631134033203
92123643,2023,2023-09-07,9860,2023-07-15,2124,022906,NA,6,2,5,3608,0,1,1,NA,2,104,I-10 W/B,ALABAMA ST,52,E,N,A,-,Y,SBD,NA,10,NA,NA,29.332,H,NA,L,Y,2,0,1,1,A,-,01,23152,A,N,B,I,A,A,H,-,C,D,0,NA,NA,NA,NA,Y,Y,A,01,1,0,0,0,0,0,0,0,0,-,-,34.06679916381836,-117.20841979980467,SAN BERNARDINO,REDLANDS,-117.20841979980467,34.066741943359375
92126837,2023,2023-07-26,9855,2023-07-24,2035,023027,NA,1,2,9,3600,0,3,5,NA,2,001,ELM AVE,RANDALL AVE,0,NA,Y,A,-,N,NA,NA,NA,NA,NA,NA,NA,NA,NA,N,3,0,1,2,A,-,12,22450,A,N,D,G,A,A,H,-,D,A,0,NA,Y,NA,NA,Y,NA,L,04,0,1,0,0,0,0,1,0,0,-,-,34.08475112915039,-117.46685028076172,SAN BERNARDINO,UNINCORPORATED,-117.466796875,34.08476257324219
92127402,2023,2023-07-27,9850,2023-07-19,1420,023055,NA,3,2,9,3600,0,2,4,NA,2,053,EL MIRAGE RD,SHEEP CREEK RD,0,NA,Y,A,-,N,NA,NA,NA,NA,NA,NA,NA,NA,NA,Y,4,0,2,2,A,-,09,21800,A,N,D,C,A,A,H,-,A,D,0,NA,NA,NA,NA,Y,NA,A,01,0,0,2,0,0,0,0,0,0,-,-,34.60198974609375,-117.57836151123048,SAN BERNARDINO,UNINCORPORATED,-117.5784149169922,34.601966857910156
92127957,2023,2023-07-27,9860,2023-07-24,1310,016590,NA,1,1,5,3609,0,1,1,NA,2,201,SR-210 W/B TO ALDER AVE,ALDER AVE.,100,E,N,A,-,Y,NA,NA,NA,NA,NA,NA,NA,NA,NA,N,4,0,1,2,A,-,03,22350,NA,F,C,C,A,A,H,-,A,D,0,NA,NA,NA,NA,Y,NA,A,01,0,0,1,0,0,0,0,0,0,-,-,34.137271881103516,-117.4182586669922,SAN BERNARDINO,RIALTO,-117.4182586669922,34.137271881103516