CASE_ID,ACCIDENT_YEAR,PROC_DATE,JURIS,COLLISION_DATE,COLLISION_TIME,OFFICER_ID,REPORTING_DISTRICT,DAY_OF_WEEK,CHP_SHIFT,POPULATION,CNTY_CITY_LOC,SPECIAL_COND,BEAT_TYPE,CHP_BEAT_TYPE,CITY_DIVISION_LAPD,CHP_BEAT_CLASS,BEAT_NUMBER,PRIMARY_RD,SECONDARY_RD,DISTANCE,DIRECTION,INTERSECTION,WEATHER_1,WEATHER_2,STATE_HWY_IND,CALTRANS_COUNTY,CALTRANS_DISTRICT,STATE_ROUTE,ROUTE_SUFFIX,POSTMILE_PREFIX,POSTMILE,LOCATION_TYPE,RAMP_INTERSECTION,SIDE_OF_HWY,TOW_AWAY,COLLISION_SEVERITY,NUMBER_KILLED,NUMBER_INJURED,PARTY_COUNT,PRIMARY_COLL_FACTOR,PCF_CODE_OF_VIOL,PCF_VIOL_CATEGORY,PCF_VIOLATION,PCF_VIOL_SUBSECTION,HIT_AND_RUN,TYPE_OF_COLLISION,MVIW,PED_ACTION,ROAD_SURFACE,ROAD_COND_1,ROAD_COND_2,LIGHTING,CONTROL_DEVICE,CHP_ROAD_TYPE,PEDESTRIAN_ACCIDENT,BICYCLE_ACCIDENT,MOTORCYCLE_ACCIDENT,TRUCK_ACCIDENT,NOT_PRIVATE_PROPERTY,ALCOHOL_INVOLVED,STWD_VEHTYPE_AT_FAULT,CHP_VEHTYPE_AT_FAULT,COUNT_SEVERE_INJ,COUNT_VISIBLE_INJ,COUNT_COMPLAINT_PAIN,COUNT_PED_KILLED,COUNT_PED_INJURED,COUNT_BICYCLIST_KILLED,COUNT_BICYCLIST_INJURED,COUNT_MC_KILLED,COUNT_MC_INJURED,PRIMARY_RAMP,SECONDARY_RAMP,LATITUDE,LONGITUDE,COUNTY,CITY,POINT_X,POINT_Y
92128015,2023,2023-07-27,9855,2023-03-17,1815,023027,NA,5,2,6,3616,0,1,1,NA,2,152,I-15 N/B (ONTARIO FWY) TO FOOTHILL BLVD,FOOTHILL BLVD.,200,S,N,A,-,Y,NA,NA,NA,NA,NA,NA,NA,NA,NA,N,4,0,1,2,A,-,07,21658,A,F,C,C,A,A,H,-,A,D,0,NA,NA,NA,NA,Y,NA,D,22,0,0,1,0,0,0,0,0,0,-,-,34.10612106323242,-117.53093719482422,SAN BERNARDINO,RANCHO CUCAMONGA,-117.53093719482422,34.10612106323242
92132136,2023,2023-07-31,9855,2023-07-18,1205,018335,NA,2,1,9,3600,0,3,5,NA,2,001,KAISER WAY (1900 BLOCK),SAN BERNARDINO AVENUE,1254,N,N,A,-,N,NA,NA,NA,NA,NA,NA,NA,NA,NA,N,4,0,1,3,A,-,09,21804,A,N,D,C,A,A,H,-,A,D,0,NA,NA,NA,NA,Y,NA,A,01,0,0,1,0,0,0,0,0,0,-,-,34.080718994140625,-117.51838684082033,SAN BERNARDINO,UNINCORPORATED,-117.51837921142578,34.08051681518555
92132475,2023,2023-07-31,9835,2023-07-29,1205,022341,NA,6,1,9,3600,0,1,1,NA,2,074,I-15 N/B,AFTON CANYON RD,11616,N,N,A,-,Y,SBD,NA,15,NA,R,113.796,H,NA,R,Y,4,0,1,2,A,-,07,21658,A,N,B,C,A,A,H,-,A,D,0,NA,NA,NA,NA,Y,NA,-,40,0,0,1,0,0,0,0,0,0,-,-,35.08314895629883,-116.37798309326172,SAN BERNARDINO,UNINCORPORATED,-116.37796783447266,35.08312225341797
92132520,2023,2023-07-31,9860,2023-07-30,128,022583,NA,7,3,3,3615,0,1,1,NA,2,104,I-10 E/B,RICHARDSON STREET,235,W,N,A,-,Y,SBD,NA,10,NA,NA,26.757,H,NA,R,Y,4,0,1,1,A,-,08,22107,NA,N,E,I,A,A,H,-,D,D,0,NA,NA,NA,NA,Y,NA,A,01,0,0,1,0,0,0,0,0,0,-,-,34.0660400390625,-117.25325012207033,SAN BERNARDINO,LOMA LINDA,-117.25328063964844,34.066139221191406
92133665,2023,2023-08-02,9860,2023-07-29,2355,021169,NA,6,3,6,3610,0,1,1,NA,2,216,I-215 N/B,UNIVERSITY PKY,3168,N,N,A,-,Y,SBD,NA,215,NA,NA,12.247,H,NA,R,Y,4,0,1,1,A,-,08,22107,NA,N,E,I,A,A,H,-,D,D,0,NA,NA,NA,NA,Y,NA,D,22,0,0,1,0,0,0,0,0,0,-,-,34.171600341796875,-117.3393783569336,SAN BERNARDINO,SAN BERNARDINO,-117.33931732177734,34.17163848876953
92136572,2023,2023-08-04,9860,2023-07-10,1605,022694,NA,1,2,6,3610,0,1,1,NA,2,216,I-215 N/B TO UNIVERSITY PARKWAY,UNIVERSITY PARKWAY,20,S,N,A,-,Y,NA,NA,NA,NA,NA,NA,NA,NA,NA,N,4,0,2,2,A,-,03,22350,NA,N,C,C,A,A,H,-,A,A,0,NA,NA,NA,NA,Y,NA,A,01,0,0,2,0,0,0,0,0,0,-,-,34.164878845214844,-117.3327865600586,SAN BERNARDINO,SAN BERNARDINO,-117.3327865600586,34.164878845214844
92137063,2023,2023-08-07,9835,2023-07-30,920,022078,NA,7,1,9,3600,0,3,5,NA,2,032,LENWOOD RD,OLD HWY 58,321,N,N,A,-,N,NA,NA,NA,NA,NA,NA,NA,NA,NA,Y,3,0,1,1,A,-,03,22350,NA,N,F,A,A,A,H,-,A,D,0,NA,NA,Y,NA,Y,NA,C,02,0,1,0,0,0,0,0,0,1,-,-,34.922969818115234,-117.11833190917967,SAN BERNARDINO,UNINCORPORATED,-117.11837005615234,34.92286682128906
92138944,2023,2023-08-08,9850,2023-07-27,2036,021162,NA,4,2,9,3600,0,3,5,NA,2,002,RANCHERO RD,OUTPOST RD,715,W,N,A,-,N,NA,NA,NA,NA,NA,NA,NA,NA,NA,Y,3,0,1,1,A,-,01,23152,A,M,E,I,A,A,D,-,D,A,0,NA,NA,NA,NA,Y,Y,A,01,0,1,0,0,0,0,0,0,0,-,-,34.38307189941406,-117.4010009765625,SAN BERNARDINO,UNINCORPORATED,-117.4010009765625,34.38309097290039
9213902,2020,2021-02-02,3600,2020-11-06,1327,F6915,HE101,5,5,5,3619,0,0,0,NA,0,HE1,BEAR VALLEY RD,MARIPOSA RD,0,NA,Y,A,-,N,NA,NA,NA,NA,NA,NA,NA,NA,NA,Y,4,0,1,2,A,-,12,21453,A,N,B,C,A,A,H,-,A,A,0,NA,NA,NA,NA,Y,NA,A,01,0,0,1,0,0,0,0,0,0,-,-,NA,NA,SAN BERNARDINO,HESPERIA,-117.34287261962892,34.47045135498047
9214085,2020,2021-02-22,3600,2020-12-24,1110,G4629,CH002,4,5,5,3630,0,0,0,NA,0,CH01,CHINO AV,ROCK SPRINGS DR,0,NA,Y,B,C,N,NA,NA,NA,NA,NA,NA,NA,NA,NA,Y,3,0,1,2,A,-,09,21802,A,N,D,C,A,B,H,-,A,A,0,NA,NA,NA,NA,Y,NA,-,NA,0,1,0,0,0,0,0,0,0,-,-,NA,NA,SAN BERNARDINO,CHINO HILLS,-117.75746917724608,34.01411056518555
92141277,2023,2023-08-11,9860,2023-07-30,1730,022906,NA,7,2,9,3600,0,1,1,NA,2,102,I-10 W/B,CEDAR AVE,5808,W,N,A,-,Y,SBD,NA,10,NA,NA,17.354,H,NA,L,Y,3,0,1,2,A,-,07,21658,A,N,B,2,A,A,H,-,A,D,0,NA,NA,NA,NA,Y,NA,A,01,0,1,0,0,0,0,0,0,0,-,-,34.06769943237305,-117.4160614013672,SAN BERNARDINO,UNINCORPORATED,-117.4160614013672,34.067710876464844
92141937,2023,2024-01-04,9860,2023-05-05,525,014777,NA,5,3,9,3600,0,1,1,NA,2,151,INTERSTATE 15 NORTHBOUND,OAKIE FLAT ROAD,529.5,S,N,B,-,Y,SBD,NA,15,NA,R,17.314,H,NA,R,Y,1,1,0,1,A,-,08,22107,NA,N,F,A,A,A,H,-,D,D,0,NA,NA,NA,NA,Y,Y,A,01,0,0,0,0,0,0,0,0,0,-,-,34.26128005981445,-117.44951629638672,SAN BERNARDINO,UNINCORPORATED,-117.44955444335938,34.26128387451172
92144162,2023,2023-08-15,9860,2023-08-07,1750,022439,NA,1,2,6,3610,0,1,3,NA,2,259,SR-259 S/B,E STREET,730,S,N,A,-,Y,SBD,NA,259,NA,NA,1.355,H,NA,L,N,3,0,1,1,A,-,01,23152,A,N,E,I,A,A,H,-,A,D,0,NA,NA,NA,NA,Y,Y,A,07,0,1,0,0,0,0,0,0,0,-,-,34.14609146118164,-117.29633331298828,SAN BERNARDINO,SAN BERNARDINO,-117.29633331298828,34.146114349365234
92145164,2023,2024-05-17,9855,2023-08-05,1800,023010,NA,6,2,4,3605,0,1,1,NA,2,103,I-10 E/B (SAN BERNARDINO FWY),MONTE VISTA AVE.,2600,W,N,A,-,Y,SBD,NA,10,NA,NA,0.185,H,NA,R,Y,4,0,4,5,A,-,03,22350,NA,N,C,C,A,A,D,-,A,D,0,NA,NA,NA,NA,Y,NA,D,22,0,0,4,0,0,0,0,0,0,-,-,34.0817985534668,-117.7070770263672,SAN BERNARDINO,MONTCLAIR,-117.7070770263672,34.0817756652832
92145345,2023,2023-08-16,9860,2023-08-16,710,017098,NA,3,1,9,3600,0,1,3,NA,1,012,SR-138,LONE PINE CANYON ROAD,2640,E,N,B,C,Y,SBD,NA,138,NA,NA,14.482,H,NA,R,N,4,0,1,2,A,-,03,22350,NA,N,C,C,A,B,H,-,B,D,0,NA,NA,NA,NA,Y,NA,D,22,0,0,1,0,0,0,0,0,0,-,-,34.313358306884766,-117.48712921142578,SAN BERNARDINO,UNINCORPORATED,-117.48709869384766,34.31342697143555
92147536,2023,2023-08-18,9855,2023-08-17,640,015461,NA,4,1,6,3607,0,1,1,NA,2,103,I-10 W/B (SAN BERNARDINO FWY),N. GROVE AVE.,773,W,N,A,-,Y,SBD,NA,10,NA,NA,4.732,H,NA,L,Y,4,0,1,2,A,-,03,22350,NA,N,C,C,A,A,H,-,A,D,0,NA,NA,NA,NA,Y,NA,A,01,0,0,1,0,0,0,0,0,0,-,-,34.082008361816406,-117.63072967529295,SAN BERNARDINO,ONTARIO,-117.63072204589844,34.08201599121094
9214866,2020,2021-02-08,3604,2020-12-26,0920,1359,NA,6,5,6,3604,0,0,0,NA,0,NA,MILLER AV,LOCUST AV,0,NA,Y,A,-,N,NA,NA,NA,NA,NA,NA,NA,NA,NA,Y,3,0,1,2,A,-,12,22450,A,N,D,C,A,A,H,-,A,A,0,NA,NA,NA,NA,Y,NA,-,NA,0,1,0,0,0,0,0,0,0,-,-,NA,NA,SAN BERNARDINO,FONTANA,-117.4097137451172,34.113990783691406
9214878,2020,2021-02-08,3600,2020-12-29,1231,G8025,HE218,2,5,5,3619,0,0,0,NA,0,HE2,MAIN ST,H AV,46,W,N,A,-,N,NA,NA,NA,NA,NA,NA,NA,NA,NA,Y,4,0,2,2,A,-,09,21804,A,N,D,C,A,A,H,-,A,A,0,NA,NA,NA,NA,Y,NA,A,07,0,0,2,0,0,0,0,0,0,-,-,NA,NA,SAN BERNARDINO,HESPERIA,-117.28555297851563,34.41918182373047
92149707,2023,2023-08-22,9855,2023-08-12,1350,023027,NA,6,1,6,3604,0,1,1,NA,2,153,I-15 S/B (ONTARIO FWY),SUMMIT AVE,50,N,N,A,-,Y,SBD,NA,15,NA,NA,9.597,H,NA,L,N,4,0,1,2,A,-,07,21658,A,F,B,C,A,A,H,-,A,D,0,NA,NA,NA,NA,Y,NA,-,99,0,0,1,0,0,0,0,0,0,-,-,34.15044021606445,-117.47920989990234,SAN BERNARDINO,FONTANA,-117.47920989990234,34.15044021606445
92152281,2023,2023-08-24,9855,2023-08-22,745,014637,NA,2,1,6,3604,0,1,1,NA,2,201,SR-210 E/B (FOOTHILL FWY),SIERRA AVE,1500,W,N,A,-,Y,SBD,NA,210,NA,NA,14.414,H,NA,R,Y,4,0,1,2,A,-,03,22350,NA,N,C,C,A,A,H,-,A,D,0,NA,NA,NA,NA,Y,NA,A,01,0,0,1,0,0,0,0,0,0,-,-,34.136131286621094,-117.44506072998048,SAN BERNARDINO,FONTANA,-117.44506072998048,34.136260986328125
9215272,2021,2021-03-09,3608,2021-01-05,1440,4027,NA,2,5,5,3608,0,0,0,NA,0,NA,E COLTON AV,JUDSON ST,0,NA,Y,A,-,N,NA,NA,NA,NA,NA,NA,NA,NA,NA,N,4,0,1,2,A,-,09,21802,B,N,D,C,A,A,H,-,A,A,0,NA,NA,NA,NA,Y,NA,A,01,0,0,1,0,0,0,0,0,0,-,-,NA,NA,SAN BERNARDINO,REDLANDS,-117.15638732910156,34.06281280517578
92154679,2023,2023-08-25,9855,2023-08-22,816,015461,NA,2,1,6,3604,0,1,1,NA,2,101,I-10 W/B (SAN BERNARDINO FWY),CITRUS AVE,1268,E,N,A,-,Y,SBD,NA,10,NA,NA,15.439,H,NA,L,Y,4,0,2,3,A,-,03,22350,NA,N,C,C,A,A,H,-,A,D,0,NA,NA,NA,Y,Y,NA,G,25,0,0,2,0,0,0,0,0,0,-,-,34.06697082519531,-117.44925689697266,SAN BERNARDINO,FONTANA,-117.44925689697266,34.06693649291992
92157220,2023,2023-08-29,9855,2023-08-17,128,016215,NA,4,3,6,3607,0,1,3,NA,2,601,SR-60 E/B FROM GROVE AVENUE,GROVE AVENUE,32,E,N,A,-,Y,NA,NA,NA,NA,NA,NA,NA,NA,NA,Y,3,0,1,1,A,-,01,23152,A,N,E,I,A,A,H,-,C,A,0,NA,NA,NA,NA,Y,Y,D,22,0,1,0,0,0,0,0,0,0,-,-,34.029788970947266,-117.62831878662108,SAN BERNARDINO,ONTARIO,-117.62831878662108,34.029788970947266
92157448,2023,2023-08-29,9850,2023-08-20,1340,019278,NA,7,1,9,3600,0,1,3,NA,2,044,SR-247 N/B,COLBY STREET,285,N,N,C,-,Y,SBD,NA,247,NA,NA,41.472,H,NA,R,Y,2,0,6,1,A,-,08,22107,NA,N,E,I,A,B,H,-,A,D,0,NA,NA,NA,NA,Y,NA,A,07,3,2,1,0,0,0,0,0,0,-,-,34.4439811706543,-116.89087677001952,SAN BERNARDINO,UNINCORPORATED,-116.89087677001952,34.44394302368164
92158558,2023,2023-08-30,9860,2023-08-24,2346,022248,NA,4,3,6,3610,0,1,1,NA,2,216,I-215 N/B,LITTLE LEAGUE DRIVE,1160,N,N,A,-,Y,SBD,NA,215,NA,NA,15.153,H,NA,R,Y,4,0,1,1,A,-,08,22107,NA,N,E,I,A,A,H,-,D,D,0,NA,NA,NA,NA,Y,NA,D,22,0,0,1,0,0,0,0,0,0,-,-,34.201419830322266,-117.37477111816406,SAN BERNARDINO,SAN BERNARDINO,-117.3747787475586,34.201412200927734
92159832,2023,2023-08-31,9850,2023-08-20,630,020817,NA,7,1,5,3619,0,1,1,NA,2,082,I-15 N/B,MAIN ST. O/C,150,S,N,C,-,Y,SBD,NA,15,NA,NA,33.965,H,NA,R,N,3,0,1,1,A,-,03,22350,NA,N,F,A,A,B,D,-,B,D,0,NA,NA,NA,NA,Y,NA,A,01,0,1,0,0,0,0,0,0,0,-,-,34.42628860473633,-117.38050079345705,SAN BERNARDINO,HESPERIA,-117.3805694580078,34.426326751708984
92159900,2023,2023-08-31,9860,2023-08-17,950,014963,NA,4,1,9,3600,0,1,1,NA,2,102,I-10 E/B,CEDAR AVE.,1584,E,N,A,-,Y,SBD,NA,10,NA,R,18.826,H,NA,R,Y,4,0,1,3,A,-,03,22350,NA,N,C,C,A,A,D,-,A,D,0,NA,NA,NA,NA,Y,NA,D,22,0,0,1,0,0,0,0,0,0,-,-,34.06808853149414,-117.39029693603516,SAN BERNARDINO,UNINCORPORATED,-117.39028930664063,34.068214416503906
92160111,2023,2023-08-31,9860,2023-05-21,1845,022630,NA,7,2,9,3600,0,3,5,NA,2,001,GLEN HELEN PARKWAY,CAJON BOULEVARD,1778,S,N,A,-,N,NA,NA,NA,NA,NA,NA,NA,NA,NA,Y,1,1,0,1,A,-,03,22350,NA,N,E,I,A,A,H,-,A,D,0,NA,NA,Y,NA,Y,NA,C,02,0,0,0,0,0,0,0,1,0,-,-,34.21533966064453,-117.4027862548828,SAN BERNARDINO,UNINCORPORATED,-117.40272521972656,34.215579986572266
92160554,2023,2023-09-01,9860,2023-08-24,1540,022906,NA,4,2,4,3603,0,1,1,NA,2,214,I-215 S/B,W FAIRWAY DRIVE,396,S,N,A,-,Y,SBD,NA,215,NA,NA,2.604,H,NA,L,Y,4,0,1,2,A,-,03,22350,NA,N,C,C,A,A,H,-,A,D,0,NA,NA,NA,NA,Y,NA,A,01,0,0,1,0,0,0,0,0,0,-,-,34.04684066772461,-117.30874633789063,SAN BERNARDINO,COLTON,-117.30879974365234,34.0468864440918
92162162,2023,2023-09-05,9835,2023-08-26,1440,022787,NA,6,2,9,3600,0,1,1,NA,2,072,I-15 N/B,CALICO RD,125,N,N,A,-,Y,SBD,NA,15,NA,R,84.666,H,NA,R,Y,3,0,1,1,A,-,08,22107,NA,N,E,I,A,A,H,-,A,D,0,NA,NA,NA,NA,Y,NA,A,01,0,1,0,0,0,0,0,0,0,-,-,34.90938949584961,-116.83763122558594,SAN BERNARDINO,UNINCORPORATED,-116.83759307861328,34.90922164916992
92163699,2023,2023-09-06,9835,2023-08-31,2145,020976,NA,4,2,9,3600,0,1,1,NA,2,076,I-15 S/B,HALLORAN SUMMIT ROAD,5280,N,N,A,-,Y,SBD,NA,15,NA,NA,156.629,H,NA,L,Y,3,0,2,2,A,-,08,22107,NA,N,E,I,A,A,H,-,D,D,0,NA,NA,NA,Y,Y,NA,G,25,0,1,1,0,0,0,0,0,0,-,-,35.40904998779297,-115.77427673339844,SAN BERNARDINO,UNINCORPORATED,-115.77423858642578,35.408973693847656
92164756,2023,2023-09-07,9860,2023-08-29,140,023041,NA,2,3,4,3603,0,1,1,NA,2,103,I-10 E/B,RANCHO AVE,1320,E,N,A,-,Y,SBD,NA,10,NA,R,22.314,H,NA,R,Y,4,0,1,2,A,-,03,22350,NA,N,C,C,A,A,D,E,C,D,0,NA,NA,NA,Y,Y,NA,A,01,0,0,1,0,0,0,0,0,0,-,-,34.06623077392578,-117.32984161376952,SAN BERNARDINO,COLTON,-117.329833984375,34.066246032714844
92166111,2023,2023-09-11,9860,2023-08-30,1648,020533,NA,3,2,9,3600,0,2,4,NA,1,410,VALLEY BLVD,BLOOMINGTON WAY,410,W,N,A,-,N,NA,NA,NA,NA,NA,NA,NA,NA,NA,Y,4,0,2,2,A,-,08,22107,NA,N,D,C,A,A,H,-,A,D,0,NA,NA,NA,NA,Y,NA,A,07,0,0,2,0,0,0,0,0,0,-,-,34.070438385009766,-117.4132080078125,SAN BERNARDINO,UNINCORPORATED,-117.3965301513672,34.07048034667969
92167109,2023,2023-09-11,9855,2023-09-02,134,022510,NA,6,3,6,3604,0,1,1,NA,2,201,SR-210 E/B TO SIERRA AVE,SIERRA AVE,990,W,N,B,C,Y,NA,NA,NA,NA,NA,NA,NA,NA,NA,Y,4,0,1,1,A,-,03,22350,NA,N,F,A,A,B,H,-,D,D,0,NA,NA,Y,NA,Y,NA,C,02,0,0,1,0,0,0,0,0,1,-,-,34.13591003417969,-117.439453125,SAN BERNARDINO,FONTANA,-117.439453125,34.13591003417969
92167508,2023,2023-09-11,9855,2023-09-08,1815,021006,NA,5,2,6,3604,0,1,1,NA,2,101,I-10 E/B (SAN BERNARDINO FWY),ETIWANDA AVENUE,1500,E,N,A,-,Y,SBD,NA,10,NA,NA,11.519,H,NA,R,N,4,0,2,2,A,-,03,22350,NA,N,C,C,A,A,H,-,A,D,0,NA,NA,NA,NA,Y,NA,A,07,0,0,2,0,0,0,0,0,0,-,-,34.067508697509766,-117.51725769042967,SAN BERNARDINO,FONTANA,-117.51725769042967,34.06755828857422
9216761,2020,2021-02-08,3605,2020-12-25,0039,434,NA,5,5,4,3605,0,0,0,NA,0,NA,MISSION BL,ADA AV,163,W,N,A,-,N,NA,NA,NA,NA,NA,NA,NA,NA,NA,N,3,0,1,1,A,-,01,23152,A,N,E,I,A,A,H,-,C,A,0,NA,NA,NA,NA,Y,Y,A,01,0,1,0,0,0,0,0,0,0,-,-,NA,NA,SAN BERNARDINO,MONTCLAIR,-117.69112396240234,34.0560188293457
92168079,2023,2023-09-12,9850,2023-09-05,510,021562,NA,2,3,9,3600,0,2,4,NA,2,066,PHELAN RD,RIGGINS RD,150,W,N,A,-,N,NA,NA,NA,NA,NA,NA,NA,NA,NA,Y,3,0,1,2,A,-,03,22350,NA,N,C,C,A,A,H,-,D,D,0,NA,NA,NA,NA,Y,NA,A,07,0,1,0,0,0,0,0,0,0,-,-,34.4263916015625,-117.56881713867188,SAN BERNARDINO,UNINCORPORATED,-117.5686264038086,34.42634201049805
92171876,2023,2023-09-18,9860,2023-09-03,1435,022694,NA,7,2,9,3600,0,3,5,NA,2,001,VALERIAN WAY,FAWN LILY LN,0,NA,Y,A,-,N,NA,NA,NA,NA,NA,NA,NA,NA,NA,N,4,0,1,2,A,-,12,22450,A,N,H,G,A,A,H,-,A,A,0,NA,Y,NA,NA,Y,NA,L,04,0,0,1,0,0,0,1,0,0,-,-,34.184898376464844,-117.41935729980467,SAN BERNARDINO,UNINCORPORATED,-117.41936492919922,34.184818267822266
9217194,2021,2021-03-13,3610,2021-01-09,2200,51204,NA,6,5,6,3610,0,0,0,NA,0,ADAM,S MUSCOTT ST,W WALNUT ST,0,NA,Y,A,-,N,NA,NA,NA,NA,NA,NA,NA,NA,NA,Y,2,0,1,3,A,-,08,22107,NA,F,G,B,E,A,H,-,D,D,0,Y,NA,NA,NA,Y,NA,A,01,1,0,0,0,1,0,0,0,0,-,-,34.10081100463867,-117.32272338867188,SAN BERNARDINO,SAN BERNARDINO,-117.3217315673828,34.0964469909668
9217197,2021,2021-03-13,3610,2021-01-04,1320,51264,NA,1,5,6,3610,0,0,0,NA,0,DAVID,SOUTH WATERMAN AV,E CENTRAL AV,0,NA,Y,A,-,N,NA,NA,NA,NA,NA,NA,NA,NA,NA,Y,4,0,1,3,A,-,12,21453,A,N,D,C,A,A,H,-,A,A,0,NA,NA,NA,NA,Y,NA,A,01,0,0,1,0,0,0,0,0,0,-,-,34.08600997924805,-117.27880096435548,SAN BERNARDINO,SAN BERNARDINO,-117.27881622314452,34.08597946166992
92173432,2023,2023-09-19,9855,2023-09-13,1340,023023,NA,3,1,6,3616,0,1,1,NA,2,152,I-15 S/B FROM FOOTHILL BLVD (ONTARIO FWY),SR-66 E/B (FOOTHILL BLVD.),75,S,N,A,-,Y,NA,NA,NA,NA,NA,NA,NA,NA,NA,N,4,0,1,1,C,-,18,NA,NA,N,E,I,A,A,H,-,A,A,0,NA,NA,NA,NA,Y,NA,-,-,0,0,1,0,0,0,0,0,0,-,-,34.10599136352539,-117.53392028808594,SAN BERNARDINO,RANCHO CUCAMONGA,-117.53392028808594,34.10599136352539
92174686,2023,2023-09-20,9860,2023-09-16,1015,020654,NA,6,1,5,3609,0,1,1,NA,2,102,I-10 W/B,PEPPER AVE,2112,W,N,B,-,Y,SBD,NA,10,NA,NA,20.51,H,NA,L,N,4,0,1,3,A,-,07,21658,A,N,B,C,A,A,H,-,A,D,0,NA,NA,NA,NA,Y,NA,A,01,0,0,1,0,0,0,0,0,0,-,-,34.0689811706543,-117.36093902587892,SAN BERNARDINO,RIALTO,-117.36093902587892,34.06900405883789
92175837,2023,2023-09-21,9855,2023-09-19,1700,021742,NA,2,2,6,3607,0,1,3,NA,2,601,SR-60 W/B (POMONA FWY),HAVEN AVENNUE,2000,E,N,A,-,Y,SBD,NA,60,NA,R,9.311,H,NA,L,N,4,0,1,2,A,-,03,22350,NA,N,C,C,A,A,H,-,A,D,0,NA,NA,NA,Y,Y,NA,F,26,0,0,1,0,0,0,0,0,0,-,-,34.02727127075195,-117.56899261474608,SAN BERNARDINO,ONTARIO,-117.56903839111328,34.02715301513672
92175865,2023,2023-09-21,9855,2023-09-16,1053,020367,NA,6,1,9,3600,0,3,5,NA,2,001,SAN BERNARDINO AVE.,CUPID AVE.,150,W,N,B,-,N,NA,NA,NA,NA,NA,NA,NA,NA,NA,N,4,0,1,2,A,-,08,22103,NA,N,D,C,A,A,H,-,A,D,0,NA,NA,NA,NA,Y,NA,A,01,0,0,1,0,0,0,0,0,0,-,-,34.07748031616211,-117.47891998291016,SAN BERNARDINO,UNINCORPORATED,-117.4788055419922,34.07741928100586
92176198,2023,2023-09-21,9870,2023-09-19,715,023411,NA,2,1,9,3600,0,1,3,NA,1,031,SR-62 (TWENTYNINE PALMS HWY.),ELWOOD ST.,30,W,N,A,-,Y,NA,NA,NA,NA,NA,NA,NA,NA,NA,N,4,0,1,2,A,-,03,22350,NA,N,C,C,A,A,H,-,A,D,0,NA,NA,NA,NA,Y,NA,A,07,0,0,1,0,0,0,0,0,0,-,-,NA,NA,SAN BERNARDINO,UNINCORPORATED,NA,NA
92177313,2023,2023-09-22,9855,2023-09-12,1815,021742,NA,2,2,6,3607,0,1,3,NA,2,601,SR-60 E/B (POMONA FWY),S. CAMPUS AVENUE,100,E,N,A,-,Y,SBD,NA,60,NA,R,5.146,H,NA,R,Y,3,0,1,5,A,-,03,22350,NA,N,C,C,A,A,H,-,A,D,0,NA,NA,NA,NA,Y,NA,D,22,0,1,0,0,0,0,0,0,0,-,-,34.03038024902344,-117.64098358154295,SAN BERNARDINO,ONTARIO,-117.64097595214844,34.03034973144531
92177699,2023,2023-09-25,9860,2023-09-18,1900,022875,NA,1,2,4,3603,0,1,1,NA,2,103,I-10 E/B,I-215,370,W,N,A,-,Y,SBD,NA,10,NA,R,24.161,H,NA,R,Y,3,0,1,1,A,-,08,22107,NA,N,E,I,A,A,H,-,D,D,0,NA,NA,NA,NA,Y,NA,A,07,0,1,0,0,0,0,0,0,0,-,-,34.064239501953125,-117.29802703857422,SAN BERNARDINO,COLTON,-117.29801940917967,34.064308166503906
92181050,2023,2023-09-27,9855,2023-09-18,1625,023027,NA,1,2,6,3607,0,1,1,NA,2,152,I-15 N/B (ONTARIO FWY),JURUPA ST,1780,N,N,A,-,Y,SBD,NA,15,NA,NA,1.358,H,NA,R,Y,4,0,1,4,A,-,03,22350,NA,N,C,C,A,A,H,-,A,D,0,NA,NA,NA,NA,Y,NA,D,22,0,0,1,0,0,0,0,0,0,-,-,34.05278015136719,-117.54782104492188,SAN BERNARDINO,ONTARIO,-117.5478515625,34.052791595458984