CASE_ID,ACCIDENT_YEAR,PROC_DATE,JURIS,COLLISION_DATE,COLLISION_TIME,OFFICER_ID,REPORTING_DISTRICT,DAY_OF_WEEK,CHP_SHIFT,POPULATION,CNTY_CITY_LOC,SPECIAL_COND,BEAT_TYPE,CHP_BEAT_TYPE,CITY_DIVISION_LAPD,CHP_BEAT_CLASS,BEAT_NUMBER,PRIMARY_RD,SECONDARY_RD,DISTANCE,DIRECTION,INTERSECTION,WEATHER_1,WEATHER_2,STATE_HWY_IND,CALTRANS_COUNTY,CALTRANS_DISTRICT,STATE_ROUTE,ROUTE_SUFFIX,POSTMILE_PREFIX,POSTMILE,LOCATION_TYPE,RAMP_INTERSECTION,SIDE_OF_HWY,TOW_AWAY,COLLISION_SEVERITY,NUMBER_KILLED,NUMBER_INJURED,PARTY_COUNT,PRIMARY_COLL_FACTOR,PCF_CODE_OF_VIOL,PCF_VIOL_CATEGORY,PCF_VIOLATION,PCF_VIOL_SUBSECTION,HIT_AND_RUN,TYPE_OF_COLLISION,MVIW,PED_ACTION,ROAD_SURFACE,ROAD_COND_1,ROAD_COND_2,LIGHTING,CONTROL_DEVICE,CHP_ROAD_TYPE,PEDESTRIAN_ACCIDENT,BICYCLE_ACCIDENT,MOTORCYCLE_ACCIDENT,TRUCK_ACCIDENT,NOT_PRIVATE_PROPERTY,ALCOHOL_INVOLVED,STWD_VEHTYPE_AT_FAULT,CHP_VEHTYPE_AT_FAULT,COUNT_SEVERE_INJ,COUNT_VISIBLE_INJ,COUNT_COMPLAINT_PAIN,COUNT_PED_KILLED,COUNT_PED_INJURED,COUNT_BICYCLIST_KILLED,COUNT_BICYCLIST_INJURED,COUNT_MC_KILLED,COUNT_MC_INJURED,PRIMARY_RAMP,SECONDARY_RAMP,LATITUDE,LONGITUDE,COUNTY,CITY,POINT_X,POINT_Y
9365259,2021,2021-12-21,3610,2021-11-15,1328,50569,NA,1,5,6,3610,0,0,0,NA,0,POLICE,W RIALTO AV,N J ST,0,NA,Y,A,-,N,NA,NA,NA,NA,NA,NA,NA,NA,NA,Y,4,0,1,3,A,-,09,21801,B,N,D,C,A,A,H,-,A,D,0,NA,NA,NA,NA,Y,NA,A,01,0,0,1,0,0,0,0,0,0,-,-,NA,NA,SAN BERNARDINO,SAN BERNARDINO,-117.30541229248048,34.10084533691406
9367162,2021,2021-12-06,3604,2021-10-10,1655,1139,NA,7,5,6,3604,0,0,0,NA,0,NA,RT 66,MANGO AV,90,E,N,A,-,N,NA,NA,NA,NA,NA,NA,NA,NA,NA,Y,3,0,2,3,A,-,03,22350,NA,N,C,C,A,A,H,-,A,A,0,NA,NA,NA,NA,Y,NA,A,07,0,1,1,0,0,0,0,0,0,-,-,NA,NA,SAN BERNARDINO,FONTANA,-117.43115234375,34.10662841796875
9369467,2021,2022-01-06,3600,2021-12-03,1826,F8556,RC072,5,5,6,3616,0,0,0,NA,0,003,BASELINE RD,EAST AV,50,W,N,A,-,N,NA,NA,NA,NA,NA,NA,NA,NA,NA,N,4,0,2,2,A,-,03,22350,NA,N,C,C,A,A,H,-,C,B,0,NA,NA,NA,NA,Y,NA,D,22,0,0,2,0,0,0,0,0,0,-,-,NA,NA,SAN BERNARDINO,RANCHO CUCAMONGA,-117.51467895507813,34.12131118774414
9369637,2021,2021-12-21,3600,2021-10-21,1524,F7786,RC058,4,5,6,3616,0,0,0,NA,0,004,9TH ST,BAKER AV,0,NA,Y,A,-,N,NA,NA,NA,NA,NA,NA,NA,NA,NA,Y,3,0,3,2,A,-,12,22450,A,N,D,C,A,A,H,-,A,D,0,NA,NA,NA,NA,Y,NA,A,01,0,1,2,0,0,0,0,0,0,-,-,NA,NA,SAN BERNARDINO,RANCHO CUCAMONGA,-117.6198501586914,34.095760345458984
9369815,2021,2022-01-04,3600,2021-12-01,1633,F7786,RC200,3,5,6,3616,0,0,0,NA,0,RCM,N MAINSTREET,MONET AV,290,E,N,A,-,N,NA,NA,NA,NA,NA,NA,NA,NA,NA,N,3,0,1,2,A,-,08,22107,NA,N,B,G,A,A,H,-,B,D,0,NA,Y,NA,NA,Y,NA,A,07,0,1,0,0,0,0,1,0,0,-,-,NA,NA,SAN BERNARDINO,RANCHO CUCAMONGA,-117.53360748291016,34.11212158203125
9370537,2021,2022-03-17,3610,2021-11-27,0230,51264,NA,6,5,6,3610,0,0,0,NA,0,BAKER,WEST HIGHLAND AV,N E ST,0,NA,Y,A,-,N,NA,NA,NA,NA,NA,NA,NA,NA,NA,N,4,0,1,2,A,-,09,21801,B,N,D,C,A,A,H,-,C,A,0,NA,NA,NA,NA,Y,NA,A,01,0,0,1,0,0,0,0,0,0,-,-,NA,NA,SAN BERNARDINO,SAN BERNARDINO,-117.29415130615234,34.13600158691406
9370983,2021,2021-11-24,3604,2021-10-15,0940,473,3604,5,5,6,3604,0,0,0,NA,0,002,BASELINE AV,PALMETTO AV,0,NA,Y,A,G,N,NA,NA,NA,NA,NA,NA,NA,NA,NA,N,4,0,2,2,A,-,09,21802,A,N,D,C,A,A,H,-,A,A,0,NA,NA,NA,NA,Y,NA,A,01,0,0,2,0,0,0,0,0,0,-,-,NA,NA,SAN BERNARDINO,FONTANA,-117.42714691162108,34.121341705322266
9371444,2021,2022-06-03,3608,2021-10-16,2357,NA,NA,6,5,5,3608,0,0,0,NA,0,NA,TERRACINA BL,LADERA ST,80,S,N,A,-,N,NA,NA,NA,NA,NA,NA,NA,NA,NA,Y,3,0,2,2,A,-,01,23152,A,N,A,C,A,A,H,-,C,D,0,NA,NA,NA,NA,Y,Y,D,22,0,2,0,0,0,0,0,0,0,-,-,34.04671096801758,-117.21372222900392,SAN BERNARDINO,REDLANDS,-117.21385192871094,34.04679489135742
9372825,2021,2022-01-12,3610,2021-11-03,1900,51171,NA,3,5,6,3610,0,0,0,NA,0,POLICE,W 40TH ST,NORTH SIERRA WY,0,NA,Y,A,-,N,NA,NA,NA,NA,NA,NA,NA,NA,NA,Y,3,0,1,2,A,-,09,21801,A,N,D,C,A,A,H,-,C,A,0,NA,NA,NA,NA,Y,NA,A,01,0,1,0,0,0,0,0,0,0,-,-,34.16489028930664,-117.28500366210938,SAN BERNARDINO,SAN BERNARDINO,-117.28502655029295,34.16490173339844
9373065,2021,2021-12-11,3600,2021-10-27,1610,G3826,HI023,3,5,4,3618,0,0,0,NA,0,HI3,HIGHLAND AV,GALA ST,25,E,N,A,-,N,NA,NA,NA,NA,NA,NA,NA,NA,NA,Y,3,0,1,2,A,-,08,22103,NA,N,D,C,A,A,H,-,A,D,0,NA,NA,NA,NA,Y,NA,A,01,0,1,0,0,0,0,0,0,0,-,-,NA,NA,SAN BERNARDINO,HIGHLAND,-117.17909240722656,34.12883377075195
9373456,2021,2021-12-21,3600,2021-11-20,2149,G6198,VC048,6,5,5,3612,0,0,0,NA,0,VC6,PALMDALE RD,MARIPOSA RD,23,W,-,A,-,Y,SBD,8,15,-,-,40.683,R,4,N,Y,3,0,1,2,A,-,01,23152,A,F,D,C,A,A,H,-,C,A,0,NA,NA,NA,NA,Y,Y,D,22,0,1,0,0,0,0,0,0,0,-,-,34.50811004638672,-117.3214111328125,SAN BERNARDINO,VICTORVILLE,-117.32207489013672,34.51029586791992
9374767,2021,2021-12-08,3600,2021-07-21,0512,G4519,VC056,3,5,5,3612,0,0,0,NA,0,VC5,PALMDALE RD,AMARGOSA RD,0,NA,Y,A,-,N,NA,NA,NA,NA,NA,NA,NA,NA,NA,N,2,0,1,3,A,-,00,22453,A,N,D,C,A,A,H,-,A,A,0,NA,NA,NA,NA,Y,NA,A,07,1,0,0,0,0,0,0,0,0,-,-,NA,NA,SAN BERNARDINO,VICTORVILLE,-117.33013916015624,34.506954193115234
9375161,2021,2022-01-11,3605,2021-11-17,1541,449,NA,3,5,4,3605,0,0,0,NA,0,NA,FREMONT AV,BENITO ST,0,NA,Y,A,-,N,NA,NA,NA,NA,NA,NA,NA,NA,NA,N,3,0,1,2,A,-,10,21950,A,N,G,B,B,A,H,-,A,A,0,Y,NA,NA,NA,Y,NA,A,07,0,1,0,0,1,0,0,0,0,-,-,NA,NA,SAN BERNARDINO,MONTCLAIR,-117.69390869140624,34.07400131225586
9375608,2021,2021-12-16,3610,2021-11-13,1813,51130,NA,6,5,6,3610,0,0,0,NA,0,DAVID,W 9TH ST,W 9TH ST  695,0,NA,Y,A,-,N,NA,NA,NA,NA,NA,NA,NA,NA,NA,N,4,0,1,2,A,-,08,22107,NA,F,D,G,A,A,H,-,C,A,0,NA,Y,NA,NA,Y,NA,A,01,0,0,1,0,0,0,1,0,0,-,-,34.11579132080078,-117.29865264892578,SAN BERNARDINO,SAN BERNARDINO,-117.28514099121094,34.115779876708984
9375830,2021,2021-12-17,3600,2021-08-10,1912,E3370,RC046,2,5,6,3616,0,0,0,NA,0,001,19TH ST,CARNELIAN ST,136,W,N,A,-,N,NA,NA,NA,NA,NA,NA,NA,NA,NA,Y,3,0,1,2,A,-,09,21804,A,N,C,C,A,A,H,-,B,A,0,NA,NA,NA,NA,Y,NA,A,01,0,1,0,0,0,0,0,0,0,-,-,NA,NA,SAN BERNARDINO,RANCHO CUCAMONGA,-117.61666870117188,34.13261032104492
9375920,2021,2021-12-29,3600,2021-11-23,1850,H7585,HE102,2,5,5,3619,0,0,0,NA,0,HE1,COTTONWOOD AV,EUCALYPTUS ST,0,NA,Y,A,-,N,NA,NA,NA,NA,NA,NA,NA,NA,NA,Y,4,0,1,2,A,-,09,21800,A,N,D,C,A,A,H,-,C,A,0,NA,NA,NA,NA,Y,NA,D,22,0,0,1,0,0,0,0,0,0,-,-,NA,NA,SAN BERNARDINO,HESPERIA,-117.33856964111328,34.455997467041016
9376144,2021,2021-12-14,3600,2021-10-05,0911,C9389,RC061,2,5,6,3616,0,0,0,NA,0,RC3,ROCHESTER AV,LARK DR,0,NA,Y,A,-,N,NA,NA,NA,NA,NA,NA,NA,NA,NA,Y,4,0,1,2,A,-,09,21801,A,N,D,C,A,A,H,-,A,A,0,NA,NA,NA,NA,Y,NA,A,01,0,0,1,0,0,0,0,0,0,-,-,NA,NA,SAN BERNARDINO,RANCHO CUCAMONGA,-117.5453872680664,34.1324462890625
9376160,2021,2021-12-14,3600,2021-10-15,0015,F8945,VC020,5,5,5,3612,0,0,0,NA,0,VC3,MARIPOSA AV,LOCUST AV,627,S,N,A,-,N,NA,NA,NA,NA,NA,NA,NA,NA,NA,Y,2,0,2,1,A,-,03,22350,NA,N,F,A,A,A,H,-,D,D,0,NA,NA,NA,NA,Y,NA,A,01,1,0,1,0,0,0,0,0,0,-,-,34.47615051269531,-117.34114837646484,SAN BERNARDINO,VICTORVILLE,-117.3356704711914,34.48146438598633
9376611,2021,2022-01-05,3604,2021-11-07,1149,680,NA,7,5,6,3604,0,0,0,NA,0,NA,JUNIPER AV,RANDALL AV,40,N,N,A,-,N,NA,NA,NA,NA,NA,NA,NA,NA,NA,N,4,0,1,2,A,-,03,22350,NA,N,C,C,A,A,H,-,A,A,0,NA,NA,NA,NA,Y,NA,A,01,0,0,1,0,0,0,0,0,0,-,-,NA,NA,SAN BERNARDINO,FONTANA,-117.44007873535156,34.0849494934082
9376618,2021,2022-01-05,3604,2021-11-28,1319,680,NA,7,5,6,3604,0,0,0,NA,0,NA,SIERRA AV,CIVIC CENTER DR,75,N,N,A,-,N,NA,NA,NA,NA,NA,NA,NA,NA,NA,N,4,0,1,2,A,-,03,22350,NA,N,C,C,A,A,H,-,A,A,0,NA,NA,NA,NA,Y,NA,A,01,0,0,1,0,0,0,0,0,0,-,-,NA,NA,SAN BERNARDINO,FONTANA,NA,NA
9377230,2021,2021-12-21,3600,2021-09-27,2148,G3860,RC052,1,5,6,3616,0,0,0,NA,0,RC4,FOOTHILL BL,VINEYARD AV,0,NA,Y,A,-,N,NA,NA,NA,NA,NA,NA,NA,NA,NA,N,3,0,1,2,A,-,17,21461,A,F,E,G,A,A,-,-,C,A,0,NA,Y,NA,NA,Y,NA,L,04,0,1,0,0,0,0,1,0,0,-,-,NA,NA,SAN BERNARDINO,RANCHO CUCAMONGA,-117.61106872558594,34.106571197509766
9377450,2021,2022-01-10,3600,2021-12-04,1410,H5258,HE108,6,5,5,3619,0,0,0,NA,0,HE1,4TH AV,EUCALYPTUS ST,0,NA,Y,A,-,N,NA,NA,NA,NA,NA,NA,NA,NA,NA,Y,3,0,1,2,A,-,12,22450,A,N,D,C,A,A,H,-,A,A,0,NA,NA,NA,NA,Y,NA,D,22,0,1,0,0,0,0,0,0,0,-,-,NA,NA,SAN BERNARDINO,HESPERIA,-117.30641174316406,34.45621109008789
9377453,2021,2022-01-06,3608,2021-11-07,1125,5047,NA,7,5,5,3608,0,0,0,NA,0,NA,BROCKTON AV,UNIVERSITY AV,0,NA,Y,A,-,N,NA,NA,NA,NA,NA,NA,NA,NA,NA,Y,3,0,2,2,A,-,12,22450,NA,N,D,C,A,A,H,-,A,A,0,NA,NA,NA,NA,Y,NA,A,01,0,1,1,0,0,0,0,0,0,-,-,NA,NA,SAN BERNARDINO,REDLANDS,-117.1672592163086,34.066402435302734
9377461,2021,2022-01-04,3608,2021-11-25,1246,3675,NA,4,5,5,3608,0,0,0,NA,0,NA,HIGHLAND AV,CAJON ST,0,NA,Y,A,-,N,NA,NA,NA,NA,NA,NA,NA,NA,NA,Y,4,0,1,2,D,-,00,NA,NA,N,D,C,A,A,H,-,A,A,0,NA,NA,NA,NA,Y,NA,-,-,0,0,1,0,0,0,0,0,0,-,-,NA,NA,SAN BERNARDINO,REDLANDS,-117.17166900634766,34.04133987426758
9377674,2021,2022-01-07,3600,2021-12-02,1421,I6865,VC072,4,5,5,3612,0,0,0,NA,0,VC6,MOJAVE DR,DIAMOND RD,400,W,N,A,-,N,NA,NA,NA,NA,NA,NA,NA,NA,NA,Y,3,0,1,4,A,-,08,22107,NA,M,B,C,A,A,H,-,A,A,0,NA,NA,NA,NA,Y,NA,-,99,0,1,0,0,0,0,0,0,0,-,-,34.52824020385742,-117.37808990478516,SAN BERNARDINO,VICTORVILLE,-117.37876129150392,34.5284309387207
9378374,2021,2022-01-19,3600,2021-12-08,1716,I6865,VC021,3,5,5,3612,0,0,0,NA,0,VC3,MOJAVE FISH HATCHERY RD,BEAR VALLEY RD,47,N,N,A,-,N,NA,NA,NA,NA,NA,NA,NA,NA,NA,N,3,0,1,2,A,-,11,21954,A,N,G,B,E,A,H,-,C,D,0,Y,NA,NA,NA,Y,NA,N,60,0,1,0,0,1,0,0,0,0,-,-,34.471229553222656,-117.25820922851563,SAN BERNARDINO,VICTORVILLE,-117.25823974609376,34.4710693359375
9378384,2021,2022-01-19,3600,2021-12-09,2117,F8945,VC036,4,5,5,3612,0,0,0,NA,0,VC1,6TH ST,A ST,0,NA,Y,A,-,N,NA,NA,NA,NA,NA,NA,NA,NA,NA,Y,3,0,1,2,A,-,03,22350,NA,N,C,C,A,A,H,-,C,D,0,NA,NA,NA,NA,Y,NA,A,07,0,1,0,0,0,0,0,0,0,-,-,34.5348014831543,-117.29604339599608,SAN BERNARDINO,VICTORVILLE,-117.29656982421876,34.53450393676758
9378390,2021,2022-02-03,3600,2021-12-20,1728,H8241,VC059,1,5,5,3612,0,0,0,NA,0,VC4,NORTH STAR AV,AMETHYST RD,8,E,N,A,-,N,NA,NA,NA,NA,NA,NA,NA,NA,NA,N,3,0,1,2,A,-,12,22450,NA,N,D,C,A,A,H,-,C,D,0,NA,NA,NA,NA,Y,NA,A,01,0,1,0,0,0,0,0,0,0,-,-,NA,NA,SAN BERNARDINO,VICTORVILLE,-117.3642807006836,34.4776611328125
9378865,2021,2021-12-22,3600,2021-07-23,1939,G5390,YV019,5,5,3,3631,0,0,0,NA,0,YV1,RT 62,CHEROKEE TRL,0,NA,Y,A,-,Y,SBD,8,62,-,-,10.62,I,5,E,N,2,0,1,2,A,-,11,21954,A,F,G,G,D,A,H,-,A,D,0,Y,NA,NA,NA,Y,NA,N,60,1,0,0,0,1,0,0,0,0,-,-,34.11867141723633,-116.44891357421876,SAN BERNARDINO,YUCCA VALLEY,-116.4443588256836,34.1198616027832
9379410,2021,2022-01-20,3600,2021-12-29,1744,H9794,VC043,3,5,5,3612,0,0,0,NA,0,VC1,RT 18,STODDARD WELLS RD,500,E,N,B,C,Y,SBD,8,18,-,-,95.18,H,-,N,Y,3,0,2,4,A,-,03,22350,NA,N,C,C,A,B,H,-,B,D,0,NA,NA,NA,NA,Y,NA,A,07,0,1,1,0,0,0,0,0,0,-,-,34.53514862060547,-117.28514862060548,SAN BERNARDINO,VICTORVILLE,-117.28453063964844,34.535423278808594
9379732,2021,2022-02-17,3600,2021-11-28,2357,I4717,VV142,7,5,5,3612,0,0,0,NA,0,PH1,RT 2,WRIGHT MOUNTAIN RD,10560,N,N,A,-,Y,SBD,8,2,-,-,4.71,H,-,E,Y,4,0,1,1,A,-,01,23152,A,N,E,I,A,A,H,-,D,A,0,NA,NA,NA,NA,Y,Y,A,01,0,0,1,0,0,0,0,0,0,-,-,NA,NA,SAN BERNARDINO,VICTORVILLE,-117.6007080078125,34.379878997802734
9379923,2022,2022-02-17,3600,2022-01-17,1425,G5239,AP005,1,5,5,3621,0,0,0,NA,0,AP1,RT 18,APPLE VALLEY RD,0,NA,Y,A,-,Y,SBD,8,18,-,-,94.39,I,5,S,N,3,0,1,2,A,-,12,21453,A,N,D,G,A,B,H,-,A,A,0,NA,Y,NA,NA,Y,NA,L,04,0,1,0,0,0,0,1,0,0,-,-,NA,NA,SAN BERNARDINO,APPLE VALLEY,-117.27243041992188,34.54001998901367
9382113,2022,2022-02-08,3610,2022-01-18,1203,51368,NA,2,5,6,3610,0,0,0,NA,0,POLICE,N PALM AV,RT 215,0,NA,Y,B,-,Y,SBD,8,215,-,-,14.31,R,4,N,Y,4,0,1,2,A,-,09,21801,A,N,D,C,A,A,H,-,A,A,0,NA,NA,NA,NA,Y,NA,A,01,0,0,1,0,0,0,0,0,0,-,-,34.191139221191406,-117.36129760742188,SAN BERNARDINO,SAN BERNARDINO,-117.36404418945313,34.19308090209961
9383202,2021,2022-01-07,3600,2021-11-08,0517,H7533,HI019,1,5,4,3618,0,0,0,NA,0,HI3,GREENSPOT RD,NORTH GREENSPOT,23,S,N,A,-,N,NA,NA,NA,NA,NA,NA,NA,NA,NA,Y,3,0,1,1,D,-,00,NA,NA,N,H,A,A,A,H,-,C,D,0,NA,NA,Y,NA,Y,Y,-,-,0,1,0,0,0,0,0,0,1,-,-,34.1085205078125,-117.19242095947266,SAN BERNARDINO,HIGHLAND,-117.1982879638672,34.10800552368164
9383582,2021,2022-02-03,3600,2021-12-09,1412,I4720,HE101,4,5,5,3619,0,0,0,NA,0,HE1,BEAR VALLEY RD,MARIPOSA AV,0,NA,Y,B,C,N,NA,NA,NA,NA,NA,NA,NA,NA,NA,N,3,0,1,2,A,-,17,21451,A,N,D,C,A,B,-,-,A,A,0,NA,NA,NA,NA,Y,NA,A,01,0,1,0,0,0,0,0,0,0,-,-,NA,NA,SAN BERNARDINO,HESPERIA,-117.34286499023438,34.47045135498047
9384653,2021,2021-12-27,3600,2021-05-04,2031,G7668,RC5,2,5,6,3616,0,0,0,NA,0,005,TERRA VISTA PKWY,MOUNTAIN VIEW DR,0,NA,Y,A,-,N,NA,NA,NA,NA,NA,NA,NA,NA,NA,N,3,0,1,2,A,-,09,21801,A,N,D,C,A,A,H,-,C,A,0,NA,NA,Y,NA,Y,NA,C,02,0,1,0,0,0,0,0,0,1,-,-,NA,NA,SAN BERNARDINO,RANCHO CUCAMONGA,-117.5526123046875,34.11737060546875
9386497,2021,2022-01-07,3602,2021-12-03,1326,1256,NA,5,5,5,3602,0,0,0,NA,0,NA,KIMBALL AV,EUCLID AV,32,W,N,A,-,N,NA,NA,NA,NA,NA,NA,NA,NA,NA,N,4,0,2,2,A,-,03,22350,NA,N,C,C,A,A,H,-,A,A,0,NA,NA,NA,NA,Y,NA,D,22,0,0,2,0,0,0,0,0,0,-,-,33.58060073852539,-117.39019775390624,SAN BERNARDINO,CHINO,-117.65086364746094,33.968509674072266
9386633,2021,2022-01-05,3610,2021-12-08,0719,51285,NA,3,5,6,3610,0,0,0,NA,0,CHARLI,S TIPPECANOE AV,E SAN BERNARDINO AV,0,NA,Y,A,-,N,NA,NA,NA,NA,NA,NA,NA,NA,NA,Y,4,0,1,2,A,-,09,21801,A,N,A,C,A,A,H,-,A,A,0,NA,NA,NA,NA,Y,NA,A,01,0,0,1,0,0,0,0,0,0,-,-,34.07752990722656,-117.25972747802734,SAN BERNARDINO,SAN BERNARDINO,-117.25975036621094,34.077537536621094
9386750,2021,2022-01-18,3600,2021-12-22,0939,G3926,HE215,3,5,5,3619,0,0,0,NA,0,HE2,VINE ST,DEL MAR AV,26,W,N,A,-,N,NA,NA,NA,NA,NA,NA,NA,NA,NA,Y,4,0,1,1,C,-,18,NA,NA,N,E,I,A,A,H,-,A,D,0,NA,NA,NA,NA,Y,NA,-,-,0,0,1,0,0,0,0,0,0,-,-,NA,NA,SAN BERNARDINO,HESPERIA,-117.24657440185548,34.419189453125
9386942,2021,2022-01-10,3600,2021-07-20,2108,G7668,RC03,2,5,6,3616,0,0,0,NA,0,003,KENYON WY,HORIZON PL,10,E,N,A,-,N,NA,NA,NA,NA,NA,NA,NA,NA,NA,Y,3,0,1,1,A,-,08,22107,NA,N,-,I,A,A,H,-,C,D,0,NA,NA,NA,NA,Y,NA,A,01,0,1,0,0,0,0,0,0,0,-,-,NA,NA,SAN BERNARDINO,RANCHO CUCAMONGA,-117.55674743652344,34.134212493896484
9387367,2021,2022-08-22,3610,2021-12-10,2500,51237,NA,5,5,6,3610,0,0,0,NA,0,NA,E LYNWOOD DR,N MOUNTAIN AV,0,NA,Y,B,-,N,NA,NA,NA,NA,NA,NA,NA,NA,NA,N,2,0,1,2,A,-,00,20001,NA,M,G,B,E,B,H,-,C,D,0,Y,NA,NA,NA,Y,NA,-,NA,1,0,0,0,1,0,0,0,0,-,-,34.1467399597168,-117.25672912597656,SAN BERNARDINO,SAN BERNARDINO,-117.25678253173828,34.14673614501953
9387374,2021,2022-08-22,3610,2021-12-04,1953,51260,NA,6,5,6,3610,0,0,0,NA,0,NA,E 13TH ST,NORTH WATERMAN AV,0,NA,Y,A,-,N,NA,NA,NA,NA,NA,NA,NA,NA,NA,Y,3,0,2,2,A,-,08,22107,NA,N,D,C,A,A,H,-,C,D,0,NA,NA,NA,NA,Y,NA,A,01,0,1,1,0,0,0,0,0,0,-,-,34.12133026123047,-117.27879333496094,SAN BERNARDINO,SAN BERNARDINO,-117.2787857055664,34.123348236083984
9388365,2021,2022-01-10,3600,2021-08-03,1207,F8556,RC051,2,5,6,3616,0,0,0,NA,0,004,ARROW RT,HELLMAN AV,556,W,N,A,-,N,NA,NA,NA,NA,NA,NA,NA,NA,NA,N,3,0,1,2,A,-,08,22107,NA,N,C,C,A,A,H,-,A,D,0,NA,NA,NA,NA,Y,NA,A,01,0,1,0,0,0,0,0,0,0,-,-,NA,NA,SAN BERNARDINO,RANCHO CUCAMONGA,-117.60411834716795,34.09933090209961
9388632,2021,2022-02-11,3600,2021-11-28,1026,E7222,VC016,7,5,5,3612,0,0,0,NA,0,VC02,VALLEY CENTER DR,LA PAZ DR,1080,S,N,A,-,N,NA,NA,NA,NA,NA,NA,NA,NA,NA,Y,3,0,1,2,A,-,09,21801,A,N,-,C,A,A,H,-,A,D,0,NA,NA,NA,NA,Y,NA,A,07,0,1,0,0,0,0,0,0,0,-,-,34.51665115356445,-117.31845092773438,SAN BERNARDINO,VICTORVILLE,-117.31838989257813,34.516788482666016
9389269,2022,2022-02-01,3600,2022-01-18,1556,G3926,HE212,2,5,5,3619,0,0,0,NA,0,HE2,PONDEROSA AV,CAJON ST,312,S,N,A,-,N,NA,NA,NA,NA,NA,NA,NA,NA,NA,N,3,0,2,2,A,-,05,21650,NA,N,A,C,A,A,H,-,A,D,0,NA,NA,NA,NA,Y,NA,A,01,0,1,1,0,0,0,0,0,0,-,-,NA,NA,SAN BERNARDINO,HESPERIA,-117.27872467041016,34.42414474487305
9389687,2021,2022-01-18,3600,2021-12-06,0920,H7585,HE103,1,5,5,3619,0,0,0,NA,0,HE1,BEAR VALLEY RD,11TH AV,0,NA,Y,A,-,N,NA,NA,NA,NA,NA,NA,NA,NA,NA,Y,4,0,1,2,A,-,12,21453,A,N,D,C,A,A,H,-,A,A,0,NA,NA,NA,NA,Y,NA,A,01,0,0,1,0,0,0,0,0,0,-,-,NA,NA,SAN BERNARDINO,HESPERIA,-117.32115173339844,34.470638275146484
9389730,2021,2022-01-18,3600,2021-12-24,0853,H6883,HE128,5,5,5,3619,0,0,0,NA,0,HE5,MAPLE AV,JUNIPER ST,63,N,N,B,-,N,NA,NA,NA,NA,NA,NA,NA,NA,NA,N,3,0,1,2,A,-,11,21954,A,N,G,B,D,B,H,-,A,D,0,Y,NA,NA,NA,Y,NA,N,60,0,1,0,0,1,0,0,0,0,-,-,NA,NA,SAN BERNARDINO,HESPERIA,-117.34651184082033,34.4283332824707
9389733,2021,2022-01-18,3600,2021-12-20,0946,H7585,HE121,1,5,5,3619,0,0,0,NA,0,HE1,BALSAM AV,CASHEW ST,0,NA,Y,B,-,N,NA,NA,NA,NA,NA,NA,NA,NA,NA,Y,4,0,1,3,A,-,09,21801,A,N,A,D,A,B,H,-,-,D,0,NA,NA,NA,NA,Y,NA,A,07,0,0,1,0,0,0,0,0,0,-,-,NA,NA,SAN BERNARDINO,HESPERIA,-117.32957458496094,34.43604278564453
9390892,2021,2022-01-25,3604,2021-12-02,0937,1086,NA,4,5,6,3604,0,0,0,NA,0,NA,BASELINE AV,PALMETTO AV,0,NA,Y,A,-,N,NA,NA,NA,NA,NA,NA,NA,NA,NA,N,4,0,2,2,A,-,09,21801,A,N,D,C,A,A,H,-,A,A,0,NA,NA,NA,NA,Y,NA,A,01,0,0,2,0,0,0,0,0,0,-,-,NA,NA,SAN BERNARDINO,FONTANA,-117.42714691162108,34.121341705322266
9391183,2021,2022-01-18,3608,2021-12-04,0937,4628,3608,6,5,5,3608,0,0,0,NA,0,901,6TH ST,SUN AV,0,NA,Y,A,-,N,NA,NA,NA,NA,NA,NA,NA,NA,NA,Y,4,0,1,2,A,-,09,21804,A,N,D,B,E,A,H,-,A,D,0,Y,NA,NA,NA,Y,NA,N,60,0,0,1,0,1,0,0,0,0,-,-,NA,NA,SAN BERNARDINO,REDLANDS,-117.18032836914063,34.064064025878906
9392734,2022,2022-01-28,3610,2022-01-07,1805,51276,NA,5,5,6,3610,0,0,0,NA,0,CHARLI,N ARGYLE AV,W 18TH ST,0,NA,Y,A,-,N,NA,NA,NA,NA,NA,NA,NA,NA,NA,Y,2,0,1,1,A,-,03,22350,NA,N,E,I,A,A,H,-,C,D,0,NA,NA,NA,NA,Y,NA,A,01,1,0,0,0,0,0,0,0,0,-,-,34.13227844238281,-117.24233245849608,SAN BERNARDINO,SAN BERNARDINO,-117.24308013916016,34.130592346191406
9392887,2021,2022-02-14,3604,2021-11-26,1936,1302,NA,5,5,6,3604,0,0,0,NA,0,NA,MERRILL AV,SIERRA AV,216,W,N,A,-,N,NA,NA,NA,NA,NA,NA,NA,NA,NA,N,4,0,1,2,A,-,05,21650,NA,F,B,G,A,A,H,-,C,D,0,NA,Y,NA,NA,Y,NA,L,04,0,0,1,0,0,0,1,0,0,-,-,NA,NA,SAN BERNARDINO,FONTANA,-117.43643188476563,34.09212112426758
9395483,2022,2022-02-23,3600,2022-01-07,0910,H7585,HE215,5,5,5,3619,0,0,0,NA,0,HE2,WASCO AV,BENICIA ST,0,NA,Y,A,-,N,NA,NA,NA,NA,NA,NA,NA,NA,NA,Y,4,0,2,2,A,-,12,22450,A,N,D,I,A,A,H,-,A,A,0,NA,NA,NA,NA,Y,NA,D,22,0,0,2,0,0,0,0,0,0,-,-,NA,NA,SAN BERNARDINO,HESPERIA,-117.24330902099608,34.423316955566406