CASE_ID,ACCIDENT_YEAR,PROC_DATE,JURIS,COLLISION_DATE,COLLISION_TIME,OFFICER_ID,REPORTING_DISTRICT,DAY_OF_WEEK,CHP_SHIFT,POPULATION,CNTY_CITY_LOC,SPECIAL_COND,BEAT_TYPE,CHP_BEAT_TYPE,CITY_DIVISION_LAPD,CHP_BEAT_CLASS,BEAT_NUMBER,PRIMARY_RD,SECONDARY_RD,DISTANCE,DIRECTION,INTERSECTION,WEATHER_1,WEATHER_2,STATE_HWY_IND,CALTRANS_COUNTY,CALTRANS_DISTRICT,STATE_ROUTE,ROUTE_SUFFIX,POSTMILE_PREFIX,POSTMILE,LOCATION_TYPE,RAMP_INTERSECTION,SIDE_OF_HWY,TOW_AWAY,COLLISION_SEVERITY,NUMBER_KILLED,NUMBER_INJURED,PARTY_COUNT,PRIMARY_COLL_FACTOR,PCF_CODE_OF_VIOL,PCF_VIOL_CATEGORY,PCF_VIOLATION,PCF_VIOL_SUBSECTION,HIT_AND_RUN,TYPE_OF_COLLISION,MVIW,PED_ACTION,ROAD_SURFACE,ROAD_COND_1,ROAD_COND_2,LIGHTING,CONTROL_DEVICE,CHP_ROAD_TYPE,PEDESTRIAN_ACCIDENT,BICYCLE_ACCIDENT,MOTORCYCLE_ACCIDENT,TRUCK_ACCIDENT,NOT_PRIVATE_PROPERTY,ALCOHOL_INVOLVED,STWD_VEHTYPE_AT_FAULT,CHP_VEHTYPE_AT_FAULT,COUNT_SEVERE_INJ,COUNT_VISIBLE_INJ,COUNT_COMPLAINT_PAIN,COUNT_PED_KILLED,COUNT_PED_INJURED,COUNT_BICYCLIST_KILLED,COUNT_BICYCLIST_INJURED,COUNT_MC_KILLED,COUNT_MC_INJURED,PRIMARY_RAMP,SECONDARY_RAMP,LATITUDE,LONGITUDE,COUNTY,CITY,POINT_X,POINT_Y
9432611,2022,2022-08-29,3610,2022-07-11,0551,50469,NA,1,5,6,3610,0,0,0,NA,0,NA,W 5TH ST,N J ST,0,NA,Y,A,-,Y,SBD,8,66,-,-,22.886,I,5,W,Y,3,0,2,2,A,-,12,21453,A,N,D,C,A,A,H,-,A,A,0,NA,NA,NA,NA,Y,NA,A,01,0,2,0,0,0,0,0,0,0,-,-,NA,NA,SAN BERNARDINO,SAN BERNARDINO,-117.30557250976563,34.108341217041016
9433146,2022,2022-10-24,3600,2022-07-25,0321,H5148,LL013,1,5,3,3615,0,0,0,NA,0,LL1,UNIVERSITY AVE,BARTON RD,50,N,N,A,-,N,NA,NA,NA,NA,NA,NA,NA,NA,NA,Y,3,0,1,1,A,-,03,22350,NA,N,E,I,A,A,H,-,C,D,0,NA,NA,NA,NA,Y,NA,J,48,0,1,0,0,0,0,0,0,0,-,-,34.05223846435547,-117.27424621582033,SAN BERNARDINO,LOMA LINDA,-117.2741470336914,34.05216598510742
9434779,2022,2022-04-14,3604,2022-02-24,1643,473,3604,4,5,6,3604,0,0,0,NA,0,003,VALLEY BL,CYPRESS AV,600,W,N,A,-,N,NA,NA,NA,NA,NA,NA,NA,NA,NA,Y,4,0,1,2,A,-,03,22350,NA,N,C,C,A,A,H,-,A,A,0,NA,NA,NA,NA,Y,NA,A,01,0,0,1,0,0,0,0,0,0,-,-,NA,NA,SAN BERNARDINO,FONTANA,-117.44636535644533,34.07033920288086
9435460,2022,2022-04-28,3601,2022-03-17,1616,P-25,BARST,4,5,3,3601,0,0,0,NA,0,PATROL,E MAIN ST,E MOUNTAIN VIEW ST,125,W,-,A,-,N,NA,NA,NA,NA,NA,NA,NA,NA,NA,N,3,0,1,2,A,-,09,21801,A,N,A,C,A,A,H,-,A,A,0,NA,NA,NA,NA,Y,NA,D,22,0,1,0,0,0,0,0,0,0,-,-,NA,NA,SAN BERNARDINO,BARSTOW,-117.00508880615234,34.894779205322266
9435737,2022,2022-04-27,3610,2022-03-26,0210,51264,NA,6,5,6,3610,0,0,0,NA,0,POLICE,S E ST,W FAIRWAY DR,0,NA,Y,A,-,N,NA,NA,NA,NA,NA,NA,NA,NA,NA,N,4,0,1,2,-,-,-,NA,A,F,A,C,A,A,H,-,C,A,0,NA,NA,NA,NA,Y,NA,-,NA,0,0,1,0,0,0,0,0,0,-,-,NA,NA,SAN BERNARDINO,SAN BERNARDINO,-117.29412078857422,34.068851470947266
94359969,2024,2024-08-19,9850,2024-08-07,1350,021639,NA,3,1,9,3600,0,2,4,NA,2,066,PHELAN RD,SCHLITZ RD,50,W,N,A,-,N,NA,NA,NA,NA,NA,NA,NA,NA,NA,Y,3,0,2,2,A,-,17,23114,A,N,E,J,A,A,H,-,A,D,0,NA,NA,NA,NA,Y,NA,E,22,0,2,0,0,0,0,0,0,0,-,-,34.42652130126953,-117.5344009399414,SAN BERNARDINO,UNINCORPORATED,-117.53428649902344,34.426509857177734
94361687,2024,2024-08-20,9855,2024-07-29,456,023529,NA,1,3,6,3604,0,1,1,NA,2,101,I-10 E/B (SAN BERNARDINO FWY),SIERRA AVENUE,357,W,N,A,-,Y,SBD,NA,10,NA,NA,16.134,H,NA,R,N,4,0,1,2,A,-,03,22350,NA,N,B,2,A,A,C,-,D,D,0,NA,NA,NA,NA,Y,NA,A,01,0,0,1,0,0,0,0,0,0,-,-,34.06718063354492,-117.43717956542967,SAN BERNARDINO,FONTANA,-117.43718719482422,34.06721878051758
94363558,2024,2024-08-21,9835,2024-08-19,530,022968,NA,1,3,9,3600,0,1,1,NA,2,075,I-15 N/B,HALLORAN SPRINGS RD,1803,S,N,A,-,Y,SBD,NA,15,NA,NA,149.262,H,NA,R,Y,4,0,1,3,A,-,03,22350,NA,N,C,C,A,A,H,-,B,D,0,NA,NA,NA,Y,Y,NA,A,01,0,0,1,0,0,0,0,0,0,-,-,35.372581481933594,-115.89678192138672,SAN BERNARDINO,UNINCORPORATED,-115.89678955078124,35.37260437011719
94364267,2024,2024-08-21,9855,2024-08-14,700,018313,NA,3,1,6,3607,0,1,1,NA,2,103,I-10 W/B (SAN BERNARDINO FWY),HAVEN AVE,200,W,N,A,-,Y,SBD,NA,10,NA,NA,8.063,H,NA,L,Y,4,0,1,2,A,-,03,22350,NA,N,C,C,A,A,H,-,A,D,0,NA,NA,NA,NA,Y,NA,A,07,0,0,1,0,0,0,0,0,0,-,-,34.06769943237305,-117.57760620117188,SAN BERNARDINO,ONTARIO,-117.5776138305664,34.067626953125
94369008,2024,2024-08-26,9865,2024-08-18,800,019929,NA,7,1,9,3600,0,1,3,NA,2,045,SR-38,MPM 38SBD30.0,50,W,N,A,-,Y,SBD,NA,38,NA,NA,30.005,H,NA,R,N,4,0,1,1,A,-,08,22107,NA,N,F,A,A,A,H,-,A,D,0,NA,NA,NA,NA,Y,NA,D,22,0,0,1,0,0,0,0,0,0,-,-,34.17074966430664,-116.84172058105467,SAN BERNARDINO,UNINCORPORATED,-116.84169006347656,34.170806884765625
94369193,2024,2024-08-26,9855,2024-08-04,58,023529,NA,7,3,6,3616,0,1,1,NA,2,152,I-15 N/B (ONTARIO FWY),FOOTHILL BLVD.,0.1,S,N,A,-,Y,SBD,NA,15,NA,NA,5.2,H,NA,R,N,4,0,1,2,C,-,18,NA,NA,N,A,C,A,A,H,-,D,D,0,NA,NA,NA,Y,Y,NA,-,-,0,0,1,0,0,0,0,0,0,-,-,34.10519027709961,-117.53318786621094,SAN BERNARDINO,RANCHO CUCAMONGA,-117.53326416015624,34.10525131225586
94370625,2024,2024-08-27,9860,2024-08-19,615,018275,NA,1,1,6,3610,0,1,1,NA,2,216,I-215 S/B,PALM AVE,1500,S,N,A,-,Y,SBD,NA,215,NA,NA,13.831,H,NA,L,N,4,0,1,2,A,-,07,21658,A,N,E,I,A,A,H,-,A,D,0,NA,NA,NA,Y,Y,NA,G,25,0,0,1,0,0,0,0,0,0,-,-,34.18843078613281,-117.35771942138672,SAN BERNARDINO,SAN BERNARDINO,-117.35774993896484,34.18839645385742
94375726,2023,2024-12-04,9855,2023-12-03,2255,021941,NA,7,3,6,3616,0,1,1,NA,2,203,STATE ROUTE 210 EASTBOUND,CARNELIAN STREET,455,E,N,A,-,Y,SBD,NA,210,NA,NA,4.693,H,NA,R,Y,1,1,2,2,A,-,01,23152,A,F,C,C,A,A,H,-,C,D,0,NA,NA,NA,NA,Y,Y,A,01,1,0,1,0,0,0,0,0,0,-,-,34.134788513183594,-117.61459350585938,SAN BERNARDINO,RANCHO CUCAMONGA,-117.61459350585938,34.134830474853516
94378408,2024,2024-09-02,9860,2024-08-25,2003,022890,NA,7,2,9,3600,0,1,3,NA,1,380,SR-38 (MENTONE BLVD),CRAFTON AVE,1214,E,N,A,-,Y,SBD,NA,38,NA,NA,4.268,H,NA,R,N,4,0,1,2,A,-,03,22350,NA,F,C,C,A,A,H,-,C,D,0,NA,NA,NA,NA,Y,NA,-,99,0,0,1,0,0,0,0,0,0,-,-,34.069820404052734,-117.11808776855467,SAN BERNARDINO,UNINCORPORATED,-117.11808776855467,34.06978988647461
94379216,2024,2024-09-03,9855,2024-08-23,830,021006,NA,5,1,6,3607,0,1,1,NA,2,101,I-10 W/B (SAN BERNARDINO FWY),MILLIKEN AVENUE,1000,W,N,A,-,Y,SBD,NA,10,NA,NA,9.104,H,NA,L,Y,4,0,1,2,A,-,03,22350,NA,N,C,C,A,A,D,-,A,D,0,NA,NA,NA,NA,Y,NA,A,07,0,0,1,0,0,0,0,0,0,-,-,34.06760025024414,-117.5594482421875,SAN BERNARDINO,ONTARIO,-117.5594482421875,34.06757736206055
94379227,2024,2024-09-03,9855,2024-08-21,2315,022998,NA,3,3,6,3616,0,1,1,NA,2,152,I-15 N/B (ONTARIO FWY),BASELINE RD.,1570,S,N,A,-,Y,SBD,NA,15,NA,NA,6.482,H,NA,R,Y,2,0,1,2,A,-,03,22350,NA,M,C,2,A,A,H,-,C,D,0,NA,NA,NA,NA,Y,NA,A,01,1,0,0,0,0,0,0,0,0,-,-,34.11820983886719,-117.51759338378906,SAN BERNARDINO,RANCHO CUCAMONGA,-117.51757049560548,34.118194580078125
94380134,2024,2024-09-03,9835,2024-08-30,945,022308,NA,5,1,9,3600,0,1,1,NA,2,076,INTERSTATE 15,BAILEY RD,1637,S,N,A,-,Y,SBD,NA,15,NA,NA,171.154,H,NA,R,Y,3,0,2,1,A,-,08,22107,NA,N,E,I,A,A,H,-,A,D,0,NA,NA,NA,NA,Y,NA,A,01,0,2,0,0,0,0,0,0,0,-,-,35.46870040893555,-115.53426361083984,SAN BERNARDINO,UNINCORPORATED,-115.53427124023438,35.46862030029297
94381055,2024,2024-09-04,9850,2024-09-02,1140,020572,NA,1,1,5,3612,0,1,1,NA,2,083,I-15 S/B TO NISQUALI RD,NISQUALLI RD,390,N,N,A,-,Y,NA,NA,NA,NA,NA,NA,NA,NA,NA,Y,4,0,1,1,A,-,03,22350,NA,N,E,J,A,A,H,-,A,D,0,NA,NA,NA,NA,Y,NA,A,01,0,0,1,0,0,0,0,0,0,-,-,34.48685073852539,-117.3359603881836,SAN BERNARDINO,VICTORVILLE,-117.33535003662108,34.485591888427734
94381165,2024,2024-09-04,9860,2024-08-28,709,019009,NA,3,1,5,3608,0,1,1,NA,2,104,I-10 W/B,CALIFORNIA ST,966,E,N,A,-,Y,SBD,NA,10,NA,NA,28.507,H,NA,L,Y,4,0,2,3,A,-,03,22350,NA,N,C,C,A,A,H,-,A,D,0,NA,NA,NA,NA,Y,NA,A,01,0,0,2,0,0,0,0,0,0,-,-,34.066749572753906,-117.22283172607422,SAN BERNARDINO,REDLANDS,-117.22283172607422,34.06674575805664
94382150,2024,2024-09-05,9860,2024-08-26,2138,022539,NA,1,2,9,3600,0,1,1,NA,2,152,I-15 N/B,OAK HILL RD,1056,S,N,A,-,Y,SBD,NA,15,NA,R,26.573,H,NA,R,Y,4,0,4,3,A,-,08,22107,NA,N,C,C,A,A,H,-,D,D,0,NA,NA,NA,NA,Y,NA,A,01,0,0,4,0,0,0,0,0,0,-,-,34.35974884033203,-117.43538665771484,SAN BERNARDINO,UNINCORPORATED,-117.43539428710938,34.3597526550293
94383588,2024,2024-09-06,9860,2024-08-31,1725,022875,NA,6,2,6,3610,0,1,1,NA,2,202,SR-210 W/B,VALENCIA AVE,1435,E,N,A,-,Y,SBD,NA,210,NA,R,24.847,H,NA,L,Y,3,0,2,3,A,-,03,22350,NA,N,C,C,A,A,H,-,A,D,0,NA,NA,NA,NA,Y,NA,A,01,0,2,0,0,0,0,0,0,0,-,-,34.144798278808594,-117.26766204833984,SAN BERNARDINO,SAN BERNARDINO,-117.26766204833984,34.14475631713867
94383947,2024,2024-09-06,9855,2024-08-28,1425,015919,NA,3,2,5,3602,0,1,3,NA,2,603,SR-60 W/B TO MOUNTAIN AVENUE,MOUNTAIN AVENUE,50,E,N,A,-,Y,NA,NA,NA,NA,NA,NA,NA,NA,NA,N,4,0,1,2,A,-,21,22106,NA,N,C,C,A,A,H,-,A,A,0,NA,NA,NA,NA,Y,NA,A,01,0,0,1,0,0,0,0,0,0,-,-,34.03099822998047,-117.66731262207033,SAN BERNARDINO,CHINO,-117.6674575805664,34.03047180175781
9438495,2022,2022-05-04,3608,2022-04-06,2052,5135,3608,3,5,5,3608,0,0,0,NA,0,NA,E LUGONIA AV,JUDSON ST,0,NA,Y,A,-,Y,SBD,8,38,-,-,2.07,I,5,E,Y,4,0,2,2,A,-,09,21801,A,N,D,C,A,A,H,-,C,A,0,NA,NA,NA,NA,Y,NA,A,07,0,0,2,0,0,0,0,0,0,-,-,NA,NA,SAN BERNARDINO,REDLANDS,-117.15634918212892,34.070091247558594
94385945,2024,2024-09-09,9860,2024-09-01,220,023503,NA,7,3,9,3600,0,1,1,NA,2,216,I-215 N/B,LITTLE LEAGUE DR,3696,N,N,A,-,Y,SBD,NA,215,NA,NA,15.661,H,NA,R,N,2,0,1,1,A,-,08,22107,NA,N,E,8,A,A,H,-,D,D,0,NA,NA,NA,NA,Y,NA,A,01,1,0,0,0,0,0,0,0,0,-,-,34.20640182495117,-117.38127899169922,SAN BERNARDINO,UNINCORPORATED,-117.38123321533205,34.20643997192383
94389709,2024,2024-09-11,9850,2024-09-06,1320,017377,NA,5,1,9,3600,0,1,3,NA,2,040,STATE ROUTE 18,JOSHUA ROAD,634,S,N,A,-,Y,SBD,NA,18,NA,NA,79.476,H,NA,R,Y,4,0,1,2,A,-,03,22350,NA,N,C,C,A,A,H,-,A,D,0,NA,NA,NA,NA,Y,NA,D,22,0,0,1,0,0,0,0,0,0,-,-,34.4503288269043,-117.04879760742188,SAN BERNARDINO,UNINCORPORATED,-117.04879760742188,34.45035171508789
94391256,2024,2024-09-12,9865,2024-08-31,25,021892,NA,6,3,9,3600,0,1,3,NA,1,010,RT 18,UPPER WATERMAN CANYON ROAD,1056,N,N,A,-,Y,SBD,NA,18,NA,R,13.767,H,NA,R,N,3,0,1,1,A,-,01,23152,A,N,E,I,A,A,H,-,D,D,0,NA,NA,NA,NA,Y,Y,A,07,0,1,0,0,0,0,0,0,0,-,-,34.217041015625,-117.28498840332033,SAN BERNARDINO,UNINCORPORATED,-117.28490447998048,34.21706008911133
94391305,2024,2024-09-12,9865,2024-09-01,2320,021669,NA,7,3,9,3600,0,3,5,NA,2,001,KUFFEL CANYON ROAD,IVY LANE,20,N,N,A,-,N,NA,NA,NA,NA,NA,NA,NA,NA,NA,Y,3,0,1,1,A,-,01,23152,A,N,E,I,A,A,H,-,D,A,0,NA,NA,NA,NA,Y,Y,A,01,0,1,0,0,0,0,0,0,0,-,-,34.23793029785156,-117.18006896972656,SAN BERNARDINO,UNINCORPORATED,NA,NA
94392731,2024,2024-09-13,9855,2024-09-05,1812,021403,NA,4,2,5,3611,0,1,1,NA,2,203,SR-210 E/B (FOOTHILL FWY),CAMPUS AVE.,90,E,N,A,-,Y,SBD,NA,210,NA,NA,3.514,H,NA,R,N,4,0,2,2,A,-,03,22350,NA,N,C,C,A,A,H,-,A,D,0,NA,NA,NA,NA,Y,NA,D,22,0,0,2,0,0,0,0,0,0,-,-,34.134681701660156,-117.63519287109376,SAN BERNARDINO,UPLAND,-117.63519287109376,34.134735107421875
94393212,2024,2024-09-13,9855,2024-09-09,1545,023630,NA,1,2,6,3607,0,1,1,NA,2,103,I-10 W/B (SAN BERNARDINO FWY),HAVEN AVENUE,1584,W,N,A,-,Y,SBD,NA,10,NA,NA,7.836,H,NA,L,N,4,0,1,2,A,-,03,22350,NA,N,C,C,A,A,H,-,A,A,0,NA,NA,NA,NA,Y,NA,D,22,0,0,1,0,0,0,0,0,0,-,-,34.06766891479492,-117.58155822753906,SAN BERNARDINO,ONTARIO,-117.58155822753906,34.06765365600586
94393441,2024,2024-09-13,9865,2024-08-31,1745,021669,NA,6,2,9,3600,0,1,3,NA,2,012,SR-18,PINE AVE,40,N,N,A,-,Y,SBD,NA,18,NA,NA,22.929,H,NA,R,Y,3,0,2,2,A,-,06,21754,NA,N,B,C,A,A,H,-,A,A,0,NA,NA,Y,NA,Y,NA,C,02,0,2,0,0,0,0,0,0,2,-,-,34.2299690246582,-117.22244262695313,SAN BERNARDINO,UNINCORPORATED,-117.22244262695313,34.22989273071289
94393885,2024,2024-09-13,9850,2024-08-12,700,023112,NA,1,1,9,3600,0,3,5,NA,2,002,RANCHERO RD,AMESTOY RD,215,W,N,A,-,N,NA,NA,NA,NA,NA,NA,NA,NA,NA,Y,2,0,1,4,A,-,03,22350,NA,N,C,C,A,A,H,-,A,A,0,NA,NA,NA,NA,Y,NA,A,01,1,0,0,0,0,0,0,0,0,-,-,34.38309860229492,-117.3931121826172,SAN BERNARDINO,UNINCORPORATED,-117.39305877685548,34.38311004638672
94394531,2024,2024-09-16,9860,2024-09-03,1930,020282,NA,2,2,6,3610,0,1,1,NA,2,216,I-215 N/B,UNIVERSITY PKWY,3168,S,N,A,-,Y,SBD,NA,215,NA,NA,11.078,H,NA,R,N,4,0,1,2,A,-,03,22350,NA,F,C,C,A,A,H,-,C,D,0,NA,NA,NA,NA,Y,NA,-,99,0,0,1,0,0,0,0,0,0,-,-,34.15782165527344,-117.32740783691406,SAN BERNARDINO,SAN BERNARDINO,-117.32740020751952,34.1578254699707
94395417,2024,2024-09-16,9855,2024-09-14,144,021978,NA,6,3,6,3616,0,1,1,NA,2,153,I-15 S/B (ONTARIO FWY),SR-210 W/B (FOOTHILL FWY),30,S,N,A,-,Y,SBD,NA,15,NA,NA,8.259,H,NA,L,Y,3,0,3,2,A,-,03,22350,NA,N,C,C,A,A,H,-,D,D,0,NA,NA,NA,NA,Y,Y,A,01,0,2,1,0,0,0,0,0,0,-,-,34.1366081237793,-117.49594116210938,SAN BERNARDINO,RANCHO CUCAMONGA,-117.49594116210938,34.13661193847656
94396978,2024,2024-09-17,9835,2024-09-16,1426,021482,NA,1,2,9,3600,0,1,1,NA,2,074,I-15 N/B,ZZYZX RD,13200,S,N,A,-,Y,SBD,NA,15,NA,R,127.646,H,NA,R,Y,3,0,1,2,A,-,08,22107,NA,N,C,E,A,A,H,-,A,D,0,NA,NA,NA,Y,Y,NA,F,26,0,1,0,0,0,0,0,0,0,-,-,35.17366027832031,-116.17447662353516,SAN BERNARDINO,UNINCORPORATED,-116.17449188232422,35.173667907714844
94401499,2024,2024-09-20,9860,2024-09-18,615,016590,NA,3,1,9,3600,0,1,1,NA,2,152,I-15 S/B,OAK HILL RD.,2141,S,N,A,-,Y,SBD,NA,15,NA,R,26.749,H,NA,L,Y,3,0,1,2,A,-,03,22350,NA,N,C,C,A,A,H,-,A,D,0,NA,NA,NA,NA,Y,NA,A,01,0,1,0,0,0,0,0,0,0,-,-,34.35763931274414,-117.4372100830078,SAN BERNARDINO,UNINCORPORATED,-117.4373016357422,34.357688903808594
94402162,2024,2024-09-20,9860,2024-09-07,10,022931,NA,6,3,6,3610,0,1,1,NA,2,216,I-215 N/B,UNIVERSITY PKWY,98,S,N,A,-,Y,SBD,NA,215,NA,NA,11.619,H,NA,R,Y,4,0,1,2,A,-,01,23152,A,N,C,2,A,A,H,-,C,D,0,NA,NA,NA,NA,Y,Y,A,01,0,0,1,0,0,0,0,0,0,-,-,34.16421127319336,-117.3329620361328,SAN BERNARDINO,SAN BERNARDINO,-117.33293151855467,34.16422653198242
94402872,2024,2024-09-20,9855,2024-09-19,545,021006,NA,4,3,9,3600,0,3,5,NA,2,001,CHERRY AVENUE (8500 BLOCK),ARROW ROUTE,200,S,N,A,-,N,NA,NA,NA,NA,NA,NA,NA,NA,NA,Y,4,0,2,2,A,-,03,22350,NA,N,B,C,A,A,H,-,B,A,0,NA,NA,NA,NA,Y,NA,A,07,0,0,2,0,0,0,0,0,0,-,-,34.09897994995117,-117.48869323730467,SAN BERNARDINO,UNINCORPORATED,-117.4887924194336,34.09876251220703
94405862,2024,2024-09-24,9860,2024-09-16,1709,023001,NA,1,2,9,3600,0,3,5,NA,2,004,JURUPA AVE,SPRUCE AVE,0,NA,Y,A,-,N,NA,NA,NA,NA,NA,NA,NA,NA,NA,Y,4,0,1,2,A,-,09,21802,A,N,D,C,A,A,H,-,A,A,0,NA,NA,NA,Y,Y,NA,A,01,0,0,1,0,0,0,0,0,0,-,-,34.04838943481445,-117.38771057128906,SAN BERNARDINO,UNINCORPORATED,-117.38768768310548,34.0483512878418
94406133,2024,2024-09-24,9855,2024-06-28,1155,021543,NA,5,1,9,3600,0,3,5,NA,2,001,MERRILL AVE. (14000 BLOCK),CHERRY AVE.,528,E,N,A,-,N,NA,NA,NA,NA,NA,NA,NA,NA,NA,N,4,0,1,2,A,-,01,23152,A,N,A,C,A,A,H,-,A,D,0,NA,NA,NA,NA,Y,Y,A,01,0,0,1,0,0,0,0,0,0,-,-,34.09197998046875,-117.48639678955078,SAN BERNARDINO,UNINCORPORATED,-117.48715209960938,34.09197998046875
94407572,2024,2024-09-25,9860,2024-09-23,1002,020533,NA,1,1,6,3610,0,1,1,NA,2,216,I-215 N/B TO UNIVERSITY PKWY,UNIVERSITY PKWY,300,S,N,A,-,Y,NA,NA,NA,NA,NA,NA,NA,NA,NA,N,4,0,2,3,A,-,03,22350,NA,N,C,D,A,A,H,-,A,D,0,NA,NA,NA,NA,Y,NA,A,07,0,0,2,0,0,0,0,0,0,-,-,34.164268493652344,-117.33238220214844,SAN BERNARDINO,SAN BERNARDINO,-117.33264923095705,34.16387939453125
94410645,2024,2024-09-27,9835,2024-09-20,1510,019908,NA,5,2,3,3601,0,1,1,NA,2,071,I-15 N/B TO L STREET,L STREET,1426,S,N,A,-,Y,SBD,NA,15,NA,NA,71.343,H,NA,R,Y,4,0,1,2,A,-,03,22350,NA,N,C,C,A,A,H,-,A,D,0,NA,NA,NA,NA,Y,NA,A,01,0,0,1,0,0,0,0,0,0,-,-,34.883419036865234,-117.06094360351563,SAN BERNARDINO,BARSTOW,-117.0609893798828,34.88349533081055
94410752,2024,2024-09-27,9834,2024-09-20,2005,023958,NA,5,2,9,3600,0,1,2,NA,1,095,US-95,MPM 095-SBD-059.5,1050,S,N,C,-,Y,SBD,NA,95,NA,NA,59.356,H,NA,R,Y,2,0,1,1,A,-,01,23152,A,N,E,J,A,B,H,-,D,D,0,NA,NA,NA,NA,Y,Y,D,22,1,0,0,0,0,0,0,0,0,-,-,34.90293884277344,-114.76815032958984,SAN BERNARDINO,UNINCORPORATED,-114.76807403564452,34.90294647216797
94412661,2024,2024-09-30,9860,2024-09-24,830,020533,NA,2,1,6,3610,0,1,1,NA,2,103,I-10 W/B,WATERMAN AVE,550,W,N,A,-,Y,SBD,NA,10,NA,NA,25.164,H,NA,L,Y,4,0,1,3,A,-,08,22107,NA,N,B,C,A,A,H,-,A,D,0,NA,NA,NA,Y,Y,NA,F,27,0,0,1,0,0,0,0,0,0,-,-,34.064300537109375,-117.28069305419922,SAN BERNARDINO,SAN BERNARDINO,-117.28069305419922,34.064300537109375
94413103,2024,2024-09-30,9860,2024-09-25,1650,016590,NA,3,2,5,3608,0,1,1,NA,2,203,SR-210 E/B,PLUNGE CREEK,257,E,N,A,-,Y,SBD,NA,210,NA,R,30.522,H,NA,R,Y,4,0,7,3,A,-,03,22350,NA,N,C,C,A,A,H,-,A,D,0,NA,NA,NA,NA,Y,NA,A,01,0,0,7,0,0,0,0,0,0,-,-,34.10395050048828,-117.19954681396484,SAN BERNARDINO,REDLANDS,-117.19954681396484,34.10395050048828
94413132,2024,2024-09-30,9860,2024-09-13,844,023234,NA,5,1,6,3610,0,1,1,NA,2,152,I-15 S/B,OAK HILL RD,8448,S,N,A,-,Y,SBD,NA,15,NA,R,25.451,H,NA,L,Y,4,0,1,3,A,-,07,21658,A,N,B,C,A,A,H,-,A,D,0,NA,NA,NA,Y,Y,NA,A,01,0,0,1,0,0,0,0,0,0,-,-,34.34505844116211,-117.45359802246094,SAN BERNARDINO,SAN BERNARDINO,-117.45359802246094,34.34504699707031
94414959,2024,2024-10-01,9860,2024-09-30,1649,016575,NA,1,2,9,3600,0,3,5,NA,2,002,STATE ST.,MALLORY ST.,0,NA,Y,A,-,N,NA,NA,NA,NA,NA,NA,NA,NA,NA,N,3,0,1,2,A,-,09,21802,A,F,D,C,A,A,H,-,A,A,0,NA,NA,NA,NA,Y,NA,A,07,0,1,0,0,0,0,0,0,0,-,-,34.1432991027832,-117.3354721069336,SAN BERNARDINO,UNINCORPORATED,-117.3354721069336,34.14329147338867
94416381,2024,2024-10-02,9855,2024-09-22,2015,022900,NA,7,2,6,3604,0,1,1,NA,2,153,I-15 N/B (ONTARIO FWY),BEECH AVENUE,2550,S,N,A,-,Y,SBD,NA,15,NA,NA,9.129,H,NA,R,Y,4,0,2,2,C,-,18,NA,NA,N,E,J,A,A,H,-,C,D,0,NA,NA,NA,NA,Y,NA,-,-,0,0,2,0,0,0,0,0,0,-,-,34.145259857177734,-117.48490142822266,SAN BERNARDINO,FONTANA,-117.48487854003906,34.14524459838867
94416450,2024,2024-10-02,9870,2024-09-25,1510,022580,NA,3,2,9,3600,0,3,5,NA,2,002,CAMPANULA ST,VALLEY VISTA AVE,0,NA,Y,A,-,N,NA,NA,NA,NA,NA,NA,NA,NA,NA,Y,4,0,1,2,A,-,03,22350,NA,N,D,C,A,A,G,-,A,D,0,NA,NA,NA,NA,Y,NA,-,-,0,0,1,0,0,0,0,0,0,-,-,34.18613815307617,-116.41378021240234,SAN BERNARDINO,UNINCORPORATED,-116.41378021240234,34.18614959716797