CASE_ID,ACCIDENT_YEAR,PROC_DATE,JURIS,COLLISION_DATE,COLLISION_TIME,OFFICER_ID,REPORTING_DISTRICT,DAY_OF_WEEK,CHP_SHIFT,POPULATION,CNTY_CITY_LOC,SPECIAL_COND,BEAT_TYPE,CHP_BEAT_TYPE,CITY_DIVISION_LAPD,CHP_BEAT_CLASS,BEAT_NUMBER,PRIMARY_RD,SECONDARY_RD,DISTANCE,DIRECTION,INTERSECTION,WEATHER_1,WEATHER_2,STATE_HWY_IND,CALTRANS_COUNTY,CALTRANS_DISTRICT,STATE_ROUTE,ROUTE_SUFFIX,POSTMILE_PREFIX,POSTMILE,LOCATION_TYPE,RAMP_INTERSECTION,SIDE_OF_HWY,TOW_AWAY,COLLISION_SEVERITY,NUMBER_KILLED,NUMBER_INJURED,PARTY_COUNT,PRIMARY_COLL_FACTOR,PCF_CODE_OF_VIOL,PCF_VIOL_CATEGORY,PCF_VIOLATION,PCF_VIOL_SUBSECTION,HIT_AND_RUN,TYPE_OF_COLLISION,MVIW,PED_ACTION,ROAD_SURFACE,ROAD_COND_1,ROAD_COND_2,LIGHTING,CONTROL_DEVICE,CHP_ROAD_TYPE,PEDESTRIAN_ACCIDENT,BICYCLE_ACCIDENT,MOTORCYCLE_ACCIDENT,TRUCK_ACCIDENT,NOT_PRIVATE_PROPERTY,ALCOHOL_INVOLVED,STWD_VEHTYPE_AT_FAULT,CHP_VEHTYPE_AT_FAULT,COUNT_SEVERE_INJ,COUNT_VISIBLE_INJ,COUNT_COMPLAINT_PAIN,COUNT_PED_KILLED,COUNT_PED_INJURED,COUNT_BICYCLIST_KILLED,COUNT_BICYCLIST_INJURED,COUNT_MC_KILLED,COUNT_MC_INJURED,PRIMARY_RAMP,SECONDARY_RAMP,LATITUDE,LONGITUDE,COUNTY,CITY,POINT_X,POINT_Y
94748243,2025,2025-07-07,9860,2025-06-24,1035,022843,NA,2,1,9,3600,0,1,1,NA,2,104,I-10 W/B,TIPPECANOE AVE,528,E,N,A,-,Y,SBD,NA,10,NA,NA,26.418,H,NA,L,N,4,0,1,2,A,-,03,22350,NA,N,C,C,A,A,H,-,A,D,0,NA,NA,NA,NA,Y,NA,A,07,0,0,1,0,0,0,0,0,0,-,-,34.065101623535156,-117.25901794433594,SAN BERNARDINO,UNINCORPORATED,-117.2590103149414,34.065067291259766
9474825,2022,2022-07-08,3600,2022-06-05,1517,G9467,AP023,7,5,5,3621,0,0,0,NA,0,AP1,DALE EVANS PKWY,BASS HILL RD,966,N,N,A,-,N,NA,NA,NA,NA,NA,NA,NA,NA,NA,N,2,0,1,2,A,-,03,22350,NA,F,G,G,A,A,H,-,A,D,0,NA,Y,NA,NA,Y,NA,D,22,1,0,0,0,0,0,1,0,0,-,-,NA,NA,SAN BERNARDINO,APPLE VALLEY,-117.21060180664063,34.52791976928711
9475006,2022,2022-07-11,3608,2022-05-18,1445,4345,SANBE,3,5,5,3608,0,0,0,NA,0,NA,ORANGE ST,REDLANDS BL,258,N,N,A,-,N,NA,NA,NA,NA,NA,NA,NA,NA,NA,N,3,0,1,2,A,-,11,21955,NA,N,G,B,D,A,H,-,A,A,0,Y,NA,NA,NA,Y,NA,N,60,0,1,0,0,1,0,0,0,0,-,-,NA,NA,SAN BERNARDINO,REDLANDS,-117.18257904052734,34.058006286621094
94752063,2025,2025-07-07,9850,2025-06-21,1405,024350,NA,6,2,5,3612,0,1,1,NA,2,082,I-15 S/B,BEAR VALLEY RD,2640,S,N,A,-,Y,SBD,NA,15,NA,NA,37.148,H,NA,L,Y,4,0,2,2,A,-,03,22350,NA,N,C,C,A,A,H,-,A,D,0,NA,NA,NA,Y,Y,NA,G,25,0,0,2,0,0,0,0,0,0,-,-,34.465030670166016,-117.35057067871094,SAN BERNARDINO,VICTORVILLE,-117.3505859375,34.46503829956055
9475237,2022,2022-07-12,3603,2022-06-19,0228,5103,CPD,7,5,4,3603,0,0,0,NA,0,003,S LA CADENA DR,L ST,350,N,N,A,-,N,NA,NA,NA,NA,NA,NA,NA,NA,NA,Y,2,0,2,2,A,-,01,23152,A,N,A,C,A,A,H,-,C,D,0,NA,NA,NA,NA,Y,Y,A,01,2,0,0,0,0,0,0,0,0,-,-,34.06584930419922,-117.32453918457033,SAN BERNARDINO,COLTON,-117.32489776611328,34.06415557861328
94753432,2025,2025-07-08,9835,2025-06-17,23,023021,NA,2,3,9,3600,0,1,1,NA,2,074,I-15,ZZYZX RD,33,S,N,A,-,Y,SBD,NA,15,NA,R,130.171,H,NA,L,Y,2,0,3,2,A,-,03,22350,NA,N,C,C,A,A,H,-,D,A,0,NA,NA,NA,Y,Y,NA,A,07,2,1,0,0,0,0,0,0,0,-,-,35.195831298828125,-116.14129638671876,SAN BERNARDINO,UNINCORPORATED,-116.14129638671876,35.1957893371582
94755232,2025,2025-07-09,9835,2025-07-06,1425,022256,NA,7,2,9,3600,0,3,5,NA,2,034,GHOST TOWN ROAD,I-15 S/B,420,W,N,A,-,N,NA,NA,NA,NA,NA,NA,NA,NA,NA,Y,4,0,1,2,A,-,09,21801,A,N,A,C,A,A,H,-,A,D,0,NA,NA,NA,NA,Y,NA,A,07,0,0,1,0,0,0,0,0,0,-,-,34.903900146484375,-116.88684844970705,SAN BERNARDINO,UNINCORPORATED,-116.88671875,34.902809143066406
9475858,2022,2022-07-21,3610,2022-06-13,0928,50584,NA,1,5,6,3610,0,0,0,NA,0,POLICE,S RICHARDSON ST,E SAN BERNARDINO AV,0,NA,Y,A,-,N,NA,NA,NA,NA,NA,NA,NA,NA,NA,Y,4,0,1,2,A,-,12,21453,A,N,D,C,A,A,H,-,A,A,0,NA,NA,NA,NA,Y,NA,A,01,0,0,1,0,0,0,0,0,0,-,-,34.07754135131836,-117.25244903564452,SAN BERNARDINO,SAN BERNARDINO,-117.25244140625,34.077545166015625
9475889,2022,2022-07-21,3610,2022-06-02,1210,51393,NA,4,5,6,3610,0,0,0,NA,0,POLICE,WEST HIGHLAND AV,WESTERN AV,0,NA,Y,A,-,N,NA,NA,NA,NA,NA,NA,NA,NA,NA,N,4,0,1,2,A,-,00,21703,1,F,C,C,A,A,H,-,A,A,0,NA,NA,NA,NA,Y,NA,A,08,0,0,1,0,0,0,0,0,0,-,-,NA,NA,SAN BERNARDINO,SAN BERNARDINO,-117.31819152832033,34.13608169555664
94761191,2025,2025-07-14,9860,2025-07-05,1820,023234,NA,6,2,3,3615,0,1,1,NA,2,104,I-10 W/B FROM MOUNTAIN VIEW AVE,MOUNTAIN VIEW AVE,1800,W,N,A,-,Y,SBD,NA,10,NA,NA,26.952,H,NA,L,N,3,0,1,1,A,-,08,22107,NA,N,E,I,A,A,H,-,A,D,0,NA,NA,NA,NA,Y,NA,A,01,0,1,0,0,0,0,0,0,0,-,-,34.066810607910156,-117.24993896484376,SAN BERNARDINO,LOMA LINDA,-117.24993896484376,34.06671905517578
9476814,2022,2022-08-24,3610,2022-06-11,2500,51354,NA,6,5,6,3610,0,0,0,NA,0,NA,E LYNWOOD DR,N VALENCIA AV,0,NA,Y,A,-,N,NA,NA,NA,NA,NA,NA,NA,NA,NA,N,3,0,1,2,A,-,05,21650,1,N,B,G,A,A,H,-,A,D,0,NA,Y,NA,NA,Y,NA,L,04,0,1,0,0,0,0,1,0,0,-,-,34.146751403808594,-117.27249145507813,SAN BERNARDINO,SAN BERNARDINO,-117.27251434326172,34.14672088623047
9476836,2022,2022-08-19,3610,2022-06-13,1155,51325,NA,1,5,6,3610,0,0,0,NA,0,DAVID,E MILL ST,S VALLEY VIEW AV,0,NA,Y,A,-,N,NA,NA,NA,NA,NA,NA,NA,NA,NA,Y,3,0,1,2,A,-,04,21703,NA,N,D,D,A,A,H,-,A,D,0,NA,NA,Y,NA,Y,NA,C,03,0,1,0,0,0,0,0,0,1,-,-,NA,NA,SAN BERNARDINO,SAN BERNARDINO,-117.27149963378906,34.09199142456055
9477014,2022,2022-11-16,3600,2022-07-01,1408,D7727,YC,5,5,4,3640,0,0,0,NA,0,YC1,OAK GLEN RD,CHERRY CROFT DR,0,NA,Y,A,-,N,NA,NA,NA,NA,NA,NA,NA,NA,NA,Y,3,0,3,2,A,-,08,22107,NA,N,A,C,A,A,H,-,A,A,0,NA,NA,NA,NA,Y,NA,A,01,0,1,2,0,0,0,0,0,0,-,-,NA,NA,SAN BERNARDINO,YUCAIPA,-117.01931762695313,34.04847717285156
94770459,2025,2025-07-21,9860,2025-07-04,1830,023372,NA,5,2,4,3618,0,1,1,NA,2,203,SR-210 EB TO BASELINE STREET,BASELINE STREET,15,N,N,A,-,Y,NA,NA,NA,NA,NA,NA,NA,NA,NA,N,4,0,3,2,A,-,03,22350,NA,N,C,C,A,A,H,-,B,A,0,NA,NA,NA,NA,Y,NA,D,22,0,0,3,0,0,0,0,0,0,-,-,34.12147903442383,-117.20147705078124,SAN BERNARDINO,HIGHLAND,-117.20086669921876,34.12126922607422
9477319,2022,2022-07-22,3600,2022-03-11,1140,E3370,RC053,5,5,6,3616,0,0,0,NA,0,001,SAPPHIRE ST,THOROUGHBRED ST,7,S,N,A,-,N,NA,NA,NA,NA,NA,NA,NA,NA,NA,Y,4,0,1,2,A,-,09,21802,A,N,D,C,A,A,H,-,A,A,0,NA,NA,NA,NA,Y,NA,A,01,0,0,1,0,0,0,0,0,0,-,-,NA,NA,SAN BERNARDINO,RANCHO CUCAMONGA,-117.62532806396484,34.148521423339844
94773909,2025,2025-08-01,9860,2025-07-15,1136,022539,NA,2,1,5,3609,0,1,1,NA,2,201,SR-210 W/B,PEPPER AVE,246,W,N,A,-,Y,SBD,NA,210,NA,NA,19.644,H,NA,L,Y,3,0,2,2,A,-,08,22107,NA,N,D,C,A,A,H,-,A,D,0,NA,NA,NA,NA,Y,NA,A,01,0,1,1,0,0,0,0,0,0,-,-,34.13473129272461,-117.35401916503906,SAN BERNARDINO,RIALTO,-117.3540496826172,34.13462448120117
94782603,2025,2025-07-30,9855,2025-07-29,702,020620,NA,2,1,6,3607,0,1,1,NA,2,152,I-15 N/B (ONTARIO FWY),JURUPA ST.,1848,N,N,A,-,Y,SBD,NA,15,NA,NA,1.378,H,NA,R,N,4,0,1,2,A,-,07,21658,A,N,C,C,A,A,H,-,A,D,0,NA,NA,NA,Y,Y,NA,F,26,0,0,1,0,0,0,0,0,0,-,-,34.05303955078125,-117.54766082763672,SAN BERNARDINO,ONTARIO,-117.54772186279295,34.053062438964844
94783381,2025,2025-07-30,9860,2025-04-11,1250,022719,NA,5,1,5,3609,0,1,1,NA,2,201,SR-210 E/B,RIVERSIDE AVE,1050,W,N,A,-,Y,SBD,NA,210,NA,NA,18.414,H,NA,R,N,4,0,1,4,A,-,07,21658,A,F,B,A,A,A,H,-,A,D,0,NA,NA,NA,NA,Y,NA,A,01,0,0,1,0,0,0,0,0,0,-,-,34.135719299316406,-117.37525939941406,SAN BERNARDINO,RIALTO,-117.37525939941406,34.135746002197266
94784611,2025,2025-07-31,9860,2025-07-21,725,016575,NA,1,1,6,3610,0,1,1,NA,2,214,I-215 S/B,RIALTO AVE.,40,S,N,B,-,Y,SBD,NA,215,NA,NA,6.667,H,NA,L,Y,2,0,1,2,A,-,03,22350,NA,N,C,C,A,A,H,-,A,D,0,NA,NA,Y,NA,Y,NA,C,02,1,0,0,0,0,0,0,0,1,-,-,34.10062026977539,-117.30198669433594,SAN BERNARDINO,SAN BERNARDINO,-117.30206298828124,34.10062026977539
94784616,2025,2025-07-31,9860,2025-07-21,1915,022875,NA,1,2,6,3610,0,1,1,NA,2,104,I-10 W/B TO WATERMAN AVE,HOSPITALITY LN,60,S,N,A,-,Y,NA,NA,NA,NA,NA,NA,NA,NA,NA,Y,4,0,4,3,A,-,03,22350,NA,N,C,C,A,A,H,-,A,A,0,NA,NA,NA,NA,Y,NA,A,01,0,0,4,0,0,0,0,0,0,-,-,34.0661506652832,-117.27523803710938,SAN BERNARDINO,SAN BERNARDINO,NA,NA
94785887,2025,2025-08-01,9855,2025-07-27,1835,023529,NA,7,2,6,3616,0,1,1,NA,2,153,I-15 S/B (ONTARIO FWY),BEECH AVE,22,S,N,A,-,Y,SBD,NA,15,NA,NA,9.584,H,NA,L,Y,3,0,1,1,A,-,08,22107,NA,N,E,8,A,A,H,-,A,A,0,NA,NA,NA,NA,Y,NA,D,22,0,1,0,0,0,0,0,0,0,-,-,34.15019989013672,-117.479248046875,SAN BERNARDINO,RANCHO CUCAMONGA,-117.4793701171875,34.15030288696289
9478641,2022,2022-08-09,3604,2022-06-26,2037,680,NA,7,5,6,3604,0,0,0,NA,0,NA,SAN BERNARDINO AV,SEWELL AV,23,W,N,A,-,N,NA,NA,NA,NA,NA,NA,NA,NA,NA,Y,3,0,1,3,A,-,01,23152,A,M,E,I,A,A,H,-,C,D,0,NA,NA,NA,NA,Y,Y,A,01,0,1,0,0,0,0,0,0,0,-,-,NA,NA,SAN BERNARDINO,FONTANA,-117.44122314453124,34.07756805419922
94786637,2025,2025-08-01,9860,2025-07-20,1610,022105,NA,7,2,9,3600,0,3,5,NA,2,002,BRONSON STREET,1ST AVENUE,3,S,N,A,-,N,NA,NA,NA,NA,NA,NA,NA,NA,NA,N,3,0,1,1,C,-,18,NA,NA,N,H,A,A,A,H,-,A,A,0,NA,NA,NA,NA,Y,NA,-,-,0,1,0,0,0,0,0,0,0,-,-,34.15980911254883,-117.35726928710938,SAN BERNARDINO,UNINCORPORATED,-117.35730743408205,34.1598014831543
9478711,2022,2022-08-09,3604,2022-06-26,2145,1429,NA,7,5,6,3604,0,0,0,NA,0,002,SIERRA AV,MILLER AV,0,NA,Y,A,-,N,NA,NA,NA,NA,NA,NA,NA,NA,NA,N,4,0,1,2,A,-,12,21453,NA,M,D,C,A,A,H,-,C,A,0,NA,NA,NA,NA,Y,NA,-,NA,0,0,1,0,0,0,0,0,0,-,-,NA,NA,SAN BERNARDINO,FONTANA,-117.43585205078124,34.11390686035156
94787460,2025,2025-08-04,9860,2025-07-23,1515,022843,NA,3,2,9,3600,0,1,1,NA,2,152,I-15 S/B,SR-138,10032,N,N,A,-,Y,SBD,NA,15,NA,R,23.381,H,NA,L,N,4,0,6,3,A,-,03,22350,NA,N,C,C,A,A,H,-,A,D,0,NA,NA,NA,Y,Y,NA,G,25,0,0,6,0,0,0,0,0,0,-,-,34.33906173706055,-117.48258209228516,SAN BERNARDINO,UNINCORPORATED,-117.4825439453125,34.33906173706055
94787461,2025,2025-08-04,9860,2025-07-23,1636,016575,NA,3,2,4,3603,0,1,1,NA,2,214,I-215 N/B TO I-10 E/B,E. COOLEY DR. U/C,170,N,N,A,-,Y,NA,NA,NA,NA,NA,NA,NA,NA,NA,Y,4,0,1,3,A,-,03,22350,NA,N,C,2,A,D,H,-,A,D,0,NA,NA,NA,NA,Y,NA,A,07,0,0,1,0,0,0,0,0,0,-,-,34.059879302978516,-117.29679107666016,SAN BERNARDINO,COLTON,-117.29717254638672,34.060028076171875
94788241,2025,2025-08-04,9850,2025-07-27,740,021878,NA,7,1,9,3600,0,1,3,NA,2,060,SR-138,BEEKLEY ROAD,25,E,N,A,-,Y,SBD,NA,138,NA,NA,4.891,H,NA,R,Y,3,0,2,2,A,-,03,22350,NA,N,C,C,A,A,H,-,A,A,0,NA,NA,NA,NA,Y,NA,A,07,0,2,0,0,0,0,0,0,0,-,-,34.411598205566406,-117.58924102783205,SAN BERNARDINO,UNINCORPORATED,-117.58927154541016,34.411556243896484
94790518,2025,2025-08-05,9870,2025-07-29,740,019709,NA,2,1,9,3600,0,1,3,NA,1,031,SR-62 (TWENTYNINE PALMS HWY.),WHITE FEATHER ROAD,0,NA,Y,A,-,Y,SBD,NA,62,NA,NA,20.471,H,NA,R,N,2,0,2,3,A,-,12,21453,A,N,A,C,A,A,H,-,A,A,0,NA,NA,NA,Y,Y,NA,G,25,1,1,0,0,0,0,0,0,0,-,-,34.1349983215332,-116.27670288085938,SAN BERNARDINO,UNINCORPORATED,-116.27670288085938,34.13502883911133
94791529,2025,2025-08-06,9855,2025-07-30,2230,022055,NA,3,3,6,3604,0,1,1,NA,2,103,I-10 E/B (SAN BERNARDINO FWY),CHERRY AVE.,600,W,N,A,-,Y,SBD,NA,10,NA,NA,12.587,H,NA,R,Y,3,0,1,1,A,-,08,22107,NA,N,E,I,A,A,H,-,C,D,0,NA,NA,NA,NA,Y,NA,A,01,0,1,0,0,0,0,0,0,0,-,-,34.065460205078125,-117.49893951416016,SAN BERNARDINO,FONTANA,-117.49893951416016,34.06554412841797
94791806,2025,2025-08-06,9860,2025-07-26,2320,022679,NA,6,3,9,3600,0,1,1,NA,2,152,I-15 N/B,CLEGHORN RD,1426,N,N,A,-,Y,SBD,NA,15,NA,R,20.298,H,NA,R,Y,3,0,1,2,A,-,03,22350,NA,N,C,C,A,A,H,-,D,D,0,NA,NA,NA,NA,Y,NA,A,01,0,1,0,0,0,0,0,0,0,-,-,34.30229949951172,-117.46028137207033,SAN BERNARDINO,UNINCORPORATED,-117.46022033691406,34.302345275878906
94792368,2025,2025-08-06,9860,2025-07-28,1607,020533,NA,1,2,9,3600,0,1,1,NA,2,102,I-10 W/B TO CEDAR AVE,CEDAR AVE,800,E,N,A,-,Y,NA,NA,NA,NA,NA,NA,NA,NA,NA,N,4,0,1,3,A,-,21,22106,NA,N,C,C,A,A,D,E,A,D,0,NA,NA,NA,Y,Y,NA,G,25,0,0,1,0,0,0,0,0,0,-,-,34.068878173828125,-117.39338684082033,SAN BERNARDINO,UNINCORPORATED,-117.39569854736328,34.06861114501953
94797182,2025,2025-08-11,9850,2025-08-04,1548,020572,NA,1,2,5,3619,0,1,1,NA,2,082,I-15 N/B TO MAIN ST,MAIN ST,300,S,N,A,-,Y,NA,NA,NA,NA,NA,NA,NA,NA,NA,Y,3,0,1,1,A,-,03,22350,NA,N,E,J,A,A,H,-,A,D,0,NA,NA,Y,NA,Y,NA,C,02,0,1,0,0,0,0,0,0,1,-,-,34.425880432128906,-117.37896728515624,SAN BERNARDINO,HESPERIA,-117.3807373046875,34.426029205322266
94799931,2025,2025-08-12,9855,2025-08-03,1517,017213,NA,7,2,6,3604,0,1,1,NA,2,153,I-15 N/B (ONTARIO FWY),SR-210 E/B (FOOTHILL FWY),40,S,N,A,-,Y,SBD,NA,15,NA,NA,8.244,H,NA,R,Y,4,0,1,3,A,-,03,22350,NA,N,C,C,A,A,H,-,A,D,0,NA,NA,NA,NA,Y,NA,A,08,0,0,1,0,0,0,0,0,0,-,-,34.13636016845703,-117.4956283569336,SAN BERNARDINO,FONTANA,-117.49562072753906,34.136356353759766
9480048,2022,2022-07-20,3605,2022-05-03,2018,456,NA,2,5,4,3605,0,0,0,NA,0,NA,CENTRAL AV,COSTCO DR,0,N,N,A,-,N,NA,NA,NA,NA,NA,NA,NA,NA,NA,N,4,0,1,2,A,-,03,22350,A,M,C,C,A,A,H,-,B,A,0,NA,NA,NA,NA,Y,NA,-,-,0,0,1,0,0,0,0,0,0,-,-,NA,NA,SAN BERNARDINO,MONTCLAIR,-117.68963623046876,34.082725524902344
9480111,2022,2022-09-26,3600,2022-05-18,0707,G9801,VC025,3,5,5,3612,0,0,0,NA,0,VC03,NISQUALLI RD,CYPRESS AV,0,NA,Y,A,-,N,NA,NA,NA,NA,NA,NA,NA,NA,NA,Y,2,0,4,3,A,-,09,21804,A,N,B,C,A,A,H,-,A,D,0,NA,NA,NA,NA,Y,Y,A,01,2,2,0,0,0,0,0,0,0,-,-,34.48530960083008,-117.31240081787108,SAN BERNARDINO,VICTORVILLE,-117.31684112548828,34.48527145385742
94802640,2025,2025-08-14,9855,2025-08-06,254,021233,NA,3,3,5,3611,0,1,1,NA,2,203,SR-210 E/B (FOOTHILL FWY),EUCLID AVENUE,250,E,N,A,-,Y,SBD,NA,210,NA,NA,2.65,H,NA,R,Y,3,0,1,2,A,-,08,22107,NA,N,C,C,A,A,H,-,C,D,0,NA,NA,NA,Y,Y,NA,A,01,0,1,0,0,0,0,0,0,0,-,-,34.134498596191406,-117.6502685546875,SAN BERNARDINO,UPLAND,-117.6502685546875,34.13460159301758
9480723,2022,2022-08-03,3608,2022-06-21,1530,4345,SAN B,2,5,5,3608,0,0,0,NA,0,NA,ORANGE ST,PIONEER AV,1860,N,N,A,-,N,NA,NA,NA,NA,NA,NA,NA,NA,NA,N,3,0,1,2,A,-,07,21658,A,F,G,B,E,A,H,-,A,A,0,Y,NA,NA,NA,Y,NA,D,22,0,1,0,0,1,0,0,0,0,-,-,NA,NA,SAN BERNARDINO,REDLANDS,-117.1823959350586,34.085933685302734
94807561,2025,2025-08-18,9835,2025-08-15,1743,023801,NA,5,2,9,3600,0,1,1,NA,2,043,EB I-40 FROM EAST MAIN STREET,EAST MAIN ST,287,E,N,A,-,Y,SBD,NA,40,NA,NA,0.762,H,NA,R,Y,4,0,1,1,A,-,08,22107,NA,N,F,A,A,A,H,-,A,D,0,NA,NA,NA,NA,Y,NA,A,01,0,0,1,0,0,0,0,0,0,-,-,34.88629913330078,-116.99456024169922,SAN BERNARDINO,UNINCORPORATED,-116.99453735351563,34.88642883300781
94809309,2025,2025-08-19,9860,2025-08-11,2020,022906,NA,1,2,5,3608,0,1,1,NA,2,105,I-10 E/B,TEXAS ST,581,W,N,A,-,Y,SBD,NA,10,NA,NA,30.518,H,NA,R,Y,4,0,1,1,A,-,08,22107,NA,N,E,I,A,A,H,-,C,D,0,NA,NA,NA,NA,Y,NA,A,07,0,0,1,0,0,0,0,0,0,-,-,34.06174850463867,-117.18921661376952,SAN BERNARDINO,REDLANDS,-117.18921661376952,34.061649322509766
9480936,2022,2022-07-29,3610,2022-06-07,1815,51385,NA,2,5,6,3610,0,0,0,NA,0,DAVID,SOUTH WATERMAN AV,S REDLANDS BL,135,S,N,A,-,N,NA,NA,NA,NA,NA,NA,NA,NA,NA,Y,3,0,1,2,A,-,03,22350,NA,N,B,C,A,A,H,-,A,D,0,NA,NA,Y,NA,Y,NA,C,02,0,1,0,0,0,0,0,0,1,-,-,34.06304931640625,-117.2786865234375,SAN BERNARDINO,SAN BERNARDINO,-117.27877044677734,34.0631217956543
94816241,2025,2025-08-25,9865,2025-08-13,2130,021722,NA,3,2,9,3600,0,1,3,NA,2,031,SR-38,BEAR LOOP,1056,E,N,A,-,Y,SBD,NA,38,NA,NA,51.216,H,NA,R,Y,4,0,1,1,A,-,03,22350,NA,M,E,I,A,A,H,-,C,D,0,NA,NA,NA,NA,Y,NA,A,01,0,0,1,0,0,0,0,0,0,-,-,34.26546096801758,-116.8742904663086,SAN BERNARDINO,UNINCORPORATED,-116.87423706054688,34.26539611816406
94816434,2025,2025-08-25,9850,2025-08-18,1724,017775,NA,1,2,9,3600,0,3,5,NA,2,005,RIVERS EDGE ROAD,WINDJAMMER LANE,410,E,N,A,-,N,NA,NA,NA,NA,NA,NA,NA,NA,NA,Y,3,0,1,2,A,-,09,21801,A,N,A,C,A,A,H,-,A,D,0,NA,NA,NA,NA,Y,NA,M,96,0,1,0,0,0,0,0,0,0,-,-,34.7352294921875,-117.35887908935548,SAN BERNARDINO,UNINCORPORATED,-117.35896301269533,34.7352409362793
94817093,2025,2025-08-25,9870,2025-08-23,220,022913,NA,6,3,9,3600,0,1,3,NA,1,031,SR-62 (TWENTYNINE PALMS HWY.),MILE SQUARE ROAD,508,E,N,A,-,Y,SBD,NA,62,NA,NA,23.772,H,NA,R,Y,2,0,2,1,A,-,08,22107,NA,N,E,I,A,A,H,-,D,D,0,NA,NA,NA,NA,Y,NA,A,01,1,1,0,0,0,0,0,0,0,-,-,34.13505935668945,-116.21906280517578,SAN BERNARDINO,UNINCORPORATED,-116.21906280517578,34.13512420654297
94818247,2025,2025-08-26,9855,2025-08-19,718,021838,NA,2,1,6,3607,0,1,1,NA,2,103,I-10 E/B (SAN BERNARDINO FWY),EUCLID AVE.,1056,W,N,A,-,Y,SBD,NA,10,NA,NA,3.399,H,NA,R,N,4,0,1,2,A,-,03,22350,NA,N,C,C,A,A,H,-,A,D,0,NA,NA,NA,Y,Y,NA,G,25,0,0,1,0,0,0,0,0,0,-,-,34.08726119995117,-117.65235137939452,SAN BERNARDINO,ONTARIO,-117.65235137939452,34.087276458740234
94818898,2025,2025-08-26,9860,2025-08-19,850,022723,NA,2,1,4,3640,0,1,1,NA,2,106,I-10 W/B,16TH ST,300,W,N,A,-,Y,SBD,NA,10,NA,NA,36.412,H,NA,L,N,4,0,2,2,A,-,03,22350,NA,N,C,C,A,A,H,-,A,D,0,NA,NA,NA,NA,Y,NA,A,07,0,0,2,0,0,0,0,0,0,-,-,34.022281646728516,-117.10456085205078,SAN BERNARDINO,YUCAIPA,-117.10458374023438,34.02225112915039
94820399,2025,2025-08-27,9855,2025-08-24,925,020620,NA,7,1,9,3600,0,3,5,NA,2,001,ELM AVE. (9400 BLOCK),SEQUOIA AVE.,269,N,N,A,-,N,NA,NA,NA,NA,NA,NA,NA,NA,NA,N,4,0,1,2,A,-,09,21804,A,N,D,C,A,A,H,-,A,D,0,NA,NA,NA,NA,Y,NA,A,07,0,0,1,0,0,0,0,0,0,-,-,34.08134841918945,-117.4668426513672,SAN BERNARDINO,UNINCORPORATED,-117.466796875,34.082855224609375
94823425,2025,2025-08-29,9865,2025-07-27,5,024215,NA,7,3,9,3600,0,1,3,NA,2,045,SR-38,LAKE WILLIAMS RD.,19536,W,N,A,-,Y,SBD,NA,38,NA,NA,40.648,H,NA,R,Y,2,0,1,1,A,-,01,23152,A,N,F,8,A,A,H,-,D,D,0,NA,NA,NA,NA,Y,Y,A,01,1,0,0,0,0,0,0,0,0,-,-,34.20389938354492,-116.73371887207033,SAN BERNARDINO,UNINCORPORATED,-116.73371887207033,34.20390319824219
9482372,2022,2022-08-18,3600,2022-07-30,1903,B9547,HE218,6,5,5,3619,0,0,0,NA,0,HE2,MAIN ST,G AV,30,W,N,A,-,N,NA,NA,NA,NA,NA,NA,NA,NA,NA,Y,4,0,1,1,A,-,01,23152,A,N,E,C,A,A,H,-,A,A,0,NA,NA,NA,NA,Y,Y,A,07,0,0,1,0,0,0,0,0,0,-,-,NA,NA,SAN BERNARDINO,HESPERIA,-117.28791046142578,34.419532775878906
94827247,2025,2025-09-02,9835,2025-09-02,948,022192,NA,2,1,9,3600,0,3,5,NA,2,032,HINKLEY RD,GRASS HOPPER RD,528,N,N,B,-,N,NA,NA,NA,NA,NA,NA,NA,NA,NA,Y,3,0,1,1,A,-,08,22107,NA,N,F,A,A,A,H,-,A,D,0,NA,NA,NA,NA,Y,NA,A,07,0,1,0,0,0,0,0,0,0,-,-,35.011878967285156,-117.18903350830078,SAN BERNARDINO,UNINCORPORATED,-117.18914794921876,35.0257453918457
9482798,2022,2022-09-22,3600,2022-07-10,2115,H6865,YC106,7,5,4,3640,0,0,0,NA,0,YC1,YUCAIPA BL,4TH ST,24,N,N,A,-,N,NA,NA,NA,NA,NA,NA,NA,NA,NA,Y,3,0,1,2,A,-,03,22350,A,N,C,C,A,A,H,-,C,A,0,NA,NA,Y,NA,Y,NA,C,02,0,1,0,0,0,0,0,0,1,-,-,NA,NA,SAN BERNARDINO,YUCAIPA,-117.05188751220705,34.033870697021484