CASE_ID,ACCIDENT_YEAR,PROC_DATE,JURIS,COLLISION_DATE,COLLISION_TIME,OFFICER_ID,REPORTING_DISTRICT,DAY_OF_WEEK,CHP_SHIFT,POPULATION,CNTY_CITY_LOC,SPECIAL_COND,BEAT_TYPE,CHP_BEAT_TYPE,CITY_DIVISION_LAPD,CHP_BEAT_CLASS,BEAT_NUMBER,PRIMARY_RD,SECONDARY_RD,DISTANCE,DIRECTION,INTERSECTION,WEATHER_1,WEATHER_2,STATE_HWY_IND,CALTRANS_COUNTY,CALTRANS_DISTRICT,STATE_ROUTE,ROUTE_SUFFIX,POSTMILE_PREFIX,POSTMILE,LOCATION_TYPE,RAMP_INTERSECTION,SIDE_OF_HWY,TOW_AWAY,COLLISION_SEVERITY,NUMBER_KILLED,NUMBER_INJURED,PARTY_COUNT,PRIMARY_COLL_FACTOR,PCF_CODE_OF_VIOL,PCF_VIOL_CATEGORY,PCF_VIOLATION,PCF_VIOL_SUBSECTION,HIT_AND_RUN,TYPE_OF_COLLISION,MVIW,PED_ACTION,ROAD_SURFACE,ROAD_COND_1,ROAD_COND_2,LIGHTING,CONTROL_DEVICE,CHP_ROAD_TYPE,PEDESTRIAN_ACCIDENT,BICYCLE_ACCIDENT,MOTORCYCLE_ACCIDENT,TRUCK_ACCIDENT,NOT_PRIVATE_PROPERTY,ALCOHOL_INVOLVED,STWD_VEHTYPE_AT_FAULT,CHP_VEHTYPE_AT_FAULT,COUNT_SEVERE_INJ,COUNT_VISIBLE_INJ,COUNT_COMPLAINT_PAIN,COUNT_PED_KILLED,COUNT_PED_INJURED,COUNT_BICYCLIST_KILLED,COUNT_BICYCLIST_INJURED,COUNT_MC_KILLED,COUNT_MC_INJURED,PRIMARY_RAMP,SECONDARY_RAMP,LATITUDE,LONGITUDE,COUNTY,CITY,POINT_X,POINT_Y
9642284,2023,2024-01-23,3608,2023-11-16,824,4903,NA,4,5,5,3608,0,0,0,NA,0,NA,CENTRAL AV,COOK ST,15,W,N,A,-,N,NA,NA,NA,NA,NA,NA,NA,NA,NA,Y,3,0,1,2,A,-,09,21802,A,N,D,C,A,B,H,-,A,A,0,NA,NA,NA,NA,Y,NA,A,01,0,1,0,0,0,0,0,0,0,-,-,NA,NA,SAN BERNARDINO,REDLANDS,-117.16289520263672,34.05717468261719
9643880,2023,2024-01-12,3610,2023-11-17,1749,51304,NA,5,5,6,3610,0,0,0,NA,0,NA,W 9TH ST,N D ST,0,NA,Y,A,-,N,NA,NA,NA,NA,NA,NA,NA,NA,NA,N,3,0,1,2,A,-,12,21453,A,N,D,G,A,A,H,-,C,A,0,NA,Y,NA,NA,Y,NA,A,01,0,1,0,0,0,0,1,0,0,-,-,34.11579132080078,-117.29190826416016,SAN BERNARDINO,SAN BERNARDINO,-117.29188537597656,34.115760803222656
9643947,2023,2024-01-12,3610,2023-11-20,1458,51424,NA,1,5,6,3610,0,0,0,NA,0,NA,W BASELINE ST,N F ST,0,NA,Y,A,-,N,NA,NA,NA,NA,NA,NA,NA,NA,NA,Y,4,0,3,2,A,-,03,22350,NA,N,C,C,A,A,H,-,A,A,0,NA,NA,NA,NA,Y,NA,A,01,0,0,3,0,0,0,0,0,0,-,-,NA,NA,SAN BERNARDINO,SAN BERNARDINO,-117.29642486572266,34.121341705322266
9644168,2023,2023-12-11,3605,2023-10-26,2033,401,NA,4,5,4,3605,0,0,0,NA,0,NA,SAN JOSE ST,MONTE VISTA AV,349,W,N,A,-,N,NA,NA,NA,NA,NA,NA,NA,NA,NA,N,4,0,1,2,A,-,17,21461,A,F,C,C,A,A,H,-,A,A,0,NA,NA,NA,NA,Y,NA,A,01,0,0,1,0,0,0,0,0,0,-,-,NA,NA,SAN BERNARDINO,MONTCLAIR,-117.69947814941406,34.085044860839844
9646887,2023,2024-01-30,3604,2023-12-05,2024,680,NA,2,5,6,3604,0,0,0,NA,0,NA,LOCUST AV,FOOTHILL BL,570,N,N,A,-,N,NA,NA,NA,NA,NA,NA,NA,NA,NA,NA,4,0,2,2,A,-,08,22107,NA,N,B,C,A,A,H,-,C,C,0,NA,NA,NA,NA,Y,NA,-,-,0,0,2,0,0,0,0,0,0,-,-,NA,NA,SAN BERNARDINO,FONTANA,-117.4096450805664,34.108272552490234
9646995,2023,2024-01-20,3610,2023-11-09,1329,51415,NA,4,5,6,3610,0,0,0,NA,0,NA,S E ST,W RIALTO AV,386,S,N,A,-,N,NA,NA,NA,NA,NA,NA,NA,NA,NA,N,4,0,3,2,A,-,03,22350,NA,F,C,C,A,A,A,H,A,D,0,NA,NA,NA,NA,Y,NA,-,99,0,0,3,0,0,0,0,0,0,-,-,34.11017990112305,-117.29189300537108,SAN BERNARDINO,SAN BERNARDINO,-117.2941436767578,34.09979248046875
9646996,2023,2024-01-20,3610,2023-11-09,1939,51257,NA,4,5,6,3610,0,0,0,NA,0,NA,E 5TH ST,NORTH WATERMAN AV,0,NA,Y,A,-,N,NA,NA,NA,NA,NA,NA,NA,NA,NA,N,2,0,1,2,A,-,12,21453,A,F,G,B,B,A,H,-,C,A,0,Y,NA,NA,NA,Y,NA,-,99,1,0,0,0,1,0,0,0,0,-,-,NA,NA,SAN BERNARDINO,SAN BERNARDINO,-117.27877044677734,34.10832595825195
9647094,2023,2023-12-05,3600,2023-08-15,1922,H5825,HE214,2,5,5,3619,0,0,0,NA,0,HE2,TIMBERLANE AV,YUCCA ST,233,N,N,A,-,N,NA,NA,NA,NA,NA,NA,NA,NA,NA,N,2,0,1,2,A,-,11,21954,A,N,G,B,E,A,H,-,A,D,0,Y,NA,NA,NA,Y,NA,N,60,1,0,0,0,1,0,0,0,0,-,-,34.41999816894531,-117.2734375,SAN BERNARDINO,HESPERIA,-117.27353668212892,34.41939926147461
9647140,2023,2023-12-15,3605,2023-10-31,30,439,NA,2,5,4,3605,0,0,0,NA,0,NA,RICHTON ST,RICHTON ST 5060,0,NA,N,A,-,N,NA,NA,NA,NA,NA,NA,NA,NA,NA,NA,4,0,1,2,C,-,18,NA,NA,N,G,B,D,A,H,-,C,A,0,Y,NA,NA,NA,Y,Y,-,-,0,0,1,0,1,0,0,0,0,-,-,NA,NA,SAN BERNARDINO,MONTCLAIR,NA,NA
9647560,2023,2023-12-18,3605,2023-10-01,2222,401,NA,7,5,4,3605,0,0,0,NA,0,NA,RAMONA AV,MISSION BL,0,NA,Y,A,-,N,NA,NA,NA,NA,NA,NA,NA,NA,NA,N,3,0,4,2,A,-,09,21801,A,N,D,C,A,A,H,-,C,A,0,NA,NA,NA,NA,Y,NA,A,01,0,3,1,0,0,0,0,0,0,-,-,NA,NA,SAN BERNARDINO,MONTCLAIR,-117.7069091796875,34.05584716796875
9647596,2023,2023-12-28,3600,2023-11-01,1649,I4866,004,3,5,3,3631,0,0,0,NA,0,0YV,OLD WOMAN SPRINGS RD,BUENA VISTA DR,0,NA,Y,A,-,N,NA,NA,NA,NA,NA,NA,NA,NA,NA,Y,4,0,1,2,A,-,12,21453,NA,N,E,C,A,A,H,-,A,A,0,NA,NA,NA,NA,Y,NA,A,01,0,0,1,0,0,0,0,0,0,-,-,34.16427993774414,-116.42256927490234,SAN BERNARDINO,YUCCA VALLEY,-117.4997100830078,34.10052490234375
9647699,2023,2023-12-16,3600,2023-10-12,1354,J4384,CH014,4,5,5,3630,0,0,0,NA,0,CH02,PIPELINE AV,CHINO HILLS PKWY,0,NA,Y,A,-,N,NA,NA,NA,NA,NA,NA,NA,NA,NA,N,4,0,2,2,A,-,08,22107,NA,N,D,D,A,A,H,-,A,A,0,NA,NA,NA,NA,Y,NA,A,01,0,0,2,0,0,0,0,0,0,-,-,33.98249816894531,-117.71504974365234,SAN BERNARDINO,CHINO HILLS,-117.715087890625,33.98262405395508
9650127,2023,2024-02-16,3605,2023-12-02,1057,399,NA,6,5,4,3605,0,0,0,NA,0,NA,MONTE VISTA AV,PRINCETON ST,123,S,N,A,-,N,NA,NA,NA,NA,NA,NA,NA,NA,NA,Y,3,0,1,2,A,-,09,21804,A,N,D,C,A,A,H,-,A,D,0,NA,NA,Y,NA,Y,NA,A,08,0,1,0,0,0,0,0,0,1,-,-,NA,NA,SAN BERNARDINO,MONTCLAIR,-117.6982421875,34.07948303222656
9650545,2023,2024-01-26,3608,2023-12-29,1304,5162,NA,5,5,5,3608,0,0,0,NA,0,NA,LUGONIA AV,CLAY ST,0,NA,Y,A,-,N,NA,NA,NA,NA,NA,NA,NA,NA,NA,Y,3,0,2,2,A,-,09,21802,A,N,D,C,A,A,H,-,A,A,0,NA,NA,NA,NA,Y,NA,D,22,0,1,1,0,0,0,0,0,0,-,-,NA,NA,SAN BERNARDINO,REDLANDS,-117.18463897705078,34.07004928588867
9650557,2023,2024-02-29,3608,2023-12-30,900,3372,NA,6,5,5,3608,0,0,0,NA,0,REDLAN,E CYPRESS AV,HIBISCUS DR,401,W,N,C,-,N,NA,NA,NA,NA,NA,NA,NA,NA,NA,N,3,0,1,3,A,-,03,22350,NA,N,A,E,A,B,H,-,A,D,0,NA,NA,NA,NA,Y,NA,D,22,0,1,0,0,0,0,0,0,0,-,-,NA,NA,SAN BERNARDINO,REDLANDS,-117.17430877685548,34.048583984375
9650702,2023,2024-02-07,3608,2023-12-13,219,5257,REDLA,3,5,5,3608,0,0,0,NA,0,901,ORANGE ST,E PIONEER AV,1856,N,N,A,-,N,NA,NA,NA,NA,NA,NA,NA,NA,NA,Y,3,0,1,1,A,-,03,22350,NA,N,F,I,A,A,H,-,D,A,0,NA,NA,NA,NA,Y,Y,A,01,0,1,0,0,0,0,0,0,0,-,-,NA,NA,SAN BERNARDINO,REDLANDS,-117.1823959350586,34.08592224121094
9651527,2023,2024-01-10,3610,2023-11-29,845,51436,NA,3,5,6,3610,0,0,0,NA,0,NA,W 31ST ST,N PERSHING AV,0,NA,Y,A,-,N,NA,NA,NA,NA,NA,NA,NA,NA,NA,N,4,0,1,2,A,-,09,21804,A,N,D,C,A,-,H,-,A,D,0,NA,NA,NA,NA,Y,NA,-,-,0,0,1,0,0,0,0,0,0,-,-,NA,NA,SAN BERNARDINO,SAN BERNARDINO,-117.2884521484375,34.14772033691406
9651528,2023,2024-03-04,3610,2023-11-28,845,51436,NA,2,5,6,3610,0,0,0,NA,0,NA,N MERIDIAN AV,W SPRUCE ST,105,N,N,A,-,N,NA,NA,NA,NA,NA,NA,NA,NA,NA,N,4,0,1,2,A,-,08,22107,1,N,B,E,A,-,H,-,A,D,0,NA,NA,NA,NA,Y,NA,A,07,0,0,1,0,0,0,0,0,0,-,-,NA,NA,SAN BERNARDINO,SAN BERNARDINO,-117.34854125976563,34.10923767089844
9652522,2024,2024-02-13,3600,2024-01-16,1620,G4510,HI001,2,5,4,3618,0,0,0,NA,0,HI1,STERLING AV,6TH ST,0,NA,Y,A,-,N,NA,NA,NA,NA,NA,NA,NA,NA,NA,Y,3,0,2,2,A,-,09,21802,A,N,D,C,A,A,H,-,A,A,0,NA,NA,NA,NA,Y,NA,A,01,0,1,1,0,0,0,0,0,0,-,-,34.11022186279297,-117.24372100830078,SAN BERNARDINO,HIGHLAND,-117.24369049072266,34.11017990112305
9652691,2023,2024-02-07,3608,2023-12-23,2315,5232,3608,6,5,5,3608,0,0,0,NA,0,901,CAJON ST,W CYPRESS AV,0,NA,Y,B,-,N,NA,NA,NA,NA,NA,NA,NA,NA,NA,Y,2,0,1,3,A,-,12,22450,A,N,D,C,A,B,H,-,C,D,0,NA,NA,NA,NA,Y,NA,A,01,1,0,0,0,0,0,0,0,0,-,-,NA,NA,SAN BERNARDINO,REDLANDS,-117.17648315429688,34.04737854003906
9652805,2024,2024-03-29,3600,2024-01-07,1134,J1624,VC069,7,5,5,3612,0,0,0,NA,0,VC5,MESA VIEW DR,TRAILWOOD ST,0,NA,Y,A,-,N,NA,NA,NA,NA,NA,NA,NA,NA,NA,Y,4,0,1,3,A,-,09,21801,NA,N,D,C,A,A,H,-,A,A,0,NA,NA,NA,NA,Y,NA,A,01,0,0,1,0,0,0,0,0,0,-,-,NA,NA,SAN BERNARDINO,VICTORVILLE,-117.40827941894533,34.492942810058594
9654348,2023,2024-01-10,3600,2023-08-31,1239,F5717,HE307,4,5,5,3619,0,0,0,NA,0,HE5,MAIN ST,MAPLE AV,830,NA,N,A,-,N,NA,NA,NA,NA,NA,NA,NA,NA,NA,Y,4,0,1,4,A,-,03,22350,NA,N,E,C,A,A,H,-,A,D,0,NA,NA,NA,NA,Y,NA,A,01,0,0,1,0,0,0,0,0,0,-,-,34.4267692565918,-117.34642791748048,SAN BERNARDINO,HESPERIA,-117.34648895263672,34.42679214477539
9654520,2023,2024-02-02,3600,2023-12-24,157,J6505,NA,7,5,5,3619,0,0,0,NA,0,NA,MESA ST,11TH AV,0,NA,Y,A,-,N,NA,NA,NA,NA,NA,NA,NA,NA,NA,Y,3,0,1,2,A,-,01,23152,A,M,D,C,A,A,H,-,C,A,0,NA,NA,NA,NA,Y,Y,D,22,0,1,0,0,0,0,0,0,0,-,-,NA,NA,SAN BERNARDINO,HESPERIA,-117.32094573974608,34.448787689208984
9655367,2023,2024-03-08,3600,2023-10-04,838,F5717,HE134,3,5,5,3619,0,0,0,NA,0,HE1,MAIN ST,RT 395,23,E,N,A,-,Y,SBD,8,395,-,R,5.613,I,6,N,N,4,0,1,2,A,-,03,22350,NA,N,C,C,A,A,H,-,A,A,0,NA,NA,NA,NA,Y,NA,D,22,0,0,1,0,0,0,0,0,0,-,-,34.42673110961914,-117.39993286132813,SAN BERNARDINO,HESPERIA,-117.40003967285156,34.426761627197266
9655404,2023,2024-02-09,3600,2023-12-11,758,F5717,HE217,1,5,5,3619,0,0,0,NA,0,HE2,SMOKE TREE ST,C AV,0,NA,Y,A,-,N,NA,NA,NA,NA,NA,NA,NA,NA,NA,Y,4,0,1,2,A,-,09,21802,A,N,D,C,A,A,H,-,A,A,0,NA,NA,NA,NA,Y,NA,A,01,0,0,1,0,0,0,0,0,0,-,-,34.424251556396484,-117.296142578125,SAN BERNARDINO,HESPERIA,-117.29601287841795,34.42464065551758
9655964,2023,2024-01-30,3610,2023-12-30,2003,51325,NA,6,5,6,3610,0,0,0,NA,0,NA,N MT VERNON AVE,WEST HIGHLAND AV,0,NA,Y,A,-,N,NA,NA,NA,NA,NA,NA,NA,NA,NA,Y,3,0,6,2,A,-,09,21801,A,N,A,C,A,A,H,-,C,A,0,NA,NA,NA,NA,Y,NA,A,01,0,1,5,0,0,0,0,0,0,-,-,NA,NA,SAN BERNARDINO,SAN BERNARDINO,-117.3163833618164,34.13608169555664
9655987,2023,2024-01-30,3604,2023-12-21,608,802,NA,4,5,6,3604,0,0,0,NA,0,NA,SIERRA AV,RANDALL AV,382,N,N,B,-,N,NA,NA,NA,NA,NA,NA,NA,NA,NA,NA,3,0,1,2,A,-,11,21954,A,N,G,B,D,B,H,-,C,A,0,Y,NA,NA,NA,Y,NA,N,60,0,1,0,0,1,0,0,0,0,-,-,NA,NA,SAN BERNARDINO,FONTANA,-117.43571472167967,34.08589553833008
9655991,2023,2024-02-05,3604,2023-12-21,1907,1303,NA,4,5,6,3604,0,0,0,NA,0,004,ETIWANDA AV,RT 10,480,S,N,A,-,N,NA,NA,NA,NA,NA,NA,NA,NA,NA,Y,4,0,1,2,A,-,03,22350,NA,N,C,C,A,A,H,-,C,A,0,NA,NA,NA,NA,Y,NA,A,01,0,0,1,0,0,0,0,0,0,-,-,NA,NA,SAN BERNARDINO,FONTANA,-117.52410888671876,34.06753921508789
9656442,2023,2024-03-08,3610,2023-12-19,2500,51441,NA,2,5,6,3610,0,0,0,NA,0,NA,RT 18,RT 18 5865,45,N,-,B,C,Y,SBD,8,18,-,R,9.87,H,-,S,Y,4,0,1,2,A,-,08,22107,NA,N,C,C,A,B,H,-,D,A,0,NA,NA,NA,NA,Y,NA,A,01,0,0,1,0,0,0,0,0,0,-,-,34.18714904785156,-117.28414916992188,SAN BERNARDINO,SAN BERNARDINO,-117.2841567993164,34.18704605102539
9656560,2023,2024-02-20,3608,2023-12-08,754,4298,3608,5,5,5,3608,0,0,0,NA,0,901,LUGONIA AV,UNIVERSITY ST,0,NA,Y,A,-,Y,SBD,8,38,-,-,1.445,I,5,E,N,4,0,1,2,A,-,10,21950,A,N,G,B,B,A,H,-,A,A,0,Y,NA,NA,NA,Y,NA,A,01,0,0,1,0,1,0,0,0,0,-,-,NA,NA,SAN BERNARDINO,REDLANDS,-117.16720581054688,34.07005310058594
9657280,2024,2024-03-29,3600,2024-01-27,1526,F5696,YC103,6,5,4,3640,0,0,0,NA,0,YC01,OAK GLEN RD,CHAPMAN HEIGHTS RD,0,NA,Y,A,-,N,NA,NA,NA,NA,NA,NA,NA,NA,NA,Y,2,0,2,2,A,-,03,22350,NA,N,D,C,A,A,H,-,A,A,0,NA,NA,NA,NA,Y,Y,A,01,1,0,1,0,0,0,0,0,0,-,-,34.03723907470703,-117.06717681884766,SAN BERNARDINO,YUCAIPA,-117.06717681884766,34.0372428894043
9657302,2023,2024-02-28,3600,2023-10-14,1935,J4506,HE108,6,5,5,3619,0,0,0,NA,0,HE1,SEVENTH AV,MANZANITA ST,0,NA,Y,A,-,N,NA,NA,NA,NA,NA,NA,NA,NA,NA,N,3,0,1,2,A,-,12,22450,A,N,D,C,A,A,H,-,D,A,0,NA,NA,NA,NA,Y,NA,D,22,0,1,0,0,0,0,0,0,0,-,-,NA,NA,SAN BERNARDINO,HESPERIA,-117.31230926513672,34.465309143066406
9658507,2024,2024-04-05,3610,2024-01-25,906,51436,NA,4,5,6,3610,0,0,0,NA,0,NA,RT 215,2ND ST,0,NA,Y,B,-,Y,SBD,8,215,-,-,6.547,R,4,N,Y,4,0,2,2,A,-,12,21453,A,N,D,C,A,A,H,-,A,A,0,NA,NA,NA,NA,Y,NA,A,07,0,0,2,0,0,0,0,0,0,NF,-,NA,NA,SAN BERNARDINO,SAN BERNARDINO,-117.30174255371094,34.09890365600586
9658698,2024,2024-03-20,3610,2024-01-14,748,51465,NA,7,5,6,3610,0,0,0,NA,0,NA,W 5TH ST,N H ST,0,NA,Y,A,-,N,NA,NA,NA,NA,NA,NA,NA,NA,NA,Y,4,0,1,2,A,-,01,23152,A,N,D,C,A,A,H,-,A,A,0,NA,NA,NA,NA,Y,Y,A,07,0,0,1,0,0,0,0,0,0,-,-,34.10831832885742,-117.30088043212892,SAN BERNARDINO,SAN BERNARDINO,-117.30088806152344,34.10834503173828
9659528,2024,2024-02-09,3600,2024-01-09,1751,D4301,VC030,2,5,5,3612,0,0,0,NA,0,VC2,GREEN TREE BL,HESPERIA RD,244,E,N,A,-,N,NA,NA,NA,NA,NA,NA,NA,NA,NA,N,2,0,1,2,A,-,11,21956,A,N,G,B,E,A,H,-,C,D,0,Y,NA,NA,NA,Y,NA,N,60,1,0,0,0,1,0,0,0,0,-,-,NA,NA,SAN BERNARDINO,VICTORVILLE,-117.29351806640624,34.50025939941406
9660036,2024,2024-03-14,3600,2024-01-17,1300,H7533,HI005,3,5,4,3618,0,0,0,NA,0,HI2,BASELINE ST,GUTHRIE ST,244,E,N,A,-,N,NA,NA,NA,NA,NA,NA,NA,NA,NA,Y,3,0,1,2,A,-,09,21801,NA,N,D,C,A,A,H,-,A,D,0,NA,NA,NA,NA,Y,NA,A,01,0,1,0,0,0,0,0,0,0,-,-,34.12126922607422,-117.23922729492188,SAN BERNARDINO,HIGHLAND,-117.23928833007813,34.121299743652344
9660152,2024,2024-03-01,3608,2024-01-19,809,4024,NA,5,5,5,3608,0,0,0,NA,0,NA,S CENTER ST,CRESCENT AV,1056,S,N,A,-,N,NA,NA,NA,NA,NA,NA,NA,NA,NA,Y,3,0,4,3,A,-,08,22107,NA,N,C,E,A,A,H,-,A,A,0,NA,NA,NA,NA,Y,NA,A,07,0,3,1,0,0,0,0,0,0,-,-,NA,NA,SAN BERNARDINO,REDLANDS,-117.17546844482422,34.03290557861328
9660278,2024,2024-03-01,3608,2024-01-26,1334,4024,NA,5,5,5,3608,0,0,0,NA,0,NA,FERN AV,NORWOOD ST,0,NA,Y,A,-,N,NA,NA,NA,NA,NA,NA,NA,NA,NA,Y,4,0,1,2,A,-,09,21804,NA,N,D,D,A,A,H,-,A,A,0,NA,NA,NA,NA,Y,NA,A,01,0,0,1,0,0,0,0,0,0,-,-,NA,NA,SAN BERNARDINO,REDLANDS,-117.1870574951172,34.04584884643555
9660279,2024,2024-03-01,3608,2024-01-22,915,4963,3608,1,5,5,3608,0,0,0,NA,0,NA,GROVE ST,CENTRAL AV,0,NA,Y,B,-,N,NA,NA,NA,NA,NA,NA,NA,NA,NA,Y,4,0,1,2,A,-,09,21802,A,N,D,C,A,B,H,-,A,A,0,NA,NA,NA,NA,Y,NA,A,01,0,0,1,0,0,0,0,0,0,-,-,NA,NA,SAN BERNARDINO,REDLANDS,-117.16047668457033,34.05714416503906
9660607,2024,2024-05-02,3600,2024-02-07,2224,D6899,HE304,3,5,5,3619,0,0,0,NA,0,HE3,SULTANA ST,CREOSOTE CT,105,E,N,C,G,N,NA,NA,NA,NA,NA,NA,NA,NA,NA,Y,4,0,1,1,A,-,05,21650,NA,N,E,I,A,B,H,-,C,D,0,NA,NA,NA,NA,Y,NA,A,07,0,0,1,0,0,0,0,0,0,-,-,NA,NA,SAN BERNARDINO,HESPERIA,-117.36784362792967,34.41944885253906
9661006,2024,2024-03-29,3610,2024-01-04,1830,51326,NA,4,5,6,3610,0,0,0,NA,0,NA,N E ST,WEST HIGHLAND AV,0,NA,Y,-,-,N,NA,NA,NA,NA,NA,NA,NA,NA,NA,Y,3,0,6,2,A,-,09,21801,A,N,D,C,A,A,H,-,C,A,0,NA,NA,NA,NA,Y,NA,A,01,0,2,4,0,0,0,0,0,0,-,-,NA,NA,SAN BERNARDINO,SAN BERNARDINO,-117.29415130615234,34.13600158691406
9662952,2023,2024-02-12,3600,2023-12-20,1811,G6205,RC008,3,5,6,3616,0,0,0,NA,0,RC6,FOOTHILL BL,RT 15,325,W,N,C,-,N,NA,NA,NA,NA,NA,NA,NA,NA,NA,N,4,0,2,3,A,-,03,22350,NA,N,C,C,A,B,H,-,C,D,0,NA,NA,NA,NA,Y,NA,A,07,0,0,2,0,0,0,0,0,0,-,WF,NA,NA,SAN BERNARDINO,RANCHO CUCAMONGA,-117.5334930419922,34.10625457763672
9663094,2024,2024-03-12,3600,2024-01-07,1805,I7891,HI016,7,5,4,3618,0,0,0,NA,0,HI02,ORANGE ST,14TH ST,35,S,N,A,-,N,NA,NA,NA,NA,NA,NA,NA,NA,NA,Y,2,0,2,2,A,-,03,22350,NA,F,A,C,A,A,H,-,C,D,0,NA,NA,NA,Y,Y,NA,A,01,1,0,1,0,0,0,0,0,0,-,-,34.12472915649414,-117.21327209472656,SAN BERNARDINO,HIGHLAND,-117.21326446533205,34.124732971191406
9664283,2024,2024-03-09,3600,2024-01-03,904,G6203,HE102,3,5,5,3619,0,0,0,NA,0,HE1,OAKWOOD AV,SEQUOIA ST,0,NA,Y,A,-,N,NA,NA,NA,NA,NA,NA,NA,NA,NA,Y,3,0,3,3,A,-,12,22450,A,N,D,C,A,A,H,-,A,A,0,NA,NA,NA,NA,Y,NA,A,01,0,3,0,0,0,0,0,0,0,-,-,NA,NA,SAN BERNARDINO,HESPERIA,-117.34288787841795,34.46866989135742
9664330,2024,2024-03-13,3604,2024-01-18,1701,1483,NA,4,5,6,3604,0,0,0,NA,0,003,MERRILL AV,CYPRESS AV,0,NA,Y,A,-,N,NA,NA,NA,NA,NA,NA,NA,NA,NA,N,4,0,1,2,A,-,11,21954,A,N,G,B,D,A,H,-,B,A,0,Y,NA,NA,NA,Y,NA,N,60,0,0,1,0,1,0,0,0,0,-,-,NA,NA,SAN BERNARDINO,FONTANA,-117.44445037841795,34.09210968017578
9664575,2024,2024-04-18,3600,2024-02-17,1521,J2651,VC066,6,5,5,3612,0,0,0,NA,0,VC05,SYCAMORE ST,LAUREL OAK RD,0,NA,Y,A,-,N,NA,NA,NA,NA,NA,NA,NA,NA,NA,N,3,0,1,2,A,-,09,21801,A,N,D,C,A,A,H,-,A,A,0,NA,NA,Y,NA,Y,NA,A,08,0,1,0,0,0,0,0,0,1,-,-,34.463050842285156,-117.37776184082033,SAN BERNARDINO,VICTORVILLE,-117.37759399414063,34.463096618652344
9665619,2024,2024-04-16,3608,2024-02-22,1753,5224,NA,4,5,5,3608,0,0,0,NA,0,NA,5TH AVE,S. DEARBORN ST,868,W,N,A,-,N,NA,NA,NA,NA,NA,NA,NA,NA,NA,Y,4,0,2,2,A,-,08,22107,NA,N,D,C,A,A,H,-,C,D,0,NA,NA,NA,NA,Y,NA,A,01,0,0,2,0,0,0,0,0,0,-,-,NA,NA,SAN BERNARDINO,REDLANDS,-117.15048980712892,34.048377990722656
9665623,2024,2024-06-27,3608,2024-02-05,1600,4824,NA,1,5,5,3608,0,0,0,NA,0,NA,E COLTON AV,6TH ST,0,NA,Y,C,-,N,NA,NA,NA,NA,NA,NA,NA,NA,NA,N,4,0,1,2,A,-,12,22450,NA,N,D,C,A,B,H,-,A,A,0,NA,NA,NA,NA,Y,NA,A,01,0,0,1,0,0,0,0,0,0,-,-,NA,NA,SAN BERNARDINO,REDLANDS,-117.18035888671876,34.06282043457031
9666197,2024,2024-05-20,3600,2024-03-12,1045,H5258,HER31,2,5,5,3619,0,0,0,NA,0,HE5,SULTANA ST,11TH AV,250,E,N,A,-,N,NA,NA,NA,NA,NA,NA,NA,NA,NA,Y,4,0,1,1,A,-,03,22350,NA,N,F,A,A,A,A,B,A,D,0,NA,NA,Y,NA,Y,NA,C,02,0,0,1,0,0,0,0,0,1,-,-,NA,NA,SAN BERNARDINO,HESPERIA,-117.32583618164063,34.41775894165039
9666325,2024,2024-05-24,3600,2024-03-02,1545,J9421,VC048,6,5,5,3612,0,0,0,NA,0,VC8,ETO CAMINO RD,N CULVER RD,0,NA,Y,A,-,N,NA,NA,NA,NA,NA,NA,NA,NA,NA,Y,3,0,1,2,A,-,08,22107,A,N,B,-,A,A,H,-,A,D,0,NA,NA,NA,NA,Y,NA,A,01,0,1,0,0,0,0,0,0,0,-,-,34.53947067260742,-117.32051849365234,SAN BERNARDINO,VICTORVILLE,-117.32057189941406,34.53947067260742
9666391,2024,2024-04-05,3604,2024-02-29,632,802,NA,4,5,6,3604,0,0,0,NA,0,NA,ARROW BL,MAPLE AV,0,NA,Y,B,-,N,NA,NA,NA,NA,NA,NA,NA,NA,NA,Y,4,0,2,2,A,-,09,21802,A,N,D,C,A,B,H,-,A,A,0,NA,NA,NA,NA,Y,NA,A,07,0,0,2,0,0,0,0,0,0,-,-,34.0989990234375,-117.40499877929688,SAN BERNARDINO,FONTANA,-117.40525817871094,34.0994873046875
9666881,2023,2024-02-15,3600,2023-12-10,2257,G3860,RC008,7,5,6,3616,0,0,0,NA,0,004,EAST AV,BASE LINE RD,0,NA,Y,A,-,N,NA,NA,NA,NA,NA,NA,NA,NA,NA,Y,4,0,1,2,A,-,01,23152,A,F,D,C,A,A,H,-,C,A,0,NA,NA,NA,NA,Y,Y,A,07,0,0,1,0,0,0,0,0,0,-,-,NA,NA,SAN BERNARDINO,RANCHO CUCAMONGA,-117.51467895507813,34.12131118774414
9668886,2024,2024-07-03,3600,2024-02-09,818,G8600,BL211,5,5,2,3680,0,0,0,NA,0,BL2,PEREGRINE AV,FIR ST,14,N,N,A,-,N,NA,NA,NA,NA,NA,NA,NA,NA,NA,Y,4,0,2,2,A,-,17,21461,A,N,D,C,A,C,H,-,A,D,0,NA,NA,NA,NA,Y,NA,A,NA,0,0,2,0,0,0,0,0,0,-,-,NA,NA,SAN BERNARDINO,BIG BEAR LAKE,-116.87265777587892,34.23883819580078
9668890,2024,2024-06-25,3604,2024-02-11,1850,1339,NA,7,5,6,3604,0,0,0,NA,0,NA,CHERRY AV,VILLAGE DR,0,NA,Y,A,-,N,NA,NA,NA,NA,NA,NA,NA,NA,NA,Y,4,0,1,2,A,-,12,22450,A,N,D,C,A,A,H,-,C,A,0,NA,NA,NA,NA,Y,NA,-,-,0,0,1,0,0,0,0,0,0,-,-,34.04267883300781,-117.48731231689452,SAN BERNARDINO,FONTANA,-117.48733520507813,34.042625427246094