CASE_ID,ACCIDENT_YEAR,PROC_DATE,JURIS,COLLISION_DATE,COLLISION_TIME,OFFICER_ID,REPORTING_DISTRICT,DAY_OF_WEEK,CHP_SHIFT,POPULATION,CNTY_CITY_LOC,SPECIAL_COND,BEAT_TYPE,CHP_BEAT_TYPE,CITY_DIVISION_LAPD,CHP_BEAT_CLASS,BEAT_NUMBER,PRIMARY_RD,SECONDARY_RD,DISTANCE,DIRECTION,INTERSECTION,WEATHER_1,WEATHER_2,STATE_HWY_IND,CALTRANS_COUNTY,CALTRANS_DISTRICT,STATE_ROUTE,ROUTE_SUFFIX,POSTMILE_PREFIX,POSTMILE,LOCATION_TYPE,RAMP_INTERSECTION,SIDE_OF_HWY,TOW_AWAY,COLLISION_SEVERITY,NUMBER_KILLED,NUMBER_INJURED,PARTY_COUNT,PRIMARY_COLL_FACTOR,PCF_CODE_OF_VIOL,PCF_VIOL_CATEGORY,PCF_VIOLATION,PCF_VIOL_SUBSECTION,HIT_AND_RUN,TYPE_OF_COLLISION,MVIW,PED_ACTION,ROAD_SURFACE,ROAD_COND_1,ROAD_COND_2,LIGHTING,CONTROL_DEVICE,CHP_ROAD_TYPE,PEDESTRIAN_ACCIDENT,BICYCLE_ACCIDENT,MOTORCYCLE_ACCIDENT,TRUCK_ACCIDENT,NOT_PRIVATE_PROPERTY,ALCOHOL_INVOLVED,STWD_VEHTYPE_AT_FAULT,CHP_VEHTYPE_AT_FAULT,COUNT_SEVERE_INJ,COUNT_VISIBLE_INJ,COUNT_COMPLAINT_PAIN,COUNT_PED_KILLED,COUNT_PED_INJURED,COUNT_BICYCLIST_KILLED,COUNT_BICYCLIST_INJURED,COUNT_MC_KILLED,COUNT_MC_INJURED,PRIMARY_RAMP,SECONDARY_RAMP,LATITUDE,LONGITUDE,COUNTY,CITY,POINT_X,POINT_Y
9742463,2024,2024-10-25,3603,2024-07-27,1315,5214,CPD,6,5,4,3603,0,0,0,NA,0,002,N MT VERNON AV,N LA CADENA,260,S,N,A,-,N,NA,NA,NA,NA,NA,NA,NA,NA,NA,Y,4,0,1,2,A,-,03,22350,NA,N,C,C,A,A,H,-,A,D,0,NA,NA,NA,NA,Y,NA,A,01,0,0,1,0,0,0,0,0,0,-,-,34.08367156982422,-117.31381988525392,SAN BERNARDINO,COLTON,-117.31385040283205,34.08415603637695
9742494,2024,2024-10-23,3600,2024-09-29,1331,I3985,HE101,7,5,5,3619,0,0,0,NA,0,HE1,BEAR VALLEY RD,COTTONWOOD AV,0,NA,Y,A,-,N,NA,NA,NA,NA,NA,NA,NA,NA,NA,Y,4,0,2,2,A,-,12,21453,A,N,D,C,A,A,H,-,A,A,0,NA,NA,NA,Y,Y,NA,F,21,0,0,2,0,0,0,0,0,0,-,-,NA,NA,SAN BERNARDINO,HESPERIA,-117.33869934082033,34.47048568725586
9743630,2024,2024-11-22,3610,2024-09-06,1311,51465,NA,5,5,6,3610,0,0,0,NA,0,NA,N PALM AV,N INSTITUTION RD,275,N,N,A,-,N,NA,NA,NA,NA,NA,NA,NA,NA,NA,N,4,0,1,1,A,-,08,22107,NA,N,E,I,A,A,H,-,A,D,0,NA,NA,NA,NA,Y,NA,A,01,0,0,1,0,0,0,0,0,0,-,-,34.18621826171875,-117.36589050292967,SAN BERNARDINO,SAN BERNARDINO,-117.3656005859375,34.18692398071289
9744059,2024,2024-10-21,3600,2024-08-09,1635,G8614,RC008,5,5,6,3616,0,0,0,NA,0,RC3,VICTORIA ST,ETIWANDA AV,0,NA,Y,A,-,N,NA,NA,NA,NA,NA,NA,NA,NA,NA,N,4,0,1,3,A,-,09,21801,A,N,D,C,A,A,H,-,A,A,0,NA,NA,NA,NA,Y,NA,A,01,0,0,1,0,0,0,0,0,0,-,-,NA,NA,SAN BERNARDINO,RANCHO CUCAMONGA,-117.52352142333984,34.1282958984375
9745925,2024,2024-11-12,3610,2024-08-29,2030,51511,NA,4,5,6,3610,0,0,0,NA,0,NA,W 5TH ST,H ST,612,W,N,A,-,N,NA,NA,NA,NA,NA,NA,NA,NA,NA,Y,3,0,1,2,D,-,00,NA,NA,N,G,B,B,A,H,-,C,A,0,Y,NA,NA,Y,Y,NA,-,-,0,1,0,0,1,0,0,0,0,-,-,NA,NA,SAN BERNARDINO,SAN BERNARDINO,-117.30290222167967,34.108341217041016
9745926,2024,2024-11-14,3610,2024-08-28,1256,51237,NA,3,5,6,3610,0,0,0,NA,0,NA,N DEL ROSA AV,E DATE ST,0,NA,Y,A,-,N,NA,NA,NA,NA,NA,NA,NA,NA,NA,N,3,0,3,2,A,-,08,22107,NA,N,A,C,A,A,H,-,A,A,0,NA,NA,NA,NA,Y,NA,D,23,0,3,0,0,0,0,0,0,0,-,-,34.143959045410156,-117.25243377685548,SAN BERNARDINO,SAN BERNARDINO,-117.25243377685548,34.14365005493164
9746177,2024,2024-10-29,3610,2024-08-22,1343,51450,NA,4,5,6,3610,0,0,0,NA,0,NA,N D ST,E 10TH ST,0,NA,Y,A,-,N,NA,NA,NA,NA,NA,NA,NA,NA,NA,Y,4,0,1,2,A,-,09,21801,B,N,D,C,A,A,H,-,A,A,0,NA,NA,NA,NA,Y,NA,A,01,0,0,1,0,0,0,0,0,0,-,-,34.11766052246094,-117.29190826416016,SAN BERNARDINO,SAN BERNARDINO,-117.29190063476563,34.11764907836914
9746201,2024,2024-12-26,3610,2024-08-23,1327,51465,NA,5,5,6,3610,0,0,0,NA,0,NA,W BASELINE ST,RT 215,0,NA,Y,A,-,Y,SBD,8,215,-,-,7.892,R,4,N,Y,4,0,4,2,A,-,12,21453,A,N,D,C,A,A,H,-,A,A,0,NA,NA,NA,NA,Y,NA,-,-,0,0,4,0,0,0,0,0,0,-,-,34.121341705322266,-117.3009033203125,SAN BERNARDINO,SAN BERNARDINO,-117.30240631103516,34.118656158447266
9746202,2024,2024-10-29,3610,2024-08-23,629,51465,NA,5,5,6,3610,0,0,0,NA,0,NA,N STERLING AV,E LYNWOOD DR,0,NA,Y,B,-,N,NA,NA,NA,NA,NA,NA,NA,NA,NA,Y,4,0,1,2,A,-,12,22450,A,N,D,C,A,A,H,-,A,A,0,NA,NA,NA,NA,Y,NA,A,01,0,0,1,0,0,0,0,0,0,-,-,34.14672088623047,-117.24368286132813,SAN BERNARDINO,SAN BERNARDINO,-117.24372863769533,34.146728515625
9746501,2024,2024-11-04,3600,2024-10-18,1109,G7650,LOMAL,5,5,3,3615,0,0,0,NA,0,0LL,LOMA LINDA DR,BARTON RD,751,S,N,A,-,N,NA,NA,NA,NA,NA,NA,NA,NA,NA,Y,3,0,1,2,A,-,07,21658,A,N,C,E,A,A,H,-,A,D,0,NA,NA,NA,NA,Y,NA,A,01,0,1,0,0,0,0,0,0,0,-,-,NA,NA,SAN BERNARDINO,LOMA LINDA,-117.24800872802734,34.046241760253906
9746789,2024,2025-07-18,3600,2024-09-15,1329,G3830,YC3,7,5,4,3640,0,0,0,NA,0,YC403,OAK GLEN RD,14TH ST,86,NA,N,A,-,N,NA,NA,NA,NA,NA,NA,NA,NA,NA,Y,4,0,1,2,A,-,08,22101,D,N,B,C,A,A,H,-,A,A,0,NA,NA,NA,NA,Y,Y,-,-,0,0,1,0,0,0,0,0,0,-,-,NA,NA,SAN BERNARDINO,YUCAIPA,-117.09392547607422,34.018001556396484
9746804,2024,2024-11-05,3604,2024-09-01,1606,1460,NA,7,5,6,3604,0,0,0,NA,0,002,FOOTHILL BL,TOKAY AV,0,NA,Y,A,-,N,NA,NA,NA,NA,NA,NA,NA,NA,NA,Y,4,0,2,2,A,-,12,21453,A,N,D,C,A,A,H,-,A,A,0,NA,NA,NA,NA,Y,NA,A,01,0,0,2,0,0,0,0,0,0,-,-,NA,NA,SAN BERNARDINO,FONTANA,-117.45588684082033,34.10651779174805
9747590,2024,2024-10-24,3604,2024-10-06,1506,1086,NA,7,5,6,3604,0,0,0,NA,0,002,HIGHLAND AV,SAN SEVAINE RD,0,NA,Y,A,-,N,NA,NA,NA,NA,NA,NA,NA,NA,NA,Y,3,0,2,2,D,-,00,NA,NA,N,D,C,A,A,H,-,A,D,0,NA,NA,NA,NA,Y,NA,-,-,0,1,1,0,0,0,0,0,0,-,-,NA,NA,SAN BERNARDINO,FONTANA,-117.47969818115234,34.13414764404297
9748018,2024,2024-11-05,3610,2024-08-22,739,50772,NA,4,5,6,3610,0,0,0,NA,0,NA,E FOOTHILL BL,N ACACIA AVE,520,W,N,A,-,N,NA,NA,NA,NA,NA,NA,NA,NA,NA,N,4,0,1,2,A,-,08,22107,NA,N,D,C,A,A,C,-,A,D,0,NA,NA,NA,NA,Y,NA,A,01,0,0,1,0,0,0,0,0,0,-,-,34.10675811767578,-117.36163330078124,SAN BERNARDINO,SAN BERNARDINO,-117.36334991455078,34.10675811767578
9748591,2024,2024-11-21,3600,2024-10-17,658,15414,VC048,4,5,5,3612,0,0,0,NA,0,VC8,MOJAVE DR,VILLAGE DR,66,W,N,A,-,N,NA,NA,NA,NA,NA,NA,NA,NA,NA,Y,3,0,1,2,A,-,12,21453,A,N,D,C,A,A,H,-,A,-,0,NA,NA,NA,NA,Y,NA,D,22,0,1,0,0,0,0,0,0,0,-,-,34.52901077270508,-117.31848907470705,SAN BERNARDINO,VICTORVILLE,-117.31852722167967,34.52889633178711
9750575,2024,2024-11-25,3600,2024-10-10,639,I5414,VC064,4,5,5,3612,0,0,0,NA,0,VC5,AMARGOSA RD,MARICOPA RD,665,N,N,A,-,N,NA,NA,NA,NA,NA,NA,NA,NA,NA,Y,3,0,1,2,A,-,03,22350,NA,N,A,C,A,A,H,-,B,A,0,NA,NA,NA,Y,Y,NA,A,01,0,1,0,0,0,0,0,0,0,-,-,34.499698638916016,-117.33007049560548,SAN BERNARDINO,VICTORVILLE,-117.33006286621094,34.497901916503906
9750731,2024,2024-11-27,3600,2024-10-31,1515,H5258,HE308,4,5,5,3619,0,0,0,NA,0,HE5,COTTOWNOOD AV,SULTANA ST,0,NA,Y,A,-,N,NA,NA,NA,NA,NA,NA,NA,NA,NA,Y,3,0,2,2,A,-,09,21802,A,N,D,C,A,A,H,-,A,A,0,NA,NA,NA,NA,Y,NA,D,22,0,2,0,0,0,0,0,0,0,-,-,NA,NA,SAN BERNARDINO,HESPERIA,-117.33834075927734,34.41896057128906
9751502,2024,2025-02-25,3600,2024-10-19,2000,H5907,LL006,6,5,3,3615,0,0,0,NA,0,LL2,REDLANDS BL,MOUNTAIN VIEW AV,264,W,N,A,-,N,NA,NA,NA,NA,NA,NA,NA,NA,NA,N,1,1,0,2,A,-,11,21954,A,N,G,B,D,A,H,-,C,D,0,Y,NA,NA,NA,Y,NA,N,60,0,0,0,1,0,0,0,0,0,-,-,34.06312942504883,-117.24463653564452,SAN BERNARDINO,LOMA LINDA,-117.24456024169922,34.06304168701172
9751786,2024,2024-11-19,3605,2024-06-24,21,473,NA,1,5,4,3605,0,0,0,NA,0,NA,HOLT BL,YOSEMITE DR,202,E,N,A,-,N,NA,NA,NA,NA,NA,NA,NA,NA,NA,Y,2,0,1,2,A,-,01,23152,A,N,B,E,A,A,H,-,C,D,0,NA,NA,NA,NA,Y,Y,D,22,1,0,0,0,0,0,0,0,0,-,-,34.063140869140625,-117.70539855957033,SAN BERNARDINO,MONTCLAIR,-117.70472717285156,34.0631103515625
9752020,2024,2024-11-13,3605,2024-07-27,731,504,NA,6,5,4,3605,0,0,0,NA,0,NA,CANOGA ST,MONTE VISTA AV,120,W,N,A,-,N,NA,NA,NA,NA,NA,NA,NA,NA,NA,N,3,0,1,2,A,-,11,21956,NA,N,G,B,D,A,H,-,A,D,0,Y,NA,NA,NA,Y,NA,N,60,0,1,0,0,1,0,0,0,0,-,-,34.06658172607422,-117.69830322265624,SAN BERNARDINO,MONTCLAIR,-117.69869232177734,34.06590270996094
9754345,2024,2024-11-26,3600,2024-09-30,1522,J5504,YV011,1,5,3,3631,0,0,0,NA,0,YV1,PALM AV,CLUBHOUSE VIEW,0,NA,Y,A,-,N,NA,NA,NA,NA,NA,NA,NA,NA,NA,N,4,0,1,2,A,-,03,22350,NA,N,C,C,A,A,H,-,A,D,0,NA,NA,NA,NA,Y,NA,A,01,0,0,1,0,0,0,0,0,0,-,-,NA,NA,SAN BERNARDINO,YUCCA VALLEY,-116.431539,34.118453
9754516,2024,2024-12-06,3604,2024-10-25,759,D231,E31E2,5,5,6,3604,0,0,0,NA,0,003,LIVE OAK AV,CLOVERDALE AV,0,NA,Y,A,-,N,NA,NA,NA,NA,NA,NA,NA,NA,NA,N,3,0,1,2,A,-,10,21950,NA,N,G,B,C,A,H,-,A,D,0,Y,NA,NA,NA,Y,NA,A,01,0,1,0,0,1,0,0,0,0,-,-,NA,NA,SAN BERNARDINO,FONTANA,-117.48826599121094,34.04073715209961
9754822,2024,2024-12-04,3610,2024-09-30,1138,51465,NA,1,5,6,3610,0,0,0,NA,0,NA,TIPPECANOE AV,HOSPITALITY LN,73,N,N,A,-,N,NA,NA,NA,NA,NA,NA,NA,NA,NA,Y,4,0,1,2,A,-,08,22107,NA,M,B,C,A,A,H,-,A,D,0,NA,NA,NA,NA,Y,NA,A,07,0,0,1,0,0,0,0,0,0,-,-,34.069000244140625,-117.26119995117188,SAN BERNARDINO,SAN BERNARDINO,-117.26130676269533,34.06922912597656
9755023,2024,2025-02-28,3610,2024-10-02,1745,51456,NA,3,5,6,3610,0,0,0,NA,0,NA,W 2ND ST,RT 215,0,NA,Y,A,-,Y,SBD,8,215,-,-,6.547,R,4,N,N,3,0,1,2,A,-,12,21453,NA,N,D,C,A,A,H,-,A,A,0,NA,NA,NA,NA,Y,NA,-,-,0,1,0,0,0,0,0,0,0,-,-,NA,NA,SAN BERNARDINO,SAN BERNARDINO,-117.30174255371094,34.09890365600586
9755100,2024,2024-12-09,3610,2024-09-25,956,51436,NA,3,5,6,3610,0,0,0,NA,0,NA,VICTORIA AV,MOUNTAIN  VIEW AV,0,NA,Y,A,-,N,NA,NA,NA,NA,NA,NA,NA,NA,NA,N,4,0,1,2,A,-,09,21800,A,N,A,C,A,A,H,-,A,A,0,NA,NA,NA,NA,Y,NA,A,07,0,0,1,0,0,0,0,0,0,-,-,NA,NA,SAN BERNARDINO,SAN BERNARDINO,-117.2436294555664,34.07426834106445
9755113,2024,2024-12-10,3610,2024-09-21,1745,51495,NA,6,5,6,3610,0,0,0,NA,0,NA,E PUMALO ST,ARDEN AV,482,W,N,A,-,N,NA,NA,NA,NA,NA,NA,NA,NA,NA,N,4,0,1,2,A,-,09,21801,A,N,A,C,A,A,H,-,A,D,0,NA,NA,NA,NA,Y,NA,A,01,0,0,1,0,0,0,0,0,0,-,-,NA,NA,SAN BERNARDINO,SAN BERNARDINO,-117.23651885986328,34.13853073120117
9755479,2024,2024-11-20,3600,2024-10-16,645,G4510,HI011,3,5,4,3618,0,0,0,NA,0,0HI,VICTORIA AV,GOODMAN CT,324,S,N,B,-,N,NA,NA,NA,NA,NA,NA,NA,NA,NA,Y,4,0,1,2,A,-,09,21804,A,N,D,C,A,A,H,-,A,D,0,NA,NA,NA,NA,Y,NA,A,07,0,0,1,0,0,0,0,0,0,-,-,34.12622833251953,-117.22618865966795,SAN BERNARDINO,HIGHLAND,-117.22621154785156,34.126251220703125
9755677,2024,2024-12-09,3600,2024-11-03,1311,J1624,VC054,7,5,5,3612,0,0,0,NA,0,VC7,ROY ROGERS DR,RT 15,0,NA,Y,A,-,Y,SBD,8,15,-,-,41.496,R,4,S,Y,4,0,1,2,A,-,12,21453,NA,N,D,C,A,A,H,-,A,A,0,NA,NA,NA,NA,Y,NA,A,07,0,0,1,0,0,0,0,0,0,-,SF,34.520999908447266,-117.322998046875,SAN BERNARDINO,VICTORVILLE,-117.31924438476563,34.5218391418457
9757418,2024,2024-12-04,3605,2024-08-07,2051,502,NA,3,5,4,3605,0,0,0,NA,0,NA,CENTRAL AV,ARROW HWY,25,W,N,A,-,N,NA,NA,NA,NA,NA,NA,NA,NA,NA,N,4,0,1,2,A,-,12,21453,A,N,D,C,A,A,H,-,C,A,0,NA,NA,NA,NA,Y,NA,A,01,0,0,1,0,0,0,0,0,0,-,-,34.092369079589844,-117.68962097167967,SAN BERNARDINO,MONTCLAIR,-117.68971252441406,34.09233093261719
9757421,2024,2024-12-04,3605,2024-08-17,1152,504,NA,6,5,4,3605,0,0,0,NA,0,NA,CENTRAL AV,PLAZA LN,0,NA,Y,A,-,N,NA,NA,NA,NA,NA,NA,NA,NA,NA,N,4,0,3,3,A,-,12,21453,A,N,D,C,A,A,H,-,A,A,0,NA,NA,NA,NA,Y,NA,A,01,0,0,3,0,0,0,0,0,0,-,-,34.08768844604492,-117.68965911865234,SAN BERNARDINO,MONTCLAIR,NA,NA
9758114,2024,2024-11-26,3610,2024-09-13,2305,51572,NA,5,5,6,3610,0,0,0,NA,0,NA,S 6TH ST,W M ST,30,W,N,A,-,N,NA,NA,NA,NA,NA,NA,NA,NA,NA,Y,3,0,2,1,A,-,00,23103,A,N,F,J,A,A,H,-,C,D,0,NA,NA,NA,NA,Y,NA,A,01,0,1,1,0,0,0,0,0,0,-,-,34.074310302734375,-117.25244140625,SAN BERNARDINO,SAN BERNARDINO,-121.45223999023438,38.69110870361328
9758167,2024,2024-12-02,3608,2024-10-23,734,3821,NA,3,5,5,3608,0,0,0,NA,0,NA,LUGONIA AV,TENNESSEE ST,51,E,N,A,-,N,NA,NA,NA,NA,NA,NA,NA,NA,NA,N,3,0,1,2,A,-,08,22107,NA,N,F,A,A,A,H,-,A,A,0,NA,Y,NA,NA,Y,Y,D,22,0,1,0,0,0,0,1,0,0,-,-,NA,NA,SAN BERNARDINO,REDLANDS,-117.19901275634766,34.0701789855957
9758184,2024,2024-12-02,3608,2024-10-18,2010,3372,NA,5,5,5,3608,0,0,0,NA,0,NA,E CITRUS AV,DEARBORN ST,0,NA,Y,A,-,N,NA,NA,NA,NA,NA,NA,NA,NA,NA,N,4,0,1,2,A,-,09,21802,A,N,D,C,A,A,H,-,C,A,0,NA,NA,NA,NA,Y,NA,D,22,0,0,1,0,0,0,0,0,0,-,-,NA,NA,SAN BERNARDINO,REDLANDS,-117.1476593017578,34.05558776855469
9758649,2024,2025-07-18,3600,2024-11-19,2123,H5849,YC209,2,5,4,3640,0,0,0,NA,0,YC1,BRYANT ST,GRAPE AV,0,NA,Y,A,-,N,NA,NA,NA,NA,NA,NA,NA,NA,NA,Y,2,0,1,1,A,-,07,21658,NA,N,H,I,A,A,H,-,D,D,0,NA,NA,NA,NA,Y,NA,A,01,1,0,0,0,0,0,0,0,0,-,-,34.067138671875,-117.03575134277344,SAN BERNARDINO,YUCAIPA,-117.0349578857422,34.06489944458008
9758656,2024,2024-12-17,3600,2024-10-07,1418,G4514,RC052,1,5,6,3616,0,0,0,NA,0,RC4,VINEYARD AV,ORCHARD MEADOWS LN,0,NA,Y,A,-,N,NA,NA,NA,NA,NA,NA,NA,NA,NA,N,4,0,1,2,A,-,05,21650,1,N,D,G,A,A,H,-,A,D,0,NA,Y,NA,NA,Y,NA,L,04,0,0,1,0,0,0,1,0,0,-,-,NA,NA,SAN BERNARDINO,RANCHO CUCAMONGA,-117.611083984375,34.101783752441406
9758684,2024,2024-12-13,3600,2024-10-19,900,G7681,RC010,6,5,6,3616,0,0,0,NA,0,003,BANYAN ST,GREENWOOD PL,0,NA,Y,A,-,N,NA,NA,NA,NA,NA,NA,NA,NA,NA,Y,3,0,3,2,A,-,03,22350,NA,N,A,C,A,A,H,-,A,D,0,NA,NA,NA,NA,Y,NA,A,01,0,3,0,0,0,0,0,0,0,-,-,NA,NA,SAN BERNARDINO,RANCHO CUCAMONGA,-117.52784729003906,34.14310073852539
9759264,2024,2025-01-29,3600,2024-12-08,1337,F8372,AP007,7,5,5,3621,0,0,0,NA,0,AP3,NAVAJO RD,STANDING ROCK AV,6,W,N,A,-,N,NA,NA,NA,NA,NA,NA,NA,NA,NA,N,3,0,1,2,A,-,09,21802,A,N,D,C,A,A,H,-,A,D,0,NA,NA,NA,NA,Y,NA,A,01,0,1,0,0,0,0,0,0,0,-,-,NA,NA,SAN BERNARDINO,APPLE VALLEY,-117.19043731689452,34.52146911621094
9759605,2024,2025-01-23,3600,2024-12-26,1452,J2651,VC067,4,5,5,3612,0,0,0,NA,0,VC06,AIR EXPRESS WY,NEVADA AV,0,NA,Y,A,-,N,NA,NA,NA,NA,NA,NA,NA,NA,NA,Y,4,0,1,2,A,-,03,22350,NA,N,C,C,A,A,H,-,A,A,0,NA,NA,NA,NA,Y,NA,A,01,0,0,1,0,0,0,0,0,0,-,-,34.571998596191406,-117.36499786376952,SAN BERNARDINO,VICTORVILLE,-117.36522674560548,34.57222366333008
9759731,2024,2025-01-15,3600,2024-11-19,2002,G6192,AP005,2,5,5,3621,0,0,0,NA,0,AP1,MANA RD,LOOKOUT RD,590,E,N,A,-,N,NA,NA,NA,NA,NA,NA,NA,NA,NA,Y,4,0,1,2,A,-,08,22107,NA,N,C,E,A,A,H,-,D,D,0,NA,NA,NA,NA,Y,NA,A,01,0,0,1,0,0,0,0,0,0,-,-,NA,NA,SAN BERNARDINO,APPLE VALLEY,-117.275146484375,34.53287124633789
9759816,2024,2025-01-22,3600,2024-12-17,1626,H89994,HE324,2,5,5,3619,0,0,0,NA,0,HE5,SUMMIT VALLEY RD,EDISON POLE #4440983E,156,W,N,A,-,N,NA,NA,NA,NA,NA,NA,NA,NA,NA,Y,4,0,1,3,A,-,05,21460,A,N,A,D,A,A,H,-,A,D,0,NA,NA,NA,NA,Y,NA,A,01,0,0,1,0,0,0,0,0,0,-,-,NA,NA,SAN BERNARDINO,HESPERIA,NA,NA
9759946,2024,2025-01-24,3604,2024-11-07,1524,1135,NA,4,5,6,3604,0,0,0,NA,0,NA,MILLER AV,PALMETTO AV,0,NA,Y,A,-,N,NA,NA,NA,NA,NA,NA,NA,NA,NA,N,4,0,1,2,A,-,09,21802,A,N,D,C,A,A,H,-,A,A,0,NA,NA,NA,NA,Y,NA,A,07,0,0,1,0,0,0,0,0,0,-,-,NA,NA,SAN BERNARDINO,FONTANA,-117.42710876464844,34.11395263671875
9760221,2024,2025-01-29,3604,2024-12-03,1803,680,NA,2,5,6,3604,0,0,0,NA,0,NA,BEECH AV,FALCON RIDGE CENTER,0,NA,Y,A,-,N,NA,NA,NA,NA,NA,NA,NA,NA,NA,Y,3,0,2,3,A,-,08,22107,NA,N,D,C,A,A,H,-,C,A,0,NA,NA,NA,NA,Y,NA,A,01,0,1,1,0,0,0,0,0,0,-,-,NA,NA,SAN BERNARDINO,FONTANA,-117.47446441650392,34.150211334228516
9760900,2024,2024-12-13,3600,2024-10-10,1531,G8603,RC058,4,5,6,3616,0,0,0,NA,0,RC4,ARROW RT,BAKER AV,0,NA,Y,A,-,N,NA,NA,NA,NA,NA,NA,NA,NA,NA,N,4,0,1,2,A,-,05,21650,1,N,D,G,A,A,H,-,A,A,0,NA,Y,NA,NA,Y,NA,L,04,0,0,1,0,0,0,1,0,0,-,-,NA,NA,SAN BERNARDINO,RANCHO CUCAMONGA,-117.61984252929688,34.09938049316406
9761937,2024,2024-12-26,3600,2024-10-22,1435,D3381,AD311,2,5,5,3612,0,0,0,NA,0,VC6,RT 395,MOJAVE DR,0,NA,Y,A,-,Y,SBD,8,395,-,-,12.6,H,-,N,Y,4,0,1,3,A,-,03,22350,NA,N,C,C,A,A,H,-,A,A,0,NA,NA,NA,NA,Y,NA,A,07,0,0,1,0,0,0,0,0,0,-,-,NA,NA,SAN BERNARDINO,VICTORVILLE,-117.39945220947266,34.52803421020508
9762445,2024,2024-12-18,3605,2024-09-08,415,473,NA,7,5,4,3605,0,0,0,NA,0,NA,MONTE VISTA AV,EL MORADO ST,61,S,N,A,-,N,NA,NA,NA,NA,NA,NA,NA,NA,NA,N,3,0,1,1,A,-,17,21200,NA,N,H,A,A,A,H,-,C,D,0,NA,Y,NA,NA,Y,Y,L,04,0,1,0,0,0,0,1,0,0,-,-,34.071659088134766,-117.69831085205078,SAN BERNARDINO,MONTCLAIR,-117.69828033447266,34.07161331176758
9762763,2024,2025-01-30,3600,2024-11-11,1702,C8620,RC6,1,5,6,3616,0,0,0,NA,0,RC074,FOOTHILL BL,MILLIKEN AV,0,NA,Y,A,-,N,NA,NA,NA,NA,NA,NA,NA,NA,NA,N,3,0,1,2,A,-,03,22350,NA,N,C,C,A,A,H,-,C,B,0,NA,NA,NA,NA,Y,NA,A,01,0,1,0,0,0,0,0,0,0,-,-,NA,NA,SAN BERNARDINO,RANCHO CUCAMONGA,-117.5571060180664,34.1063117980957
9763265,2024,2025-01-31,3610,2024-11-01,350,51564,NA,5,5,6,3610,0,0,0,NA,0,ADAM,W BASELINE ST,RT 215,0,NA,Y,A,-,Y,SBD,8,215,-,-,8.314,R,1,S,N,3,0,2,2,A,-,12,21453,A,N,D,D,A,A,H,-,C,A,0,NA,NA,NA,NA,Y,NA,A,01,0,1,1,0,0,0,0,0,0,-,EF,34.12144088745117,-117.30262756347656,SAN BERNARDINO,SAN BERNARDINO,-117.30259704589844,34.12473678588867
9763382,2024,2025-01-13,3610,2024-11-01,748,51196,NA,5,5,6,3610,0,0,0,NA,0,DAVID,W MILL ST,S FRONTAGE RD,0,NA,Y,A,-,N,NA,NA,NA,NA,NA,NA,NA,NA,NA,Y,4,0,1,2,D,-,00,NA,NA,N,D,C,A,A,H,-,A,A,0,NA,NA,NA,NA,Y,NA,-,-,0,0,1,0,0,0,0,0,0,-,-,34.092140197753906,-117.30313110351563,SAN BERNARDINO,SAN BERNARDINO,-121.71853637695313,38.801998138427734
9763383,2024,2025-01-13,3610,2024-11-01,1852,51382,NA,5,5,6,3610,0,0,0,NA,0,BAKER,N SIERRA,17TH ST,183,N,N,A,-,N,NA,NA,NA,NA,NA,NA,NA,NA,NA,N,3,0,1,2,A,-,03,22350,NA,N,G,B,E,A,H,-,C,D,0,Y,NA,NA,NA,Y,NA,-,NA,0,1,0,0,1,0,0,0,0,-,-,34.130340576171875,-117.28555297851563,SAN BERNARDINO,SAN BERNARDINO,-117.28514862060548,34.130531311035156
9764455,2024,2025-07-07,3610,2024-11-08,1030,51561,NA,5,5,6,3610,0,0,0,NA,0,DAVID,HOSPITALITY LN,COMMERCENTER,0,NA,Y,A,-,N,NA,NA,NA,NA,NA,NA,NA,NA,NA,N,4,0,1,3,A,-,07,21658,NA,N,D,C,A,A,H,-,A,A,0,NA,NA,NA,NA,Y,NA,A,01,0,0,1,0,0,0,0,0,0,-,-,34.06549835205078,-117.2822036743164,SAN BERNARDINO,SAN BERNARDINO,-117.28231048583984,34.06583786010742
9764457,2024,2025-11-07,3610,2024-11-07,1747,51582,NA,4,5,6,3610,0,0,0,NA,0,DAVID,MILL ST,J ST,160,E,N,A,-,N,NA,NA,NA,NA,NA,NA,NA,NA,NA,N,4,0,1,2,A,-,04,21703,NA,N,C,C,A,A,H,-,C,D,0,NA,NA,NA,NA,Y,Y,A,01,0,0,1,0,0,0,0,0,0,-,-,34.092140197753906,-117.30538177490234,SAN BERNARDINO,SAN BERNARDINO,-117.30489349365234,34.092159271240234
9765039,2025,2025-02-19,3603,2025-01-02,755,5212,CPD,4,5,4,3603,0,0,0,NA,0,004,E WASHINGTON ST,MT VERNON AV,0,NA,Y,A,-,N,NA,NA,NA,NA,NA,NA,NA,NA,NA,N,4,0,1,2,A,-,03,22350,NA,N,C,C,A,A,H,-,A,A,0,NA,NA,NA,NA,Y,NA,A,01,0,0,1,0,0,0,0,0,0,-,-,34.047279357910156,-117.30687713623048,SAN BERNARDINO,COLTON,-117.30681610107422,34.0472526550293