CASE_ID,ACCIDENT_YEAR,PROC_DATE,JURIS,COLLISION_DATE,COLLISION_TIME,OFFICER_ID,REPORTING_DISTRICT,DAY_OF_WEEK,CHP_SHIFT,POPULATION,CNTY_CITY_LOC,SPECIAL_COND,BEAT_TYPE,CHP_BEAT_TYPE,CITY_DIVISION_LAPD,CHP_BEAT_CLASS,BEAT_NUMBER,PRIMARY_RD,SECONDARY_RD,DISTANCE,DIRECTION,INTERSECTION,WEATHER_1,WEATHER_2,STATE_HWY_IND,CALTRANS_COUNTY,CALTRANS_DISTRICT,STATE_ROUTE,ROUTE_SUFFIX,POSTMILE_PREFIX,POSTMILE,LOCATION_TYPE,RAMP_INTERSECTION,SIDE_OF_HWY,TOW_AWAY,COLLISION_SEVERITY,NUMBER_KILLED,NUMBER_INJURED,PARTY_COUNT,PRIMARY_COLL_FACTOR,PCF_CODE_OF_VIOL,PCF_VIOL_CATEGORY,PCF_VIOLATION,PCF_VIOL_SUBSECTION,HIT_AND_RUN,TYPE_OF_COLLISION,MVIW,PED_ACTION,ROAD_SURFACE,ROAD_COND_1,ROAD_COND_2,LIGHTING,CONTROL_DEVICE,CHP_ROAD_TYPE,PEDESTRIAN_ACCIDENT,BICYCLE_ACCIDENT,MOTORCYCLE_ACCIDENT,TRUCK_ACCIDENT,NOT_PRIVATE_PROPERTY,ALCOHOL_INVOLVED,STWD_VEHTYPE_AT_FAULT,CHP_VEHTYPE_AT_FAULT,COUNT_SEVERE_INJ,COUNT_VISIBLE_INJ,COUNT_COMPLAINT_PAIN,COUNT_PED_KILLED,COUNT_PED_INJURED,COUNT_BICYCLIST_KILLED,COUNT_BICYCLIST_INJURED,COUNT_MC_KILLED,COUNT_MC_INJURED,PRIMARY_RAMP,SECONDARY_RAMP,LATITUDE,LONGITUDE,COUNTY,CITY,POINT_X,POINT_Y
9813841,2025,2025-05-30,3610,2025-04-13,1332,51326,NA,7,5,6,3610,0,0,0,NA,0,NA,S WATERMAN,E HOSPITALITY LN,0,NA,Y,A,-,N,NA,NA,NA,NA,NA,NA,NA,NA,NA,N,3,0,1,2,A,-,11,21954,A,N,D,B,D,A,H,-,A,A,0,Y,NA,NA,NA,Y,NA,N,60,0,1,0,0,1,0,0,0,0,-,-,NA,NA,SAN BERNARDINO,SAN BERNARDINO,-117.2788543701172,34.065826416015625
9813845,2025,2025-05-30,3610,2025-04-21,1042,51552,NA,1,5,6,3610,0,0,0,NA,0,NA,W KENDALL,N 3RD ST,0,NA,Y,A,-,N,NA,NA,NA,NA,NA,NA,NA,NA,NA,Y,4,0,1,2,A,-,09,21804,B,N,D,C,A,A,H,-,A,D,0,NA,NA,NA,NA,Y,NA,A,01,0,0,1,0,0,0,0,0,0,-,-,34.163631439208984,-117.30431365966795,SAN BERNARDINO,SAN BERNARDINO,-117.30487060546876,34.163909912109375
9814706,2025,2025-05-28,3610,2025-04-07,2500,51447,NA,1,5,6,3610,0,0,0,NA,0,NA,29TH,LEROY,0,NA,Y,A,-,N,NA,NA,NA,NA,NA,NA,NA,NA,NA,Y,4,0,2,2,A,-,21,22106,NA,N,H,C,A,A,H,-,-,D,0,NA,NA,NA,NA,Y,NA,A,01,0,0,2,0,0,0,0,0,0,-,-,34.14400100708008,-117.28079986572266,SAN BERNARDINO,SAN BERNARDINO,-117.28086853027344,34.144046783447266
9814873,2025,2025-05-29,3610,2025-04-10,1715,51571,NA,4,5,6,3610,0,0,0,NA,0,NA,E WIER,S WATERMAN,0,NA,Y,A,-,N,NA,NA,NA,NA,NA,NA,NA,NA,NA,Y,3,0,2,2,A,-,09,21801,A,N,D,C,A,A,H,-,A,A,0,NA,NA,NA,NA,Y,NA,A,01,0,1,1,0,0,0,0,0,0,-,-,34.05419921875,-117.27870941162108,SAN BERNARDINO,SAN BERNARDINO,-117.27872467041016,34.05419158935547
9814912,2025,2025-06-02,3605,2025-05-25,2105,401,NA,7,5,4,3605,0,0,0,NA,0,NA,MONTE VISTA AVE,MISSION BL,0,NA,Y,A,-,N,NA,NA,NA,NA,NA,NA,NA,NA,NA,N,3,0,1,2,A,-,09,21453,C,M,D,C,A,A,H,-,C,A,0,NA,NA,NA,NA,Y,NA,M,96,0,1,0,0,0,0,0,0,0,-,-,34.05569839477539,-117.69814300537108,SAN BERNARDINO,MONTCLAIR,-117.69818878173828,34.055992126464844
9815907,2025,2025-06-26,3610,2025-05-14,704,51546,NA,3,5,6,3610,0,0,0,NA,0,NA,W KENDALL,N DEERFIELD,0,NA,Y,A,-,N,NA,NA,NA,NA,NA,NA,NA,NA,NA,N,3,0,2,3,A,-,03,22350,I,N,D,C,A,A,A,H,A,A,0,NA,NA,NA,NA,Y,NA,A,01,0,1,1,0,0,0,0,0,0,-,-,34.17987060546875,-117.33837890625,SAN BERNARDINO,SAN BERNARDINO,-117.33837890625,34.179847717285156
9815909,2025,2025-06-24,3610,2025-05-01,2215,NA,NA,4,5,6,3610,0,0,0,NA,0,ADAM,WEST HIGHLAND AV,N MEDICAL CENTER DR N,0,NA,Y,A,-,N,NA,NA,NA,NA,NA,NA,NA,NA,NA,N,4,0,1,2,A,-,00,21703,I,N,C,C,A,A,H,-,C,A,0,NA,NA,NA,NA,Y,NA,A,01,0,0,1,0,0,0,0,0,0,-,-,34.1361083984375,-117.32254791259766,SAN BERNARDINO,SAN BERNARDINO,-117.32257080078124,34.1361083984375
9816047,2025,2025-06-23,3610,2025-05-10,1330,51552,NA,6,5,6,3610,0,0,0,NA,0,NA,W 5TH ST,NORTH F ST,0,NA,Y,A,-,N,NA,NA,NA,NA,NA,NA,NA,NA,NA,Y,4,0,1,2,A,-,08,22107,NA,N,B,C,A,A,H,-,A,A,0,NA,NA,NA,NA,Y,NA,A,01,0,0,1,0,0,0,0,0,0,-,-,34.10831832885742,-117.29638671875,SAN BERNARDINO,SAN BERNARDINO,-117.29640197753906,34.108306884765625
9816065,2025,2025-06-18,3610,2025-05-04,2300,51264,NA,7,5,6,3610,0,0,0,NA,0,NA,MILL,G ST,300,W,N,C,-,N,NA,NA,NA,NA,NA,NA,NA,NA,NA,Y,4,0,1,1,A,-,08,22107,NA,N,E,I,A,B,A,-,C,A,0,NA,NA,NA,NA,Y,NA,A,01,0,0,1,0,0,0,0,0,0,-,-,NA,NA,SAN BERNARDINO,SAN BERNARDINO,-117.29846954345705,34.0921516418457
9816602,2025,2025-06-05,3610,2025-04-28,1349,51552,NA,1,5,6,3610,0,0,0,NA,0,CHARLI,NORTH SIERRA WY,E 14TH ST,125,N,N,A,-,N,NA,NA,NA,NA,NA,NA,NA,NA,NA,Y,4,0,1,2,A,-,08,22107,NA,N,G,E,A,A,H,-,A,D,0,NA,NA,NA,NA,Y,NA,A,01,0,0,1,0,0,0,0,0,0,-,-,NA,NA,SAN BERNARDINO,SAN BERNARDINO,-117.28514862060548,34.12565231323242
9817940,2025,2025-06-12,3600,2025-04-21,2116,D3381,VV232,1,5,5,3612,0,0,0,NA,0,VV1,DOS PALMAS RD,BOREGO RD,0,NA,Y,A,-,N,NA,NA,NA,NA,NA,NA,NA,NA,NA,Y,4,0,2,2,A,-,12,22450,A,N,D,C,A,A,H,-,D,A,0,NA,NA,NA,NA,Y,NA,A,01,0,0,2,0,0,0,0,0,0,-,-,34.499000549316406,-117.33399963378906,SAN BERNARDINO,VICTORVILLE,-117.33447265625,34.499671936035156
9818798,2025,2025-08-20,3605,2025-07-18,2016,492,NA,5,5,4,3605,0,0,0,NA,0,NA,HELENA AV,KINGSLEY ST,129,S,N,A,-,N,NA,NA,NA,NA,NA,NA,NA,NA,NA,Y,3,0,1,1,A,-,03,22350,NA,N,F,A,A,A,H,-,B,D,0,NA,NA,Y,NA,Y,NA,O,05,0,1,0,0,0,0,0,0,1,-,-,34.066001892089844,-117.70200347900392,SAN BERNARDINO,MONTCLAIR,-117.70266723632813,34.0663948059082
9819046,2025,2025-08-01,3608,2025-06-07,2045,5143,NA,6,5,5,3608,0,0,0,NA,0,NA,LUGONIA AV,UNIVERSITY PKWY,0,NA,Y,A,-,Y,SBD,8,38,-,-,1.443,I,5,E,Y,3,0,1,2,A,-,09,21800,A,N,D,C,A,A,H,-,C,A,0,NA,NA,Y,NA,Y,NA,A,08,0,1,0,0,0,0,0,0,1,-,-,NA,NA,SAN BERNARDINO,REDLANDS,-117.16724395751952,34.07005310058594
9819449,2025,2025-07-29,3605,2025-05-27,1707,502,NA,2,5,4,3605,0,0,0,NA,0,NA,MONTE VISTA AV,BROOKS ST,100,S,N,A,-,N,NA,NA,NA,NA,NA,NA,NA,NA,NA,N,4,0,1,3,A,-,03,22350,NA,F,C,C,A,A,H,-,A,A,0,NA,NA,NA,NA,Y,NA,A,01,0,0,1,0,0,0,0,0,0,-,-,34.061519622802734,-117.69827270507813,SAN BERNARDINO,MONTCLAIR,-117.6982650756836,34.061336517333984
9820355,2025,2025-08-04,3600,2025-05-19,757,J5510,AP018,1,5,5,3621,0,0,0,NA,0,AP4,CENTRAL RD,NISQUALLI RD,0,NA,Y,A,-,N,NA,NA,NA,NA,NA,NA,NA,NA,NA,N,4,0,2,2,A,-,09,21802,A,N,D,C,A,A,H,-,A,A,0,NA,NA,NA,NA,Y,NA,A,01,0,0,2,0,0,0,0,0,0,-,-,NA,NA,SAN BERNARDINO,APPLE VALLEY,-117.1726531982422,34.48617172241211
9820511,2025,2025-10-02,3600,2025-08-28,1813,B9547,HE131,4,5,5,3619,0,0,0,NA,0,HE5,MAIN ST,3RD AV,0,NA,Y,A,-,N,NA,NA,NA,NA,NA,NA,NA,NA,NA,Y,3,0,2,2,A,-,12,21453,A,N,A,C,A,A,H,-,A,A,0,NA,NA,NA,NA,Y,NA,A,01,0,2,0,0,0,0,0,0,0,-,-,NA,NA,SAN BERNARDINO,HESPERIA,-117.3066864013672,34.422298431396484
9820645,2025,2025-10-01,3603,2025-09-12,608,5340,CPD,5,5,4,3603,0,0,0,NA,0,001,M RAMCJP AV,W EDGEHILL DR,80,S,N,A,-,N,NA,NA,NA,NA,NA,NA,NA,NA,NA,Y,3,0,1,2,A,-,08,22107,NA,N,C,E,A,A,H,-,B,D,0,NA,NA,NA,NA,Y,NA,-,NA,0,1,0,0,0,0,0,0,0,-,-,34.073951721191406,-117.3352508544922,SAN BERNARDINO,COLTON,NA,NA
9820646,2025,2025-10-03,3603,2025-09-13,718,4974,CPD,6,5,4,3603,0,0,0,NA,0,002,N MT VERNON AV,E VALLEY BL,330,N,N,B,-,N,NA,NA,NA,NA,NA,NA,NA,NA,NA,N,4,0,1,1,A,-,05,21650,NA,M,A,I,A,A,H,-,A,D,0,NA,NA,NA,NA,Y,NA,A,01,0,0,1,0,0,0,0,0,0,-,-,34.0654296875,-117.31387329101563,SAN BERNARDINO,COLTON,-117.31385040283205,34.06634521484375
9820723,2025,2025-10-03,3600,2025-08-13,2020,I2285,3600,3,5,5,3630,0,0,0,NA,0,CH2,PEYTON DR,PAISLEY ST,0,NA,Y,A,-,N,NA,NA,NA,NA,NA,NA,NA,NA,NA,Y,2,0,1,1,A,-,07,21658,A,N,E,I,A,A,H,-,C,D,0,NA,NA,NA,NA,Y,NA,A,01,1,0,0,0,0,0,0,0,0,-,-,33.96820068359375,-117.7324676513672,SAN BERNARDINO,CHINO HILLS,-117.7324676513672,33.967105865478516
9821078,2024,2025-08-07,3600,2024-10-05,518,I3330,AP009,6,5,5,3621,0,0,0,NA,0,AP3,APPLE VALLEY RD,CATALINA RD,268,N,N,A,-,N,NA,NA,NA,NA,NA,NA,NA,NA,NA,Y,2,0,2,1,A,-,03,22350,NA,N,F,I,A,A,H,-,C,A,0,NA,NA,NA,NA,Y,NA,A,01,2,0,0,0,0,0,0,0,0,-,-,NA,NA,SAN BERNARDINO,APPLE VALLEY,-117.24243927001952,34.483062744140625
9821603,2025,2025-08-15,3603,2025-07-23,2132,5191,CPD,3,5,4,3603,0,0,0,NA,0,004,WASHINGTON ST,MOHAVE DR,15,W,N,A,-,N,NA,NA,NA,NA,NA,NA,NA,NA,NA,Y,4,0,1,3,A,-,03,22350,NA,N,C,C,A,A,H,-,C,A,0,NA,NA,NA,NA,Y,NA,A,01,0,0,1,0,0,0,0,0,0,-,-,34.049068450927734,-117.29120635986328,SAN BERNARDINO,COLTON,-117.29133605957033,34.04904556274414
9821661,2025,2025-09-08,3600,2025-07-03,2037,F5499,RC013,4,5,6,3616,0,0,0,NA,0,RC3,MILLIKEN AV,CENTRAL PARK,0,NA,Y,A,-,N,NA,NA,NA,NA,NA,NA,NA,NA,NA,N,3,0,1,2,A,-,12,21453,A,N,D,G,A,A,H,-,C,A,0,NA,Y,NA,NA,Y,NA,L,04,0,1,0,0,0,0,1,0,0,-,-,NA,NA,SAN BERNARDINO,RANCHO CUCAMONGA,-117.55862426757813,34.124752044677734
9821755,2025,2025-08-21,3600,2025-07-18,1137,H891,LL013,5,5,3,3615,0,0,0,NA,0,001,BARTON RD,LOMA LINDA DR,0,NA,Y,A,-,N,NA,NA,NA,NA,NA,NA,NA,NA,NA,Y,3,0,2,2,A,-,12,21453,A,N,D,C,A,A,H,-,A,A,0,NA,NA,NA,NA,Y,NA,A,01,0,2,0,0,0,0,0,0,0,-,-,NA,NA,SAN BERNARDINO,LOMA LINDA,-117.2480010986328,34.04829788208008
9821762,2025,2025-09-30,3600,2025-08-26,1554,H5258,HE308,2,5,5,3619,0,0,0,NA,0,HE5,MAIN ST,BALSAM AV,132,W,N,A,-,N,NA,NA,NA,NA,NA,NA,NA,NA,NA,Y,3,0,3,3,A,-,08,22107,NA,N,A,C,A,A,H,-,A,D,0,NA,NA,Y,NA,Y,NA,C,06,0,1,2,0,0,0,0,0,0,-,-,NA,NA,SAN BERNARDINO,HESPERIA,-117.33016967773438,34.426918029785156
9821893,2025,2025-10-03,3603,2025-08-03,2202,5143,CPD,7,5,4,3603,0,0,0,NA,0,001,W RANDALL AV,N PEPPER AV,0,NA,Y,A,-,N,NA,NA,NA,NA,NA,NA,NA,NA,NA,Y,3,0,2,2,A,-,09,21801,A,N,D,C,A,A,H,-,C,A,0,NA,NA,NA,NA,Y,NA,A,01,0,2,0,0,0,0,0,0,0,-,-,34.085018157958984,-117.35295867919922,SAN BERNARDINO,COLTON,-117.35292053222656,34.084999084472656
9823468,2025,2025-09-24,3600,2025-06-22,1015,J6485,YV01,7,5,3,3631,0,0,0,NA,0,YV022,BUENA VISTA DR,YUCCA MESA RD,0,NA,Y,A,-,N,NA,NA,NA,NA,NA,NA,NA,NA,NA,Y,2,0,1,2,A,-,01,23152,A,M,C,C,A,A,H,-,A,D,0,NA,NA,NA,NA,Y,Y,A,01,1,0,0,0,0,0,0,0,0,-,-,34.16299819946289,-116.36499786376952,SAN BERNARDINO,YUCCA VALLEY,-116.36956024169922,34.16401672363281
9825042,2025,2025-09-04,3600,2025-06-13,426,F4491,RC034,5,5,6,3616,0,0,0,NA,0,005,HAVEN AV,ACACIA ST,410,N,N,A,-,N,NA,NA,NA,NA,NA,NA,NA,NA,NA,N,3,0,1,2,A,-,14,21201,D,N,C,G,A,A,H,-,C,D,0,NA,Y,NA,NA,Y,NA,L,04,0,1,0,0,0,0,1,0,0,-,-,NA,NA,SAN BERNARDINO,RANCHO CUCAMONGA,-117.57569885253906,34.091121673583984
9825046,2025,2025-09-08,3600,2025-06-16,1430,G6922,RC018,1,5,6,3616,0,0,0,NA,0,RC5,FOOTHILL BL,SPRUCE AV,460,E,N,A,-,N,NA,NA,NA,NA,NA,NA,NA,NA,NA,Y,4,0,1,2,A,-,03,22350,NA,N,C,C,A,A,H,-,A,D,0,NA,NA,NA,NA,Y,NA,A,07,0,0,1,0,0,0,0,0,0,-,-,NA,NA,SAN BERNARDINO,RANCHO CUCAMONGA,-117.56541442871094,34.10641098022461
9825198,2025,2025-09-08,3600,2025-06-01,1803,I3970,RC030,7,5,6,3616,0,0,0,NA,0,RC5,RAMONA AV,HEMLOCK ST,0,NA,Y,A,-,N,NA,NA,NA,NA,NA,NA,NA,NA,NA,Y,4,0,1,2,A,-,01,23152,A,N,B,E,A,A,H,-,A,D,0,NA,NA,NA,NA,Y,Y,A,01,0,0,1,0,0,0,0,0,0,-,-,NA,NA,SAN BERNARDINO,RANCHO CUCAMONGA,-117.58905029296876,34.11260223388672
9825350,2025,2025-09-04,3600,2025-07-17,1825,F8556,RC016,4,5,6,3616,0,0,0,NA,0,006,MILLIKEN AV,4TH ST,278,N,N,A,-,N,NA,NA,NA,NA,NA,NA,NA,NA,NA,Y,4,0,2,3,A,-,03,22350,NA,N,C,C,A,A,H,-,A,D,0,NA,NA,NA,NA,Y,NA,A,01,0,0,2,0,0,0,0,0,0,-,-,NA,NA,SAN BERNARDINO,RANCHO CUCAMONGA,-117.55819702148438,34.078102111816406
9825482,2025,2025-09-08,3600,2025-07-26,2355,F8543,RC047,6,5,6,3616,0,0,0,NA,0,RC1,CARNELIAN ST,BASE LINE RD,0,NA,Y,A,-,N,NA,NA,NA,NA,NA,NA,NA,NA,NA,Y,4,0,1,2,A,-,04,21703,NA,N,-,C,A,A,H,-,C,D,0,NA,NA,NA,NA,Y,NA,A,07,0,0,1,0,0,0,0,0,0,-,-,NA,NA,SAN BERNARDINO,RANCHO CUCAMONGA,-117.61611175537108,34.12154769897461
9825506,2025,2025-09-09,3600,2025-08-06,1206,F9935,HI017,3,5,4,3618,0,0,0,NA,0,HI2,CHURCH AV,FISHER ST,0,NA,Y,A,-,N,NA,NA,NA,NA,NA,NA,NA,NA,NA,N,3,0,1,2,A,-,09,21804,A,N,D,G,A,A,H,-,A,D,0,NA,Y,NA,NA,Y,NA,L,04,0,1,0,0,0,0,1,0,0,-,-,34.12620162963867,-117.20436096191406,SAN BERNARDINO,HIGHLAND,-117.20442962646484,34.12617111206055
9825662,2025,2025-10-09,3601,2025-04-02,1215,P37,BARST,3,5,3,3601,0,0,0,NA,0,002,E MAIN ST,CAL AV,954,E,N,A,-,N,NA,NA,NA,NA,NA,NA,NA,NA,NA,N,4,0,1,2,A,-,08,22107,A,N,B,C,A,A,H,-,A,D,0,NA,NA,NA,NA,Y,NA,I,20,0,0,1,0,0,0,0,0,0,-,-,34.889461517333984,-116.99675750732422,SAN BERNARDINO,BARSTOW,-116.99608612060548,34.888938903808594
9826110,2024,2025-06-18,3610,2024-11-20,1756,51548,NA,3,5,6,3610,0,0,0,NA,0,BAKER,W 17TH,N ARROWHEAD,0,NA,Y,A,-,N,NA,NA,NA,NA,NA,NA,NA,NA,NA,Y,3,0,1,2,A,-,08,22107,NA,N,F,E,A,A,H,-,C,A,0,NA,NA,NA,NA,Y,NA,A,01,0,1,0,0,0,0,0,0,0,-,-,34.12936019897461,-117.28965759277344,SAN BERNARDINO,SAN BERNARDINO,-117.28968048095705,34.12934112548828
9826988,2025,2025-07-02,3603,2025-05-11,1111,4871,CPD,7,5,4,3603,0,0,0,NA,0,004,WASHINGTON ST,S MEADOW LN,0,NA,Y,A,-,N,NA,NA,NA,NA,NA,NA,NA,NA,NA,N,3,0,1,2,A,-,03,22350,NA,N,C,B,A,A,H,-,A,A,0,NA,NA,NA,NA,Y,NA,A,01,0,1,0,0,0,0,0,0,0,-,-,NA,NA,SAN BERNARDINO,COLTON,-117.29943084716795,34.04841232299805
9826995,2025,2025-07-02,3603,2025-05-25,117,5375,CPD,7,5,4,3603,0,0,0,NA,0,004,E WASHINGTON ST,MILANO WY,0,NA,Y,A,-,N,NA,NA,NA,NA,NA,NA,NA,NA,NA,Y,3,0,2,1,A,-,03,22350,NA,N,A,J,A,A,H,-,C,D,0,NA,NA,NA,NA,Y,NA,A,01,0,2,0,0,0,0,0,0,0,-,-,34.04370880126953,-117.3235321044922,SAN BERNARDINO,COLTON,-117.08497619628906,33.71814727783203
9827810,2025,2025-07-09,3605,2025-04-12,1642,401,NA,6,5,4,3605,0,0,0,NA,0,NA,MONTE VISTA AV,RT 10,0,NA,Y,A,-,Y,SBD,8,10,-,-,0.578,R,4,W,N,4,0,1,2,A,-,09,21801,A,N,D,C,A,A,H,-,A,A,0,NA,NA,NA,NA,Y,NA,A,01,0,0,1,0,0,0,0,0,0,-,WO,NA,NA,SAN BERNARDINO,MONTCLAIR,-117.70016479492188,34.08198928833008
9828489,2025,2025-09-10,3600,2025-07-07,2117,H8288,HI001,1,5,4,3618,0,0,0,NA,0,001,5TH ST,MARILYN AV,0,NA,Y,A,-,N,NA,NA,NA,NA,NA,NA,NA,NA,NA,Y,3,0,2,2,A,-,09,21801,NA,N,D,C,A,A,H,-,D,D,0,NA,NA,NA,Y,Y,NA,F,55,0,1,1,0,0,0,0,0,0,-,-,34.10831069946289,-117.25505065917967,SAN BERNARDINO,HIGHLAND,-117.25501251220705,34.10832595825195
9828527,2025,2025-07-29,3603,2025-06-11,1602,4861,CPD,3,5,4,3603,0,0,0,NA,0,003,S MOUNT VERNON AV,MISSION ST,150,E,N,A,-,N,NA,NA,NA,NA,NA,NA,NA,NA,NA,Y,4,0,3,4,A,-,03,22350,NA,N,C,C,A,A,H,-,A,A,0,NA,NA,NA,NA,Y,NA,A,01,0,0,3,0,0,0,0,0,0,-,-,34.06388854980469,-117.3109893798828,SAN BERNARDINO,COLTON,-117.3105697631836,34.063690185546875
9828881,2025,2025-06-17,3610,2025-05-30,1400,51426,NA,5,5,6,3610,0,0,0,NA,0,NA,N RANCHO,W RANCHO AV,1584,N,N,A,-,N,NA,NA,NA,NA,NA,NA,NA,NA,NA,N,3,0,4,2,A,-,08,22107,NA,N,D,C,A,A,H,-,A,D,0,NA,NA,NA,NA,Y,NA,A,07,0,1,3,0,0,0,0,0,0,-,-,NA,NA,SAN BERNARDINO,SAN BERNARDINO,-117.33293914794922,34.100406646728516
9830895,2025,2025-07-16,3600,2025-06-24,1757,F9935,HI007,2,5,4,3618,0,0,0,NA,0,HI1,5TH ST,LANKERSHIM AV,0,NA,Y,A,-,N,NA,NA,NA,NA,NA,NA,NA,NA,NA,Y,4,0,4,2,A,-,06,21755,A,N,D,C,A,A,H,-,A,D,0,NA,NA,NA,NA,Y,NA,D,22,0,0,4,0,0,0,0,0,0,-,-,34.10847091674805,-117.23491668701172,SAN BERNARDINO,HIGHLAND,-117.23491668701172,34.10845947265625
9832646,2025,2025-07-15,3600,2025-06-11,1531,J9246,VC2,3,5,5,3612,0,0,0,NA,0,VC012,VALLEY CENTER DR,LORENE DR,0,NA,Y,A,-,N,NA,NA,NA,NA,NA,NA,NA,NA,NA,Y,3,0,2,2,A,-,08,22107,NA,N,D,C,A,A,H,-,A,D,0,NA,NA,NA,NA,Y,NA,A,01,0,2,0,0,0,0,0,0,0,-,-,34.516700744628906,-117.31848907470705,SAN BERNARDINO,VICTORVILLE,-117.32018280029295,34.51429748535156
9833529,2025,2025-08-22,3608,2025-07-04,1540,4298,3608,5,5,5,3608,0,0,0,NA,0,901,CYPRESS AV,CARSON ST,0,NA,Y,A,-,N,NA,NA,NA,NA,NA,NA,NA,NA,NA,Y,4,0,3,2,A,-,09,21802,NA,N,D,C,A,A,H,-,A,A,0,NA,NA,NA,NA,Y,NA,A,01,0,0,3,0,0,0,0,0,0,-,-,NA,NA,SAN BERNARDINO,REDLANDS,NA,NA
9833536,2025,2025-08-22,3608,2025-07-07,2350,4027,NA,1,5,5,3608,0,0,0,NA,0,NA,WEST LIGPMOA AV,RESEARCH DR,1435,W,N,A,-,N,NA,NA,NA,NA,NA,NA,NA,NA,NA,Y,3,0,1,1,A,-,03,22350,NA,N,E,I,A,A,H,-,C,A,0,NA,NA,NA,NA,Y,NA,A,01,0,1,0,0,0,0,0,0,0,-,-,NA,NA,SAN BERNARDINO,REDLANDS,-117.24143981933594,34.07026672363281
9833628,2025,2025-07-23,3608,2025-05-30,1602,4202,3608,5,5,5,3608,0,0,0,NA,0,NA,LUGONIA AV,WASHINGTON ST,0,NA,Y,A,-,N,NA,NA,NA,NA,NA,NA,NA,NA,NA,N,3,0,1,2,A,-,09,21801,B,N,D,C,A,A,H,-,A,D,0,NA,NA,NA,NA,Y,NA,M,96,0,1,0,0,0,0,0,0,0,-,-,NA,NA,SAN BERNARDINO,REDLANDS,-117.1835708618164,34.07004928588867
9866577,2025,2025-08-29,3605,2025-06-24,2212,476,NA,2,5,4,3605,0,0,0,NA,0,NA,CENTRAL AV,RT 10,0,NA,Y,A,-,Y,SBD,8,10,-,-,1.117,R,1,E,N,4,0,1,2,A,-,12,21453,A,N,D,G,A,A,H,-,C,A,0,NA,Y,NA,NA,Y,NA,A,01,0,0,1,0,0,0,1,0,0,-,EF,NA,NA,SAN BERNARDINO,MONTCLAIR,-117.69156646728516,34.08455276489258
9866702,2025,2025-08-29,3608,2025-05-11,2248,5231,NA,7,5,5,3608,0,0,0,NA,0,NA,W LUGONIA AV,ALABAMA ST,0,NA,Y,A,-,N,NA,NA,NA,NA,NA,NA,NA,NA,NA,N,2,0,1,2,A,-,10,21950,NA,F,G,B,B,A,H,-,C,A,0,Y,NA,NA,NA,Y,NA,-,NA,1,0,0,0,1,0,0,0,0,-,-,NA,NA,SAN BERNARDINO,REDLANDS,-117.20877075195313,34.070308685302734
9866824,2025,2025-09-03,3600,2025-01-17,1939,J3215,AD310,5,5,5,3612,0,0,0,NA,0,VC8,RT 395,CACTUS ST,0,NA,Y,A,-,Y,SBD,8,395,-,-,13.17,H,-,N,Y,1,1,0,2,A,-,11,21954,A,N,G,B,D,A,H,-,D,A,0,Y,NA,NA,NA,Y,Y,N,60,0,0,0,1,0,0,0,0,0,-,-,34.535831451416016,-117.39940643310548,SAN BERNARDINO,VICTORVILLE,-117.3994140625,34.53618621826172
9866861,2025,2025-09-18,3600,2025-02-07,538,B5934,AD202,5,5,3,3613,0,0,0,NA,0,AD2,EL MIRAGE RD,EDISON POLE #4241158E,39,E,N,A,-,N,NA,NA,NA,NA,NA,NA,NA,NA,NA,Y,1,3,3,2,A,-,08,22107,NA,N,A,C,A,A,H,-,B,D,0,NA,NA,NA,NA,Y,NA,A,01,1,1,1,0,0,0,0,0,0,-,-,34.36623001098633,-117.27275848388672,SAN BERNARDINO,ADELANTO,NA,NA
9866888,2025,2025-09-19,3600,2025-03-18,545,I1043,YC301,2,5,4,3640,0,0,0,NA,0,YC03,YUCAIPA BL,4TH ST,30,W,N,A,-,N,NA,NA,NA,NA,NA,NA,NA,NA,NA,N,1,1,0,2,A,-,08,22107,NA,N,G,G,A,A,H,-,C,A,0,NA,Y,NA,NA,Y,NA,L,04,0,0,0,0,0,1,0,0,0,-,-,34.03385925292969,-117.05210876464844,SAN BERNARDINO,YUCAIPA,-117.05198669433594,34.033870697021484
9867025,2025,2025-11-25,3610,2025-01-15,515,51172,NA,3,5,6,3610,0,0,0,NA,0,DAVID,W 5TH ST,N E ST,0,NA,Y,A,-,N,NA,NA,NA,NA,NA,NA,NA,NA,NA,Y,1,1,0,2,A,-,11,21456,B,N,G,B,B,A,H,-,C,A,0,Y,NA,NA,NA,Y,NA,N,60,0,0,0,1,0,0,0,0,0,-,-,35.10831832885742,-117.29419708251952,SAN BERNARDINO,SAN BERNARDINO,-117.29413604736328,34.108306884765625
9868988,2025,2025-08-11,3600,2025-07-29,1718,B9547,HE2,2,5,5,3619,0,0,0,NA,0,HE218,MAIN ST,E AV,595,W,N,A,-,N,NA,NA,NA,NA,NA,NA,NA,NA,NA,Y,4,0,1,2,A,-,03,22350,NA,N,B,C,A,A,H,-,A,D,0,NA,NA,NA,NA,Y,NA,A,01,0,0,1,0,0,0,0,0,0,-,-,NA,NA,SAN BERNARDINO,HESPERIA,-117.2944793701172,34.42050552368164