CASE_ID,ACCIDENT_YEAR,PROC_DATE,JURIS,COLLISION_DATE,COLLISION_TIME,OFFICER_ID,REPORTING_DISTRICT,DAY_OF_WEEK,CHP_SHIFT,POPULATION,CNTY_CITY_LOC,SPECIAL_COND,BEAT_TYPE,CHP_BEAT_TYPE,CITY_DIVISION_LAPD,CHP_BEAT_CLASS,BEAT_NUMBER,PRIMARY_RD,SECONDARY_RD,DISTANCE,DIRECTION,INTERSECTION,WEATHER_1,WEATHER_2,STATE_HWY_IND,CALTRANS_COUNTY,CALTRANS_DISTRICT,STATE_ROUTE,ROUTE_SUFFIX,POSTMILE_PREFIX,POSTMILE,LOCATION_TYPE,RAMP_INTERSECTION,SIDE_OF_HWY,TOW_AWAY,COLLISION_SEVERITY,NUMBER_KILLED,NUMBER_INJURED,PARTY_COUNT,PRIMARY_COLL_FACTOR,PCF_CODE_OF_VIOL,PCF_VIOL_CATEGORY,PCF_VIOLATION,PCF_VIOL_SUBSECTION,HIT_AND_RUN,TYPE_OF_COLLISION,MVIW,PED_ACTION,ROAD_SURFACE,ROAD_COND_1,ROAD_COND_2,LIGHTING,CONTROL_DEVICE,CHP_ROAD_TYPE,PEDESTRIAN_ACCIDENT,BICYCLE_ACCIDENT,MOTORCYCLE_ACCIDENT,TRUCK_ACCIDENT,NOT_PRIVATE_PROPERTY,ALCOHOL_INVOLVED,STWD_VEHTYPE_AT_FAULT,CHP_VEHTYPE_AT_FAULT,COUNT_SEVERE_INJ,COUNT_VISIBLE_INJ,COUNT_COMPLAINT_PAIN,COUNT_PED_KILLED,COUNT_PED_INJURED,COUNT_BICYCLIST_KILLED,COUNT_BICYCLIST_INJURED,COUNT_MC_KILLED,COUNT_MC_INJURED,PRIMARY_RAMP,SECONDARY_RAMP,LATITUDE,LONGITUDE,COUNTY,CITY,POINT_X,POINT_Y
6809613,2015,2015-03-10,3608,2015-02-09,1203,3219,NA,1,5,5,3608,0,0,0,NA,0,NA,CITRUS AV,CAJON ST,0,NA,Y,A,-,N,NA,NA,NA,NA,NA,NA,NA,NA,NA,N,4,0,1,2,A,-,21,22106,NA,N,C,C,A,A,H,-,A,A,0,NA,NA,NA,NA,Y,NA,A,01,0,0,1,0,0,0,0,0,0,-,-,NA,NA,SAN BERNARDINO,REDLANDS,-117.18259006,34.05555005
6859889,2015,2015-03-27,3611,2015-01-02,0838,2488,3611,5,5,5,3611,0,0,0,NA,0,002,MOUNTAIN AV,9TH ST,585,S,N,A,-,N,NA,NA,NA,NA,NA,NA,NA,NA,NA,N,3,0,1,1,C,-,18,NA,NA,N,F,A,A,A,H,-,A,D,0,NA,NA,Y,NA,Y,NA,-,-,0,1,0,0,0,0,0,0,1,-,-,NA,NA,SAN BERNARDINO,UPLAND,-117.67024048,34.09440671
6862993,2015,2016-09-12,9850,2015-03-10,0758,20899,NA,2,1,9,3600,0,1,3,NA,2,060,RT 138,DESERT VIEW DR,0,NA,Y,A,-,Y,SBD,8,138,-,-,1.85,H,-,W,Y,4,0,3,2,A,-,08,22100,B,N,B,C,A,A,H,-,A,D,0,NA,NA,NA,NA,Y,NA,A,07,0,0,3,0,0,0,0,0,0,-,-,34.43481,-117.63373,SAN BERNARDINO,UNINCORPORATED,-117.63390686,34.43481437
6811948,2015,2015-02-27,3600,2015-01-25,1220,D6186,RC046,7,5,6,3616,0,0,0,NA,0,001,CARNELIAN ST,19TH ST,210,N,N,A,-,N,NA,NA,NA,NA,NA,NA,NA,NA,NA,Y,4,0,1,2,A,-,09,21801,A,N,D,C,A,A,H,-,A,D,0,NA,NA,NA,NA,Y,NA,-,NA,0,0,1,0,0,0,0,0,0,-,-,NA,NA,SAN BERNARDINO,RANCHO CUCAMONGA,-117.61622,34.13317552
6865778,2015,2015-04-09,3603,2015-03-04,0147,CL4277,COLTO,3,5,4,3603,0,0,0,NA,0,004,HUNTS LN,COOLEY LN,28,S,N,A,-,N,NA,NA,NA,NA,NA,NA,NA,NA,NA,Y,2,0,1,1,A,-,05,21650,NA,N,E,I,A,A,H,-,C,A,0,NA,NA,NA,NA,Y,NA,A,01,1,0,0,0,0,0,0,0,0,-,-,NA,NA,SAN BERNARDINO,COLTON,-117.28741932,34.05563329
6815683,2015,2015-03-05,3607,2015-01-23,1417,80313,227,5,5,6,3607,0,0,0,NA,0,052,FRANCIS ST,CYPRESS AV,600,E,N,A,-,N,NA,NA,NA,NA,NA,NA,NA,NA,NA,Y,4,0,2,3,A,-,09,21804,A,N,D,C,A,A,H,-,A,D,0,NA,NA,NA,NA,Y,NA,H,14,0,0,2,0,0,0,0,0,0,-,-,NA,NA,SAN BERNARDINO,ONTARIO,-117.66139473,34.04101545
6869841,2015,2015-04-13,3602,2015-02-03,1823,2606,NA,2,5,5,3602,0,0,0,NA,0,003,SCHAEFER AV,ROSWELL AV,0,NA,Y,A,-,N,NA,NA,NA,NA,NA,NA,NA,NA,NA,Y,4,0,2,2,A,-,09,21801,A,N,D,C,A,A,H,-,C,A,0,NA,NA,NA,NA,Y,NA,A,01,0,0,2,0,0,0,0,0,0,-,-,NA,NA,SAN BERNARDINO,CHINO,-117.72183001,34.00434005
6774495,2015,2016-10-11,9834,2015-01-01,0435,016267,NA,4,3,9,3600,0,1,1,NA,2,048,RT 40,CA AZ STATE LINE,50,W,N,B,-,Y,SBD,8,40,-,R,154.63,H,-,W,Y,4,0,1,1,A,-,03,22350,NA,N,E,I,A,C,H,-,D,D,1,NA,NA,NA,NA,Y,NA,B,07,0,0,1,0,0,0,0,0,0,-,-,34.71708,-114.49145,SAN BERNARDINO,UNINCORPORATED,-114.48806565,34.71721735
6872012,2015,2015-04-22,3602,2015-01-09,0631,2894,NA,5,5,5,3602,0,0,0,NA,0,002,BENSON AV,WALNUT AV,0,NA,Y,C,-,N,NA,NA,NA,NA,NA,NA,NA,NA,NA,N,4,0,1,2,A,-,10,21950,A,N,G,B,B,B,H,-,C,A,0,Y,NA,NA,NA,Y,NA,A,07,0,0,1,0,1,0,0,0,0,-,-,NA,NA,SAN BERNARDINO,CHINO,-117.68067012,34.02632009
6783340,2015,2015-08-20,3600,2015-01-07,0608,D5296,VC023,3,5,5,3612,0,0,0,NA,0,VC03,HESPERIA RD,SILICA RD,0,NA,Y,A,-,N,NA,NA,NA,NA,NA,NA,NA,NA,NA,Y,4,0,1,2,A,-,08,22107,NA,N,A,C,A,A,H,-,C,-,0,NA,NA,NA,NA,Y,NA,D,82,0,0,1,0,0,0,0,0,0,-,-,NA,NA,SAN BERNARDINO,VICTORVILLE,-117.29105004,34.47823003
6785476,2015,2015-02-20,3608,2015-01-06,2141,4341,NA,2,5,5,3608,0,0,0,NA,0,NA,REDLANDS BL,6TH ST,0,NA,Y,A,-,N,NA,NA,NA,NA,NA,NA,NA,NA,NA,Y,4,0,2,2,A,-,12,21453,A,N,D,C,A,A,H,-,C,A,0,NA,NA,NA,NA,Y,NA,A,01,0,0,2,0,0,0,0,0,0,-,-,NA,NA,SAN BERNARDINO,REDLANDS,-117.1803701,34.05729012
6788768,2014,2015-02-09,3610,2014-12-28,0239,50607,NA,7,5,6,3610,0,0,0,NA,0,NA,N LEROY ST,E 51ST ST,54,S,N,A,-,N,NA,NA,NA,NA,NA,NA,NA,NA,NA,Y,3,0,1,2,A,-,08,22107,NA,N,A,E,A,A,H,-,C,D,0,NA,NA,NA,NA,Y,NA,A,01,0,1,0,0,0,0,0,0,0,-,-,NA,NA,SAN BERNARDINO,SAN BERNARDINO,-117.28073,34.17477207
6876381,2015,2015-05-14,9860,2015-02-13,1445,17892,NA,5,2,6,3604,1,4,S,NA,2,901,LAUREL AV,CITRON AV,241,S,N,A,-,N,NA,NA,NA,NA,NA,NA,NA,NA,NA,N,4,0,1,2,A,-,08,22103,NA,N,D,C,A,A,H,-,A,D,0,NA,NA,NA,NA,Y,NA,A,01,0,0,1,0,0,0,0,0,0,-,-,34.09344,-117.41403,SAN BERNARDINO,FONTANA,-117.41396471,34.0937697
6876984,2015,2016-10-10,9860,2015-02-24,1850,018262,NA,2,2,9,3600,0,1,3,NA,1,380,RT 38,OPAL AV,123,E,N,A,-,Y,SBD,8,38,-,-,3.39,H,-,E,Y,2,0,1,2,A,-,11,21954,A,N,G,B,D,A,H,-,D,D,0,Y,NA,NA,NA,Y,Y,N,60,1,0,0,0,1,0,0,0,0,-,-,34.07003,-117.13339,SAN BERNARDINO,UNINCORPORATED,-117.13329528,34.07006364
6877011,2015,2016-10-13,9860,2015-02-28,1745,014777,NA,6,2,4,3618,0,1,1,NA,2,202,RT 210,ARDEN AV,2712,W,N,B,-,Y,SBD,8,210,-,R,26.34,H,-,E,Y,4,0,5,3,A,-,04,21703,NA,N,C,C,A,A,H,-,D,D,1,NA,NA,NA,NA,Y,NA,A,07,0,0,5,0,0,0,0,0,0,-,-,34.13857,-117.24311,SAN BERNARDINO,HIGHLAND,-117.24305191,34.13860036
6790105,2015,2016-10-10,9865,2015-01-12,0600,015271,NA,1,1,9,3600,0,1,3,NA,1,039,RT 38,BISHOP RANCH RD,13200,W,N,A,-,Y,SBD,8,38,-,-,34.28,H,-,W,Y,4,0,1,1,A,-,03,22350,NA,N,E,I,A,C,H,-,B,A,0,NA,NA,NA,NA,Y,NA,A,01,0,0,1,0,0,0,0,0,0,-,-,34.16786,-116.77561,SAN BERNARDINO,UNINCORPORATED,-116.7765455,34.16792698
6790189,2015,2016-09-15,9850,2015-01-01,2500,16227,NA,4,4,9,3600,0,1,3,NA,2,040,RT 18,JOSHUA RD,394,W,N,A,-,Y,SBD,8,18,-,-,86.94,H,-,N,Y,2,0,1,1,A,-,08,22107,NA,N,F,A,A,A,H,-,D,D,0,NA,NA,NA,NA,Y,NA,A,01,1,0,0,0,0,0,0,0,0,-,-,34.45074,-117.05212,SAN BERNARDINO,UNINCORPORATED,-117.15641704,34.50083097
6793860,2014,2015-01-28,3603,2014-11-09,0207,CL4277,COLTO,7,5,4,3603,0,0,0,NA,0,001,RANCHO AV,PEACH ST,102,N,N,A,-,N,NA,NA,NA,NA,NA,NA,NA,NA,NA,Y,4,0,1,2,A,-,08,22103,NA,N,D,C,A,A,H,-,C,A,0,NA,NA,NA,NA,Y,Y,A,01,0,0,1,0,0,0,0,0,0,-,-,NA,NA,SAN BERNARDINO,COLTON,-117.33412552,34.0869487
6880063,2015,2015-04-21,3607,2015-03-11,1444,80124,224,3,5,6,3607,0,0,0,NA,0,052,FRANCIS ST,PALMETTO AV,90,E,N,A,-,N,NA,NA,NA,NA,NA,NA,NA,NA,NA,N,4,0,1,2,A,-,08,22107,NA,N,D,C,A,A,H,-,A,A,0,NA,NA,NA,NA,Y,NA,-,NA,0,0,1,0,0,0,0,0,0,-,-,NA,NA,SAN BERNARDINO,ONTARIO,-117.66741369,34.04099
6848253,2015,2015-08-10,3600,2015-01-22,1425,C8608,BL200,4,5,2,3680,0,0,0,NA,0,BL2,TAHOE DR,CRANE DR,0,NA,Y,A,-,N,NA,NA,NA,NA,NA,NA,NA,NA,NA,Y,4,0,2,2,A,-,09,21803,A,N,D,C,A,A,H,-,A,A,0,NA,NA,NA,NA,Y,NA,A,81,0,0,2,0,0,0,0,0,0,-,-,NA,NA,SAN BERNARDINO,BIG BEAR LAKE,-116.89429009,34.24417008
6884573,2015,2015-04-24,9860,2015-03-06,1935,20626,NA,5,2,9,3600,0,2,4,NA,2,411,CEDAR AV,2ND ST,63,S,N,A,-,N,NA,NA,NA,NA,NA,NA,NA,NA,NA,Y,4,0,1,2,C,-,18,NA,NA,N,H,A,A,A,H,-,A,D,0,NA,NA,Y,NA,Y,NA,-,-,0,0,1,0,0,0,0,0,1,-,-,34.03449,-117.39399,SAN BERNARDINO,UNINCORPORATED,-117.39429295,34.03485493
6884579,2015,2016-10-10,9860,2015-03-16,1320,16575,NA,1,1,9,3600,0,3,5,NA,2,003,RT 38,AGATE AV,0,NA,Y,A,-,Y,SBD,8,38,-,-,3.836,I,5,W,Y,4,0,1,2,A,-,09,21802,A,N,D,C,A,A,H,-,A,A,0,NA,NA,NA,NA,Y,NA,A,01,0,0,1,0,0,0,0,0,0,-,-,34.06991,-117.12572,SAN BERNARDINO,UNINCORPORATED,-117.12551683,34.06993552
6885902,2015,2016-11-21,9860,2015-04-06,0930,17571,NA,1,1,9,3600,0,1,1,NA,2,151,RT 15,CLEGHORN RD,10,S,N,A,-,Y,SBD,8,15,-,R,20.01,H,-,S,Y,4,0,3,2,A,-,03,22350,NA,N,C,C,A,A,H,-,A,D,1,NA,NA,NA,NA,Y,NA,D,22,0,0,3,0,0,0,0,0,0,-,-,34.2988,-117.45775,SAN BERNARDINO,UNINCORPORATED,-117.4578386,34.29880313
6849125,2015,2016-09-12,9850,2015-03-07,0704,016227,NA,6,1,9,3600,0,1,3,NA,2,062,RT 2,DESERT FRONT RD,2112,W,N,A,-,Y,SBD,8,2,-,-,3.82,H,-,E,N,3,0,1,1,C,-,18,NA,NA,N,H,H,A,A,H,-,A,D,0,NA,NA,NA,NA,Y,NA,-,-,0,1,0,0,0,0,0,0,0,-,-,34.3766,-117.608,SAN BERNARDINO,UNINCORPORATED,-117.60694788,34.37108759
6849805,2015,2015-03-24,3607,2015-02-17,1552,15021,131,2,5,6,3607,0,0,0,NA,0,022,GROVE AV,AIRPORT DR,75,S,N,A,-,N,NA,NA,NA,NA,NA,NA,NA,NA,NA,N,4,0,1,2,A,-,03,22350,NA,N,C,C,A,A,G,-,A,A,0,NA,NA,NA,NA,Y,NA,-,NA,0,0,1,0,0,0,0,0,0,-,-,NA,NA,SAN BERNARDINO,ONTARIO,-117.62834886,34.05987863
6888532,2015,2016-12-10,9860,2015-04-06,0745,016575,NA,1,1,4,3603,0,1,1,NA,2,103,RT 10,WATERMAN AV,2013,W,N,A,-,Y,SBD,8,10,-,-,24.88,H,-,E,Y,4,0,1,2,A,-,03,22350,NA,N,C,C,A,A,H,-,A,D,1,NA,NA,NA,NA,Y,NA,A,01,0,0,1,0,0,0,0,0,0,-,-,34.06353,-117.28558,SAN BERNARDINO,COLTON,-117.28564373,34.06361971
6889050,2015,2016-09-15,9860,2015-03-22,0550,017892,NA,7,3,4,3640,0,1,1,NA,2,105,RT 10,WABASH AV,2112,W,N,B,-,Y,SBD,8,10,-,-,33.89,H,-,E,Y,4,0,1,2,A,-,03,22350,NA,M,C,C,A,A,H,-,C,D,1,NA,NA,NA,NA,Y,NA,A,01,0,0,1,0,0,0,0,0,0,-,-,34.03482,-117.14513,SAN BERNARDINO,YUCAIPA,-117.14529256,34.03501888
6889057,2015,2015-04-24,3600,2015-03-27,1546,E5343,HE413,5,5,5,3619,0,0,0,NA,0,HE4,PEACH AV,CENTENNIAL ST,254,S,N,A,-,N,NA,NA,NA,NA,NA,NA,NA,NA,NA,Y,3,0,2,2,A,-,05,21650,NA,N,D,C,A,A,H,-,A,-,0,NA,NA,NA,NA,Y,NA,A,01,0,1,1,0,0,0,0,0,0,-,-,NA,NA,SAN BERNARDINO,HESPERIA,-117.26071329,34.40837107
6853604,2014,2015-03-20,9855,2014-10-22,0700,014688,NA,3,1,5,3602,0,1,3,NA,2,603,RT 60,CENTRAL AV,906,W,N,A,-,Y,NA,NA,NA,NA,NA,NA,NA,NA,NA,Y,4,0,1,2,A,-,07,21658,A,F,H,I,A,A,H,-,A,D,0,NA,NA,NA,NA,Y,NA,A,07,0,0,1,0,0,0,0,0,0,-,-,NA,NA,SAN BERNARDINO,CHINO,-117.69242235,34.03034309
6892438,2015,2015-05-01,3609,2015-03-28,0645,8510,037,6,5,5,3609,0,0,0,NA,0,001,BOHNERT AV,CHURCH AV,80,W,N,A,-,N,NA,NA,NA,NA,NA,NA,NA,NA,NA,Y,4,0,1,2,A,-,03,22350,NA,N,A,E,A,A,H,-,A,A,0,NA,NA,NA,NA,Y,NA,A,01,0,0,1,0,0,0,0,0,0,-,-,NA,NA,SAN BERNARDINO,RIALTO,-117.39534362,34.14314
6892501,2015,2015-04-29,3605,2015-03-15,0350,341,NA,7,5,4,3605,0,0,0,NA,0,NA,RAMONA AV,SAN BERNARDINO ST,100,S,N,A,-,N,NA,NA,NA,NA,NA,NA,NA,NA,NA,N,2,0,1,2,A,-,08,22107,NA,F,C,G,A,A,H,-,C,D,0,NA,Y,NA,NA,Y,Y,-,NA,1,0,0,0,0,0,1,0,0,-,-,NA,NA,SAN BERNARDINO,MONTCLAIR,-117.70698222,34.07756592
6893080,2015,2015-05-20,3608,2015-04-02,1829,4464,NA,4,5,5,3608,0,0,0,NA,0,NA,COLTON AV,ORANGE ST,10,E,N,A,-,N,NA,NA,NA,NA,NA,NA,NA,NA,NA,N,4,0,1,2,A,-,03,22350,NA,M,C,C,A,A,H,-,B,A,0,NA,NA,NA,NA,Y,NA,-,NA,0,0,1,0,0,0,0,0,0,-,-,NA,NA,SAN BERNARDINO,REDLANDS,-117.18248709,34.06283
6893125,2015,2015-05-08,3602,2015-03-06,1821,3054,NA,5,5,5,3602,0,0,0,NA,0,002,RIVERSIDE DR,MOUNTAIN AV,0,NA,Y,A,-,N,NA,NA,NA,NA,NA,NA,NA,NA,NA,Y,4,0,1,4,A,-,03,22350,NA,N,C,C,A,A,H,-,C,A,0,NA,NA,NA,NA,Y,NA,A,01,0,0,1,0,0,0,0,0,0,-,-,NA,NA,SAN BERNARDINO,CHINO,-117.66755012,34.01920012
6893593,2015,2016-03-08,3611,2015-03-19,1659,2304,NA,4,5,5,3611,0,0,0,NA,0,002,ARROW HWY,SILVERWOOD AV,354,W,N,A,-,N,NA,NA,NA,NA,NA,NA,NA,NA,NA,Y,4,0,1,2,A,-,08,22100,B,N,D,C,A,A,H,-,A,D,0,NA,NA,NA,NA,Y,NA,A,07,0,0,1,0,0,0,0,0,0,-,-,NA,NA,SAN BERNARDINO,UPLAND,-117.67424627,34.09965445
6894167,2015,2016-10-13,3607,2015-03-28,0827,80475,50,6,5,6,3607,0,0,0,NA,0,031,4TH ST,RT 10,100,E,N,A,-,Y,SBD,8,10,-,-,5.082,R,4,E,Y,3,0,1,1,A,-,03,22350,NA,N,E,I,A,A,H,-,A,A,0,NA,NA,NA,NA,Y,NA,-,NA,0,1,0,0,0,0,0,0,0,-,EF,NA,NA,SAN BERNARDINO,ONTARIO,-117.62578386,34.07888353
6894174,2015,2015-05-04,3607,2015-03-22,1802,14621,201,7,5,6,3607,0,0,0,NA,0,061,SULTANA AV,ACACIA ST,0,NA,Y,A,-,N,NA,NA,NA,NA,NA,NA,NA,NA,NA,Y,4,0,1,3,A,-,09,21802,A,N,D,C,A,A,H,-,A,A,0,NA,NA,NA,NA,Y,NA,-,NA,0,0,1,0,0,0,0,0,0,-,-,NA,NA,SAN BERNARDINO,ONTARIO,-117.64601004,34.04923001
6897403,2015,2015-05-12,3610,2015-03-23,1313,50469,NA,1,5,6,3610,0,0,0,NA,0,NA,E 21ST ST,NORTH WATERMAN AV,228,E,N,A,-,N,NA,NA,NA,NA,NA,NA,NA,NA,NA,Y,3,0,1,2,A,-,09,21804,NA,N,D,C,A,A,H,-,A,D,0,NA,NA,NA,NA,Y,NA,A,01,0,1,0,0,0,0,0,0,0,-,-,NA,NA,SAN BERNARDINO,SAN BERNARDINO,-117.27800891,34.13406671
6897429,2015,2015-05-12,9860,2015-02-13,1402,017892,NA,5,2,9,3600,0,3,5,NA,2,004,SAN BERNARDINO AV,NEVADA ST,0,NA,Y,A,-,N,NA,NA,NA,NA,NA,NA,NA,NA,NA,Y,3,0,3,2,A,-,09,21453,C,N,D,C,A,A,H,-,A,D,0,NA,NA,NA,NA,Y,NA,A,01,0,1,2,0,0,0,0,0,0,-,-,34.07753,-117.21764,SAN BERNARDINO,UNINCORPORATED,-117.21749007,34.07757001
6902136,2015,2016-10-04,9855,2015-02-15,2240,18383,NA,7,3,4,3605,0,1,1,NA,2,103,RT 10,CENTRAL AV,500,E,N,A,-,Y,SBD,8,10,-,-,1.34,H,-,W,Y,4,0,1,2,A,-,07,21658,A,N,B,C,A,A,H,-,D,D,1,NA,NA,NA,Y,Y,NA,A,01,0,0,1,0,0,0,0,0,0,-,-,34.08697,-117.68491,SAN BERNARDINO,MONTCLAIR,-117.68812459,34.08624001
6902843,2015,2016-10-04,9855,2015-03-26,1705,015498,NA,4,2,6,3607,0,1,1,NA,2,152,RT 15,JURUPA ST,2112,N,N,A,-,Y,SBD,8,15,-,-,1.42,H,-,S,Y,4,0,1,2,A,-,03,22350,NA,N,C,C,A,A,H,-,A,D,1,NA,NA,NA,NA,Y,NA,D,22,0,0,1,0,0,0,0,0,0,-,-,34.05502,-117.54608,SAN BERNARDINO,ONTARIO,-117.54769703,34.0538873
6902859,2015,2016-09-16,9855,2015-03-26,0810,011856,NA,4,1,6,3616,0,1,1,NA,2,203,RT 210,CARNELIAN ST,1056,W,N,A,-,Y,SBD,8,210,-,-,4.4,H,-,W,Y,4,0,1,2,A,-,03,22350,NA,N,C,C,A,A,H,-,A,D,1,NA,NA,NA,NA,Y,NA,A,01,0,0,1,0,0,0,0,0,0,-,-,34.13517,-117.5992,SAN BERNARDINO,RANCHO CUCAMONGA,-117.61971847,34.13503339
6903774,2015,2016-11-19,9855,2015-04-01,1400,016801,NA,3,2,6,3607,0,1,1,NA,2,152,RT 15,JURUPA ST,25,N,N,A,-,Y,SBD,8,15,-,-,1.02,H,-,S,Y,4,0,1,2,A,-,03,22350,NA,N,C,C,A,A,H,-,A,D,1,NA,NA,NA,NA,Y,NA,A,01,0,0,1,0,0,0,0,0,0,-,-,34.04837,-117.54996,SAN BERNARDINO,ONTARIO,-117.55006357,34.04849432
6903777,2015,2016-09-06,9855,2015-03-23,0708,20913,NA,1,1,5,3602,0,1,3,NA,2,603,RT 60,EUCLID AV,1320,W,N,A,-,Y,SBD,8,60,-,R,4.31,H,-,W,Y,4,0,1,2,A,-,03,22350,NA,N,C,C,A,A,H,-,A,D,1,NA,NA,NA,NA,Y,NA,D,22,0,0,1,0,0,0,0,0,0,-,-,34.03047,-117.65657,SAN BERNARDINO,CHINO,-117.65558264,34.03049789
6853988,2015,2016-03-08,3600,2015-03-02,1101,B5098,YC103,1,5,4,3640,0,0,0,NA,0,NA,CHAPMAN HEIGHTS RD,10TH ST,0,NA,Y,B,-,N,NA,NA,NA,NA,NA,NA,NA,NA,NA,NA,4,0,1,1,A,-,03,22350,NA,N,E,I,A,A,H,-,A,D,0,NA,NA,Y,NA,Y,NA,C,02,0,0,1,0,0,0,0,0,1,-,-,NA,NA,SAN BERNARDINO,YUCAIPA,-117.07717007,34.04113005
6859526,2014,2015-03-26,3607,2014-12-12,1739,15179,119,5,5,6,3607,0,0,0,NA,0,012,D ST,ELDERBERRY AV,200,W,N,C,-,N,NA,NA,NA,NA,NA,NA,NA,NA,NA,Y,3,0,1,2,C,-,18,NA,NA,N,B,E,A,B,H,-,C,D,0,NA,NA,NA,NA,Y,NA,-,-,0,1,0,0,0,0,0,0,0,-,-,NA,NA,SAN BERNARDINO,ONTARIO,-117.67539863,34.06691425
6906467,2015,2016-09-06,9855,2015-03-11,1850,014366,NA,3,2,6,3607,0,1,3,NA,2,601,RT 60,VINEYARD AV,522,W,N,A,-,Y,SBD,8,60,-,R,6.76,H,-,W,Y,3,0,1,2,A,-,07,21658,A,F,B,C,A,A,H,-,D,D,1,NA,NA,NA,Y,Y,NA,G,25,0,1,0,0,0,0,0,0,0,-,-,NA,NA,SAN BERNARDINO,ONTARIO,-117.61288505,34.03063732
6907008,2015,2016-11-14,9835,2015-04-04,1010,019189,NA,6,1,9,3600,0,1,1,NA,2,074,RT 15,BAKER BL,6336,S,N,A,-,Y,SBD,8,15,-,R,134.59,H,-,S,Y,3,0,1,1,A,-,08,22107,NA,N,F,A,A,A,H,-,A,D,1,NA,NA,NA,NA,Y,NA,A,07,0,1,0,0,0,0,0,0,0,-,-,35.24333,-116.0958,SAN BERNARDINO,UNINCORPORATED,-116.09620643,35.24247368
6907016,2015,2016-11-14,9835,2015-04-12,0459,19989,NA,7,3,9,3600,0,1,1,NA,2,076,RT 15,CIMA RD,3907,S,N,A,-,Y,SBD,8,15,-,-,161.98,H,-,N,Y,4,0,1,2,A,-,07,21658,A,N,B,C,A,A,H,-,D,D,1,NA,NA,NA,NA,Y,NA,A,07,0,0,1,0,0,0,0,0,0,-,-,NA,NA,SAN BERNARDINO,UNINCORPORATED,-115.68709261,35.43937307
6907962,2015,2016-10-10,9865,2015-02-14,1420,20822,NA,6,2,9,3600,0,1,3,NA,1,039,RT 38,SHAY RD,0,NA,Y,A,-,Y,SBD,8,38,-,-,48.07,I,5,E,N,3,0,1,1,A,-,03,22350,NA,N,F,I,A,A,B,-,A,A,0,NA,Y,NA,NA,Y,NA,L,04,0,1,0,0,0,0,1,0,0,-,-,34.26265,-116.8219,SAN BERNARDINO,UNINCORPORATED,-116.8218873,34.26262602
6908675,2015,2016-12-07,3609,2015-04-04,2034,9632,068,6,5,5,3609,0,0,0,NA,0,001,AYALA DR,RT 210,80,S,N,A,-,Y,SBD,8,210,-,-,17.875,R,4,E,N,4,0,2,2,A,-,03,22350,NA,N,C,C,A,A,H,-,C,D,0,NA,NA,NA,NA,Y,NA,A,01,0,0,2,0,0,0,0,0,0,-,EO,NA,NA,SAN BERNARDINO,RIALTO,-117.3846742,34.13567976
6822186,2015,2015-02-26,3608,2015-01-30,1649,4389,3608,5,5,5,3608,0,0,0,NA,0,NA,LUGONIA AV,NEW YORK ST,201,W,N,C,-,N,NA,NA,NA,NA,NA,NA,NA,NA,NA,Y,4,0,1,2,A,-,03,22350,NA,N,C,C,A,B,H,-,A,A,0,NA,NA,NA,NA,Y,NA,A,01,0,0,1,0,0,0,0,0,0,-,-,NA,NA,SAN BERNARDINO,REDLANDS,-117.19609159,34.07014358
6826363,2015,2015-03-13,9850,2015-02-02,1706,020898,NA,1,2,9,3600,0,3,5,NA,2,005,BUCKHORN CYN RD,HORSESHOE RD,417,S,N,A,-,N,NA,NA,NA,NA,NA,NA,NA,NA,NA,Y,3,0,2,1,A,-,01,23152,A,N,F,A,A,A,H,-,B,D,0,NA,NA,NA,NA,Y,Y,A,07,0,1,1,0,0,0,0,0,0,-,-,NA,NA,SAN BERNARDINO,UNINCORPORATED,NA,NA
6910904,2015,2015-05-12,3604,2015-04-15,1358,744,NA,3,5,6,3604,0,0,0,NA,0,NA,SIERRA AV,ATHOL ST,18,N,N,A,-,N,NA,NA,NA,NA,NA,NA,NA,NA,NA,N,3,0,1,2,A,-,05,21650,1,N,D,G,A,A,H,-,A,A,0,NA,Y,NA,NA,Y,NA,L,04,0,1,0,0,0,0,1,0,0,-,-,NA,NA,SAN BERNARDINO,FONTANA,-117.43572947,34.08853932
6912116,2015,2015-05-13,3610,2015-03-16,1659,50707,NA,1,5,6,3610,0,0,0,NA,0,NA,W HOSPITALITY LN,S COMMERCENTER WEST,0,NA,Y,A,-,N,NA,NA,NA,NA,NA,NA,NA,NA,NA,Y,4,0,1,1,A,-,08,22107,NA,N,E,I,A,A,H,-,A,A,0,NA,NA,NA,NA,Y,NA,A,07,0,0,1,0,0,0,0,0,0,-,-,NA,NA,SAN BERNARDINO,SAN BERNARDINO,-117.28614013,34.06584011
6912202,2015,2016-09-16,9855,2015-02-15,1648,016801,NA,7,2,6,3616,0,1,1,NA,2,201,RT 210,DAY CREEK BL,2640,E,N,A,-,Y,SBD,8,210,-,-,9.68,H,-,W,N,4,0,2,2,A,-,03,22350,NA,N,C,C,A,A,H,-,A,D,1,NA,NA,NA,NA,Y,NA,A,01,0,0,2,0,0,0,0,0,0,-,-,34.13653,-117.52682,SAN BERNARDINO,RANCHO CUCAMONGA,-117.52771865,34.13654498
6912209,2015,2016-10-13,9855,2015-02-17,1635,020913,NA,2,2,6,3607,0,1,1,NA,2,101,RT 10,MILLIKEN AV,2640,W,N,A,-,Y,SBD,8,10,-,-,8.68,H,-,E,N,4,0,1,2,A,-,03,22350,NA,F,C,C,A,A,H,-,A,D,1,NA,NA,NA,NA,Y,NA,A,01,0,0,1,0,0,0,0,0,0,-,-,34.06731,-117.56862,SAN BERNARDINO,ONTARIO,-117.56685736,34.06740821
6912224,2015,2015-05-13,9855,2015-02-01,1650,017313,NA,7,2,9,3600,0,3,5,NA,2,001,HEMLOCK AV,SEVILLE AV,5,E,N,A,-,N,NA,NA,NA,NA,NA,NA,NA,NA,NA,N,4,0,1,2,A,-,12,22450,NA,N,C,C,A,A,H,-,A,D,0,NA,NA,NA,NA,Y,NA,A,01,0,0,1,0,0,0,0,0,0,-,-,34.10282,-117.53647,SAN BERNARDINO,UNINCORPORATED,-117.47572,34.10145