CASE_ID,ACCIDENT_YEAR,PROC_DATE,JURIS,COLLISION_DATE,COLLISION_TIME,OFFICER_ID,REPORTING_DISTRICT,DAY_OF_WEEK,CHP_SHIFT,POPULATION,CNTY_CITY_LOC,SPECIAL_COND,BEAT_TYPE,CHP_BEAT_TYPE,CITY_DIVISION_LAPD,CHP_BEAT_CLASS,BEAT_NUMBER,PRIMARY_RD,SECONDARY_RD,DISTANCE,DIRECTION,INTERSECTION,WEATHER_1,WEATHER_2,STATE_HWY_IND,CALTRANS_COUNTY,CALTRANS_DISTRICT,STATE_ROUTE,ROUTE_SUFFIX,POSTMILE_PREFIX,POSTMILE,LOCATION_TYPE,RAMP_INTERSECTION,SIDE_OF_HWY,TOW_AWAY,COLLISION_SEVERITY,NUMBER_KILLED,NUMBER_INJURED,PARTY_COUNT,PRIMARY_COLL_FACTOR,PCF_CODE_OF_VIOL,PCF_VIOL_CATEGORY,PCF_VIOLATION,PCF_VIOL_SUBSECTION,HIT_AND_RUN,TYPE_OF_COLLISION,MVIW,PED_ACTION,ROAD_SURFACE,ROAD_COND_1,ROAD_COND_2,LIGHTING,CONTROL_DEVICE,CHP_ROAD_TYPE,PEDESTRIAN_ACCIDENT,BICYCLE_ACCIDENT,MOTORCYCLE_ACCIDENT,TRUCK_ACCIDENT,NOT_PRIVATE_PROPERTY,ALCOHOL_INVOLVED,STWD_VEHTYPE_AT_FAULT,CHP_VEHTYPE_AT_FAULT,COUNT_SEVERE_INJ,COUNT_VISIBLE_INJ,COUNT_COMPLAINT_PAIN,COUNT_PED_KILLED,COUNT_PED_INJURED,COUNT_BICYCLIST_KILLED,COUNT_BICYCLIST_INJURED,COUNT_MC_KILLED,COUNT_MC_INJURED,PRIMARY_RAMP,SECONDARY_RAMP,LATITUDE,LONGITUDE,COUNTY,CITY,POINT_X,POINT_Y
6949442,2015,2016-10-13,9855,2015-02-24,1045,13860,NA,2,1,6,3607,0,1,1,NA,2,101,RT 10,HAVEN AV,1500,E,N,A,-,Y,SBD,8,10,-,-,8.32,H,-,W,N,4,0,1,2,A,-,03,22350,NA,N,C,C,A,A,H,-,A,D,1,NA,NA,NA,NA,Y,NA,A,01,0,0,1,0,0,0,0,0,0,-,-,NA,NA,SAN BERNARDINO,ONTARIO,-117.57312636,34.06763191
6951551,2015,2015-06-30,3610,2015-03-13,0225,50607,NA,5,5,6,3610,0,0,0,NA,0,NA,N VICTORIA AV,E CITRUS ST,0,NA,Y,A,-,N,NA,NA,NA,NA,NA,NA,NA,NA,NA,Y,3,0,2,2,A,-,09,21801,A,F,D,C,A,A,H,-,C,A,0,NA,NA,NA,NA,Y,NA,A,01,0,1,1,0,0,0,0,0,0,-,-,NA,NA,SAN BERNARDINO,SAN BERNARDINO,-117.22606007,34.14488006
6878908,2015,2015-05-07,3600,2015-03-10,0911,D3396,LL004,2,5,3,3615,0,0,0,NA,0,LL1,VAN LEUVEN ST,CURTIS ST,71,S,N,A,-,N,NA,NA,NA,NA,NA,NA,NA,NA,NA,N,4,0,1,2,A,-,06,21750,NA,N,B,C,A,A,H,-,A,D,0,NA,NA,NA,NA,Y,NA,-,NA,0,0,1,0,0,0,0,0,0,-,-,NA,NA,SAN BERNARDINO,LOMA LINDA,-117.24795,34.05574
6879444,2015,2016-10-20,3607,2015-02-17,1524,80313,62,2,5,6,3607,0,0,0,NA,0,021,EUCLID AV,4TH ST,0,NA,Y,A,-,Y,SBD,8,83,-,-,10.47,I,5,N,Y,3,0,5,2,A,-,12,21453,A,N,D,C,A,A,H,-,A,A,0,NA,NA,NA,NA,Y,NA,-,NA,0,1,4,0,0,0,0,0,0,-,-,NA,NA,SAN BERNARDINO,ONTARIO,-117.65091689,34.07803362
6953111,2015,2016-12-10,9850,2015-05-26,1925,17775,NA,2,2,5,3612,0,1,1,NA,2,083,RT 15,ROY ROGERS DR,500,S,N,A,-,Y,SBD,8,15,-,-,41.34,H,-,N,Y,4,0,1,1,A,-,08,22107,NA,N,E,I,A,A,H,-,A,D,1,NA,NA,NA,NA,Y,NA,A,01,0,0,1,0,0,0,0,0,0,-,-,34.51461,-117.32077,SAN BERNARDINO,VICTORVILLE,-117.31956383,34.51965367
6957073,2015,2015-06-22,3600,2015-04-02,1222,B9547,VC021,4,5,5,3612,0,0,0,NA,0,VC3,BEAR VALLEY RD,JACARANDA AV,0,NA,Y,A,-,N,NA,NA,NA,NA,NA,NA,NA,NA,NA,N,4,0,1,2,A,-,09,21453,C,N,A,C,A,A,H,-,A,A,0,NA,NA,NA,NA,Y,NA,A,01,0,0,1,0,0,0,0,0,0,-,-,NA,NA,SAN BERNARDINO,VICTORVILLE,-117.2633001,34.47106006
6881075,2015,2016-10-05,9835,2015-03-27,1231,021001,NA,5,1,9,3600,0,1,3,NA,1,013,RT 58,RT 395,75,W,N,A,-,Y,SBD,8,58,-,-,5.39,H,-,E,Y,4,0,2,3,A,-,09,21804,A,N,D,C,A,A,H,-,A,A,0,NA,NA,NA,NA,Y,NA,A,08,0,0,2,0,0,0,0,0,0,-,-,NA,NA,SAN BERNARDINO,UNINCORPORATED,-117.54177757,34.99237427
6961406,2015,2016-11-19,3607,2015-04-08,1403,80248,89,3,5,6,3607,0,0,0,NA,0,011,RT 83,G ST,25,N,N,A,-,Y,SBD,8,83,-,-,9.97,H,-,S,N,4,0,1,2,A,-,03,22350,NA,N,C,C,A,A,H,-,A,A,0,NA,NA,NA,NA,Y,NA,-,NA,0,0,1,0,0,0,0,0,0,-,-,NA,NA,SAN BERNARDINO,ONTARIO,-117.65121523,34.07077594
6961877,2015,2016-12-10,9860,2015-06-09,1720,20393,NA,2,2,4,3603,0,1,1,NA,2,103,RT 10,HUNTS LN,100,E,N,B,-,Y,SBD,8,10,-,-,24.81,H,-,E,Y,4,0,1,3,A,-,03,22350,NA,N,C,C,A,A,H,-,A,D,1,NA,NA,NA,NA,Y,NA,D,22,0,0,1,0,0,0,0,0,0,-,-,34.06342,-117.28719,SAN BERNARDINO,COLTON,-117.28686017,34.06352881
6961889,2015,2016-11-21,9860,2015-06-03,1424,16651,NA,3,2,9,3600,0,1,1,NA,2,151,RT 15,MATHEWS RANCH RD,3168,N,N,A,-,Y,SBD,8,15,-,R,16.55,H,-,N,Y,3,0,1,2,A,-,07,21658,A,N,C,C,A,A,D,-,A,D,1,NA,NA,NA,NA,Y,NA,A,01,0,1,0,0,0,0,0,0,0,-,-,34.25134,-117.4452,SAN BERNARDINO,UNINCORPORATED,-117.44562445,34.25126893
6961953,2015,2015-06-29,3603,2015-05-15,2124,CL4709,COLTO,5,5,4,3603,0,0,0,NA,0,004,HUNT LN,WASHINGTON ST,0,NA,Y,A,-,N,NA,NA,NA,NA,NA,NA,NA,NA,NA,Y,3,0,2,2,A,-,12,21453,A,N,A,C,A,A,H,-,C,A,0,NA,NA,NA,NA,Y,NA,A,01,0,1,1,0,0,0,0,0,0,-,-,NA,NA,SAN BERNARDINO,COLTON,-117.28731003,34.05031007
6962579,2015,2015-06-30,3602,2015-05-19,1706,3368,84,2,5,5,3602,0,0,0,NA,0,003,SCHAEFER AV,YORBA AV,0,NA,Y,A,-,N,NA,NA,NA,NA,NA,NA,NA,NA,NA,Y,3,0,1,2,A,-,12,21453,A,N,D,C,A,A,H,-,A,A,0,NA,NA,NA,NA,Y,NA,A,01,0,1,0,0,0,0,0,0,0,-,-,NA,NA,SAN BERNARDINO,CHINO,-117.70221005,34.004420090000004
6923235,2015,2017-01-18,9855,2015-08-28,0740,15513,NA,5,1,4,3605,0,1,1,NA,2,103,RT 10,MONTE VISTA AV,350,W,N,A,-,Y,SBD,8,10,-,-,0.61,H,-,E,Y,4,0,2,4,A,-,03,22350,NA,N,C,C,A,A,H,-,A,D,1,NA,NA,NA,NA,Y,NA,A,01,0,0,2,0,0,0,0,0,0,-,-,34.08176,-117.70526,SAN BERNARDINO,MONTCLAIR,-117.69986849,34.08174549
6923877,2015,2015-06-03,3605,2015-04-18,0050,355,NA,6,5,4,3605,0,0,0,NA,0,NA,SAN JOSE ST,VERNON AV,17,E,N,A,-,N,NA,NA,NA,NA,NA,NA,NA,NA,NA,Y,3,0,1,4,A,-,01,23152,A,N,B,E,A,A,H,-,C,D,0,NA,NA,NA,NA,Y,Y,A,01,0,1,0,0,0,0,0,0,0,-,-,NA,NA,SAN BERNARDINO,MONTCLAIR,-117.685084,34.08508034
6966668,2015,2015-06-26,3602,2015-04-19,0747,2340,NA,7,5,5,3602,0,0,0,NA,0,NA,MONTE VISTA AV,WALNUT AV,0,NA,Y,A,-,N,NA,NA,NA,NA,NA,NA,NA,NA,NA,Y,4,0,1,2,A,-,12,22450,NA,N,D,C,A,A,H,-,A,D,0,NA,NA,NA,NA,Y,NA,A,01,0,0,1,0,0,0,0,0,0,-,-,NA,NA,SAN BERNARDINO,CHINO,-117.69810003,34.02624005
6971831,2015,2015-07-07,3610,2015-05-04,0523,50908,NA,1,5,6,3610,0,0,0,NA,0,NA,E CENTRAL AV,N TIPPECANOE AV,528,E,N,A,-,N,NA,NA,NA,NA,NA,NA,NA,NA,NA,Y,3,0,1,2,A,-,03,22350,NA,N,F,C,A,A,H,-,A,D,0,NA,NA,NA,NA,Y,NA,A,01,0,1,0,0,0,0,0,0,0,-,-,NA,NA,SAN BERNARDINO,SAN BERNARDINO,-117.25802609,34.08586002
6924810,2015,2016-11-28,9860,2015-05-07,1426,017875,NA,4,2,9,3600,0,3,5,NA,2,003,RT 38,TURQUOISE AV,0,NA,Y,B,-,Y,SBD,8,38,-,-,3.445,I,5,E,Y,4,0,1,2,A,-,09,21801,A,N,D,C,A,A,C,-,A,A,0,NA,NA,NA,NA,Y,NA,A,01,0,0,1,0,0,0,0,0,0,-,-,34.0699,-117.1323,SAN BERNARDINO,UNINCORPORATED,-117.1323356,34.07004826
6905280,2015,2016-06-14,3610,2015-06-20,1754,50733,NA,6,5,6,3610,0,0,0,NA,0,NA,E DATE ST,N DEL ROSA AV,0,NA,Y,A,-,N,NA,NA,NA,NA,NA,NA,NA,NA,NA,Y,4,0,1,3,A,-,09,21801,A,N,D,C,A,A,H,-,A,A,0,NA,NA,NA,NA,Y,Y,A,01,0,0,1,0,0,0,0,0,0,-,-,NA,NA,SAN BERNARDINO,SAN BERNARDINO,-117.25243008,34.14365004
6972011,2015,2015-07-10,3610,2015-05-11,1347,50936,NA,1,5,6,3610,0,0,0,NA,0,NA,N MOUNTAIN  VIEW AV,W 9TH ST,0,NA,Y,A,-,N,NA,NA,NA,NA,NA,NA,NA,NA,NA,Y,4,0,1,2,A,-,12,21453,A,N,D,C,A,A,H,-,A,A,0,NA,NA,NA,NA,Y,NA,-,-,0,0,1,0,0,0,0,0,0,-,-,NA,NA,SAN BERNARDINO,SAN BERNARDINO,-117.28740007,34.11578003
6977837,2015,2016-11-21,9860,2015-05-22,1930,20725,NA,5,2,9,3600,0,1,1,NA,2,151,RT 15,KENWOOD AV,1584,N,N,C,-,Y,SBD,8,15,-,R,15.38,H,-,N,Y,4,0,2,2,A,-,03,22350,NA,N,C,C,A,B,D,-,B,D,1,NA,NA,NA,NA,Y,NA,A,01,0,0,2,0,0,0,0,0,0,-,-,34.24191,-117.43147,SAN BERNARDINO,UNINCORPORATED,-117.43031648,34.24084363
6979780,2015,2016-12-10,9860,2015-05-22,2121,20135,NA,5,2,4,3603,0,1,1,NA,2,103,RT 10,RANCHO AV,300,W,N,B,C,Y,SBD,8,10,-,R,21.9,H,-,E,Y,3,0,1,1,A,-,01,23152,A,N,F,A,A,B,H,-,D,D,1,NA,NA,NA,NA,Y,Y,A,07,0,1,0,0,0,0,0,0,0,-,-,34.06847,-117.33883,SAN BERNARDINO,COLTON,-117.33680854,34.06770044
6979788,2015,2016-11-14,9860,2015-05-23,1255,20282,NA,6,1,9,3600,0,1,1,NA,2,152,RT 15,RT 138,8448,N,N,B,-,Y,SBD,8,15,-,R,22.97,H,-,S,Y,3,0,2,3,A,-,03,22350,NA,N,C,C,A,A,D,-,A,D,1,NA,NA,NA,NA,Y,NA,A,01,0,1,1,0,0,0,0,0,0,-,-,34.33312,-117.4824,SAN BERNARDINO,UNINCORPORATED,-117.48248642,34.33359314
6979845,2015,2015-07-13,9860,2015-05-24,1530,19321,NA,7,2,9,3600,0,3,5,NA,2,003,OAK GLEN RD,PINE BENCH RD,1056,W,N,B,-,N,NA,NA,NA,NA,NA,NA,NA,NA,NA,N,3,0,1,1,A,-,08,22107,NA,N,F,A,A,A,H,-,A,D,0,NA,NA,Y,NA,Y,NA,C,02,0,1,0,0,0,0,0,0,1,-,-,34.04163,-116.94041,SAN BERNARDINO,UNINCORPORATED,-116.93984133,34.04085264
6981408,2015,2016-11-28,9860,2015-06-05,2245,20725,NA,5,3,6,3610,0,1,1,NA,2,203,RT 210,PACIFIC ST,64,E,N,A,-,Y,SBD,8,210,-,R,28.7,H,-,E,Y,4,0,1,1,A,-,01,23152,F,N,F,A,A,A,H,-,C,D,1,NA,NA,NA,NA,Y,Y,A,01,0,0,1,0,0,0,0,0,0,-,-,34.1887,-117.2035,SAN BERNARDINO,SAN BERNARDINO,-117.20446162,34.12935241
6931760,2015,2015-06-09,3607,2015-04-04,0758,80491,205,6,5,6,3607,0,0,0,NA,0,061,SULTANA AV,PHILLIPS ST,200,S,N,A,-,N,NA,NA,NA,NA,NA,NA,NA,NA,NA,N,4,0,1,2,A,-,11,21954,A,N,G,B,D,A,H,-,A,D,0,Y,NA,NA,NA,Y,NA,N,60,0,0,1,0,1,0,0,0,0,-,-,NA,NA,SAN BERNARDINO,ONTARIO,-117.64599756,34.0501319
6931878,2015,2015-06-05,3601,2015-04-10,1852,P59,BARST,5,5,3,3601,0,0,0,NA,0,PATROL,W MAIN ST,F AV,0,NA,Y,A,-,N,NA,NA,NA,NA,NA,NA,NA,NA,NA,Y,3,0,1,3,A,-,08,22107,NA,N,B,E,A,A,H,-,A,D,0,NA,NA,NA,NA,Y,NA,A,01,0,1,0,0,0,0,0,0,0,-,-,NA,NA,SAN BERNARDINO,BARSTOW,-117.04104005,34.89571003
6931915,2015,2015-06-09,3611,2015-04-08,1215,626,NA,3,5,5,3611,0,0,0,NA,0,004,ARROW HWY,2ND AV,0,NA,Y,A,-,N,NA,NA,NA,NA,NA,NA,NA,NA,NA,N,4,0,2,2,A,-,09,21801,A,N,D,C,A,A,H,-,A,A,0,NA,NA,NA,NA,Y,NA,A,01,0,0,2,0,0,0,0,0,0,-,-,NA,NA,SAN BERNARDINO,UPLAND,-117.64841002,34.09973011
6910836,2015,2016-06-13,3604,2015-04-15,0452,744,NA,3,5,6,3604,0,0,0,NA,0,NA,SIERRA AV,RT 66,33,S,N,A,G,N,NA,NA,NA,NA,NA,NA,NA,NA,NA,N,4,0,1,2,A,-,11,21954,NA,N,G,B,D,A,H,-,C,A,0,Y,NA,NA,NA,Y,NA,N,60,0,0,1,0,1,0,0,0,0,-,-,NA,NA,SAN BERNARDINO,FONTANA,-117.43579209,34.10651463
6934078,2015,2015-06-04,3607,2015-04-10,0535,80349,309,5,5,6,3607,0,0,0,NA,0,MILL,ONTARIO MILLS PKWY,FRANKLIN AV,0,NA,Y,A,-,N,NA,NA,NA,NA,NA,NA,NA,NA,NA,Y,4,0,1,2,A,-,08,22107,NA,N,B,C,A,A,H,-,B,A,0,NA,NA,NA,NA,Y,NA,-,NA,0,0,1,0,0,0,0,0,0,-,-,NA,NA,SAN BERNARDINO,ONTARIO,-117.55249005,34.07006003
6994710,2015,2015-08-04,3609,2015-07-01,2100,9632,103,3,5,5,3609,0,0,0,NA,0,002,BASELINE RD,PEPPER AV,0,NA,Y,A,-,N,NA,NA,NA,NA,NA,NA,NA,NA,NA,Y,4,0,2,2,A,-,09,21801,A,N,A,C,A,A,H,-,C,A,0,NA,NA,NA,NA,Y,NA,A,01,0,0,2,0,0,0,0,0,0,-,-,NA,NA,SAN BERNARDINO,RIALTO,-117.35296012,34.12137008
6934145,2015,2015-06-09,3607,2015-05-03,0245,80482,22,7,5,6,3607,0,0,0,NA,0,011,MOUNTAIN AV,5TH ST,10,S,N,A,-,N,NA,NA,NA,NA,NA,NA,NA,NA,NA,Y,2,0,2,2,A,-,01,23153,A,N,C,C,A,A,H,-,C,A,0,NA,NA,NA,NA,Y,Y,-,NA,1,0,1,0,0,0,0,0,0,-,-,NA,NA,SAN BERNARDINO,ONTARIO,-117.67013939,34.0814526
6995331,2015,2016-12-05,9855,2015-06-13,1237,19420,NA,6,1,5,3602,0,1,3,NA,2,601,RT 60,GROVE AV,1000,W,N,A,-,Y,SBD,8,60,-,R,5.55,H,-,E,N,4,0,1,2,A,-,03,22350,NA,N,C,C,A,A,H,-,A,D,1,NA,NA,NA,NA,Y,NA,D,22,0,0,1,0,0,0,0,0,0,-,-,34.03023,-117.04768,SAN BERNARDINO,CHINO,-117.63396328,34.03039304
6995411,2014,2015-07-30,9855,2014-12-02,2255,18383,NA,2,3,6,3604,0,1,1,NA,2,101,RT 10,SIERRA AV,263,W,N,C,-,Y,NA,NA,NA,NA,NA,NA,NA,NA,NA,Y,3,0,1,1,A,-,08,22107,NA,N,E,J,A,B,H,-,C,D,0,NA,NA,NA,NA,Y,NA,A,01,0,1,0,0,0,0,0,0,0,FR,-,34.0678,-117.34366,SAN BERNARDINO,FONTANA,-117.43661397,34.067395
6995471,2015,2016-12-05,9855,2015-06-19,1300,019420,NA,5,1,5,3602,0,1,3,NA,2,603,RT 60,MOUNTAIN AV,300,E,N,A,-,Y,SBD,8,60,-,R,3.69,H,-,W,N,3,0,1,2,A,-,03,22350,NA,N,C,C,A,A,H,-,A,D,1,NA,NA,NA,NA,Y,NA,A,01,0,1,0,0,0,0,0,0,0,-,-,NA,NA,SAN BERNARDINO,CHINO,-117.6663789,34.03046211
6910857,2015,2015-05-18,3609,2015-04-06,1947,1984,NA,1,5,5,3609,0,0,0,NA,0,001,SPRUCE AV,VALENCIA,0,NA,Y,A,-,N,NA,NA,NA,NA,NA,NA,NA,NA,NA,N,3,0,1,2,A,-,05,21650,1,N,D,G,A,A,H,-,C,-,0,NA,Y,NA,NA,Y,NA,L,04,0,1,0,0,0,0,1,0,0,-,-,NA,NA,SAN BERNARDINO,RIALTO,-117.38790006,34.1155101
6999671,2015,2017-01-21,9834,2015-07-13,1520,011530,NA,1,2,2,3606,0,1,1,NA,2,046,RT 40,EAST BROADWAY,2640,E,N,A,-,Y,SBD,8,40,-,-,114.25,H,-,E,Y,3,0,1,1,A,-,08,22107,NA,N,E,I,A,A,H,-,A,D,1,NA,NA,NA,NA,Y,NA,D,22,0,1,0,0,0,0,0,0,0,-,-,34.81657,-114.5947,SAN BERNARDINO,NEEDLES,-115.06695993,34.82721863
7000013,2015,2015-07-24,3609,2015-06-15,0505,0456,93,1,5,5,3609,0,0,0,NA,0,001,BASELINE RD,MAPLE AV,0,NA,Y,A,-,N,NA,NA,NA,NA,NA,NA,NA,NA,NA,Y,4,0,1,1,A,-,01,23152,NA,N,E,I,A,A,H,-,A,A,0,NA,NA,NA,NA,Y,Y,A,01,0,0,1,0,0,0,0,0,0,-,-,NA,NA,SAN BERNARDINO,RIALTO,-117.40534002,34.12134007
7000026,2015,2015-07-24,3609,2015-06-14,2219,3156,98,7,5,5,3609,0,0,0,NA,0,002,RIVERSIDE AV,BASELINE RD,160,S,N,A,-,N,NA,NA,NA,NA,NA,NA,NA,NA,NA,N,4,0,1,2,A,-,09,21804,A,M,D,C,A,A,H,-,C,D,0,NA,Y,NA,NA,Y,NA,A,01,0,0,1,0,0,0,1,0,0,-,-,NA,NA,SAN BERNARDINO,RIALTO,-117.37041091,34.12091176
6912633,2015,2016-10-13,9855,2015-02-14,1244,17570,NA,6,1,6,3607,0,1,1,NA,2,101,RT 10,ETIWANDA AV,1056,W,N,A,-,Y,SBD,8,10,-,-,10.79,H,-,W,Y,3,0,1,1,A,-,08,22107,NA,N,E,I,A,A,H,-,A,D,1,NA,NA,NA,NA,Y,NA,A,01,0,1,0,0,0,0,0,0,0,-,-,34.06752,-117.53512,SAN BERNARDINO,ONTARIO,-117.53004584,34.06746274
6914505,2015,2015-05-27,3600,2015-04-25,2006,B5040,RC055,6,5,6,3616,0,0,0,NA,0,RC2,VINEYARD AV,FOOTHILL BL,75,S,N,A,-,N,NA,NA,NA,NA,NA,NA,NA,NA,NA,Y,4,0,1,2,A,-,03,22350,NA,N,C,C,A,B,H,-,C,A,0,NA,NA,NA,NA,Y,NA,A,07,0,0,1,0,0,0,0,0,0,-,-,NA,NA,SAN BERNARDINO,RANCHO CUCAMONGA,-117.61106915,34.10653446
7001423,2015,2015-07-25,9865,2015-07-05,1240,017407,NA,7,1,9,3600,0,2,4,NA,2,016,GRASS VALLEY RD,LAKE FOREST DR,38,S,N,A,-,N,NA,NA,NA,NA,NA,NA,NA,NA,NA,N,4,0,1,2,A,-,03,22350,NA,N,C,C,A,A,H,-,A,D,0,NA,NA,Y,NA,Y,NA,C,02,0,0,1,0,0,0,0,0,1,-,-,34.24142,-117.21955,SAN BERNARDINO,UNINCORPORATED,-117.2193441,34.24140683
7001433,2015,2015-07-27,3604,2015-07-03,1248,948,NA,5,5,6,3604,0,0,0,NA,0,NA,BASE LINE AV,HEMLOCK AV,0,NA,Y,A,-,N,NA,NA,NA,NA,NA,NA,NA,NA,NA,Y,3,0,2,2,A,-,12,21453,A,N,D,C,A,A,H,-,A,A,0,NA,NA,NA,NA,Y,NA,A,01,0,1,1,0,0,0,0,0,0,-,-,NA,NA,SAN BERNARDINO,FONTANA,-117.47543002,34.12134002
7002944,2015,2015-08-08,3610,2015-06-01,1548,50571,NA,1,5,6,3610,0,0,0,NA,0,NA,N WATERMAN,6TH ST,304,N,N,A,-,N,NA,NA,NA,NA,NA,NA,NA,NA,NA,N,4,0,2,2,A,-,03,22350,NA,N,C,C,A,A,H,-,A,D,0,NA,NA,NA,NA,Y,NA,D,22,0,0,2,0,0,0,0,0,0,-,-,NA,NA,SAN BERNARDINO,SAN BERNARDINO,-117.27877273,34.1110628
7002989,2015,2015-08-10,3607,2015-06-26,2337,80425,35,5,5,6,3607,0,0,0,NA,0,031,VINEYARD AV,6TH ST,15,N,N,A,-,N,NA,NA,NA,NA,NA,NA,NA,NA,NA,Y,3,0,3,3,A,-,01,23153,A,N,C,C,A,A,H,-,C,A,0,NA,NA,NA,NA,Y,Y,-,NA,0,1,2,0,0,0,0,0,0,-,-,NA,NA,SAN BERNARDINO,ONTARIO,-117.61121392,34.08493697
7002996,2015,2015-08-05,3600,2015-06-18,1604,C2706,HI006,4,5,4,3618,0,0,0,NA,0,001,LANKERSHIM AV,9TH ST,94,S,N,A,-,N,NA,NA,NA,NA,NA,NA,NA,NA,NA,N,3,0,1,2,A,-,08,22107,NA,F,B,C,A,A,H,-,A,A,0,NA,NA,Y,NA,Y,NA,A,07,0,1,0,0,0,0,0,0,1,-,-,NA,NA,SAN BERNARDINO,HIGHLAND,-117.23492701,34.11546251
7003037,2015,2015-08-17,3607,2015-06-02,1836,14757,186,2,5,6,3607,0,0,0,NA,0,051,MISSION BL,VINE AV,0,NA,Y,A,-,N,NA,NA,NA,NA,NA,NA,NA,NA,NA,Y,4,0,1,2,A,-,12,21453,A,N,D,C,A,A,H,-,A,A,0,NA,NA,NA,NA,Y,NA,-,NA,0,0,1,0,0,0,0,0,0,-,-,NA,NA,SAN BERNARDINO,ONTARIO,-117.65586013,34.05507006
7003069,2015,2015-08-12,3607,2015-06-27,1436,80257,290,6,5,6,3607,0,0,0,NA,0,072,ARCHIBALD AV,RIVERSIDE DR,2640,S,N,A,-,N,NA,NA,NA,NA,NA,NA,NA,NA,NA,Y,4,0,1,2,A,-,08,22107,NA,N,C,C,A,A,H,-,A,D,0,NA,NA,NA,NA,Y,NA,-,NA,0,0,1,0,0,0,0,0,0,-,-,NA,NA,SAN BERNARDINO,ONTARIO,-117.59321,34.01189518
7003408,2015,2015-08-04,3600,2015-05-12,0951,C2706,HI016,2,5,4,3618,0,0,0,NA,0,002,BASELINE ST,COLE AV,0,NA,Y,A,-,N,NA,NA,NA,NA,NA,NA,NA,NA,NA,Y,4,0,1,2,A,-,09,21802,NA,N,D,C,A,A,H,-,A,A,0,NA,NA,NA,NA,Y,NA,-,NA,0,0,1,0,0,0,0,0,0,-,-,NA,NA,SAN BERNARDINO,HIGHLAND,-117.212661,34.12125
7005506,2015,2015-08-04,3608,2015-07-10,2002,4202,3608,5,5,5,3608,0,0,0,NA,0,NA,E SUNSET DR N,MARJORIE CREST,480,W,N,A,-,N,NA,NA,NA,NA,NA,NA,NA,NA,NA,N,3,0,1,1,A,-,03,22350,NA,N,F,I,A,A,H,-,B,D,0,NA,NA,NA,NA,Y,NA,A,01,0,1,0,0,0,0,0,0,0,-,-,NA,NA,SAN BERNARDINO,REDLANDS,-117.14655121,34.03208
6914658,2015,2015-05-20,3600,2015-04-27,1716,S3852,RC042,1,5,6,3616,0,0,0,NA,0,001,ARCHIBALD AV,WILSON AV,0,NA,Y,A,-,N,NA,NA,NA,NA,NA,NA,NA,NA,NA,Y,4,0,1,3,A,-,03,22350,NA,N,B,C,A,A,H,-,A,D,0,NA,NA,NA,NA,Y,NA,A,01,0,0,1,0,0,0,0,0,0,-,-,NA,NA,SAN BERNARDINO,RANCHO CUCAMONGA,-117.59327009,34.15051004
7006178,2015,2015-09-28,9865,2015-08-08,1315,19929,NA,6,1,9,3600,0,1,3,NA,2,031,RT 38,CANYON RD,1003,E,N,A,-,Y,SBD,8,38,-,-,54.97,H,-,W,Y,1,1,0,2,A,-,05,21460,A,N,F,A,A,A,H,-,A,D,0,NA,NA,Y,NA,Y,NA,C,02,0,0,0,0,0,0,0,1,0,-,-,34.26422,-116.93469,SAN BERNARDINO,UNINCORPORATED,-116.93510198,34.26410595
7006189,2015,2015-10-13,9860,2015-09-01,1801,18972,NA,2,2,9,3600,0,3,5,NA,2,003,PERRIS HILL RD,BASELINE ST,592,N,N,A,-,N,NA,NA,NA,NA,NA,NA,NA,NA,NA,N,1,1,0,2,A,-,11,21956,A,F,G,B,E,A,H,-,A,D,0,Y,NA,NA,NA,Y,NA,N,60,0,0,0,1,0,0,0,0,0,-,-,34.12299,-117.26335,SAN BERNARDINO,UNINCORPORATED,-117.26330052,34.12294165
7006257,2015,2015-11-17,3600,2015-02-02,0253,T1686,AP002,1,5,5,3621,0,0,0,NA,0,AP1,RT 18,18 SBD 94.82,202,E,N,A,-,Y,SBD,8,18,-,-,94.86,H,-,S,N,1,1,0,2,A,-,11,21956,A,F,G,B,E,A,H,-,D,D,0,Y,NA,NA,NA,Y,NA,N,60,0,0,0,1,0,0,0,0,0,-,-,NA,NA,SAN BERNARDINO,APPLE VALLEY,-117.27994006,34.53782196
6914859,2015,2015-05-27,3610,2015-04-26,0149,50866,NA,7,5,6,3610,0,0,0,NA,0,NA,W 13TH ST,N PICO AV,0,NA,Y,A,-,N,NA,NA,NA,NA,NA,NA,NA,NA,NA,N,3,0,1,1,A,-,03,22350,NA,N,A,I,A,A,H,-,C,D,0,NA,NA,NA,NA,Y,Y,D,22,0,1,0,0,0,0,0,0,0,-,-,NA,NA,SAN BERNARDINO,SAN BERNARDINO,-117.31659011,34.1230801
7006536,2015,2015-12-30,3610,2015-10-24,0222,50924,NA,6,5,6,3610,0,0,0,NA,0,NA,W MILL ST,S MT VERNON AV,0,NA,Y,A,-,N,NA,NA,NA,NA,NA,NA,NA,NA,NA,Y,1,1,1,2,A,-,01,23152,A,N,D,C,A,A,H,-,C,A,0,NA,NA,NA,NA,Y,Y,A,01,1,0,0,0,0,0,0,0,0,-,-,34.09214,-117.31381,SAN BERNARDINO,SAN BERNARDINO,-117.31383004,34.0921401
6920970,2015,2015-05-29,3604,2015-05-01,1315,948,NA,5,5,6,3604,0,0,0,NA,0,NA,LOCUST AV,LAUREL DR,451,S,N,A,-,N,NA,NA,NA,NA,NA,NA,NA,NA,NA,N,3,0,1,2,A,-,08,22107,NA,N,B,C,A,A,H,-,A,A,0,NA,NA,NA,NA,Y,NA,A,01,0,1,0,0,0,0,0,0,0,-,-,NA,NA,SAN BERNARDINO,FONTANA,-117.40966011,34.10983432
7011999,2015,2017-01-14,3600,2015-07-09,2337,E3900,VC042,4,5,5,3612,0,0,0,NA,0,001,D ST,11TH ST,430,E,N,A,-,Y,SBD,8,18,-,-,95.43,H,-,N,Y,3,0,1,1,A,-,01,23152,A,N,E,I,A,A,H,-,D,D,0,NA,NA,NA,NA,Y,Y,A,01,0,1,0,0,0,0,0,0,0,-,-,NA,NA,SAN BERNARDINO,VICTORVILLE,-117.2880209,34.53337238