CASE_ID,ACCIDENT_YEAR,PROC_DATE,JURIS,COLLISION_DATE,COLLISION_TIME,OFFICER_ID,REPORTING_DISTRICT,DAY_OF_WEEK,CHP_SHIFT,POPULATION,CNTY_CITY_LOC,SPECIAL_COND,BEAT_TYPE,CHP_BEAT_TYPE,CITY_DIVISION_LAPD,CHP_BEAT_CLASS,BEAT_NUMBER,PRIMARY_RD,SECONDARY_RD,DISTANCE,DIRECTION,INTERSECTION,WEATHER_1,WEATHER_2,STATE_HWY_IND,CALTRANS_COUNTY,CALTRANS_DISTRICT,STATE_ROUTE,ROUTE_SUFFIX,POSTMILE_PREFIX,POSTMILE,LOCATION_TYPE,RAMP_INTERSECTION,SIDE_OF_HWY,TOW_AWAY,COLLISION_SEVERITY,NUMBER_KILLED,NUMBER_INJURED,PARTY_COUNT,PRIMARY_COLL_FACTOR,PCF_CODE_OF_VIOL,PCF_VIOL_CATEGORY,PCF_VIOLATION,PCF_VIOL_SUBSECTION,HIT_AND_RUN,TYPE_OF_COLLISION,MVIW,PED_ACTION,ROAD_SURFACE,ROAD_COND_1,ROAD_COND_2,LIGHTING,CONTROL_DEVICE,CHP_ROAD_TYPE,PEDESTRIAN_ACCIDENT,BICYCLE_ACCIDENT,MOTORCYCLE_ACCIDENT,TRUCK_ACCIDENT,NOT_PRIVATE_PROPERTY,ALCOHOL_INVOLVED,STWD_VEHTYPE_AT_FAULT,CHP_VEHTYPE_AT_FAULT,COUNT_SEVERE_INJ,COUNT_VISIBLE_INJ,COUNT_COMPLAINT_PAIN,COUNT_PED_KILLED,COUNT_PED_INJURED,COUNT_BICYCLIST_KILLED,COUNT_BICYCLIST_INJURED,COUNT_MC_KILLED,COUNT_MC_INJURED,PRIMARY_RAMP,SECONDARY_RAMP,LATITUDE,LONGITUDE,COUNTY,CITY,POINT_X,POINT_Y
7150100,2015,2016-04-20,3608,2015-12-23,1207,4202,3608,3,5,5,3608,0,0,0,NA,0,NA,EUREKA ST,STUART AV,0,NA,Y,B,-,N,NA,NA,NA,NA,NA,NA,NA,NA,NA,N,3,0,2,2,A,-,09,21801,A,N,D,C,A,A,H,-,A,A,0,NA,NA,NA,NA,Y,NA,A,01,0,1,1,0,0,0,0,0,0,-,-,NA,NA,SAN BERNARDINO,REDLANDS,-117.18647007,34.05961002
7151910,2015,2016-01-12,3602,2015-11-27,1755,3527,NA,5,5,5,3602,0,0,0,NA,0,001,RIVERSIDE DR,YORBA AV,0,NA,Y,A,-,N,NA,NA,NA,NA,NA,NA,NA,NA,NA,Y,4,0,3,3,A,-,09,21801,A,N,D,C,A,A,H,-,C,A,0,NA,NA,NA,NA,Y,NA,A,01,0,0,3,0,0,0,0,0,0,-,-,NA,NA,SAN BERNARDINO,CHINO,-117.70238002,34.01898001
7090170,2015,2015-10-07,3609,2015-09-13,2020,5491,123,7,5,5,3609,0,0,0,NA,0,001,CACTUS,ROSEWOOD,0,NA,Y,A,-,N,NA,NA,NA,NA,NA,NA,NA,NA,NA,Y,3,0,2,2,A,-,09,21801,A,N,A,C,A,A,H,-,C,D,0,NA,NA,NA,NA,Y,Y,A,07,0,2,0,0,0,0,0,0,0,-,-,NA,NA,SAN BERNARDINO,RIALTO,-117.38348008,34.11036008
7154778,2015,2016-01-19,3602,2015-11-10,1622,2199,NA,2,5,5,3602,0,0,0,NA,0,NA,MOUNTAIN AV,FILLMORE ST,0,NA,Y,A,-,N,NA,NA,NA,NA,NA,NA,NA,NA,NA,N,4,0,1,2,D,-,00,NA,NA,N,D,G,A,A,H,-,A,A,0,NA,Y,NA,NA,Y,NA,-,-,0,0,1,0,0,0,1,0,0,-,-,NA,NA,SAN BERNARDINO,CHINO,-117.66763004,34.02825001
7154851,2015,2016-01-09,3602,2015-12-10,1959,3527,NA,4,5,5,3602,0,0,0,NA,0,001,MONTE VISTA AV,LINCOLN AV,293,N,N,C,-,N,NA,NA,NA,NA,NA,NA,NA,NA,NA,Y,4,0,1,2,A,-,03,22350,NA,N,D,C,A,B,H,-,D,D,0,NA,NA,NA,NA,Y,NA,A,01,0,0,1,0,0,0,0,0,0,-,-,NA,NA,SAN BERNARDINO,CHINO,-117.69806845,34.02231304
7154985,2015,2016-01-19,3608,2015-12-27,0001,3675,NA,7,5,5,3608,0,0,0,NA,0,NA,GROVE ST,CENTRAL AV,0,NA,Y,A,-,N,NA,NA,NA,NA,NA,NA,NA,NA,NA,Y,4,0,1,3,A,-,01,23152,A,N,C,E,A,A,H,-,C,A,0,NA,NA,NA,NA,Y,Y,A,01,0,0,1,0,0,0,0,0,0,-,-,NA,NA,SAN BERNARDINO,REDLANDS,-117.16048004,34.05714009
7154994,2015,2016-01-19,3600,2015-11-21,1139,B3424,YC201,6,5,4,3640,0,0,0,NA,0,001,BRYANT ST,JUNIPER AV,0,NA,Y,A,-,N,NA,NA,NA,NA,NA,NA,NA,NA,NA,Y,4,0,1,2,A,-,08,22100,B,N,C,C,A,A,H,-,A,A,0,NA,NA,NA,NA,Y,NA,I,11,0,0,1,0,0,0,0,0,0,-,-,NA,NA,SAN BERNARDINO,YUCAIPA,-117.0460901,34.07700002
7154997,2015,2016-01-27,3600,2015-11-28,2157,38023,HI010,6,5,4,3618,0,0,0,NA,0,HI2,N VICTORIA AV,VICTORIA,9,E,N,A,-,N,NA,NA,NA,NA,NA,NA,NA,NA,NA,N,4,0,1,2,-,-,-,NA,NA,N,C,C,A,-,H,-,C,A,0,NA,NA,NA,NA,Y,NA,-,-,0,0,1,0,0,0,0,0,0,-,-,NA,NA,SAN BERNARDINO,HIGHLAND,-117.2262,34.13724
7155142,2015,2016-01-12,3600,2015-12-27,0138,U0068,YC301,7,5,4,3640,0,0,0,NA,0,NA,WILDWOOD CANYON RD,47TH ST,0,NA,Y,A,-,N,NA,NA,NA,NA,NA,NA,NA,NA,NA,Y,3,0,1,1,A,-,01,23152,A,N,A,I,A,A,H,-,C,A,0,NA,NA,NA,NA,Y,Y,-,NA,0,1,0,0,0,0,0,0,0,-,-,NA,NA,SAN BERNARDINO,YUCAIPA,NA,NA
7094400,2015,2016-03-23,3611,2015-10-09,0143,2934,3611,5,5,5,3611,0,0,0,NA,0,002,ARROW HWY,PALM AV,142,W,N,A,-,N,NA,NA,NA,NA,NA,NA,NA,NA,NA,Y,3,0,1,2,A,-,01,23152,A,N,C,E,A,A,H,-,C,D,0,NA,NA,NA,NA,Y,Y,A,01,0,1,0,0,0,0,0,0,0,-,-,NA,NA,SAN BERNARDINO,UPLAND,-117.65420782,34.09973
7099716,2015,2017-01-03,3607,2015-09-10,1440,14997,201,4,5,6,3607,0,0,0,NA,0,061,EUCLID AV,BUDD ST,0,NA,Y,A,-,Y,SBD,8,83,-,-,8.356,I,5,N,N,4,0,1,2,A,-,09,21802,A,M,D,C,A,A,H,-,A,A,0,NA,NA,NA,NA,Y,NA,-,NA,0,0,1,0,0,0,0,0,0,-,-,NA,NA,SAN BERNARDINO,ONTARIO,-117.65076375,34.04742926
7099994,2015,2016-02-04,3600,2015-10-08,0849,F6915,HE210,4,5,5,3619,0,0,0,NA,0,HE2,SMOKETREE ST,E AV,0,NA,Y,A,-,N,NA,NA,NA,NA,NA,NA,NA,NA,NA,Y,4,0,1,2,A,-,09,21802,A,N,B,C,A,A,H,-,A,-,0,NA,NA,NA,NA,Y,NA,-,-,0,0,1,0,0,0,0,0,0,-,-,NA,NA,SAN BERNARDINO,HESPERIA,-117.29171012,34.42400012
7059739,2015,2015-10-20,3605,2015-09-25,0959,378,NA,5,5,4,3605,0,0,0,NA,0,NA,HOLT BL,RAMONA AV,36,W,N,A,-,N,NA,NA,NA,NA,NA,NA,NA,NA,NA,Y,3,0,2,2,A,-,03,22350,NA,N,C,C,A,A,H,-,A,A,0,NA,NA,NA,NA,Y,NA,A,01,0,1,1,0,0,0,0,0,0,-,-,NA,NA,SAN BERNARDINO,MONTCLAIR,-117.70717856,34.06324052
7156857,2015,2017-01-23,3600,2015-12-22,1149,D3403,AP002,2,5,5,3621,0,0,0,NA,0,001,RT 18,APPLE VALLEY RD,0,W,N,A,-,Y,SBD,8,18,-,-,94.4,H,-,N,N,4,0,2,2,A,-,03,22350,NA,N,C,C,A,A,H,-,A,A,0,NA,NA,NA,NA,Y,NA,D,22,0,0,2,0,0,0,0,0,0,-,-,NA,NA,SAN BERNARDINO,APPLE VALLEY,-117.27234306,34.54011097
7156940,2015,2016-01-21,3604,2015-12-25,1638,768,NA,5,5,6,3604,0,0,0,NA,0,NA,PALMETTO AV,ARROW BL,375,N,N,A,-,N,NA,NA,NA,NA,NA,NA,NA,NA,NA,Y,4,0,1,2,A,-,01,23152,A,N,B,E,A,A,H,-,A,D,0,NA,NA,NA,NA,Y,Y,A,01,0,0,1,0,0,0,0,0,0,-,-,NA,NA,SAN BERNARDINO,FONTANA,-117.42705216,34.10039744
7159805,2016,2016-01-20,3605,2016-01-03,1305,309,NA,7,5,4,3605,0,0,0,NA,0,NA,CENTRAL AV,BENITO ST,291,N,N,A,-,N,NA,NA,NA,NA,NA,NA,NA,NA,NA,N,4,0,2,2,A,-,08,22107,NA,N,B,C,A,A,H,-,A,D,0,NA,NA,NA,NA,Y,NA,A,01,0,0,2,0,0,0,0,0,0,-,-,NA,NA,SAN BERNARDINO,MONTCLAIR,-117.68963,34.07480757
7161284,2015,2017-01-18,9855,2015-07-21,1705,15299,NA,2,2,6,3607,0,1,1,NA,2,103,RT 10,ARCHIBALD AV,1000,W,N,A,-,Y,SBD,8,10,-,-,7.06,H,-,E,N,3,0,1,2,A,-,03,22350,NA,N,C,C,A,A,H,-,A,D,1,NA,NA,Y,NA,Y,NA,C,02,0,1,0,0,0,0,0,0,1,-,-,34.0677,-117.6009,SAN BERNARDINO,ONTARIO,-117.59504481,34.06754861
7161288,2015,2016-01-23,9855,2015-07-17,1646,16051,NA,5,2,9,3600,0,3,5,NA,2,004,PHILLIPS BL,EAST END AV,162,E,N,A,-,N,NA,NA,NA,NA,NA,NA,NA,NA,NA,Y,3,0,2,2,A,-,21,22106,NA,N,D,C,A,A,H,-,A,D,0,NA,NA,NA,NA,Y,NA,A,08,0,1,1,0,0,0,0,0,0,-,-,34.04487,-117.72394,SAN BERNARDINO,UNINCORPORATED,-117.72388821,34.04487453
7161327,2015,2017-01-17,9855,2015-06-26,0105,20664,NA,5,3,6,3616,0,1,1,NA,2,203,RT 210,CARNELIAN ST,100,E,N,A,-,Y,SBD,8,210,-,-,4.62,H,-,W,Y,3,0,4,2,A,-,01,23152,A,N,C,C,A,A,H,-,C,D,1,NA,NA,NA,NA,Y,Y,A,01,0,1,3,0,0,0,0,0,0,-,-,34.13509,-117.61493,SAN BERNARDINO,RANCHO CUCAMONGA,-117.61587999,34.1350341
7161333,2015,2017-01-17,9855,2015-07-08,1815,17112,NA,3,2,6,3616,0,1,1,NA,2,201,RT 210,MILLIKEN AV,1000,E,N,A,-,Y,SBD,8,210,-,-,8.1,H,-,E,Y,4,0,1,2,A,-,03,22350,NA,N,C,C,A,A,H,-,A,D,1,NA,NA,NA,NA,Y,NA,A,01,0,0,1,0,0,0,0,0,0,-,-,34.13643,-117.55139,SAN BERNARDINO,RANCHO CUCAMONGA,-117.55529598,34.13644014
7161404,2015,2017-02-09,9855,2015-06-18,1525,20904,NA,4,2,6,3607,0,1,1,NA,2,101,RT 10,RT 15,1320,W,N,A,-,Y,SBD,8,10,-,-,9.49,H,-,E,Y,3,0,1,2,A,-,07,21658,A,F,C,C,A,A,H,-,A,D,1,NA,NA,Y,NA,Y,NA,-,99,0,1,0,0,0,0,0,0,1,-,-,34.06721,-117.55088,SAN BERNARDINO,ONTARIO,-117.55272383,34.06734212
7162177,2015,2017-01-10,9855,2015-07-28,1805,16215,NA,2,2,5,3611,0,1,1,NA,2,203,RT 210,CAMPUS AV,3323,W,N,A,-,Y,SBD,8,210,-,-,2.84,H,-,E,Y,3,0,3,3,A,-,03,22350,NA,N,C,C,A,A,H,-,A,D,1,NA,NA,NA,NA,Y,NA,D,22,0,2,1,0,0,0,0,0,0,-,-,34.13465,-117.64686,SAN BERNARDINO,UPLAND,-117.64694173,34.13463899
7162185,2015,2017-01-14,9855,2015-07-10,1225,18313,NA,5,1,6,3607,0,1,3,NA,2,601,RT 60,MILLIKEN AV,1500,W,N,A,-,Y,SBD,8,60,-,R,9.82,H,-,E,Y,3,0,1,3,A,-,03,22350,NA,F,C,C,A,A,H,-,A,D,1,NA,NA,NA,NA,Y,NA,A,01,0,1,0,0,0,0,0,0,0,-,-,34.02448,-117.56059,SAN BERNARDINO,ONTARIO,-117.560643,34.02457699
7162917,2015,2016-01-21,3610,2015-12-02,0839,50789,NA,3,5,6,3610,0,0,0,NA,0,POLICE,W 5TH ST,ARROWHEAD AV,9,E,N,A,-,N,NA,NA,NA,NA,NA,NA,NA,NA,NA,N,3,0,1,2,A,-,09,21804,NA,N,D,G,A,A,H,-,A,A,0,NA,Y,NA,NA,Y,NA,L,04,0,1,0,0,0,0,1,0,0,-,-,34.10832,-117.28964,SAN BERNARDINO,SAN BERNARDINO,-117.28961036,34.1083
7162921,2015,2016-01-21,3610,2015-12-12,2005,50829,NA,6,5,6,3610,0,0,0,NA,0,POLICE,E 3RD ST,NORTH SIERRA WY,0,NA,Y,A,-,N,NA,NA,NA,NA,NA,NA,NA,NA,NA,N,4,0,1,2,A,-,09,21801,A,N,D,C,A,A,H,-,C,A,0,NA,NA,NA,NA,Y,NA,A,07,0,0,1,0,0,0,0,0,0,-,-,NA,NA,SAN BERNARDINO,SAN BERNARDINO,-117.28513006,34.1045901
7162940,2015,2016-01-21,3610,2015-12-08,2043,50829,NA,2,5,6,3610,0,0,0,NA,0,POLICE,NORTH E ST,W 30TH ST,280,N,N,A,-,N,NA,NA,NA,NA,NA,NA,NA,NA,NA,Y,4,0,1,2,A,-,01,23152,A,N,C,E,A,A,H,-,C,D,0,NA,NA,NA,NA,Y,Y,A,01,0,0,1,0,0,0,0,0,0,-,-,NA,NA,SAN BERNARDINO,SAN BERNARDINO,-117.29409664,34.14699706
7162943,2015,2016-01-20,3610,2015-12-15,1910,50640,NA,2,5,6,3610,0,0,0,NA,0,POLICE,E 39TH ST,N HACIENDA DR,102,E,N,A,-,N,NA,NA,NA,NA,NA,NA,NA,NA,NA,Y,3,0,1,2,A,-,05,21650,NA,N,A,C,A,A,H,-,D,A,0,NA,NA,NA,NA,Y,NA,A,07,0,1,0,0,0,0,0,0,0,-,-,NA,NA,SAN BERNARDINO,SAN BERNARDINO,-117.25427359,34.16125295
7162950,2015,2016-04-20,3610,2015-12-15,1045,50772,NA,2,5,6,3610,0,0,0,NA,0,POLICE,E DATE ST,N DEL ROSA AV,0,NA,Y,A,-,N,NA,NA,NA,NA,NA,NA,NA,NA,NA,N,4,0,1,2,A,-,10,21950,A,M,G,B,B,A,H,-,A,A,0,Y,NA,NA,NA,Y,NA,A,01,0,0,1,0,1,0,0,0,0,-,-,34.14365,-117.2524,SAN BERNARDINO,SAN BERNARDINO,-117.25243008,34.14365004
7131285,2015,2015-12-04,3604,2015-10-31,1135,539,NA,6,5,6,3604,0,0,0,NA,0,NA,CITRUS,FOOTHILL BL,173,N,N,A,-,N,NA,NA,NA,NA,NA,NA,NA,NA,NA,N,2,0,1,2,A,-,05,21650,A,N,B,C,A,A,H,-,A,B,0,NA,NA,Y,NA,Y,NA,C,02,1,0,0,0,0,0,0,0,1,-,-,NA,NA,SAN BERNARDINO,FONTANA,-117.45363,34.10702403
7133918,2015,2015-12-15,3604,2015-11-09,1709,680,NA,1,5,6,3604,0,0,0,NA,0,NA,MANGO AV,IVY AV,150,N,N,B,-,N,NA,NA,NA,NA,NA,NA,NA,NA,NA,N,4,0,2,2,A,-,09,21804,A,N,D,C,A,A,H,-,B,D,0,NA,NA,NA,NA,Y,NA,A,01,0,0,2,0,0,0,0,0,0,-,-,NA,NA,SAN BERNARDINO,FONTANA,-117.43144179,34.104751
7165502,2015,2016-03-08,3610,2015-12-06,1005,50252,NA,7,5,6,3610,0,0,0,NA,0,POLICE,N FLORES ST,6TH ST,124,N,N,A,-,N,NA,NA,NA,NA,NA,NA,NA,NA,NA,Y,4,0,1,4,A,-,03,22350,NA,N,A,C,A,A,H,-,A,D,0,NA,NA,NA,NA,Y,Y,A,01,0,0,1,0,0,0,0,0,0,-,-,34.1105,-117.3268,SAN BERNARDINO,SAN BERNARDINO,-117.32713,34.11052972
7136416,2015,2017-08-30,3603,2015-09-25,1629,CL4689,COLTO,5,5,4,3603,0,0,0,NA,0,003,VALLEY BL,PENNSYLVANIA AV,100,E,N,A,-,N,NA,NA,NA,NA,NA,NA,NA,NA,NA,N,4,0,1,2,A,-,03,22350,NA,N,C,D,A,A,H,-,A,D,0,NA,NA,NA,NA,Y,NA,A,01,0,0,1,0,0,0,0,0,0,-,-,NA,NA,SAN BERNARDINO,COLTON,-117.32869554,34.06756365
7167538,2016,2016-02-04,3600,2016-01-18,1652,F5137,VC024,1,5,5,3612,0,0,0,NA,0,VC3,HESPERIA RD,OTTAWA ST,98,S,N,A,-,N,NA,NA,NA,NA,NA,NA,NA,NA,NA,Y,4,0,1,2,A,-,08,22107,NA,N,B,C,A,A,H,-,B,D,0,NA,NA,NA,NA,Y,NA,A,01,0,0,1,0,0,0,0,0,0,-,-,NA,NA,SAN BERNARDINO,VICTORVILLE,-117.29172591,34.49248732
7167554,2016,2016-02-04,3600,2016-01-22,2101,E3900,VC013,5,5,5,3612,0,0,0,NA,0,003,LA MESA RD,AMARGOSA RD,0,NA,Y,A,-,N,NA,NA,NA,NA,NA,NA,NA,NA,NA,Y,4,0,2,2,A,-,09,21453,C,N,D,C,A,A,H,-,C,A,0,NA,NA,NA,NA,Y,NA,A,01,0,0,2,0,0,0,0,0,0,-,-,NA,NA,SAN BERNARDINO,VICTORVILLE,-117.33716002,34.48544003
7137969,2015,2015-12-28,3611,2015-10-03,1130,2407,WVMC,6,5,5,3611,0,0,0,NA,0,002,7TH ST,MOUNTAIN AV,0,NA,Y,A,-,N,NA,NA,NA,NA,NA,NA,NA,NA,NA,N,3,0,1,2,A,-,09,21453,B,M,D,G,A,A,H,-,A,A,0,NA,Y,NA,NA,Y,NA,D,22,0,1,0,0,0,0,1,0,0,-,-,NA,NA,SAN BERNARDINO,UPLAND,-117.67013012,34.08877008
7138504,2015,2015-12-23,3610,2015-11-07,0802,50967,NA,6,5,6,3610,0,0,0,NA,0,POLICE,W 11TH ST,N MEDICAL CENTER DR,0,NA,Y,A,-,N,NA,NA,NA,NA,NA,NA,NA,NA,NA,Y,3,0,2,2,A,-,09,21804,NA,N,D,C,A,A,H,-,A,A,0,NA,NA,NA,NA,Y,NA,A,08,0,2,0,0,0,0,0,0,0,-,-,NA,NA,SAN BERNARDINO,SAN BERNARDINO,-117.32256006,34.1195501
7171739,2015,2016-02-11,3607,2015-12-31,1541,80313,129,4,5,6,3607,0,0,0,NA,0,022,HOLT AV,ALLYN AV,0,NA,Y,A,-,N,NA,NA,NA,NA,NA,NA,NA,NA,NA,N,4,0,2,2,A,-,09,21801,A,N,D,C,A,A,H,-,A,A,0,NA,NA,NA,NA,Y,NA,-,NA,0,0,2,0,0,0,0,0,0,-,-,NA,NA,SAN BERNARDINO,ONTARIO,-117.63721012,34.06338002
7172084,2016,2017-02-11,3600,2016-01-02,1230,E3903,AP003,6,5,5,3621,0,0,0,NA,0,AP1,RT 18,RANCHERIAS RD,0,NA,Y,A,-,Y,SBD,8,18,-,-,91.564,I,5,S,Y,3,0,1,2,A,-,03,22350,NA,N,B,C,A,A,H,-,A,A,0,NA,NA,NA,NA,Y,NA,-,NA,0,1,0,0,0,0,0,0,0,-,-,NA,NA,SAN BERNARDINO,APPLE VALLEY,-117.22559905,34.52937597
7173322,2015,2016-02-18,9855,2015-08-02,1500,20904,NA,7,2,9,3600,0,3,5,NA,2,003,SAN ANTONIO CRESCENT E,BELLVIEW RD,255,W,N,A,-,N,NA,NA,NA,NA,NA,NA,NA,NA,NA,N,4,0,2,2,A,-,09,21804,A,N,D,C,A,A,H,-,A,D,0,NA,NA,NA,NA,Y,NA,A,01,0,0,2,0,0,0,0,0,0,-,-,34.15731,-117.65514,SAN BERNARDINO,UNINCORPORATED,-117.65506239,34.15743292
7173326,2015,2017-01-11,9855,2015-08-02,0700,19675,NA,7,1,6,3607,0,1,1,NA,2,152,RT 15,JURUPA ST,47,S,N,A,-,Y,SBD,8,15,-,-,1.01,H,-,S,Y,3,0,1,1,A,-,08,22107,NA,N,E,I,A,A,H,-,A,D,1,NA,NA,NA,NA,Y,NA,A,07,0,1,0,0,0,0,0,0,0,-,-,34.04778,-117.55002,SAN BERNARDINO,ONTARIO,-117.55009406,34.04835057
7174705,2016,2016-02-05,3604,2016-01-16,2113,958,NA,6,5,6,3604,0,0,0,NA,0,NA,CHERRY AV,WALNUT AV,170,S,N,A,-,N,NA,NA,NA,NA,NA,NA,NA,NA,NA,N,3,0,1,1,A,-,03,22350,NA,N,E,I,A,A,H,-,C,D,0,NA,NA,Y,NA,Y,NA,C,02,0,1,0,0,0,0,0,0,1,-,-,NA,NA,SAN BERNARDINO,FONTANA,-117.48853197,34.12640422
7174764,2015,2017-01-31,3607,2015-11-29,1301,80418,230,7,5,6,3607,0,0,0,NA,0,052,EUCLID AV,CEDAR ST,0,NA,Y,A,-,Y,SBD,8,83,-,-,7.68,H,-,S,Y,4,0,2,2,A,-,03,22350,NA,N,C,C,A,A,H,-,A,A,0,NA,NA,NA,NA,Y,NA,-,NA,0,0,2,0,0,0,0,0,0,-,-,NA,NA,SAN BERNARDINO,ONTARIO,-117.65107112,34.03764964
7177513,2016,2016-02-24,3610,2016-01-17,1216,50772,NA,7,5,6,3610,0,0,0,NA,0,POLICE,EAST HIGHLAND AV,N EUCALYPTUS DR,72,W,N,A,-,N,NA,NA,NA,NA,NA,NA,NA,NA,NA,Y,4,0,1,2,A,-,09,21804,NA,N,D,C,A,A,H,-,A,D,0,NA,NA,NA,NA,Y,NA,A,01,0,0,1,0,0,0,0,0,0,-,-,34.1359,-117.23228,SAN BERNARDINO,SAN BERNARDINO,-117.23227711,34.13581515
7177521,2016,2016-02-25,3610,2016-01-11,0805,50469,NA,1,5,6,3610,0,0,0,NA,0,NA,EAST HIGHLAND AV,WATERMAN AV,987,E,N,A,-,N,NA,NA,NA,NA,NA,NA,NA,NA,NA,Y,4,0,1,2,A,-,09,21801,A,N,D,C,A,A,H,-,A,D,0,NA,NA,NA,NA,Y,NA,A,01,0,0,1,0,0,0,0,0,0,-,-,NA,NA,SAN BERNARDINO,SAN BERNARDINO,-117.27550836,34.13591939
7177528,2016,2016-02-25,3610,2016-01-14,0743,50732,NA,4,5,6,3610,0,0,0,NA,0,NA,W KENDALL DR,PINE AV,43,W,N,A,-,N,NA,NA,NA,NA,NA,NA,NA,NA,NA,Y,4,0,2,2,A,-,03,22350,NA,N,C,C,A,A,H,-,A,A,0,NA,NA,NA,NA,Y,NA,A,01,0,0,2,0,0,0,0,0,0,-,-,NA,NA,SAN BERNARDINO,SAN BERNARDINO,-117.35129985,34.18661292
7179211,2015,2017-01-14,9855,2015-08-19,2048,16215,NA,3,2,5,3630,0,1,3,NA,2,071,RT 71,GRAND AV,1088,N,N,A,-,Y,SBD,8,71,-,R,1.61,H,-,S,Y,3,0,1,1,A,-,08,22107,NA,N,E,I,A,A,H,-,C,D,1,NA,NA,NA,NA,Y,NA,D,22,0,1,0,0,0,0,0,0,0,-,-,34.00545,-117.72632,SAN BERNARDINO,CHINO HILLS,-117.72615445,34.00372684
7179214,2015,2017-01-14,9855,2015-08-02,0808,15299,NA,7,1,5,3602,0,1,3,NA,2,603,RT 60,CENTRAL AV,100,E,N,A,-,Y,SBD,8,60,-,R,2.39,H,-,W,N,4,0,1,2,A,-,03,22350,NA,N,C,C,A,A,D,E,A,D,1,NA,NA,NA,NA,Y,NA,A,01,0,0,1,0,0,0,0,0,0,-,-,34.0306,-117.6876,SAN BERNARDINO,CHINO,-117.6890151,34.03037903
7179218,2015,2017-01-17,9855,2015-08-01,0402,20367,NA,6,3,6,3604,0,1,1,NA,2,201,RT 210,BEECH AV,600,W,N,A,-,Y,SBD,8,210,-,-,12.81,H,-,W,Y,4,0,1,2,A,-,03,22350,NA,N,D,C,A,A,H,-,C,D,1,NA,NA,NA,NA,Y,NA,A,01,0,0,1,0,0,0,0,0,0,-,-,34.13669,-117.47349,SAN BERNARDINO,FONTANA,-117.47306216,34.13671967
7179231,2015,2017-01-14,9855,2015-08-04,1820,15498,NA,2,2,6,3616,0,1,1,NA,2,153,RT 15,ARROW HWY,2112,S,N,A,-,Y,SBD,8,15,-,-,4.21,H,-,N,Y,4,0,1,2,A,-,03,22350,NA,N,C,C,A,A,H,-,A,D,1,NA,NA,NA,NA,Y,NA,D,22,0,0,1,0,0,0,0,0,0,-,-,34.09523,-117.54243,SAN BERNARDINO,RANCHO CUCAMONGA,-117.54304019,34.09407969
7179232,2015,2017-01-14,9855,2015-08-15,1205,16051,NA,6,1,6,3607,0,1,3,NA,2,601,RT 60,ARCHIBALD AV,764,E,N,A,-,Y,SBD,8,60,-,R,8.086,R,3,W,Y,3,0,2,1,A,-,08,22107,NA,N,E,I,A,A,H,-,A,D,1,NA,NA,NA,NA,Y,NA,A,01,0,1,1,0,0,0,0,0,0,-,-,34.03094,-117.58977,SAN BERNARDINO,ONTARIO,-117.58976579,34.03073135
7148093,2015,2016-01-04,3604,2015-11-23,1141,557,NA,1,5,6,3604,0,0,0,NA,0,NA,DORSEY,CITRUS,20,E,N,A,-,N,NA,NA,NA,NA,NA,NA,NA,NA,NA,N,2,0,1,1,D,-,00,NA,NA,N,H,G,A,A,H,-,A,A,0,NA,Y,NA,NA,Y,Y,-,-,1,0,0,0,0,0,1,0,0,-,-,NA,NA,SAN BERNARDINO,FONTANA,-117.45365,34.09701
7150046,2015,2016-01-14,3608,2015-11-20,1205,2916,NA,5,5,5,3608,0,0,0,NA,0,NA,UNIVERSITY ST,CITRUS AV,0,NA,Y,A,-,N,NA,NA,NA,NA,NA,NA,NA,NA,NA,Y,4,0,3,2,A,-,12,21453,A,N,D,C,A,A,H,-,A,A,0,NA,NA,NA,NA,Y,NA,A,01,0,0,3,0,0,0,0,0,0,-,-,NA,NA,SAN BERNARDINO,REDLANDS,-117.16684001,34.05555007
7105626,2015,2015-11-04,3604,2015-09-24,0725,744,NA,4,5,6,3604,0,0,0,NA,0,NA,CYPRESS AV,TAYLOR AV,0,NA,Y,A,-,N,NA,NA,NA,NA,NA,NA,NA,NA,NA,N,3,0,1,2,A,-,12,22450,A,F,D,C,A,A,H,-,A,A,0,NA,Y,NA,NA,Y,NA,D,22,0,1,0,0,0,0,1,0,0,-,-,NA,NA,SAN BERNARDINO,FONTANA,-117.44437158,34.06932631
7182015,2014,2016-02-16,3610,2014-11-24,1748,50912,NA,1,5,6,3610,0,0,0,NA,0,NA,W 5TH ST,RT 215,0,NA,Y,A,-,Y,NA,NA,NA,NA,NA,NA,NA,NA,NA,Y,4,0,1,2,A,-,12,21453,A,N,D,C,A,A,H,-,C,A,0,NA,NA,NA,NA,Y,NA,A,01,0,0,1,0,0,0,0,0,0,-,-,NA,NA,SAN BERNARDINO,SAN BERNARDINO,-117.30269007,34.10834001
7185072,2016,2016-03-03,3600,2016-01-26,1732,F3067,HE108,2,5,5,3619,0,0,0,NA,0,HE1,EUCALYPTUS ST,7TH AV,0,NA,Y,A,-,N,NA,NA,NA,NA,NA,NA,NA,NA,NA,N,4,0,1,2,A,-,09,21800,A,N,B,C,A,A,H,-,C,A,0,NA,NA,NA,NA,Y,NA,A,01,0,0,1,0,0,0,0,0,0,-,-,NA,NA,SAN BERNARDINO,HESPERIA,-117.31223012,34.45620003
7107060,2015,2015-10-28,3600,2015-09-02,1436,B6735,RC070,3,5,6,3616,0,0,0,NA,0,NA,EAST AV,PHILLY DR,0,NA,Y,A,-,N,NA,NA,NA,NA,NA,NA,NA,NA,NA,N,4,0,2,2,A,-,09,21801,NA,N,D,A,A,A,H,-,A,A,0,NA,NA,NA,NA,Y,NA,A,07,0,0,2,0,0,0,0,0,0,-,-,NA,NA,SAN BERNARDINO,RANCHO CUCAMONGA,-117.51458005,34.14884003
7109228,2015,2015-11-12,3604,2015-09-22,1200,509,NA,2,5,6,3604,0,0,0,NA,0,NA,PALMETTO AV,MERRILL AV,0,NA,Y,A,-,N,NA,NA,NA,NA,NA,NA,NA,NA,NA,N,4,0,1,3,A,-,12,21453,A,N,D,C,A,A,H,-,A,A,0,NA,NA,NA,NA,Y,NA,A,01,0,0,1,0,0,0,0,0,0,-,-,NA,NA,SAN BERNARDINO,FONTANA,-117.42703011,34.09216001
7185848,2016,2016-02-24,3605,2016-02-05,1358,272,NA,5,5,4,3605,0,0,0,NA,0,NA,CENTRAL AV,PLAZA LN,0,NA,Y,A,-,N,NA,NA,NA,NA,NA,NA,NA,NA,NA,Y,3,0,2,2,D,-,00,NA,NA,N,D,C,A,A,H,-,A,A,0,NA,NA,NA,NA,Y,NA,-,-,0,1,1,0,0,0,0,0,0,-,-,NA,NA,SAN BERNARDINO,MONTCLAIR,-117.68969893,34.08723982