CASE_ID,ACCIDENT_YEAR,PROC_DATE,JURIS,COLLISION_DATE,COLLISION_TIME,OFFICER_ID,REPORTING_DISTRICT,DAY_OF_WEEK,CHP_SHIFT,POPULATION,CNTY_CITY_LOC,SPECIAL_COND,BEAT_TYPE,CHP_BEAT_TYPE,CITY_DIVISION_LAPD,CHP_BEAT_CLASS,BEAT_NUMBER,PRIMARY_RD,SECONDARY_RD,DISTANCE,DIRECTION,INTERSECTION,WEATHER_1,WEATHER_2,STATE_HWY_IND,CALTRANS_COUNTY,CALTRANS_DISTRICT,STATE_ROUTE,ROUTE_SUFFIX,POSTMILE_PREFIX,POSTMILE,LOCATION_TYPE,RAMP_INTERSECTION,SIDE_OF_HWY,TOW_AWAY,COLLISION_SEVERITY,NUMBER_KILLED,NUMBER_INJURED,PARTY_COUNT,PRIMARY_COLL_FACTOR,PCF_CODE_OF_VIOL,PCF_VIOL_CATEGORY,PCF_VIOLATION,PCF_VIOL_SUBSECTION,HIT_AND_RUN,TYPE_OF_COLLISION,MVIW,PED_ACTION,ROAD_SURFACE,ROAD_COND_1,ROAD_COND_2,LIGHTING,CONTROL_DEVICE,CHP_ROAD_TYPE,PEDESTRIAN_ACCIDENT,BICYCLE_ACCIDENT,MOTORCYCLE_ACCIDENT,TRUCK_ACCIDENT,NOT_PRIVATE_PROPERTY,ALCOHOL_INVOLVED,STWD_VEHTYPE_AT_FAULT,CHP_VEHTYPE_AT_FAULT,COUNT_SEVERE_INJ,COUNT_VISIBLE_INJ,COUNT_COMPLAINT_PAIN,COUNT_PED_KILLED,COUNT_PED_INJURED,COUNT_BICYCLIST_KILLED,COUNT_BICYCLIST_INJURED,COUNT_MC_KILLED,COUNT_MC_INJURED,PRIMARY_RAMP,SECONDARY_RAMP,LATITUDE,LONGITUDE,COUNTY,CITY,POINT_X,POINT_Y
8148001,2016,2016-10-19,3610,2016-09-10,2002,50967,NA,6,5,6,3610,0,0,0,NA,0,POLICE,N LITTLE MOUNTAIN DR,W MARSHALL BL,0,NA,Y,A,-,N,NA,NA,NA,NA,NA,NA,NA,NA,NA,Y,3,0,4,2,A,-,08,22107,NA,N,C,C,A,A,H,-,C,D,0,NA,NA,NA,NA,Y,NA,A,01,0,2,2,0,0,0,0,0,0,-,-,34.14966,-117.31937,SAN BERNARDINO,SAN BERNARDINO,-117.31937012,34.14968009
8148021,2016,2016-10-19,3610,2016-09-14,2137,50818,NA,3,5,6,3610,0,0,0,NA,0,POLICE,E MILL ST,WATERMAN AV,144,E,N,A,-,N,NA,NA,NA,NA,NA,NA,NA,NA,NA,N,3,0,2,3,A,-,11,21954,A,F,G,B,D,A,H,-,C,D,0,Y,NA,NA,NA,Y,Y,N,60,0,2,0,0,2,0,0,0,0,-,-,34.09221,-117.2729,SAN BERNARDINO,SAN BERNARDINO,-117.2783659,34.09213501
8148037,2016,2016-10-19,3610,2016-09-16,1655,50911,NA,5,5,6,3610,0,0,0,NA,0,POLICE,WEST HIGHLAND AV,E ST,24,E,N,A,-,N,NA,NA,NA,NA,NA,NA,NA,NA,NA,N,4,0,1,3,A,-,17,22517,NA,N,G,B,E,A,H,-,A,D,0,Y,NA,NA,NA,Y,NA,N,60,0,0,1,0,1,0,0,0,0,-,-,34.13599,-117.29413,SAN BERNARDINO,SAN BERNARDINO,-117.30080093,34.13602
8148045,2016,2016-10-19,3610,2016-09-16,2130,NA,NA,5,5,6,3610,0,0,0,NA,0,POLICE,W BASELINE ST,N CALIFORNIA ST,0,NA,Y,A,-,N,NA,NA,NA,NA,NA,NA,NA,NA,NA,Y,4,0,1,3,A,-,12,21453,A,N,D,C,A,A,H,-,C,A,0,NA,NA,NA,NA,Y,NA,A,07,0,0,1,0,0,0,0,0,0,-,-,34.1213,-117.331,SAN BERNARDINO,SAN BERNARDINO,-117.3311,34.12133009
81481588,2021,2021-05-26,3607,2021-04-09,1449,20470,190,5,5,6,3607,0,0,0,NA,0,061,GROVE AV,BELMONT ST,51,N,N,A,-,N,NA,NA,NA,NA,NA,NA,NA,NA,NA,Y,4,0,2,3,A,-,12,21453,A,N,D,C,A,A,H,-,A,A,0,NA,NA,NA,NA,Y,NA,A,07,0,0,2,0,0,0,0,0,0,-,-,NA,NA,SAN BERNARDINO,ONTARIO,-117.628662109375,34.05196762084961
81481593,2021,2021-05-26,3607,2021-05-11,2008,20177,276,2,5,6,3607,0,0,0,NA,0,072,ARCHIBALD AV,WALNUT ST,0,NA,Y,A,-,N,NA,NA,NA,NA,NA,NA,NA,NA,NA,N,4,0,1,2,A,-,12,21453,A,F,A,G,A,A,H,-,A,A,0,NA,Y,NA,NA,Y,NA,A,01,0,0,1,0,0,0,1,0,0,-,-,NA,NA,SAN BERNARDINO,ONTARIO,-117.59320831298828,34.02638244628906
81482559,2021,2021-05-27,3611,2021-03-28,0815,3356,3611,7,5,5,3611,0,0,0,NA,0,004,7TH ST,BERLYN AVE,255,E,N,A,-,N,NA,NA,NA,NA,NA,NA,NA,NA,NA,Y,4,0,1,3,A,-,08,22107,NA,N,B,E,A,A,H,-,A,D,0,NA,NA,NA,NA,Y,NA,A,07,0,0,1,0,0,0,0,0,0,-,-,NA,NA,SAN BERNARDINO,UPLAND,-117.63816833496094,34.08884048461914
81482560,2021,2021-05-27,3611,2021-03-29,1958,3354,3611,1,5,5,3611,0,0,0,NA,0,001,EUCLID AVE,17TH ST,467,S,N,A,-,N,NA,NA,NA,NA,NA,NA,NA,NA,NA,Y,4,0,1,2,A,-,08,22107,NA,N,B,E,A,A,H,-,C,A,0,NA,NA,NA,NA,Y,NA,A,07,0,0,1,0,0,0,0,0,0,-,-,NA,NA,SAN BERNARDINO,UPLAND,-117.65140533447266,34.1239013671875
8115179,2016,2016-09-02,3607,2016-08-19,0826,80418,314,5,5,6,3607,0,0,0,NA,0,042,ARCHIBALD AV,AIRPORT DR,100,N,N,A,-,N,NA,NA,NA,NA,NA,NA,NA,NA,NA,N,4,0,1,2,A,-,08,22107,NA,N,B,C,A,A,H,-,A,A,0,NA,NA,NA,NA,Y,NA,-,NA,0,0,1,0,0,0,0,0,0,-,-,NA,NA,SAN BERNARDINO,ONTARIO,-117.59348067,34.06290404
81485506,2021,2021-05-31,3607,2021-05-25,1415,19890,165,2,5,6,3607,0,0,0,NA,0,061,MISSION BL,GROVE AV,550,W,N,A,-,N,NA,NA,NA,NA,NA,NA,NA,NA,NA,N,4,0,1,2,A,-,07,21658,A,N,C,C,A,A,H,-,A,A,0,NA,NA,NA,NA,Y,NA,A,07,0,0,1,0,0,0,0,0,0,-,-,NA,NA,SAN BERNARDINO,ONTARIO,-117.63052368164063,34.05501174926758
8116009,2016,2016-11-03,3600,2016-08-08,1736,F4496,AP003,1,5,5,3621,0,0,0,NA,0,AP1,RT 18,MONDAMON RD,0,NA,Y,A,-,N,NA,NA,NA,NA,NA,NA,NA,NA,NA,N,4,0,1,2,A,-,03,22350,NA,N,D,E,A,A,H,-,A,A,0,NA,NA,NA,NA,Y,NA,A,01,0,0,1,0,0,0,0,0,0,-,-,NA,NA,SAN BERNARDINO,APPLE VALLEY,-117.26096123,34.5391353
8149752,2016,2016-11-30,3600,2016-09-30,1303,D3560,HE125,5,5,5,3619,0,0,0,NA,0,HE1,LEMON ST,LEMON ST 16633,0,NA,Y,A,-,N,NA,NA,NA,NA,NA,NA,NA,NA,NA,N,3,0,1,2,A,-,21,22106,NA,N,G,B,F,A,H,-,A,D,0,Y,NA,NA,NA,Y,NA,A,01,0,1,0,0,0,0,0,0,0,-,-,NA,NA,SAN BERNARDINO,HESPERIA,-117.30156183,34.44506096
8122090,2016,2016-09-20,3609,2016-08-28,1814,0884,143,7,5,5,3609,0,0,0,NA,0,003,W MERRILL AV,S LINDEN AV,100,W,N,A,-,N,NA,NA,NA,NA,NA,NA,NA,NA,NA,Y,3,0,4,2,A,-,08,22101,D,N,E,I,A,A,F,H,A,D,0,NA,NA,NA,NA,Y,NA,A,01,0,2,2,0,0,0,0,0,0,-,-,NA,NA,SAN BERNARDINO,RIALTO,-117.40119933,34.09224
8122235,2016,2017-02-22,3609,2016-09-02,0555,0456,059,5,5,5,3609,0,0,0,NA,0,002,RIVERSIDE AV,RT 210,0,NA,Y,A,-,Y,SBD,8,210,-,-,18.878,R,4,E,Y,4,0,1,2,A,-,12,21453,A,N,A,C,A,A,H,-,B,A,0,NA,NA,NA,NA,Y,NA,A,01,0,0,1,0,0,0,0,0,0,-,EO,NA,NA,SAN BERNARDINO,RIALTO,-117.36717547,34.13592102
8133573,2016,2016-10-03,3600,2016-08-27,1514,D7726,YC309,6,5,4,3640,0,0,0,NA,0,YC3,COLORADO ST,ENOCH AV,132,W,N,A,-,N,NA,NA,NA,NA,NA,NA,NA,NA,NA,Y,3,0,1,1,A,-,16,24002,A,N,E,I,A,A,H,-,A,A,0,NA,NA,NA,NA,Y,NA,A,07,0,1,0,0,0,0,0,0,0,-,-,NA,NA,SAN BERNARDINO,YUCAIPA,-117.06691357,34.0193414
8135091,2016,2016-12-22,3600,2016-09-03,1919,D8559,HE117,6,5,5,3619,0,0,0,NA,0,HE3,MAIN ST,RT 15,124,W,N,A,-,N,NA,NA,NA,NA,NA,NA,NA,NA,NA,Y,4,0,1,2,A,-,03,22350,NA,N,C,C,A,A,H,-,A,A,0,NA,NA,NA,NA,Y,NA,D,22,0,0,1,0,0,0,0,0,0,-,-,NA,NA,SAN BERNARDINO,HESPERIA,-117.38090981,34.42671239
81514187,2021,2021-07-07,3607,2021-06-20,0150,20394,950,7,5,6,3607,0,0,0,NA,0,051,STATE ST,BENSON AV,586,E,N,A,-,N,NA,NA,NA,NA,NA,NA,NA,NA,NA,Y,3,0,1,2,A,-,01,23152,A,N,C,C,A,A,H,-,C,D,0,NA,NA,NA,NA,Y,Y,A,01,0,1,0,0,0,0,0,0,0,-,-,NA,NA,SAN BERNARDINO,ONTARIO,-117.67893981933594,34.059844970703125
81514193,2021,2021-07-07,3607,2021-06-24,1830,19889,208,4,5,6,3607,0,0,0,NA,0,061,BON VIEW AV,FRANCIS ST,0,NA,Y,A,-,N,NA,NA,NA,NA,NA,NA,NA,NA,NA,Y,4,0,1,2,A,-,12,22450,A,N,A,C,A,A,H,-,A,D,0,NA,NA,NA,NA,Y,NA,A,01,0,0,1,0,0,0,0,0,0,-,-,NA,NA,SAN BERNARDINO,ONTARIO,-117.6372299194336,34.041168212890625
8135316,2016,2016-10-06,3600,2016-09-06,1826,D8554,AP026,2,5,5,3621,0,0,0,NA,0,AP3,BEAR VALLY RD,JESS RANCH PKWY,0,NA,Y,A,-,N,NA,NA,NA,NA,NA,NA,NA,NA,NA,Y,4,0,1,2,A,-,09,21801,B,N,B,C,A,A,H,-,A,A,0,NA,NA,Y,NA,Y,NA,C,02,0,0,1,0,0,0,0,0,1,-,-,NA,NA,SAN BERNARDINO,APPLE VALLEY,-117.24916004,34.47110009
8138879,2016,2016-12-22,3600,2016-09-05,0849,F4507,HE105,1,5,5,3619,0,0,0,NA,0,NA,HESPERIA RD,SYCAMORE ST,0,NA,Y,A,-,N,NA,NA,NA,NA,NA,NA,NA,NA,NA,NA,4,0,1,2,A,-,12,22450,A,N,D,C,A,A,H,-,A,D,0,NA,NA,NA,NA,Y,NA,-,NA,0,0,1,0,0,0,0,0,0,-,-,NA,NA,SAN BERNARDINO,HESPERIA,-117.29351009,34.46300007
8151677,2016,2016-10-26,3600,2016-09-23,0857,D2561,VC070,5,5,5,3612,0,0,0,NA,0,VC5,DOS PALMAS RD,DEL CERRO ST,0,NA,Y,A,-,N,NA,NA,NA,NA,NA,NA,NA,NA,NA,N,3,0,1,2,A,-,03,22350,NA,F,G,-,D,A,H,-,A,A,0,Y,NA,NA,NA,Y,Y,-,NA,0,1,0,0,1,0,0,0,0,-,-,NA,NA,SAN BERNARDINO,VICTORVILLE,-117.36812006,34.49946001
8100884,2016,2016-08-16,3602,2016-07-03,2214,1949,45,7,5,5,3602,0,0,0,NA,0,001,RAMONA AV,WILSON ST,171,S,N,A,-,N,NA,NA,NA,NA,NA,NA,NA,NA,NA,N,4,0,2,2,A,-,01,23152,A,N,C,C,A,A,H,-,C,A,0,NA,NA,Y,NA,Y,Y,C,02,0,0,2,0,0,0,0,0,2,-,-,NA,NA,SAN BERNARDINO,CHINO,-117.70677507,34.02135133
8100998,2016,2016-08-16,3602,2016-06-15,0821,3051,46,3,5,5,3602,0,0,0,NA,0,001,RIVERSIDE DR,YORBA AV,0,NA,Y,B,-,N,NA,NA,NA,NA,NA,NA,NA,NA,NA,Y,4,0,2,2,A,-,12,21453,A,N,D,C,A,A,H,-,A,A,0,NA,NA,NA,NA,Y,NA,A,07,0,0,2,0,0,0,0,0,0,-,-,NA,NA,SAN BERNARDINO,CHINO,-117.70238002,34.01898001
8104520,2016,2016-10-12,3600,2016-07-19,1644,C9389,LL014,2,5,3,3615,0,0,0,NA,0,LL1,PECAN WY,LAWTON AV,0,NA,Y,A,-,N,NA,NA,NA,NA,NA,NA,NA,NA,NA,Y,4,0,2,2,A,-,08,22107,NA,N,D,C,A,A,H,-,A,D,0,NA,NA,NA,NA,Y,NA,A,01,0,0,2,0,0,0,0,0,0,-,-,NA,NA,SAN BERNARDINO,LOMA LINDA,-117.25406005,34.0448501
81522593,2021,2021-07-19,3607,2021-06-19,2331,20394,178,6,5,6,3607,0,0,0,NA,0,051,MISSION BL,BENSON AV,85,E,N,A,-,N,NA,NA,NA,NA,NA,NA,NA,NA,NA,Y,4,0,2,2,A,-,09,21453,B,N,C,C,A,A,H,-,C,A,0,NA,NA,NA,NA,Y,NA,A,01,0,0,2,0,0,0,0,0,0,-,-,NA,NA,SAN BERNARDINO,ONTARIO,-117.68051910400392,34.055850982666016
8104635,2016,2016-08-23,3600,2016-07-07,2316,F6925,AP005,4,5,5,3621,0,0,0,NA,0,AP1,POTOMAC RD,EDISON POLE 1601356E,230,W,N,A,-,N,NA,NA,NA,NA,NA,NA,NA,NA,NA,Y,3,0,2,1,A,-,01,23153,NA,N,F,A,A,A,H,-,C,D,0,NA,NA,NA,NA,Y,Y,A,01,0,2,0,0,0,0,0,0,0,-,-,NA,NA,SAN BERNARDINO,APPLE VALLEY,NA,NA
8105766,2016,2016-08-26,3603,2016-08-14,1052,CL4062,COLTO,7,5,4,3603,0,0,0,NA,0,003,MIGUEL BUSTAMONTE PKWY,RIVERSIDE AV,1000,E,N,A,-,N,NA,NA,NA,NA,NA,NA,NA,NA,NA,Y,4,0,1,2,A,-,09,21801,A,N,D,C,A,A,H,-,A,D,0,NA,NA,NA,NA,Y,NA,A,01,0,0,1,0,0,0,0,0,0,-,-,NA,NA,SAN BERNARDINO,COLTON,-117.36186726,34.03164649
81528088,2021,2021-07-26,3607,2021-07-14,1332,80546,60,3,5,6,3607,0,0,0,NA,0,011,EUCLID AV,FOURTH ST,0,NA,Y,A,-,Y,NA,NA,NA,NA,NA,NA,NA,NA,NA,Y,4,0,2,2,A,-,12,21453,A,N,D,C,A,A,H,-,A,A,0,NA,NA,NA,NA,Y,NA,A,07,0,0,2,0,0,0,0,0,0,-,-,NA,NA,SAN BERNARDINO,ONTARIO,-117.65125274658205,34.07790756225586
81539336,2021,2021-08-09,3607,2021-07-29,1638,80549,126,4,5,6,3607,0,0,0,NA,0,022,HOLT BL,LEMON AV,0,NA,Y,A,-,N,NA,NA,NA,NA,NA,NA,NA,NA,NA,Y,4,0,1,2,A,-,09,21801,A,N,D,C,A,A,H,-,A,D,0,NA,NA,NA,NA,Y,NA,A,01,0,0,1,0,0,0,0,0,0,-,-,NA,NA,SAN BERNARDINO,ONTARIO,-117.64957427978516,34.06336212158203
8107671,2016,2016-08-22,3607,2016-07-11,2322,80516,56,1,5,6,3607,0,0,0,NA,0,011,MOUNTAIN AV,I ST,60,N,N,A,-,N,NA,NA,NA,NA,NA,NA,NA,NA,NA,Y,4,0,1,3,A,-,03,22350,NA,N,C,C,A,A,H,-,C,A,0,NA,NA,NA,NA,Y,NA,-,NA,0,0,1,0,0,0,0,0,0,-,-,NA,NA,SAN BERNARDINO,ONTARIO,-117.67009304,34.07436443
8108816,2016,2016-09-13,3604,2016-08-13,2235,958,NA,6,5,6,3604,0,0,0,NA,0,NA,BASELINE AV,HEMLOCK AV,13,E,N,A,-,N,NA,NA,NA,NA,NA,NA,NA,NA,NA,Y,3,0,1,1,A,-,08,22107,NA,N,E,I,A,A,H,-,C,A,0,NA,NA,NA,NA,Y,NA,A,01,0,1,0,0,0,0,0,0,0,-,-,NA,NA,SAN BERNARDINO,FONTANA,-117.47538717,34.12133974
81548711,2021,2021-08-19,3607,2021-08-01,1603,20211,68,7,5,6,3607,0,0,0,NA,0,032,FOURTH ST,HELLMAN AV,20,E,N,A,-,N,NA,NA,NA,NA,NA,NA,NA,NA,NA,N,4,0,1,3,A,-,03,22350,NA,F,C,C,A,A,H,-,A,A,0,NA,NA,NA,NA,Y,NA,A,01,0,0,1,0,0,0,0,0,0,-,-,NA,NA,SAN BERNARDINO,ONTARIO,-117.60216522216795,34.07754898071289
8155010,2016,2016-11-08,3600,2016-09-17,2000,E4997,RC027,6,5,6,3616,0,0,0,NA,0,002,19TH ST,RAMONA AV,0,NA,Y,A,-,N,NA,NA,NA,NA,NA,NA,NA,NA,NA,Y,3,0,2,2,A,-,09,21802,A,N,-,C,A,A,H,-,C,A,0,NA,NA,NA,NA,Y,NA,A,01,0,1,1,0,0,0,0,0,0,-,-,NA,NA,SAN BERNARDINO,RANCHO CUCAMONGA,-117.58931004,34.13263011
8112434,2016,2016-08-31,3607,2016-08-09,1656,80505,204,2,5,6,3607,0,0,0,NA,0,061,SULTANA AV,MAPLE ST,0,NA,Y,A,-,N,NA,NA,NA,NA,NA,NA,NA,NA,NA,Y,3,0,1,2,A,-,09,21802,A,N,D,C,A,A,H,-,A,D,0,NA,NA,NA,NA,Y,NA,-,NA,0,1,0,0,0,0,0,0,0,-,-,NA,NA,SAN BERNARDINO,ONTARIO,-117.64594004,34.04233003
81506234,2021,2021-06-25,3607,2021-06-22,0614,80522,22,2,5,6,3607,0,0,0,NA,0,011,FIFTH ST,MOUNTAIN AV,0,NA,Y,A,-,N,NA,NA,NA,NA,NA,NA,NA,NA,NA,N,3,0,1,2,A,-,09,21804,A,N,D,G,A,A,H,-,A,A,0,NA,Y,NA,NA,Y,NA,A,01,0,1,0,0,0,0,1,0,0,-,-,NA,NA,SAN BERNARDINO,ONTARIO,-117.6701431274414,34.081478118896484
8150937,2016,2016-10-25,3609,2016-10-10,0800,6337,38,1,5,5,3609,0,0,0,NA,0,001,SPRUCE AV,CASMALIA AV,0,NA,Y,A,-,N,NA,NA,NA,NA,NA,NA,NA,NA,NA,N,3,0,2,3,A,-,10,21950,A,N,G,B,B,A,H,-,A,D,0,Y,NA,NA,NA,Y,NA,A,01,0,2,0,0,2,0,0,0,0,-,-,NA,NA,SAN BERNARDINO,RIALTO,-117.38797005,34.13763011
8136165,2016,2016-10-06,3605,2016-08-28,1657,378,3605,7,5,4,3605,0,0,0,NA,0,NA,BENSON AV,PALO VERDE ST,29,S,N,A,-,N,NA,NA,NA,NA,NA,NA,NA,NA,NA,Y,4,0,1,2,D,-,00,NA,NA,N,D,C,A,A,H,-,A,A,0,NA,NA,NA,NA,Y,NA,-,-,0,0,1,0,0,0,0,0,0,-,-,NA,NA,SAN BERNARDINO,MONTCLAIR,-117.68083956,34.08137052
8156645,2016,2016-11-02,3600,2016-10-04,0850,D4321,AP003,2,5,5,3621,0,0,0,NA,0,AP1,RIMROCK RD E,RANCHERIAS RD,0,NA,Y,A,-,N,NA,NA,NA,NA,NA,NA,NA,NA,NA,Y,3,0,2,2,A,-,12,22450,A,N,D,C,A,A,H,-,A,A,0,NA,NA,NA,NA,Y,NA,A,08,0,1,1,0,0,0,0,0,0,-,-,NA,NA,SAN BERNARDINO,APPLE VALLEY,-117.22571004,34.53582009
8136390,2016,2016-10-05,3600,2016-09-18,1205,E6897,CH044,7,5,5,3630,0,0,0,NA,0,001,GRAND AV,PAYNE RANCH RD,0,NA,Y,A,-,N,NA,NA,NA,NA,NA,NA,NA,NA,NA,N,4,0,1,2,A,-,12,21453,A,N,A,C,A,A,H,-,A,A,0,NA,NA,NA,NA,Y,NA,-,NA,0,0,1,0,0,0,0,0,0,-,-,NA,NA,SAN BERNARDINO,CHINO HILLS,-117.73464005,34.002030070000004
8158007,2016,2016-11-07,3600,2016-10-19,1914,E4343,HE202,3,5,5,3619,0,0,0,NA,0,HE2,I AV,WISTERIA ST,0,NA,Y,A,-,N,NA,NA,NA,NA,NA,NA,NA,NA,NA,N,4,0,1,2,A,-,09,21802,A,N,D,C,A,A,H,-,A,A,0,NA,NA,NA,NA,Y,NA,A,01,0,0,1,0,0,0,0,0,0,-,-,NA,NA,SAN BERNARDINO,HESPERIA,-117.27768003,34.44395011
8136568,2016,2016-10-10,3609,2016-09-17,2020,0599,98,6,5,5,3609,0,0,0,NA,0,002,BASELINE RD,WILLOW AV,452,W,N,A,-,N,NA,NA,NA,NA,NA,NA,NA,NA,NA,Y,4,0,1,2,A,-,09,21802,A,N,D,-,A,A,H,-,C,D,0,NA,NA,NA,NA,Y,NA,A,01,0,0,1,0,0,0,0,0,0,-,-,34.1213,-117.3746,SAN BERNARDINO,RIALTO,-117.37628002,34.12130247
8142561,2016,2016-11-03,3600,2016-08-28,0742,A9578,VC019,7,5,5,3612,0,0,0,NA,0,VC5,CIRCLE RD,7TH ST,0,NA,N,A,-,N,NA,NA,NA,NA,NA,NA,NA,NA,NA,N,4,0,1,2,A,-,00,21451,NA,N,G,B,B,A,H,-,A,D,0,Y,NA,NA,NA,Y,NA,A,08,0,0,1,0,1,0,0,0,0,-,-,NA,NA,SAN BERNARDINO,VICTORVILLE,-117.30443013,34.52454003
8143104,2016,2016-11-01,3608,2016-10-08,0153,3372,NA,6,5,5,3608,0,0,0,NA,0,REDLAN,N ST,E REDLANDS BL,56,N,N,B,-,N,NA,NA,NA,NA,NA,NA,NA,NA,NA,Y,4,0,1,2,A,-,01,23152,A,N,C,E,A,A,H,-,C,D,0,NA,NA,Y,NA,Y,Y,C,02,0,0,1,0,0,0,0,0,1,-,-,NA,NA,SAN BERNARDINO,REDLANDS,NA,NA
81590066,2021,2021-10-07,3607,2021-08-31,0325,20641,214,2,5,6,3607,0,0,0,NA,0,071,HAVEN AV,JURUPA ST,0,NA,Y,A,-,N,NA,NA,NA,NA,NA,NA,NA,NA,NA,Y,3,0,1,1,A,-,08,22107,NA,N,E,I,A,A,H,-,C,A,0,NA,NA,NA,NA,Y,NA,A,01,0,1,0,0,0,0,0,0,0,-,-,NA,NA,SAN BERNARDINO,ONTARIO,-117.57601928710938,34.048160552978516
81590075,2021,2021-10-07,3607,2021-09-23,0857,20343,171,4,5,6,3607,0,0,0,NA,0,042,JURUPA ST,DUPONT AV,0,NA,Y,A,-,N,NA,NA,NA,NA,NA,NA,NA,NA,NA,Y,2,0,1,2,A,-,09,21453,C,N,A,C,A,A,H,-,A,A,0,NA,NA,NA,NA,Y,NA,A,01,1,0,0,0,0,0,0,0,0,-,-,NA,NA,SAN BERNARDINO,ONTARIO,-117.56246185302734,34.0481071472168
81592375,2021,2021-10-11,3609,2021-09-23,1706,01944,155,4,5,5,3609,0,0,0,NA,0,003,MERRILL AVE,CEDAR AVE,286,W,N,A,-,N,NA,NA,NA,NA,NA,NA,NA,NA,NA,Y,3,0,1,1,C,-,18,NA,NA,N,E,I,A,A,H,-,A,D,0,NA,NA,NA,NA,Y,NA,-,-,0,1,0,0,0,0,0,0,0,-,-,34.092281341552734,-117.3962631225586,SAN BERNARDINO,RIALTO,-117.3974609375,34.09223937988281
8159650,2016,2016-11-14,3603,2016-07-11,1539,CL4744,COLTO,1,5,4,3603,0,0,0,NA,0,003,LA CADENA DR,HERT ST,0,NA,Y,A,-,N,NA,NA,NA,NA,NA,NA,NA,NA,NA,N,4,0,1,2,A,-,05,21202,A,N,D,G,A,A,H,-,A,A,0,NA,Y,NA,NA,Y,NA,L,04,0,0,1,0,0,0,1,0,0,-,-,NA,NA,SAN BERNARDINO,COLTON,-117.33009009,34.05465007
81597189,2021,2021-10-15,3607,2021-09-25,0117,20174,30,6,5,6,3607,0,0,0,NA,0,021,GROVE AV,FIFTH ST (N),100,S,N,A,-,N,NA,NA,NA,NA,NA,NA,NA,NA,NA,N,3,0,2,2,A,-,08,22107,NA,N,A,C,A,A,H,-,C,D,0,NA,NA,NA,NA,Y,NA,D,22,0,1,1,0,0,0,0,0,0,-,-,NA,NA,SAN BERNARDINO,ONTARIO,-117.62857055664063,34.08098602294922
8159849,2016,2016-11-08,3603,2016-08-17,2158,CL4782,COLTO,3,5,4,3603,0,0,0,NA,0,001,RANCHO AV,F ST,0,NA,Y,A,-,N,NA,NA,NA,NA,NA,NA,NA,NA,NA,N,3,0,2,3,A,-,00,22950,A,N,G,B,B,A,D,-,C,D,0,Y,NA,NA,NA,Y,NA,A,07,0,2,0,0,2,0,0,0,0,-,-,NA,NA,SAN BERNARDINO,COLTON,-117.33543011,34.07183004
81599851,2021,2021-10-19,3607,2021-10-14,2012,80549,49,4,5,6,3607,0,0,0,NA,0,032,FOURTH ST,CALAVERAS AV,50,W,N,A,-,N,NA,NA,NA,NA,NA,NA,NA,NA,NA,N,3,0,2,3,A,-,11,21954,A,N,G,B,D,A,H,-,C,D,0,Y,NA,NA,NA,Y,NA,N,60,0,2,0,0,2,0,0,0,0,-,-,NA,NA,SAN BERNARDINO,ONTARIO,-117.62698364257813,34.077659606933594
81602079,2021,2021-10-21,3609,2021-10-02,0421,02388,103,6,5,5,3609,0,0,0,NA,0,002,PEPPER AVE,WINCHESTER DR,466,N,N,A,-,Y,NA,NA,NA,NA,NA,NA,NA,NA,NA,Y,3,0,1,1,A,-,01,23152,A,N,E,I,A,A,H,-,C,D,0,NA,NA,NA,NA,Y,Y,A,01,0,1,0,0,0,0,0,0,0,-,-,34.125389099121094,-117.35301208496094,SAN BERNARDINO,RIALTO,-117.3529815673828,34.12664794921875
8160245,2016,2016-11-07,3607,2016-10-19,2251,80527,56,3,5,6,3607,0,0,0,NA,0,011,MOUNTAIN AV,H ST,200,N,N,A,-,N,NA,NA,NA,NA,NA,NA,NA,NA,NA,N,2,0,1,2,A,-,11,21954,A,N,G,B,D,A,H,-,D,D,0,Y,NA,NA,NA,Y,NA,N,60,1,0,0,0,1,0,0,0,0,-,-,NA,NA,SAN BERNARDINO,ONTARIO,-117.67009,34.07292815
81437520,2021,2021-03-29,3607,2021-03-04,0905,80547,NA,4,5,6,3607,0,0,0,NA,0,072,HAVEN AV,PHILADELPHIA ST,0,NA,Y,A,-,N,NA,NA,NA,NA,NA,NA,NA,NA,NA,Y,2,0,2,6,A,-,12,21453,A,N,D,C,A,A,H,-,A,A,0,NA,NA,NA,Y,Y,NA,F,26,1,0,1,0,0,0,0,0,0,-,-,NA,NA,SAN BERNARDINO,ONTARIO,-117.57603454589844,34.03356170654297
8160370,2016,2016-11-08,3609,2016-10-26,0847,2693,230,3,5,5,3609,0,0,0,NA,0,004,RIVERSIDE AV,JURUPA AV,50,N,N,A,-,N,NA,NA,NA,NA,NA,NA,NA,NA,NA,Y,4,0,1,2,A,-,03,22350,NA,N,-,C,A,A,H,-,A,A,0,NA,NA,NA,NA,Y,NA,A,01,0,0,1,0,0,0,0,0,0,-,-,NA,NA,SAN BERNARDINO,RIALTO,-117.36984834,34.04771494
81442359,2021,2021-04-05,3607,2021-03-25,1639,20220,311,4,5,6,3607,0,0,0,NA,0,MILL,ONTARIO MILLS PW,MILLIKEN AV,200,E,N,A,-,N,NA,NA,NA,NA,NA,NA,NA,NA,NA,Y,3,0,2,2,A,-,09,21801,A,N,D,C,A,A,H,-,A,D,0,NA,NA,NA,NA,Y,NA,A,01,0,1,1,0,0,0,0,0,0,-,-,NA,NA,SAN BERNARDINO,ONTARIO,-117.55769348144533,34.06874084472656
81608208,2021,2021-10-28,3609,2021-10-14,0809,01813,93,4,5,5,3609,0,0,0,NA,0,001,BASELINE RD,LINDEN AVE,0,NA,Y,A,-,N,NA,NA,NA,NA,NA,NA,NA,NA,NA,Y,4,0,2,2,A,-,03,22350,NA,N,C,C,A,A,H,-,A,A,0,NA,NA,NA,NA,Y,NA,A,01,0,0,2,0,0,0,0,0,0,-,-,34.12133026123047,-117.40103149414063,SAN BERNARDINO,RIALTO,-117.40097045898438,34.121341705322266
81482641,2021,2021-05-27,3607,2021-05-22,0152,80310,19,6,5,6,3607,0,0,0,NA,0,031,SIXTH ST,VINEYARD AV,0,NA,Y,A,-,N,NA,NA,NA,NA,NA,NA,NA,NA,NA,Y,2,0,8,3,A,-,12,21453,A,N,D,C,A,A,H,-,C,A,0,NA,NA,NA,NA,Y,NA,A,01,1,3,4,0,0,0,0,0,0,-,-,NA,NA,SAN BERNARDINO,ONTARIO,-117.6112060546875,34.08488845825195