CASE_ID,ACCIDENT_YEAR,PROC_DATE,JURIS,COLLISION_DATE,COLLISION_TIME,OFFICER_ID,REPORTING_DISTRICT,DAY_OF_WEEK,CHP_SHIFT,POPULATION,CNTY_CITY_LOC,SPECIAL_COND,BEAT_TYPE,CHP_BEAT_TYPE,CITY_DIVISION_LAPD,CHP_BEAT_CLASS,BEAT_NUMBER,PRIMARY_RD,SECONDARY_RD,DISTANCE,DIRECTION,INTERSECTION,WEATHER_1,WEATHER_2,STATE_HWY_IND,CALTRANS_COUNTY,CALTRANS_DISTRICT,STATE_ROUTE,ROUTE_SUFFIX,POSTMILE_PREFIX,POSTMILE,LOCATION_TYPE,RAMP_INTERSECTION,SIDE_OF_HWY,TOW_AWAY,COLLISION_SEVERITY,NUMBER_KILLED,NUMBER_INJURED,PARTY_COUNT,PRIMARY_COLL_FACTOR,PCF_CODE_OF_VIOL,PCF_VIOL_CATEGORY,PCF_VIOLATION,PCF_VIOL_SUBSECTION,HIT_AND_RUN,TYPE_OF_COLLISION,MVIW,PED_ACTION,ROAD_SURFACE,ROAD_COND_1,ROAD_COND_2,LIGHTING,CONTROL_DEVICE,CHP_ROAD_TYPE,PEDESTRIAN_ACCIDENT,BICYCLE_ACCIDENT,MOTORCYCLE_ACCIDENT,TRUCK_ACCIDENT,NOT_PRIVATE_PROPERTY,ALCOHOL_INVOLVED,STWD_VEHTYPE_AT_FAULT,CHP_VEHTYPE_AT_FAULT,COUNT_SEVERE_INJ,COUNT_VISIBLE_INJ,COUNT_COMPLAINT_PAIN,COUNT_PED_KILLED,COUNT_PED_INJURED,COUNT_BICYCLIST_KILLED,COUNT_BICYCLIST_INJURED,COUNT_MC_KILLED,COUNT_MC_INJURED,PRIMARY_RAMP,SECONDARY_RAMP,LATITUDE,LONGITUDE,COUNTY,CITY,POINT_X,POINT_Y
8173696,2016,2016-11-21,3600,2016-10-28,1824,D3381,VC047,5,5,5,3612,0,0,0,NA,0,VC6,VILLAGE DR,OCEANSIDE DR,0,NA,Y,A,-,N,NA,NA,NA,NA,NA,NA,NA,NA,NA,Y,4,0,1,2,A,-,09,21802,A,F,D,C,A,A,H,-,C,A,0,NA,NA,NA,NA,Y,NA,-,99,0,0,1,0,0,0,0,0,0,-,-,NA,NA,SAN BERNARDINO,VICTORVILLE,-117.32576,34.54338007
81988218,2023,2023-02-07,3607,2023-01-25,445,80508,159,3,5,6,3607,0,0,0,NA,0,051,MISSION BL,PALM AV (S),50,E,N,A,-,N,NA,NA,NA,NA,NA,NA,NA,NA,NA,Y,4,0,1,2,C,-,18,NA,NA,N,C,C,A,A,H,-,C,D,0,NA,NA,NA,NA,Y,NA,-,-,0,0,1,0,0,0,0,0,0,-,-,NA,NA,SAN BERNARDINO,ONTARIO,-117.6533432006836,34.05506896972656
8175066,2016,2017-01-07,3604,2016-11-08,0538,509,NA,2,5,6,3604,0,0,0,NA,0,NA,SAN BERNARDINO AV,POPLAR AV,0,NA,Y,A,-,N,NA,NA,NA,NA,NA,NA,NA,NA,NA,Y,4,0,1,2,A,-,12,22450,A,N,D,C,A,A,H,-,B,A,0,NA,NA,NA,NA,Y,NA,-,-,0,0,1,0,0,0,0,0,0,-,-,NA,NA,SAN BERNARDINO,FONTANA,-117.4624301,34.07750001
81768299,2022,2022-05-10,3607,2022-03-26,1847,20744,46,6,5,6,3607,0,0,0,NA,0,021,FIFTH ST,BERLYN AV,40,E,N,A,-,N,NA,NA,NA,NA,NA,NA,NA,NA,NA,N,4,0,2,2,A,-,21,22106,NA,N,B,C,A,A,H,-,A,D,0,NA,NA,NA,NA,Y,NA,A,01,0,0,2,0,0,0,0,0,0,-,-,NA,NA,SAN BERNARDINO,ONTARIO,-117.63885498046876,34.081581115722656
81793430,2022,2022-06-13,3609,2022-05-20,1251,02306,36,5,5,5,3609,0,0,0,NA,0,001,LINDEN AVE,WILDFLOWER ST,358,N,N,A,-,N,NA,NA,NA,NA,NA,NA,NA,NA,NA,Y,3,0,1,2,A,-,08,22100,A,N,B,C,A,A,H,-,A,D,0,NA,NA,NA,Y,Y,NA,G,26,0,1,0,0,0,0,0,0,0,-,-,34.14485168457031,-117.40106964111328,SAN BERNARDINO,RIALTO,-117.40101623535156,34.14582061767578
8179981,2016,2017-05-03,3600,2016-11-29,1844,F5122,HE301,2,5,5,3619,0,0,0,NA,0,HE3,RT 395,MAIN ST,0,NA,Y,A,-,Y,SBD,8,395,-,R,5.6,H,-,N,Y,4,0,3,4,A,-,01,23153,A,F,C,C,A,A,H,-,C,A,0,NA,NA,NA,NA,Y,Y,A,01,0,0,3,0,0,0,0,0,0,-,-,NA,NA,SAN BERNARDINO,HESPERIA,-117.40006393,34.42652704
8193243,2016,2017-05-03,3600,2016-11-12,0719,C9499,YC403,6,5,4,3640,0,0,0,NA,0,NA,OAK GLEN RD,RT 10,0,NA,Y,A,-,Y,SBD,8,10,-,R,36.858,R,4,E,N,4,0,1,2,A,-,09,21453,B,N,D,C,A,A,H,-,A,A,0,NA,NA,NA,NA,Y,NA,-,NA,0,0,1,0,0,0,0,0,0,-,EF,NA,NA,SAN BERNARDINO,YUCAIPA,-117.09849934,34.01814965
8190333,2016,2016-12-20,3600,2016-11-22,1355,C93992,RC013,2,5,6,3616,0,0,0,NA,0,RC3,VICTORIA PARK LN,ROCHESTER AV,0,E,N,A,-,N,NA,NA,NA,NA,NA,NA,NA,NA,NA,N,3,0,1,1,C,-,18,NA,NA,N,H,A,A,A,H,-,A,A,0,NA,NA,Y,NA,Y,NA,-,-,0,1,0,0,0,0,0,0,1,-,-,NA,NA,SAN BERNARDINO,RANCHO CUCAMONGA,-117.5454201,34.1286001
82005770,2023,2023-03-01,3607,2023-02-21,2133,20847,3607,2,5,6,3607,0,0,0,NA,0,021,E EIGHTH ST,N GROVE AVE,1000,W,N,B,C,N,NA,NA,NA,NA,NA,NA,NA,NA,NA,Y,3,0,1,1,A,-,03,22350,NA,N,F,A,A,B,H,-,D,D,0,NA,NA,NA,NA,Y,NA,A,01,0,1,0,0,0,0,0,0,0,-,-,NA,NA,SAN BERNARDINO,ONTARIO,-117.63187408447266,34.0921745300293
82009580,2023,2023-03-06,3602,2023-01-31,1738,3955,NA,2,5,5,3602,0,0,0,NA,0,001,CENTRAL AVE,SR60,34,N,N,A,-,N,NA,NA,NA,NA,NA,NA,NA,NA,NA,Y,4,0,1,2,A,-,03,22350,NA,N,C,C,A,A,H,-,C,A,0,NA,NA,NA,NA,Y,NA,A,01,0,0,1,0,0,0,0,0,0,-,-,34.030269622802734,-117.68958282470705,SAN BERNARDINO,CHINO,-117.68943786621094,34.030094146728516
82009581,2023,2023-03-06,3602,2023-01-31,2043,4322,3,2,5,5,3602,0,0,0,NA,0,003,HELLMAN AVE,MERRILL AVENUE,20,N,N,A,-,N,NA,NA,NA,NA,NA,NA,NA,NA,NA,Y,4,0,1,2,A,-,09,21801,A,N,D,C,A,A,H,-,D,D,0,NA,NA,NA,NA,Y,NA,A,01,0,0,1,0,0,0,0,0,0,-,-,33.983238220214844,-117.61058044433594,SAN BERNARDINO,CHINO,-117.61055755615234,33.983280181884766
82009587,2023,2023-03-06,3609,2023-02-03,1735,01944,97,5,5,5,3609,0,0,0,NA,0,002,LILAC AVE,VIRGINIA ST,138,N,N,A,-,N,NA,NA,NA,NA,NA,NA,NA,NA,NA,N,4,0,1,2,A,-,09,21804,A,N,D,C,A,A,H,-,A,D,0,NA,NA,NA,NA,Y,NA,A,01,0,0,1,0,0,0,0,0,0,-,-,34.124420166015625,-117.37920379638672,SAN BERNARDINO,RIALTO,-117.37918090820313,34.12474822998047
8200990,2017,2017-03-16,3610,2017-02-22,1236,50569,NA,3,5,6,3610,0,0,0,NA,0,POLICE,EAST HIGHLAND AV,N OSBUN RD,0,NA,Y,A,-,N,NA,NA,NA,NA,NA,NA,NA,NA,NA,Y,4,0,1,2,A,-,09,21801,A,N,D,C,A,A,H,-,A,D,0,NA,NA,NA,NA,Y,NA,A,01,0,0,1,0,0,0,0,0,0,-,-,NA,NA,SAN BERNARDINO,SAN BERNARDINO,-117.24799002,34.1358501
82012191,2023,2023-03-08,3607,2023-02-23,1838,20288,172,4,5,6,3607,0,0,0,NA,0,042,JURUPA ST,MILLIKEN AV,0,NA,Y,C,-,N,NA,NA,NA,NA,NA,NA,NA,NA,NA,Y,4,0,1,2,A,-,12,21453,A,N,D,C,A,B,H,-,C,A,0,NA,NA,NA,Y,Y,NA,F,26,0,0,1,0,0,0,0,0,0,-,-,NA,NA,SAN BERNARDINO,ONTARIO,-117.55838012695313,34.04808807373047
8190638,2016,2017-01-12,3603,2016-10-29,1533,CL4062,COLTO,6,5,4,3603,0,0,0,NA,0,003,AGUA MANSA RD,RANCHO AV,5280,W,N,A,-,N,NA,NA,NA,NA,NA,NA,NA,NA,NA,Y,3,0,1,1,A,-,05,21650,NA,N,F,I,A,A,H,-,A,D,0,NA,NA,Y,NA,Y,NA,C,02,0,1,0,0,0,0,0,0,1,-,-,NA,NA,SAN BERNARDINO,COLTON,-117.33595,34.0539
82021927,2023,2023-03-20,3602,2023-02-20,1631,4190,NA,1,5,5,3602,0,0,0,NA,0,NA,CENTRAL AVE,COLUMBUS ST,0,NA,Y,A,-,N,NA,NA,NA,NA,NA,NA,NA,NA,NA,N,4,0,1,2,A,-,10,21950,A,N,G,B,B,A,H,-,A,D,0,Y,NA,NA,NA,Y,NA,A,01,0,0,1,0,1,0,0,0,0,-,-,34.02809143066406,-117.63944244384766,SAN BERNARDINO,CHINO,-117.6894989013672,34.02813720703125
81909377,2022,2022-11-04,3602,2022-09-14,0640,4242,NA,3,5,5,3602,0,0,0,NA,0,002,OAKS AVE,RIVERSIDE DR,625,S,N,A,-,N,NA,NA,NA,NA,NA,NA,NA,NA,NA,Y,3,0,1,1,A,-,03,22350,NA,N,E,I,A,A,H,-,B,D,0,NA,NA,NA,NA,Y,NA,A,01,0,1,0,0,0,0,0,0,0,-,-,34.01913833618164,-117.67626953125,SAN BERNARDINO,CHINO,-117.67621612548828,34.0174560546875
82028630,2023,2023-03-27,3602,2023-03-09,1816,4116,NA,4,5,5,3602,0,0,0,NA,0,001,PHILADELPHIA ST,MONTE VISTA AVE,100,W,N,A,-,N,NA,NA,NA,NA,NA,NA,NA,NA,NA,Y,3,0,2,2,A,-,11,21954,A,N,G,B,D,A,H,-,B,D,0,Y,NA,Y,NA,Y,Y,N,60,0,2,0,0,1,0,0,0,1,-,-,34.0334587097168,-117.6482162475586,SAN BERNARDINO,CHINO,-117.69847869873048,34.033512115478516
82028923,2023,2023-03-27,3602,2023-03-01,658,4171,CHINO,3,5,5,3602,0,0,0,NA,0,001,RAMONA AVENUE,PHILADELPHIA STREET,23,S,N,C,-,N,NA,NA,NA,NA,NA,NA,NA,NA,NA,N,4,0,1,2,A,-,04,21703,NA,N,C,C,A,B,H,-,A,A,0,NA,NA,NA,Y,Y,NA,F,86,0,0,1,0,0,0,0,0,0,-,-,34.03340148925781,-117.70690155029295,SAN BERNARDINO,CHINO,-117.70690155029295,34.033416748046875
81909497,2022,2022-11-04,3607,2022-10-30,0400,20688,171,7,5,6,3607,0,0,0,NA,0,042,MILLIKEN AV,GUASTI RD,0,NA,Y,A,-,Y,NA,NA,NA,NA,NA,NA,NA,NA,NA,N,4,0,1,2,A,-,12,21453,A,F,C,C,A,A,H,-,C,A,0,NA,NA,NA,NA,Y,NA,D,22,0,0,1,0,0,0,0,0,0,-,-,NA,NA,SAN BERNARDINO,ONTARIO,-117.55828094482422,34.064029693603516
81910833,2022,2022-11-07,3611,2022-08-16,1610,3025,3611,2,5,5,3611,0,0,0,NA,0,003,CAMPUS AVE,EAST 210 FREEWAY OFF-RAMP,175,N,N,A,-,Y,NA,NA,NA,NA,NA,NA,NA,NA,NA,Y,4,0,1,2,A,-,07,21658,A,N,D,C,A,A,H,-,A,D,0,NA,NA,NA,NA,Y,NA,A,01,0,0,1,0,0,0,0,0,0,-,-,NA,NA,SAN BERNARDINO,UPLAND,NA,NA
82039131,2023,2023-04-07,3602,2023-03-24,1556,3051,NA,5,5,5,3602,0,0,0,NA,0,003,EAST PRESERVE LOOP,FLIGHT AVENUE,0,NA,Y,A,-,N,NA,NA,NA,NA,NA,NA,NA,NA,NA,Y,3,0,2,2,A,-,09,21802,A,N,D,C,A,A,H,-,A,A,0,NA,NA,NA,NA,Y,NA,A,01,0,2,0,0,0,0,0,0,0,-,-,33.966529846191406,-117.62003326416016,SAN BERNARDINO,CHINO,-117.6200942993164,33.966514587402344
82040238,2023,2023-04-10,3609,2023-03-22,1752,00976,121,3,5,5,3609,0,0,0,NA,0,001,FOOTHILL BLVD,CEDAR AVE,819,E,N,C,-,Y,NA,NA,NA,NA,NA,NA,NA,NA,NA,Y,4,0,1,2,A,-,08,22107,NA,N,B,C,A,B,E,-,A,D,0,NA,NA,NA,NA,Y,NA,A,01,0,0,1,0,0,0,0,0,0,-,-,34.10676956176758,-117.39656829833984,SAN BERNARDINO,RIALTO,-117.39387512207033,34.10673141479492
8192008,2016,2017-05-01,3603,2016-09-28,1924,CL4727,3603,3,5,4,3603,0,0,0,NA,0,001,RANCHO AV,RT 10,0,NA,Y,A,-,Y,SBD,8,10,-,R,22.089,R,4,E,N,4,0,1,2,A,-,11,21954,A,N,G,B,D,A,H,-,C,A,0,Y,NA,NA,NA,Y,NA,N,60,0,0,1,0,1,0,0,0,0,-,-,NA,NA,SAN BERNARDINO,COLTON,-117.33370959,34.06677813
81922393,2022,2022-11-21,3609,2022-11-09,1110,01323,73,3,5,5,3609,0,0,0,NA,0,001,AYALA DR,I-210 E/B ON RAMP,138,S,N,A,-,N,NA,NA,NA,NA,NA,NA,NA,NA,NA,Y,4,0,1,2,A,-,03,22350,NA,N,C,C,A,A,H,-,A,A,0,NA,NA,NA,NA,Y,NA,A,07,0,0,1,0,0,0,0,0,0,-,-,34.13431167602539,-117.3918685913086,SAN BERNARDINO,RIALTO,-117.39216613769533,34.134578704833984
8192272,2016,2016-12-22,3603,2016-12-05,2144,CL4012,COLTO,1,5,4,3603,0,0,0,NA,0,004,MOUNT VERNON AV,COOLEY DR,528,N,N,A,-,N,NA,NA,NA,NA,NA,NA,NA,NA,NA,Y,2,0,1,1,A,-,05,21650,NA,N,E,I,A,A,H,-,C,D,0,NA,NA,NA,NA,Y,NA,A,01,1,0,0,0,0,0,0,0,0,-,-,NA,NA,SAN BERNARDINO,COLTON,-117.3091,34.05575672
82046158,2023,2023-04-18,3607,2023-04-03,1503,20744,121,1,5,6,3607,0,0,0,NA,0,012,MOUNTAIN AV,VESTA ST,0,NA,Y,A,-,N,NA,NA,NA,NA,NA,NA,NA,NA,NA,Y,4,0,1,1,A,-,08,22107,NA,N,E,I,A,A,H,-,A,D,0,NA,NA,NA,NA,Y,NA,A,01,0,0,1,0,0,0,0,0,0,-,-,NA,NA,SAN BERNARDINO,ONTARIO,-117.67005157470705,34.06511688232422
82046159,2023,2023-04-17,3607,2023-04-04,315,20745,154,2,5,6,3607,0,0,0,NA,0,051,STATE ST,CYPRESS AV,100,E,N,A,-,N,NA,NA,NA,NA,NA,NA,NA,NA,NA,Y,3,0,1,1,A,-,01,23152,A,N,E,I,A,A,H,-,C,D,0,NA,NA,NA,NA,Y,Y,A,01,0,1,0,0,0,0,0,0,0,-,-,NA,NA,SAN BERNARDINO,ONTARIO,-117.66290283203124,34.05997848510742
8204741,2016,2017-02-24,3610,2016-12-08,1614,50761,NA,4,5,6,3610,0,0,0,NA,0,POLICE,NORTH WATERMAN AV,E 6TH ST,0,NA,Y,A,-,N,NA,NA,NA,NA,NA,NA,NA,NA,NA,Y,4,0,2,2,A,-,09,21801,A,N,D,C,A,A,H,-,C,A,0,NA,NA,NA,NA,Y,NA,A,07,0,0,2,0,0,0,0,0,0,-,-,NA,NA,SAN BERNARDINO,SAN BERNARDINO,-117.27877007,34.11023006
81932114,2022,2022-12-02,3609,2022-11-15,1230,01733,1,2,5,5,3609,0,0,0,NA,0,001,RIVERSIDE AVE,REDWOOD AVE,705,N,N,A,-,N,NA,NA,NA,NA,NA,NA,NA,NA,NA,Y,4,0,1,2,A,-,01,23152,A,N,A,C,A,A,H,-,A,D,0,NA,NA,NA,Y,Y,Y,A,01,0,0,1,0,0,0,0,0,0,-,-,34.17441940307617,-117.4294204711914,SAN BERNARDINO,RIALTO,-117.43107604980467,34.17565155029297
8204954,2016,2017-01-11,3610,2016-12-16,0900,51078,NA,5,5,6,3610,0,0,0,NA,0,POLICE,W KENDALL DR,MOUNTAIN DR,83,E,N,B,C,N,NA,NA,NA,NA,NA,NA,NA,NA,NA,Y,3,0,2,2,A,-,09,21801,A,N,D,C,A,B,H,-,A,D,0,NA,NA,NA,NA,Y,NA,A,01,0,1,1,0,0,0,0,0,0,-,-,34.16475,-117.30655,SAN BERNARDINO,SAN BERNARDINO,-117.30673118,34.16479912
8204956,2016,2017-01-11,3610,2016-12-28,1850,NA,NA,3,5,6,3610,0,0,0,NA,0,POLICE,N PINE AV,W IRVINGTON AV,0,NA,Y,A,-,N,NA,NA,NA,NA,NA,NA,NA,NA,NA,Y,4,0,1,2,A,-,12,22450,A,N,D,C,A,A,H,-,C,D,0,NA,NA,NA,NA,Y,NA,A,01,0,0,1,0,0,0,0,0,0,-,-,NA,NA,SAN BERNARDINO,SAN BERNARDINO,-117.3461,34.19042001
82003595,2023,2023-03-13,3607,2023-02-13,528,20745,560,1,5,6,3607,0,0,0,NA,0,082,2748 EAST BIG RANGE ROAD,ARCHIBALD AVENUE,350,E,N,A,-,N,NA,NA,NA,NA,NA,NA,NA,NA,NA,Y,3,0,1,3,A,-,01,23152,A,N,A,E,A,A,H,-,C,D,0,NA,NA,NA,NA,Y,Y,A,01,0,1,0,0,0,0,0,0,0,-,-,NA,NA,SAN BERNARDINO,ONTARIO,-117.5920867919922,34.00690460205078
82052312,2023,2023-04-27,3607,2023-04-16,1407,20349,NA,7,5,6,3607,0,0,0,NA,0,NA,MILLIKEN AV,CONCOURS ST,0,NA,Y,A,-,N,NA,NA,NA,NA,NA,NA,NA,NA,NA,Y,2,0,1,2,A,-,11,21954,A,N,G,B,E,A,H,-,A,A,0,Y,NA,NA,NA,Y,NA,N,60,1,0,0,0,1,0,0,0,0,-,-,NA,NA,SAN BERNARDINO,ONTARIO,-117.55778503417967,34.07460403442383
81937960,2022,2022-12-09,3609,2022-10-31,1212,02306,159,1,5,5,3609,0,0,0,NA,0,004,MERRILL AVE,LILAC AVE,0,NA,Y,A,-,N,NA,NA,NA,NA,NA,NA,NA,NA,NA,Y,4,0,2,4,A,-,12,22450,A,N,C,C,A,A,H,-,A,A,0,NA,NA,NA,Y,Y,NA,A,01,0,0,2,0,0,0,0,0,0,-,-,34.09239959716797,-117.37880706787108,SAN BERNARDINO,RIALTO,-117.37907409667967,34.09226989746094
81940461,2022,2022-12-13,3609,2022-10-22,1518,02088,99,6,5,5,3609,0,0,0,NA,0,002,BASELINE RD,RIVERSIDE AVE,350,W,N,B,-,N,NA,NA,NA,NA,NA,NA,NA,NA,NA,N,4,0,1,2,A,-,08,22107,NA,N,D,C,A,A,H,-,A,D,0,NA,NA,NA,NA,Y,NA,A,01,0,0,1,0,0,0,0,0,0,-,-,34.12137985229492,-117.37035369873048,SAN BERNARDINO,RIALTO,-117.37157440185548,34.1213493347168
82057662,2023,2023-05-02,3607,2023-04-22,1139,80330,670,6,5,6,3607,0,0,0,NA,0,082,ONTARIO RANCH RD,HAVEN AV,460,W,N,A,-,N,NA,NA,NA,NA,NA,NA,NA,NA,NA,Y,4,0,1,1,A,-,08,22107,NA,N,E,I,A,A,H,-,A,A,0,NA,NA,NA,NA,Y,NA,A,01,0,0,1,0,0,0,0,0,0,-,-,NA,NA,SAN BERNARDINO,ONTARIO,-117.57737731933594,34.000648498535156
8194227,2016,2016-12-29,3600,2016-11-06,1316,F7795,VC023,7,5,5,3612,0,0,0,NA,0,VC3.,BEAR VALLEY RD,HESPERIA RD,0,NA,-,A,-,N,NA,NA,NA,NA,NA,NA,NA,NA,NA,N,3,0,1,2,A,-,03,22350,NA,N,C,C,A,A,H,-,A,A,0,NA,NA,Y,NA,Y,NA,C,02,0,1,0,0,0,0,0,0,1,-,-,NA,NA,SAN BERNARDINO,VICTORVILLE,-117.29197014,34.47092003
82064457,2023,2023-05-09,3607,2023-04-20,345,20981,245,4,5,6,3607,0,0,0,NA,0,072,MILLIKEN AV,MISSION BL,300,S,N,A,-,Y,NA,NA,NA,NA,NA,NA,NA,NA,NA,Y,4,0,1,1,A,-,08,22107,NA,N,E,I,A,A,H,-,D,A,0,NA,NA,NA,NA,Y,NA,-,-,0,0,1,0,0,0,0,0,0,-,-,NA,NA,SAN BERNARDINO,ONTARIO,-117.5585708618164,34.03154754638672
82068334,2023,2023-05-15,3602,2023-04-19,1630,4118,NA,3,5,5,3602,0,0,0,NA,0,NA,EUCALYPTUS AVE,YORBA AVE,97,W,N,A,-,N,NA,NA,NA,NA,NA,NA,NA,NA,NA,Y,4,0,1,2,A,-,03,22350,NA,N,C,C,A,A,H,-,A,A,0,NA,NA,NA,NA,Y,NA,A,01,0,0,1,0,0,0,0,0,0,-,-,33.99000930786133,-117.70208740234376,SAN BERNARDINO,CHINO,-117.70240783691406,33.98994064331055
82081964,2023,2023-06-01,3607,2023-05-02,1806,21089,55,2,5,6,3607,0,0,0,NA,0,011,4TH STREET,N BEGONIA AVE,90,W,N,A,-,N,NA,NA,NA,NA,NA,NA,NA,NA,NA,Y,4,0,1,2,A,-,09,21804,A,M,D,C,A,A,H,-,A,D,0,NA,NA,NA,NA,Y,NA,-,-,0,0,1,0,0,0,0,0,0,-,-,NA,NA,SAN BERNARDINO,ONTARIO,-117.6720962524414,34.07786560058594
8196207,2016,2017-01-13,3600,2016-11-04,0920,S3887,VC070,5,5,5,3612,0,0,0,NA,0,004,LUNA RD,TOPAZ RD,0,NA,Y,A,-,N,NA,NA,NA,NA,NA,NA,NA,NA,NA,N,4,0,1,2,A,-,00,21450,NA,F,D,C,A,A,H,-,A,A,0,NA,NA,NA,NA,Y,NA,A,01,0,0,1,0,0,0,0,0,0,-,-,NA,NA,SAN BERNARDINO,VICTORVILLE,-117.38181013,34.49223008
82088765,2023,2023-06-08,3607,2023-05-20,1405,20730,210,6,5,6,3607,0,0,0,NA,0,071,VINEYARD AV,MISSION BL,0,NA,Y,A,-,N,NA,NA,NA,NA,NA,NA,NA,NA,NA,N,3,0,3,2,A,-,12,21453,A,N,D,C,A,A,H,-,A,A,0,NA,NA,NA,NA,Y,NA,A,01,0,2,1,0,0,0,0,0,0,-,-,NA,NA,SAN BERNARDINO,ONTARIO,-117.61095428466795,34.04985427856445
81962594,2022,2023-01-09,3609,2022-12-23,0050,00976,1,5,5,5,3609,0,0,0,NA,0,001,MANGO AVE,CASA GRANDE DR,0,NA,Y,A,-,N,NA,NA,NA,NA,NA,NA,NA,NA,NA,Y,3,0,3,1,A,-,03,22350,NA,N,E,I,A,A,H,-,C,D,0,NA,NA,NA,NA,Y,NA,A,01,0,1,2,0,0,0,0,0,0,-,-,34.15800857543945,-117.4315185546875,SAN BERNARDINO,RIALTO,NA,NA
82093160,2023,2023-06-14,3607,2023-05-29,1316,20304,79,1,5,6,3607,0,0,0,NA,0,MILL,FOURTH ST,GURNEE AV,246,W,N,B,-,N,NA,NA,NA,NA,NA,NA,NA,NA,NA,Y,3,0,2,2,A,-,09,21804,A,N,D,C,A,A,H,-,A,D,0,NA,NA,NA,NA,Y,NA,A,01,0,2,0,0,0,0,0,0,0,-,-,NA,NA,SAN BERNARDINO,ONTARIO,-117.55623626708984,34.07719039916992
81975330,2022,2023-01-24,3607,2022-12-31,1252,20000,410,6,5,6,3607,0,0,0,NA,0,062,RIVERSIDE DR,CUCAMONGA AV,0,NA,Y,C,-,N,NA,NA,NA,NA,NA,NA,NA,NA,NA,N,4,0,1,2,A,-,09,21802,B,N,D,G,A,B,H,-,A,D,0,NA,Y,NA,NA,Y,NA,L,04,0,0,1,0,0,0,1,0,0,-,-,NA,NA,SAN BERNARDINO,ONTARIO,-117.6326904296875,34.01945114135742
8198659,2016,2017-01-09,3602,2016-07-23,1516,3427,NA,6,5,5,3602,0,0,0,NA,0,NA,MONTE VISTA AV,PHILADELPHIA ST,22,S,N,A,-,N,NA,NA,NA,NA,NA,NA,NA,NA,NA,N,4,0,1,2,A,-,03,22350,NA,M,C,C,A,A,H,-,A,A,0,NA,NA,NA,NA,Y,NA,-,99,0,0,1,0,0,0,0,0,0,-,-,NA,NA,SAN BERNARDINO,CHINO,-117.69815075,34.03345971
82116574,2023,2023-07-14,3607,2023-06-19,554,19809,62,1,5,6,3607,0,0,0,NA,0,021,EUCLID AV,GRANADA CT (E),35,N,N,B,-,N,NA,NA,NA,NA,NA,NA,NA,NA,NA,Y,2,0,1,2,A,-,09,21802,A,F,D,C,A,A,H,-,A,A,0,NA,NA,Y,NA,Y,NA,A,01,1,0,0,0,0,0,0,0,1,-,-,NA,NA,SAN BERNARDINO,ONTARIO,-117.65122222900392,34.073524475097656
82117672,2023,2023-07-17,3602,2023-07-01,806,4110,NA,6,5,5,3602,0,0,0,NA,0,001,MONTE VISTA AVE,EDISON AVE,0,NA,Y,A,-,N,NA,NA,NA,NA,NA,NA,NA,NA,NA,Y,2,0,4,3,A,-,12,21453,A,N,D,C,A,A,H,-,A,A,0,NA,NA,Y,NA,Y,NA,C,02,1,3,0,0,0,0,0,0,1,-,-,33.99723815917969,-117.69786834716795,SAN BERNARDINO,CHINO,-117.6977996826172,33.997249603271484
81986865,2023,2023-02-06,3602,2023-01-04,743,3978,NA,3,5,5,3602,0,0,0,NA,0,002,WALNUT AVE,BENSON AVE,0,NA,Y,B,-,N,NA,NA,NA,NA,NA,NA,NA,NA,NA,Y,3,0,1,2,A,-,00,21960,A,N,G,B,B,A,H,-,A,A,0,Y,NA,NA,NA,Y,NA,D,22,0,1,0,0,1,0,0,0,0,-,-,34.026371002197266,-117.68084716796876,SAN BERNARDINO,CHINO,-117.68067169189452,34.02631759643555
8199325,2016,2017-01-03,3608,2016-12-15,0811,2898,NA,4,5,5,3608,0,0,0,NA,0,NA,SAN BERNARDINO AV,TEXAS ST,0,NA,Y,A,-,N,NA,NA,NA,NA,NA,NA,NA,NA,NA,N,4,0,1,2,A,-,03,22350,NA,N,C,C,A,A,H,-,A,A,0,NA,NA,NA,NA,Y,NA,A,01,0,0,1,0,0,0,0,0,0,-,-,NA,NA,SAN BERNARDINO,REDLANDS,-117.19113012,34.07732008
82136734,2023,2023-08-07,3607,2023-07-29,1904,80505,223,6,5,6,3607,0,0,0,NA,0,052,MOUNTAIN AV,PHILADELPHIA ST,200,S,N,A,-,N,NA,NA,NA,NA,NA,NA,NA,NA,NA,Y,3,0,1,2,A,-,09,21801,A,N,D,C,A,A,H,-,A,D,0,NA,NA,Y,NA,Y,NA,A,01,0,1,0,0,0,0,0,0,1,-,-,NA,NA,SAN BERNARDINO,ONTARIO,-117.66869354248048,34.03322982788086
82136913,2023,2023-08-07,3602,2023-07-18,1308,4066,49,2,5,5,3602,0,0,0,NA,0,002,CENTRAL AVE,WASHINGTON AVE,1,E,N,A,-,N,NA,NA,NA,NA,NA,NA,NA,NA,NA,N,4,0,1,2,A,-,05,21202,A,N,H,G,A,A,H,-,A,A,0,NA,Y,NA,NA,Y,NA,L,04,0,0,1,0,0,0,1,0,0,-,-,34.02561950683594,-117.68937683105467,SAN BERNARDINO,CHINO,-117.6894302368164,34.02206039428711
82141431,2023,2023-08-15,3607,2023-08-03,219,80546,131,4,5,6,3607,0,0,0,NA,0,022,HOLT BL,GROVE AV,0,NA,Y,A,-,N,NA,NA,NA,NA,NA,NA,NA,NA,NA,Y,2,0,1,2,A,-,01,23153,A,N,D,C,A,A,H,-,C,A,0,NA,NA,NA,NA,Y,Y,A,01,1,0,0,0,0,0,0,0,0,-,-,NA,NA,SAN BERNARDINO,ONTARIO,-117.62850189208984,34.06341552734375