CASE_ID,ACCIDENT_YEAR,PROC_DATE,JURIS,COLLISION_DATE,COLLISION_TIME,OFFICER_ID,REPORTING_DISTRICT,DAY_OF_WEEK,CHP_SHIFT,POPULATION,CNTY_CITY_LOC,SPECIAL_COND,BEAT_TYPE,CHP_BEAT_TYPE,CITY_DIVISION_LAPD,CHP_BEAT_CLASS,BEAT_NUMBER,PRIMARY_RD,SECONDARY_RD,DISTANCE,DIRECTION,INTERSECTION,WEATHER_1,WEATHER_2,STATE_HWY_IND,CALTRANS_COUNTY,CALTRANS_DISTRICT,STATE_ROUTE,ROUTE_SUFFIX,POSTMILE_PREFIX,POSTMILE,LOCATION_TYPE,RAMP_INTERSECTION,SIDE_OF_HWY,TOW_AWAY,COLLISION_SEVERITY,NUMBER_KILLED,NUMBER_INJURED,PARTY_COUNT,PRIMARY_COLL_FACTOR,PCF_CODE_OF_VIOL,PCF_VIOL_CATEGORY,PCF_VIOLATION,PCF_VIOL_SUBSECTION,HIT_AND_RUN,TYPE_OF_COLLISION,MVIW,PED_ACTION,ROAD_SURFACE,ROAD_COND_1,ROAD_COND_2,LIGHTING,CONTROL_DEVICE,CHP_ROAD_TYPE,PEDESTRIAN_ACCIDENT,BICYCLE_ACCIDENT,MOTORCYCLE_ACCIDENT,TRUCK_ACCIDENT,NOT_PRIVATE_PROPERTY,ALCOHOL_INVOLVED,STWD_VEHTYPE_AT_FAULT,CHP_VEHTYPE_AT_FAULT,COUNT_SEVERE_INJ,COUNT_VISIBLE_INJ,COUNT_COMPLAINT_PAIN,COUNT_PED_KILLED,COUNT_PED_INJURED,COUNT_BICYCLIST_KILLED,COUNT_BICYCLIST_INJURED,COUNT_MC_KILLED,COUNT_MC_INJURED,PRIMARY_RAMP,SECONDARY_RAMP,LATITUDE,LONGITUDE,COUNTY,CITY,POINT_X,POINT_Y
84870842,2025,2025-10-03,3609,2025-09-09,914,01813,NA,2,5,5,3609,0,0,0,NA,0,001,LINDEN AVE,RENAISSANCE PKWY,0,NA,Y,A,-,N,NA,NA,NA,NA,NA,NA,NA,NA,NA,Y,4,0,1,2,A,-,09,21804,A,N,D,C,A,A,H,-,A,A,0,NA,NA,NA,NA,Y,NA,A,01,0,0,1,0,0,0,0,0,0,-,-,NA,NA,SAN BERNARDINO,RIALTO,-117.40103149414063,34.13547134399414
84878722,2025,2025-10-09,3604,2025-10-07,1545,768,NA,2,5,6,3604,0,0,0,NA,0,NA,CITRUS AVE,BARBEE AVE,0,N,-,A,-,N,NA,NA,NA,NA,NA,NA,NA,NA,NA,Y,2,0,1,2,A,-,09,21802,A,N,D,C,A,A,H,-,A,A,0,NA,NA,Y,NA,Y,NA,A,01,1,0,0,0,0,0,0,0,1,-,-,NA,NA,SAN BERNARDINO,FONTANA,-117.45360565185548,34.109046936035156
84880503,2025,2025-10-10,3604,2025-10-02,815,1395,NA,4,5,6,3604,0,0,0,NA,0,NA,VALLEY BLVD,CITRUS AVE,140,W,-,A,-,N,NA,NA,NA,NA,NA,NA,NA,NA,NA,Y,3,0,3,3,A,-,17,21461,A,N,D,C,A,A,H,-,A,A,0,NA,NA,NA,NA,Y,NA,A,01,0,1,2,0,0,0,0,0,0,-,-,NA,NA,SAN BERNARDINO,FONTANA,-117.45423126220705,34.0703125
8488177,2017,2017-12-01,3602,2017-10-12,1834,3172,NA,4,5,5,3602,0,0,0,NA,0,005,KIMBALL AV,FLIGHT AV,0,NA,Y,A,-,N,NA,NA,NA,NA,NA,NA,NA,NA,NA,Y,3,0,1,2,A,-,09,21802,A,N,D,C,A,A,H,-,C,D,0,NA,NA,NA,NA,Y,NA,A,01,0,1,0,0,0,0,0,0,0,-,-,NA,NA,SAN BERNARDINO,CHINO,-117.61914009,33.96871001
8488185,2017,2017-12-01,3602,2017-10-19,1600,3805,NA,4,5,5,3602,0,0,0,NA,0,001,CENTRAL AV,PHILADELPHIA ST,345,S,N,A,-,N,NA,NA,NA,NA,NA,NA,NA,NA,NA,Y,4,0,1,2,A,-,08,22107,NA,N,D,C,A,A,H,-,A,D,0,NA,NA,NA,NA,Y,NA,A,01,0,0,1,0,0,0,0,0,0,-,-,NA,NA,SAN BERNARDINO,CHINO,-117.68954519,34.03261466
84890513,2025,2025-10-17,3609,2025-09-14,728,02397,NA,7,5,5,3609,0,0,0,NA,0,001,FOOTHILL BLVD,CEDAR AVE,615,E,N,A,-,N,NA,NA,NA,NA,NA,NA,NA,NA,NA,Y,3,0,2,2,A,-,08,22107,NA,N,D,C,A,A,H,-,A,D,0,NA,NA,NA,NA,Y,NA,A,08,0,2,0,0,0,0,0,0,0,-,-,34.10675048828125,-117.39640808105467,SAN BERNARDINO,RIALTO,-117.39454650878906,34.10673141479492
84890522,2025,2025-10-17,3609,2025-09-30,654,01323,NA,2,5,5,3609,0,0,0,NA,0,004,RIVERSIDE AVE,INDUSTRIAL DR (S),0,NA,Y,A,-,N,NA,NA,NA,NA,NA,NA,NA,NA,NA,Y,3,0,3,2,A,-,12,21453,A,N,D,C,A,A,H,-,A,A,0,NA,NA,NA,Y,Y,NA,I,11,0,1,2,0,0,0,0,0,0,-,-,34.04235076904297,-117.36784362792967,SAN BERNARDINO,RIALTO,-117.3702392578125,34.05119323730469
84890525,2025,2025-10-17,3609,2025-10-03,1628,02698,NA,5,5,5,3609,0,0,0,NA,0,001,LINDEN AVE,PERSIMMON AVE (S),52,N,N,A,-,N,NA,NA,NA,NA,NA,NA,NA,NA,NA,Y,3,0,1,2,A,-,21,22106,NA,N,B,C,A,A,H,-,A,A,0,NA,NA,NA,NA,Y,NA,A,01,0,1,0,0,0,0,0,0,0,-,-,34.14904022216797,-117.4010009765625,SAN BERNARDINO,RIALTO,-117.4010009765625,34.14916229248047
8489073,2017,2017-12-01,3610,2017-10-07,1735,51054,NA,6,5,6,3610,0,0,0,NA,0,BAKER,NORTH D ST,WEST 23RD ST,0,NA,Y,A,-,N,NA,NA,NA,NA,NA,NA,NA,NA,NA,Y,4,0,1,2,A,-,09,21801,B,N,D,C,A,A,H,-,A,D,0,NA,NA,NA,NA,Y,NA,A,01,0,0,1,0,0,0,0,0,0,-,-,34.13702,-117.29191,SAN BERNARDINO,SAN BERNARDINO,-117.29192006,34.13702003
8489097,2017,2017-12-29,3610,2017-10-10,1826,51048,NA,2,5,6,3610,0,0,0,NA,0,DAVID,SOUTH TIPPECANOE AV,EAST HARDT ST,0,NA,Y,A,-,N,NA,NA,NA,NA,NA,NA,NA,NA,NA,Y,3,0,2,2,A,-,08,22107,NA,N,D,C,A,A,H,-,C,D,0,NA,NA,NA,NA,Y,NA,A,01,0,1,1,0,0,0,0,0,0,-,-,34.06899,-117.2612,SAN BERNARDINO,SAN BERNARDINO,-117.26064005,34.07228002
84897026,2025,2025-10-22,3609,2025-09-20,251,02787,NA,6,5,5,3609,0,0,0,NA,0,001,RIVERSIDE AVE,ASHFORD AVE,295,S,N,A,-,N,NA,NA,NA,NA,NA,NA,NA,NA,NA,Y,2,0,1,2,A,-,01,23152,A,N,A,D,A,A,H,-,C,A,0,NA,NA,NA,NA,Y,Y,A,01,1,0,0,0,0,0,0,0,0,-,-,34.157711029052734,-117.40203094482422,SAN BERNARDINO,RIALTO,-117.40115356445313,34.1572151184082
84899744,2025,2025-10-23,3600,2025-10-05,1930,G6922,NA,7,5,6,3616,0,0,0,NA,0,006,ROCHESTER AV,CHERVIL ST,0,NA,-,A,-,N,NA,NA,NA,NA,NA,NA,NA,NA,NA,Y,4,0,1,1,A,-,01,23152,A,N,E,I,A,A,H,-,C,A,0,NA,NA,NA,NA,Y,NA,A,07,0,0,1,0,0,0,0,0,0,-,-,NA,NA,SAN BERNARDINO,RANCHO CUCAMONGA,-117.54558563232422,34.108009338378906
84902115,2025,2025-10-27,3609,2025-10-05,1739,02398,NA,7,5,5,3609,0,0,0,NA,0,001,ALDER AVE,BUENA VISTA DR,0,NA,Y,A,-,N,NA,NA,NA,NA,NA,NA,NA,NA,NA,Y,4,0,2,2,A,-,03,22350,NA,N,D,C,A,A,H,-,A,A,0,NA,NA,NA,NA,Y,NA,A,01,0,0,2,0,0,0,0,0,0,-,-,34.16130828857422,-117.41877746582033,SAN BERNARDINO,RIALTO,-117.41855621337892,34.16090393066406
84902137,2025,2025-10-27,3609,2025-10-11,146,02787,NA,6,5,5,3609,0,0,0,NA,0,001,STONEHURST DR,ALDER AVE,0,NA,Y,A,-,N,NA,NA,NA,NA,NA,NA,NA,NA,NA,Y,2,0,1,1,A,-,01,23152,A,N,E,I,A,A,H,-,D,D,0,NA,NA,NA,NA,Y,Y,A,01,1,0,0,0,0,0,0,0,0,-,-,34.143768310546875,-117.41866302490234,SAN BERNARDINO,RIALTO,-117.41854095458984,34.14392852783203
8490225,2017,2018-01-22,3600,2017-10-25,1606,F8551,HE407,3,5,5,3619,0,0,0,NA,0,HE4,I AV,BUCKTHORN AV,0,NA,Y,A,-,N,NA,NA,NA,NA,NA,NA,NA,NA,NA,Y,3,0,2,2,A,-,03,22350,NA,N,C,C,A,A,H,-,A,A,0,NA,NA,NA,NA,Y,NA,A,01,0,2,0,0,0,0,0,0,0,-,-,NA,NA,SAN BERNARDINO,HESPERIA,-117.28577002,34.40468002
84902678,2025,2025-10-27,3609,2025-10-07,1654,02193,NA,2,5,5,3609,0,0,0,NA,0,003,MERRILL AVE,LINDEN AVE,0,NA,Y,A,-,N,NA,NA,NA,NA,NA,NA,NA,NA,NA,Y,3,0,2,2,A,-,09,21801,A,N,D,C,A,A,H,-,A,A,0,NA,NA,NA,NA,Y,NA,A,01,0,1,1,0,0,0,0,0,0,-,-,34.092220306396484,-117.40090942382813,SAN BERNARDINO,RIALTO,-117.40087127685548,34.09224319458008
8490757,2017,2017-11-29,3600,2017-10-20,0714,G9238,HE413,5,5,5,3619,0,0,0,NA,0,HE4,DANBURY AV,I AV,0,NA,Y,A,-,N,NA,NA,NA,NA,NA,NA,NA,NA,NA,Y,3,0,1,2,A,-,09,21802,A,N,B,C,A,A,H,-,A,A,0,NA,NA,NA,NA,Y,NA,-,NA,0,1,0,0,0,0,0,0,0,-,-,NA,NA,SAN BERNARDINO,HESPERIA,-117.28122007,34.40016008
84918289,2025,2025-11-10,3611,2025-09-19,1157,3379,NA,5,5,5,3611,0,0,0,NA,0,004,A ST,2ND AVE,65,E,N,A,-,N,NA,NA,NA,NA,NA,NA,NA,NA,NA,Y,3,0,1,2,A,-,01,23152,A,N,C,E,A,A,H,-,A,D,0,NA,NA,NA,NA,Y,Y,A,07,0,1,0,0,0,0,0,0,0,-,-,34.09490966796875,-117.6483917236328,SAN BERNARDINO,UPLAND,-117.64818572998048,34.09475326538086
84920134,2025,2025-11-11,3602,2025-10-12,640,4513,NA,7,5,9,3600,0,0,0,NA,0,NA,CHINO AVE,EAST END AVE,0,NA,Y,A,-,N,NA,NA,NA,NA,NA,NA,NA,NA,NA,Y,3,0,3,2,A,-,12,21453,A,N,D,D,A,A,H,-,C,A,0,NA,NA,NA,NA,Y,NA,A,01,0,3,0,0,0,0,0,0,0,-,-,34.01152038574219,-117.72422027587892,SAN BERNARDINO,UNINCORPORATED,-117.72410583496094,34.011592864990234
8492868,2017,2018-06-08,3604,2017-10-01,0459,509,NA,7,5,6,3604,0,0,0,NA,0,NA,RT 66,HEMLOCK AV,430,E,N,A,-,N,NA,NA,NA,NA,NA,NA,NA,NA,NA,N,2,0,1,2,A,-,11,21956,A,F,G,B,E,A,H,-,C,D,0,Y,NA,NA,NA,Y,NA,N,60,1,0,0,0,1,0,0,0,0,-,-,NA,NA,SAN BERNARDINO,FONTANA,-117.47427464,34.10650131
84929082,2025,2025-11-14,3611,2025-10-13,1616,3417,NA,1,5,5,3611,0,0,0,NA,0,001,FOOTHILL BLVD,REDDING WAY,298,E,N,A,-,N,NA,NA,NA,NA,NA,NA,NA,NA,NA,N,3,0,1,2,A,-,03,22350,NA,N,C,C,A,A,H,-,A,A,0,NA,NA,NA,NA,Y,NA,A,01,0,1,0,0,0,0,0,0,0,-,-,34.10702133178711,-117.65608978271484,SAN BERNARDINO,UPLAND,-117.65509796142578,34.10704040527344
84934628,2025,2025-11-18,3604,2025-11-08,2012,1396,NA,6,5,6,3604,0,0,0,NA,0,003,ARROW BLVD,CYPRESS AVE,0,NA,-,A,-,N,NA,NA,NA,NA,NA,NA,NA,NA,NA,N,3,0,1,2,A,-,12,21453,A,M,D,C,A,A,H,-,C,A,0,NA,NA,NA,NA,Y,NA,A,01,0,1,0,0,0,0,0,0,0,-,-,NA,NA,SAN BERNARDINO,FONTANA,-117.44448852539063,34.099327087402344
8493734,2017,2017-12-12,3610,2017-11-18,1859,3972,SBO,6,5,6,3610,0,0,0,NA,0,NA,NORTHPARK BL,LITTLE MOUNTAIN DR,0,NA,Y,A,-,N,NA,NA,NA,NA,NA,NA,NA,NA,NA,Y,3,0,1,2,A,-,09,21801,A,N,A,C,A,A,H,-,C,A,0,NA,NA,NA,NA,Y,NA,A,01,0,1,0,0,0,0,0,0,0,-,-,34.17897,-117.31394,SAN BERNARDINO,SAN BERNARDINO,-117.31395001,34.17909003
84938528,2025,2025-11-20,3604,2025-11-15,229,1523,NA,6,5,6,3604,0,0,0,NA,0,001,CASA GRANDE AVE,MANGO AVE,35,W,-,C,-,N,NA,NA,NA,NA,NA,NA,NA,NA,NA,Y,4,0,1,1,A,-,03,22350,NA,N,E,I,A,B,H,-,C,D,0,NA,NA,NA,NA,Y,NA,D,22,0,0,1,0,0,0,0,0,0,-,-,NA,NA,SAN BERNARDINO,FONTANA,NA,NA
84951319,2025,2025-12-01,3602,2025-11-11,1348,3368,NA,2,5,5,3602,0,0,0,NA,0,002,WALNUT AVENUE (5700 BLOCK),HOLLY STREET,24,W,N,A,B,N,NA,NA,NA,NA,NA,NA,NA,NA,NA,Y,3,0,1,3,A,-,03,22350,NA,N,C,C,A,A,H,-,A,D,0,NA,NA,NA,NA,Y,NA,A,07,0,1,0,0,0,0,0,0,0,-,-,34.02634048461914,-117.62851715087892,SAN BERNARDINO,CHINO,-117.67858123779295,34.02634048461914
8495371,2017,2017-12-01,3600,2017-10-27,0712,F3075,LL008,5,5,3,3615,0,0,0,NA,0,LL2,EVANS ST,STEWART ST,0,NA,Y,A,-,N,NA,NA,NA,NA,NA,NA,NA,NA,NA,N,4,0,1,2,A,-,10,21950,A,N,C,B,B,A,H,-,A,A,0,Y,NA,NA,NA,Y,NA,A,01,0,0,1,0,1,0,0,0,0,-,-,NA,NA,SAN BERNARDINO,LOMA LINDA,-117.26743001,34.05386002
84960353,2025,2025-12-08,3609,2025-11-21,950,01813,NA,5,5,5,3609,0,0,0,NA,0,002,EASTON ST,ALICE AVE (E),226,E,N,B,-,N,NA,NA,NA,NA,NA,NA,NA,NA,NA,Y,3,0,1,2,A,-,03,22350,NA,N,F,E,A,B,H,-,A,D,0,NA,NA,NA,NA,Y,NA,A,01,0,1,0,0,0,0,0,0,0,-,-,34.13410949707031,-117.37303924560548,SAN BERNARDINO,RIALTO,-117.37295532226563,34.134063720703125
8496240,2017,2018-01-03,3605,2017-11-02,0844,318,NA,4,5,4,3605,0,0,0,NA,0,NA,HOLT BL,RAMONA AV,0,E,N,A,-,N,NA,NA,NA,NA,NA,NA,NA,NA,NA,N,4,0,1,2,A,-,03,22350,NA,N,C,C,A,A,H,-,A,A,0,NA,NA,NA,NA,Y,NA,D,22,0,0,1,0,0,0,0,0,0,-,-,NA,NA,SAN BERNARDINO,MONTCLAIR,-117.70706011,34.06324005
84963141,2025,2025-12-09,3609,2025-11-26,919,02803,NA,3,5,5,3609,0,0,0,NA,0,001,FOOTHILL BLVD,SHOPPING CTR,0,NA,Y,A,-,N,NA,NA,NA,NA,NA,NA,NA,NA,NA,Y,4,0,2,2,A,-,09,21453,C,N,D,C,A,A,H,-,A,A,0,NA,NA,NA,NA,Y,NA,A,07,0,0,2,0,0,0,0,0,0,-,-,34.10676956176758,-117.39874267578124,SAN BERNARDINO,RIALTO,NA,NA
84964934,2025,2025-12-10,3609,2025-11-01,450,02647,NA,6,5,5,3609,0,0,0,NA,0,001,ETIWANDA AVE,IDYLLWILD AVE,222,W,N,A,-,N,NA,NA,NA,NA,NA,NA,NA,NA,NA,Y,4,0,1,4,A,-,05,21650,NA,N,A,E,A,A,H,-,C,D,0,NA,NA,NA,NA,Y,NA,A,01,0,0,1,0,0,0,0,0,0,-,-,34.11408996582031,-117.3861083984375,SAN BERNARDINO,RIALTO,-117.38680267333984,34.11402893066406
84968941,2025,2025-12-12,3604,2025-12-10,1315,1395,NA,3,5,6,3604,0,0,0,NA,0,NA,CITRUS AVE,WALNUT AVE,40,N,-,A,-,N,NA,NA,NA,NA,NA,NA,NA,NA,NA,Y,3,0,2,1,A,-,08,22107,NA,N,E,I,A,A,H,-,A,A,0,NA,NA,NA,NA,Y,NA,A,07,0,2,0,0,0,0,0,0,0,-,-,NA,NA,SAN BERNARDINO,FONTANA,-117.45362854003906,34.128719329833984
84968956,2025,2025-12-12,3600,2025-11-19,1007,C8643,NA,3,5,6,3616,0,0,0,NA,0,005,HAVEN AVE,CHURCH STREET,0,NA,-,A,-,N,NA,NA,NA,NA,NA,NA,NA,NA,NA,Y,4,0,1,2,A,-,12,21453,A,N,D,C,A,A,H,-,A,A,0,NA,NA,NA,NA,Y,NA,-,-,0,0,1,0,0,0,0,0,0,-,-,NA,NA,SAN BERNARDINO,RANCHO CUCAMONGA,-117.57598876953124,34.114078521728516
84969013,2025,2025-12-12,3602,2025-11-19,750,2798,NA,3,5,5,3602,0,0,0,NA,0,002,RIVERSIDE DRIVE (6300 BLOCK),MOUNTAIN AVENUE,409,E,N,A,-,N,NA,NA,NA,NA,NA,NA,NA,NA,NA,Y,3,0,2,2,A,-,09,21804,A,N,D,C,A,A,H,-,A,B,0,NA,NA,NA,NA,Y,NA,I,11,0,2,0,0,0,0,0,0,0,-,-,34.019229888916016,-117.66609191894533,SAN BERNARDINO,CHINO,-117.66620635986328,34.01921844482422
84971073,2025,2025-12-15,3611,2025-11-01,1137,3575,NA,6,5,5,3611,0,0,0,NA,0,001,EUCLID AVE,17TH ST,0,NA,Y,A,-,N,NA,NA,NA,NA,NA,NA,NA,NA,NA,Y,3,0,2,2,A,-,09,21802,A,N,D,C,A,A,H,-,A,A,0,NA,NA,NA,NA,Y,NA,D,22,0,2,0,0,0,0,0,0,0,-,-,34.1250114440918,-117.65119934082033,SAN BERNARDINO,UPLAND,-117.6514129638672,34.12518310546875
8497438,2017,2017-12-27,3609,2017-11-27,1019,4247,77,1,5,5,3609,0,0,0,NA,0,002,WALNUT AV,WILLOW AV,25,E,N,A,-,N,NA,NA,NA,NA,NA,NA,NA,NA,NA,N,4,0,1,2,A,-,03,22350,NA,N,C,C,A,A,H,-,A,A,0,NA,NA,NA,NA,Y,NA,-,NA,0,0,1,0,0,0,0,0,0,-,-,34.12867,-117.37465,SAN BERNARDINO,RIALTO,-117.37473764,34.12862091
8497531,2017,2017-11-29,3605,2017-10-13,0557,361,NA,5,5,4,3605,0,0,0,NA,0,NA,CENTRAL AV,COSTCO DR,0,NA,Y,A,-,N,NA,NA,NA,NA,NA,NA,NA,NA,NA,N,4,0,1,2,A,-,09,21801,A,N,D,C,A,A,H,-,C,A,0,NA,NA,NA,NA,Y,NA,A,01,0,0,1,0,0,0,0,0,0,-,-,NA,NA,SAN BERNARDINO,MONTCLAIR,-117.68963993,34.08359818
84976876,2025,2025-12-18,3611,2025-10-31,1827,3624,NA,5,5,5,3611,0,0,0,NA,0,003,19TH ST,PALM WAY,41,W,N,A,-,N,NA,NA,NA,NA,NA,NA,NA,NA,NA,N,3,0,1,2,A,-,11,21954,A,N,G,B,D,A,H,-,B,D,0,Y,NA,NA,NA,Y,NA,N,60,0,1,0,0,1,0,0,0,0,-,-,34.13254165649414,-117.65457916259766,SAN BERNARDINO,UPLAND,-117.65460205078124,34.13241958618164
8497706,2017,2017-12-08,3605,2017-11-04,1356,400,NA,6,5,4,3605,0,0,0,NA,0,NA,HOLT BL,BENSON AV,0,NA,Y,A,-,N,NA,NA,NA,NA,NA,NA,NA,NA,NA,Y,4,0,2,3,A,-,09,21801,A,N,D,C,A,A,H,-,A,A,0,NA,NA,NA,NA,Y,NA,A,08,0,0,2,0,0,0,0,0,0,-,-,NA,NA,SAN BERNARDINO,MONTCLAIR,-117.68082008,34.06329005
84978523,2025,2025-12-19,3602,2025-12-02,1204,2798,NA,2,5,5,3602,0,0,0,NA,0,003,MARKET ST,MAIN STREET,148,E,N,A,-,N,NA,NA,NA,NA,NA,NA,NA,NA,NA,Y,3,0,2,2,A,-,09,21804,A,N,D,C,A,A,H,-,A,D,0,NA,NA,NA,NA,Y,NA,A,07,0,2,0,0,0,0,0,0,0,-,-,NA,NA,SAN BERNARDINO,CHINO,-118.79461669921876,34.41426467895508
84980152,2025,2025-12-22,3602,2025-12-01,1530,4625,NA,1,5,5,3602,0,0,0,NA,0,001,PIPELINE AVENUE (S),EUCALYPTUS AVENUE (S),0,NA,Y,A,-,N,NA,NA,NA,NA,NA,NA,NA,NA,NA,N,4,0,1,2,A,-,05,21650,1,N,D,G,A,A,H,-,A,A,0,NA,Y,NA,NA,Y,NA,M,91,0,0,1,0,0,0,1,0,0,-,-,33.989349365234375,-117.71613311767578,SAN BERNARDINO,CHINO,-117.7160873413086,33.98942565917969
84980589,2025,2025-12-22,3611,2025-10-28,1600,3024,NA,2,5,5,3611,0,0,0,NA,0,003,16TH ST,1ST AVE,0,NA,Y,A,-,N,NA,NA,NA,NA,NA,NA,NA,NA,NA,Y,2,0,2,2,A,-,08,22107,NA,N,D,C,A,A,H,-,A,D,0,NA,NA,Y,NA,Y,NA,A,07,1,1,0,0,0,0,0,0,1,-,-,34.12158966064453,-117.6497802734375,SAN BERNARDINO,UPLAND,-117.64974212646484,34.12155532836914
84982867,2025,2025-12-23,3604,2025-12-19,1729,1396,NA,5,5,6,3604,0,0,0,NA,0,004,SLOVER AVE,SIERRA AVE,529,E,-,A,-,N,NA,NA,NA,NA,NA,NA,NA,NA,NA,Y,3,0,2,2,A,-,03,22350,NA,N,C,C,A,A,H,-,C,D,0,NA,NA,NA,NA,Y,NA,A,01,0,2,0,0,0,0,0,0,0,-,-,NA,NA,SAN BERNARDINO,FONTANA,-117.43399047851563,34.0631103515625
84982871,2025,2025-12-23,3604,2025-12-21,1358,1496,NA,7,5,6,3604,0,0,0,NA,0,003,RANDALL AVE,CITRUS AVE,25,E,-,A,-,N,NA,NA,NA,NA,NA,NA,NA,NA,NA,N,4,0,1,2,A,-,03,22350,NA,N,C,C,A,A,H,-,A,A,0,NA,NA,NA,NA,Y,NA,B,01,0,0,1,0,0,0,0,0,0,-,-,NA,NA,SAN BERNARDINO,FONTANA,-117.45465850830078,34.08477020263672
84983029,2025,2025-12-23,3609,2025-12-08,1612,01932,NA,1,5,5,3609,0,0,0,NA,0,002,FOOTHILL BLVD,EUCALYPTUS AVE,290,E,N,A,-,N,NA,NA,NA,NA,NA,NA,NA,NA,NA,Y,4,0,2,2,A,-,09,21801,A,N,D,C,A,A,H,-,A,D,0,NA,NA,NA,NA,Y,NA,A,01,0,0,2,0,0,0,0,0,0,-,-,34.106781005859375,-117.35726928710938,SAN BERNARDINO,RIALTO,-117.3563232421875,34.10676956176758
84990769,2025,2025-12-30,3604,2025-12-20,128,1396,NA,6,5,6,3604,0,0,0,NA,0,002,CITRUS AVE,BASELINE AVE,0,NA,-,A,-,N,NA,NA,NA,NA,NA,NA,NA,NA,NA,Y,3,0,1,2,A,-,12,21453,A,N,D,C,A,A,H,-,C,A,0,NA,NA,NA,NA,Y,NA,A,01,0,1,0,0,0,0,0,0,0,-,-,NA,NA,SAN BERNARDINO,FONTANA,-117.45362091064452,34.121482849121094
8499946,2017,2017-12-12,3604,2017-10-26,1648,643,NA,4,5,6,3604,0,0,0,NA,0,003,JUNIPER,IVY,0,NA,Y,A,-,N,NA,NA,NA,NA,NA,NA,NA,NA,NA,N,4,0,1,2,A,-,09,21801,A,N,D,C,A,A,H,-,A,A,0,NA,NA,NA,NA,Y,NA,A,01,0,0,1,0,0,0,0,0,0,-,-,NA,NA,SAN BERNARDINO,FONTANA,-117.44018009,34.1048401
85007331,2025,2026-01-12,3602,2025-12-25,333,4483,NA,4,5,5,3602,0,0,0,NA,0,NA,ISSAC ST,RANCHO DEL CHINO AVE,141,E,N,A,-,N,NA,NA,NA,NA,NA,NA,NA,NA,NA,N,3,0,1,2,A,-,08,22107,NA,N,C,E,A,A,H,-,D,A,0,NA,NA,NA,NA,Y,NA,A,01,0,1,0,0,0,0,0,0,0,-,-,34.00617980957031,-117.66172027587892,SAN BERNARDINO,CHINO,-117.66116333007813,34.006103515625
8501192,2017,2017-12-08,3608,2017-11-17,1603,4117,NA,5,5,5,3608,0,0,0,NA,0,NA,REDLANDS BL,CLARK ST,120,E,N,A,-,N,NA,NA,NA,NA,NA,NA,NA,NA,NA,Y,4,0,2,2,A,-,08,22107,NA,N,C,C,A,A,H,-,A,D,0,NA,NA,NA,NA,Y,NA,A,01,0,0,2,0,0,0,0,0,0,-,-,NA,NA,SAN BERNARDINO,REDLANDS,-117.17476641,34.05433906
8501974,2017,2017-12-18,3600,2017-11-13,1154,B7127,HE201,1,5,5,3619,0,0,0,NA,0,002,EUCALYPTUS ST,G AV,0,NA,Y,A,-,N,NA,NA,NA,NA,NA,NA,NA,NA,NA,N,3,0,1,2,A,-,09,21801,A,N,H,A,A,A,H,-,A,D,0,NA,NA,Y,NA,Y,NA,A,07,0,1,0,0,0,0,0,0,1,-,-,NA,NA,SAN BERNARDINO,HESPERIA,-117.2793801,34.45523001
8502717,2017,2018-01-04,3600,2017-11-26,0740,G3596,HE115,7,5,5,3619,0,0,0,NA,0,HE1,MESA ST,7TH AV,0,NA,Y,A,-,N,NA,NA,NA,NA,NA,NA,NA,NA,NA,Y,2,0,2,2,A,-,09,21802,A,N,D,C,A,A,H,-,A,A,0,NA,NA,NA,NA,Y,NA,A,01,1,0,1,0,0,0,0,0,0,-,-,NA,NA,SAN BERNARDINO,HESPERIA,-117.31221011,34.44886003
8502749,2017,2017-12-20,3604,2017-10-27,2125,1283,NA,5,5,6,3604,0,0,0,NA,0,NA,CYPRESS AV,SLOVER AV,20,N,N,A,-,N,NA,NA,NA,NA,NA,NA,NA,NA,NA,Y,4,0,1,2,A,-,03,22350,NA,N,C,C,A,A,H,-,C,A,0,NA,NA,NA,NA,Y,NA,D,22,0,0,1,0,0,0,0,0,0,-,-,NA,NA,SAN BERNARDINO,FONTANA,-117.44436942,34.0630948
85044591,2025,2026-02-09,3611,2025-12-03,404,3423,NA,3,5,5,3611,0,0,0,NA,0,002,CENTRAL AVE,ARROW RTE,606,N,N,A,-,N,NA,NA,NA,NA,NA,NA,NA,NA,NA,Y,3,0,1,4,A,-,08,22107,NA,N,B,E,A,A,H,-,C,A,0,NA,NA,NA,NA,Y,NA,A,07,0,1,0,0,0,0,0,0,0,-,-,34.099491119384766,-117.68962860107422,SAN BERNARDINO,UPLAND,-117.6896514892578,34.10123062133789
8504729,2017,2018-07-06,3600,2017-12-22,1312,D2561,VC070,5,5,5,3612,0,0,0,NA,0,VC5,PALMDALE RD,AMETHYST ST,0,NA,Y,A,-,Y,SBD,8,18,-,-,98.952,I,5,S,N,4,0,1,2,A,-,12,21453,A,N,D,C,A,A,H,-,A,A,0,NA,NA,NA,NA,Y,NA,A,01,0,0,1,0,0,0,0,0,0,-,-,NA,NA,SAN BERNARDINO,VICTORVILLE,-117.3643311,34.50674496
8505238,2017,2018-06-15,3608,2017-11-08,1922,4759,NA,3,5,5,3608,0,0,0,NA,0,NA,FORD ST,RESERVOIR RD,0,NA,Y,A,-,Y,SBD,8,10,-,-,32.997,R,4,W,Y,3,0,2,2,A,-,09,21802,A,N,D,D,A,A,H,-,C,A,0,NA,NA,NA,NA,Y,NA,A,08,0,1,1,0,0,0,0,0,0,-,-,NA,NA,SAN BERNARDINO,REDLANDS,-117.15620628,34.04369012