CASE_ID,ACCIDENT_YEAR,PROC_DATE,JURIS,COLLISION_DATE,COLLISION_TIME,OFFICER_ID,REPORTING_DISTRICT,DAY_OF_WEEK,CHP_SHIFT,POPULATION,CNTY_CITY_LOC,SPECIAL_COND,BEAT_TYPE,CHP_BEAT_TYPE,CITY_DIVISION_LAPD,CHP_BEAT_CLASS,BEAT_NUMBER,PRIMARY_RD,SECONDARY_RD,DISTANCE,DIRECTION,INTERSECTION,WEATHER_1,WEATHER_2,STATE_HWY_IND,CALTRANS_COUNTY,CALTRANS_DISTRICT,STATE_ROUTE,ROUTE_SUFFIX,POSTMILE_PREFIX,POSTMILE,LOCATION_TYPE,RAMP_INTERSECTION,SIDE_OF_HWY,TOW_AWAY,COLLISION_SEVERITY,NUMBER_KILLED,NUMBER_INJURED,PARTY_COUNT,PRIMARY_COLL_FACTOR,PCF_CODE_OF_VIOL,PCF_VIOL_CATEGORY,PCF_VIOLATION,PCF_VIOL_SUBSECTION,HIT_AND_RUN,TYPE_OF_COLLISION,MVIW,PED_ACTION,ROAD_SURFACE,ROAD_COND_1,ROAD_COND_2,LIGHTING,CONTROL_DEVICE,CHP_ROAD_TYPE,PEDESTRIAN_ACCIDENT,BICYCLE_ACCIDENT,MOTORCYCLE_ACCIDENT,TRUCK_ACCIDENT,NOT_PRIVATE_PROPERTY,ALCOHOL_INVOLVED,STWD_VEHTYPE_AT_FAULT,CHP_VEHTYPE_AT_FAULT,COUNT_SEVERE_INJ,COUNT_VISIBLE_INJ,COUNT_COMPLAINT_PAIN,COUNT_PED_KILLED,COUNT_PED_INJURED,COUNT_BICYCLIST_KILLED,COUNT_BICYCLIST_INJURED,COUNT_MC_KILLED,COUNT_MC_INJURED,PRIMARY_RAMP,SECONDARY_RAMP,LATITUDE,LONGITUDE,COUNTY,CITY,POINT_X,POINT_Y
8787639,2019,2019-02-02,3608,2019-01-03,1000,4834,NA,4,5,5,3608,0,0,0,NA,0,NA,CAJON ST,CITRUS AV,0,NA,Y,A,-,N,NA,NA,NA,NA,NA,NA,NA,NA,NA,N,3,0,1,2,A,-,10,21950,A,N,G,B,B,A,H,-,A,A,0,Y,NA,NA,NA,Y,NA,A,01,0,1,0,0,1,0,0,0,0,-,-,NA,NA,SAN BERNARDINO,REDLANDS,-117.18258666992188,34.05554962158203
8791416,2019,2019-03-18,3603,2019-01-25,0727,4920,CPD,5,5,4,3603,0,0,0,NA,0,001,N GRAND AV,W OLIVE ST,0,NA,Y,A,-,N,NA,NA,NA,NA,NA,NA,NA,NA,NA,Y,4,0,1,2,A,-,12,22450,NA,N,D,C,A,A,H,-,A,D,0,NA,NA,NA,NA,Y,NA,A,07,0,0,1,0,0,0,0,0,0,-,-,34.077789306640625,-117.33809661865234,SAN BERNARDINO,COLTON,-117.33809661865234,34.0777587890625
8791868,2019,2019-02-27,3600,2019-01-10,1021,H7540,AD311,4,5,3,3613,0,0,0,NA,0,AD2,RT 395,PALMDALE RD,18,N,N,A,-,Y,SBD,8,395,-,-,11.19,H,-,N,Y,4,0,1,2,A,-,08,22107,NA,N,A,C,A,A,H,-,A,A,0,NA,NA,NA,NA,Y,NA,A,01,0,0,1,0,0,0,0,0,0,-,-,NA,NA,SAN BERNARDINO,ADELANTO,-117.39955139160156,34.5068359375
8792212,2019,2019-03-07,3610,2019-01-27,0237,51166,NA,7,5,6,3610,0,0,0,NA,0,POLICE,N VICTORIA AV,EAST HIGHLAND AV,0,NA,Y,A,-,N,NA,NA,NA,NA,NA,NA,NA,NA,NA,Y,4,0,1,2,A,-,09,21801,A,N,D,C,A,A,H,-,C,A,0,NA,NA,NA,NA,Y,NA,A,01,0,0,1,0,0,0,0,0,0,-,-,34.13570022583008,-117.2261962890625,SAN BERNARDINO,SAN BERNARDINO,-117.2261962890625,34.13582992553711
8792228,2019,2019-02-15,3610,2019-01-16,1124,50569,NA,3,5,6,3610,0,0,0,NA,0,POLICE,E ORANGE SHOW RD,TIPPECANOE AV,2640,W,N,C,-,N,NA,NA,NA,NA,NA,NA,NA,NA,NA,Y,4,0,2,2,A,-,08,22100,NA,N,D,C,A,B,H,-,A,D,0,NA,NA,NA,NA,Y,NA,A,01,0,0,2,0,0,0,0,0,0,-,-,NA,NA,SAN BERNARDINO,SAN BERNARDINO,-117.26770782470705,34.0797004699707
8792265,2019,2019-05-07,3605,2019-01-23,1907,391,NA,3,5,4,3605,0,0,0,NA,0,NA,HOLT BL,CENTRAL AV,55,W,N,A,-,N,NA,NA,NA,NA,NA,NA,NA,NA,NA,Y,4,0,2,3,A,-,08,22107,NA,N,-,C,A,A,H,-,C,A,0,NA,NA,NA,NA,Y,NA,A,01,0,0,2,0,0,0,0,0,0,-,-,NA,NA,SAN BERNARDINO,MONTCLAIR,-117.6899185180664,34.063289642333984
8794724,2019,2019-05-14,3600,2019-01-20,1625,F3084,YV002,7,5,3,3631,0,0,0,NA,0,0YV,TWENTYNINE PALMS HWY,CHEMEHUEVI WY,25,E,N,A,-,Y,SBD,8,62,-,-,9.69,H,-,W,Y,3,0,1,3,A,-,06,21750,NA,N,B,C,A,A,H,-,B,A,0,NA,NA,Y,NA,Y,NA,C,02,0,1,0,0,0,0,0,0,1,-,-,34.115909576416016,-116.4599609375,SAN BERNARDINO,YUCCA VALLEY,-116.45985412597656,34.115875244140625
8794884,2019,2019-02-13,3600,2019-01-07,1145,T1534,TC020,1,5,6,3616,0,0,0,NA,0,RC5,HAVEN AV,CHURCH ST,0,NA,Y,A,-,N,NA,NA,NA,NA,NA,NA,NA,NA,NA,N,4,0,2,2,A,-,12,22450,NA,N,D,C,A,A,H,-,A,B,0,NA,NA,NA,NA,Y,NA,A,01,0,0,2,0,0,0,0,0,0,-,-,NA,NA,SAN BERNARDINO,RANCHO CUCAMONGA,-117.57598876953124,34.114078521728516
8795779,2018,2019-02-13,3611,2018-11-16,1609,2926,3611,5,5,5,3611,0,0,0,NA,0,004,EUCLID AV,D ST,0,NA,Y,A,-,N,NA,NA,NA,NA,NA,NA,NA,NA,NA,Y,4,0,3,2,A,-,09,21804,A,N,D,C,A,A,H,-,A,A,0,NA,NA,NA,NA,Y,NA,A,01,0,0,3,0,0,0,0,0,0,-,-,NA,NA,SAN BERNARDINO,UPLAND,-117.65131378173828,34.09846115112305
8795956,2019,2019-02-11,3604,2019-01-10,1104,925,NA,4,5,6,3604,0,0,0,NA,0,NA,SIERRA LAKES PKWY,AUGUSTA DR,342,W,N,A,-,N,NA,NA,NA,NA,NA,NA,NA,NA,NA,N,3,0,1,2,A,-,08,22107,NA,N,D,C,A,A,H,-,A,A,0,NA,NA,NA,Y,Y,NA,F,25,0,1,0,0,0,0,0,0,0,-,-,NA,NA,SAN BERNARDINO,FONTANA,-117.45218658447266,34.13911819458008
8796229,2018,2019-02-25,3603,2018-10-13,0025,4277,CPD,6,5,4,3603,0,0,0,NA,0,004,RT 215,WASHINGTON ST,5280,N,N,B,C,Y,SBD,8,215,-,-,3.69,H,-,S,Y,4,0,1,1,A,-,05,21650,NA,N,E,I,A,B,H,-,C,D,0,NA,NA,NA,NA,Y,NA,A,01,0,0,1,0,0,0,0,0,0,-,-,NA,NA,SAN BERNARDINO,COLTON,-117.29785919189452,34.05903625488281
8797542,2019,2019-02-11,3604,2019-01-19,2328,1098,NA,6,5,6,3604,0,0,0,NA,0,NA,CYPRESS AV,SLOVER AV,0,S,N,B,-,N,NA,NA,NA,NA,NA,NA,NA,NA,NA,N,4,0,1,2,D,-,00,NA,NA,F,G,B,E,A,H,-,C,D,0,Y,NA,NA,NA,Y,Y,-,-,0,0,1,0,1,0,0,0,0,-,-,NA,NA,SAN BERNARDINO,FONTANA,-117.44436645507813,34.06304168701172
8799297,2019,2019-05-14,3609,2019-02-04,1230,2493,RI078,1,5,5,3609,0,0,0,NA,0,002,RIVERSIDE AV,RT 210,0,NA,Y,C,-,Y,SBD,8,210,-,-,18.511,R,4,E,N,4,0,1,2,A,-,12,21453,A,N,D,C,A,B,H,-,A,A,0,NA,NA,NA,NA,Y,NA,A,01,0,0,1,0,0,0,0,0,0,-,EF,34.13541030883789,-117.3705596923828,SAN BERNARDINO,RIALTO,-117.37356567382813,34.13576126098633
8799926,2018,2019-02-13,3611,2018-10-31,1212,3245,3611,3,5,5,3611,0,0,0,NA,0,003,16TH ST,2ND AV,150,W,N,A,-,N,NA,NA,NA,NA,NA,NA,NA,NA,NA,Y,3,0,1,2,A,-,17,21367,C,N,B,C,A,A,D,E,A,A,0,NA,NA,NA,NA,Y,NA,A,01,0,1,0,0,0,0,0,0,0,-,-,NA,NA,SAN BERNARDINO,UPLAND,-117.64913177490234,34.121551513671875
8799950,2018,2019-03-05,3611,2018-10-18,0820,2488,3611,4,5,5,3611,0,0,0,NA,0,004,CAMPUS AV,ARROW HWY,0,NA,Y,A,-,N,NA,NA,NA,NA,NA,NA,NA,NA,NA,Y,4,0,1,2,A,-,12,21453,A,N,D,C,A,A,H,-,A,A,0,NA,NA,NA,NA,Y,NA,A,01,0,0,1,0,0,0,0,0,0,-,-,NA,NA,SAN BERNARDINO,UPLAND,-117.6414794921875,34.099769592285156
8801101,2019,2019-02-21,3600,2019-01-12,0017,G7680,VC021,6,5,5,3612,0,0,0,NA,0,VC3,BEAR VALLEY RD,HESPERIA RD,0,NA,Y,A,-,N,NA,NA,NA,NA,NA,NA,NA,NA,NA,Y,4,0,1,2,A,-,12,21453,A,N,A,C,A,A,H,-,C,A,0,NA,NA,NA,NA,Y,NA,A,01,0,0,1,0,0,0,0,0,0,-,-,NA,NA,SAN BERNARDINO,VICTORVILLE,-117.2919692993164,34.47092056274414
8801313,2019,2019-04-30,3600,2019-02-01,1459,G3926,HE128,5,5,5,3619,0,0,0,NA,0,HE5,MAIN ST,HICKORY AV,0,NA,Y,A,-,N,NA,NA,NA,NA,NA,NA,NA,NA,NA,N,4,0,1,2,A,-,09,21801,A,N,A,C,A,A,H,-,A,D,0,NA,NA,NA,NA,Y,NA,D,22,0,0,1,0,0,0,0,0,0,-,-,NA,NA,SAN BERNARDINO,HESPERIA,-117.32701110839844,34.42586135864258
8801743,2019,2019-03-04,3602,2019-02-04,0127,3906,NA,1,5,5,3602,0,0,0,NA,0,005,EL PRADO RD,KIMBALL AV,35,N,N,C,-,N,NA,NA,NA,NA,NA,NA,NA,NA,NA,Y,2,0,1,1,A,-,08,22107,NA,M,E,I,A,B,H,-,C,A,0,NA,NA,NA,NA,Y,NA,D,22,1,0,0,0,0,0,0,0,0,-,-,NA,NA,SAN BERNARDINO,CHINO,-117.6804428100586,33.968204498291016
8801932,2019,2019-03-04,3602,2019-01-23,2029,3343,101,3,5,5,3602,0,0,0,NA,0,003,EDISON AV,LAURELWOOD PL,0,NA,Y,A,-,N,NA,NA,NA,NA,NA,NA,NA,NA,NA,N,3,0,1,1,A,-,01,23152,A,N,A,I,A,A,H,-,C,D,0,NA,NA,NA,NA,Y,Y,A,07,0,1,0,0,0,0,0,0,0,-,-,NA,NA,SAN BERNARDINO,CHINO,-117.70941925048828,33.997249603271484
8803700,2019,2019-03-21,3604,2019-02-02,1142,1127,NA,6,5,6,3604,0,0,0,NA,0,NA,BASELINE AV,ALDER AV,128,E,N,C,-,N,NA,NA,NA,NA,NA,NA,NA,NA,NA,Y,3,0,1,2,A,-,03,22350,NA,N,C,C,A,B,H,-,A,A,0,NA,NA,NA,Y,Y,NA,A,01,0,1,0,0,0,0,0,0,0,-,-,34.716548919677734,-117.25431823730467,SAN BERNARDINO,FONTANA,-117.41797637939452,34.12133026123047
8803964,2019,2019-03-05,3604,2019-02-12,0718,641,NA,2,5,6,3604,0,0,0,NA,0,NA,BEECH AV,RANCHO FONTAN VILLAGE PKWY,0,NA,Y,A,-,N,NA,NA,NA,NA,NA,NA,NA,NA,NA,Y,3,0,1,3,A,-,12,22450,NA,N,D,C,A,A,H,-,A,A,0,NA,NA,NA,NA,Y,NA,A,07,0,1,0,0,0,0,0,0,0,-,-,NA,NA,SAN BERNARDINO,FONTANA,-117.47110748291016,34.11777877807617
8810054,2019,2019-03-12,3610,2019-01-31,0734,50266,NA,4,5,6,3610,0,0,0,NA,0,ADAM,9TH ST,MT VERNON AV,0,NA,Y,B,-,N,NA,NA,NA,NA,NA,NA,NA,NA,NA,Y,4,0,1,2,A,-,09,21801,A,N,D,C,A,A,H,-,A,A,0,NA,NA,NA,NA,Y,NA,A,01,0,0,1,0,0,0,0,0,0,-,-,NA,NA,SAN BERNARDINO,SAN BERNARDINO,-117.3138427734375,34.115760803222656
8810106,2019,2019-03-12,3610,2019-01-28,1136,51080,NA,1,5,6,3610,0,0,0,NA,0,DAVID,N D ST,W BASELINE ST,0,NA,Y,B,-,N,NA,NA,NA,NA,NA,NA,NA,NA,NA,Y,4,0,2,3,A,-,12,21453,A,N,A,C,A,A,G,-,A,A,0,NA,NA,NA,NA,Y,NA,A,01,0,0,2,0,0,0,0,0,0,-,-,34.121341705322266,-117.29192352294922,SAN BERNARDINO,SAN BERNARDINO,-117.29193115234376,34.1213493347168
8811038,2019,2019-04-12,3600,2019-02-08,1329,D6034,HE306,5,5,5,3619,0,0,0,NA,0,003,MAIN ST,TOPAZ AV,0,NA,Y,A,-,N,NA,NA,NA,NA,NA,NA,NA,NA,NA,N,4,0,1,3,A,-,03,22350,NA,N,-,C,A,A,H,-,A,-,0,NA,NA,NA,NA,Y,NA,-,NA,0,0,1,0,0,0,0,0,0,-,-,NA,NA,SAN BERNARDINO,HESPERIA,-117.35539245605467,34.42673110961914
8811972,2019,2019-03-11,3608,2019-02-18,1644,4536,SBSUP,1,5,5,3608,0,0,0,NA,0,NA,BROCKTON AV,ALTA ST,0,NA,Y,A,-,N,NA,NA,NA,NA,NA,NA,NA,NA,NA,NA,4,0,3,2,A,-,09,21804,NA,N,D,C,A,A,H,-,A,A,0,NA,NA,NA,NA,Y,NA,D,22,0,0,3,0,0,0,0,0,0,-,-,NA,NA,SAN BERNARDINO,REDLANDS,-117.18141174316406,34.06637954711914
8812167,2018,2019-02-28,3602,2018-12-31,1815,3805,NA,1,5,5,3602,0,0,0,NA,0,002,PHILADELPHIA ST,CENTRAL AV,208,E,N,A,-,N,NA,NA,NA,NA,NA,NA,NA,NA,NA,Y,4,0,1,4,A,-,03,22350,NA,N,C,C,A,A,H,-,C,D,0,NA,NA,NA,NA,Y,NA,A,01,0,0,1,0,0,0,0,0,0,-,-,NA,NA,SAN BERNARDINO,CHINO,-117.68889617919922,34.03350830078125
8812211,2018,2019-02-28,3602,2018-12-23,1948,2606,NA,7,5,5,3602,0,0,0,NA,0,001,MONTE VISTA AV,WALNUT AV,20,N,N,A,-,N,NA,NA,NA,NA,NA,NA,NA,NA,NA,N,3,0,1,1,A,-,01,23152,A,M,E,I,A,A,H,-,C,A,0,NA,NA,NA,NA,Y,Y,A,01,0,1,0,0,0,0,0,0,0,-,-,NA,NA,SAN BERNARDINO,CHINO,-117.69809722900392,34.02629470825195
8812623,2019,2019-11-05,3610,2019-02-01,1157,20967,NA,5,5,6,3610,0,0,0,NA,0,POLICE,N PALM AV,W IRVINGTON AV,0,NA,Y,B,-,N,NA,NA,NA,NA,NA,NA,NA,NA,NA,Y,1,1,0,2,A,-,03,22350,NA,N,C,C,A,A,H,-,A,A,0,NA,NA,NA,Y,Y,Y,A,01,0,0,0,0,0,0,0,0,0,-,-,34.195770263671875,-117.3584213256836,SAN BERNARDINO,SAN BERNARDINO,-117.35839080810548,34.195770263671875
8814536,2019,2019-03-19,3604,2019-02-14,1540,1154,NA,4,5,6,3604,0,0,0,NA,0,NA,ALDER AV,ARROW RTE,12,N,N,B,C,N,NA,NA,NA,NA,NA,NA,NA,NA,NA,N,3,0,1,2,A,-,03,22350,NA,F,B,B,B,B,H,-,A,A,0,Y,NA,NA,NA,Y,NA,-,99,0,1,0,0,0,0,0,0,0,-,-,NA,NA,SAN BERNARDINO,FONTANA,-117.41834259033205,34.099483489990234
8814560,2019,2019-03-19,3600,2019-02-04,1824,F7786,UP001,1,5,6,3616,0,0,0,NA,0,004,SAN BERNARDINO RD,GROVE AV,0,NA,Y,C,-,N,NA,NA,NA,NA,NA,NA,NA,NA,NA,N,4,0,1,2,A,-,10,21950,A,F,B,B,B,B,H,-,C,A,0,Y,NA,NA,NA,Y,NA,A,07,0,0,1,0,1,0,0,0,0,-,-,NA,NA,SAN BERNARDINO,RANCHO CUCAMONGA,-117.62854766845705,34.10472869873047
8815008,2019,2019-03-14,3600,2019-01-31,1548,F5111,HE104,4,5,5,3619,0,0,0,NA,0,HE1,SEQUOIA ST,2ND AV,0,NA,Y,B,C,N,NA,NA,NA,NA,NA,NA,NA,NA,NA,N,4,0,1,3,A,-,12,22450,A,N,D,C,A,B,H,-,B,A,0,NA,NA,NA,NA,Y,NA,A,01,0,0,1,0,0,0,0,0,0,-,-,NA,NA,SAN BERNARDINO,HESPERIA,-117.29920959472656,34.46903991699219
8815144,2019,2019-03-07,3600,2019-01-12,1654,F7839,RC204,6,5,6,3616,0,0,0,NA,0,005,MONET AV,FOOTHILL BL,120,N,N,A,-,N,NA,NA,NA,NA,NA,NA,NA,NA,NA,N,4,0,1,2,A,-,09,21800,A,N,-,C,A,A,H,-,A,D,0,NA,NA,NA,Y,Y,NA,F,75,0,0,1,0,0,0,0,0,0,-,-,NA,NA,SAN BERNARDINO,RANCHO CUCAMONGA,-117.53556823730467,34.10673904418945
8815152,2018,2019-03-19,3600,2018-11-29,1756,C8620,RC014,4,5,6,3616,0,0,0,NA,0,RC6,ROCHESTER AV,CHURCH ST,0,NA,Y,C,-,N,NA,NA,NA,NA,NA,NA,NA,NA,NA,Y,4,0,1,2,A,-,09,21801,A,N,D,C,A,B,H,-,C,A,0,NA,NA,NA,NA,Y,NA,A,01,0,0,1,0,0,0,0,0,0,-,-,NA,NA,SAN BERNARDINO,RANCHO CUCAMONGA,-117.54551696777344,34.11394119262695
8815195,2019,2019-03-19,3600,2019-02-12,1757,F7786,RC035,2,5,6,3616,0,0,0,NA,0,005,4TH ST,HERMOSA AV,0,NA,Y,A,-,N,NA,NA,NA,NA,NA,NA,NA,NA,NA,N,4,0,1,2,D,-,00,NA,NA,N,D,C,A,A,H,-,C,A,0,NA,NA,NA,NA,Y,NA,-,-,0,0,1,0,0,0,0,0,0,-,-,NA,NA,SAN BERNARDINO,RANCHO CUCAMONGA,-117.58460235595705,34.077449798583984
8816900,2019,2019-03-20,3610,2019-02-11,1143,4233,NA,1,5,6,3610,0,0,0,NA,0,NA,LITTLE MOUNTAIN DR,NORTHPARK BL,0,NA,Y,A,-,N,NA,NA,NA,NA,NA,NA,NA,NA,NA,Y,3,0,3,2,A,-,09,21800,A,N,D,C,A,A,H,-,A,A,0,NA,NA,NA,NA,Y,NA,A,01,0,3,0,0,0,0,0,0,0,-,-,34.17897033691406,-117.3139419555664,SAN BERNARDINO,SAN BERNARDINO,-117.31394958496094,34.1790885925293
8817567,2019,2019-03-18,3608,2019-02-15,1857,4279,CENTR,5,5,5,3608,0,0,0,NA,0,NA,COLTON AV,TRI CITY CTR,42,W,N,C,-,N,NA,NA,NA,NA,NA,NA,NA,NA,NA,Y,3,0,1,1,A,-,03,22350,A,N,E,I,A,B,H,-,C,D,0,NA,NA,NA,NA,Y,NA,A,01,0,1,0,0,0,0,0,0,0,-,-,NA,NA,SAN BERNARDINO,REDLANDS,-117.20552825927734,34.062843322753906
8819258,2019,2019-05-08,3600,2019-02-03,0848,F7808,BL102,7,5,2,3680,0,0,0,NA,0,BL1,BIG BEAR BL,FORREST RD,0,NA,Y,D,-,Y,SBD,8,18,-,-,47.76,I,5,S,Y,4,0,1,2,A,-,03,22350,NA,N,D,C,A,C,H,-,A,D,0,NA,NA,NA,NA,Y,NA,D,22,0,0,1,0,0,0,0,0,0,-,-,NA,NA,SAN BERNARDINO,BIG BEAR LAKE,-116.92774200439452,34.240074157714844
8820065,2019,2019-04-12,3604,2019-02-21,1857,1311,NA,4,5,6,3604,0,0,0,NA,0,NA,BASELINE AV,CITRUS,10,E,N,B,-,N,NA,NA,NA,NA,NA,NA,NA,NA,NA,NA,4,0,1,2,A,-,03,22350,NA,N,C,C,A,A,H,-,C,A,0,NA,NA,NA,Y,Y,NA,F,26,0,0,1,0,0,0,0,0,0,-,-,NA,NA,SAN BERNARDINO,FONTANA,-117.4535903930664,34.12147903442383
8820260,2019,2019-03-21,3603,2019-01-25,1501,4819,CPD,5,5,4,3603,0,0,0,NA,0,002,RANCHO AV,JOHNSTON ST,0,NA,Y,A,-,N,NA,NA,NA,NA,NA,NA,NA,NA,NA,N,3,0,1,2,A,-,11,21955,NA,N,G,B,D,A,H,-,A,A,0,Y,NA,NA,NA,Y,NA,A,01,0,1,0,0,1,0,0,0,0,-,-,NA,NA,SAN BERNARDINO,COLTON,-117.33397674560548,34.0884895324707
8820509,2019,2019-04-04,3600,2019-03-05,1354,F6295,HI014,2,5,4,3618,0,0,0,NA,0,HI2,5TH ST,PALM AV,0,NA,Y,B,-,N,NA,NA,NA,NA,NA,NA,NA,NA,NA,Y,3,0,1,2,A,-,09,21453,C,N,A,C,A,A,H,-,A,A,0,NA,NA,Y,NA,Y,Y,C,02,0,1,0,0,0,0,0,0,1,-,-,NA,NA,SAN BERNARDINO,HIGHLAND,-117.20880126953124,34.107879638671875
8820787,2019,2019-03-21,3610,2019-02-07,1447,50926,NA,4,5,6,3610,0,0,0,NA,0,BAKER,W 18TH ST,NORTH ARROWHEAD AV,0,NA,Y,A,-,N,NA,NA,NA,NA,NA,NA,NA,NA,NA,N,3,0,1,2,A,-,10,21950,A,N,G,B,B,A,F,H,A,D,0,Y,NA,NA,NA,Y,NA,A,01,0,1,0,0,1,0,0,0,0,-,-,34.1314582824707,-117.28964233398438,SAN BERNARDINO,SAN BERNARDINO,-117.28964996337892,34.13145065307617
8820996,2019,2019-03-19,3608,2019-02-14,0603,4876,3608,4,5,5,3608,0,0,0,NA,0,NA,ALABAMA ST,RIVER BLUFF,1693,N,N,C,-,N,NA,NA,NA,NA,NA,NA,NA,NA,NA,Y,4,0,1,1,A,-,03,22350,NA,N,F,I,A,B,F,-,B,D,0,NA,NA,NA,NA,Y,NA,A,07,0,0,1,0,0,0,0,0,0,-,-,NA,NA,SAN BERNARDINO,REDLANDS,-117.20874786376952,34.091556549072266
8821691,2018,2019-03-29,3611,2018-05-16,1344,2488,3611,3,5,5,3611,0,0,0,NA,0,002,ARROW HWY,SILVERWOOD AV,0,NA,Y,A,-,N,NA,NA,NA,NA,NA,NA,NA,NA,NA,Y,4,0,2,2,A,-,09,21802,A,N,D,C,A,A,H,-,A,A,0,NA,NA,NA,NA,Y,NA,A,01,0,0,2,0,0,0,0,0,0,-,-,NA,NA,SAN BERNARDINO,UPLAND,-117.67308044433594,34.09965896606445
8821719,2018,2019-04-02,3611,2018-06-24,0217,3200,3611,7,5,5,3611,0,0,0,NA,0,001,WEST BASELINE RD,PARKVIEW PROMENADE,300,NA,N,A,-,N,NA,NA,NA,NA,NA,NA,NA,NA,NA,Y,3,0,1,1,A,-,01,23152,B,N,E,I,A,A,C,D,C,A,0,NA,NA,NA,NA,Y,Y,A,01,0,1,0,0,0,0,0,0,0,-,-,NA,NA,SAN BERNARDINO,UPLAND,NA,NA
8821731,2018,2019-04-02,3611,2018-07-28,1333,2488,3611,6,5,5,3611,0,0,0,NA,0,004,2ND AV,STOWELL ST,0,NA,Y,A,-,N,NA,NA,NA,NA,NA,NA,NA,NA,NA,Y,4,0,2,2,A,-,12,22450,A,N,B,C,A,A,H,-,A,A,0,NA,NA,NA,NA,Y,NA,A,01,0,0,2,0,0,0,0,0,0,-,-,NA,NA,SAN BERNARDINO,UPLAND,-117.64852142333984,34.09400939941406
8823473,2019,2019-03-22,3605,2019-02-25,1633,396,NA,1,5,4,3605,0,0,0,NA,0,NA,SAN BERNARDINO ST,CENTRAL AV,0,NA,Y,A,-,N,NA,NA,NA,NA,NA,NA,NA,NA,NA,Y,4,0,1,1,C,-,18,NA,NA,N,E,I,A,A,H,-,A,A,0,NA,NA,NA,NA,Y,NA,-,-,0,0,1,0,0,0,0,0,0,-,-,NA,NA,SAN BERNARDINO,MONTCLAIR,-117.68961334228516,34.07767105102539
8824714,2019,2019-03-27,3603,2019-02-18,1335,4861,CPD,1,5,4,3603,0,0,0,NA,0,004,E WASHINGTON ST,S RECHE CANYON RD,100,W,N,A,-,N,NA,NA,NA,NA,NA,NA,NA,NA,NA,N,4,0,1,3,A,-,03,22350,NA,N,C,C,A,A,H,-,A,A,0,NA,NA,NA,NA,Y,NA,A,01,0,0,1,0,0,0,0,0,0,-,-,NA,NA,SAN BERNARDINO,COLTON,-117.28988647460938,34.049564361572266
8826837,2019,2019-05-07,3600,2019-02-25,1709,F5717,HE104,1,5,5,3619,0,0,0,NA,0,HE1,SEQUOIA ST,3RD AV,0,NA,Y,A,-,N,NA,NA,NA,NA,NA,NA,NA,NA,NA,Y,4,0,1,2,A,-,12,22450,A,N,D,C,A,A,H,-,B,A,0,NA,NA,NA,NA,Y,NA,A,01,0,0,1,0,0,0,0,0,0,-,-,NA,NA,SAN BERNARDINO,HESPERIA,-117.30358123779295,34.46900939941406
8828762,2019,2019-04-11,3600,2019-03-12,0719,G8537,HE409,2,5,5,3619,0,0,0,NA,0,HE4,MAIN ST,WALNUT ST,0,W,N,C,-,N,NA,NA,NA,NA,NA,NA,NA,NA,NA,Y,4,0,1,1,A,-,03,22350,A,N,E,-,A,B,H,-,A,D,0,NA,NA,NA,NA,Y,NA,A,01,0,0,1,0,0,0,0,0,0,-,-,NA,NA,SAN BERNARDINO,HESPERIA,-117.25595855712892,34.41413116455078
8829223,2019,2019-04-15,3604,2019-02-07,0710,539,NA,4,5,6,3604,0,0,0,NA,0,NA,JUNIPER,MERRILL,610,S,N,A,-,N,NA,NA,NA,NA,NA,NA,NA,NA,NA,N,3,0,1,1,A,-,03,22350,NA,N,H,A,A,A,H,-,A,D,0,NA,NA,Y,NA,Y,NA,C,02,0,1,0,0,0,0,0,0,1,-,-,NA,NA,SAN BERNARDINO,FONTANA,-117.44010925292967,34.090450286865234
8829875,2019,2019-04-11,3604,2019-03-04,1046,1127,NA,1,5,6,3604,0,0,0,NA,0,NA,LOCUST AV,7TH ST,0,NA,Y,B,-,N,NA,NA,NA,NA,NA,NA,NA,NA,NA,N,4,0,1,2,A,-,09,21802,A,N,B,C,A,A,H,-,A,A,0,NA,NA,Y,NA,Y,NA,A,01,0,0,1,0,0,0,0,0,1,-,-,34.226219177246094,-117.2434310913086,SAN BERNARDINO,FONTANA,-117.40947723388672,34.04058074951172
8831022,2019,2019-04-23,3600,2019-02-20,2019,F8547,VC013,3,5,5,3612,0,0,0,NA,0,VC4,BEAR VALLEY RD,5TH AV,0,NA,Y,B,-,N,NA,NA,NA,NA,NA,NA,NA,NA,NA,Y,4,0,1,2,A,-,12,21453,A,N,D,C,A,A,H,-,C,A,0,NA,NA,NA,NA,Y,NA,-,-,0,0,1,0,0,0,0,0,0,-,-,NA,NA,SAN BERNARDINO,VICTORVILLE,-117.30801391601563,34.47080993652344
8834830,2019,2019-04-16,3600,2019-03-23,1553,D3311,RC073,6,5,6,3616,0,0,0,NA,0,RC5,MILLIKEN AV,5TH ST,0,NA,Y,A,-,N,NA,NA,NA,NA,NA,NA,NA,NA,NA,Y,4,0,2,2,A,-,09,21804,A,N,A,C,A,A,H,-,A,A,0,NA,NA,NA,NA,Y,NA,A,07,0,0,2,0,0,0,0,0,0,-,-,NA,NA,SAN BERNARDINO,RANCHO CUCAMONGA,-117.55841064453124,34.08089828491211
8835237,2019,2019-04-10,3600,2019-02-18,0639,G4629,CH052,1,5,5,3630,0,0,0,NA,0,NA,PEYTON DR,VALLE VISTA DR,226,N,N,A,-,N,NA,NA,NA,NA,NA,NA,NA,NA,NA,Y,4,0,1,1,A,-,08,22107,NA,N,A,I,A,A,A,-,A,A,0,NA,NA,NA,NA,Y,NA,A,07,0,0,1,0,0,0,0,0,0,-,-,NA,NA,SAN BERNARDINO,CHINO HILLS,-117.7324447631836,33.96963882446289
8835843,2019,2019-04-24,3600,2019-03-12,0456,G7659,VC070,2,5,5,3612,0,0,0,NA,0,NA,PALMDALE RD,EMERALD RD,0,NA,-,C,-,N,NA,NA,NA,NA,NA,NA,NA,NA,NA,Y,4,0,1,1,A,-,03,22350,NA,N,E,I,A,B,F,-,D,D,0,NA,NA,NA,NA,Y,NA,A,07,0,0,1,0,0,0,0,0,0,-,-,NA,NA,SAN BERNARDINO,VICTORVILLE,-117.38069152832033,34.50674057006836