CASE_ID,ACCIDENT_YEAR,PROC_DATE,JURIS,COLLISION_DATE,COLLISION_TIME,OFFICER_ID,REPORTING_DISTRICT,DAY_OF_WEEK,CHP_SHIFT,POPULATION,CNTY_CITY_LOC,SPECIAL_COND,BEAT_TYPE,CHP_BEAT_TYPE,CITY_DIVISION_LAPD,CHP_BEAT_CLASS,BEAT_NUMBER,PRIMARY_RD,SECONDARY_RD,DISTANCE,DIRECTION,INTERSECTION,WEATHER_1,WEATHER_2,STATE_HWY_IND,CALTRANS_COUNTY,CALTRANS_DISTRICT,STATE_ROUTE,ROUTE_SUFFIX,POSTMILE_PREFIX,POSTMILE,LOCATION_TYPE,RAMP_INTERSECTION,SIDE_OF_HWY,TOW_AWAY,COLLISION_SEVERITY,NUMBER_KILLED,NUMBER_INJURED,PARTY_COUNT,PRIMARY_COLL_FACTOR,PCF_CODE_OF_VIOL,PCF_VIOL_CATEGORY,PCF_VIOLATION,PCF_VIOL_SUBSECTION,HIT_AND_RUN,TYPE_OF_COLLISION,MVIW,PED_ACTION,ROAD_SURFACE,ROAD_COND_1,ROAD_COND_2,LIGHTING,CONTROL_DEVICE,CHP_ROAD_TYPE,PEDESTRIAN_ACCIDENT,BICYCLE_ACCIDENT,MOTORCYCLE_ACCIDENT,TRUCK_ACCIDENT,NOT_PRIVATE_PROPERTY,ALCOHOL_INVOLVED,STWD_VEHTYPE_AT_FAULT,CHP_VEHTYPE_AT_FAULT,COUNT_SEVERE_INJ,COUNT_VISIBLE_INJ,COUNT_COMPLAINT_PAIN,COUNT_PED_KILLED,COUNT_PED_INJURED,COUNT_BICYCLIST_KILLED,COUNT_BICYCLIST_INJURED,COUNT_MC_KILLED,COUNT_MC_INJURED,PRIMARY_RAMP,SECONDARY_RAMP,LATITUDE,LONGITUDE,COUNTY,CITY,POINT_X,POINT_Y
8877645,2019,2019-06-13,3610,2019-05-03,2254,51144,NA,5,5,6,3610,0,0,0,NA,0,DAVID,W 5TH ST,N H ST,0,NA,Y,A,-,N,NA,NA,NA,NA,NA,NA,NA,NA,NA,Y,4,0,1,2,A,-,03,22350,NA,N,B,C,A,A,H,-,C,A,0,NA,NA,NA,NA,Y,NA,A,01,0,0,1,0,0,0,0,0,0,-,-,34.108341217041016,-117.2986297607422,SAN BERNARDINO,SAN BERNARDINO,-117.30088806152344,34.108341217041016
8877784,2019,2019-06-17,3603,2019-04-03,1501,4546,CPD,3,5,4,3603,0,0,0,NA,0,002,MT VERNON AV,FAIRWAY DR,30,N,N,A,-,N,NA,NA,NA,NA,NA,NA,NA,NA,NA,N,4,0,1,3,A,-,03,22350,NA,M,C,C,A,A,H,-,A,A,0,NA,NA,NA,NA,Y,NA,-,99,0,0,1,0,0,0,0,0,0,-,-,NA,NA,SAN BERNARDINO,COLTON,-117.3138427734375,34.068790435791016
8877823,2019,2019-06-14,3610,2019-03-30,1436,51042,NA,6,5,6,3610,0,0,0,NA,0,BAKER,NORTH ARROWHEAD AV,HIGHLAND AV,119,S,N,A,-,N,NA,NA,NA,NA,NA,NA,NA,NA,NA,Y,4,0,2,2,A,-,03,22350,NA,N,D,C,A,A,H,-,A,D,0,NA,NA,NA,NA,Y,NA,A,01,0,0,2,0,0,0,0,0,0,-,-,34.135040283203125,-117.29029083251952,SAN BERNARDINO,SAN BERNARDINO,-117.28964996337892,34.135643005371094
8879011,2019,2019-06-20,3600,2019-05-04,2221,G5388,NA,6,5,6,3616,0,0,0,NA,0,RC4,VINEYARD AV,HEMLOCK ST,0,NA,Y,A,-,N,NA,NA,NA,NA,NA,NA,NA,NA,NA,Y,4,0,1,2,A,-,09,21802,A,N,D,C,A,A,H,-,C,A,0,NA,NA,NA,NA,Y,NA,A,01,0,0,1,0,0,0,0,0,0,-,-,NA,NA,SAN BERNARDINO,RANCHO CUCAMONGA,-117.61148834228516,34.109710693359375
8880039,2019,2019-07-11,3603,2019-01-15,1219,4048,NA,2,5,4,3603,0,0,0,NA,0,NA,W WOODPINE AV,W WOODPINE AV 2040,0,NA,-,A,-,N,NA,NA,NA,NA,NA,NA,NA,NA,NA,Y,4,0,1,2,A,-,22,23123,A,N,C,E,A,A,H,-,A,D,0,NA,NA,NA,NA,Y,NA,A,01,0,0,1,0,0,0,0,0,0,-,-,34.07537078857422,-117.36302947998048,SAN BERNARDINO,COLTON,NA,NA
8880965,2019,2019-06-25,3604,2019-05-24,2011,1156,NA,5,5,6,3604,0,0,0,NA,0,NA,CITRUS AV,REED ST,0,S,N,A,-,N,NA,NA,NA,NA,NA,NA,NA,NA,NA,Y,3,0,1,2,A,-,05,21650,1,N,D,G,A,A,H,-,C,D,0,NA,Y,NA,NA,Y,NA,L,04,0,1,0,0,0,0,1,0,0,-,-,NA,NA,SAN BERNARDINO,FONTANA,-117.45361328125,34.109798431396484
8880978,2019,2019-06-21,3604,2019-06-04,1417,497,NA,2,5,6,3604,0,0,0,NA,0,NA,ARROW RT,CYPRESS AV,0,NA,Y,A,-,N,NA,NA,NA,NA,NA,NA,NA,NA,NA,Y,3,0,1,3,A,-,09,21802,A,N,D,C,A,A,H,-,A,A,0,NA,NA,Y,NA,Y,NA,A,01,0,1,0,0,0,0,0,0,1,-,-,NA,NA,SAN BERNARDINO,FONTANA,-117.44448852539063,34.09933090209961
8881017,2019,2019-06-25,3604,2019-05-29,1429,1156,NA,3,5,6,3604,0,0,0,NA,0,NA,CHERRY,SLOVER AV,40,S,N,A,-,N,NA,NA,NA,NA,NA,NA,NA,NA,NA,Y,4,0,1,2,A,-,09,21804,A,N,D,C,A,A,H,-,A,A,0,NA,NA,NA,NA,Y,NA,A,01,0,0,1,0,0,0,0,0,0,-,-,NA,NA,SAN BERNARDINO,FONTANA,-117.48896026611328,34.06275939941406
8882232,2019,2019-07-24,3600,2019-06-20,2206,E2055,HE221,4,5,5,3619,0,0,0,NA,0,HE2,HESPERIA RD,LEMON ST,465,S,N,A,-,N,NA,NA,NA,NA,NA,NA,NA,NA,NA,Y,4,0,1,1,A,-,08,22107,NA,N,E,I,A,A,H,-,C,A,0,NA,NA,NA,NA,Y,NA,A,01,0,0,1,0,0,0,0,0,0,-,-,NA,NA,SAN BERNARDINO,HESPERIA,-117.29774475097656,34.44322204589844
8882841,2019,2019-07-10,3600,2019-05-08,2018,F5111,HE121,3,5,5,3619,0,0,0,NA,0,HE1,BALSAM AV,MOJAVE ST,0,NA,Y,A,-,N,NA,NA,NA,NA,NA,NA,NA,NA,NA,Y,3,0,1,2,A,-,12,22450,A,N,D,C,A,A,H,-,D,A,0,NA,NA,NA,NA,Y,NA,-,NA,0,1,0,0,0,0,0,0,0,-,-,NA,NA,SAN BERNARDINO,HESPERIA,-117.32959747314452,34.44144058227539
8885236,2019,2019-07-19,3605,2019-06-15,2239,400,NA,6,5,4,3605,0,0,0,NA,0,NA,MISSION BL,PIPELINE AV,1393,E,N,A,-,N,NA,NA,NA,NA,NA,NA,NA,NA,NA,Y,3,0,1,3,A,-,01,23152,A,N,C,E,A,A,H,-,C,D,0,NA,NA,NA,NA,Y,Y,A,01,0,1,0,0,0,0,0,0,0,-,-,NA,NA,SAN BERNARDINO,MONTCLAIR,-117.71563720703124,34.05768966674805
8886241,2019,2019-07-17,3604,2019-06-15,1322,1327,3604,6,5,6,3604,0,0,0,NA,0,001,JURUPA AV,LIVE OAK,0,NA,Y,A,-,N,NA,NA,NA,NA,NA,NA,NA,NA,NA,Y,4,0,1,3,A,-,09,21802,A,M,D,C,A,A,H,-,A,D,0,NA,NA,NA,NA,Y,NA,A,01,0,0,1,0,0,0,0,0,0,-,-,NA,NA,SAN BERNARDINO,FONTANA,-117.48036193847656,34.04798889160156
8886243,2019,2019-07-17,3604,2019-06-07,0810,473,NA,5,5,6,3604,0,0,0,NA,0,NA,ARROW BL,PALMETTO AV,0,NA,Y,B,-,N,NA,NA,NA,NA,NA,NA,NA,NA,NA,Y,4,0,1,2,A,-,12,21453,A,N,D,C,A,A,H,-,A,A,0,NA,NA,NA,NA,Y,NA,A,08,0,0,1,0,0,0,0,0,0,-,-,NA,NA,SAN BERNARDINO,FONTANA,-117.42704010009766,34.099369049072266
8887719,2019,2019-08-19,3600,2019-05-05,0155,F7808,BL106,7,5,2,3680,0,0,0,NA,0,BL1,BIG BEAR BL,COTTAGE LN,0,NA,-,A,-,N,NA,NA,NA,NA,NA,NA,NA,NA,NA,Y,4,0,1,2,A,-,03,22350,NA,N,A,I,A,A,H,-,C,D,0,NA,NA,NA,NA,Y,Y,A,07,0,0,1,0,0,0,0,0,0,-,-,34.24359130859375,-116.9136199951172,SAN BERNARDINO,BIG BEAR LAKE,-116.91339111328124,34.24372100830078
8888216,2019,2019-07-05,3611,2019-05-13,1755,2297,3611,1,5,5,3611,0,0,0,NA,0,002,SAN ANTONIO AV,8TH ST,0,NA,Y,A,-,N,NA,NA,NA,NA,NA,NA,NA,NA,NA,N,3,0,1,2,A,-,12,21453,A,N,D,C,A,A,H,-,A,A,0,NA,NA,Y,NA,Y,NA,A,01,0,1,0,0,0,0,0,0,1,-,-,NA,NA,SAN BERNARDINO,UPLAND,-117.66072082519533,34.09246063232422
8889102,2019,2019-07-11,3608,2019-06-05,1930,4202,3608,3,5,5,3608,0,0,0,NA,0,NA,ORANGE ST,SUN AV,0,NA,Y,A,-,N,NA,NA,NA,NA,NA,NA,NA,NA,NA,Y,3,0,1,2,A,-,09,21801,A,N,E,I,A,A,H,-,A,D,0,NA,NA,NA,NA,Y,NA,A,01,0,1,0,0,0,0,0,0,0,-,-,NA,NA,SAN BERNARDINO,REDLANDS,-117.18251037597656,34.064048767089844
8889608,2019,2019-08-14,3600,2019-07-02,1316,G8023,HE304,2,5,5,3619,0,0,0,NA,0,HE3,MAIN ST,MARIPOSA RD,452,W,N,A,-,N,NA,NA,NA,NA,NA,NA,NA,NA,NA,N,4,0,2,2,A,-,03,22350,NA,N,C,C,A,A,H,-,A,A,0,NA,NA,NA,NA,Y,NA,A,07,0,0,2,0,0,0,0,0,0,-,-,NA,NA,SAN BERNARDINO,HESPERIA,-117.37905883789063,34.426822662353516
8890462,2019,2019-08-22,3600,2019-06-09,1926,F9052,YC,7,5,4,3640,0,0,0,NA,0,NA,YUCAIPA BL,YUCAIPA VALLEY CIR,0,NA,N,A,-,N,NA,NA,NA,NA,NA,NA,NA,NA,NA,Y,3,0,2,2,A,-,09,21801,A,N,A,C,A,A,H,-,A,A,0,NA,NA,NA,NA,Y,NA,-,NA,0,2,0,0,0,0,0,0,0,-,-,34.033958435058594,-117.06912231445313,SAN BERNARDINO,YUCAIPA,-117.069091796875,34.03403091430664
8891030,2019,2019-07-18,3604,2019-06-17,1508,1047,NA,1,5,6,3604,0,0,0,NA,0,NA,MERRILL AV,LOCUST AV,78,W,N,A,-,N,NA,NA,NA,NA,NA,NA,NA,NA,NA,Y,4,0,1,3,A,-,03,22350,NA,N,C,C,A,A,H,-,A,A,0,NA,NA,NA,NA,Y,NA,A,01,0,0,1,0,0,0,0,0,0,-,-,NA,NA,SAN BERNARDINO,FONTANA,-117.40989685058594,34.09221649169922
8891346,2019,2020-09-18,3610,2019-05-22,2014,50700,NA,3,5,6,3610,0,0,0,NA,0,POLICE,S CLUB CENTER  DR,E REDLANDS BL,0,NA,Y,C,-,Y,SBD,8,10,-,-,25.004,R,4,E,Y,3,0,1,1,A,-,08,22107,NA,N,E,I,A,B,H,-,C,A,0,NA,NA,NA,NA,Y,NA,A,01,0,1,0,0,0,0,0,0,0,-,-,34.06304168701172,-117.28383636474608,SAN BERNARDINO,SAN BERNARDINO,-117.28348541259766,34.063785552978516
8891356,2019,2020-01-29,3610,2019-05-29,1130,51080,NA,3,5,6,3610,0,0,0,NA,0,POLCIE,RT 18,LOWER WATERMAN CYN,0,NA,-,A,-,Y,SBD,8,18,-,-,9.14,H,-,N,Y,3,0,1,2,A,-,08,22107,NA,N,D,C,A,A,H,-,A,D,0,NA,NA,Y,NA,Y,NA,A,01,0,1,0,0,0,0,0,0,1,-,-,NA,NA,SAN BERNARDINO,SAN BERNARDINO,-117.27371215820313,34.18239212036133
8894492,2019,2019-07-19,3610,2019-05-29,1430,51172,NA,3,5,6,3610,0,0,0,NA,0,CHARLI,N STERLING AV,E CITRUS ST,65,S,N,A,-,N,NA,NA,NA,NA,NA,NA,NA,NA,NA,N,3,0,1,2,A,-,11,21954,A,N,G,B,D,A,H,-,A,D,0,Y,NA,NA,NA,Y,NA,N,60,0,1,0,0,1,0,0,0,0,-,-,34.143028259277344,-117.24375152587892,SAN BERNARDINO,SAN BERNARDINO,-117.24369049072266,34.1438102722168
8895918,2019,2019-08-01,3600,2019-06-05,1932,G4509,RCSUP,3,5,5,3630,0,0,0,NA,0,CH2,VAL VERDE AV,SAN JOSE AV,100,W,N,A,-,N,NA,NA,NA,NA,NA,NA,NA,NA,NA,N,3,0,1,2,A,-,11,21954,A,N,G,B,D,A,H,-,A,D,0,Y,NA,NA,NA,Y,NA,N,60,0,1,0,0,1,0,0,0,0,-,-,NA,NA,SAN BERNARDINO,CHINO HILLS,-117.71195220947266,33.96863555908203
8896007,2019,2020-01-21,3610,2019-06-02,2315,51050,NA,7,5,6,3610,0,0,0,NA,0,POLICE,N H ST,HIGHLAND AV,0,NA,Y,A,-,N,NA,NA,NA,NA,NA,NA,NA,NA,NA,Y,4,0,1,2,A,-,09,21801,A,N,B,C,A,A,H,-,C,A,0,NA,NA,NA,NA,Y,NA,A,01,0,0,1,0,0,0,0,0,0,-,-,34.13600158691406,-117.30087280273438,SAN BERNARDINO,SAN BERNARDINO,-117.30088043212892,34.13602066040039
8896850,2019,2019-07-30,3600,2019-06-05,1728,F5705,NA,3,5,3,3617,0,0,0,NA,0,TW1,EL PASEO DR,MARIPOSA AV,0,NA,Y,A,-,N,NA,NA,NA,NA,NA,NA,NA,NA,NA,Y,4,0,1,2,A,-,12,22450,A,N,D,C,A,A,H,-,A,A,0,NA,NA,NA,NA,Y,NA,-,NA,0,0,1,0,0,0,0,0,0,-,-,34.14242935180664,-116.09043884277344,SAN BERNARDINO,TWENTYNINE PALMS,-116.09046173095705,34.14242172241211
8897164,2019,2019-08-02,3610,2019-05-13,1729,50866,NA,1,5,6,3610,0,0,0,NA,0,NA,5TH ST,N D ST,0,NA,Y,A,-,N,NA,NA,NA,NA,NA,NA,NA,NA,NA,Y,4,0,1,2,A,-,09,21801,A,N,D,C,A,A,H,-,A,A,0,NA,NA,NA,NA,Y,NA,A,01,0,0,1,0,0,0,0,0,0,-,-,34.10831069946289,-117.29190826416016,SAN BERNARDINO,SAN BERNARDINO,-117.29189300537108,34.10831069946289
8897508,2019,2019-07-19,3608,2019-06-17,1227,4202,3608,1,5,5,3608,0,0,0,NA,0,NA,E CITRUS AV,N CHURCH ST,37,E,N,A,-,N,NA,NA,NA,NA,NA,NA,NA,NA,NA,N,4,0,1,2,A,-,03,22350,NA,N,C,C,A,A,H,-,A,D,0,NA,NA,NA,NA,Y,NA,A,01,0,0,1,0,0,0,0,0,0,-,-,NA,NA,SAN BERNARDINO,REDLANDS,-117.17372894287108,34.055538177490234
8898743,2019,2019-07-22,3600,2019-06-27,1358,E8738,CH019,4,5,5,3630,0,0,0,NA,0,CH3,WOODVIEW RD,CORONET ST,1584,E,N,A,-,N,NA,NA,NA,NA,NA,NA,NA,NA,NA,Y,3,0,1,1,A,-,03,22350,NA,N,F,I,A,A,H,-,A,D,0,NA,NA,NA,NA,Y,NA,A,01,0,1,0,0,0,0,0,0,0,-,-,NA,NA,SAN BERNARDINO,CHINO HILLS,-117.72367095947266,33.964759826660156
8901076,2019,2019-08-21,3610,2019-06-07,0439,51136,NA,5,5,6,3610,0,0,0,NA,0,DAVID,TIPPECANOE AV,E HARRY SHEPARD BL,0,NA,Y,A,-,N,NA,NA,NA,NA,NA,NA,NA,NA,NA,N,3,0,1,2,C,-,18,NA,NA,N,G,B,D,A,H,-,C,A,0,Y,NA,NA,NA,Y,NA,-,-,0,1,0,0,1,0,0,0,0,-,-,34.098140716552734,-117.25965881347656,SAN BERNARDINO,SAN BERNARDINO,-117.2597427368164,34.098079681396484
8901084,2019,2019-08-21,3610,2019-06-07,0733,51155,NA,5,5,6,3610,0,0,0,NA,0,DAVID,E COULSTON ST,BARRINGTON PL,40,W,N,-,-,N,NA,NA,NA,NA,NA,NA,NA,NA,NA,Y,3,0,1,3,A,-,03,22350,NA,N,C,E,A,A,H,-,A,D,0,NA,NA,NA,NA,Y,NA,A,01,0,1,0,0,0,0,0,0,0,-,-,34.06903076171875,-117.25422668457033,SAN BERNARDINO,SAN BERNARDINO,-117.25420379638672,34.06898498535156
8902073,2019,2019-08-02,3609,2019-06-15,2152,3198,RI095,6,5,5,3609,0,0,0,NA,0,001,AYALA D,BASELINE RD,0,NA,Y,A,-,N,NA,NA,NA,NA,NA,NA,NA,NA,NA,Y,4,0,1,2,A,-,01,23152,B,N,D,C,A,A,H,-,C,A,0,NA,NA,NA,NA,Y,Y,A,01,0,0,1,0,0,0,0,0,0,-,-,34.125099182128906,-117.40560150146484,SAN BERNARDINO,RIALTO,-117.396622,34.121313
8903225,2019,2019-08-07,3600,2019-06-24,1616,F5111,HE210,1,5,5,3619,0,0,0,NA,0,HE2,SMOKETREE ST,E AVENUE,0,NA,Y,A,-,N,NA,NA,NA,NA,NA,NA,NA,NA,NA,Y,3,0,2,2,A,-,09,21802,A,N,D,C,A,A,H,-,A,A,0,NA,NA,NA,NA,Y,NA,D,22,0,2,0,0,0,0,0,0,0,-,-,NA,NA,SAN BERNARDINO,HESPERIA,-117.29170989990234,34.42399978637695
8905435,2019,2019-09-13,3600,2019-06-05,1903,H7557,NA,3,5,5,3612,0,0,0,NA,0,NA,HESPERIA RD,BEAR VALLEY RD,0,NA,Y,A,-,N,NA,NA,NA,NA,NA,NA,NA,NA,NA,N,4,0,1,2,A,-,03,22350,NA,N,C,C,A,A,H,-,A,A,0,NA,NA,NA,NA,Y,NA,A,01,0,0,1,0,0,0,0,0,0,-,-,NA,NA,SAN BERNARDINO,VICTORVILLE,-117.2919692993164,34.47092056274414
8906574,2019,2019-08-06,3610,2019-07-04,1624,51153,NA,4,5,6,3610,0,0,0,NA,0,DAVID,WATERMAN AV,PARK CENTER CIR,0,NA,Y,A,-,N,NA,NA,NA,NA,NA,NA,NA,NA,NA,Y,4,0,4,2,A,-,03,22350,NA,M,C,C,A,A,H,-,A,A,0,NA,NA,NA,NA,Y,NA,A,01,0,0,4,0,0,0,0,0,0,-,-,34.07440948486328,-117.27877044677734,SAN BERNARDINO,SAN BERNARDINO,-117.27866363525392,34.07653045654297
8907459,2019,2019-08-13,3610,2019-07-09,2500,51013,NA,2,5,6,3610,0,0,0,NA,0,ADAM,N CABRERA AV,W 6TH ST,0,NA,Y,A,-,N,NA,NA,NA,NA,NA,NA,NA,NA,NA,N,4,0,1,2,A,-,09,21801,B,M,D,C,A,A,H,-,A,D,0,NA,NA,NA,NA,Y,NA,-,99,0,0,1,0,0,0,0,0,0,-,-,34.110870361328125,-117.32095336914063,SAN BERNARDINO,SAN BERNARDINO,-117.32037353515624,34.110198974609375
8907472,2019,2019-08-13,3610,2019-07-15,1242,51080,NA,1,5,6,3610,0,0,0,NA,0,ADAM,W 9TH ST,N MT VERNON AV,0,NA,Y,A,-,N,NA,NA,NA,NA,NA,NA,NA,NA,NA,Y,3,0,2,2,A,-,09,21802,A,N,D,C,A,A,H,-,A,A,0,NA,NA,NA,NA,Y,NA,A,01,0,1,1,0,0,0,0,0,0,-,-,34.11579895019531,-117.31381225585938,SAN BERNARDINO,SAN BERNARDINO,-117.3138427734375,34.115760803222656
8907492,2019,2019-08-13,3610,2019-07-08,1638,51166,NA,1,5,6,3610,0,0,0,NA,0,CHARLI,NORTH WATERMAN AV,E 21ST ST,0,NA,Y,A,-,N,NA,NA,NA,NA,NA,NA,NA,NA,NA,Y,4,0,2,3,A,-,12,21453,A,N,D,C,A,A,H,-,A,A,0,NA,NA,NA,NA,Y,NA,A,01,0,0,2,0,0,0,0,0,0,-,-,34.134090423583984,-117.2787628173828,SAN BERNARDINO,SAN BERNARDINO,-117.2787628173828,34.13405990600586
8907516,2019,2019-08-13,3610,2019-07-08,1915,51195,NA,1,5,6,3610,0,0,0,NA,0,CHARLI,E PACIFIC ST,VICTORIA AV,479,W,N,A,-,N,NA,NA,NA,NA,NA,NA,NA,NA,NA,Y,4,0,3,2,A,-,09,21804,A,N,D,C,A,A,H,-,A,D,0,NA,NA,NA,NA,Y,NA,A,01,0,0,3,0,0,0,0,0,0,-,-,34.12575149536133,-117.2278289794922,SAN BERNARDINO,SAN BERNARDINO,-117.22779083251952,34.1285514831543
8907959,2019,2019-08-16,3600,2019-06-15,1515,H6875,YV015,6,5,3,3631,0,0,0,NA,0,NA,29 PALMS OUTER HWY,AIRWAY AV,500,W,N,A,-,N,NA,NA,NA,NA,NA,NA,NA,NA,NA,N,4,0,1,2,A,-,09,21801,A,N,A,C,A,A,H,-,A,D,0,NA,NA,Y,NA,Y,NA,A,01,0,0,1,0,0,0,0,0,0,-,-,34.12379837036133,-116.41100311279295,SAN BERNARDINO,YUCCA VALLEY,-116.41168975830078,34.12419509887695
8908299,2019,2020-01-29,3600,2019-07-12,1903,G3225,AP002,5,5,5,3621,0,0,0,NA,0,AP1,RT 18,APPLE VALLEY RD,1723,W,N,A,-,Y,SBD,8,18,-,-,94.06,H,-,N,Y,3,0,1,2,A,-,01,23152,A,N,C,C,A,A,H,-,A,D,0,NA,NA,Y,NA,Y,Y,C,02,0,1,0,0,0,0,0,0,1,-,-,NA,NA,SAN BERNARDINO,APPLE VALLEY,-117.2665557861328,34.540645599365234
8908582,2019,2019-08-12,3610,2019-07-07,1509,50851,NA,7,5,6,3610,0,0,0,NA,0,POLICE,W 16TH ST,N MASSARO LN,0,NA,Y,A,-,N,NA,NA,NA,NA,NA,NA,NA,NA,NA,Y,3,0,1,1,A,-,03,22350,1,N,E,I,A,A,H,-,A,A,0,NA,NA,NA,NA,Y,NA,A,07,0,1,0,0,0,0,0,0,0,-,-,NA,NA,SAN BERNARDINO,SAN BERNARDINO,-117.32518005371094,34.12855911254883
8909370,2019,2019-08-09,3605,2019-07-09,1624,364,NA,2,5,4,3605,0,0,0,NA,0,NA,BENITO ST,CENTRAL AV,646,W,N,A,-,N,NA,NA,NA,NA,NA,NA,NA,NA,NA,Y,4,0,2,1,A,-,08,22107,NA,N,A,I,A,A,H,-,A,D,0,NA,NA,NA,NA,Y,NA,A,01,0,0,2,0,0,0,0,0,0,-,-,NA,NA,SAN BERNARDINO,MONTCLAIR,-117.69175720214844,34.074005126953125
8910355,2019,2020-01-08,3604,2019-08-04,1727,1147,NA,7,5,6,3604,0,0,0,NA,0,NA,BEECH,S HIGHLAND AV,696,N,N,A,-,Y,SBD,8,210,-,-,13.154,R,4,E,NA,4,0,1,2,A,-,09,21802,A,N,D,C,A,A,H,-,A,A,0,NA,NA,NA,NA,Y,NA,A,08,0,0,1,0,0,0,0,0,0,-,-,NA,NA,SAN BERNARDINO,FONTANA,-117.4670639038086,34.13630294799805
8910984,2019,2020-05-15,3600,2019-11-30,1706,A8310,VC035,6,5,5,3612,0,0,0,NA,0,VC1,RT 18,HESPERIA RD,100,E,N,B,-,Y,SBD,8,18,-,-,95.63,H,-,N,Y,1,1,2,4,A,-,01,23152,A,N,C,C,E,B,H,-,C,A,0,Y,NA,NA,NA,Y,Y,A,07,1,0,1,1,1,0,0,0,0,-,-,NA,NA,SAN BERNARDINO,VICTORVILLE,-117.29083251953124,34.534812927246094
8911207,2019,2020-06-16,3600,2019-12-28,0800,F4486,YV015,6,5,3,3631,0,0,0,NA,0,0YV,PAXTON RD,BALSA AV,356,W,N,A,-,N,NA,NA,NA,NA,NA,NA,NA,NA,NA,Y,1,1,0,2,A,-,09,21804,A,N,D,C,A,C,G,-,A,D,0,NA,NA,Y,NA,Y,NA,C,03,0,0,0,0,0,0,0,1,0,-,-,34.135040283203125,-116.3971710205078,SAN BERNARDINO,YUCCA VALLEY,-116.39712524414063,34.13505935668945
8911312,2020,2020-07-14,3601,2020-05-21,1009,J.SILVA,BARST,4,5,3,3601,0,0,0,NA,0,PATROL,MURIEL DR,KELLY DR,191,N,-,-,-,N,NA,NA,NA,NA,NA,NA,NA,NA,NA,Y,1,1,2,3,A,-,05,21651,A,N,A,C,A,A,H,-,A,D,0,NA,NA,NA,NA,Y,NA,-,NA,0,0,2,0,0,0,0,0,0,-,-,NA,NA,SAN BERNARDINO,BARSTOW,-117.0122528076172,34.892250061035156
8911355,2020,2022-06-13,3600,2020-01-15,2316,D6902,YV015,3,5,3,3631,0,0,0,NA,0,YV1,RT 62,PRESCOTT AV,0,NA,Y,A,-,Y,SBD,8,62,-,-,13.919,I,5,W,Y,1,1,0,2,A,-,09,21801,NA,M,A,C,A,A,H,-,C,D,0,NA,NA,Y,Y,Y,NA,F,26,0,0,0,0,0,0,0,1,0,-,-,34.13169860839844,-116.38990020751952,SAN BERNARDINO,YUCCA VALLEY,-116.38957214355467,34.131927490234375
8911491,2020,2020-10-22,3609,2020-07-15,0343,1899,R006,3,5,5,3609,0,0,0,NA,0,001,RIVERSIDE AV,ASHFORD AV,201,N,N,A,-,N,NA,NA,NA,NA,NA,NA,NA,NA,NA,N,1,1,0,2,A,-,11,21956,A,N,G,B,E,A,H,-,D,B,0,Y,NA,NA,NA,Y,Y,N,60,0,0,0,1,0,0,0,0,0,-,-,34.157920837402344,-117.40242767333984,SAN BERNARDINO,RIALTO,-117.4024658203125,34.15802764892578
8911557,2020,2020-09-16,3604,2020-07-13,2351,497,NA,1,5,6,3604,0,0,0,NA,0,NA,FOOTHILL BL,CHERRY AV,305,W,N,A,-,N,NA,NA,NA,NA,NA,NA,NA,NA,NA,N,1,1,0,2,A,-,11,21954,A,N,G,B,D,A,H,-,C,A,0,Y,NA,NA,NA,Y,NA,N,60,0,0,0,1,0,0,0,0,0,-,-,34.623138427734375,-117.29241180419922,SAN BERNARDINO,FONTANA,-117.48981475830078,34.106651306152344
8911580,2019,2020-09-22,3607,2019-12-02,1425,80263,950,1,5,6,3607,0,0,0,NA,0,012,HOLT BL,BENSON AV,0,NA,Y,A,-,N,NA,NA,NA,NA,NA,NA,NA,NA,NA,Y,1,1,1,3,A,-,09,21801,A,N,D,C,A,A,H,-,A,A,0,NA,NA,NA,Y,Y,NA,A,01,0,1,0,0,0,0,0,0,0,-,-,NA,NA,SAN BERNARDINO,ONTARIO,-117.68081665039063,34.063289642333984
8911864,2020,2020-12-04,3600,2020-08-17,1150,D2561,VC051,1,5,5,3612,0,0,0,NA,0,VC6,VILLAGE DR,LLANADA AV,0,NA,Y,A,-,N,NA,NA,NA,NA,NA,NA,NA,NA,NA,Y,1,1,1,3,A,-,01,23152,F,N,A,C,A,A,H,-,A,A,0,NA,NA,NA,NA,Y,NA,A,01,1,0,0,0,0,0,0,0,0,-,-,NA,NA,SAN BERNARDINO,VICTORVILLE,-117.33399963378906,34.5453987121582
8914563,2019,2019-08-12,3603,2019-06-09,2325,4817,CPD,7,5,4,3603,0,0,0,NA,0,002,MT VERNON AV,VALLEY BL,0,NA,Y,A,-,N,NA,NA,NA,NA,NA,NA,NA,NA,NA,Y,4,0,1,2,A,-,12,21453,A,N,D,C,A,A,H,-,C,A,0,NA,NA,NA,NA,Y,NA,A,07,0,0,1,0,0,0,0,0,0,-,-,NA,NA,SAN BERNARDINO,COLTON,-117.3138427734375,34.0654411315918