CASE_ID,ACCIDENT_YEAR,PROC_DATE,JURIS,COLLISION_DATE,COLLISION_TIME,OFFICER_ID,REPORTING_DISTRICT,DAY_OF_WEEK,CHP_SHIFT,POPULATION,CNTY_CITY_LOC,SPECIAL_COND,BEAT_TYPE,CHP_BEAT_TYPE,CITY_DIVISION_LAPD,CHP_BEAT_CLASS,BEAT_NUMBER,PRIMARY_RD,SECONDARY_RD,DISTANCE,DIRECTION,INTERSECTION,WEATHER_1,WEATHER_2,STATE_HWY_IND,CALTRANS_COUNTY,CALTRANS_DISTRICT,STATE_ROUTE,ROUTE_SUFFIX,POSTMILE_PREFIX,POSTMILE,LOCATION_TYPE,RAMP_INTERSECTION,SIDE_OF_HWY,TOW_AWAY,COLLISION_SEVERITY,NUMBER_KILLED,NUMBER_INJURED,PARTY_COUNT,PRIMARY_COLL_FACTOR,PCF_CODE_OF_VIOL,PCF_VIOL_CATEGORY,PCF_VIOLATION,PCF_VIOL_SUBSECTION,HIT_AND_RUN,TYPE_OF_COLLISION,MVIW,PED_ACTION,ROAD_SURFACE,ROAD_COND_1,ROAD_COND_2,LIGHTING,CONTROL_DEVICE,CHP_ROAD_TYPE,PEDESTRIAN_ACCIDENT,BICYCLE_ACCIDENT,MOTORCYCLE_ACCIDENT,TRUCK_ACCIDENT,NOT_PRIVATE_PROPERTY,ALCOHOL_INVOLVED,STWD_VEHTYPE_AT_FAULT,CHP_VEHTYPE_AT_FAULT,COUNT_SEVERE_INJ,COUNT_VISIBLE_INJ,COUNT_COMPLAINT_PAIN,COUNT_PED_KILLED,COUNT_PED_INJURED,COUNT_BICYCLIST_KILLED,COUNT_BICYCLIST_INJURED,COUNT_MC_KILLED,COUNT_MC_INJURED,PRIMARY_RAMP,SECONDARY_RAMP,LATITUDE,LONGITUDE,COUNTY,CITY,POINT_X,POINT_Y
9031014,2019,2020-01-25,3610,2019-11-15,1520,50716,NA,5,5,6,3610,0,0,0,NA,0,NA,NORTH SIERRA WY,E 27TH ST,0,NA,Y,A,-,N,NA,NA,NA,NA,NA,NA,NA,NA,NA,Y,4,0,3,2,A,-,09,21802,A,N,D,C,A,A,H,-,A,A,0,NA,NA,NA,NA,Y,NA,A,01,0,0,3,0,0,0,0,0,0,-,-,34.14065933227539,-117.28514099121094,SAN BERNARDINO,SAN BERNARDINO,-117.2851333618164,34.14064025878906
9031018,2019,2020-01-25,3610,2019-11-16,0832,50917,NA,6,5,6,3610,0,0,0,NA,0,NA,N D ST,W 7TH ST,0,NA,Y,A,-,N,NA,NA,NA,NA,NA,NA,NA,NA,NA,N,2,0,1,2,A,-,-,NA,NA,F,G,B,D,A,H,-,A,D,0,Y,NA,NA,NA,Y,NA,N,60,1,0,0,0,1,0,0,0,0,-,-,34.112300872802734,-117.29197692871094,SAN BERNARDINO,SAN BERNARDINO,-117.29190063476563,34.11204147338867
90311128,2016,2016-11-04,9860,2016-10-28,1845,020387,NA,5,2,6,3610,0,1,1,NA,2,214,I-215 SOUTHBOUND,5TH ST.,200,S,N,B,-,Y,NA,NA,215,NA,NA,NA,NA,NA,S,N,4,0,2,2,A,-,03,22350,NA,N,C,C,A,A,H,-,D,D,0,NA,NA,NA,NA,Y,NA,A,01,0,0,2,0,0,0,0,0,0,-,-,34.10684,-117.30287,SAN BERNARDINO,SAN BERNARDINO,-117.30289765,34.10683619
90291310,2016,2016-10-13,9855,2016-10-08,0515,018313,NA,6,3,9,3600,0,1,3,NA,1,011,SAN BERNARDINO AVE.,LIVE OAK AVE.,80,E,N,A,-,N,NA,NA,NA,NA,NA,NA,NA,NA,NA,Y,3,0,1,1,A,-,01,23152,A,N,E,I,A,A,H,-,C,D,0,NA,NA,NA,NA,Y,Y,D,22,0,1,0,0,0,0,0,0,0,-,-,34.07745,-117.47978,SAN BERNARDINO,UNINCORPORATED,-117.47963663,34.07743473
90312543,2016,2016-11-07,9855,2016-10-29,1435,020002,NA,6,2,6,3616,0,1,1,NA,2,152,I-15 S/B (ONTARIO FWY),4TH ST.,800,N,N,A,-,Y,NA,NA,15,NA,NA,NA,NA,NA,S,Y,4,0,1,2,A,-,03,22350,NA,N,C,C,A,A,H,-,A,D,0,NA,NA,NA,NA,Y,NA,A,01,0,0,1,0,0,0,0,0,0,-,-,34.08513,-117.5449,SAN BERNARDINO,RANCHO CUCAMONGA,-117.54491993,34.08513028
90313673,2016,2016-11-08,9835,2016-10-31,1500,021035,NA,1,2,9,3600,0,3,5,NA,2,034,AFTON CANYON RD.,20866 COUNTY RD.,2587,S,N,A,-,N,NA,NA,NA,NA,NA,NA,NA,NA,NA,N,4,0,1,1,A,-,08,22107,NA,N,E,I,A,A,H,-,D,D,0,NA,NA,NA,NA,Y,NA,A,07,0,0,1,0,0,0,0,0,0,-,-,35.0644,-116.4054,SAN BERNARDINO,UNINCORPORATED,-116.4054,35.0644
9029201,2019,2020-01-25,3600,2019-12-11,0646,H5159,AD107,3,5,3,3613,0,0,0,NA,0,AD2,AIR EXPWY,JONATHAN ST,0,NA,Y,A,-,N,NA,NA,NA,NA,NA,NA,NA,NA,NA,N,4,0,1,2,A,-,09,21801,A,N,D,C,A,A,H,-,A,A,0,NA,NA,NA,NA,Y,NA,A,NA,0,0,1,0,0,0,0,0,0,-,-,NA,NA,SAN BERNARDINO,ADELANTO,-117.409065,34.571989
90277863,2016,2016-09-28,9855,2016-09-21,1238,016829,NA,3,1,6,3607,0,1,1,NA,2,103,I-10 E/B (SAN BERNARDINO FWY),FOURTH ST.,175,E,N,B,-,Y,NA,NA,NA,NA,NA,NA,NA,NA,NA,Y,3,0,1,3,A,-,03,22350,NA,N,C,C,A,A,H,-,A,D,0,NA,NA,NA,NA,Y,NA,A,01,0,1,0,0,0,0,0,0,0,-,-,34.433,-117.3723,SAN BERNARDINO,ONTARIO,-117.62311405,34.0773595
90316122,2016,2016-11-10,9865,2016-11-05,1645,019929,NA,6,2,9,3600,0,1,3,NA,2,031,SR-38,DIVISION DRIVE,0,NA,Y,A,-,Y,NA,NA,38,NA,NA,NA,NA,NA,NA,Y,4,0,1,2,A,-,09,21802,A,N,D,C,A,A,H,-,A,D,0,NA,NA,NA,NA,Y,NA,A,01,0,0,1,0,0,0,0,0,0,-,-,34.26544,-116.86606,SAN BERNARDINO,UNINCORPORATED,-116.8660596,34.26526323
90278265,2016,2016-09-28,9860,2016-09-22,1400,15763,NA,4,2,4,3603,0,1,1,NA,2,103,I-10 W/B TO PEPPER AVENUE,PEPPER AVENUE,528,E,N,A,-,Y,NA,NA,10,NA,NA,NA,R,NA,W,N,4,0,2,2,A,-,03,22350,NA,N,C,C,A,A,H,-,A,A,0,NA,NA,NA,NA,Y,NA,A,07,0,0,2,0,0,0,0,0,0,-,-,34.06921,-117.35055,SAN BERNARDINO,COLTON,-117.35055,34.06921
90282053,2016,2016-10-03,9855,2016-09-24,0001,020231,NA,6,3,9,3600,0,2,4,NA,2,031,MOUNTAIN AVE.,SHINN RD.,5280,S,N,A,-,N,NA,NA,NA,NA,NA,NA,NA,NA,NA,Y,3,0,1,1,A,-,03,22350,NA,N,E,I,A,A,H,-,D,D,0,NA,NA,NA,NA,Y,NA,A,01,0,1,0,0,0,0,0,0,0,-,-,34.16238,-117.67333000000001,SAN BERNARDINO,UNINCORPORATED,-117.67340004,34.16240852
90261110,2016,2016-09-06,9860,2016-08-30,2150,017784,NA,2,2,4,3603,0,1,1,NA,2,214,INTERSTATE 215 NORTHBOUND,IOWA AVENUE,650,N,N,A,-,Y,NA,NA,215,NA,NA,NA,NA,NA,N,Y,3,0,6,3,A,-,04,21703,NA,N,C,C,A,A,H,-,D,D,0,NA,NA,NA,NA,Y,NA,A,08,0,1,5,0,0,0,0,0,0,-,-,34.02542,-117.33402,SAN BERNARDINO,COLTON,-117.33402136,34.02542126
90285762,2016,2016-10-06,9855,2016-09-30,1651,017808,NA,5,2,9,3600,0,3,5,NA,2,001,ETIWANDA AVE.,VALLEY BLVD.,0,NA,Y,A,-,N,NA,NA,NA,NA,NA,NA,NA,NA,NA,Y,3,0,3,3,A,-,12,21453,A,N,D,C,A,A,H,-,A,A,0,NA,NA,NA,NA,Y,NA,A,01,0,1,2,0,0,0,0,0,0,-,-,34.07098,-117.52398,SAN BERNARDINO,UNINCORPORATED,-117.52421009,34.07098008
90286775,2016,2016-10-07,9855,2016-10-05,0555,014366,NA,3,3,6,3607,0,1,3,NA,2,601,SR-60 W/B (POMONA FWY),GROVE AVE.,575,E,N,A,-,Y,NA,NA,NA,NA,NA,NA,NA,NA,NA,Y,4,0,1,2,A,-,07,21658,A,F,B,C,A,A,H,-,D,D,0,NA,NA,Y,NA,Y,NA,D,22,0,0,1,0,0,0,0,0,1,-,-,NA,NA,SAN BERNARDINO,ONTARIO,-117.62656725,34.03060279
90287480,2016,2016-10-10,9860,2016-10-04,0832,016575,NA,2,1,6,3610,0,1,1,NA,2,202,SR-210 W/B,STERLING AVE. U/C,300,W,N,A,-,Y,NA,NA,210,NA,NA,NA,NA,NA,W,Y,4,0,1,2,A,-,03,22350,NA,N,C,C,A,A,H,-,A,D,0,NA,NA,NA,NA,Y,NA,D,22,0,0,1,0,0,0,0,0,0,-,-,34.13963,-117.24479,SAN BERNARDINO,SAN BERNARDINO,-117.24480607,34.13959102
9032280,2019,2020-01-25,3610,2019-11-20,1644,NA,NA,3,5,6,3610,0,0,0,NA,0,NA,N PALM AV,W MEYERS RD,57,N,N,B,-,N,NA,NA,NA,NA,NA,NA,NA,NA,NA,Y,2,0,1,1,A,-,03,22350,I,N,E,I,A,B,H,-,B,D,0,NA,NA,NA,NA,Y,NA,A,01,1,0,0,0,0,0,0,0,0,-,-,34.20016860961914,-117.35552978515624,SAN BERNARDINO,SAN BERNARDINO,-117.35520935058594,34.20077896118164
9032440,2020,2020-03-17,3600,2020-01-10,1555,G9467,AP022,5,5,5,3621,0,0,0,NA,0,AP4,PANOCHE RD,MANHASSET RD,0,NA,Y,A,-,N,NA,NA,NA,NA,NA,NA,NA,NA,NA,N,4,0,1,2,A,-,12,22450,A,N,D,C,A,A,H,-,A,A,0,NA,NA,NA,NA,Y,NA,A,01,0,0,1,0,0,0,0,0,0,-,-,NA,NA,SAN BERNARDINO,APPLE VALLEY,-117.18791961669922,34.44575881958008
90290091,2016,2016-10-12,9835,2016-10-07,1531,021256,NA,5,2,9,3600,0,1,1,NA,2,072,I-15 S/B,GHOST TOWN ROAD,3326,S,N,A,-,Y,NA,NA,NA,NA,NA,NA,NA,NA,NA,Y,3,0,1,1,A,-,08,22107,NA,N,E,I,A,A,H,-,A,D,0,NA,NA,Y,NA,Y,NA,C,02,0,1,0,0,0,0,0,0,1,-,-,34.54485,-116.54239,SAN BERNARDINO,UNINCORPORATED,NA,NA
90327355,2016,2016-11-22,9855,2016-11-10,0403,019732,NA,4,3,6,3604,0,1,1,NA,2,201,SR-210 W/B (FOOTHILL FWY),CHERRY AVE.,315,W,N,A,-,Y,NA,NA,NA,NA,NA,NA,NA,NA,NA,Y,3,0,1,1,A,-,01,23152,A,N,F,I,A,A,H,-,C,A,0,NA,NA,NA,NA,Y,Y,A,01,0,1,0,0,0,0,0,0,0,-,-,34.1377,-117.4833,SAN BERNARDINO,FONTANA,-117.48945803,34.13653773
90302127,2016,2016-10-26,9865,2016-10-22,1300,017407,NA,6,1,9,3600,0,1,3,NA,1,022,STATE ROUTE 18,SOUTAR DR,0,NA,Y,A,-,Y,NA,NA,18,NA,NA,NA,NA,NA,NA,Y,4,0,1,2,A,-,09,21802,A,N,D,C,A,A,H,-,A,A,0,NA,NA,NA,NA,Y,NA,A,01,0,0,1,0,0,0,0,0,0,-,-,34.20425,-117.10089,SAN BERNARDINO,UNINCORPORATED,-117.10090492,34.20422713
90290378,2016,2016-10-12,9860,2016-10-04,0745,15763,NA,2,1,9,3600,0,2,4,NA,1,410,VALLEY BOULEVARD,LINDEN AVENUE,0,NA,Y,A,-,N,NA,NA,NA,NA,NA,NA,NA,NA,NA,Y,3,0,3,2,A,-,12,21453,A,N,D,C,A,A,H,-,A,A,0,NA,NA,NA,NA,Y,NA,A,01,0,1,2,0,0,0,0,0,0,-,-,34.07052,-117.40082,SAN BERNARDINO,UNINCORPORATED,-117.40077001,34.07048008
90329951,2016,2016-11-28,9855,2016-11-16,0705,012480,NA,3,1,6,3616,0,1,1,NA,2,202,SR-210 W/B (FOOTHILL FWY),ETIWANDA AVE.,600,W,N,B,-,Y,NA,NA,210,NA,NA,NA,NA,NA,W,N,4,0,4,2,A,-,03,22350,NA,N,C,C,A,A,H,-,A,D,0,NA,NA,NA,NA,Y,NA,D,22,0,0,4,0,0,0,0,0,0,-,-,34.1364,-117.5254,SAN BERNARDINO,RANCHO CUCAMONGA,-117.52539912,34.13652918
90293639,2016,2016-10-17,9850,2016-10-07,1735,017730,NA,5,2,9,3600,0,3,5,NA,2,002,RANCHERO RD,AMESTOY RD,55,E,N,A,-,N,NA,NA,NA,NA,NA,NA,NA,NA,NA,Y,4,0,2,4,A,-,03,22350,NA,N,C,C,A,A,H,-,A,D,0,NA,NA,NA,NA,Y,NA,D,22,0,0,2,0,0,0,0,0,0,-,-,34.383,-117.39234,SAN BERNARDINO,UNINCORPORATED,-117.39216824,34.38311
90295108,2016,2016-10-18,9834,2016-10-09,1655,013633,NA,7,2,9,3600,0,2,4,NA,1,031,NEEDLES HIGHWAY,RIVER ROAD,6864,N,N,A,-,N,NA,NA,NA,NA,NA,NA,NA,NA,NA,Y,1,1,0,1,A,-,03,22350,NA,N,E,I,A,A,H,-,A,D,0,NA,NA,Y,NA,Y,Y,C,02,0,0,0,0,0,0,0,1,0,-,-,34.93854,-114.67372,SAN BERNARDINO,UNINCORPORATED,-114.68351,35.04259
90295203,2016,2016-10-18,9855,2016-10-16,0040,020081,NA,7,3,5,3602,0,1,3,NA,2,603,SR-60 W/B (POMONA FWY),MOUNTAIN AVE.,1500,W,N,A,-,Y,NA,NA,60,NA,NA,NA,NA,NA,W,Y,3,0,2,2,A,-,01,23152,A,N,C,C,A,A,H,-,C,D,0,NA,NA,NA,Y,Y,Y,A,01,0,2,0,0,0,0,0,0,0,-,-,34.03055,-117.6729,SAN BERNARDINO,CHINO,-117.67290006,34.03044702
90296035,2016,2016-10-19,9835,2016-10-10,2050,015842,NA,1,2,9,3600,0,1,1,NA,2,076,I-15 N/B,HALLORAN SUMMIT RD,2165,N,N,A,-,Y,NA,NA,15,NA,NA,NA,NA,NA,N,Y,4,0,7,2,A,-,21,22106,NA,N,D,C,A,A,H,-,D,D,0,NA,NA,NA,NA,Y,NA,A,01,0,0,7,0,0,0,0,0,0,-,-,35.40817,-115.77541,SAN BERNARDINO,UNINCORPORATED,-115.77541903,35.40819555
90298788,2016,2016-10-24,9835,2016-10-21,1350,021256,NA,5,1,9,3600,0,1,1,NA,2,073,I-15 N/B,HARVARD RD,6864,S,N,A,-,Y,NA,NA,15,NA,NA,NA,NA,NA,N,Y,4,0,1,2,A,-,03,22350,NA,N,C,C,A,A,H,-,A,D,0,NA,NA,NA,Y,Y,NA,A,08,0,0,1,0,0,0,0,0,0,-,-,34.954,-116.6661,SAN BERNARDINO,UNINCORPORATED,-116.66615794,34.95413583
90299446,2016,2016-10-24,9855,2016-10-14,0606,017649,NA,5,1,6,3607,0,1,1,NA,2,103,I-10 W/B (SAN BERNARDINO FWY),ARCHIBALD AVE.,400,E,N,A,-,Y,NA,NA,10,NA,NA,NA,NA,NA,W,Y,4,0,1,3,A,-,08,22107,NA,N,B,E,A,A,H,-,A,D,0,NA,NA,NA,Y,Y,NA,A,01,0,0,1,0,0,0,0,0,0,-,-,34.06754,-117.59204,SAN BERNARDINO,ONTARIO,-117.59204276,34.06773533
90301743,2016,2016-10-26,9860,2016-10-17,0610,013945,NA,1,1,9,3600,0,1,1,NA,2,151,I-15 N/B,GLEN HELEN PKY,3696,S,N,B,C,Y,NA,NA,15,NA,NA,NA,NA,NA,N,Y,4,0,2,3,A,-,03,22350,NA,N,D,E,A,B,H,-,D,D,0,NA,NA,NA,NA,Y,NA,A,01,0,0,2,0,0,0,0,0,0,-,-,34.19366,-117.42101,SAN BERNARDINO,UNINCORPORATED,-117.42095629,34.19360503
90340410,2016,2016-12-08,9855,2016-11-17,1450,020002,NA,4,2,6,3607,0,1,1,NA,2,101,I-10 E/B (SAN BERNARDINO FWY),MILLIKEN AVE.,700,W,N,A,-,Y,NA,NA,10,NA,NA,NA,NA,NA,E,N,4,0,1,2,A,-,03,22350,NA,F,C,C,A,A,H,-,A,D,0,NA,NA,NA,NA,Y,NA,A,01,0,0,1,0,0,0,0,0,0,-,-,34.06737,-117.5665,SAN BERNARDINO,ONTARIO,-117.56649983,34.06740644
90341141,2016,2016-12-09,9860,2016-11-27,2008,020387,NA,7,2,6,3610,0,1,1,NA,2,214,I-215 SOUTHBOUND TO INLAND CENTER DR.,INLAND CENTER DR.,60,N,N,A,-,Y,NA,NA,215,NA,NA,NA,R,NA,S,Y,4,0,3,3,A,-,01,23152,A,N,C,C,A,A,H,-,D,D,0,NA,NA,NA,NA,Y,Y,A,01,0,0,3,0,0,0,0,0,0,-,-,34.08523,-117.30153,SAN BERNARDINO,SAN BERNARDINO,-117.30153,34.08523
90341766,2016,2016-12-12,9860,2016-12-08,1930,020614,NA,4,2,9,3600,0,1,3,NA,1,012,SR-138,MOUNTAIN SHADOW MANOR LN.,0,NA,Y,A,-,Y,NA,NA,138,NA,NA,NA,NA,NA,NA,Y,3,0,1,2,A,-,06,21750,NA,N,D,C,A,A,D,-,D,D,0,NA,NA,NA,NA,Y,NA,D,22,0,1,0,0,0,0,0,0,0,-,-,34.36129,-117.5355,SAN BERNARDINO,UNINCORPORATED,-117.53545883,34.36132919
90341900,2016,2016-12-12,9860,2016-12-06,0720,15763,NA,2,1,5,3608,0,1,1,NA,2,104,I-10 W/B,CALIFORNIA STREET,1584,E,N,B,-,Y,NA,NA,10,NA,NA,NA,NA,NA,W,N,4,0,1,3,A,-,03,22350,NA,N,C,C,A,A,H,-,A,D,0,NA,NA,NA,NA,Y,NA,A,01,0,0,1,0,0,0,0,0,0,-,-,34.06678,-117.22116,SAN BERNARDINO,REDLANDS,-117.22116,34.06675192
9034337,2019,2020-06-29,3600,2019-12-18,1756,E2055,HE134,3,5,5,3619,0,0,0,NA,0,HE3,RT 395,AVENAL ST,110,S,N,A,-,Y,SBD,8,395,-,-,6.35,H,-,N,Y,4,0,2,2,A,-,03,22350,NA,N,C,C,A,A,H,-,D,A,0,NA,NA,NA,NA,Y,NA,A,01,0,0,2,0,0,0,0,0,0,-,-,NA,NA,SAN BERNARDINO,HESPERIA,-117.3995361328125,34.43736267089844
90343884,2016,2016-12-13,9870,2016-12-04,2105,020829,NA,7,2,9,3600,0,2,4,NA,2,042,AMBOY ROAD,BELL KING ROAD,17952,N,N,A,-,N,NA,NA,NA,NA,NA,NA,NA,NA,NA,Y,3,0,1,1,A,-,08,22107,NA,N,F,A,A,A,H,-,D,D,0,NA,NA,NA,NA,Y,NA,D,22,0,1,0,0,0,0,0,0,0,-,-,34.24392,-115.72335,SAN BERNARDINO,UNINCORPORATED,-115.72303962,34.24279601
9034552,2019,2020-02-04,3607,2019-12-08,1907,20052,135,7,5,6,3607,0,0,0,NA,0,032,HOLT BL,IMPERIAL AV,50,W,N,A,-,N,NA,NA,NA,NA,NA,NA,NA,NA,NA,Y,4,0,5,2,A,-,08,22107,NA,N,D,C,A,A,H,-,C,D,0,NA,NA,NA,NA,Y,NA,A,01,0,0,5,0,0,0,0,0,0,-,-,NA,NA,SAN BERNARDINO,ONTARIO,-117.62301635742188,34.06344985961914
90329868,2016,2016-11-28,9860,2016-11-20,1710,019321,NA,7,2,4,3640,0,1,1,NA,2,106,I-10 W/B,LIVE OAK CANYON RD,1056,E,N,A,-,Y,NA,NA,10,NA,NA,NA,NA,NA,W,Y,4,0,1,4,A,-,03,22350,NA,F,C,C,A,A,H,-,C,D,0,NA,NA,NA,NA,Y,NA,A,01,0,0,1,0,0,0,0,0,0,-,-,34.01578,-117.09362,SAN BERNARDINO,YUCAIPA,-117.0936093,34.01581708
9030289,2019,2020-01-22,3611,2019-09-06,1310,3101,3611,5,5,5,3611,0,0,0,NA,0,002,ARROW HWY,SILVERWOOD AV,0,NA,Y,A,-,N,NA,NA,NA,NA,NA,NA,NA,NA,NA,Y,4,0,2,2,A,-,09,21802,A,N,D,C,A,A,H,-,A,D,0,NA,NA,NA,NA,Y,NA,A,01,0,0,2,0,0,0,0,0,0,-,-,NA,NA,SAN BERNARDINO,UPLAND,-117.67308044433594,34.09965896606445
90346319,2016,2016-12-16,9860,2016-12-14,1758,017875,NA,3,2,6,3610,0,1,1,NA,2,202,SR-210 E/B,H STREET,250,W,N,A,-,Y,NA,NA,210,NA,NA,NA,NA,NA,E,Y,4,0,1,2,A,-,07,21658,A,N,B,C,A,A,H,-,D,D,0,NA,NA,Y,NA,Y,NA,A,01,0,0,1,0,0,0,0,0,1,-,-,34.1456,-117.3029,SAN BERNARDINO,SAN BERNARDINO,-117.30290001,34.14560671
90347165,2016,2016-12-19,9835,2016-12-14,1630,015842,NA,3,2,9,3600,0,3,5,NA,2,039,KELSO-CIMA ROAD,KELBAKER ROAD,9504,N,N,A,-,N,NA,NA,NA,NA,NA,NA,NA,NA,NA,Y,3,0,1,1,A,-,01,23152,A,N,F,A,A,A,H,-,D,D,0,NA,NA,NA,NA,Y,Y,A,01,0,1,0,0,0,0,0,0,0,-,-,35.02206,-115.63641,SAN BERNARDINO,UNINCORPORATED,-115.62966977,35.02795575
90347223,2016,2016-12-19,9855,2016-12-06,0600,015919,NA,2,1,6,3607,0,1,1,NA,2,101,I-10 W/B (SAN BERNARDINO FWY),I-15,500,E,N,B,-,Y,NA,NA,10,NA,NA,NA,NA,NA,W,Y,4,0,1,2,A,-,03,22350,NA,N,C,C,A,A,H,-,B,D,0,NA,NA,NA,NA,Y,NA,D,22,0,0,1,0,0,0,0,0,0,-,-,34.06745,-117.54424,SAN BERNARDINO,ONTARIO,-117.5442399,34.06750039
90347243,2016,2016-12-19,9860,2016-12-15,1814,019449,NA,4,2,4,3603,0,1,1,NA,2,214,I-215 N/B,WASHINGTON ST,1584,N,N,C,-,Y,NA,NA,215,NA,NA,NA,NA,NA,N,Y,2,0,3,3,A,-,01,23152,A,F,C,C,A,B,H,-,C,D,0,NA,NA,NA,NA,Y,Y,A,01,1,1,1,0,0,0,0,0,0,-,-,34.05078,-117.30289,SAN BERNARDINO,COLTON,-117.30288558,34.05077367
9034736,2019,2020-02-05,3607,2019-11-08,1556,19813,128,5,5,6,3607,0,0,0,NA,0,022,CAMPUS AV,WILLOW ST,0,NA,Y,A,-,N,NA,NA,NA,NA,NA,NA,NA,NA,NA,Y,3,0,1,3,A,-,01,23152,A,N,B,E,A,A,H,-,A,D,0,NA,NA,NA,NA,Y,Y,A,01,0,1,0,0,0,0,0,0,0,-,-,NA,NA,SAN BERNARDINO,ONTARIO,-117.64132690429688,34.06428909301758
9034784,2019,2020-02-06,3607,2019-11-21,1055,80510,470,4,5,6,3607,0,0,0,NA,0,072,TURNER AV,GOLDEN TRAILS ST,0,NA,Y,A,-,N,NA,NA,NA,NA,NA,NA,NA,NA,NA,Y,4,0,1,2,A,-,09,21802,A,N,D,C,A,A,H,-,A,D,0,NA,NA,NA,NA,Y,NA,A,01,0,0,1,0,0,0,0,0,0,-,-,NA,NA,SAN BERNARDINO,ONTARIO,-117.58454895019533,34.015769958496094
9034861,2019,2020-02-01,3607,2019-11-09,0947,19823,229,6,5,6,3607,0,0,0,NA,0,052,PHILADELPHIA ST,FERN AV,0,NA,Y,A,-,N,NA,NA,NA,NA,NA,NA,NA,NA,NA,Y,4,0,1,2,A,-,09,21804,A,N,D,C,A,A,H,-,A,A,0,NA,NA,NA,NA,Y,NA,A,01,0,0,1,0,0,0,0,0,0,-,-,NA,NA,SAN BERNARDINO,ONTARIO,-117.65457153320313,34.03379821777344
90348651,2016,2016-12-20,9835,2016-12-11,0745,016200,NA,7,1,9,3600,0,3,5,NA,2,037,KELBAKER RD,NATIONAL TRAILS HWY,21120,N,N,A,-,N,NA,NA,NA,NA,NA,NA,NA,NA,NA,Y,3,0,1,1,A,-,08,22107,NA,N,E,I,A,A,H,-,A,D,0,NA,NA,NA,NA,Y,NA,A,01,0,1,0,0,0,0,0,0,0,-,-,34.61676,-115.66258,SAN BERNARDINO,UNINCORPORATED,-115.66140843,34.61502222
9034939,2019,2020-06-11,3607,2019-11-29,2356,14578,50,5,5,6,3607,0,0,0,NA,0,031,4TH ST,RT 10,10,E,N,A,-,Y,SBD,8,10,-,-,5.166,R,4,W,Y,4,0,1,1,A,-,01,23152,A,N,E,I,A,A,H,-,C,A,0,NA,NA,NA,NA,Y,Y,A,01,0,0,1,0,0,0,0,0,0,-,WO,NA,NA,SAN BERNARDINO,ONTARIO,-117.6245574951172,34.0784912109375
90306775,2016,2016-10-31,9860,2016-10-23,2248,020614,NA,7,3,9,3600,0,1,1,NA,2,151,I-15 N/B,CAJON BLVD,450,N,N,B,C,Y,NA,NA,15,NA,NA,NA,NA,NA,N,Y,4,0,2,2,A,-,03,22350,NA,N,E,C,A,B,C,-,C,D,0,NA,NA,NA,Y,Y,NA,G,25,0,0,2,0,0,0,0,0,0,-,-,34.22322,-117.40967,SAN BERNARDINO,UNINCORPORATED,-117.40957791,34.22320451
90350728,2016,2016-12-21,9850,2016-12-12,1234,021365,NA,1,1,9,3600,0,1,1,NA,2,084,I-15 S/B,DALE EVAN'S PRKY,6864,N,N,A,-,Y,NA,NA,15,NA,NA,NA,NA,NA,S,Y,4,0,1,2,A,-,07,21658,A,F,C,C,A,A,H,-,A,D,0,NA,NA,NA,NA,Y,NA,-,99,0,0,1,0,0,0,0,0,0,-,-,34.66283,-117.21159,SAN BERNARDINO,UNINCORPORATED,-117.21162651,34.66284146
90307667,2016,2016-10-31,9850,2016-10-27,0725,017730,NA,4,1,9,3600,0,2,4,NA,2,067,SHEEP CREEK RD.,NIELSON RD,102,N,N,B,-,N,NA,NA,NA,NA,NA,NA,NA,NA,NA,Y,4,0,2,2,A,-,03,22350,NA,N,C,C,A,A,H,-,A,A,0,NA,NA,NA,NA,Y,NA,A,01,0,0,2,0,0,0,0,0,0,-,-,34.41934,-117.57251,SAN BERNARDINO,UNINCORPORATED,-117.57243,34.41927952
90307702,2016,2016-10-31,9860,2016-10-24,1540,15763,NA,1,2,5,3608,0,1,1,NA,2,104,I-10 W/B,ALABAMA STREET,431,E,N,B,C,Y,NA,NA,NA,NA,NA,NA,NA,NA,NA,N,4,0,1,1,A,-,08,22107,NA,N,E,I,A,B,H,-,A,D,0,NA,NA,NA,NA,Y,NA,A,01,0,0,1,0,0,0,0,0,0,-,-,34.6671,-117.20757,SAN BERNARDINO,REDLANDS,-117.20732135,34.06674
90308398,2016,2016-11-01,9855,2016-10-27,0500,014366,NA,4,3,5,3602,0,1,3,NA,2,604,SR-60 W/B (POMONA FWY),CENTRAL AVE.,50,E,N,A,-,Y,NA,NA,NA,NA,NA,NA,NA,NA,NA,Y,4,0,1,2,A,-,06,21755,NA,N,B,C,A,A,H,-,D,D,0,NA,NA,Y,NA,Y,NA,C,02,0,0,1,0,0,0,0,0,1,-,-,NA,NA,SAN BERNARDINO,CHINO,-117.6892754,34.03037009
90312056,2016,2016-11-07,9860,2016-10-29,1855,020051,NA,6,2,6,3604,0,1,1,NA,2,201,SR-210 E/B,SIERRA AVE.,1000,E,N,A,-,Y,NA,NA,210,NA,NA,NA,NA,NA,E,Y,4,0,1,2,A,-,03,22350,NA,N,C,C,A,A,H,-,D,D,0,NA,NA,NA,NA,Y,NA,A,07,0,0,1,0,0,0,0,0,0,-,-,34.13616,-117.43257,SAN BERNARDINO,FONTANA,-117.43257009,34.1362513