CASE_ID,ACCIDENT_YEAR,PROC_DATE,JURIS,COLLISION_DATE,COLLISION_TIME,OFFICER_ID,REPORTING_DISTRICT,DAY_OF_WEEK,CHP_SHIFT,POPULATION,CNTY_CITY_LOC,SPECIAL_COND,BEAT_TYPE,CHP_BEAT_TYPE,CITY_DIVISION_LAPD,CHP_BEAT_CLASS,BEAT_NUMBER,PRIMARY_RD,SECONDARY_RD,DISTANCE,DIRECTION,INTERSECTION,WEATHER_1,WEATHER_2,STATE_HWY_IND,CALTRANS_COUNTY,CALTRANS_DISTRICT,STATE_ROUTE,ROUTE_SUFFIX,POSTMILE_PREFIX,POSTMILE,LOCATION_TYPE,RAMP_INTERSECTION,SIDE_OF_HWY,TOW_AWAY,COLLISION_SEVERITY,NUMBER_KILLED,NUMBER_INJURED,PARTY_COUNT,PRIMARY_COLL_FACTOR,PCF_CODE_OF_VIOL,PCF_VIOL_CATEGORY,PCF_VIOLATION,PCF_VIOL_SUBSECTION,HIT_AND_RUN,TYPE_OF_COLLISION,MVIW,PED_ACTION,ROAD_SURFACE,ROAD_COND_1,ROAD_COND_2,LIGHTING,CONTROL_DEVICE,CHP_ROAD_TYPE,PEDESTRIAN_ACCIDENT,BICYCLE_ACCIDENT,MOTORCYCLE_ACCIDENT,TRUCK_ACCIDENT,NOT_PRIVATE_PROPERTY,ALCOHOL_INVOLVED,STWD_VEHTYPE_AT_FAULT,CHP_VEHTYPE_AT_FAULT,COUNT_SEVERE_INJ,COUNT_VISIBLE_INJ,COUNT_COMPLAINT_PAIN,COUNT_PED_KILLED,COUNT_PED_INJURED,COUNT_BICYCLIST_KILLED,COUNT_BICYCLIST_INJURED,COUNT_MC_KILLED,COUNT_MC_INJURED,PRIMARY_RAMP,SECONDARY_RAMP,LATITUDE,LONGITUDE,COUNTY,CITY,POINT_X,POINT_Y
90424524,2017,2017-03-30,9860,2017-03-23,2352,020595,NA,4,3,9,3600,0,1,1,NA,2,151,INTERSTATE 15 NORTHBOUND,MATHEWS RANCH ROAD,3168,N,N,A,-,Y,NA,NA,15,NA,NA,NA,NA,NA,N,Y,4,0,1,2,A,-,03,22350,NA,N,C,C,A,A,H,-,D,D,0,NA,NA,NA,NA,Y,NA,A,01,0,0,1,0,0,0,0,0,0,-,-,34.25052,-117.44395,SAN BERNARDINO,UNINCORPORATED,-117.44396799,34.25047799
90453445,2017,2017-05-10,9855,2017-04-30,2345,020664,NA,7,3,6,3607,0,1,3,NA,2,603,SR-60 W/B (POMONA FWY),MOUNTAIN AVE.,800,W,N,A,-,Y,NA,NA,60,NA,NA,NA,NA,NA,W,Y,3,0,3,2,A,-,01,23152,A,N,C,C,A,A,H,-,C,D,0,NA,NA,NA,NA,Y,Y,A,01,0,3,0,0,0,0,0,0,0,-,-,34.03053,-117.67046,SAN BERNARDINO,ONTARIO,-117.67045986,34.03045074
90453786,2017,2017-05-11,9834,2017-05-06,1600,013633,NA,6,2,9,3600,0,2,4,NA,1,031,NEEDLES HIGHWAY,CAPRI ROAD,723,N,N,A,G,N,NA,NA,NA,NA,NA,NA,NA,NA,NA,Y,3,0,1,1,A,-,08,22107,NA,N,F,A,A,A,H,-,A,D,0,NA,NA,NA,NA,Y,NA,A,08,0,1,0,0,0,0,0,0,0,-,-,34.95249,-114.67676,SAN BERNARDINO,UNINCORPORATED,-114.67748351,34.95489079
90453978,2017,2017-05-11,9855,2017-05-03,2055,018000,NA,3,2,9,3600,0,3,5,NA,2,004,RIVERSIDE DR.,TOWNE AVE.,0,NA,Y,A,-,N,NA,NA,NA,NA,NA,NA,NA,NA,NA,Y,3,0,2,2,A,-,09,21801,A,N,A,C,A,A,H,-,C,A,0,NA,NA,NA,NA,Y,NA,A,01,0,1,1,0,0,0,0,0,0,-,-,34.0191,-117.73996,SAN BERNARDINO,UNINCORPORATED,-117.7401001,34.01903008
90454969,2017,2017-05-12,9834,2017-05-06,1500,017038,NA,6,2,9,3600,0,1,1,NA,2,040,INTERSTATE 40 WESTBOUND,VAN WINKLE WASH,12514,E,N,B,-,Y,NA,NA,40,NA,NA,NA,NA,NA,W,Y,3,0,1,1,C,-,18,NA,NA,N,E,I,A,A,H,-,A,D,0,NA,NA,NA,Y,Y,NA,-,-,0,1,0,0,0,0,0,0,0,-,-,34.7468,-115.52296,SAN BERNARDINO,UNINCORPORATED,-115.52294427,34.7467583
9042521,2019,2020-02-12,3600,2019-11-24,1218,E3370,RC029,7,5,6,3616,0,0,0,NA,0,005,HERMOSA AV,CHURCH ST,8,N,N,A,-,N,NA,NA,NA,NA,NA,NA,NA,NA,NA,Y,4,0,2,2,A,-,12,21453,A,N,D,C,A,A,H,-,A,A,0,NA,NA,NA,NA,Y,NA,A,01,0,0,2,0,0,0,0,0,0,-,-,NA,NA,SAN BERNARDINO,RANCHO CUCAMONGA,-117.58470153808594,34.114070892333984
90459761,2017,2017-05-19,9860,2017-05-15,2020,019706,NA,1,2,9,3600,0,1,3,NA,1,012,STATE ROUTE 138 WESTBOUND,DUSTY LANE,151,E,N,A,-,N,NA,NA,138,NA,NA,NA,NA,NA,W,Y,2,0,2,2,A,-,05,21460,A,N,D,C,A,A,H,-,D,D,0,NA,NA,NA,NA,Y,NA,D,22,2,0,0,0,0,0,0,0,0,-,-,34.33758,-117.52226,SAN BERNARDINO,UNINCORPORATED,-117.52222336,34.33759541
90460973,2017,2017-05-22,9855,2017-05-13,1537,018727,NA,6,2,6,3604,0,1,1,NA,2,201,SR-210 E/B (FOOTHILL FWY),CHERRY AVE.,1000,E,N,A,-,Y,NA,NA,NA,NA,NA,NA,NA,NA,NA,Y,4,0,2,3,A,-,17,23114,A,F,H,J,A,A,C,-,A,D,0,NA,NA,NA,NA,Y,NA,-,99,0,0,2,0,0,0,0,0,0,-,-,34.08197,-117.29134,SAN BERNARDINO,FONTANA,-117.4851247,34.13624307
90428333,2017,2017-04-05,9855,2017-04-01,1115,017112,NA,6,1,6,3607,0,1,1,NA,2,103,I-10 E/B (SAN BERNARDINO FWY),MILLIKEN AVE.,150,E,N,A,-,Y,NA,NA,10,NA,NA,NA,NA,NA,E,Y,3,0,2,3,A,-,03,22350,NA,N,C,C,A,A,H,-,A,D,0,NA,NA,NA,NA,Y,NA,A,01,0,2,0,0,0,0,0,0,0,-,-,34.06727,-117.55757,SAN BERNARDINO,ONTARIO,-117.55757,34.0673779
90428583,2017,2017-04-06,9850,2017-04-04,2106,015860,NA,2,2,9,3600,0,3,5,NA,2,002,FREMONTIA ST,PRAIRIE TRL,400,N,N,A,-,N,NA,NA,NA,NA,NA,NA,NA,NA,NA,N,3,0,1,1,A,-,03,38305,NA,M,E,I,A,A,G,-,D,D,0,NA,NA,Y,NA,Y,NA,C,06,0,1,0,0,0,0,0,0,1,-,-,34.3659,-117.4118,SAN BERNARDINO,UNINCORPORATED,-117.41182204,34.3661659
90461583,2017,2017-05-23,9834,2017-05-14,1600,017038,NA,7,2,9,3600,0,1,2,NA,1,093,US-95,LOBECKS PASS,6864,N,N,A,-,Y,NA,NA,95,NA,NA,NA,NA,NA,NA,Y,3,0,1,1,A,-,03,22350,NA,N,F,A,A,A,H,-,A,D,0,NA,NA,Y,NA,Y,NA,C,02,0,1,0,0,0,0,0,0,1,-,-,34.64522,-114.62875,SAN BERNARDINO,UNINCORPORATED,-114.62869258,34.6451848
90462061,2016,2017-05-25,9835,2016-08-03,0345,21256,NA,3,3,9,3600,0,1,1,NA,2,076,I-15 N/B,CIMA RD,20328,N,N,A,-,Y,NA,NA,15,NA,NA,NA,NA,NA,N,Y,1,1,3,2,A,-,08,22107,NA,N,C,E,A,A,H,-,D,D,0,NA,NA,NA,Y,Y,NA,G,75,1,1,1,0,0,0,0,0,0,-,-,35.46539,-115.61306,SAN BERNARDINO,UNINCORPORATED,-115.61307588,35.46543518
90429804,2017,2017-04-07,9855,2017-04-04,0510,015337,NA,2,3,6,3604,0,1,1,NA,2,101,I-10 E/B (SAN BERNARDINO FWY),SIERRA AVE.,1056,W,N,A,-,Y,NA,NA,10,NA,NA,NA,NA,NA,E,Y,4,0,1,2,A,-,17,21658,NA,N,B,C,A,A,H,-,D,D,0,NA,NA,NA,NA,Y,NA,-,-,0,0,1,0,0,0,0,0,0,-,-,34.06721,-117.43678,SAN BERNARDINO,FONTANA,-117.4367827,34.06724998
90429857,2017,2017-04-07,9855,2017-03-25,1630,020110,NA,6,2,6,3604,0,1,1,NA,2,101,I-10 E/B (SAN BERNARDINO FWY),CHERRY AVE.,3000,E,N,A,-,Y,NA,NA,10,NA,NA,NA,NA,NA,E,Y,4,0,1,1,A,-,08,22107,NA,N,E,I,A,A,H,-,A,D,0,NA,NA,NA,NA,Y,NA,A,01,0,0,1,0,0,0,0,0,0,-,-,34.06596,-117.4776,SAN BERNARDINO,FONTANA,-117.47760142,34.06603356
90432482,2017,2017-06-22,9850,2017-04-02,1809,015860,NA,7,2,9,3600,0,1,3,NA,2,044,SR-247,PONY RD,2000,W,N,A,-,Y,NA,NA,247,NA,NA,NA,NA,NA,NA,Y,3,0,3,1,A,-,08,22107,NA,N,F,A,A,A,H,-,A,D,0,NA,NA,NA,NA,Y,NA,D,22,0,1,2,0,0,0,0,0,0,-,-,34.36974,-116.62043,SAN BERNARDINO,UNINCORPORATED,-116.62043044,34.36970366
9046320,2020,2020-02-21,3600,2020-01-29,1244,C8664,AP018,3,5,5,3621,0,0,0,NA,0,AP4,NAVAJO RD,OTTAWA RD,0,NA,Y,A,-,N,NA,NA,NA,NA,NA,NA,NA,NA,NA,Y,4,0,1,2,A,-,09,21802,A,N,D,C,A,A,H,-,A,A,0,NA,NA,NA,NA,Y,NA,A,01,0,0,1,0,0,0,0,0,0,-,-,NA,NA,SAN BERNARDINO,APPLE VALLEY,-117.19022369384766,34.49325180053711
90463872,2017,2017-05-25,9835,2017-05-19,0647,021001,NA,5,1,9,3600,0,3,5,NA,2,032,OLD HWY 58,CAMARILLO AVE,0,NA,Y,A,-,Y,NA,NA,NA,NA,NA,NA,NA,NA,NA,Y,4,0,1,2,A,-,09,21802,A,N,D,C,A,A,H,-,A,A,0,NA,NA,Y,NA,Y,NA,A,01,0,0,1,0,0,0,0,0,1,-,-,34.91692,-117.01765,SAN BERNARDINO,UNINCORPORATED,-117.01771002,34.91686009
90466104,2017,2017-05-29,9860,2017-05-21,1132,019617,NA,7,1,4,3618,0,1,1,NA,2,202,SR-210 W/B,VICTORIA AVE,40,W,N,A,-,Y,NA,NA,210,NA,NA,NA,NA,NA,W,Y,4,0,1,2,A,-,07,21658,A,F,B,C,A,A,H,-,A,D,0,NA,NA,NA,NA,Y,NA,-,99,0,0,1,0,0,0,0,0,0,-,-,34.13223,-117.22684,SAN BERNARDINO,HIGHLAND,-117.22679223,34.13245988
90433735,2017,2017-04-13,9860,2017-04-06,1510,012530,NA,4,2,3,3690,0,1,1,NA,2,214,I-215 S/B,BARTON ROAD O/C.,3272,S,N,A,-,Y,NA,NA,215,NA,NA,NA,NA,NA,S,Y,4,0,1,3,A,-,03,22350,NA,N,C,C,A,A,H,-,A,D,0,NA,NA,NA,NA,Y,NA,A,01,0,0,1,0,0,0,0,0,0,-,-,34.03031,-117.32919,SAN BERNARDINO,GRAND TERRACE,-117.32916597,34.0302829
90468628,2017,2017-05-31,9855,2017-05-23,1928,017808,NA,2,2,5,3611,0,1,1,NA,2,203,SR-210 E/B (FOOTHILL FWY),EUCLID AVE.,528,E,N,A,-,Y,NA,NA,210,NA,NA,NA,NA,NA,E,Y,4,0,1,2,A,-,03,22350,NA,N,C,C,A,A,H,-,B,D,0,NA,NA,NA,NA,Y,NA,A,07,0,0,1,0,0,0,0,0,0,-,-,34.13455,-117.64863,SAN BERNARDINO,UPLAND,-117.6486308,34.13461964
90433852,2017,2017-04-13,9850,2017-03-29,1520,017730,NA,3,2,5,3619,0,1,1,NA,2,081,I-15 N/B,JOSHUA ST,800,S,N,A,-,Y,NA,NA,15,NA,NA,NA,NA,NA,N,Y,4,0,1,1,A,-,08,22107,NA,N,E,I,A,A,H,-,A,A,0,NA,NA,NA,NA,Y,Y,A,01,0,0,1,0,0,0,0,0,0,-,-,34.40423,-117.39765,SAN BERNARDINO,HESPERIA,-117.39775196,34.40430905
90440519,2017,2017-04-24,9835,2017-04-22,0020,21399,NA,6,3,9,3600,0,1,1,NA,2,077,I-15 N/B,BAILEY RD,10718,N,N,A,-,Y,NA,NA,15,NA,NA,NA,NA,NA,N,Y,3,0,1,2,A,-,03,22350,NA,N,C,C,A,A,H,-,D,D,0,NA,NA,NA,Y,Y,NA,A,07,0,1,0,0,0,0,0,0,0,-,-,35.4676,-115.4936,SAN BERNARDINO,UNINCORPORATED,-115.49357644,35.46768331
90477427,2017,2017-06-14,9860,2017-06-06,2035,019484,NA,2,2,9,3600,0,1,1,NA,2,152,I-15 N/B,SR-138,2112,N,N,A,-,Y,NA,NA,15,NA,NA,NA,NA,NA,N,Y,4,0,2,2,A,-,03,22350,NA,N,C,C,A,A,H,-,D,D,0,NA,NA,NA,NA,Y,NA,D,22,0,0,2,0,0,0,0,0,0,-,-,34.31803,-117.48006,SAN BERNARDINO,UNINCORPORATED,-117.4801341,34.31798941
90443768,2017,2017-04-27,9855,2017-04-15,1947,020110,NA,6,2,6,3607,0,1,1,NA,2,101,I-10 W/B (SAN BERNARDINO FWY),I-15 N/B (ONTARIO FWY),2775,E,N,A,-,Y,NA,NA,10,NA,NA,NA,NA,NA,W,Y,3,0,3,2,A,-,03,22350,NA,N,C,C,A,A,H,-,A,D,0,NA,NA,NA,NA,Y,Y,D,22,0,1,2,0,0,0,0,0,0,-,-,34.06744,-117.53549,SAN BERNARDINO,ONTARIO,-117.53548998,34.0674514
90479864,2017,2017-06-16,9855,2017-06-11,0520,019947,NA,7,3,6,3607,0,1,1,NA,2,152,I-15 N/B (ONTARIO FWY),JURUPA ST.,1025,S,N,B,-,Y,NA,NA,15,NA,NA,NA,NA,NA,N,Y,3,0,1,2,A,-,08,22107,NA,N,C,C,A,A,H,-,B,D,0,NA,NA,NA,Y,Y,NA,A,01,0,1,0,0,0,0,0,0,0,-,-,34.04135,-117.54993,SAN BERNARDINO,ONTARIO,-117.55002242,34.0413496
90479927,2017,2017-06-16,9860,2017-06-10,1605,021169,NA,6,2,5,3609,0,1,1,NA,2,201,SR-210 E/B,AYALA DR,720,W,N,A,-,Y,NA,NA,210,NA,NA,NA,NA,NA,E,Y,3,0,2,2,A,-,03,22350,NA,N,C,C,A,A,H,-,A,D,0,NA,NA,Y,NA,Y,NA,C,02,0,1,1,0,0,0,0,0,1,-,-,34.13587,-117.39462,SAN BERNARDINO,RIALTO,-117.39462154,34.13581014
90441587,2017,2018-01-29,9860,2017-04-15,1810,020135,NA,6,2,9,3600,0,2,4,NA,2,411,CEDAR AVE.,11TH ST.,40,N,N,A,-,Y,NA,NA,NA,NA,NA,NA,NA,NA,NA,Y,4,0,1,2,A,-,09,21804,A,N,D,C,A,A,H,-,A,D,0,NA,NA,Y,NA,Y,NA,C,02,0,0,1,0,0,0,0,0,1,-,-,34.04463,-117.39639,SAN BERNARDINO,UNINCORPORATED,-117.39638203,34.04461958
9042268,2020,2020-10-13,3600,2020-01-08,1651,G5366,VC068,3,5,5,3612,0,0,0,NA,0,VC4,BEAR VALLEY RD,RT 395,0,NA,Y,A,-,Y,SBD,8,395,-,-,8.62,I,5,S,Y,4,0,1,2,A,-,12,21453,A,N,D,C,A,A,H,-,C,A,0,NA,NA,NA,NA,Y,NA,A,01,0,0,1,0,0,0,0,0,0,-,-,NA,NA,SAN BERNARDINO,VICTORVILLE,-117.39949798583984,34.47026443481445
90482961,2017,2017-06-21,9855,2017-06-14,1418,019732,NA,3,2,5,3611,0,1,1,NA,2,103,I-10 E/B (SAN BERNARDINO FWY),CAMPUS AVE.,200,W,N,A,-,Y,NA,NA,NA,NA,NA,NA,NA,NA,NA,N,4,0,1,2,A,-,03,22350,NA,N,C,C,A,A,H,-,A,D,0,NA,NA,NA,NA,Y,NA,A,07,0,0,1,0,0,0,0,0,0,-,-,NA,NA,SAN BERNARDINO,UPLAND,-117.64208166,34.08719375
90461503,2017,2017-05-23,9855,2017-05-15,1648,016829,NA,1,2,6,3604,0,1,1,NA,2,101,I-10 E/B (SAN BERNARDINO FWY),VALLEY BLVD.,175,W,N,B,-,Y,NA,NA,NA,NA,NA,NA,NA,NA,NA,N,4,0,1,2,A,-,03,22350,NA,N,C,C,A,A,H,-,A,D,0,NA,NA,NA,NA,Y,NA,A,01,0,0,1,0,0,0,0,0,0,-,-,34.06707,-117.53188,SAN BERNARDINO,FONTANA,-117.32118,34.06639
90442461,2017,2017-04-26,9855,2017-04-18,1611,017808,NA,2,2,5,3611,0,1,1,NA,2,203,SR-210 E/B (FOOTHILL FWY),MOUNTAIN AVE.,300,E,N,B,-,Y,NA,NA,210,NA,NA,NA,NA,NA,E,N,4,0,1,3,A,-,03,22350,NA,N,C,C,A,A,H,-,A,D,0,NA,NA,NA,NA,Y,NA,A,01,0,0,1,0,0,0,0,0,0,-,-,34.13449,-117.66318,SAN BERNARDINO,UPLAND,-117.66317963,34.13453656
90489431,2017,2017-06-28,9860,2017-06-14,2155,020282,NA,3,2,3,3615,0,1,1,NA,2,104,I-10 W/B,MT. VIEW AVE,2112,W,N,A,-,Y,NA,NA,10,NA,NA,NA,NA,NA,W,Y,3,0,1,4,A,-,03,22350,NA,N,C,C,A,A,C,-,C,A,0,NA,NA,NA,NA,Y,NA,A,01,0,1,0,0,0,0,0,0,0,-,-,34.06669,-117.25103,SAN BERNARDINO,LOMA LINDA,-117.25103001,34.06669009
90442643,2017,2017-04-26,9835,2017-04-20,1522,020053,NA,4,2,9,3600,0,3,5,NA,2,032,NATIONAL TRAILS HWY,DELANEY RD,0,NA,Y,A,-,N,NA,NA,NA,NA,NA,NA,NA,NA,NA,N,3,0,1,1,A,-,08,22107,NA,N,F,A,A,A,H,-,A,D,0,NA,Y,NA,NA,Y,NA,L,04,0,1,0,0,0,0,1,0,0,-,-,34.85888,-117.13598,SAN BERNARDINO,UNINCORPORATED,-117.13601142,34.85896312
90491097,2017,2017-06-29,9860,2017-06-21,1310,014829,NA,3,1,9,3600,0,1,1,NA,2,152,I-15 S/B TO CLEGHORN RD,CLEGHORN RD,430,N,N,A,-,Y,NA,NA,15,NA,NA,NA,R,NA,S,N,4,0,1,2,A,-,03,22350,NA,N,C,C,A,A,H,-,A,D,0,NA,NA,NA,NA,Y,NA,A,01,0,0,1,0,0,0,0,0,0,-,-,34.29918,-117.4586,SAN BERNARDINO,UNINCORPORATED,-117.4586,34.29918
90442644,2017,2017-11-06,9860,2017-04-20,1524,017204,NA,4,2,9,3600,0,1,1,NA,2,152,I-15 S/B,CLEGHORN RD,1606,N,N,A,-,Y,NA,NA,15,NA,NA,NA,NA,NA,S,Y,3,0,1,2,A,-,08,22107,NA,N,B,C,A,A,H,-,A,D,0,NA,NA,NA,Y,Y,NA,D,22,0,1,0,0,0,0,0,0,0,-,-,34.3024,-117.4609,SAN BERNARDINO,UNINCORPORATED,-117.4608808,34.3024224
90492584,2017,2017-07-03,9860,2017-06-21,1150,017098,NA,3,1,9,3600,0,3,5,NA,2,004,AGUA MANSA RD,HOLLY ST,0,NA,Y,A,-,N,NA,NA,NA,NA,NA,NA,NA,NA,NA,Y,4,0,1,2,A,-,09,21801,A,N,D,C,A,A,H,-,A,D,0,NA,NA,NA,NA,Y,NA,A,01,0,0,1,0,0,0,0,0,0,-,-,34.03133,-117.37373,SAN BERNARDINO,UNINCORPORATED,-117.37373009,34.03131005
90440090,2017,2017-04-24,9860,2017-04-16,0900,019599,NA,7,1,9,3600,0,1,3,NA,1,380,SR-38,BRYANT ST.,5280,W,N,A,-,N,NA,NA,38,NA,NA,NA,NA,NA,NA,Y,4,0,1,2,A,-,03,22350,NA,N,C,C,A,A,H,-,A,D,0,NA,NA,NA,NA,Y,NA,A,01,0,0,1,0,0,0,0,0,0,-,-,34.07496,-117.06817,SAN BERNARDINO,UNINCORPORATED,-117.06817446,34.07496916
90446165,2017,2017-05-01,9850,2017-04-21,1714,019189,NA,5,2,9,3600,0,3,5,NA,2,003,ROCK SPRINGS RD,DEEP CREEK RD,0,NA,Y,A,-,N,NA,NA,NA,NA,NA,NA,NA,NA,NA,Y,4,0,1,2,A,-,01,23152,A,N,D,C,A,A,H,-,A,A,0,NA,NA,NA,NA,Y,Y,A,07,0,0,1,0,0,0,0,0,0,-,-,34.4146,-117.2247,SAN BERNARDINO,UNINCORPORATED,-117.22475009,34.41466005
90446641,2017,2017-05-01,9860,2017-04-19,1501,012988,NA,3,2,5,3608,0,1,1,NA,2,104,I-10 W/B TO MTN VIEW AVE,MTN VIEW AVE,770,E,N,A,-,Y,NA,NA,10,NA,NA,NA,R,NA,W,Y,3,0,2,3,A,-,03,22350,NA,N,C,C,A,A,H,-,A,A,0,NA,NA,NA,NA,Y,NA,A,07,0,1,1,0,0,0,0,0,0,-,-,34.06693,-117.24104,SAN BERNARDINO,REDLANDS,-117.24104,34.06693
9044674,2019,2020-07-13,3602,2019-12-07,0600,3964,NA,6,5,5,3602,0,0,0,NA,0,NA,EUCLID AV,MERRILL AV,156,NA,N,B,-,Y,SBD,8,83,-,-,3.99,H,-,S,Y,3,0,1,2,A,-,03,22350,NA,F,C,D,A,A,H,-,B,D,0,NA,NA,Y,NA,Y,NA,C,03,0,1,0,0,0,0,0,0,1,-,-,NA,NA,SAN BERNARDINO,CHINO,-117.65084075927734,33.98404312133789
90494610,2017,2017-07-06,9860,2017-06-27,1745,019391,NA,2,2,9,3600,0,3,5,NA,2,003,MARYGOLD AVE,PALM LN,325,E,N,A,-,N,NA,NA,NA,NA,NA,NA,NA,NA,NA,Y,4,0,2,2,A,-,09,21801,A,N,B,C,A,A,H,-,A,D,0,NA,NA,NA,NA,Y,NA,A,01,0,0,2,0,0,0,0,0,0,-,-,34.07408,-117.41442,SAN BERNARDINO,UNINCORPORATED,-117.4144699,34.07403326
90446762,2017,2017-05-01,9860,2017-04-24,1315,016651,NA,1,1,9,3600,0,1,1,NA,2,151,I-15 NB TO DEVORE ROAD,DEVORE ROAD,1750,W,N,B,-,Y,NA,NA,15,NA,NA,NA,R,NA,N,Y,4,0,1,1,A,-,08,22107,NA,N,E,I,A,A,H,-,A,D,0,NA,NA,NA,NA,Y,NA,A,01,0,0,1,0,0,0,0,0,0,-,-,34.22282,-117.40804,SAN BERNARDINO,UNINCORPORATED,-117.40804,34.22282
90450039,2017,2017-05-05,9855,2017-04-28,1454,020904,NA,5,2,6,3604,0,1,1,NA,2,101,I-10 E/B (SAN BERNARDINO FWY),ETIWANDA AVE.,270,E,N,A,-,Y,NA,NA,NA,NA,NA,NA,NA,NA,NA,Y,3,0,1,2,A,-,08,22107,NA,N,B,C,A,A,H,-,A,D,0,NA,NA,Y,NA,Y,NA,A,01,0,1,0,0,0,0,0,0,1,-,-,NA,NA,SAN BERNARDINO,FONTANA,-117.52322151,34.06740639
90495358,2017,2017-11-27,9850,2017-06-25,2500,017237,NA,7,4,9,3600,0,3,5,NA,2,003,TUSSING RANCH RD.,MOCKINGBIRD AVE,137,E,N,A,-,N,NA,NA,NA,NA,NA,NA,NA,NA,NA,Y,1,1,0,1,A,-,01,23152,A,N,F,A,A,A,H,-,D,D,0,NA,NA,NA,NA,Y,Y,D,22,0,0,0,0,0,0,0,0,0,-,-,34.4424,-117.2158,SAN BERNARDINO,UNINCORPORATED,-117.21592708,34.44246519
90451634,2017,2017-05-09,9860,2017-04-26,2335,019484,NA,3,3,9,3600,0,1,1,NA,2,216,I-215 N/B,LITTLE LEAGUE DR,1000,N,N,A,-,Y,NA,NA,215,NA,NA,NA,NA,NA,N,Y,4,0,1,1,A,-,08,22107,NA,N,E,I,A,A,H,-,D,D,0,NA,NA,NA,NA,Y,NA,A,01,0,0,1,0,0,0,0,0,0,-,-,34.20117,-117.37427,SAN BERNARDINO,UNINCORPORATED,-117.37434767,34.20107124
90452009,2017,2018-04-04,9860,2017-01-15,1727,021030,NA,7,2,9,3600,0,1,3,NA,1,012,STATE ROUTE 138,HESS ROAD,1163,W,N,A,-,Y,NA,NA,138,NA,NA,NA,NA,NA,NA,Y,1,1,4,3,A,-,03,22350,NA,N,C,C,A,A,H,-,D,D,0,NA,NA,NA,NA,Y,NA,D,22,2,1,1,0,0,0,0,0,0,-,-,34.36523,-117.53905,SAN BERNARDINO,UNINCORPORATED,-117.53904552,34.3652341
90453412,2017,2017-05-10,9860,2017-05-02,0300,012988,NA,2,3,9,3600,0,3,5,NA,2,003,OAK GLEN RD (37600 BLOCK),POTATO CANYON RD,1584,W,N,A,-,N,NA,NA,NA,NA,NA,NA,NA,NA,NA,Y,3,0,1,1,A,-,08,22107,NA,N,E,I,A,A,H,-,D,A,0,NA,NA,NA,NA,Y,NA,A,07,0,1,0,0,0,0,0,0,0,-,-,34.05508,-116.98261,SAN BERNARDINO,UNINCORPORATED,-116.98261004,34.05511024
90461238,2017,2017-05-23,9835,2017-05-14,0325,017724,NA,7,3,9,3600,0,1,3,NA,1,019,STATE ROUTE 247,CITY DUMP,2640,N,N,A,-,Y,NA,NA,247,NA,NA,NA,NA,NA,NA,Y,3,0,1,1,A,-,08,22107,NA,N,F,A,A,A,H,-,D,D,0,NA,NA,NA,NA,Y,NA,A,07,0,1,0,0,0,0,0,0,0,-,-,34.84869,-117.01397,SAN BERNARDINO,UNINCORPORATED,-117.01401647,34.84869516
90462535,2017,2017-05-24,9855,2017-05-16,1355,016889,NA,2,1,6,3607,0,1,1,NA,2,101,I-10 E/B (SAN BERNARDINO FWY),MILLIKEN AVE.,2640,W,N,B,-,Y,NA,NA,10,NA,NA,NA,NA,NA,E,N,4,0,2,3,A,-,03,22350,NA,N,C,C,A,A,H,-,A,D,0,NA,NA,NA,Y,Y,NA,G,25,0,0,2,0,0,0,0,0,0,-,-,34.06729,-117.56597,SAN BERNARDINO,ONTARIO,-117.56596946,34.06740391
90462766,2017,2017-05-24,9835,2017-05-17,1045,014927,NA,3,1,9,3600,0,1,1,NA,2,047,I-40 E/B,CRUCERO RD,88176,E,N,A,G,Y,NA,NA,40,NA,NA,NA,NA,NA,E,Y,3,0,1,2,A,-,17,21658,NA,F,F,A,A,A,H,-,A,D,0,NA,NA,Y,Y,Y,NA,G,25,0,1,0,0,0,0,0,0,1,-,-,34.73354,-115.8762,SAN BERNARDINO,UNINCORPORATED,-115.87619131,34.73359077
90498708,2017,2017-09-11,9850,2017-07-02,1750,015860,NA,7,2,9,3600,0,3,5,NA,2,004,STODDARD WELLS RD,SLASH X RANCH RD,9662,E,N,A,-,N,NA,NA,NA,NA,NA,NA,NA,NA,NA,N,1,1,2,1,A,-,08,22107,NA,N,E,I,A,A,H,-,A,D,0,NA,NA,Y,NA,Y,NA,C,06,1,0,1,0,0,0,0,1,2,-,-,34.64928,-117.12377,SAN BERNARDINO,UNINCORPORATED,-117.12557732,34.6486654
90462993,2017,2017-05-24,9855,2017-05-19,1800,020769,NA,5,2,6,3604,0,1,1,NA,2,101,I-10 E/B (SAN BERNARDINO FWY),CHERRY AVE.,2500,W,N,A,-,Y,NA,NA,10,NA,NA,NA,NA,NA,E,Y,3,0,1,2,A,-,03,22350,NA,N,B,C,A,A,H,-,A,D,0,NA,NA,Y,NA,Y,NA,C,02,0,1,0,0,0,0,0,0,1,-,-,34.0656,-117.49744,SAN BERNARDINO,FONTANA,-117.49743948,34.06557601
90466304,2017,2017-05-29,9860,2017-05-22,1430,021169,NA,1,2,3,3690,0,1,1,NA,2,214,I-215 S/B,BARTON RD,300,N,N,A,-,Y,NA,NA,215,NA,NA,NA,NA,NA,S,Y,4,0,1,2,A,-,03,22350,NA,N,C,C,A,A,H,-,A,D,0,NA,NA,NA,NA,Y,NA,A,01,0,0,1,0,0,0,0,0,0,-,-,34.03462,-117.3243,SAN BERNARDINO,GRAND TERRACE,-117.3242868,34.03460523