CASE_ID,ACCIDENT_YEAR,PROC_DATE,JURIS,COLLISION_DATE,COLLISION_TIME,OFFICER_ID,REPORTING_DISTRICT,DAY_OF_WEEK,CHP_SHIFT,POPULATION,CNTY_CITY_LOC,SPECIAL_COND,BEAT_TYPE,CHP_BEAT_TYPE,CITY_DIVISION_LAPD,CHP_BEAT_CLASS,BEAT_NUMBER,PRIMARY_RD,SECONDARY_RD,DISTANCE,DIRECTION,INTERSECTION,WEATHER_1,WEATHER_2,STATE_HWY_IND,CALTRANS_COUNTY,CALTRANS_DISTRICT,STATE_ROUTE,ROUTE_SUFFIX,POSTMILE_PREFIX,POSTMILE,LOCATION_TYPE,RAMP_INTERSECTION,SIDE_OF_HWY,TOW_AWAY,COLLISION_SEVERITY,NUMBER_KILLED,NUMBER_INJURED,PARTY_COUNT,PRIMARY_COLL_FACTOR,PCF_CODE_OF_VIOL,PCF_VIOL_CATEGORY,PCF_VIOLATION,PCF_VIOL_SUBSECTION,HIT_AND_RUN,TYPE_OF_COLLISION,MVIW,PED_ACTION,ROAD_SURFACE,ROAD_COND_1,ROAD_COND_2,LIGHTING,CONTROL_DEVICE,CHP_ROAD_TYPE,PEDESTRIAN_ACCIDENT,BICYCLE_ACCIDENT,MOTORCYCLE_ACCIDENT,TRUCK_ACCIDENT,NOT_PRIVATE_PROPERTY,ALCOHOL_INVOLVED,STWD_VEHTYPE_AT_FAULT,CHP_VEHTYPE_AT_FAULT,COUNT_SEVERE_INJ,COUNT_VISIBLE_INJ,COUNT_COMPLAINT_PAIN,COUNT_PED_KILLED,COUNT_PED_INJURED,COUNT_BICYCLIST_KILLED,COUNT_BICYCLIST_INJURED,COUNT_MC_KILLED,COUNT_MC_INJURED,PRIMARY_RAMP,SECONDARY_RAMP,LATITUDE,LONGITUDE,COUNTY,CITY,POINT_X,POINT_Y
91327141,2020,2020-10-20,9850,2020-10-14,1705,022386,NA,3,2,9,3600,0,3,5,NA,2,002,MESQUITE ST,COYOTE TRL,400,E,N,A,-,N,NA,NA,NA,NA,NA,NA,NA,NA,NA,Y,2,0,1,1,A,-,03,22350,NA,N,E,I,A,A,A,-,A,D,0,NA,NA,NA,NA,Y,NA,D,22,1,0,0,0,0,0,0,0,0,-,-,34.39767837524414,-117.38143157958984,SAN BERNARDINO,UNINCORPORATED,-117.380126953125,34.39767837524414
91328015,2020,2020-10-21,9850,2020-10-11,2130,022494,NA,7,2,9,3600,0,1,3,NA,2,040,SR-18,JOSHUA RD.,700,E,N,A,-,Y,NA,NA,18,NA,NA,NA,NA,NA,NA,Y,4,0,1,1,A,-,01,23152,A,N,E,I,A,A,H,-,D,D,0,NA,NA,NA,NA,Y,Y,A,01,0,0,1,0,0,0,0,0,0,-,-,34.45050048828125,-117.04843902587892,SAN BERNARDINO,UNINCORPORATED,-117.04843902587892,34.45035934448242
91329539,2020,2020-10-22,9860,2020-10-11,1205,018972,NA,7,1,9,3600,0,3,5,NA,2,001,SR-138,WAGON TRAIN ROAD,0,NA,Y,A,-,Y,NA,NA,138,NA,NA,NA,NA,NA,NA,N,4,0,2,2,A,-,09,21802,A,N,D,C,A,A,H,-,A,A,0,NA,NA,NA,NA,Y,NA,A,07,0,0,2,0,0,0,0,0,0,-,-,34.3118896484375,-117.47296905517578,SAN BERNARDINO,UNINCORPORATED,-117.47296905517578,34.311927795410156
9132957,2020,2020-11-25,3600,2020-05-21,1005,G5390,YV019,4,5,3,3631,0,0,0,NA,0,YV1,RT 62,FOX TRL,0,NA,Y,A,-,Y,SBD,8,62,-,-,10.354,I,5,E,N,3,0,1,2,A,-,09,21802,A,N,G,G,A,A,H,-,A,D,0,NA,Y,NA,NA,Y,NA,L,04,0,1,0,0,0,0,1,0,0,-,-,34.11867141723633,-116.44891357421876,SAN BERNARDINO,YUCCA VALLEY,-116.44879913330078,34.11872482299805
91329725,2020,2020-10-22,9855,2020-10-15,1550,015208,NA,4,2,6,3616,0,1,1,NA,2,201,SR-210 E/B (FOOTHILL FWY),DAY CREEK BLVD.,2500,E,N,A,-,Y,NA,NA,210,NA,NA,NA,NA,NA,E,Y,4,0,6,2,A,-,03,22350,NA,N,C,C,A,A,H,-,A,D,0,NA,NA,NA,NA,Y,NA,A,01,0,0,6,0,0,0,0,0,0,-,-,34.13628005981445,-117.51048278808594,SAN BERNARDINO,RANCHO CUCAMONGA,-117.5104751586914,34.13615417480469
91331150,2020,2020-10-26,9855,2020-10-15,0144,021233,NA,4,3,5,3602,0,1,3,NA,2,603,SR-60 E/B (POMONA FWY),MOUNTAIN AVE.,2000,W,N,A,-,Y,NA,NA,60,NA,NA,NA,NA,NA,E,Y,4,0,1,2,A,-,03,22350,NA,N,C,C,A,A,H,-,C,D,0,NA,NA,NA,NA,Y,NA,A,01,0,0,1,0,0,0,0,0,0,-,-,34.030269622802734,-117.67584228515624,SAN BERNARDINO,CHINO,-117.67584228515624,34.03025817871094
91331677,2020,2020-10-26,9860,2020-10-18,1610,021138,NA,7,2,6,3610,0,1,1,NA,2,104,I-10 E/B,WATERMAN AVE,30,E,N,A,-,Y,NA,NA,10,NA,NA,NA,NA,NA,E,Y,4,0,2,1,A,-,08,22107,NA,N,E,I,A,A,H,-,A,D,0,NA,NA,NA,NA,Y,NA,A,01,0,0,2,0,0,0,0,0,0,-,-,34.06427001953125,-117.27848052978516,SAN BERNARDINO,SAN BERNARDINO,-117.27848052978516,34.06413650512695
91333735,2020,2020-10-29,9860,2020-10-17,1130,019419,NA,6,1,9,3600,0,1,3,NA,1,382,SR-38,VALLEY OF THE FALLS DR,1056,W,N,A,-,Y,NA,NA,NA,NA,NA,NA,NA,NA,NA,Y,2,0,1,1,A,-,03,22350,NA,N,F,A,A,A,H,-,A,D,0,NA,NA,Y,NA,Y,NA,C,02,1,0,0,0,0,0,0,0,1,-,-,34.09654998779297,-117.9626235961914,SAN BERNARDINO,UNINCORPORATED,-116.96183013916016,34.096439361572266
91335365,2020,2020-10-30,9860,2020-10-12,0403,021229,NA,1,3,9,3600,0,1,1,NA,2,152,I-15 N/B TO OAK HILL RD,OAK HILL RD,500,S,N,A,-,Y,NA,NA,15,NA,NA,NA,R,NA,N,Y,3,0,1,1,A,-,03,22350,NA,N,E,I,A,A,H,-,C,A,0,NA,NA,NA,NA,Y,NA,A,01,0,1,0,0,0,0,0,0,0,-,-,34.36064147949219,-117.43331909179688,SAN BERNARDINO,UNINCORPORATED,-117.43331909179688,34.36064147949219
91335980,2020,2020-10-30,9855,2020-10-23,2020,016729,NA,5,2,6,3616,0,1,1,NA,2,201,SR-210 E/B (FOOTHILL FWY),HAVEN AVE.,600,E,N,A,-,Y,NA,NA,210,NA,NA,NA,NA,NA,E,Y,3,0,2,3,A,-,03,22350,NA,N,C,C,A,A,H,-,D,D,0,NA,NA,NA,NA,Y,NA,A,01,0,2,0,0,0,0,0,0,0,-,-,34.13615036010742,-117.57285308837892,SAN BERNARDINO,RANCHO CUCAMONGA,-117.57284545898438,34.136138916015625
91336236,2020,2020-11-02,9860,2020-10-29,1735,021138,NA,4,2,9,3600,0,2,4,NA,2,066,CAJON BLVD,KENWOOD AVE,1584,N,N,A,-,N,NA,NA,NA,NA,NA,NA,NA,NA,NA,N,4,0,1,2,D,-,00,NA,NA,N,B,C,A,A,H,-,A,D,0,NA,NA,NA,NA,Y,NA,-,-,0,0,1,0,0,0,0,0,0,-,-,34.23699951171875,-117.43003845214844,SAN BERNARDINO,UNINCORPORATED,-117.4304428100586,34.237266540527344
91336575,2020,2020-11-02,9860,2020-10-31,1010,017098,NA,6,1,9,3600,0,1,1,NA,2,151,I-15 N/B,MATHEWS RANCH RD,3696,N,N,A,-,Y,NA,NA,15,NA,NA,NA,NA,NA,N,Y,4,0,2,1,C,-,18,NA,NA,N,E,I,A,A,H,-,A,D,0,NA,NA,NA,NA,Y,NA,-,-,0,0,2,0,0,0,0,0,0,-,-,34.25178909301758,-117.44615936279295,SAN BERNARDINO,UNINCORPORATED,-117.44625091552734,34.251651763916016
91336870,2020,2020-11-02,9860,2020-11-01,1255,016536,NA,7,1,4,3603,0,1,1,NA,2,103,I-10 W/B,PEPPER AVE.,1500,E,N,A,-,Y,NA,NA,10,NA,NA,NA,NA,NA,W,N,4,0,1,2,A,-,03,22350,NA,N,C,C,A,A,H,-,A,D,0,NA,NA,NA,NA,Y,NA,A,07,0,0,1,0,0,0,0,0,0,-,-,34.06884002685547,-117.3459930419922,SAN BERNARDINO,COLTON,-117.34598541259766,34.06885528564453
91337038,2020,2020-11-02,9860,2020-10-24,0220,015495,NA,6,3,6,3610,0,1,1,NA,2,201,SR-210 E/B,27TH ST,211,W,N,A,-,Y,NA,NA,210,NA,NA,NA,NA,NA,E,Y,2,0,1,1,A,-,08,22107,NA,N,F,A,A,A,H,-,D,D,0,NA,NA,Y,NA,Y,NA,C,02,1,0,0,0,0,0,0,0,1,-,-,34.13975143432617,-117.32422637939452,SAN BERNARDINO,SAN BERNARDINO,-117.3243408203125,34.13985061645508
91337878,2020,2020-11-03,9860,2020-10-28,1545,020533,NA,3,2,4,3603,0,1,1,NA,2,103,I-10 E/B,I-215,350,E,N,A,-,Y,NA,NA,10,NA,NA,NA,NA,NA,E,N,4,0,1,2,A,-,03,22350,NA,F,C,C,A,A,H,-,A,D,0,NA,NA,NA,NA,Y,NA,A,07,0,0,1,0,0,0,0,0,0,-,-,34.06391143798828,-117.29498291015624,SAN BERNARDINO,COLTON,-117.29498291015624,34.06389617919922
91338131,2020,2020-11-03,9835,2020-10-25,1522,021981,NA,7,2,9,3600,0,1,3,NA,1,019,SR-247,VETERAN'S PARKWAY,7498,S,N,A,G,Y,NA,NA,247,NA,NA,NA,NA,NA,NA,Y,2,0,2,1,A,-,08,22107,NA,N,F,A,A,A,H,-,A,D,0,NA,NA,NA,NA,Y,NA,A,07,1,0,1,0,0,0,0,0,0,-,-,34.84865188598633,-117.01397705078124,SAN BERNARDINO,UNINCORPORATED,-117.01402282714844,34.848655700683594
91339517,2020,2020-11-04,9855,2020-08-21,0010,020690,NA,5,3,9,3600,0,3,5,NA,2,001,SAN BERNARDINO AVENUE (13900 BLOCK),BANANA AVENUE,97,E,N,A,-,N,NA,NA,NA,NA,NA,NA,NA,NA,NA,Y,1,1,3,1,A,-,08,22107,NA,N,E,I,A,A,H,-,D,D,0,NA,NA,NA,NA,Y,Y,A,01,1,2,0,0,0,0,0,0,0,-,-,34.07725143432617,-117.49710845947266,SAN BERNARDINO,UNINCORPORATED,-117.49720764160156,34.077369689941406
91339852,2020,2020-11-05,9860,2020-11-01,0114,021980,NA,7,3,6,3610,0,1,1,NA,2,151,I-15 S/B,GLEN HELEN PKY,1800,N,N,A,-,Y,NA,NA,NA,NA,NA,NA,NA,NA,NA,Y,4,0,4,3,A,-,03,22350,NA,N,C,C,A,A,H,-,D,D,0,NA,NA,NA,NA,Y,Y,A,01,0,0,4,0,0,0,0,0,0,-,-,34.20743179321289,-117.41346740722656,SAN BERNARDINO,SAN BERNARDINO,NA,NA
9134051,2020,2020-08-21,3600,2020-04-21,2034,F9058,CH065,2,5,5,3630,0,0,0,NA,0,CH4,SOQUEL CANYON PKWY,SLATE DR,400,W,N,A,-,N,NA,NA,NA,NA,NA,NA,NA,NA,NA,Y,4,0,1,1,A,-,01,23152,A,N,E,I,A,A,H,-,C,D,0,NA,NA,NA,NA,Y,NA,A,01,0,0,1,0,0,0,0,0,0,-,-,NA,NA,SAN BERNARDINO,CHINO HILLS,-117.69792175292967,33.95891571044922
91341206,2020,2020-11-06,9855,2020-10-31,0132,020743,NA,6,3,6,3607,0,1,1,NA,2,103,I-10 E/B (SAN BERNARDINO FWY),FOURTH ST.,1190,E,N,A,-,Y,NA,NA,10,NA,NA,NA,NA,NA,E,Y,3,0,1,1,A,-,01,23152,A,N,E,J,A,A,D,E,D,D,0,NA,NA,NA,NA,Y,Y,A,01,0,1,0,0,0,0,0,0,0,-,-,34.07571029663086,-117.62039947509766,SAN BERNARDINO,ONTARIO,-117.62035369873048,34.07578659057617
91341324,2020,2020-11-06,9860,2020-10-21,2015,019674,NA,3,2,9,3600,0,1,1,NA,2,152,I-15 S/B,SR-138,14256,N,N,A,-,Y,NA,NA,15,NA,NA,NA,NA,NA,S,Y,4,0,2,2,A,-,07,21658,A,N,E,I,A,A,H,-,D,D,0,NA,NA,NA,NA,Y,NA,A,01,0,0,2,0,0,0,0,0,0,-,-,34.34714889526367,-117.47701263427734,SAN BERNARDINO,UNINCORPORATED,-117.47696685791016,34.347049713134766
91341884,2020,2020-11-09,9855,2020-10-31,0142,021233,NA,6,3,5,3611,0,1,1,NA,2,103,I-10 E/B (SAN BERNARDINO FWY),MOUNTAIN AVE.,500,E,N,A,-,Y,NA,NA,10,NA,NA,NA,NA,NA,E,N,4,0,1,2,A,-,07,21658,A,N,B,C,A,A,D,-,C,D,0,NA,NA,NA,NA,Y,NA,D,22,0,0,1,0,0,0,0,0,0,-,-,34.08713912963867,-117.6682586669922,SAN BERNARDINO,UPLAND,-117.6682586669922,34.08720016479492
91343237,2020,2020-11-11,9855,2020-10-22,1646,018212,NA,4,2,6,3607,0,1,1,NA,2,101,I-10 E/B (SAN BERNARDINO FWY),MILLIKEN AVE.,800,E,N,A,-,Y,NA,NA,10,NA,NA,NA,NA,NA,E,Y,2,0,1,2,A,-,08,22107,NA,N,B,C,A,A,H,-,A,D,0,NA,NA,Y,NA,Y,NA,C,02,1,0,0,0,0,0,0,0,1,-,-,34.06739044189453,-117.55516815185548,SAN BERNARDINO,ONTARIO,-117.55516815185548,34.067359924316406
91344857,2020,2020-11-13,9855,2020-11-06,1702,018212,NA,5,2,5,3611,0,1,1,NA,2,203,SR-210 E/B (FOOTHILL FWY),BENSON AVE.,500,E,N,B,-,Y,NA,NA,210,NA,NA,NA,NA,NA,E,Y,4,0,1,3,A,-,08,22107,NA,N,B,C,A,A,H,-,D,D,0,NA,NA,NA,NA,Y,NA,A,01,0,0,1,0,0,0,0,0,0,-,-,34.13270950317383,-117.68003845214844,SAN BERNARDINO,UPLAND,-117.68003082275392,34.132694244384766
91345138,2020,2020-11-13,9850,2020-11-04,1920,021878,NA,3,2,5,3612,0,1,1,NA,2,083,I-15 S/B FROM MOJAVE DRIVE,MOJAVE DRIVE,75,S,N,A,-,Y,NA,NA,15,NA,NA,NA,R,NA,S,N,4,0,1,1,A,-,08,22107,NA,N,E,I,A,A,H,-,C,D,0,NA,NA,NA,NA,Y,NA,A,01,0,0,1,0,0,0,0,0,0,-,-,34.528648376464844,-117.31670379638672,SAN BERNARDINO,VICTORVILLE,-117.31670379638672,34.528648376464844
91345246,2020,2020-11-16,9860,2020-11-04,1528,021638,NA,3,2,9,3600,0,2,4,NA,2,066,CAJON BOULEVARD,SWARTHOUT CANYON RD,2112,S,N,A,-,N,NA,NA,NA,NA,NA,NA,NA,NA,NA,Y,4,0,1,1,A,-,03,22350,NA,N,E,I,A,A,H,-,A,D,0,NA,NA,NA,NA,Y,NA,A,01,0,0,1,0,0,0,0,0,0,-,-,34.271480560302734,-117.45121002197266,SAN BERNARDINO,UNINCORPORATED,-117.4525909423828,34.26996612548828
91347006,2020,2020-11-17,9855,2020-11-08,0258,020743,NA,7,3,6,3607,0,1,1,NA,2,103,I-10 E/B (SAN BERNARDINO FWY),FOURTH ST.,1255,E,N,B,-,Y,NA,NA,10,NA,NA,NA,NA,NA,E,Y,3,0,1,2,A,-,01,23152,A,N,C,C,A,A,D,E,D,D,0,NA,NA,NA,Y,Y,Y,A,01,0,1,0,0,0,0,0,0,0,-,-,34.07563018798828,-117.6201629638672,SAN BERNARDINO,ONTARIO,-117.6201400756836,34.07566452026367
9135043,2020,2020-09-22,3604,2020-07-24,1942,1349,NA,5,5,6,3604,0,0,0,NA,0,NA,FOOTHILL BL,LAUREL AV,95,W,N,A,-,N,NA,NA,NA,NA,NA,NA,NA,NA,NA,N,4,0,1,2,A,-,09,21804,A,F,D,C,A,A,H,-,C,A,0,NA,NA,NA,NA,Y,NA,D,22,0,0,1,0,0,0,0,0,0,-,-,NA,NA,SAN BERNARDINO,FONTANA,-117.41431427001952,34.1067008972168
91350839,2020,2020-11-23,9855,2020-11-10,1454,018212,NA,2,2,9,3600,0,3,5,NA,2,001,PINE AVENUE (15000 BLOCK),ATHOL STREET,350,S,N,A,-,N,NA,NA,NA,NA,NA,NA,NA,NA,NA,N,2,0,1,1,A,-,08,22107,NA,N,E,I,A,A,H,-,A,D,0,NA,NA,Y,NA,Y,NA,C,06,1,0,0,0,0,0,0,0,1,-,-,34.08591842651367,-117.47667694091795,SAN BERNARDINO,UNINCORPORATED,-117.47885894775392,34.08694076538086
91351814,2020,2020-11-23,9860,2020-11-18,0610,022583,NA,3,1,9,3600,0,3,5,NA,2,004,SANTA ANA AVENUE,LAUREL AVE,112,W,N,A,-,N,NA,NA,NA,NA,NA,NA,NA,NA,NA,Y,3,0,1,1,A,-,08,22107,NA,N,E,I,A,A,H,-,A,D,0,NA,NA,NA,NA,Y,NA,A,01,0,1,0,0,0,0,0,0,0,-,-,34.05596160888672,-117.41432189941406,SAN BERNARDINO,UNINCORPORATED,-117.41419219970705,34.05584716796875
9135309,2020,2020-08-19,3600,2020-05-23,1903,G6918,VC073,6,5,5,3612,0,0,0,NA,0,VC6,GALE DR,STABLE LN,140,E,N,A,-,N,NA,NA,NA,NA,NA,NA,NA,NA,NA,N,4,0,1,2,A,-,09,21801,A,N,D,C,A,A,H,-,A,A,0,NA,NA,Y,NA,Y,NA,A,01,0,0,1,0,0,0,0,0,1,-,-,NA,NA,SAN BERNARDINO,VICTORVILLE,-117.35675048828124,34.52794647216797
91356175,2020,2020-12-01,9860,2020-11-19,0705,022539,NA,4,1,9,3600,0,1,1,NA,2,152,I-15 S/B,SR-138,14784,N,N,A,-,Y,NA,NA,15,NA,NA,NA,NA,NA,S,Y,3,0,2,1,A,-,08,22107,NA,N,E,I,A,A,H,-,A,D,0,NA,NA,NA,Y,Y,NA,G,75,0,2,0,0,0,0,0,0,0,-,-,34.34767150878906,-117.47525024414063,SAN BERNARDINO,UNINCORPORATED,-117.47523498535156,34.34760284423828
91356317,2020,2020-12-01,9860,2020-11-21,1055,019419,NA,6,1,6,3610,0,1,1,NA,2,103,I-10 W/B,I-215,200,E,N,A,-,Y,NA,NA,10,NA,NA,NA,NA,NA,W,N,4,0,1,4,A,-,08,22107,NA,N,B,C,A,A,H,-,A,D,0,NA,NA,NA,NA,Y,NA,A,08,0,0,1,0,0,0,0,0,0,-,-,34.064170837402344,-117.2951889038086,SAN BERNARDINO,SAN BERNARDINO,-117.29518127441406,34.06421661376953
91356510,2020,2020-12-01,9865,2020-11-23,1015,016913,NA,1,1,9,3600,0,3,5,NA,2,003,OAK LANE,CYPRESS LANE,0,NA,Y,A,-,N,NA,NA,NA,NA,NA,NA,NA,NA,NA,N,3,0,1,2,A,-,09,21800,B,N,D,C,A,A,H,-,A,D,0,NA,NA,NA,NA,Y,NA,A,01,0,1,0,0,0,0,0,0,0,-,-,34.24488067626953,-116.79620361328124,SAN BERNARDINO,UNINCORPORATED,-116.79624938964844,34.24509048461914
91356730,2020,2020-12-01,9860,2020-11-24,1640,019725,NA,2,2,9,3600,0,1,3,NA,1,010,SR-138,SUMMIT VALLEY RD,0,NA,Y,A,-,Y,NA,NA,138,NA,NA,NA,NA,NA,NA,Y,4,0,3,3,A,-,09,21804,A,N,D,C,A,A,H,-,B,D,0,NA,NA,NA,NA,Y,NA,A,01,0,0,3,0,0,0,0,0,0,-,-,34.32278823852539,-117.39839935302734,SAN BERNARDINO,UNINCORPORATED,-117.39840698242188,34.32276153564453
9135682,2020,2020-09-17,3602,2020-07-22,1248,4114,NA,3,5,5,3602,0,0,0,NA,0,001,PIPELINE AV,SPECTRUM SOUTH,12,S,N,A,-,N,NA,NA,NA,NA,NA,NA,NA,NA,NA,N,3,0,1,3,A,-,10,21950,A,N,G,B,-,A,H,-,A,A,0,Y,NA,NA,NA,Y,NA,A,01,0,1,0,0,1,0,0,0,0,-,-,33.99100112915039,-117.71520233154295,SAN BERNARDINO,CHINO,-117.71527099609376,34.000667572021484
9135714,2020,2020-09-16,3604,2020-07-11,1915,1163,NA,6,5,6,3604,0,0,0,NA,0,NA,JUNIPER AV,ATHOL AV,0,NA,Y,A,-,N,NA,NA,NA,NA,NA,NA,NA,NA,NA,N,3,0,1,2,A,-,09,21802,A,F,D,C,A,A,H,-,A,A,0,NA,NA,Y,NA,Y,NA,-,99,0,1,0,0,0,0,0,0,1,-,-,NA,NA,SAN BERNARDINO,FONTANA,-117.44010162353516,34.088470458984375
91357794,2020,2020-12-02,9835,2020-11-25,0325,015354,NA,3,3,9,3600,0,1,1,NA,2,074,INTERSTATE 15 NORTHBOUND,RASOR RD,14731,N,N,A,-,Y,NA,NA,15,NA,NA,NA,NA,NA,N,Y,4,0,2,2,A,-,07,21658,A,N,B,C,A,A,H,-,D,D,0,NA,NA,NA,Y,Y,NA,A,01,0,0,2,0,0,0,0,0,0,-,-,35.167198181152344,-116.18051147460938,SAN BERNARDINO,UNINCORPORATED,-116.18047332763672,35.16716766357422
91357798,2020,2020-12-02,9855,2020-11-20,2050,019675,NA,5,2,4,3605,0,1,1,NA,2,103,I-10 E/B (SAN BERNARDINO FWY),MONTE VISTA AVE.,1390,W,N,A,-,Y,NA,NA,10,NA,NA,NA,NA,NA,E,Y,3,0,1,1,A,-,08,22107,NA,N,F,A,A,A,D,-,D,D,0,NA,NA,NA,NA,Y,NA,D,22,0,1,0,0,0,0,0,0,0,-,-,34.08171081542969,-117.70310974121094,SAN BERNARDINO,MONTCLAIR,-117.70310974121094,34.08169937133789
91358182,2020,2020-12-03,9834,2020-12-01,1540,016043,NA,2,2,9,3600,0,1,1,NA,2,042,I-40 E/B,MOUNTAIN SPRINGS RD,4752,E,N,A,-,Y,NA,NA,40,NA,NA,NA,NA,NA,E,Y,4,0,1,1,A,-,08,22107,NA,N,E,I,A,A,H,-,A,D,0,NA,NA,NA,Y,Y,NA,G,26,0,0,1,0,0,0,0,0,0,-,-,34.8295783996582,-115.03703308105467,SAN BERNARDINO,UNINCORPORATED,-115.03702545166016,34.82963562011719
91359704,2020,2020-12-07,9860,2020-11-27,0240,021169,NA,5,3,4,3603,0,1,1,NA,2,214,I-215 N/B,COOLEY DR,1455,S,N,A,-,Y,NA,NA,215,NA,NA,NA,NA,NA,N,Y,4,0,1,1,A,-,08,22107,NA,N,F,A,A,A,H,-,D,D,0,NA,NA,NA,NA,Y,NA,A,01,0,0,1,0,0,0,0,0,0,-,-,34.05567932128906,-117.29842376708984,SAN BERNARDINO,COLTON,-117.29853057861328,34.055721282958984
91360185,2020,2020-12-07,9860,2020-12-02,0415,020856,NA,3,3,6,3610,0,1,1,NA,2,202,SR-210 W/B,DEL ROSA AVE,1481,E,N,A,-,Y,NA,NA,210,NA,NA,NA,NA,NA,W,Y,4,0,1,1,A,-,01,23152,A,N,E,I,A,A,H,-,D,D,0,NA,NA,NA,NA,Y,Y,A,01,0,0,1,0,0,0,0,0,0,-,-,34.14094924926758,-117.24794006347656,SAN BERNARDINO,SAN BERNARDINO,-117.24796295166016,34.140892028808594
91360974,2020,2020-12-08,9835,2020-12-01,0420,022192,NA,2,3,9,3600,0,1,1,NA,2,072,I-15 N/B,CALICO RD,1056,S,N,A,-,Y,NA,NA,15,NA,NA,NA,NA,NA,N,Y,4,0,1,2,A,-,03,22350,NA,N,C,C,A,A,H,-,D,D,0,NA,NA,NA,Y,Y,NA,A,01,0,0,1,0,0,0,0,0,0,-,-,34.90700149536133,-116.85489654541016,SAN BERNARDINO,UNINCORPORATED,-116.85488128662108,34.90685272216797
9136206,2020,2020-10-05,3603,2020-07-29,0827,4012,CPD,3,5,4,3603,0,0,0,NA,0,002,MT VERNON AV,LAUREL AV,0,NA,Y,A,-,N,NA,NA,NA,NA,NA,NA,NA,NA,NA,N,3,0,1,2,A,-,12,21453,A,N,D,G,A,A,H,-,A,A,0,NA,Y,NA,NA,Y,NA,L,04,0,1,0,0,0,0,1,0,0,-,-,NA,NA,SAN BERNARDINO,COLTON,-117.31385040283205,34.081199645996094
91363283,2020,2020-12-10,9855,2020-11-21,1130,017323,NA,6,1,6,3607,0,1,1,NA,2,103,I-10 E/B (SAN BERNARDINO FWY),ARCHIBALD AVE.,528,W,N,A,-,Y,NA,NA,10,NA,NA,NA,NA,NA,E,N,4,0,1,2,A,-,03,22350,NA,N,C,C,A,A,D,-,A,D,0,NA,NA,NA,NA,Y,NA,A,07,0,0,1,0,0,0,0,0,0,-,-,34.06755828857422,-117.59658050537108,SAN BERNARDINO,ONTARIO,-117.59658050537108,34.06755447387695
91364481,2020,2020-12-11,9860,2020-12-06,1300,019419,NA,7,1,4,3618,0,1,1,NA,2,203,SR-210 E/B,5TH ST,2165,E,N,A,-,Y,NA,NA,210,NA,NA,NA,NA,NA,E,Y,4,0,3,2,A,-,03,22350,NA,N,C,C,A,A,D,H,A,D,0,NA,NA,NA,NA,Y,NA,A,01,0,0,3,0,0,0,0,0,0,-,-,34.10198974609375,-117.19978332519533,SAN BERNARDINO,HIGHLAND,-117.19976806640624,34.10198974609375
91364574,2020,2020-12-30,9870,2020-12-08,0940,018467,NA,2,1,9,3600,0,1,3,NA,1,031,SR-62 (TWENTYNINE PALMS HIGHWAY),BONAIR ROAD,57,W,N,A,-,Y,NA,NA,62,NA,NA,NA,NA,NA,NA,Y,4,0,1,1,A,-,08,22107,NA,N,E,I,A,A,H,-,A,D,0,NA,NA,NA,NA,Y,NA,A,07,0,0,1,0,0,0,0,0,0,-,-,34.13496017456055,-116.30767822265624,SAN BERNARDINO,UNINCORPORATED,-116.30767822265624,34.1349983215332
91364901,2020,2020-12-14,9860,2020-12-11,1610,020426,NA,5,2,4,3603,0,1,1,NA,2,103,I-10 W/B,MOUNT VERNON AVE,325,E,N,B,-,Y,NA,NA,10,NA,NA,NA,NA,NA,W,Y,4,0,1,3,A,-,03,22350,NA,N,C,C,A,A,H,-,A,D,0,NA,NA,NA,NA,Y,NA,A,01,0,0,1,0,0,0,0,0,0,-,-,34.06496047973633,-117.3125,SAN BERNARDINO,COLTON,-117.31250762939452,34.06508255004883
91367810,2020,2020-12-15,9855,2020-12-06,1735,020046,NA,7,2,6,3607,0,1,1,NA,2,103,I-10 E/B (SBF) FROM VINEYARD AVE.,VINEYARD AVE.,800,E,N,A,-,Y,NA,NA,10,NA,NA,NA,R,NA,E,Y,4,0,1,2,A,-,03,22350,NA,N,C,C,A,A,H,-,C,A,0,NA,NA,NA,NA,Y,NA,A,01,0,0,1,0,0,0,0,0,0,-,-,34.0690803527832,-117.60823059082033,SAN BERNARDINO,ONTARIO,-117.60823059082033,34.0690803527832