CASE_ID,ACCIDENT_YEAR,PROC_DATE,JURIS,COLLISION_DATE,COLLISION_TIME,OFFICER_ID,REPORTING_DISTRICT,DAY_OF_WEEK,CHP_SHIFT,POPULATION,CNTY_CITY_LOC,SPECIAL_COND,BEAT_TYPE,CHP_BEAT_TYPE,CITY_DIVISION_LAPD,CHP_BEAT_CLASS,BEAT_NUMBER,PRIMARY_RD,SECONDARY_RD,DISTANCE,DIRECTION,INTERSECTION,WEATHER_1,WEATHER_2,STATE_HWY_IND,CALTRANS_COUNTY,CALTRANS_DISTRICT,STATE_ROUTE,ROUTE_SUFFIX,POSTMILE_PREFIX,POSTMILE,LOCATION_TYPE,RAMP_INTERSECTION,SIDE_OF_HWY,TOW_AWAY,COLLISION_SEVERITY,NUMBER_KILLED,NUMBER_INJURED,PARTY_COUNT,PRIMARY_COLL_FACTOR,PCF_CODE_OF_VIOL,PCF_VIOL_CATEGORY,PCF_VIOLATION,PCF_VIOL_SUBSECTION,HIT_AND_RUN,TYPE_OF_COLLISION,MVIW,PED_ACTION,ROAD_SURFACE,ROAD_COND_1,ROAD_COND_2,LIGHTING,CONTROL_DEVICE,CHP_ROAD_TYPE,PEDESTRIAN_ACCIDENT,BICYCLE_ACCIDENT,MOTORCYCLE_ACCIDENT,TRUCK_ACCIDENT,NOT_PRIVATE_PROPERTY,ALCOHOL_INVOLVED,STWD_VEHTYPE_AT_FAULT,CHP_VEHTYPE_AT_FAULT,COUNT_SEVERE_INJ,COUNT_VISIBLE_INJ,COUNT_COMPLAINT_PAIN,COUNT_PED_KILLED,COUNT_PED_INJURED,COUNT_BICYCLIST_KILLED,COUNT_BICYCLIST_INJURED,COUNT_MC_KILLED,COUNT_MC_INJURED,PRIMARY_RAMP,SECONDARY_RAMP,LATITUDE,LONGITUDE,COUNTY,CITY,POINT_X,POINT_Y
9142724,2020,2020-09-23,3600,2020-06-21,1921,G7689,RC027,7,5,6,3616,0,0,0,NA,0,002,HAVEN AV,RT 210,0,NA,Y,A,-,N,NA,NA,NA,NA,NA,NA,NA,NA,NA,Y,3,0,1,2,-,-,-,NA,A,N,-,C,A,A,H,-,A,A,0,NA,NA,NA,NA,Y,NA,D,22,0,1,0,0,0,0,0,0,0,-,WF,34.13591003417969,-117.5758819580078,SAN BERNARDINO,RANCHO CUCAMONGA,-117.57601165771484,34.13618087768555
9142736,2020,2020-09-23,3600,2020-07-27,1413,C9389,RC047,1,5,6,3616,0,0,0,NA,0,RC1,CARNELIAN ST,BASE LINE RD,0,NA,Y,A,-,N,NA,NA,NA,NA,NA,NA,NA,NA,NA,N,4,0,1,2,D,-,00,NA,NA,N,C,C,A,A,H,-,A,D,0,NA,NA,NA,NA,Y,Y,-,-,0,0,1,0,0,0,0,0,0,-,-,NA,NA,SAN BERNARDINO,RANCHO CUCAMONGA,-117.61611175537108,34.121551513671875
91427502,2021,2021-03-15,9850,2021-03-05,1445,022510,NA,5,2,9,3600,0,1,3,NA,2,062,SR-2,SCRUB OAK RD,0,NA,Y,A,-,Y,NA,NA,2,NA,NA,NA,NA,NA,NA,N,2,0,1,2,A,-,09,21802,A,F,D,C,A,A,H,-,A,D,0,NA,NA,Y,NA,Y,NA,A,01,1,0,0,0,0,0,0,0,1,-,-,34.380130767822266,-117.60386657714844,SAN BERNARDINO,UNINCORPORATED,-117.60385131835938,34.38008117675781
91427566,2021,2021-03-15,9860,2021-03-01,1745,019062,NA,1,2,9,3600,0,3,5,NA,2,003,ALABAMA ST,PIONEER AVE,85,S,N,A,-,N,NA,NA,NA,NA,NA,NA,NA,NA,NA,N,4,0,1,2,A,-,03,22350,NA,M,C,C,A,A,H,-,A,A,0,NA,NA,NA,NA,Y,NA,A,08,0,0,1,0,0,0,0,0,0,-,-,34.08089828491211,-117.20867156982422,SAN BERNARDINO,UNINCORPORATED,-117.20863342285156,34.08094787597656
91428867,2021,2021-03-17,9860,2021-03-12,1325,014829,NA,5,1,9,3600,0,1,1,NA,2,152,I-15 S/B,SR-138,528,S,N,A,-,Y,NA,NA,15,NA,NA,NA,NA,NA,S,Y,4,0,1,2,A,-,03,22350,NA,N,C,C,A,A,H,-,A,D,0,NA,NA,NA,NA,Y,NA,A,01,0,0,1,0,0,0,0,0,0,-,-,34.31147003173828,-117.47467803955078,SAN BERNARDINO,UNINCORPORATED,-117.47467803955078,34.31147003173828
91430300,2021,2021-03-18,9850,2021-03-17,1715,021878,NA,3,2,9,3600,0,3,5,NA,2,002,RANCHERO ROAD,FUENTE AVENUE,289,E,N,A,-,N,NA,NA,NA,NA,NA,NA,NA,NA,NA,N,4,0,2,2,A,-,03,22350,NA,N,C,C,A,A,H,-,A,D,0,NA,NA,NA,NA,Y,NA,A,07,0,0,2,0,0,0,0,0,0,-,-,34.38311004638672,-117.36286926269533,SAN BERNARDINO,UNINCORPORATED,-117.36295318603516,34.38312911987305
91430407,2020,2021-03-18,9834,2020-10-03,1255,018343,NA,6,1,9,3600,0,1,2,NA,1,091,US-95,SR-62,36960,N,N,A,-,Y,NA,NA,95,NA,NA,NA,NA,NA,NA,Y,1,1,3,2,A,-,05,21460,A,N,A,C,A,A,D,-,A,D,0,NA,NA,NA,NA,Y,NA,A,07,1,2,0,0,0,0,0,0,0,-,-,34.258880615234375,-114.64659118652344,SAN BERNARDINO,UNINCORPORATED,-114.64649963378906,34.2588996887207
91431615,2021,2021-03-22,9860,2021-03-15,0329,021229,NA,1,3,6,3610,0,1,1,NA,2,216,I-215 N/B TO SR-210 W/B,27TH ST,1056,E,N,B,-,Y,NA,NA,NA,NA,NA,NA,NA,NA,NA,Y,3,0,1,1,A,-,01,23152,A,N,E,I,A,A,H,-,D,D,0,NA,NA,NA,NA,Y,Y,A,01,0,1,0,0,0,0,0,0,0,-,-,34.14282989501953,-117.3230209350586,SAN BERNARDINO,SAN BERNARDINO,-117.30316925048828,34.14065170288086
91432552,2021,2021-03-22,9870,2021-03-15,1935,021650,NA,1,2,9,3600,0,3,5,NA,2,003,SUNBURST STREET,DENNIS AVENUE,223,N,N,A,-,N,NA,NA,NA,NA,NA,NA,NA,NA,NA,Y,4,0,1,2,A,-,03,22350,NA,N,C,C,A,B,H,-,C,D,0,NA,NA,NA,NA,Y,NA,A,07,0,0,1,0,0,0,0,0,0,-,-,34.157501220703125,-116.30848693847656,SAN BERNARDINO,UNINCORPORATED,-116.30850982666016,34.15742111206055
91434281,2021,2021-03-24,9865,2021-03-15,1645,020393,NA,1,2,9,3600,0,1,3,NA,1,022,SR-18,SIBERIA CREEK TRL,2640,N,N,D,-,Y,NA,NA,18,NA,NA,NA,NA,NA,NA,Y,3,0,1,3,A,-,03,22350,NA,N,B,C,A,C,H,-,A,D,0,NA,NA,NA,NA,Y,NA,A,01,0,1,0,0,0,0,0,0,0,-,-,34.23133850097656,-117.02657318115234,SAN BERNARDINO,UNINCORPORATED,-117.02664947509766,34.231327056884766
91434619,2021,2021-03-29,9860,2021-03-14,0140,020553,NA,7,3,5,3608,0,1,1,NA,2,104,I-10 W/B,MOUNTAIN VIEW AVE,500,W,N,B,-,Y,NA,NA,10,NA,NA,NA,NA,NA,W,Y,4,0,3,2,A,-,07,21658,A,N,C,C,A,A,H,-,C,D,0,NA,NA,NA,NA,Y,NA,A,01,0,0,3,0,0,0,0,0,0,-,-,34.06671905517578,-117.24600982666016,SAN BERNARDINO,REDLANDS,-117.24600982666016,34.06673049926758
91434794,2021,2021-03-25,9860,2021-03-07,2145,021375,NA,7,2,9,3600,0,3,5,NA,2,002,DUFFY ST,1ST AVE,0,NA,Y,A,-,Y,NA,NA,NA,NA,NA,NA,NA,NA,NA,Y,2,0,1,2,A,-,12,22450,A,N,D,C,A,A,H,-,C,A,0,NA,NA,NA,NA,Y,NA,A,01,1,0,0,0,0,0,0,0,0,-,-,34.15980911254883,-117.34422302246094,SAN BERNARDINO,UNINCORPORATED,-117.34420013427734,34.15977096557617
91437175,2021,2021-03-26,9855,2021-03-16,1935,018212,NA,2,2,9,3600,0,3,5,NA,2,004,RIVERSIDE DR.,TOWNE AVE.,0,NA,Y,A,-,N,NA,NA,NA,NA,NA,NA,NA,NA,NA,Y,4,0,1,2,A,-,09,21801,A,N,D,C,A,A,H,-,C,A,0,NA,NA,NA,NA,Y,NA,A,01,0,0,1,0,0,0,0,0,0,-,-,34.01924133300781,-117.73396301269533,SAN BERNARDINO,UNINCORPORATED,-117.74010467529295,34.01902770996094
9143793,2020,2020-10-15,3600,2020-08-10,1020,17200710,VC066,1,5,5,3612,0,0,0,NA,0,VC4,SYCAMORE ST,BIRCHWOOD AV,0,NA,Y,A,-,N,NA,NA,NA,NA,NA,NA,NA,NA,NA,N,3,0,1,1,-,-,-,NA,NA,N,E,A,A,A,H,-,A,A,0,NA,NA,Y,NA,Y,NA,C,02,0,1,0,0,0,0,0,0,1,-,-,NA,NA,SAN BERNARDINO,VICTORVILLE,-117.3712921142578,34.46316146850586
91438107,2021,2021-03-29,9860,2021-03-18,1810,020051,NA,4,2,9,3600,0,2,4,NA,1,131,LYTLE CREEK RD,GLEN HELEN PKY,11616,W,N,A,-,N,NA,NA,NA,NA,NA,NA,NA,NA,NA,Y,3,0,1,1,A,-,08,22107,NA,N,F,A,A,A,H,-,B,D,0,NA,NA,Y,NA,Y,NA,C,02,0,1,0,0,0,0,0,0,1,-,-,34.21377182006836,-117.45732879638672,SAN BERNARDINO,UNINCORPORATED,-117.45732879638672,34.21345520019531
91438244,2021,2021-03-29,9855,2021-03-19,1800,019675,NA,5,2,6,3616,0,1,1,NA,2,201,SR-210 E/B (FOOTHILL FWY),MILLIKEN AVE.,2500,E,N,A,-,Y,NA,NA,210,NA,NA,NA,NA,NA,E,Y,4,0,2,2,A,-,03,22350,NA,N,C,C,A,A,H,-,A,D,0,NA,NA,NA,NA,Y,NA,A,01,0,0,2,0,0,0,0,0,0,-,-,34.136451721191406,-117.55008697509766,SAN BERNARDINO,RANCHO CUCAMONGA,-117.55008697509766,34.13648223876953
9143898,2020,2020-09-21,3610,2020-07-21,2250,51229,NA,2,5,6,3610,0,0,0,NA,0,CHARLI,E 30TH ST,N PARKSIDE DR,148,W,N,A,-,N,NA,NA,18,NA,NA,NA,NA,NA,NA,Y,4,0,1,2,A,-,12,21453,A,N,D,C,A,A,H,-,C,A,0,NA,NA,NA,NA,Y,NA,A,01,0,0,1,0,0,0,0,0,0,-,-,34.145931243896484,-117.27867126464844,SAN BERNARDINO,SAN BERNARDINO,-117.27870178222656,34.14592742919922
91439656,2021,2021-03-30,9855,2021-03-21,1150,018335,NA,7,1,6,3616,0,1,1,NA,2,201,SR-210 E/B (FOOTHILL FWY),MILLIKEN AVE.,2500,E,N,A,-,Y,NA,NA,210,NA,NA,NA,NA,NA,E,Y,4,0,2,2,A,-,03,22350,NA,N,C,C,A,A,H,-,A,D,0,NA,NA,NA,NA,Y,NA,A,01,0,0,2,0,0,0,0,0,0,-,-,34.136539459228516,-117.54762268066406,SAN BERNARDINO,RANCHO CUCAMONGA,-117.54762268066406,34.1364860534668
9144113,2020,2020-09-23,3600,2020-07-07,2010,D6683,RC035,2,5,6,3616,0,0,0,NA,0,NA,4TH ST,HERMOSA AV,0,NA,Y,A,-,N,NA,NA,NA,NA,NA,NA,NA,NA,NA,N,3,0,2,2,A,-,12,21453,A,N,D,C,A,A,H,-,B,A,0,NA,NA,NA,NA,Y,NA,A,01,0,1,1,0,0,0,0,0,0,-,-,NA,NA,SAN BERNARDINO,RANCHO CUCAMONGA,-117.58460235595705,34.077449798583984
91441641,2021,2021-04-02,9835,2021-03-23,0543,020976,NA,2,3,9,3600,0,1,1,NA,2,077,I-15 S/B,NEVADA STATE LINE,11088,S,N,A,-,Y,NA,NA,NA,NA,NA,NA,NA,NA,NA,Y,3,0,1,2,A,-,03,22350,NA,N,C,C,A,A,H,-,B,D,0,NA,NA,NA,NA,Y,NA,A,01,0,1,0,0,0,0,0,0,0,-,-,35.577728271484375,-115.46420288085938,SAN BERNARDINO,UNINCORPORATED,NA,NA
91442104,2021,2021-04-02,9860,2021-03-14,2000,022539,NA,7,2,9,3600,0,1,1,NA,2,152,I-15 S/B TO SR-138,SR-138,1056,N,N,B,-,Y,NA,NA,15,NA,NA,NA,R,NA,S,Y,4,0,2,2,A,-,21,22106,NA,F,C,C,A,A,H,-,C,D,0,NA,NA,NA,NA,Y,Y,A,01,0,0,2,0,0,0,0,0,0,-,-,34.31391143798828,-117.47782135009766,SAN BERNARDINO,UNINCORPORATED,-117.47782135009766,34.31391143798828
91444142,2021,2021-04-06,9855,2021-03-27,1435,019675,NA,6,2,6,3604,0,1,1,NA,2,101,I-10 W/B (SAN BERNARDINO FWY),CHERRY AVE.,4300,E,N,A,-,Y,NA,NA,10,NA,NA,NA,NA,NA,W,Y,4,0,2,2,A,-,03,22350,NA,N,C,C,A,A,H,-,A,D,0,NA,NA,NA,NA,Y,NA,A,01,0,0,2,0,0,0,0,0,0,-,-,34.06631088256836,-117.47454071044922,SAN BERNARDINO,FONTANA,-117.47454071044922,34.06635284423828
91444434,2021,2021-04-06,9855,2021-03-27,0955,018335,NA,6,1,9,3600,0,3,5,NA,2,001,SAN BERNARDINO AVE. W/B (13200 BLOCK),KAISER WAY,90,E,N,A,-,N,NA,NA,NA,NA,NA,NA,NA,NA,NA,Y,4,0,2,2,A,-,03,22350,NA,N,C,C,A,A,H,-,A,A,0,NA,NA,NA,NA,Y,NA,D,22,0,0,2,0,0,0,0,0,0,-,-,34.07722091674805,-117.51805877685548,SAN BERNARDINO,UNINCORPORATED,-117.51810455322266,34.077083587646484
9144544,2020,2020-10-14,3603,2020-08-22,1310,4861,CPD,6,5,4,3603,0,0,0,NA,0,002,N MT VERNON AV,N COLTON AV,0,NA,Y,A,-,N,NA,NA,NA,NA,NA,NA,NA,NA,NA,N,4,0,1,2,A,-,12,21453,A,N,D,A,A,A,H,-,A,A,0,NA,NA,NA,NA,Y,NA,D,22,0,0,1,0,0,0,0,0,0,-,-,34.073699951171875,-117.31385803222656,SAN BERNARDINO,COLTON,-117.3138427734375,34.0737190246582
91446249,2021,2021-04-08,9855,2021-03-30,1819,016729,NA,2,2,9,3600,0,3,5,NA,2,001,RANDALL AVE,ELM AVE.,0,NA,Y,A,-,N,NA,NA,NA,NA,NA,NA,NA,NA,NA,N,4,0,1,2,A,-,09,21802,B,N,D,C,A,A,H,-,A,A,0,NA,NA,NA,NA,Y,NA,A,01,0,0,1,0,0,0,0,0,0,-,-,34.084781646728516,-117.46678924560548,SAN BERNARDINO,UNINCORPORATED,-117.466796875,34.08476257324219
91447099,2021,2021-04-09,9835,2021-04-05,0815,021448,NA,1,1,9,3600,0,1,3,NA,1,019,SR-247 N/B,SAWTOOTH CANYON RD,10560,S,N,A,-,Y,NA,NA,247,NA,NA,NA,NA,NA,N,Y,2,0,2,1,A,-,08,22107,NA,N,F,A,A,A,H,-,A,D,0,NA,NA,NA,NA,Y,NA,D,22,1,1,0,0,0,0,0,0,0,-,-,34.659549713134766,-116.95220184326172,SAN BERNARDINO,UNINCORPORATED,-116.95214080810548,34.65959930419922
9144771,2020,2020-10-15,3600,2020-08-25,0838,8664,026,2,5,5,3621,0,0,0,NA,0,003,JESS RANCH PKWY,MARKET PLACE DR,354,S,N,A,-,N,NA,NA,NA,NA,NA,NA,NA,NA,NA,Y,3,0,1,2,A,-,09,21804,A,N,D,C,A,A,H,-,A,A,0,NA,NA,NA,NA,Y,NA,A,01,0,1,0,0,0,0,0,0,0,-,-,NA,NA,SAN BERNARDINO,APPLE VALLEY,-117.24915313720705,34.46854019165039
91448192,2021,2021-04-12,9835,2021-04-03,1240,021160,NA,6,1,9,3600,0,3,5,NA,2,032,NATIONAL TRAILS HWY,MURPHEY COMPANY RD,5333,W,N,A,-,N,NA,NA,NA,NA,NA,NA,NA,NA,NA,Y,3,0,1,1,A,-,08,22107,NA,N,F,A,A,A,H,-,A,D,0,NA,NA,NA,NA,Y,NA,A,01,0,1,0,0,0,0,0,0,0,-,-,34.74760055541992,-117.3206024169922,SAN BERNARDINO,UNINCORPORATED,-117.3205337524414,34.74766159057617
91448212,2021,2021-04-12,9870,2021-04-05,1650,021288,NA,1,2,9,3600,0,3,5,NA,2,001,SENILLIS AVENUE,HESS BOULEVARD,0,NA,Y,A,-,N,NA,NA,NA,NA,NA,NA,NA,NA,NA,N,4,0,1,2,A,-,12,22450,A,N,D,C,A,A,H,-,A,A,0,NA,NA,NA,NA,Y,NA,D,22,0,0,1,0,0,0,0,0,0,-,-,34.04695129394531,-116.58529663085938,SAN BERNARDINO,UNINCORPORATED,-116.5852508544922,34.04694747924805
91448285,2021,2021-04-12,9850,2021-04-04,2320,021516,NA,7,3,9,3600,0,2,4,NA,2,053,EL MIRAGE RD.,LESSING AVE.,500,W,N,A,-,N,NA,NA,NA,NA,NA,NA,NA,NA,NA,Y,4,0,1,1,A,-,08,22107,NA,N,E,I,A,A,H,-,D,D,0,NA,NA,NA,NA,Y,Y,A,01,0,0,1,0,0,0,0,0,0,-,-,34.6014518737793,-117.50882720947266,SAN BERNARDINO,UNINCORPORATED,-117.50910949707033,34.601436614990234
91450328,2021,2021-04-14,9855,2021-04-04,0858,015626,NA,7,1,6,3607,0,1,3,NA,2,601,SR-60 W/B (POMONA FWY),VINEYARD AVE.,1695,W,N,A,-,Y,NA,NA,60,NA,NA,NA,NA,NA,W,Y,4,0,1,1,A,-,08,22107,NA,N,E,I,A,A,D,-,A,D,0,NA,NA,NA,NA,Y,NA,A,01,0,0,1,0,0,0,0,0,0,-,-,34.03076934814453,-117.61679840087892,SAN BERNARDINO,ONTARIO,-117.61679840087892,34.03060531616211
91453126,2021,2021-04-19,9865,2021-04-15,1835,021502,NA,4,2,9,3600,0,1,3,NA,1,010,STATE ROUTE 18,STATE ROUTE 138,6336,S,N,A,-,Y,NA,NA,18,NA,NA,NA,NA,NA,NA,Y,3,0,1,1,A,-,03,22350,NA,N,F,A,A,A,H,-,A,D,0,NA,NA,Y,NA,Y,NA,C,02,0,1,0,0,0,0,0,0,1,-,-,34.22687911987305,-117.30056762695313,SAN BERNARDINO,UNINCORPORATED,-117.3005828857422,34.22688293457031
9145564,2020,2021-02-23,3600,2020-12-30,0218,D6899,HE128,3,5,5,3619,0,0,0,NA,0,HE3,MAIN ST,COTTONWOOD AV,396,W,N,A,-,N,NA,NA,NA,NA,NA,NA,NA,NA,NA,N,3,0,1,2,A,-,11,21954,A,N,G,B,D,A,H,-,D,D,0,Y,NA,NA,NA,Y,NA,N,60,0,1,0,0,1,0,0,0,0,-,-,NA,NA,SAN BERNARDINO,HESPERIA,-117.33975982666016,34.426910400390625
91455784,2021,2021-04-22,9855,2021-04-12,1513,016729,NA,1,2,5,3611,0,1,1,NA,2,203,SR-210 E/B (FOOTHILL FWY),EUCLID AVE.,600,E,N,A,-,Y,NA,NA,210,NA,NA,NA,NA,NA,E,Y,4,0,1,3,A,-,03,22350,NA,N,C,C,A,A,H,-,A,D,0,NA,NA,NA,NA,Y,NA,A,01,0,0,1,0,0,0,0,0,0,-,-,34.13457107543945,-117.64984130859376,SAN BERNARDINO,UPLAND,-117.64984130859376,34.134605407714844
91455838,2021,2021-04-22,9860,2021-04-13,1642,019706,NA,2,2,9,3600,0,1,1,NA,2,151,I-15 NORTHBOUND,KENWOOD AVE.,3490,S,N,B,-,Y,NA,NA,15,NA,NA,NA,NA,NA,N,Y,4,0,1,2,A,-,03,22350,NA,N,C,C,A,A,H,-,A,D,0,NA,NA,NA,NA,Y,NA,A,01,0,0,1,0,0,0,0,0,0,-,-,34.23025894165039,-117.41644287109376,SAN BERNARDINO,UNINCORPORATED,-117.41637420654295,34.230342864990234
91457592,2021,2021-04-26,9850,2021-04-23,1225,022361,NA,5,1,9,3600,0,1,1,NA,2,083,I-15 S/B,D STREET,525,S,N,A,-,Y,NA,NA,NA,NA,NA,NA,NA,NA,NA,Y,3,0,1,2,A,-,01,23152,A,N,B,C,A,A,H,-,A,D,0,NA,NA,NA,NA,Y,Y,A,07,0,1,0,0,0,0,0,0,0,-,-,34.545318603515625,-117.30281829833984,SAN BERNARDINO,UNINCORPORATED,-117.3020477294922,34.54462814331055
91458330,2021,2021-05-06,9865,2021-04-13,0105,021840,NA,2,3,9,3600,0,1,3,NA,2,021,SR-330,LIVE OAK DR,3696,S,N,A,-,Y,NA,NA,330,NA,NA,NA,NA,NA,NA,Y,2,0,1,1,A,-,08,22107,NA,N,E,I,A,A,H,-,D,D,0,NA,NA,NA,NA,Y,Y,A,01,1,0,0,0,0,0,0,0,0,-,-,34.20396041870117,-117.14225769042967,SAN BERNARDINO,UNINCORPORATED,-117.14224243164063,34.20402145385742
91461524,2021,2021-04-29,9860,2021-04-15,1705,019725,NA,4,2,9,3600,0,3,5,NA,2,003,ALABAMA ST,CITRUS PLAZA,76,S,N,A,-,N,NA,NA,NA,NA,NA,NA,NA,NA,NA,N,4,0,1,3,A,-,03,22350,NA,N,C,C,A,A,H,-,A,A,0,NA,NA,NA,NA,Y,NA,A,07,0,0,1,0,0,0,0,0,0,-,-,34.07518005371094,-117.20865631103516,SAN BERNARDINO,UNINCORPORATED,-117.20875549316406,34.071693420410156
9146303,2020,2020-10-14,3604,2020-08-12,1709,1047,NA,3,5,6,3604,0,0,0,NA,0,002,MANGO AV,UPLAND AV,0,NA,Y,A,-,N,NA,NA,NA,NA,NA,NA,NA,NA,NA,Y,3,0,1,2,A,-,09,21801,A,N,A,C,A,A,H,-,A,A,0,NA,NA,NA,NA,Y,NA,A,01,0,1,0,0,0,0,0,0,0,-,-,NA,NA,SAN BERNARDINO,FONTANA,-117.4314422607422,34.10343933105469
91463043,2021,2021-04-30,9835,2021-04-24,0550,021399,NA,6,3,9,3600,0,1,1,NA,2,074,I-15 N/B,RASOR RD,4066,N,N,A,-,Y,NA,NA,15,NA,NA,NA,NA,NA,N,Y,4,0,2,1,A,-,08,22107,NA,N,E,I,A,A,H,-,D,D,0,NA,NA,NA,Y,Y,NA,G,25,0,0,2,0,0,0,0,0,0,-,-,35.14350128173828,-116.20220184326172,SAN BERNARDINO,UNINCORPORATED,-116.20223999023438,35.14353942871094
91463131,2021,2021-04-30,9860,2021-04-10,1110,016658,NA,6,1,4,3640,0,1,1,NA,2,106,I-10 W/B,LIVE OAK CANYON RD. O/C,2112,E,N,A,-,Y,NA,NA,10,NA,NA,NA,NA,NA,W,Y,4,0,2,3,A,-,08,22107,NA,N,E,I,A,A,H,-,A,D,0,NA,NA,NA,NA,Y,NA,A,01,0,0,2,0,0,0,0,0,0,-,-,34.01533126831055,-117.0889892578125,SAN BERNARDINO,YUCAIPA,-117.0889892578125,34.015384674072266
91464235,2021,2021-05-03,9855,2021-04-25,2101,020046,NA,7,2,5,3611,0,1,1,NA,2,103,I-10 E/B (SAN BERNARDINO FWY),SAN ANTONIO AVE.,100,W,N,A,-,Y,NA,NA,10,NA,NA,NA,NA,NA,E,N,4,0,2,3,A,-,03,22350,NA,N,C,C,A,A,D,-,C,D,0,NA,NA,NA,NA,Y,NA,A,01,0,0,2,0,0,0,0,0,0,-,-,34.087188720703125,-117.66123199462892,SAN BERNARDINO,UPLAND,-117.66123199462892,34.08723449707031
91465506,2021,2021-05-04,9855,2021-04-27,0713,014637,NA,2,1,5,3611,0,1,1,NA,2,203,SR-210 W/B (FOOTHILL FWY),MOUNTAIN AVE.,2500,W,N,B,-,Y,NA,NA,210,NA,NA,NA,NA,NA,W,Y,3,0,2,3,A,-,08,22107,NA,N,C,C,A,A,H,-,A,D,0,NA,NA,NA,NA,Y,NA,A,01,0,2,0,0,0,0,0,0,0,-,-,34.13457107543945,-117.67559051513672,SAN BERNARDINO,UPLAND,-117.67555236816406,34.13439178466797
91465617,2021,2021-06-30,9835,2021-04-22,1220,021113,NA,4,1,9,3600,0,3,5,NA,2,032,HINKLEY RD,JIGGS RD,244,S,N,A,-,N,NA,NA,NA,NA,NA,NA,NA,NA,NA,Y,4,0,1,2,A,-,02,22526,C,N,D,F,A,A,H,-,A,A,0,NA,NA,NA,Y,Y,NA,G,25,0,0,1,0,0,0,0,0,0,-,-,34.83330154418945,-117.18492889404295,SAN BERNARDINO,UNINCORPORATED,-117.18470764160156,34.83565902709961
91467811,2021,2021-05-07,9860,2021-04-28,1540,020654,NA,3,2,6,3610,0,1,1,NA,2,202,SR-210 E/B,MIRAMONTE DR,528,E,N,A,-,Y,NA,NA,210,NA,NA,NA,NA,NA,E,Y,3,0,2,3,A,-,08,22107,NA,N,B,C,A,A,H,-,A,D,0,NA,NA,NA,NA,Y,NA,A,01,0,2,0,0,0,0,0,0,0,-,-,34.1456298828125,-117.31246948242188,SAN BERNARDINO,SAN BERNARDINO,-117.31246948242188,34.14558792114258
91468626,2021,2021-05-10,9860,2021-04-28,1120,016800,NA,3,1,9,3600,0,3,5,NA,2,002,STATE ST,NOLAN ST,0,NA,Y,A,-,N,NA,NA,NA,NA,NA,NA,NA,NA,NA,Y,3,0,1,2,A,-,12,21453,A,N,D,C,A,A,H,-,A,A,0,NA,NA,NA,NA,Y,NA,D,22,0,1,0,0,0,0,0,0,0,-,-,34.15391159057617,-117.3354263305664,SAN BERNARDINO,UNINCORPORATED,-117.33599090576172,34.15397262573242
91468689,2021,2021-05-10,9850,2021-05-02,1425,022386,NA,7,2,9,3600,0,2,4,NA,2,055,NATIONAL TRAILS HWY,ROBINSON RANCH RD,3696,S,N,A,-,N,NA,NA,NA,NA,NA,NA,NA,NA,NA,Y,4,0,2,1,A,-,03,22350,NA,N,E,I,A,A,H,-,A,D,0,NA,NA,NA,NA,Y,NA,A,01,0,0,2,0,0,0,0,0,0,-,-,34.62907028198242,-117.34387969970705,SAN BERNARDINO,UNINCORPORATED,-117.15274810791016,34.84663391113281
91469193,2021,2021-05-10,9850,2021-05-01,2045,022386,NA,6,2,5,3619,0,1,1,NA,2,081,I-15 S/B TO RANCHERO ROAD,RANCHERO RD,350,S,N,A,-,Y,NA,NA,15,NA,NA,NA,R,NA,S,Y,3,0,1,1,A,-,03,22350,NA,N,F,A,A,A,H,-,D,D,0,NA,NA,NA,NA,Y,NA,A,07,0,1,0,0,0,0,0,0,0,-,-,34.38405990600586,-117.41668701171876,SAN BERNARDINO,HESPERIA,-117.41668701171876,34.38405990600586
91470372,2021,2021-05-11,9860,2021-04-27,0050,021638,NA,2,3,9,3600,0,1,3,NA,1,380,MENTONE BOULEVARD (SR-38),WABASH AVE,115,E,N,A,-,Y,NA,NA,38,NA,NA,NA,NA,NA,NA,Y,4,0,1,2,A,-,03,22350,NA,N,C,C,A,A,H,-,C,D,0,NA,NA,NA,NA,Y,NA,A,01,0,0,1,0,0,0,0,0,0,-,-,34.070098876953125,-117.13835906982422,SAN BERNARDINO,UNINCORPORATED,-117.13835906982422,34.070133209228516