CASE_ID,ACCIDENT_YEAR,PROC_DATE,JURIS,COLLISION_DATE,COLLISION_TIME,OFFICER_ID,REPORTING_DISTRICT,DAY_OF_WEEK,CHP_SHIFT,POPULATION,CNTY_CITY_LOC,SPECIAL_COND,BEAT_TYPE,CHP_BEAT_TYPE,CITY_DIVISION_LAPD,CHP_BEAT_CLASS,BEAT_NUMBER,PRIMARY_RD,SECONDARY_RD,DISTANCE,DIRECTION,INTERSECTION,WEATHER_1,WEATHER_2,STATE_HWY_IND,CALTRANS_COUNTY,CALTRANS_DISTRICT,STATE_ROUTE,ROUTE_SUFFIX,POSTMILE_PREFIX,POSTMILE,LOCATION_TYPE,RAMP_INTERSECTION,SIDE_OF_HWY,TOW_AWAY,COLLISION_SEVERITY,NUMBER_KILLED,NUMBER_INJURED,PARTY_COUNT,PRIMARY_COLL_FACTOR,PCF_CODE_OF_VIOL,PCF_VIOL_CATEGORY,PCF_VIOLATION,PCF_VIOL_SUBSECTION,HIT_AND_RUN,TYPE_OF_COLLISION,MVIW,PED_ACTION,ROAD_SURFACE,ROAD_COND_1,ROAD_COND_2,LIGHTING,CONTROL_DEVICE,CHP_ROAD_TYPE,PEDESTRIAN_ACCIDENT,BICYCLE_ACCIDENT,MOTORCYCLE_ACCIDENT,TRUCK_ACCIDENT,NOT_PRIVATE_PROPERTY,ALCOHOL_INVOLVED,STWD_VEHTYPE_AT_FAULT,CHP_VEHTYPE_AT_FAULT,COUNT_SEVERE_INJ,COUNT_VISIBLE_INJ,COUNT_COMPLAINT_PAIN,COUNT_PED_KILLED,COUNT_PED_INJURED,COUNT_BICYCLIST_KILLED,COUNT_BICYCLIST_INJURED,COUNT_MC_KILLED,COUNT_MC_INJURED,PRIMARY_RAMP,SECONDARY_RAMP,LATITUDE,LONGITUDE,COUNTY,CITY,POINT_X,POINT_Y
91886753,2022,2022-10-10,9860,2022-10-06,0640,019706,NA,4,1,9,3600,0,3,5,NA,2,004,CACTUS AVE.,CRICKET DR.,125,S,N,B,-,N,NA,NA,NA,NA,NA,NA,NA,NA,NA,N,4,0,1,2,A,-,09,21804,A,N,D,C,A,A,H,-,A,D,0,NA,NA,NA,NA,Y,NA,A,01,0,0,1,0,0,0,0,0,0,-,-,34.03977966308594,-117.38324737548828,SAN BERNARDINO,UNINCORPORATED,-117.38329315185548,34.03978729248047
91890348,2022,2022-10-14,9835,2022-06-30,1032,019989,NA,4,1,9,3600,0,1,1,NA,2,076,I-15 S/B,BAILEY RD,4118,S,N,A,-,Y,SBD,NA,15,NA,NA,170.689,H,NA,L,Y,1,1,2,5,A,-,03,22350,NA,N,C,4,E,A,H,-,A,D,0,Y,NA,NA,Y,Y,NA,A,07,1,1,0,0,2,0,0,0,0,-,-,35.46979904174805,-115.5424575805664,SAN BERNARDINO,UNINCORPORATED,-115.54246520996094,35.469757080078125
91890401,2022,2022-10-14,9855,2022-10-04,0840,015299,NA,2,1,6,3607,0,1,1,NA,2,152,I-15 S/B (ONTARIO FWY),I-10,500,S,N,A,-,Y,SBD,NA,15,NA,NA,2.29,H,NA,L,N,4,0,1,2,A,-,03,22350,NA,N,C,C,A,A,H,-,A,D,0,NA,NA,NA,NA,Y,NA,A,01,0,0,1,0,0,0,0,0,0,-,-,34.065948486328125,-117.54503631591795,SAN BERNARDINO,ONTARIO,-117.54505157470705,34.065948486328125
91890523,2022,2022-10-14,9855,2022-10-07,1620,015826,NA,5,2,6,3604,0,1,1,NA,2,101,I-10 W/B (SAN BERNARDINO FWY),CHERRY AVENUE,3600,W,N,A,-,Y,SBD,NA,10,NA,NA,12.196,H,NA,L,Y,4,0,5,3,A,-,03,22350,NA,N,C,C,A,A,H,-,A,D,0,NA,NA,NA,NA,Y,NA,A,01,0,0,5,0,0,0,0,0,0,-,-,34.06575012207031,-117.50576019287108,SAN BERNARDINO,FONTANA,-117.50575256347656,34.06581115722656
9189334,2020,2020-12-12,3610,2020-09-28,2100,51272,NA,1,5,6,3610,0,0,0,NA,0,POLICE,W BASELINE ST,W H ST,0,NA,Y,A,-,N,NA,NA,NA,NA,NA,NA,NA,NA,NA,Y,3,0,2,2,A,-,09,21800,A,N,D,C,A,A,H,-,C,A,0,NA,NA,NA,NA,Y,NA,A,07,0,1,1,0,0,0,0,0,0,-,-,NA,NA,SAN BERNARDINO,SAN BERNARDINO,-117.30091857910156,34.12133026123047
91896514,2022,2022-10-21,9835,2022-10-11,0315,022787,NA,2,3,9,3600,0,1,3,NA,1,013,SR-58 W/B,WAGNER RD,2640,W,N,A,-,Y,SBD,NA,58,NA,R,22.184,H,NA,L,Y,3,0,1,2,A,-,03,22350,NA,N,C,C,A,A,H,-,D,D,0,NA,NA,NA,Y,Y,NA,G,25,0,1,0,0,0,0,0,0,0,-,-,34.9223518371582,-117.26011657714844,SAN BERNARDINO,UNINCORPORATED,-117.26012420654295,34.922306060791016
91897138,2022,2022-10-24,9860,2022-10-12,1440,020533,NA,3,2,9,3600,0,2,4,NA,1,410,VALLEY BLVD,ALDER AVE,430,E,N,A,-,N,NA,NA,NA,NA,NA,NA,NA,NA,NA,N,4,0,1,2,A,-,21,22106,NA,N,D,C,A,A,H,-,A,D,0,NA,NA,NA,NA,Y,NA,A,07,0,0,1,0,0,0,0,0,0,-,-,34.07033157348633,-117.41671752929688,SAN BERNARDINO,UNINCORPORATED,-117.41682434082033,34.070438385009766
91897451,2022,2022-10-24,9860,2022-10-12,1915,022316,NA,3,2,9,3600,0,3,5,NA,2,003,FLORIDA AVE,SAPPHIRE ST,325,E,N,A,-,N,NA,NA,NA,NA,NA,NA,NA,NA,NA,Y,4,0,1,1,C,-,18,NA,NA,N,E,I,A,B,H,-,D,D,0,NA,NA,NA,NA,Y,NA,-,-,0,0,1,0,0,0,0,0,0,-,-,34.08570861816406,-117.1061782836914,SAN BERNARDINO,UNINCORPORATED,-117.1062469482422,34.085758209228516
91897467,2022,2022-10-24,9860,2022-10-14,0007,022539,NA,5,3,5,3608,0,1,1,NA,2,104,I-10 W/B,TENNEESEE STREET,322,W,N,B,-,Y,SBD,NA,10,NA,NA,29.755,H,NA,L,Y,3,0,1,1,A,-,01,23152,A,N,F,A,A,A,H,-,D,D,0,NA,NA,Y,NA,Y,Y,C,02,0,1,0,0,0,0,0,0,1,-,-,34.066001892089844,-117.20128631591795,SAN BERNARDINO,REDLANDS,-117.20128631591795,34.06600570678711
9189765,2020,2021-01-07,3610,2020-10-15,0919,50917,NA,4,5,6,3610,0,0,0,NA,0,DAVID,E 8TH ST,NORTH SIERRA WY,0,NA,Y,A,-,N,NA,NA,NA,NA,NA,NA,NA,NA,NA,Y,4,0,1,2,A,-,08,22100,A,N,B,C,A,A,H,-,A,A,0,NA,NA,NA,NA,Y,NA,A,01,0,0,1,0,0,0,0,0,0,-,-,34.11206817626953,-117.28514099121094,SAN BERNARDINO,SAN BERNARDINO,-117.28514862060548,34.113929748535156
91897975,2022,2022-10-24,9850,2022-10-15,1648,021162,NA,6,2,5,3619,0,1,1,NA,2,082,I-15 N/B,US-395 O/C,2640,S,N,B,-,Y,SBD,NA,15,NA,NA,31.457,H,NA,R,Y,4,0,1,2,A,-,08,22107,NA,N,D,C,A,B,D,-,A,D,0,NA,NA,NA,NA,Y,NA,A,01,0,0,1,0,0,0,0,0,0,-,-,34.39543151855469,-117.40447998046876,SAN BERNARDINO,HESPERIA,-117.40460205078124,34.3954963684082
9189900,2020,2020-12-19,3602,2020-10-27,0954,3817,NA,2,5,5,3602,0,0,0,NA,0,NA,MOUNTAIN AV,RT 60,167,S,N,A,-,N,NA,NA,NA,NA,NA,NA,NA,NA,NA,N,4,0,1,2,A,-,09,21803,A,N,A,C,A,A,H,-,A,D,0,NA,NA,NA,NA,Y,NA,A,01,0,0,1,0,0,0,0,0,0,-,EO,34.02912139892578,-117.66754913330078,SAN BERNARDINO,CHINO,-117.66761779785156,34.03001403808594
9189918,2020,2020-12-21,3600,2020-10-16,2018,D3381,VC067,5,5,5,3612,0,0,0,NA,0,VC5,AIR EXPRESSWAY RD,GEORGE BL,0,NA,Y,A,-,N,NA,NA,NA,NA,NA,NA,NA,NA,NA,Y,4,0,1,1,A,-,03,22350,NA,N,E,I,A,A,H,-,C,A,0,NA,NA,NA,NA,Y,NA,A,01,0,0,1,0,0,0,0,0,0,-,-,NA,NA,SAN BERNARDINO,VICTORVILLE,-117.36052703857422,34.57221984863281
91900263,2022,2022-10-26,9865,2022-10-18,2013,014696,NA,2,2,9,3600,0,1,3,NA,1,030,SR-18,TALBOT DRIVE,4752,S,N,A,-,Y,NA,NA,NA,NA,NA,NA,NA,NA,NA,Y,3,0,1,1,A,-,08,22107,NA,N,E,8,A,A,H,-,D,D,0,NA,NA,NA,NA,Y,NA,D,22,0,1,0,0,0,0,0,0,0,-,-,34.24026870727539,-116.96649169921876,SAN BERNARDINO,UNINCORPORATED,-116.96670532226563,34.239810943603516
91900285,2022,2022-10-26,9855,2022-10-18,1735,019183,NA,2,2,6,3607,0,1,1,NA,2,103,I-10 E/B (SAN BERNARDINO FWY),MOUNTAIN AVE,2500,W,N,A,-,Y,SBD,NA,10,NA,NA,1.909,H,NA,R,Y,3,0,2,4,A,-,03,22350,NA,N,C,C,A,A,D,-,A,D,0,NA,NA,NA,NA,Y,NA,A,01,0,2,0,0,0,0,0,0,0,-,-,34.08721923828125,-117.67839813232422,SAN BERNARDINO,ONTARIO,-117.67839813232422,34.08713912963867
91904284,2022,2022-10-28,9835,2022-10-27,0235,020150,NA,4,3,9,3600,0,1,1,NA,2,075,I-15 S/B,EAST BAKER OVERCROSSING,14520,N,N,A,-,Y,SBD,NA,15,NA,NA,141.453,H,NA,R,N,4,0,1,1,A,-,08,22107,NA,N,F,A,A,A,H,-,D,D,0,NA,NA,NA,NA,Y,NA,A,01,0,0,1,0,0,0,0,0,0,-,-,35.307090759277344,-116.00884246826172,SAN BERNARDINO,UNINCORPORATED,-116.00887298583984,35.307125091552734
9190431,2020,2020-12-10,3600,2020-10-23,2047,G6192,AP018,5,5,5,3621,0,0,0,NA,0,AP4,RT 18,HITT RD,0,NA,Y,A,-,Y,SBD,8,18,-,-,88.15,H,-,S,Y,3,0,1,2,A,-,09,21801,A,N,A,C,A,A,H,-,D,A,0,NA,NA,NA,NA,Y,NA,A,01,0,1,0,0,0,0,0,0,0,-,-,NA,NA,SAN BERNARDINO,APPLE VALLEY,-117.17765045166016,34.50061798095703
9190560,2020,2020-12-15,3600,2020-11-09,1935,G8526,HE423,1,5,5,3619,0,0,0,NA,0,HE4,RT 138,ALATAR DR,1574,W,N,A,-,Y,SBD,8,138,-,-,24.7,H,-,E,Y,4,0,1,1,C,-,18,NA,NA,N,E,H,A,A,H,-,D,D,0,NA,NA,NA,NA,Y,NA,-,-,0,0,1,0,0,0,0,0,0,-,-,NA,NA,SAN BERNARDINO,HESPERIA,-117.34017944335938,34.30552291870117
91906525,2022,2022-11-01,9855,2022-10-25,1835,015919,NA,2,2,5,3611,0,1,1,NA,2,203,SR-210 E/B (FOOTHILL FWY),SAPPHIRE STREET,800,W,N,A,-,Y,SBD,NA,210,NA,NA,3.923,H,NA,R,N,4,0,3,2,A,-,03,22350,NA,N,C,C,A,A,H,-,C,D,0,NA,NA,NA,NA,Y,NA,D,23,0,0,3,0,0,0,0,0,0,-,-,34.13465118408203,-117.62798309326172,SAN BERNARDINO,UPLAND,-117.62798309326172,34.134742736816406
91907291,2022,2022-11-02,9860,2022-05-30,1802,020346,NA,1,2,9,3600,0,3,5,NA,2,003,ALABAMA ST,PIONEER AVE,500,N,N,A,-,N,NA,NA,NA,NA,NA,NA,NA,NA,NA,Y,2,0,1,2,A,-,08,22107,NA,F,B,C,A,A,H,-,A,D,0,NA,NA,Y,NA,Y,NA,A,01,1,0,0,0,0,0,0,0,1,-,-,34.08277893066406,-117.20874786376952,SAN BERNARDINO,UNINCORPORATED,-117.2087631225586,34.08251953125
91907660,2022,2022-11-02,9855,2022-10-10,0557,017597,NA,1,3,6,3607,0,1,1,NA,2,152,I-15 S/B (ONTARIO FWY),4TH ST.,2145,S,N,A,-,Y,SBD,NA,15,NA,NA,2.652,H,NA,L,N,4,0,2,3,A,-,03,22350,NA,M,C,C,A,A,H,-,A,D,0,NA,NA,NA,NA,Y,NA,A,01,0,0,2,0,0,0,0,0,0,-,-,34.07133865356445,-117.54506683349608,SAN BERNARDINO,ONTARIO,-117.54502868652344,34.07133865356445
91907793,2022,2022-11-02,9855,2022-10-21,1510,015826,NA,5,2,5,3630,0,1,3,NA,2,071,SR-71 N/B (CHINO FWY),PEYTON DR.,1800,S,N,A,-,Y,SBD,NA,71,NA,R,0.476,H,NA,L,N,4,0,1,3,A,-,03,22350,NA,N,C,C,A,A,H,-,A,D,0,NA,NA,NA,NA,Y,NA,A,01,0,0,1,0,0,0,0,0,0,-,-,34.01559066772461,-117.73918914794922,SAN BERNARDINO,CHINO HILLS,-117.73924255371094,34.015533447265625
91907857,2022,2022-11-02,9850,2022-10-17,2023,020648,NA,1,2,9,3600,0,3,5,NA,2,003,HIGHLAND AVENUE,CLARK ROAD,455,S,N,A,-,N,NA,NA,NA,NA,NA,NA,NA,NA,NA,N,1,1,0,2,A,-,11,21954,A,F,G,B,E,A,H,-,D,D,0,Y,NA,NA,NA,Y,NA,N,60,0,0,0,1,0,0,0,0,0,-,-,34.43532943725586,-116.95252227783205,SAN BERNARDINO,UNINCORPORATED,-116.95246124267578,34.43540573120117
91910022,2022,2022-11-04,9860,2022-10-24,1250,014963,NA,1,1,9,3600,0,2,4,NA,2,411,CEDAR AVE.,SANTA ANA AVE.,0,NA,Y,A,-,N,NA,NA,NA,NA,NA,NA,NA,NA,NA,Y,4,0,1,2,A,-,12,21457,A,N,D,C,A,A,H,-,A,A,0,NA,NA,NA,NA,Y,NA,A,01,0,0,1,0,0,0,0,0,0,-,-,34.0559196472168,-117.39642333984376,SAN BERNARDINO,UNINCORPORATED,-117.39649963378906,34.05587387084961
91911267,2022,2022-11-07,9855,2022-10-29,0338,021403,NA,6,3,6,3604,0,1,1,NA,2,101,I-10 E/B (SAN BERNARDINO FWY),SIERRA AVE,2112,W,N,A,-,Y,SBD,NA,10,NA,NA,15.803,H,NA,R,Y,3,0,1,1,A,-,01,23152,A,N,E,I,A,A,H,-,D,D,0,NA,NA,NA,NA,Y,Y,A,01,0,1,0,0,0,0,0,0,0,-,-,34.066959381103516,-117.44293212890624,SAN BERNARDINO,FONTANA,-117.44292449951172,34.06682586669922
91911529,2022,2022-11-07,9855,2022-09-17,1515,022021,NA,6,2,6,3607,0,1,3,NA,2,603,SR-60 E/B (POMONA FWY),MOUNTAIN AVE,50,W,N,A,-,Y,SBD,NA,60,NA,R,3.594,H,NA,R,N,3,0,1,2,A,-,07,21658,A,N,F,A,A,A,H,-,A,D,0,NA,NA,Y,NA,Y,NA,D,22,0,1,0,0,0,0,0,0,1,-,-,34.030330657958984,-117.66806793212892,SAN BERNARDINO,ONTARIO,-117.66806793212892,34.03025817871094
91912360,2022,2022-11-08,9840,2022-10-29,1853,021194,NA,6,2,6,3610,0,1,S,NA,2,904,I-215 N/B,MILL STREET,1700,N,N,A,-,Y,SBD,NA,215,NA,NA,6.412,H,NA,R,Y,4,0,2,4,A,-,03,22350,NA,N,C,C,A,A,H,-,D,D,0,NA,NA,NA,NA,Y,NA,A,01,0,0,2,0,0,0,0,0,0,-,-,34.09700012207031,-117.30161285400392,SAN BERNARDINO,SAN BERNARDINO,-117.30176544189452,34.09700012207031
91912463,2022,2022-11-08,9855,2022-10-08,0446,021233,NA,6,3,6,3607,0,1,3,NA,2,601,SR-60 W/B (POMONA FWY),ARCHIBALD AVENUE,2100,E,N,A,-,Y,SBD,NA,60,NA,R,8.301,H,NA,L,Y,4,0,1,2,A,-,01,23152,A,N,C,2,A,A,H,-,C,D,0,NA,NA,NA,NA,Y,Y,A,01,0,0,1,0,0,0,0,0,0,-,-,34.03068923950195,-117.58605194091795,SAN BERNARDINO,ONTARIO,-117.58605194091795,34.030731201171875
91914974,2022,2022-11-10,9850,2022-10-29,0358,021384,NA,6,3,9,3600,0,1,3,NA,2,042,SR-18,FAIRLANE ROAD,1742,W,N,A,-,Y,SBD,NA,18,NA,NA,68.549,H,NA,R,Y,3,0,1,1,A,-,08,22107,NA,N,E,I,A,A,H,-,D,D,0,NA,NA,NA,NA,Y,NA,A,01,0,1,0,0,0,0,0,0,0,-,-,34.38859939575195,-116.88079833984376,SAN BERNARDINO,UNINCORPORATED,-116.88082885742188,34.388572692871094
91917879,2022,2022-11-15,9860,2022-11-07,0927,020346,NA,1,1,6,3610,0,1,1,NA,2,214,I-215 N/B,INLAND CENTER DR,250,N,N,B,-,Y,SBD,NA,215,NA,NA,5.656,H,NA,R,Y,3,0,2,2,A,-,07,21658,A,N,B,C,A,A,H,-,A,D,0,NA,NA,NA,NA,Y,NA,-,-,0,2,0,0,0,0,0,0,0,-,-,34.08633041381836,-117.30135345458984,SAN BERNARDINO,SAN BERNARDINO,-117.3014678955078,34.0863037109375
9191794,2020,2021-02-01,3604,2020-11-01,1345,1127,NA,7,5,6,3604,0,0,0,NA,0,NA,SIERRA AV,VALLEY BL,245,S,N,A,-,N,NA,NA,NA,NA,NA,NA,NA,NA,NA,N,4,0,1,2,A,-,03,22350,NA,N,C,C,A,A,H,-,A,A,0,NA,NA,NA,NA,Y,NA,A,01,0,0,1,0,0,0,0,0,0,-,-,NA,NA,SAN BERNARDINO,FONTANA,-117.43573760986328,34.069705963134766
91918234,2022,2022-11-15,9855,2022-11-08,2342,021941,NA,2,3,6,3604,0,1,1,NA,2,201,SR-210 W/B (FOOTHILL FWY),I-15,3500,W,N,B,C,Y,SBD,NA,210,NA,NA,10.883,H,NA,L,Y,4,0,1,2,A,-,03,22350,NA,N,C,C,A,B,H,-,C,D,0,NA,NA,NA,NA,Y,NA,A,07,0,0,1,0,0,0,0,0,0,-,-,34.13648986816406,-117.50666809082033,SAN BERNARDINO,FONTANA,-117.50666809082033,34.136470794677734
91918930,2022,2022-11-16,9855,2022-10-28,2315,018000,NA,5,3,6,3607,0,1,3,NA,2,601,SR-60 W/B (POMONA FWY),SR-83 (EUCLID AVE.),3335,E,N,A,-,Y,SBD,NA,60,NA,R,5.227,H,NA,L,Y,4,0,1,2,A,-,07,21658,A,F,B,C,A,A,H,-,C,D,0,NA,NA,NA,NA,Y,NA,-,99,0,0,1,0,0,0,0,0,0,-,-,34.030609130859375,-117.63958740234376,SAN BERNARDINO,ONTARIO,-117.63958740234376,34.03055191040039
91918978,2022,2022-11-16,9855,2022-11-07,1520,017781,NA,1,2,6,3607,0,1,1,NA,2,152,I-15 S/B (ONTARIO FWY),JURUPA ST.,1080,N,N,B,-,Y,SBD,NA,15,NA,NA,1.233,H,NA,L,Y,4,0,2,4,A,-,03,22350,NA,N,C,C,A,A,H,-,A,D,0,NA,NA,NA,Y,Y,NA,G,27,0,0,2,0,0,0,0,0,0,-,-,34.05118179321289,-117.54915618896484,SAN BERNARDINO,ONTARIO,-117.5490264892578,34.0511360168457
9192090,2020,2020-12-23,3610,2020-10-31,2058,51174,NA,6,5,6,3610,0,0,0,NA,0,POLICE,W BASELINE ST,N G ST,0,NA,Y,A,-,N,NA,NA,NA,NA,NA,NA,NA,NA,NA,N,4,0,1,2,A,-,03,22350,NA,N,C,C,A,A,H,-,C,A,0,NA,NA,NA,NA,Y,NA,A,01,0,0,1,0,0,0,0,0,0,-,-,34.121341705322266,-117.29866027832033,SAN BERNARDINO,SAN BERNARDINO,-117.29866790771484,34.121341705322266
9192157,2020,2020-12-31,3600,2020-10-24,1205,I3855,VC075,6,5,5,3612,0,0,0,NA,0,005,PALMDALE RD,RT 395,0,NA,Y,A,G,Y,SBD,8,18,-,-,100.956,I,5,S,N,4,0,1,2,A,-,08,22107,NA,M,G,B,B,A,H,-,A,A,0,Y,NA,NA,NA,Y,NA,-,99,0,0,1,0,1,0,0,0,0,-,-,NA,NA,SAN BERNARDINO,VICTORVILLE,-117.39955139160156,34.506683349609375
91921716,2021,2022-11-18,9860,2021-12-19,1920,022539,NA,7,2,4,3603,0,1,1,NA,2,102,INTERSTATE 10 EASTBOUND,PEPPER AVENUE,1056,W,N,A,-,Y,NA,NA,10,NA,NA,NA,NA,NA,E,Y,1,1,0,2,A,-,08,22107,NA,N,C,E,A,A,H,-,D,D,0,NA,NA,NA,Y,Y,NA,A,01,0,0,0,0,0,0,0,0,0,-,-,34.068660736083984,-117.35720825195313,SAN BERNARDINO,COLTON,-117.35721588134766,34.068870544433594
91922540,2022,2022-11-21,9860,2022-10-24,1705,023041,NA,1,2,9,3600,0,3,5,NA,2,003,SAN BERNARDINO AVE,CALIFORNIA ST,0,NA,Y,A,-,N,NA,NA,NA,NA,NA,NA,NA,NA,NA,N,3,0,1,2,A,-,09,21800,D,N,H,G,A,A,H,-,A,B,0,NA,NA,Y,NA,Y,NA,O,05,0,1,0,0,0,0,0,0,1,-,-,34.077449798583984,-117.22596740722656,SAN BERNARDINO,UNINCORPORATED,-117.22618865966795,34.077571868896484
91922774,2022,2022-11-21,9855,2022-11-04,1412,019183,NA,5,2,6,3604,0,1,1,NA,2,101,I-10 W/B (SAN BERNARDINO FWY),CHERRY AVE,4000,W,N,A,-,Y,SBD,NA,10,NA,NA,12.366,H,NA,L,N,4,0,1,2,A,-,07,21658,A,N,B,C,A,A,H,-,A,D,0,NA,NA,Y,NA,Y,NA,C,02,0,0,1,0,0,0,0,0,1,-,-,34.065608978271484,-117.5028076171875,SAN BERNARDINO,FONTANA,-117.50281524658205,34.065670013427734
9192328,2020,2021-01-22,3609,2020-11-30,1011,4247,RI130,1,5,5,3609,0,0,0,NA,0,002,FOOTHILL BL,PEPPER AV,681,W,N,A,-,N,NA,NA,NA,NA,NA,NA,NA,NA,NA,N,4,0,1,2,A,-,09,21804,A,N,D,C,A,A,H,-,A,A,0,NA,NA,NA,NA,Y,NA,A,01,0,0,1,0,0,0,0,0,0,-,-,34.106868743896484,-117.35536956787108,SAN BERNARDINO,RIALTO,-117.35515594482422,34.10676956176758
91923664,2022,2022-11-21,9865,2022-11-17,1245,018392,NA,4,1,9,3600,0,1,3,NA,2,014,SR-138,CRESTLINE CUTOFF,0,NA,Y,A,-,Y,SBD,NA,138,NA,NA,37.029,H,NA,R,Y,4,0,1,2,A,-,05,21460,A,N,D,C,A,A,H,-,A,D,0,NA,NA,NA,Y,Y,NA,A,01,0,0,1,0,0,0,0,0,0,-,-,34.23637008666992,-117.29476928710938,SAN BERNARDINO,UNINCORPORATED,-117.29476165771484,34.2363395690918
91927182,2022,2022-11-28,9860,2022-11-17,0700,019706,NA,4,1,9,3600,0,1,1,NA,2,152,I-15 SOUTHBOUND,SR-138,8712,N,N,A,-,Y,SBD,NA,15,NA,R,23.034,H,NA,L,N,4,0,3,3,A,-,03,22350,NA,N,C,C,A,A,H,-,A,D,0,NA,NA,NA,NA,Y,NA,A,01,0,0,3,0,0,0,0,0,0,-,-,34.333919525146484,-117.48245239257813,SAN BERNARDINO,UNINCORPORATED,-117.48249053955078,34.333919525146484
91927691,2022,2022-11-28,9855,2022-11-14,1740,018335,NA,1,2,6,3607,0,1,3,NA,2,601,SR-60 W/B (POMONA FWY),VINEYARD AVE.,1490,E,N,A,-,Y,SBD,NA,60,NA,R,7.157,H,NA,L,Y,4,0,1,2,A,-,07,21658,A,N,B,C,A,A,H,-,C,D,0,NA,NA,NA,NA,Y,NA,A,01,0,0,1,0,0,0,0,0,0,-,-,34.03070068359375,-117.60601043701172,SAN BERNARDINO,ONTARIO,-117.60601043701172,34.03066635131836
91927983,2022,2022-11-28,9860,2022-11-17,0805,016536,NA,4,1,9,3600,0,3,5,NA,2,003,ALABAMA STREET S/B,RIVER BLUFF AVENUE,90,S,N,A,-,N,NA,NA,NA,NA,NA,NA,NA,NA,NA,Y,3,0,2,3,A,-,03,22350,NA,N,C,C,A,A,H,-,A,D,0,NA,NA,NA,NA,Y,NA,A,01,0,1,1,0,0,0,0,0,0,-,-,34.086631774902344,-117.2087631225586,SAN BERNARDINO,UNINCORPORATED,-117.208740234375,34.08672332763672
9192854,2020,2020-12-29,3600,2020-10-11,0202,H6885,AP003,7,5,5,3621,0,0,0,NA,0,AP1,ZUNI RD,SERRNO RD,0,NA,Y,A,-,N,NA,NA,NA,NA,NA,NA,NA,NA,NA,N,4,0,1,2,A,-,12,22450,NA,M,D,C,A,A,H,-,C,A,0,NA,NA,NA,NA,Y,NA,-,NA,0,0,1,0,0,0,0,0,0,-,-,NA,NA,SAN BERNARDINO,APPLE VALLEY,-117.2218017578125,34.53676986694336
9193145,2020,2021-01-25,3610,2020-10-06,1205,54045,NA,2,5,6,3610,0,0,0,NA,0,CHARLI,E LYNWOOD DR,N LAWRENCE AV,0,NA,Y,A,-,N,NA,NA,NA,NA,NA,NA,NA,NA,NA,N,3,0,2,1,C,-,18,NA,NA,N,A,J,A,A,A,-,A,D,0,NA,NA,Y,NA,Y,NA,-,-,0,2,0,0,0,0,0,0,2,-,-,NA,NA,SAN BERNARDINO,SAN BERNARDINO,-117.26648712158205,34.146759033203125
91932853,2022,2022-12-02,9860,2022-11-27,0335,022347,NA,7,3,6,3610,0,1,1,NA,2,202,SR-210 E/B,DEL ROSA AVENUE,4965,W,N,A,-,Y,SBD,NA,210,NA,R,24.779,H,NA,R,Y,2,0,1,1,A,-,08,22107,NA,N,E,I,A,A,H,-,D,D,0,NA,NA,NA,NA,Y,NA,A,01,1,0,0,0,0,0,0,0,0,-,-,34.144508361816406,-117.26888275146484,SAN BERNARDINO,SAN BERNARDINO,-117.26887512207033,34.144588470458984
91937231,2022,2022-12-08,9855,2022-11-27,2050,023023,NA,7,2,6,3607,0,1,3,NA,2,601,SR-60 E/B (POMONA FWY),ARCHIBALD AVENUE,2500,W,N,A,-,Y,SBD,NA,60,NA,R,7.403,H,NA,R,Y,3,0,1,1,A,-,08,22107,NA,N,E,I,A,A,H,-,C,D,0,NA,NA,NA,NA,Y,NA,A,01,0,1,0,0,0,0,0,0,0,-,-,34.030399322509766,-117.60170745849608,SAN BERNARDINO,ONTARIO,-117.60170745849608,34.03052520751953
91937421,2022,2022-12-08,9855,2022-11-30,1445,017781,NA,3,2,6,3604,0,1,1,NA,2,153,I-15 S/B (ONTARIO FWY),SR-210 W/B (FOOTHILL FWY),1925,N,N,A,-,Y,SBD,NA,15,NA,NA,8.623,H,NA,L,N,4,0,1,2,A,-,03,22350,NA,N,C,C,A,A,H,-,A,D,0,NA,NA,NA,NA,Y,NA,D,22,0,0,1,0,0,0,0,0,0,-,-,34.14044189453125,-117.49124908447266,SAN BERNARDINO,FONTANA,-117.49127197265624,34.14046096801758