CASE_ID,ACCIDENT_YEAR,PROC_DATE,JURIS,COLLISION_DATE,COLLISION_TIME,OFFICER_ID,REPORTING_DISTRICT,DAY_OF_WEEK,CHP_SHIFT,POPULATION,CNTY_CITY_LOC,SPECIAL_COND,BEAT_TYPE,CHP_BEAT_TYPE,CITY_DIVISION_LAPD,CHP_BEAT_CLASS,BEAT_NUMBER,PRIMARY_RD,SECONDARY_RD,DISTANCE,DIRECTION,INTERSECTION,WEATHER_1,WEATHER_2,STATE_HWY_IND,CALTRANS_COUNTY,CALTRANS_DISTRICT,STATE_ROUTE,ROUTE_SUFFIX,POSTMILE_PREFIX,POSTMILE,LOCATION_TYPE,RAMP_INTERSECTION,SIDE_OF_HWY,TOW_AWAY,COLLISION_SEVERITY,NUMBER_KILLED,NUMBER_INJURED,PARTY_COUNT,PRIMARY_COLL_FACTOR,PCF_CODE_OF_VIOL,PCF_VIOL_CATEGORY,PCF_VIOLATION,PCF_VIOL_SUBSECTION,HIT_AND_RUN,TYPE_OF_COLLISION,MVIW,PED_ACTION,ROAD_SURFACE,ROAD_COND_1,ROAD_COND_2,LIGHTING,CONTROL_DEVICE,CHP_ROAD_TYPE,PEDESTRIAN_ACCIDENT,BICYCLE_ACCIDENT,MOTORCYCLE_ACCIDENT,TRUCK_ACCIDENT,NOT_PRIVATE_PROPERTY,ALCOHOL_INVOLVED,STWD_VEHTYPE_AT_FAULT,CHP_VEHTYPE_AT_FAULT,COUNT_SEVERE_INJ,COUNT_VISIBLE_INJ,COUNT_COMPLAINT_PAIN,COUNT_PED_KILLED,COUNT_PED_INJURED,COUNT_BICYCLIST_KILLED,COUNT_BICYCLIST_INJURED,COUNT_MC_KILLED,COUNT_MC_INJURED,PRIMARY_RAMP,SECONDARY_RAMP,LATITUDE,LONGITUDE,COUNTY,CITY,POINT_X,POINT_Y
92041768,2023,2023-04-11,9834,2023-03-29,1825,013633,NA,3,2,9,3600,0,2,4,NA,1,031,NEEDLES HIGHWAY,CA / NV STATE LINE,2640,S,N,B,-,N,NA,NA,NA,NA,NA,NA,NA,NA,NA,Y,2,0,1,1,A,-,01,23152,A,N,E,I,A,A,H,-,A,D,0,NA,NA,NA,NA,Y,Y,A,01,1,0,0,0,0,0,0,0,0,-,-,35.03622055053711,-114.68608856201172,SAN BERNARDINO,UNINCORPORATED,-114.61489105224608,34.84611511230469
92042293,2023,2023-04-11,9855,2023-04-03,3,022055,NA,1,3,6,3616,0,1,1,NA,2,152,I-15 N/B (ONTARIO FWY),FOOTHILL BLVD.,800,S,N,A,-,Y,SBD,NA,15,NA,NA,4.519,H,NA,R,Y,4,0,2,2,A,-,03,22350,NA,F,C,C,A,A,H,-,C,D,0,NA,NA,NA,NA,Y,NA,-,99,0,0,2,0,0,0,0,0,0,-,-,34.09751892089844,-117.54125213623048,SAN BERNARDINO,RANCHO CUCAMONGA,-117.54116821289063,34.09748077392578
92044249,2023,2023-04-13,9860,2023-04-06,2037,020002,NA,4,2,5,3609,0,1,1,NA,2,201,SR-210 W/B,LILAC AVE,126,E,N,A,-,Y,SBD,NA,210,NA,NA,18.211,H,NA,L,N,4,0,1,2,A,-,07,21658,A,N,B,C,A,A,H,-,C,D,0,NA,NA,NA,NA,Y,NA,A,01,0,0,1,0,0,0,0,0,0,-,-,34.13603973388672,-117.37879943847656,SAN BERNARDINO,RIALTO,-117.37879943847656,34.135948181152344
92044383,2023,2023-04-13,9850,2023-04-04,1534,020572,NA,2,2,5,3619,1,4,S,NA,2,901,7TH AVE,EUCALYPTUS ST,30,N,N,A,-,N,NA,NA,NA,NA,NA,NA,NA,NA,NA,N,3,0,1,2,A,-,03,22350,NA,N,C,C,A,A,H,-,A,A,0,NA,NA,NA,NA,Y,NA,A,01,0,1,0,0,0,0,0,0,0,-,-,34.456329345703125,-117.3122329711914,SAN BERNARDINO,HESPERIA,-117.3122329711914,34.45628356933594
92047445,2023,2023-04-18,9860,2023-03-26,2217,022890,NA,7,3,9,3600,0,1,1,NA,2,152,I-15 N/B,OAK HILL RD,2534,S,N,A,-,Y,SBD,NA,15,NA,R,26.295,H,NA,R,Y,4,0,4,2,A,-,01,23152,A,F,C,C,A,A,H,-,C,D,0,NA,NA,NA,NA,Y,Y,D,22,0,0,4,0,0,0,0,0,0,-,-,34.35609817504883,-117.43750762939452,SAN BERNARDINO,UNINCORPORATED,-117.43746948242188,34.3560905456543
9204764,2020,2021-02-22,3609,2020-12-20,1411,02334,RI141,7,5,5,3609,0,0,0,NA,0,004,RIALTO AV,ACACIA AV,0,NA,Y,A,-,N,NA,NA,NA,NA,NA,NA,NA,NA,NA,Y,4,0,4,2,A,-,12,22450,A,N,D,C,A,A,H,-,A,A,0,NA,NA,NA,NA,Y,NA,A,01,0,0,4,0,0,0,0,0,0,-,-,34.09939956665039,-117.36109924316406,SAN BERNARDINO,RIALTO,-117.3616180419922,34.099510192871094
9204768,2020,2021-02-17,3609,2020-12-09,1728,0456,RI091,3,5,5,3609,0,0,0,NA,0,001,BASELINE RD,LINDEN AV,53,E,N,A,-,N,NA,NA,NA,NA,NA,NA,NA,NA,NA,N,4,0,1,2,A,-,04,21703,NA,F,C,C,A,A,H,-,C,A,0,NA,NA,NA,NA,Y,NA,A,01,0,0,1,0,0,0,0,0,0,-,-,34.121299743652344,-117.4010009765625,SAN BERNARDINO,RIALTO,-117.62223815917967,34.12157440185547
92047717,2023,2023-04-18,9860,2023-04-10,2215,014777,NA,1,3,9,3600,0,1,1,NA,2,151,I-15 S/B,KENWOOD AVENUE,1353,S,N,A,-,Y,SBD,NA,15,NA,R,14.701,H,NA,L,Y,3,0,1,1,A,-,08,22107,NA,N,E,I,A,A,H,-,D,D,0,NA,NA,NA,NA,Y,NA,D,22,0,1,0,0,0,0,0,0,0,-,-,34.233909606933594,-117.42194366455078,SAN BERNARDINO,UNINCORPORATED,-117.42188262939452,34.23396301269531
9204873,2020,2021-01-13,3600,2020-09-04,2053,9963,VC066,5,5,5,3612,0,0,0,NA,0,0V4,AMARGOSA RD,DESERT ESCAPE,837,S,N,A,-,N,NA,NA,NA,NA,NA,NA,NA,NA,NA,N,4,0,1,2,A,-,09,21804,A,N,D,C,A,A,H,-,C,D,0,NA,NA,NA,NA,Y,NA,A,01,0,0,1,0,0,0,0,0,0,-,-,NA,NA,SAN BERNARDINO,VICTORVILLE,-117.35173797607422,34.46398162841797
92049520,2023,2023-04-20,9855,2023-04-13,1030,018313,NA,4,1,9,3600,0,3,5,NA,2,004,MISSION BLVD,VERNON AVE,0,NA,Y,B,-,N,NA,NA,NA,NA,NA,NA,NA,NA,NA,Y,3,0,2,2,A,-,09,21801,A,N,D,C,A,A,H,-,A,D,0,NA,NA,NA,NA,Y,NA,A,01,0,2,0,0,0,0,0,0,0,-,-,34.05585861206055,-117.68512725830078,SAN BERNARDINO,UNINCORPORATED,-117.68511199951172,34.05583953857422
92049575,2022,2023-04-20,9860,2022-09-06,1430,022843,NA,2,2,9,3600,1,3,5,NA,2,002,GRAND FIR LN,FLOWERING PLUM WAY,0,NA,Y,A,-,N,NA,NA,NA,NA,NA,NA,NA,NA,NA,N,3,0,1,2,A,-,11,21950,B,N,G,B,B,A,H,-,A,A,0,Y,NA,NA,NA,Y,NA,N,60,0,1,0,0,1,0,0,0,0,-,-,34.18954849243164,-117.41486358642578,SAN BERNARDINO,UNINCORPORATED,-117.41481018066406,34.189579010009766
92049888,2023,2024-04-30,9855,2023-04-10,1451,019732,NA,1,2,6,3604,0,1,1,NA,2,101,I-10 E/B (SAN BERNARDINO FWY),CYPRESS AVE.,400,E,N,A,-,Y,SBD,NA,10,NA,NA,15.795,H,NA,R,N,3,0,1,4,A,-,07,21658,A,F,B,C,A,A,H,-,A,D,0,NA,NA,NA,NA,Y,NA,-,99,0,1,0,0,0,0,0,0,0,-,-,34.06678009033203,-117.44306182861328,SAN BERNARDINO,FONTANA,-117.44306182861328,34.06682205200195
92050335,2023,2023-04-21,9860,2023-04-11,648,017098,NA,2,1,9,3600,0,1,1,NA,2,152,I-15 N/B,SANTA FE ROAD,2640,N,N,A,-,Y,SBD,NA,15,NA,R,23.868,H,NA,R,N,4,0,1,2,A,-,03,22350,NA,N,C,C,A,A,H,-,A,D,0,NA,NA,NA,NA,Y,NA,A,01,0,0,1,0,0,0,0,0,0,-,-,34.34029006958008,-117.47084808349608,SAN BERNARDINO,UNINCORPORATED,-117.47086334228516,34.340213775634766
92050755,2023,2023-04-21,9860,2023-04-12,2120,020002,NA,3,2,4,3618,0,1,1,NA,2,202,SR-210 W/B,CENTRAL AVE,992,W,N,B,-,Y,SBD,NA,210,NA,R,27.698,H,NA,L,Y,4,0,3,2,A,-,03,22350,NA,N,C,C,A,A,D,-,C,D,0,NA,NA,NA,NA,Y,NA,A,01,0,0,3,0,0,0,0,0,0,-,-,34.132080078125,-117.22093200683594,SAN BERNARDINO,HIGHLAND,-117.22093200683594,34.13207244873047
92050998,2023,2023-04-24,9860,2023-04-21,1331,022641,NA,5,1,4,3640,0,1,1,NA,2,106,I-10 EASTBOUND,WABASH AVE,0.25,W,N,A,-,Y,SBD,NA,10,NA,NA,33.959,H,NA,R,N,4,0,1,2,A,-,03,22350,NA,N,C,C,A,A,H,-,A,D,0,NA,NA,NA,NA,Y,NA,A,01,0,0,1,0,0,0,0,0,0,-,-,34.03464126586914,-117.14427947998048,SAN BERNARDINO,YUCAIPA,-117.14424896240234,34.03471374511719
92051168,2023,2023-04-24,9860,2023-04-14,1440,022630,NA,5,2,4,3603,0,1,1,NA,2,214,I-215 S/B,IOWA AVE.,2112,N,N,B,-,Y,SBD,NA,215,NA,NA,0.822,H,NA,L,N,4,0,1,2,A,-,03,22350,NA,N,C,C,A,A,H,-,A,D,0,NA,NA,NA,NA,Y,NA,D,22,0,0,1,0,0,0,0,0,0,-,-,34.02878952026367,-117.33087921142578,SAN BERNARDINO,COLTON,-117.3308563232422,34.02877426147461
92051596,2023,2023-04-24,9835,2023-04-14,2025,022846,NA,5,2,9,3600,0,1,1,NA,2,075,NB I-15,HALLORAN SPRINGS RD,23654,S,N,A,-,Y,SBD,NA,15,NA,NA,145.079,H,NA,R,Y,2,0,1,2,A,-,01,23152,A,N,C,C,A,A,H,-,D,D,0,NA,NA,NA,Y,Y,Y,A,07,1,0,0,0,0,0,0,0,0,-,-,35.339168548583984,-115.95797729492188,SAN BERNARDINO,UNINCORPORATED,-115.95796966552734,35.33915710449219
92051730,2023,2023-04-24,9850,2023-04-21,145,017775,NA,5,3,9,3600,0,3,5,NA,2,004,ROCK SPRINGS ROAD,DEEP CREEK ROAD,3168,W,N,A,-,N,NA,NA,NA,NA,NA,NA,NA,NA,NA,Y,3,0,1,1,A,-,01,23152,A,N,F,A,A,A,H,-,D,D,0,NA,NA,NA,NA,Y,Y,A,01,0,1,0,0,0,0,0,0,0,-,-,34.413429260253906,-117.23587036132813,SAN BERNARDINO,UNINCORPORATED,-117.2351303100586,34.4135856628418
92052091,2023,2023-04-24,9860,2023-04-17,1530,022875,NA,1,2,6,3610,0,1,1,NA,2,103,I-10 W/B,WATERMAN AVE,900,W,N,A,-,Y,SBD,NA,10,NA,NA,25.087,H,NA,L,N,4,0,1,2,A,-,03,22350,NA,N,C,C,A,A,H,-,A,D,0,NA,NA,NA,NA,Y,NA,A,01,0,0,1,0,0,0,0,0,0,-,-,34.064231872558594,-117.2820281982422,SAN BERNARDINO,SAN BERNARDINO,-117.2820281982422,34.06418991088867
92052485,2023,2023-04-25,9855,2023-04-24,112,022607,NA,1,3,6,3616,0,1,1,NA,2,152,I-15 N/B (ONTARIO FWY),FOOTHILL BLVD.,1803,S,N,A,-,Y,SBD,NA,15,NA,NA,4.949,H,NA,R,Y,3,0,4,2,A,-,01,23152,A,N,C,C,A,A,H,-,D,D,0,NA,NA,NA,NA,Y,Y,A,01,0,3,1,0,0,0,0,0,0,-,-,34.10261154174805,-117.53630828857422,SAN BERNARDINO,RANCHO CUCAMONGA,-117.53636932373048,34.102657318115234
92052904,2023,2023-04-25,9865,2023-04-19,741,017808,NA,3,1,9,3600,0,3,5,NA,2,001,WATERS DR.,FERNWOOD DR.,215,E,N,A,-,N,NA,NA,NA,NA,NA,NA,NA,NA,NA,Y,3,0,1,1,A,-,08,22107,NA,N,E,I,A,A,H,-,A,D,0,NA,NA,NA,NA,Y,NA,D,22,0,1,0,0,0,0,0,0,0,-,-,34.2476692199707,-117.31349182128906,SAN BERNARDINO,UNINCORPORATED,-117.31349182128906,34.24766540527344
9205327,2020,2021-02-11,3610,2020-12-05,1612,51104,NA,6,5,6,3610,0,0,0,NA,0,POLICE,WEST HIGHLAND AV,N MACY ST,0,NA,Y,A,-,N,NA,NA,NA,NA,NA,NA,NA,NA,NA,Y,4,0,1,2,A,-,09,21801,A,N,D,C,A,A,H,-,A,A,0,NA,NA,Y,NA,Y,NA,D,22,0,0,1,0,0,0,0,0,1,-,-,34.136070251464844,-117.3398208618164,SAN BERNARDINO,SAN BERNARDINO,-117.33984375,34.136051177978516
92053541,2023,2023-04-26,9865,2023-04-15,1350,021840,NA,6,1,9,3600,0,1,3,NA,2,032,SR-18,SMARTS RANCH RD,1742,S,N,A,-,Y,SBD,NA,18,NA,NA,60.924,H,NA,R,N,3,0,2,1,A,-,08,22107,NA,N,F,I,A,A,H,-,A,D,0,NA,NA,Y,NA,Y,NA,C,02,0,2,0,0,0,0,0,0,2,-,-,34.31050109863281,-116.80754089355467,SAN BERNARDINO,UNINCORPORATED,-116.80760192871094,34.31047058105469
92053847,2023,2023-04-26,9860,2023-04-24,307,022539,NA,1,3,4,3603,0,1,1,NA,2,103,I-10 W/B,I-215,1584,E,N,A,-,Y,SBD,NA,10,NA,R,24.574,H,NA,L,Y,4,0,3,1,A,-,08,22107,NA,N,E,I,A,A,H,-,D,D,0,NA,NA,NA,NA,Y,NA,A,07,0,0,3,0,0,0,0,0,0,-,-,34.063541412353516,-117.29074096679688,SAN BERNARDINO,COLTON,-117.29073333740234,34.06360626220703
9205390,2020,2021-02-01,3604,2020-11-21,1829,1386,NA,6,5,6,3604,0,0,0,NA,0,NA,SIERRA AV,OPUS ONE LN,21,S,N,A,-,N,NA,NA,NA,NA,NA,NA,NA,NA,NA,Y,3,0,1,2,A,-,05,21650,NA,N,A,C,A,A,H,-,D,D,0,NA,NA,NA,NA,Y,NA,A,01,0,1,0,0,0,0,0,0,0,-,-,NA,NA,SAN BERNARDINO,FONTANA,NA,NA
92056871,2023,2023-04-28,9850,2023-04-22,620,021342,NA,6,1,9,3600,0,3,5,NA,2,003,QUARRY RD,CENTRAL RD,0,NA,Y,A,-,N,NA,NA,NA,NA,NA,NA,NA,NA,NA,Y,4,0,1,1,A,-,12,22450,A,N,E,9,A,A,H,-,A,A,0,NA,NA,NA,NA,Y,NA,A,07,0,0,1,0,0,0,0,0,0,-,-,34.61579132080078,-117.17176818847656,SAN BERNARDINO,UNINCORPORATED,-117.17180633544922,34.61595153808594
92058298,2023,2023-05-01,9855,2023-04-23,115,022584,NA,7,3,6,3607,0,1,3,NA,2,601,SR-60 W/B (POMONA FWY),EUCLID AVE.,3601,E,N,A,-,Y,SBD,NA,60,NA,R,5.285,H,NA,L,Y,3,0,1,1,A,-,01,23152,A,N,E,I,A,A,H,-,C,D,0,NA,NA,NA,NA,Y,Y,A,01,0,1,0,0,0,0,0,0,0,-,-,34.03070068359375,-117.63857269287108,SAN BERNARDINO,ONTARIO,-117.63857269287108,34.030555725097656
92058537,2023,2023-05-01,9855,2023-04-24,1130,021543,NA,1,1,9,3600,0,3,5,NA,2,001,SAN BERNARDINO AVE.,CHERRY AVE.,0,NA,Y,A,-,N,NA,NA,NA,NA,NA,NA,NA,NA,NA,Y,4,0,2,2,A,-,12,21453,A,N,D,C,A,A,H,-,A,A,0,NA,NA,NA,Y,Y,NA,A,07,0,0,2,0,0,0,0,0,0,-,-,34.077430725097656,-117.48892211914063,SAN BERNARDINO,UNINCORPORATED,-117.48889923095705,34.0772590637207
92059364,2023,2024-09-24,9834,2023-04-29,1030,020488,NA,6,1,9,3600,0,1,2,NA,1,091,US-95,95 SBD 33.00,250,N,N,A,-,Y,SBD,NA,95,NA,NA,33.624,H,NA,R,Y,4,0,2,3,A,-,08,22107,NA,N,D,C,A,A,H,-,A,D,0,NA,NA,NA,Y,Y,NA,A,01,0,0,2,0,0,0,0,0,0,-,-,34.503910064697266,-114.64956665039063,SAN BERNARDINO,UNINCORPORATED,-114.64954376220705,34.503910064697266
92059365,2023,2023-05-02,9835,2023-04-21,740,022078,NA,5,1,9,3600,0,3,5,NA,2,034,NATIONAL TRAILS HWY,HIDDEN SPRINGS RD,59,E,N,A,-,N,NA,NA,NA,NA,NA,NA,NA,NA,NA,N,3,0,1,1,A,-,08,22107,NA,N,F,A,A,A,H,-,A,D,0,NA,NA,NA,NA,Y,NA,A,01,0,1,0,0,0,0,0,0,0,-,-,34.84828186035156,-116.80323028564452,SAN BERNARDINO,UNINCORPORATED,-116.8032455444336,34.84825134277344
92059879,2023,2023-05-03,9855,2023-04-20,345,018000,NA,4,3,4,3605,0,1,1,NA,2,103,I-10 E/B (SAN BERNARDINO FWY),MONTE VISTA AVE.,630,E,N,A,-,Y,SBD,NA,10,NA,NA,0.814,H,NA,R,Y,4,0,2,4,A,-,03,22350,NA,N,C,C,A,A,H,-,C,D,0,NA,NA,NA,NA,Y,NA,A,01,0,0,2,0,0,0,0,0,0,-,-,34.08258056640625,-117.69621276855467,SAN BERNARDINO,MONTCLAIR,-117.69622802734376,34.08262252807617
92062416,2023,2023-05-05,9834,2023-05-01,2054,016267,NA,1,2,9,3600,0,3,5,NA,2,002,KELBAKER RD,I-40,28776,S,N,A,-,N,NA,NA,NA,NA,NA,NA,NA,NA,NA,Y,3,0,1,1,A,-,08,22107,NA,N,E,8,A,A,H,-,D,D,0,NA,NA,NA,NA,Y,NA,A,01,0,1,0,0,0,0,0,0,0,-,-,34.641929626464844,-115.67462158203124,SAN BERNARDINO,UNINCORPORATED,-115.6784210205078,34.7200813293457
92062655,2023,2023-05-05,9835,2023-05-03,508,023107,NA,3,3,9,3600,0,1,1,NA,2,047,I-40 W/B,CRUCERO RD,42240,E,N,A,-,Y,NA,NA,NA,NA,NA,NA,NA,NA,NA,Y,4,0,1,1,A,-,08,22107,NA,N,E,J,A,A,H,-,D,D,0,NA,NA,NA,NA,Y,NA,A,01,0,0,1,0,0,0,0,0,0,-,-,34.727081298828125,-115.93182373046876,SAN BERNARDINO,UNINCORPORATED,-115.93185424804688,34.7274055480957
92063420,2023,2023-05-08,9855,2023-04-21,1845,023027,NA,5,2,6,3607,0,1,3,NA,2,601,SR-60 W/B (POMONA FWY),HAVEN AVE,1660,E,N,A,-,Y,SBD,NA,10,NA,NA,8.448,H,NA,L,N,3,0,1,2,A,-,01,23152,A,N,C,C,A,A,H,-,A,D,0,NA,NA,NA,NA,Y,Y,A,01,0,1,0,0,0,0,0,0,0,-,-,34.06761169433594,-117.57089233398438,SAN BERNARDINO,ONTARIO,-117.57089233398438,34.06763458251953
92066085,2023,2023-05-10,9850,2023-03-17,228,023006,NA,5,3,5,3619,0,1,1,NA,2,081,INTERSTATE 15 NORTHBOUND,JOSHUA STREET,220,S,N,A,-,Y,SBD,NA,15,NA,NA,32.306,H,NA,R,Y,1,1,0,1,A,-,08,22107,NA,N,E,8,A,A,D,E,D,D,0,NA,NA,NA,NA,Y,NA,A,01,0,0,0,0,0,0,0,0,0,-,-,34.40589904785156,-117.39633941650392,SAN BERNARDINO,HESPERIA,-117.3964614868164,34.405967712402344
92066771,2023,2023-05-11,9855,2023-05-02,1515,022474,NA,2,2,5,3602,0,1,3,NA,2,603,STATE ROUTE 60 W/B (POMONA FREEWAY),RAMONA AVENUE,670,W,N,B,-,Y,SBD,NA,60,NA,R,1.233,H,NA,L,N,3,0,2,1,C,-,18,NA,NA,N,E,I,A,A,H,-,A,D,0,NA,NA,NA,NA,Y,NA,-,-,0,1,1,0,0,0,0,0,0,-,-,34.0301399230957,-117.70919036865234,SAN BERNARDINO,CHINO,-117.70919036865234,34.03020095825195
92068948,2023,2023-05-15,9855,2023-05-06,543,020367,NA,6,3,5,3602,0,1,3,NA,2,603,SR-60 W/B (POMONA FWY),MOUNTAIN AVE.,1200,E,N,A,-,Y,SBD,NA,60,NA,R,3.913,H,NA,L,Y,4,0,1,2,A,-,08,22107,NA,N,D,C,A,A,H,-,B,D,0,NA,NA,NA,NA,Y,NA,A,01,0,0,1,0,0,0,0,0,0,-,-,34.03049087524414,-117.66245269775392,SAN BERNARDINO,CHINO,-117.66245269775392,34.03049087524414
9206895,2020,2021-01-29,3601,2020-11-30,1844,P3,BARST,1,5,3,3601,0,0,0,NA,0,003,BARSTOW RD,ARMORY RD,0,NA,Y,A,-,N,NA,NA,NA,NA,NA,NA,NA,NA,NA,Y,4,0,3,2,D,-,00,NA,NA,N,D,C,A,A,H,-,C,A,0,NA,NA,NA,NA,Y,NA,-,-,0,0,3,0,0,0,0,0,0,-,-,NA,NA,SAN BERNARDINO,BARSTOW,-117.02291870117188,34.884151458740234
92069079,2023,2023-05-15,9855,2023-05-09,2105,021156,NA,2,2,6,3607,0,1,1,NA,2,103,I-10 E/B TO EUCLID AVE.,EUCLID AVE.,10,W,N,A,-,Y,SBD,NA,83,NA,NA,11.086,H,NA,L,N,4,0,2,2,A,-,21,22106,NA,N,C,C,A,A,D,-,C,A,0,NA,NA,NA,NA,Y,NA,A,07,0,0,2,0,0,0,0,0,0,-,-,34.08694076538086,-117.65157318115234,SAN BERNARDINO,ONTARIO,-117.65128326416016,34.08694076538086
92069770,2023,2023-05-16,9860,2023-05-08,2234,022359,NA,1,3,6,3610,0,1,1,NA,2,202,SR-210 EASTBOUND,WATERMAN AVE,1584,E,N,A,-,Y,SBD,NA,210,NA,R,24.508,H,NA,R,Y,4,0,2,4,A,-,03,22350,NA,N,C,C,A,A,H,-,C,D,0,NA,NA,NA,NA,Y,NA,A,01,0,0,2,0,0,0,0,0,0,-,-,34.14476013183594,-117.27359008789063,SAN BERNARDINO,SAN BERNARDINO,-117.27359008789063,34.14480972290039
92070308,2023,2023-05-16,9835,2023-05-12,1825,022649,NA,5,2,9,3600,0,1,1,NA,2,043,I-40 W/B,HIDDEN SPRINGS RD,1742,W,N,A,-,Y,SBD,NA,40,NA,R,11.878,H,NA,L,N,3,0,1,1,A,-,08,22107,NA,N,F,A,A,A,H,-,A,D,0,NA,NA,NA,NA,Y,NA,A,07,0,1,0,0,0,0,0,0,0,-,-,34.841861724853516,-116.80917358398438,SAN BERNARDINO,UNINCORPORATED,-116.80912017822266,34.842124938964844
92071046,2023,2023-05-17,9834,2023-05-14,845,020342,NA,7,1,9,3600,0,1,1,NA,2,042,I-40 E/B,40 SBD 111.00,1584,W,N,A,-,Y,SBD,NA,40,NA,R,110.663,H,NA,R,Y,4,0,1,1,A,-,08,22107,NA,N,F,A,A,A,H,-,A,D,0,NA,NA,NA,NA,Y,NA,A,01,0,0,1,0,0,0,0,0,0,-,-,34.81937026977539,-115.12972259521484,SAN BERNARDINO,UNINCORPORATED,-115.12973785400392,34.81945037841797
92073235,2023,2023-05-19,9860,2023-05-12,1320,016536,NA,5,1,5,3608,0,1,1,NA,2,105,I-10 EASTBOUND TO EUREKA ST.,EUREKA ST.,100,W,N,A,-,Y,NA,NA,NA,NA,NA,NA,NA,NA,NA,N,4,0,1,2,A,-,03,22350,NA,F,C,C,A,A,H,-,A,A,0,NA,NA,NA,NA,Y,NA,-,99,0,0,1,0,0,0,0,0,0,-,-,34.06135177612305,-117.1868896484375,SAN BERNARDINO,REDLANDS,-117.1868896484375,34.06135177612305
92073313,2023,2023-05-19,9860,2023-05-18,1845,022641,NA,4,2,6,3610,0,1,1,NA,2,202,SR-210 EASTBOUND,WATERMAN AVE,2640,W,N,A,-,Y,SBD,NA,210,NA,R,23.9,H,NA,R,Y,4,0,2,2,A,-,03,22350,NA,N,C,2,A,A,H,-,A,D,0,NA,NA,NA,NA,Y,NA,D,22,0,0,2,0,0,0,0,0,0,-,-,34.14530944824219,-117.2841567993164,SAN BERNARDINO,SAN BERNARDINO,-117.28416442871094,34.145267486572266
92073570,2023,2023-05-22,9860,2023-05-09,1735,022694,NA,2,2,3,3615,0,1,1,NA,2,104,I-10 E/B,TIPPECANOE AVE,2640,E,N,A,-,Y,SBD,NA,10,NA,NA,26.562,H,NA,R,Y,4,0,3,3,A,-,03,22350,NA,N,C,C,A,A,H,-,A,D,0,NA,NA,NA,NA,Y,NA,A,01,0,0,3,0,0,0,0,0,0,-,-,34.0654296875,-117.25657653808594,SAN BERNARDINO,LOMA LINDA,-117.25656127929688,34.06537628173828
92073773,2022,2023-05-22,9860,2022-08-27,2142,022583,NA,6,2,9,3600,0,1,1,NA,2,152,INTERSTATE 15 NORTHBOUND,OAK HILL ROAD,2640,S,N,A,-,Y,SBD,NA,15,NA,R,26.297,H,NA,R,Y,1,1,3,5,A,-,01,23152,G,F,C,C,A,A,H,-,D,D,0,NA,NA,Y,Y,Y,Y,D,22,1,1,1,0,0,0,0,1,1,-,-,34.356109619140625,-117.43742370605467,SAN BERNARDINO,UNINCORPORATED,-117.43746185302734,34.35612106323242
92074437,2023,2023-05-22,9860,2023-05-16,2145,022583,NA,2,2,9,3600,0,3,5,NA,2,003,EAST 3RD STREET,SOUTH IDA STREET,205,W,N,A,-,N,NA,NA,NA,NA,NA,NA,NA,NA,NA,Y,2,0,1,1,A,-,01,23152,A,N,F,A,A,A,H,-,C,D,0,NA,NA,NA,NA,Y,Y,A,01,1,0,0,0,0,0,0,0,0,-,-,34.1043701171875,-117.27239990234376,SAN BERNARDINO,UNINCORPORATED,NA,NA
92074941,2023,2023-05-23,9860,2023-05-11,1430,021363,NA,4,2,4,3603,0,1,1,NA,2,214,I-215 N/B TO WASHINGTON ST,WASHINGTON ST.,900,S,N,A,-,Y,SBD,NA,215,NA,NA,2.493,H,NA,R,N,4,0,1,4,A,-,03,22350,NA,N,C,C,A,A,H,-,A,D,0,NA,NA,NA,NA,Y,NA,D,22,0,0,1,0,0,0,0,0,0,-,-,34.04560089111328,-117.30991363525392,SAN BERNARDINO,COLTON,-117.31006622314452,34.04575729370117
9207579,2020,2021-02-03,3611,2020-11-09,1431,2387,3611,1,5,5,3611,0,0,0,NA,0,002,BENSON AV,FOOTHILL RD,200,S,N,A,-,N,NA,NA,NA,NA,NA,NA,NA,NA,NA,N,4,0,2,2,A,-,07,21658,A,N,C,C,A,A,H,-,A,D,0,NA,NA,NA,NA,Y,NA,D,22,0,0,2,0,0,0,0,0,0,-,-,NA,NA,SAN BERNARDINO,UPLAND,-117.68085479736328,34.10634231567383