CASE_ID,ACCIDENT_YEAR,PROC_DATE,JURIS,COLLISION_DATE,COLLISION_TIME,OFFICER_ID,REPORTING_DISTRICT,DAY_OF_WEEK,CHP_SHIFT,POPULATION,CNTY_CITY_LOC,SPECIAL_COND,BEAT_TYPE,CHP_BEAT_TYPE,CITY_DIVISION_LAPD,CHP_BEAT_CLASS,BEAT_NUMBER,PRIMARY_RD,SECONDARY_RD,DISTANCE,DIRECTION,INTERSECTION,WEATHER_1,WEATHER_2,STATE_HWY_IND,CALTRANS_COUNTY,CALTRANS_DISTRICT,STATE_ROUTE,ROUTE_SUFFIX,POSTMILE_PREFIX,POSTMILE,LOCATION_TYPE,RAMP_INTERSECTION,SIDE_OF_HWY,TOW_AWAY,COLLISION_SEVERITY,NUMBER_KILLED,NUMBER_INJURED,PARTY_COUNT,PRIMARY_COLL_FACTOR,PCF_CODE_OF_VIOL,PCF_VIOL_CATEGORY,PCF_VIOLATION,PCF_VIOL_SUBSECTION,HIT_AND_RUN,TYPE_OF_COLLISION,MVIW,PED_ACTION,ROAD_SURFACE,ROAD_COND_1,ROAD_COND_2,LIGHTING,CONTROL_DEVICE,CHP_ROAD_TYPE,PEDESTRIAN_ACCIDENT,BICYCLE_ACCIDENT,MOTORCYCLE_ACCIDENT,TRUCK_ACCIDENT,NOT_PRIVATE_PROPERTY,ALCOHOL_INVOLVED,STWD_VEHTYPE_AT_FAULT,CHP_VEHTYPE_AT_FAULT,COUNT_SEVERE_INJ,COUNT_VISIBLE_INJ,COUNT_COMPLAINT_PAIN,COUNT_PED_KILLED,COUNT_PED_INJURED,COUNT_BICYCLIST_KILLED,COUNT_BICYCLIST_INJURED,COUNT_MC_KILLED,COUNT_MC_INJURED,PRIMARY_RAMP,SECONDARY_RAMP,LATITUDE,LONGITUDE,COUNTY,CITY,POINT_X,POINT_Y
92418330,2024,2024-06-19,9860,2024-06-11,2250,022439,NA,2,3,5,3609,0,1,3,NA,2,211,SR-210 E/B,RIVERSIDE AVE,50,E,N,A,-,Y,SBD,NA,210,NA,NA,18.717,H,NA,R,Y,4,0,1,2,A,-,07,21658,A,N,B,C,A,A,H,-,D,D,0,NA,NA,NA,NA,Y,NA,A,01,0,0,1,0,0,0,0,0,0,-,-,34.13581085205078,-117.36998748779295,SAN BERNARDINO,RIALTO,-117.36998748779295,34.135807037353516
92419521,2024,2024-06-20,9850,2024-05-25,1038,021639,NA,6,1,5,3619,0,1,1,NA,2,081,I-15 S/B,RANCHERO RD,3000,N,N,G,-,Y,SBD,NA,15,NA,NA,31.006,H,NA,L,N,4,0,2,3,A,-,03,22350,NA,N,C,C,A,A,D,-,A,D,0,NA,NA,NA,NA,Y,NA,A,01,0,0,2,0,0,0,0,0,0,-,-,34.390480041503906,-117.40939331054688,SAN BERNARDINO,HESPERIA,-117.40945434570313,34.39051818847656
92421253,2024,2024-06-24,9860,2024-06-16,920,022931,NA,7,1,4,3618,0,1,3,NA,2,259,SR-259 S/B,HIGHLAND AVE,1109,N,N,A,-,Y,SBD,NA,259,NA,NA,0.774,H,NA,L,Y,4,0,1,1,A,-,08,22107,NA,N,E,I,A,A,H,-,A,D,0,NA,NA,NA,NA,Y,NA,A,01,0,0,1,0,0,0,0,0,0,-,-,34.14002990722656,-117.30259704589844,SAN BERNARDINO,HIGHLAND,-117.30266571044922,34.140037536621094
92423300,2024,2024-07-11,9860,2024-06-16,2326,022679,NA,7,3,9,3600,0,1,1,NA,2,151,I-15 S/B,GLEN HELEN PKWY,4066,N,N,A,-,Y,SBD,NA,15,NA,NA,15.563,H,NA,L,Y,4,0,2,3,A,-,03,22350,NA,N,C,C,A,A,H,-,D,D,0,NA,NA,NA,NA,Y,NA,A,01,0,0,2,0,0,0,0,0,0,-,-,34.2136116027832,-117.41201019287108,SAN BERNARDINO,UNINCORPORATED,-117.4121322631836,34.21363067626953
92423786,2024,2024-06-26,9855,2024-06-16,5,022874,NA,7,3,6,3607,0,1,1,NA,2,101,I-10 W/B (SAN BERNARDINO FWY),ETIWANDA AVE,2160,W,N,A,-,Y,SBD,NA,10,NA,NA,10.711,H,NA,L,Y,2,0,1,2,A,-,03,22350,NA,N,C,C,A,A,H,-,D,D,0,NA,NA,NA,NA,Y,NA,A,01,1,0,0,0,0,0,0,0,0,-,-,34.06747055053711,-117.53144073486328,SAN BERNARDINO,ONTARIO,-117.53144073486328,34.06745529174805
92426052,2024,2024-07-03,9855,2024-03-28,1625,021978,NA,4,2,6,3616,0,1,1,NA,2,203,SR-210 E/B (FOOTHILL FWY),BERYL STREET,495,E,N,A,-,Y,SBD,NA,210,NA,NA,5.212,H,NA,R,Y,3,0,2,2,A,-,03,22350,NA,F,C,C,A,A,H,-,A,D,0,NA,NA,Y,NA,Y,NA,C,02,0,2,0,0,0,0,0,0,2,-,-,34.1348991394043,-117.60553741455078,SAN BERNARDINO,RANCHO CUCAMONGA,-117.60553741455078,34.13489532470703
92426071,2023,2024-06-28,9860,2023-09-05,1425,022931,NA,2,2,5,3609,0,1,1,NA,2,201,STATE ROUTE 210 EASTBOUND,AYALA DRIVE,1370,W,N,A,-,Y,SBD,NA,210,NA,NA,17.225,H,NA,R,Y,1,1,5,3,A,-,03,22350,NA,N,C,C,A,A,H,-,A,D,0,NA,NA,NA,NA,Y,NA,D,22,2,1,2,0,0,0,0,0,0,-,-,34.135780334472656,-117.39601135253906,SAN BERNARDINO,RIALTO,-117.39601135253906,34.13584518432617
92430063,2024,2024-07-03,9850,2024-06-10,2110,022494,NA,1,2,5,3619,0,1,1,NA,2,081,I-15 S/B,OAK HILL RD,2000,N,N,A,-,Y,SBD,NA,15,NA,R,29.001,H,NA,L,Y,4,0,1,2,A,-,03,22350,NA,N,C,C,A,A,D,-,D,D,0,NA,NA,NA,NA,Y,NA,A,01,0,0,1,0,0,0,0,0,0,-,-,34.36663055419922,-117.42926788330078,SAN BERNARDINO,HESPERIA,-117.42943572998048,34.36673355102539
92430846,2024,2024-07-04,9850,2024-06-25,1930,021878,NA,2,2,9,3600,0,2,4,NA,2,057,SHEEP CREEK RD,YUCCA TERRACE DR,67,N,N,A,-,N,NA,NA,NA,NA,NA,NA,NA,NA,NA,N,3,0,1,2,A,-,08,22107,NA,F,G,B,F,A,H,-,B,D,0,Y,NA,NA,NA,Y,NA,-,99,0,1,0,0,1,0,0,0,0,-,-,34.43381881713867,-117.57270050048828,SAN BERNARDINO,UNINCORPORATED,-117.57265472412108,34.43376541137695
92432549,2024,2024-07-08,9855,2024-06-24,1519,021873,NA,1,2,6,3604,0,1,1,NA,2,101,I-10 W/B (SAN BERNARDINO FWY),CHERRY AVE.,1559,W,N,A,-,Y,SBD,NA,10,NA,NA,12.891,H,NA,L,Y,2,0,5,4,A,-,03,22350,NA,N,C,C,A,A,H,-,A,D,0,NA,NA,NA,Y,Y,NA,G,25,2,3,0,0,0,0,0,0,0,-,-,34.06589126586914,-117.49366760253906,SAN BERNARDINO,FONTANA,-117.49366760253906,34.06587219238281
92436370,2024,2024-07-11,9860,2024-06-21,1628,022723,NA,5,2,4,3603,0,1,1,NA,2,103,I-10 E/B,I-215,250,E,N,A,-,Y,SBD,NA,10,NA,R,24.32,H,NA,R,Y,4,0,1,2,A,-,03,22350,NA,N,C,C,A,A,H,-,A,D,0,NA,NA,NA,NA,Y,NA,A,07,0,0,1,0,0,0,0,0,0,-,-,34.06393814086914,-117.29511260986328,SAN BERNARDINO,COLTON,-117.29511260986328,34.06391525268555
92438732,2024,2024-07-15,9860,2024-07-06,1335,022843,NA,6,1,9,3600,0,3,5,NA,2,001,I-15 S/B TO GLEN HELEN PKWY OFR,GLEN HELEN PKY,0,NA,Y,A,-,Y,NA,NA,NA,NA,NA,NA,NA,NA,NA,Y,3,0,1,2,A,-,12,22450,A,N,D,C,A,A,H,-,A,A,0,NA,NA,Y,NA,Y,NA,D,22,0,1,0,0,0,0,0,0,1,-,-,34.20283889770508,-117.4160385131836,SAN BERNARDINO,UNINCORPORATED,-117.41558837890624,34.202728271484375
92440289,2024,2024-07-16,9860,2024-07-15,1150,017098,NA,1,1,6,3610,0,1,1,NA,2,201,SR-210 E/B,PEPPER AVENUE,3168,E,N,A,-,Y,SBD,NA,210,NA,NA,20.127,H,NA,R,Y,3,0,1,2,A,-,03,22350,NA,N,C,C,A,A,H,-,A,D,0,NA,NA,NA,NA,Y,NA,A,01,0,1,0,0,0,0,0,0,0,-,-,34.134761810302734,-117.34567260742188,SAN BERNARDINO,SAN BERNARDINO,-117.34567260742188,34.13479995727539
92440582,2024,2024-07-16,9850,2024-07-08,350,018211,NA,1,3,9,3600,0,3,5,NA,2,002,SUMMIT VALLEY RD,AGATE RD,536,S,N,A,-,N,NA,NA,NA,NA,NA,NA,NA,NA,NA,Y,3,0,1,1,A,-,08,22107,NA,N,F,I,A,A,H,-,D,D,0,NA,NA,NA,NA,Y,NA,A,01,0,1,0,0,0,0,0,0,0,-,-,34.358360290527344,-117.3672103881836,SAN BERNARDINO,UNINCORPORATED,-117.3672332763672,34.358421325683594
92441181,2024,2024-07-17,9860,2024-07-15,1150,019429,NA,1,1,6,3610,0,1,1,NA,2,201,SR-210 E/B,PEPPER AVE,2112,E,N,A,-,Y,SBD,NA,210,NA,NA,20.174,H,NA,R,N,4,0,2,3,A,-,03,22350,NA,N,C,C,A,A,C,-,A,D,0,NA,NA,NA,NA,Y,NA,A,01,0,0,2,0,0,0,0,0,0,-,-,34.13478088378906,-117.34487915039063,SAN BERNARDINO,SAN BERNARDINO,-117.34487915039063,34.13481903076172
92441349,2024,2024-07-17,9855,2024-07-09,626,020963,NA,2,1,6,3616,0,1,1,NA,2,153,INTERSTATE 15 SOUTHBOUND,BASE LINE ROAD,2482,N,N,A,-,Y,SBD,NA,15,NA,NA,7.281,H,NA,L,N,4,0,1,2,A,-,07,21658,A,N,B,C,A,A,H,-,A,D,0,NA,NA,NA,NA,Y,NA,-,-,0,0,1,0,0,0,0,0,0,-,-,34.12656021118164,-117.50808715820313,SAN BERNARDINO,RANCHO CUCAMONGA,-117.50809478759766,34.126564025878906
92441534,2024,2024-07-17,9855,2024-07-03,932,017323,NA,3,1,5,3602,0,1,S,NA,2,841,SR-60 W/B (POMONA FWY),MOUNTAIN AVE.,528,W,N,A,-,Y,SBD,NA,60,NA,R,3.47,H,NA,L,N,4,0,1,2,A,-,03,22350,NA,N,C,C,A,A,H,-,A,D,0,NA,NA,NA,NA,Y,NA,A,01,0,0,1,0,0,0,0,0,0,-,-,34.03044128417969,-117.6701889038086,SAN BERNARDINO,CHINO,-117.6701889038086,34.03044891357422
92443394,2024,2024-07-19,9855,2024-05-23,1308,017213,NA,4,1,6,3607,0,1,1,NA,2,152,I-15 N/B (ONTARIO FWY),JURUPA STREET,1000,S,N,A,-,Y,SBD,NA,15,NA,NA,0.221,H,NA,R,N,4,0,1,3,A,-,08,22107,NA,N,B,C,A,A,H,-,A,D,0,NA,NA,NA,NA,Y,NA,A,01,0,0,1,0,0,0,0,0,0,-,-,34.036659240722656,-117.54994201660156,SAN BERNARDINO,ONTARIO,-117.55014801025392,34.036659240722656
92444383,2024,2024-07-22,9860,2024-07-11,1535,021169,NA,4,2,5,3609,0,1,1,NA,2,201,SR-210 E/B,AYALA DR,2640,W,N,A,-,Y,SBD,NA,210,NA,NA,16.574,H,NA,R,Y,3,0,2,2,A,-,08,22107,NA,N,B,C,A,A,H,-,A,D,0,NA,NA,NA,NA,Y,NA,A,07,0,1,1,0,0,0,0,0,0,-,-,34.13608169555664,-117.40737915039063,SAN BERNARDINO,RIALTO,-117.40737915039063,34.13612747192383
9244587,2021,2021-04-14,3608,2021-03-01,2028,3461,NA,1,5,5,3608,0,0,0,NA,0,NA,CHURCH ST,BROCKTON AV,0,NA,Y,A,-,N,NA,NA,NA,NA,NA,NA,NA,NA,NA,Y,4,0,1,2,A,-,12,22450,NA,N,D,C,A,A,H,-,C,A,0,NA,NA,NA,NA,Y,NA,A,01,0,0,1,0,0,0,0,0,0,-,-,NA,NA,SAN BERNARDINO,REDLANDS,-117.1737823486328,34.06641387939453
9244906,2021,2021-04-05,3608,2021-01-02,2110,4943,CENTR,6,5,5,3608,0,0,0,NA,0,NA,SAN TIMOTEO CANYON RD,NEVADA ST,1250,E,N,A,-,N,NA,NA,NA,NA,NA,NA,NA,NA,NA,Y,3,0,2,1,A,-,00,25152,F,N,A,I,A,A,H,-,C,A,0,NA,NA,NA,NA,Y,NA,A,01,0,2,0,0,0,0,0,0,0,-,-,NA,NA,SAN BERNARDINO,REDLANDS,-117.21314239501952,34.04233169555664
92452872,2024,2024-07-22,9855,2024-06-03,120,023529,NA,1,3,6,3604,0,1,1,NA,2,101,I-10 E/B (SAN BERNARDINO FREEWAY),SIERRA AVENUE,360,W,N,A,-,Y,SBD,NA,10,NA,NA,16.132,H,NA,R,Y,3,0,1,2,A,-,01,23152,A,N,E,C,A,A,H,-,C,D,0,NA,NA,NA,NA,Y,Y,A,01,0,1,0,0,0,0,0,0,0,-,-,34.06721878051758,-117.43721771240234,SAN BERNARDINO,FONTANA,-117.43721771240234,34.06721496582031
9245646,2021,2021-04-07,3600,2021-03-04,1332,G7650,NA,4,5,3,3615,0,0,0,NA,0,NA,MOUNTAIN VIEW AV,RT 10,0,NA,Y,A,-,Y,SBD,8,10,-,-,2.227,R,4,E,Y,3,0,1,2,A,-,12,21453,A,N,D,D,A,A,H,-,A,A,0,NA,NA,NA,NA,Y,NA,A,08,0,1,0,0,0,0,0,0,0,-,EF,NA,NA,SAN BERNARDINO,LOMA LINDA,-117.67290496826172,34.08717346191406
9246603,2021,2021-04-14,3604,2021-03-15,1607,769,NA,1,5,6,3604,0,0,0,NA,0,001,SUMMIT AV,BEECH AV,0,NA,Y,B,-,N,NA,NA,NA,NA,NA,NA,NA,NA,NA,Y,4,0,1,2,A,-,12,21453,A,N,D,D,A,A,H,-,A,A,0,NA,NA,NA,NA,Y,NA,A,07,0,0,1,0,0,0,0,0,0,-,-,NA,NA,SAN BERNARDINO,FONTANA,-117.47977447509766,34.15037536621094
9247179,2021,2021-04-20,3609,2021-03-23,0555,8510,RI098,2,5,5,3609,0,0,0,NA,0,001,BASELINE RD,WILLOW AV,27,W,N,A,-,N,NA,NA,NA,NA,NA,NA,NA,NA,NA,Y,4,0,2,1,A,-,03,22350,NA,N,E,I,A,A,H,-,C,D,0,NA,NA,NA,NA,Y,NA,A,01,0,0,2,0,0,0,0,0,0,-,-,34.12289047241211,-117.3671875,SAN BERNARDINO,RIALTO,-117.3748779296875,34.12139129638672
9248586,2021,2021-04-13,3600,2021-03-12,2318,G9811,VC070,5,5,5,3612,0,0,0,NA,0,VC5,PALMDALE RD,CANTINA ST,0,NA,Y,A,-,N,NA,NA,NA,NA,NA,NA,NA,NA,NA,N,4,0,1,2,A,-,04,21703,NA,M,C,C,A,A,H,-,C,A,0,NA,NA,NA,NA,Y,NA,A,01,0,0,1,0,0,0,0,0,0,-,-,NA,NA,SAN BERNARDINO,VICTORVILLE,-117.39508819580078,34.50669479370117
9248828,2021,2021-04-21,3609,2021-04-06,1541,0456,RI107,2,5,5,3609,0,0,0,NA,0,001,BASELINE RD,IDYLLWILD AV,0,NA,Y,A,-,N,NA,NA,NA,NA,NA,NA,NA,NA,NA,Y,4,0,1,2,A,-,09,21802,A,N,D,C,A,A,H,-,A,A,0,NA,NA,NA,NA,Y,NA,A,01,0,0,1,0,0,0,0,0,0,-,-,34.12080001831055,-117.38919830322266,SAN BERNARDINO,RIALTO,-117.38912200927734,34.12132263183594
9249137,2021,2021-05-05,3600,2021-04-05,1049,F8247,HE104,1,5,5,3619,0,0,0,NA,0,HE1,BEAR VALLEY RD,3RD AV,0,NA,Y,A,-,N,NA,NA,NA,NA,NA,NA,NA,NA,NA,Y,4,0,2,3,A,-,03,22350,NA,N,C,C,A,A,H,-,A,D,0,NA,NA,NA,NA,Y,NA,D,22,0,0,2,0,0,0,0,0,0,-,-,NA,NA,SAN BERNARDINO,HESPERIA,-117.30361938476563,34.47084426879883
9249991,2021,2021-04-27,3600,2021-03-31,1150,F8247,HE112,3,5,5,3619,0,0,0,NA,0,HE1,MESA ST,HICKORY AV,0,NA,Y,A,-,N,NA,NA,NA,NA,NA,NA,NA,NA,NA,N,4,0,1,2,A,-,09,21802,A,N,D,C,A,A,H,-,A,A,0,NA,NA,NA,NA,Y,NA,A,01,0,0,1,0,0,0,0,0,0,-,-,NA,NA,SAN BERNARDINO,HESPERIA,-117.32386779785156,34.44877624511719
9250633,2021,2021-04-28,3600,2021-04-10,2242,G5408,AP010,6,5,5,3621,0,0,0,NA,0,AP3,BEAR VALLEY RD,DEEP CREEK RD,0,NA,Y,A,-,N,NA,NA,NA,NA,NA,NA,NA,NA,NA,Y,2,0,2,2,A,-,09,21801,A,N,D,C,A,A,H,-,C,A,0,NA,NA,NA,NA,Y,NA,A,01,2,0,0,0,0,0,0,0,0,-,-,NA,NA,SAN BERNARDINO,APPLE VALLEY,-117.22527313232422,34.471351623535156
9250653,2021,2021-04-29,3602,2021-04-06,1705,3805,NA,2,5,5,3602,0,0,0,NA,0,003,EUCLID AV,PINE AV,856,S,N,A,-,N,NA,NA,83,NA,NA,NA,NA,NA,NA,Y,3,0,2,2,A,-,08,22107,NA,N,D,C,A,A,H,-,A,D,0,NA,NA,NA,NA,Y,NA,A,07,0,2,0,0,0,0,0,0,0,-,-,33.946250915527344,-117.6519012451172,SAN BERNARDINO,CHINO,-117.6519012451172,33.946250915527344
9250756,2021,2021-05-03,3603,2021-04-15,0759,4012,CPD,4,5,4,3603,0,0,0,NA,0,002,MT VERNON AV,F ST,0,NA,Y,A,-,N,NA,NA,NA,NA,NA,NA,NA,NA,NA,N,4,0,2,5,A,-,03,22350,NA,N,C,C,A,A,H,-,A,A,0,NA,NA,NA,NA,Y,NA,A,01,0,0,2,0,0,0,0,0,0,-,-,34.06867980957031,-117.31385803222656,SAN BERNARDINO,COLTON,-117.3138427734375,34.06870651245117
9251722,2021,2021-04-22,3604,2021-03-23,0259,1326,NA,2,5,6,3604,0,0,0,NA,0,NA,FOOTHILL BL,ALDER AV,0,NA,Y,A,-,N,NA,NA,NA,NA,NA,NA,NA,NA,NA,Y,3,0,2,1,A,-,08,22107,NA,N,A,I,A,A,H,-,C,A,0,NA,NA,NA,NA,Y,NA,A,07,0,2,0,0,0,0,0,0,0,-,-,NA,NA,SAN BERNARDINO,FONTANA,-117.41835784912108,34.106689453125
9252825,2021,2021-04-27,3600,2021-03-31,1720,G6918,VC028,3,5,5,3612,0,0,0,NA,0,VC2,LA PAZ DR,HUGHES RD,0,NA,Y,A,-,N,NA,NA,NA,NA,NA,NA,NA,NA,NA,Y,4,0,1,2,A,-,01,23152,A,N,D,C,A,A,H,-,A,A,0,NA,NA,NA,NA,Y,Y,A,01,0,0,1,0,0,0,0,0,0,-,-,NA,NA,SAN BERNARDINO,VICTORVILLE,-117.31265258789063,34.51079559326172
9253145,2021,2021-04-29,3609,2021-03-27,1249,02336,RI054,6,5,5,3609,0,0,0,NA,0,004,RIVERSIDE AV,SAN BERNARDINO AV,0,N,N,A,-,N,NA,NA,NA,NA,NA,NA,NA,NA,NA,Y,4,0,2,4,A,-,03,22350,NA,N,C,C,A,A,H,-,-,D,0,NA,NA,NA,NA,Y,NA,D,22,0,0,2,0,0,0,0,0,0,-,-,34.079078674316406,-117.3704071044922,SAN BERNARDINO,RIALTO,-117.37030029296876,34.07772445678711
9254662,2021,2021-05-19,3600,2021-04-15,0712,E8738,CH024,4,5,5,3630,0,0,0,NA,0,CH1,PEYTON DR,SKYVIEW RIDGE,0,NA,Y,A,-,N,NA,NA,NA,NA,NA,NA,NA,NA,NA,Y,3,0,2,2,A,-,09,21802,A,N,D,C,A,A,H,-,A,D,0,NA,NA,NA,NA,Y,NA,A,07,0,1,1,0,0,0,0,0,0,-,-,NA,NA,SAN BERNARDINO,CHINO HILLS,-117.73858642578124,34.00728225708008
9254872,2020,2021-04-28,3611,2020-09-19,1553,3296,3611,6,5,5,3611,0,0,0,NA,0,002,BENSON AV,7TH ST,0,NA,Y,A,-,NA,NA,NA,NA,NA,NA,NA,NA,NA,NA,Y,4,0,1,2,A,-,09,21801,A,N,A,C,A,A,H,-,A,A,0,NA,NA,NA,NA,Y,NA,A,07,0,0,1,0,0,0,0,0,0,-,-,NA,NA,SAN BERNARDINO,UPLAND,-117.68087005615234,34.088741302490234
9256106,2021,2023-06-24,3600,2021-01-22,2235,U0068,YC108,5,5,4,3640,0,0,0,NA,0,YC3,AVENUE E,7TH ST,530,W,N,C,-,N,NA,NA,NA,NA,NA,NA,NA,NA,NA,Y,1,3,1,1,A,-,03,22350,NA,N,E,I,A,B,H,-,D,D,0,NA,NA,NA,NA,Y,Y,A,01,0,1,0,0,0,0,0,0,0,-,-,NA,NA,SAN BERNARDINO,YUCAIPA,-117.06670379638672,34.026607513427734
9256118,2021,2021-05-13,3603,2021-03-01,1521,4817,CPD,1,5,4,3603,0,0,0,NA,0,003,VALLEY BL,PENNSYLVANIA AV,0,NA,Y,A,-,N,NA,NA,NA,NA,NA,NA,NA,NA,NA,Y,1,1,2,3,A,-,09,21801,A,N,A,C,A,A,H,-,A,A,0,NA,NA,NA,NA,Y,NA,A,01,0,0,2,0,0,0,0,0,0,-,-,34.06761169433594,-117.32901000976563,SAN BERNARDINO,COLTON,-117.32902526855467,34.06761169433594
9256126,2021,2023-07-18,3609,2021-03-12,0530,8444,RI008,5,5,5,3609,0,0,0,NA,0,001,RIVERSIDE AV,LOCUST AV,528,N,N,A,-,N,NA,NA,NA,NA,NA,NA,NA,NA,NA,Y,1,1,0,3,A,-,03,22350,NA,N,E,I,A,A,H,-,C,D,0,NA,NA,NA,NA,Y,Y,A,01,0,0,0,0,0,0,0,0,0,-,-,34.163639068603516,-117.41172027587892,SAN BERNARDINO,RIALTO,-117.41104125976563,34.163326263427734
92562417,2024,2024-07-23,9850,2024-07-15,1430,021675,NA,1,2,5,3612,0,1,1,NA,2,083,I-15 S/B,D ST,528,S,N,A,-,Y,NA,NA,NA,NA,NA,NA,NA,NA,NA,N,4,0,1,1,C,-,18,NA,NA,N,E,I,A,A,H,-,A,D,0,NA,NA,NA,NA,Y,NA,-,-,0,0,1,0,0,0,0,0,0,-,-,34.54528045654297,-117.30355072021484,SAN BERNARDINO,VICTORVILLE,-117.30206298828124,34.54462432861328
9256265,2021,2023-07-18,3600,2021-04-11,2126,G6198,VC067,7,5,5,3612,0,0,0,NA,0,VC6,INNOVATION DR,PHANTOM WEST,125,N,N,A,-,N,NA,NA,NA,NA,NA,NA,NA,NA,NA,Y,1,1,1,2,A,-,02,22400,A,N,C,C,A,A,H,-,C,D,0,NA,NA,NA,NA,Y,Y,M,96,0,1,0,0,0,0,0,0,0,-,-,NA,NA,SAN BERNARDINO,VICTORVILLE,-117.37687683105467,34.57609939575195
9256338,2020,2022-06-11,3610,2020-11-27,2347,50808,NA,5,5,6,3610,0,0,0,NA,0,BAKER,W KENDALL DR,N UNIVERSITY PKWY,0,NA,Y,A,-,N,NA,NA,NA,NA,NA,NA,NA,NA,NA,Y,1,3,3,2,A,-,01,23152,A,N,D,C,A,A,H,-,D,A,0,NA,NA,NA,NA,Y,Y,A,01,1,1,1,0,0,0,0,0,0,-,-,34.1762809753418,-117.33109283447266,SAN BERNARDINO,SAN BERNARDINO,-117.33115386962892,34.17626953125
9256711,2021,2021-06-18,3608,2021-05-15,1947,4453,NA,6,5,5,3608,0,0,0,NA,0,NA,SUN AV,CALHOUN ST,0,NA,Y,B,-,N,NA,NA,NA,NA,NA,NA,NA,NA,NA,Y,3,0,1,3,A,-,12,22450,A,N,D,C,A,A,H,-,B,D,0,NA,NA,NA,NA,Y,NA,A,01,0,1,0,0,0,0,0,0,0,-,-,NA,NA,SAN BERNARDINO,REDLANDS,-117.18903350830078,34.064064025878906
9256886,2021,2021-05-14,3604,2021-04-23,0535,1300,NA,5,5,6,3604,0,0,0,NA,0,NA,ALDER,BASELINE,50,S,N,B,-,N,NA,NA,NA,NA,NA,NA,NA,NA,NA,N,3,0,1,2,A,-,03,22350,NA,N,C,C,A,B,H,-,A,A,0,NA,NA,NA,NA,Y,NA,A,01,0,1,0,0,0,0,0,0,0,-,-,NA,NA,SAN BERNARDINO,FONTANA,-117.41840362548828,34.121192932128906
9257051,2021,2021-05-14,3610,2021-03-15,1920,51041,NA,1,5,6,3610,0,0,0,NA,0,CHARLI,E DATE ST,N GOLDEN AV,0,NA,Y,B,-,N,NA,NA,NA,NA,NA,NA,NA,NA,NA,Y,4,0,1,2,A,-,01,23152,A,N,B,I,A,B,H,-,C,A,0,NA,NA,NA,NA,Y,Y,A,07,0,0,1,0,0,0,0,0,0,-,-,34.14131164550781,-117.2611083984375,SAN BERNARDINO,SAN BERNARDINO,-117.26112365722656,34.14128494262695
9257052,2021,2021-05-14,3610,2021-03-09,2004,51280,NA,2,5,6,3610,0,0,0,NA,0,ADAM,W WALNUT ST,S RANCHO ST,0,NA,Y,A,-,N,NA,NA,NA,NA,NA,NA,NA,NA,NA,Y,4,0,2,2,A,-,08,22107,NA,N,A,C,A,A,H,-,C,D,0,NA,NA,NA,NA,Y,NA,A,01,0,0,2,0,0,0,0,0,0,-,-,34.09640121459961,-117.33328247070313,SAN BERNARDINO,SAN BERNARDINO,-117.3332977294922,34.09639358520508
9257817,2021,2021-04-30,3600,2021-03-23,1547,E8923,HI019,2,5,4,3618,0,0,0,NA,0,HI1,BASELINE ST,RT 210,0,NA,Y,-,-,N,NA,NA,NA,NA,NA,NA,NA,NA,NA,N,3,0,1,2,A,-,08,22100,NA,N,A,C,A,A,H,-,A,A,0,NA,NA,NA,NA,Y,NA,A,07,0,1,0,0,0,0,0,0,0,-,WF,34.121219635009766,-117.19901275634766,SAN BERNARDINO,HIGHLAND,-117.20087432861328,34.12123107910156
9258633,2021,2021-06-04,3600,2021-04-12,2033,H6855,LL013,1,5,3,3615,0,0,0,NA,0,LL1,BARTON RD,BENTON ST,34,E,N,A,-,N,NA,NA,NA,NA,NA,NA,NA,NA,NA,Y,4,0,1,2,A,-,01,23152,A,N,C,-,A,A,H,-,C,A,0,NA,NA,NA,NA,Y,Y,A,07,0,0,1,0,0,0,0,0,0,-,-,NA,NA,SAN BERNARDINO,LOMA LINDA,-117.25228881835938,34.04827880859375
9259445,2021,2021-05-12,3609,2021-04-18,1328,02334,RI099,7,5,5,3609,0,0,0,NA,0,002,BASELINE RD,RIVERSIDE AV,430,W,N,A,-,N,NA,NA,NA,NA,NA,NA,NA,NA,NA,Y,4,0,1,2,A,-,09,21804,A,N,D,C,A,A,H,-,A,A,0,NA,NA,NA,NA,Y,NA,A,01,0,0,1,0,0,0,0,0,0,-,-,34.12110137939453,-117.37090301513672,SAN BERNARDINO,RIALTO,-117.37183380126952,34.1213493347168
92596587,2023,2024-07-24,9855,2023-10-12,308,022510,NA,4,3,6,3616,0,1,1,NA,2,201,STATE ROUTE 210 EASTBOUND (FOOTHILL FWY),MILLIKEN AVENUE,1613,W,N,A,-,Y,SBD,NA,210,NA,NA,7.591,H,NA,R,Y,1,1,5,2,A,-,03,22350,NA,N,A,C,A,A,H,-,D,D,0,NA,NA,NA,NA,Y,Y,D,22,0,0,5,0,0,0,0,0,0,-,-,34.13648986816406,-117.56413269042967,SAN BERNARDINO,RANCHO CUCAMONGA,-117.56412506103516,34.13655471801758