CASE_ID,ACCIDENT_YEAR,PROC_DATE,JURIS,COLLISION_DATE,COLLISION_TIME,OFFICER_ID,REPORTING_DISTRICT,DAY_OF_WEEK,CHP_SHIFT,POPULATION,CNTY_CITY_LOC,SPECIAL_COND,BEAT_TYPE,CHP_BEAT_TYPE,CITY_DIVISION_LAPD,CHP_BEAT_CLASS,BEAT_NUMBER,PRIMARY_RD,SECONDARY_RD,DISTANCE,DIRECTION,INTERSECTION,WEATHER_1,WEATHER_2,STATE_HWY_IND,CALTRANS_COUNTY,CALTRANS_DISTRICT,STATE_ROUTE,ROUTE_SUFFIX,POSTMILE_PREFIX,POSTMILE,LOCATION_TYPE,RAMP_INTERSECTION,SIDE_OF_HWY,TOW_AWAY,COLLISION_SEVERITY,NUMBER_KILLED,NUMBER_INJURED,PARTY_COUNT,PRIMARY_COLL_FACTOR,PCF_CODE_OF_VIOL,PCF_VIOL_CATEGORY,PCF_VIOLATION,PCF_VIOL_SUBSECTION,HIT_AND_RUN,TYPE_OF_COLLISION,MVIW,PED_ACTION,ROAD_SURFACE,ROAD_COND_1,ROAD_COND_2,LIGHTING,CONTROL_DEVICE,CHP_ROAD_TYPE,PEDESTRIAN_ACCIDENT,BICYCLE_ACCIDENT,MOTORCYCLE_ACCIDENT,TRUCK_ACCIDENT,NOT_PRIVATE_PROPERTY,ALCOHOL_INVOLVED,STWD_VEHTYPE_AT_FAULT,CHP_VEHTYPE_AT_FAULT,COUNT_SEVERE_INJ,COUNT_VISIBLE_INJ,COUNT_COMPLAINT_PAIN,COUNT_PED_KILLED,COUNT_PED_INJURED,COUNT_BICYCLIST_KILLED,COUNT_BICYCLIST_INJURED,COUNT_MC_KILLED,COUNT_MC_INJURED,PRIMARY_RAMP,SECONDARY_RAMP,LATITUDE,LONGITUDE,COUNTY,CITY,POINT_X,POINT_Y
92891467,2024,2024-07-30,9850,2024-07-18,55,018211,NA,4,3,9,3600,0,2,4,NA,2,056,JOHNSON RD,AMADOR RD,196,N,N,A,-,N,NA,NA,NA,NA,NA,NA,NA,NA,NA,N,3,0,1,2,A,-,11,21956,A,N,G,B,E,A,H,-,D,D,0,Y,NA,NA,NA,Y,NA,N,60,0,1,0,0,1,0,0,0,0,-,-,34.45418930053711,-117.55510711669922,SAN BERNARDINO,UNINCORPORATED,-117.55509185791016,34.45412826538086
9289679,2021,2021-07-27,3609,2021-06-20,0040,02230,RI059,7,5,5,3609,0,0,0,NA,0,002,RIVERSIDE AV,RT 210,45,N,N,A,-,N,NA,NA,210,NA,NA,NA,NA,NA,NA,Y,4,0,2,2,A,-,03,22350,A,N,C,C,A,A,H,-,C,A,0,NA,NA,NA,NA,Y,NA,A,01,0,0,2,0,0,0,0,0,0,-,WO,34.13655090332031,-117.37059020996094,SAN BERNARDINO,RIALTO,-117.3705825805664,34.13602828979492
9291099,2021,2021-07-26,3602,2021-06-22,0752,3978,NA,2,5,5,3602,0,0,0,NA,0,NA,SCHAEFER AV,NORTON AV,0,NA,Y,A,-,N,NA,NA,NA,NA,NA,NA,NA,NA,NA,Y,3,0,1,2,A,-,12,21453,A,N,D,C,A,A,H,-,A,A,0,NA,NA,NA,NA,Y,NA,A,01,0,1,0,0,0,0,0,0,0,-,-,34.00442123413086,-117.71096801757813,SAN BERNARDINO,CHINO,-117.71094512939452,34.00439453125
9291765,2021,2021-07-23,3608,2021-06-10,1325,3675,NA,4,5,5,3608,0,0,0,NA,0,NA,CAJON ST,CYPRESS AV,243,N,N,A,-,N,NA,NA,NA,NA,NA,NA,NA,NA,NA,Y,4,0,3,3,A,-,03,22350,NA,N,C,C,A,A,H,-,A,A,0,NA,NA,NA,NA,Y,NA,A,08,0,0,3,0,0,0,0,0,0,-,-,NA,NA,SAN BERNARDINO,REDLANDS,-117.17693328857422,34.04793167114258
9291942,2021,2021-07-16,3609,2021-06-11,0730,01323,RI181,5,5,5,3609,0,0,0,NA,0,004,VALLEY BL,LILAC AV,0,NA,Y,A,-,N,NA,NA,NA,NA,NA,NA,NA,NA,NA,N,3,0,1,2,A,-,12,21453,A,N,D,C,A,A,H,-,A,A,0,NA,NA,NA,NA,Y,NA,D,22,0,1,0,0,0,0,0,0,0,-,-,34.06999969482422,-117.37899780273438,SAN BERNARDINO,RIALTO,-117.37899017333984,34.070499420166016
9292013,2021,2021-07-16,3600,2021-05-30,1749,G9450,GT001,7,5,3,3690,0,0,0,NA,0,0GT,BARTON RD,VIVIENDA AV,71,S,N,A,-,N,NA,NA,NA,NA,NA,NA,NA,NA,NA,Y,3,0,1,1,A,-,01,23152,A,N,E,I,A,A,H,-,A,A,0,NA,NA,NA,NA,Y,Y,A,01,0,1,0,0,0,0,0,0,0,-,-,NA,NA,SAN BERNARDINO,GRAND TERRACE,-117.32138061523438,34.033878326416016
9292180,2021,2022-08-23,3610,2021-05-17,1359,51045,NA,1,5,6,3610,0,0,0,NA,0,NA,EAST HIGHLAND AV,N MOUNTAIN AV,550,E,N,B,-,N,NA,NA,NA,NA,NA,NA,NA,NA,NA,Y,3,0,1,2,A,-,09,21801,A,N,D,C,A,A,H,-,A,D,0,NA,NA,NA,NA,Y,NA,A,01,0,1,0,0,0,0,0,0,0,-,-,34.135860443115234,-117.25238037109376,SAN BERNARDINO,SAN BERNARDINO,NA,NA
9292192,2021,2021-07-21,3600,2021-06-30,0729,H8994,HE5,3,5,5,3619,0,0,0,NA,0,HE131,MAIN ST,7TH AV,0,NA,Y,A,-,N,NA,NA,NA,NA,NA,NA,NA,NA,NA,Y,4,0,1,2,A,-,12,21453,A,N,D,C,A,A,H,-,A,A,0,NA,NA,NA,NA,Y,NA,A,07,0,0,1,0,0,0,0,0,0,-,-,NA,NA,SAN BERNARDINO,HESPERIA,-117.3156509399414,34.423622131347656
9292201,2021,2021-08-30,3600,2021-07-08,1633,D8573,HE104,4,5,5,3619,0,0,0,NA,0,001,3RD AV,WILLOW ST,0,NA,Y,A,-,N,NA,NA,NA,NA,NA,NA,NA,NA,NA,Y,4,0,1,2,A,-,05,21752,D,F,D,C,A,A,H,-,A,D,0,NA,NA,NA,NA,Y,NA,A,07,0,0,1,0,0,0,0,0,0,-,-,NA,NA,SAN BERNARDINO,HESPERIA,-117.30461120605467,34.431983947753906
9293385,2021,2021-08-04,3600,2021-06-23,1529,H5825,HR128,3,5,5,3619,0,0,0,NA,0,HE1,MAIN ST,HICKORY AV,0,NA,Y,A,-,N,NA,NA,NA,NA,NA,NA,NA,NA,NA,Y,4,0,1,3,A,-,06,21755,A,N,D,C,A,A,H,-,A,D,0,NA,NA,NA,NA,Y,NA,A,01,0,0,1,0,0,0,0,0,0,-,-,NA,NA,SAN BERNARDINO,HESPERIA,-117.32701110839844,34.425865173339844
9293432,2021,2021-08-17,3600,2021-07-03,1917,H6883,HE315,6,5,5,3619,0,0,0,NA,0,HE5,5TH AV,MUSCATEL ST,0,NA,Y,A,-,N,NA,NA,NA,NA,NA,NA,NA,NA,NA,Y,3,0,2,2,A,-,09,21802,A,N,D,C,A,A,H,-,B,A,0,NA,NA,NA,NA,Y,NA,A,01,0,1,1,0,0,0,0,0,0,-,-,NA,NA,SAN BERNARDINO,HESPERIA,-117.3138427734375,34.409671783447266
9293742,2021,2021-08-02,3600,2021-04-16,1326,F6904,RC002,5,5,6,3616,0,0,0,NA,0,RC6,FOOTHILL BL,ETIWANDA AV,0,NA,Y,-,-,NA,NA,NA,NA,NA,NA,NA,NA,NA,NA,Y,3,0,3,2,A,-,12,21453,A,F,D,C,A,A,H,-,A,A,0,NA,NA,NA,NA,Y,NA,A,01,0,2,1,0,0,0,0,0,0,-,-,NA,NA,SAN BERNARDINO,RANCHO CUCAMONGA,-117.52371215820313,34.10619354248047
9293871,2021,2021-08-10,3600,2021-06-17,1143,F4772,VC021,4,5,5,3612,0,0,0,NA,0,VC3,TAMRISK RD,FRANCESCA RD,0,NA,Y,A,-,N,NA,NA,NA,NA,NA,NA,NA,NA,NA,Y,4,0,1,2,A,-,12,22450,A,N,D,C,A,A,H,-,A,A,0,NA,NA,NA,NA,Y,NA,A,07,0,0,1,0,0,0,0,0,0,-,-,NA,NA,SAN BERNARDINO,VICTORVILLE,-117.27278137207033,34.47268295288086
9293958,2021,2021-07-26,3600,2021-05-25,1400,F4772,VC041,2,5,5,3612,0,0,0,NA,0,VC1,LA PAZ DR,7TH ST,148,W,N,A,-,N,NA,NA,NA,NA,NA,NA,NA,NA,NA,Y,4,0,1,2,A,-,09,21804,NA,N,D,C,A,A,H,-,A,D,0,NA,NA,NA,NA,Y,NA,A,01,0,0,1,0,0,0,0,0,0,-,-,NA,NA,SAN BERNARDINO,VICTORVILLE,-117.31315612792967,34.516929626464844
9294620,2021,2021-08-23,3600,2021-07-01,0456,H5175,GT,4,5,3,3690,0,0,0,NA,0,0GT,DE BERRY ST,MICHIGAN AV,359,E,N,A,-,N,NA,NA,NA,NA,NA,NA,NA,NA,NA,Y,3,0,1,2,A,-,03,22350,NA,N,C,E,A,A,H,-,C,D,0,NA,NA,NA,NA,Y,NA,A,01,0,1,0,0,0,0,0,0,0,-,-,NA,NA,SAN BERNARDINO,GRAND TERRACE,-117.32122039794922,34.03025436401367
9294864,2021,2021-09-10,3602,2021-07-20,0752,4125,NA,2,5,5,3602,0,0,0,NA,0,002,CHINO AV,MOUNTAIN AV,58,W,N,A,-,N,NA,NA,NA,NA,NA,NA,NA,NA,NA,N,3,0,1,3,A,-,03,22350,NA,N,C,E,A,A,H,-,A,D,0,NA,NA,NA,Y,Y,NA,A,01,0,1,0,0,0,0,0,0,0,-,-,34.00419998168945,-117.40039825439452,SAN BERNARDINO,CHINO,-117.66763305664063,34.011959075927734
9294865,2021,2021-09-15,3602,2021-07-20,0847,4115,NA,2,5,5,3602,0,0,0,NA,0,002,RIVERSIDE DR,CYPRESS AV,214,W,N,A,-,N,NA,NA,NA,NA,NA,NA,NA,NA,NA,Y,3,0,1,3,A,-,04,21703,NA,N,C,C,A,A,H,-,A,A,0,NA,NA,NA,Y,Y,NA,D,22,0,1,0,0,0,0,0,0,0,-,-,34.01089859008789,-117.3949966430664,SAN BERNARDINO,CHINO,-117.66387176513672,34.019229888916016
9294998,2021,2021-08-19,3609,2021-07-18,1918,01943,RI119,7,5,5,3609,0,0,0,NA,0,001,FOOTHILL BL,LINDEN AV,0,NA,Y,A,-,N,NA,NA,NA,NA,NA,NA,NA,NA,NA,Y,4,0,1,2,A,-,12,21453,A,N,D,C,A,A,H,-,A,A,0,NA,NA,NA,NA,Y,NA,-,-,0,0,1,0,0,0,0,0,0,-,-,34.099998474121094,-117.37999725341795,SAN BERNARDINO,RIALTO,-117.4009017944336,34.10673141479492
9296005,2021,2021-08-02,3600,2021-06-10,1645,H8745,HE321,4,5,5,3619,0,0,0,NA,0,HE5,COTTONWOOD RD,LARCH ST,0,NA,Y,A,-,N,NA,NA,NA,NA,NA,NA,NA,NA,NA,Y,4,0,1,2,A,-,03,22350,NA,N,C,C,A,A,H,-,A,A,0,NA,NA,NA,NA,Y,NA,A,01,0,0,1,0,0,0,0,0,0,-,-,34.388671875,-117.33804321289063,SAN BERNARDINO,HESPERIA,-117.33805084228516,34.388675689697266
9296419,2021,2021-09-14,3603,2021-07-12,2154,4991,CPD,1,5,4,3603,0,0,0,NA,0,002,H ST,10TH ST,100,E,N,A,-,N,NA,NA,NA,NA,NA,NA,NA,NA,NA,Y,3,0,1,2,A,-,00,54075,B,N,A,C,A,A,H,-,C,D,0,NA,NA,NA,NA,Y,NA,A,01,0,1,0,0,0,0,0,0,0,-,-,34.06752014160156,-117.32096862792967,SAN BERNARDINO,COLTON,-117.32064819335938,34.06747817993164
9296466,2021,2021-09-16,3604,2021-07-03,0118,1163,NA,6,5,6,3604,0,0,0,NA,0,NA,SIERRA AV,RT 210,0,NA,Y,A,-,Y,SBD,8,210,-,-,14.668,R,4,E,Y,3,0,1,2,A,-,09,21801,A,N,D,C,A,A,H,-,C,A,0,NA,NA,NA,NA,Y,NA,A,01,0,1,0,0,0,0,0,0,0,-,EF,NA,NA,SAN BERNARDINO,FONTANA,-117.4406280517578,34.136260986328125
9297267,2021,2021-09-03,3600,2021-08-07,1103,G3926,HE301,6,5,5,3619,0,0,0,NA,0,HE3,JOSHUA ST,RT 395,0,NA,Y,A,-,Y,SBD,8,395,-,R,4.517,I,6,N,N,4,0,1,2,A,-,03,22350,NA,N,C,C,A,A,H,-,A,A,0,NA,NA,NA,NA,Y,NA,D,22,0,0,1,0,0,0,0,0,0,-,-,NA,NA,SAN BERNARDINO,HESPERIA,-117.39952850341795,34.407554626464844
9298688,2021,2021-08-13,3608,2021-07-01,1949,4554,NA,4,5,5,3608,0,0,0,NA,0,NA,LUGONIA AV,WABASH AV,0,NA,Y,A,-,N,NA,NA,NA,NA,NA,NA,NA,NA,NA,N,3,0,1,2,A,-,08,22107,NA,N,G,B,B,A,H,-,A,A,0,Y,NA,NA,NA,Y,NA,A,01,0,1,0,0,1,0,0,0,0,-,-,NA,NA,SAN BERNARDINO,REDLANDS,-117.13890838623048,34.07011032104492
9298692,2021,2021-08-13,3608,2021-07-03,1816,4876,3608,6,5,5,3608,0,0,0,NA,0,NA,LUGONIA AV,ORANGE ST,0,NA,Y,A,-,N,NA,NA,NA,NA,NA,NA,NA,NA,NA,Y,3,0,2,2,A,-,12,21453,NA,N,D,C,A,A,H,-,A,A,0,NA,NA,NA,NA,Y,NA,A,01,0,1,1,0,0,0,0,0,0,-,-,NA,NA,SAN BERNARDINO,REDLANDS,-117.18247985839844,34.070030212402344
9299776,2021,2021-09-02,3604,2021-07-23,1251,925,NA,5,5,6,3604,0,0,0,NA,0,NA,LYTLE CREEK RD,SIERRA AV,2651,W,N,A,-,N,NA,NA,NA,NA,NA,NA,NA,NA,NA,Y,3,0,1,1,A,-,03,22350,NA,N,E,I,A,A,H,-,A,A,0,NA,NA,NA,NA,Y,NA,A,01,0,1,0,0,0,0,0,0,0,-,-,NA,NA,SAN BERNARDINO,FONTANA,-117.44418334960938,34.180503845214844
9299882,2021,2021-09-20,3604,2021-07-23,1552,925,NA,5,5,6,3604,0,0,0,NA,0,NA,SIERRA AV,SLOVER AV,431,S,N,A,-,NA,NA,NA,NA,NA,NA,NA,NA,NA,NA,N,4,0,3,4,A,-,03,22350,NA,N,B,C,A,A,H,-,A,A,0,NA,NA,NA,NA,Y,NA,A,01,0,0,3,0,0,0,0,0,0,-,-,NA,NA,SAN BERNARDINO,FONTANA,-117.43567657470705,34.061920166015625
9300208,2021,2021-08-16,3603,2021-07-14,2330,4813,CPD,3,5,4,3603,0,0,0,NA,0,002,N LA CADENA DR,E VALLEY BL,0,NA,Y,A,-,N,NA,NA,NA,NA,NA,NA,NA,NA,NA,N,4,0,1,2,A,-,09,21801,A,N,D,C,A,A,H,-,C,A,0,NA,NA,NA,NA,Y,NA,D,22,0,0,1,0,0,0,0,0,0,-,-,34.06686019897461,-117.32433319091795,SAN BERNARDINO,COLTON,-117.32432556152344,34.066871643066406
9300253,2021,2021-08-09,3610,2021-05-17,0239,51268,NA,1,5,6,3610,0,0,0,NA,0,CHARLI,N VALENCIA AV,E 23RD ST,60,S,N,A,-,N,NA,NA,NA,NA,NA,NA,NA,NA,NA,Y,3,0,1,3,A,-,08,22107,NA,M,B,C,A,A,H,-,C,D,0,NA,NA,NA,NA,Y,Y,A,01,0,1,0,0,0,0,0,0,0,-,-,NA,NA,SAN BERNARDINO,SAN BERNARDINO,-117.2725830078125,34.13676452636719
9300929,2021,2021-08-17,3610,2021-05-31,1630,51233,NA,1,5,6,3610,0,0,0,NA,0,BAKER,W BASELINE ST,RT 215,3,W,N,A,-,Y,SBD,8,215,-,-,8.611,R,4,S,Y,3,0,1,1,A,-,03,22350,NA,N,E,I,A,A,H,-,A,A,0,NA,NA,NA,NA,Y,NA,A,01,0,1,0,0,0,0,0,0,0,-,SO,34.12144088745117,-117.30262756347656,SAN BERNARDINO,SAN BERNARDINO,-117.30384063720705,34.128902435302734
9301010,2021,2021-08-24,3610,2021-06-11,0730,51172,NA,5,5,6,3610,0,0,0,NA,0,POLICE,WEST HIGHLAND AV,N D ST,0,NA,Y,A,-,N,NA,NA,NA,NA,NA,NA,NA,NA,NA,Y,3,0,4,3,A,-,12,21453,A,N,D,C,A,A,H,-,A,A,0,NA,NA,NA,NA,Y,Y,A,07,0,1,3,0,0,0,0,0,0,-,-,34.13597869873047,-117.29193115234376,SAN BERNARDINO,SAN BERNARDINO,-117.29190063476563,34.135982513427734
9301487,2021,2021-09-14,3600,2021-07-28,1309,F8945,VC013,3,5,5,3612,0,0,0,NA,0,VC4,AMARGOSA RD,BEAR VALLEY RD,1162,N,N,A,-,N,NA,NA,NA,NA,NA,NA,NA,NA,NA,N,3,0,1,2,A,-,08,22107,NA,N,H,B,A,A,H,-,A,D,0,NA,Y,NA,NA,Y,NA,L,04,0,1,0,0,0,0,1,0,0,-,-,NA,NA,SAN BERNARDINO,VICTORVILLE,-117.34568786621094,34.47205352783203
9301527,2021,2021-09-14,3610,2021-07-19,0557,51261,NA,1,5,6,3610,0,0,0,NA,0,DAVID,SOUTH WATERMAN AV,E CENTRAL AV,0,NA,Y,A,-,N,NA,NA,NA,NA,NA,NA,NA,NA,NA,Y,3,0,1,2,A,-,12,21453,A,F,D,C,A,A,H,-,B,A,0,NA,NA,NA,NA,Y,NA,A,01,0,1,0,0,0,0,0,0,0,-,-,34.08600997924805,-117.27880096435548,SAN BERNARDINO,SAN BERNARDINO,-117.27881622314452,34.08597946166992
9301532,2021,2021-09-21,3610,2021-07-16,1915,51118,NA,5,5,6,3610,0,0,0,NA,0,ADAM,W 7TH ST,MT VERNON AV,190,E,N,A,-,N,NA,NA,NA,NA,NA,NA,NA,NA,NA,Y,4,0,1,2,A,-,08,22107,NA,N,B,C,A,A,H,-,A,D,0,NA,NA,NA,NA,Y,NA,A,01,0,0,1,0,0,0,0,0,0,-,-,34.11206817626953,-117.31382751464844,SAN BERNARDINO,SAN BERNARDINO,-117.31321716308594,34.112060546875
9301536,2021,2021-09-15,3610,2021-07-15,2500,51326,NA,4,5,6,3610,0,0,0,NA,0,BAKER,E BASELINE ST,N SIERRA WAY,0,NA,Y,A,-,N,NA,NA,NA,NA,NA,NA,NA,NA,NA,Y,4,0,1,2,A,-,09,21453,C,F,D,C,A,A,H,-,A,A,0,NA,NA,NA,NA,Y,NA,A,07,0,0,1,0,0,0,0,0,0,-,-,34.12133026123047,-117.2851333618164,SAN BERNARDINO,SAN BERNARDINO,-117.28514862060548,34.121341705322266
9301621,2021,2021-10-18,3602,2021-07-24,1000,3984,46,6,5,5,3602,0,0,0,NA,0,001,RIVERSIDE,YORBA AV,12,W,N,A,-,N,NA,NA,NA,NA,NA,NA,NA,NA,NA,N,3,0,1,2,A,-,09,21801,A,N,D,C,A,A,H,-,A,A,0,NA,NA,NA,NA,Y,NA,D,22,0,1,0,0,0,0,0,0,0,-,-,34.018959045410156,-117.702392578125,SAN BERNARDINO,CHINO,-117.70242309570313,34.018978118896484
9301692,2021,2021-10-11,3600,2021-08-15,0013,F5107,AP018,7,5,5,3621,0,0,0,NA,0,AP4,MESQUITE RD,SITTING BULL RD,212,N,N,A,-,N,NA,NA,NA,NA,NA,NA,NA,NA,NA,Y,1,1,0,1,A,-,03,22350,NA,N,E,I,A,A,H,-,C,D,0,NA,NA,Y,NA,Y,NA,C,02,0,0,0,0,0,0,0,1,0,-,-,NA,NA,SAN BERNARDINO,APPLE VALLEY,-117.16391754150392,34.48500061035156
9302260,2021,2021-08-19,3610,2021-06-01,0927,50360,NA,2,5,6,3610,0,0,0,NA,0,POLICE,W 3RD ST,NORTH SIERRA WY,0,NA,Y,A,-,N,NA,NA,NA,NA,NA,NA,NA,NA,NA,Y,3,0,2,2,A,-,12,21453,A,N,D,C,A,A,H,-,A,A,0,NA,NA,NA,NA,Y,NA,A,01,0,1,1,0,0,0,0,0,0,-,-,34.10456848144531,-117.2851333618164,SAN BERNARDINO,SAN BERNARDINO,-117.28512573242188,34.104591369628906
9302277,2021,2021-09-07,3603,2021-07-18,2314,4817,CPD,7,5,4,3603,0,0,0,NA,0,003,LA CADENA DR,LA LOMA DR,296,N,N,A,-,N,NA,NA,NA,NA,NA,NA,NA,NA,NA,Y,2,0,1,2,A,-,01,23152,A,N,C,E,A,A,H,-,C,A,0,NA,NA,NA,Y,Y,Y,A,01,1,0,0,0,0,0,0,0,0,-,-,34.02811050415039,-117.33550262451172,SAN BERNARDINO,COLTON,-117.33502960205078,34.02815628051758
9302370,2021,2021-08-12,3600,2021-03-19,0450,G6446,RC074,5,5,6,3616,0,0,0,NA,0,006,FOOTHILL BL,ROCHESTER AV,0,NA,Y,A,-,N,NA,NA,NA,NA,NA,NA,NA,NA,NA,Y,4,0,1,2,A,-,03,22350,NA,N,C,C,A,A,H,-,C,A,0,NA,NA,NA,NA,Y,NA,A,01,0,0,1,0,0,0,0,0,0,-,-,NA,NA,SAN BERNARDINO,RANCHO CUCAMONGA,-117.5456314086914,34.106300354003906
9302414,2021,2021-08-17,3610,2021-06-13,1459,51155,NA,7,5,6,3610,0,0,0,NA,0,ADAM,S EUCALYPTUS AV,W MILL ST,0,NA,Y,A,-,N,NA,NA,NA,NA,NA,NA,NA,NA,NA,Y,2,0,1,2,A,-,12,21453,A,N,D,C,A,A,H,-,A,A,0,NA,NA,Y,NA,Y,NA,C,06,1,0,0,0,0,0,0,0,1,-,-,34.092288970947266,-117.35723876953124,SAN BERNARDINO,SAN BERNARDINO,-117.357236,34.092302
9302612,2021,2021-09-01,3603,2021-07-29,0431,4012,CPD,4,5,4,3603,0,0,0,NA,0,004,WASHINGTON ST,MOUNT VERNON AV,130,E,N,A,-,N,NA,NA,NA,NA,NA,NA,NA,NA,NA,N,4,0,1,2,A,-,05,21651,A,N,A,C,A,A,H,-,C,D,0,NA,NA,NA,NA,Y,NA,A,01,0,0,1,0,0,0,0,0,0,-,-,34.0483283996582,-117.30924224853516,SAN BERNARDINO,COLTON,-117.306396484375,34.047245025634766
9302766,2021,2021-08-24,3600,2021-03-01,0905,F6904,RC037,1,5,6,3616,0,0,0,NA,0,RC4,ARROW RTE,BUSINESS CENTER DR,0,NA,Y,A,-,N,NA,NA,NA,NA,NA,NA,NA,NA,NA,Y,3,0,1,2,A,-,09,21804,A,F,D,C,A,A,H,-,A,A,0,NA,NA,NA,NA,Y,NA,D,22,0,1,0,0,0,0,0,0,0,-,-,NA,NA,SAN BERNARDINO,RANCHO CUCAMONGA,-117.59735107421876,34.099308013916016
9303061,2021,2021-10-16,3600,2021-07-21,2054,G7654,YC105,3,5,4,3640,0,0,0,NA,0,YC1,FIR AV,BRYANT ST,0,NA,Y,A,-,N,NA,NA,NA,NA,NA,NA,NA,NA,NA,Y,3,0,1,2,A,-,03,22350,NA,N,C,C,A,A,H,-,C,A,0,NA,NA,NA,NA,Y,Y,-,NA,0,1,0,0,0,0,0,0,0,-,-,NA,NA,SAN BERNARDINO,YUCAIPA,-117.03443908691406,34.0556755065918
93050970,2024,2024-07-31,9850,2024-07-21,1310,021675,NA,7,1,5,3619,0,1,1,NA,2,082,I-15 S/B,MAIN ST,1056,S,N,A,-,Y,SBD,NA,15,NA,NA,33.801,H,NA,L,N,4,0,2,2,A,-,03,22350,NA,N,C,C,A,A,D,-,A,D,0,NA,NA,NA,NA,Y,NA,A,01,0,0,2,0,0,0,0,0,0,-,-,34.424320220947266,-117.38237762451172,SAN BERNARDINO,HESPERIA,-117.38242340087892,34.42434310913086
9307294,2021,2021-09-02,3610,2021-06-16,1120,51277,NA,3,5,6,3610,0,0,0,NA,0,BAKER,N PINE AV,W IRVINGTON AV,0,NA,Y,A,-,N,NA,NA,NA,NA,NA,NA,NA,NA,NA,Y,3,0,2,1,A,-,03,22350,I,N,E,I,A,-,H,-,A,D,0,NA,NA,NA,NA,Y,NA,A,01,0,1,1,0,0,0,0,0,0,-,-,34.1904296875,-117.3460693359375,SAN BERNARDINO,SAN BERNARDINO,-117.34609985351563,34.190425872802734
9309615,2021,2021-08-23,3610,2021-06-11,1502,51155,NA,5,5,6,3610,0,0,0,NA,0,POLICE,W 19TH ST,FLORES ST,365,W,N,A,-,N,NA,NA,NA,NA,NA,NA,NA,NA,NA,Y,4,0,1,3,A,-,08,22107,NA,N,C,E,A,A,H,-,A,D,0,NA,NA,NA,NA,Y,Y,A,01,0,0,1,0,0,0,0,0,0,-,-,34.133480072021484,-117.32843780517578,SAN BERNARDINO,SAN BERNARDINO,-117.328125,34.13233184814453
9312790,2021,2021-08-31,3600,2021-06-30,1219,F4772,VC024,3,5,5,3612,0,0,0,NA,0,VC3,HESPERIA RD,WINONA ST,0,NA,Y,A,-,N,NA,NA,NA,NA,NA,NA,NA,NA,NA,Y,4,0,1,3,A,-,09,21801,A,N,D,C,A,A,H,-,A,A,0,NA,NA,NA,NA,Y,NA,A,01,0,0,1,0,0,0,0,0,0,-,-,NA,NA,SAN BERNARDINO,VICTORVILLE,-117.29132080078124,34.48916244506836
9314359,2021,2021-09-01,3604,2021-08-02,1548,769,3604,1,5,6,3604,0,0,0,NA,0,002,MILLER AV,OLEANDER AV,0,NA,Y,A,-,N,NA,NA,NA,NA,NA,NA,NA,NA,NA,Y,3,0,3,3,A,-,12,22450,A,N,D,C,A,A,H,-,A,A,0,NA,NA,NA,NA,Y,NA,A,01,0,1,2,0,0,0,0,0,0,-,-,NA,NA,SAN BERNARDINO,FONTANA,-117.4489288330078,34.113861083984375
9315106,2021,2021-10-18,3603,2021-08-09,1906,4916,CPD,1,5,4,3603,0,0,0,NA,0,002,HOLLY AV,LAUREL ST,450,N,N,A,-,N,NA,NA,NA,NA,NA,NA,NA,NA,NA,N,4,0,1,2,A,-,21,22106,NA,N,D,C,A,A,H,-,B,D,0,NA,NA,NA,NA,Y,NA,A,01,0,0,1,0,0,0,0,0,0,-,-,34.08163070678711,-117.3128662109375,SAN BERNARDINO,COLTON,-117.31263732910156,34.08149337768555
9315138,2021,2021-09-01,3600,2021-06-20,1326,G4522,RC027,7,5,6,3616,0,0,0,NA,0,RC2,ARCHIBALD AV,HIGHLAND AV,0,NA,Y,A,-,N,NA,NA,NA,NA,NA,NA,NA,NA,NA,Y,3,0,1,3,A,-,12,21453,NA,N,D,C,A,A,H,-,A,A,0,NA,NA,NA,NA,Y,NA,A,07,0,1,0,0,0,0,0,0,0,-,-,NA,NA,SAN BERNARDINO,RANCHO CUCAMONGA,-117.59344482421876,34.13602828979492
9315157,2021,2021-09-09,3610,2021-07-10,2500,51264,NA,6,5,6,3610,0,0,0,NA,0,COURTE,N VALENCIA AV,W 29TH ST,150,S,N,A,-,N,NA,NA,NA,NA,NA,NA,NA,NA,NA,Y,2,0,1,2,A,-,08,22107,NA,N,C,E,A,A,H,-,A,D,0,NA,NA,NA,NA,Y,NA,A,01,1,0,0,0,0,0,0,0,0,-,-,34.14236068725586,-117.27249145507813,SAN BERNARDINO,SAN BERNARDINO,-117.27256774902344,34.14357376098633
9315405,2021,2021-09-10,3610,2021-07-06,1740,51310,NA,2,5,6,3610,0,0,0,NA,0,POLICE,W 30TH ST,N MOUNTAIN VIEW ST,0,NA,Y,A,-,N,NA,NA,NA,NA,NA,NA,NA,NA,NA,N,3,0,1,2,A,-,12,21453,A,F,D,C,A,A,H,-,A,A,0,NA,NA,NA,NA,Y,NA,A,01,0,1,0,0,0,0,0,0,0,-,-,NA,NA,SAN BERNARDINO,SAN BERNARDINO,-117.28739166259766,34.145992279052734
9315409,2021,2021-09-10,3610,2021-07-09,0451,51354,NA,5,5,6,3610,0,0,0,NA,0,POLICE,N MACY ST,W ADAMS ST,173,N,N,A,-,N,NA,NA,NA,NA,NA,NA,NA,NA,NA,Y,4,0,1,2,A,-,08,22107,NA,M,E,I,F,A,A,H,A,D,0,Y,NA,NA,NA,Y,NA,A,01,0,0,1,0,1,0,0,0,0,-,-,34.136070251464844,-117.3398208618164,SAN BERNARDINO,SAN BERNARDINO,-117.33985137939452,34.137935638427734