CASE_ID,ACCIDENT_YEAR,PROC_DATE,JURIS,COLLISION_DATE,COLLISION_TIME,OFFICER_ID,REPORTING_DISTRICT,DAY_OF_WEEK,CHP_SHIFT,POPULATION,CNTY_CITY_LOC,SPECIAL_COND,BEAT_TYPE,CHP_BEAT_TYPE,CITY_DIVISION_LAPD,CHP_BEAT_CLASS,BEAT_NUMBER,PRIMARY_RD,SECONDARY_RD,DISTANCE,DIRECTION,INTERSECTION,WEATHER_1,WEATHER_2,STATE_HWY_IND,CALTRANS_COUNTY,CALTRANS_DISTRICT,STATE_ROUTE,ROUTE_SUFFIX,POSTMILE_PREFIX,POSTMILE,LOCATION_TYPE,RAMP_INTERSECTION,SIDE_OF_HWY,TOW_AWAY,COLLISION_SEVERITY,NUMBER_KILLED,NUMBER_INJURED,PARTY_COUNT,PRIMARY_COLL_FACTOR,PCF_CODE_OF_VIOL,PCF_VIOL_CATEGORY,PCF_VIOLATION,PCF_VIOL_SUBSECTION,HIT_AND_RUN,TYPE_OF_COLLISION,MVIW,PED_ACTION,ROAD_SURFACE,ROAD_COND_1,ROAD_COND_2,LIGHTING,CONTROL_DEVICE,CHP_ROAD_TYPE,PEDESTRIAN_ACCIDENT,BICYCLE_ACCIDENT,MOTORCYCLE_ACCIDENT,TRUCK_ACCIDENT,NOT_PRIVATE_PROPERTY,ALCOHOL_INVOLVED,STWD_VEHTYPE_AT_FAULT,CHP_VEHTYPE_AT_FAULT,COUNT_SEVERE_INJ,COUNT_VISIBLE_INJ,COUNT_COMPLAINT_PAIN,COUNT_PED_KILLED,COUNT_PED_INJURED,COUNT_BICYCLIST_KILLED,COUNT_BICYCLIST_INJURED,COUNT_MC_KILLED,COUNT_MC_INJURED,PRIMARY_RAMP,SECONDARY_RAMP,LATITUDE,LONGITUDE,COUNTY,CITY,POINT_X,POINT_Y
9389351,2021,2022-02-10,3610,2021-12-23,1103,50582,NA,4,5,6,3610,0,0,0,NA,0,POLICE,N E ST,E 6TH ST,0,NA,Y,B,C,N,NA,NA,NA,NA,NA,NA,NA,NA,NA,N,3,0,1,2,A,-,12,21453,A,N,D,C,A,B,H,-,A,A,0,NA,NA,Y,NA,Y,NA,-,-,0,1,0,0,0,0,0,0,0,-,-,34.110469818115234,-117.29460906982422,SAN BERNARDINO,SAN BERNARDINO,-117.29415130615234,34.110172271728516
9389498,2021,2022-01-27,3610,2021-12-31,0907,50967,NA,5,5,6,3610,0,0,0,NA,0,POLICE,W 2ND ST,N E ST,32,W,N,A,-,N,NA,NA,NA,NA,NA,NA,NA,NA,NA,N,4,0,2,2,A,-,21,22106,NA,N,C,C,A,A,H,-,A,A,0,NA,NA,NA,NA,Y,NA,A,01,0,0,2,0,0,0,0,0,0,-,-,34.102840423583984,-117.29431915283205,SAN BERNARDINO,SAN BERNARDINO,-117.29430389404295,34.102821350097656
9389621,2021,2022-01-20,3600,2021-09-21,1258,H8340,NE006,2,5,2,3606,0,0,0,NA,0,NE1,J ST,RT 40,0,NA,Y,A,-,Y,SBD,8,40,-,R,142.267,R,4,W,N,3,0,2,2,A,-,04,21703,NA,N,C,C,A,A,H,-,A,D,0,NA,NA,NA,NA,Y,NA,-,NA,0,2,0,0,0,0,0,0,0,-,WO,34.839988708496094,-114.61096954345705,SAN BERNARDINO,NEEDLES,-114.61199188232422,34.84114456176758
9389720,2021,2022-01-19,3605,2021-12-15,1653,272,NA,3,5,4,3605,0,0,0,NA,0,NA,KINGSLEY ST,LEHIGH AV,260,W,N,A,-,N,NA,NA,NA,NA,NA,NA,NA,NA,NA,Y,4,0,1,2,A,-,04,21703,NA,N,C,C,A,A,H,-,C,D,0,NA,NA,NA,NA,Y,NA,A,01,0,0,1,0,0,0,0,0,0,-,-,NA,NA,SAN BERNARDINO,MONTCLAIR,-117.71065521240234,34.066810607910156
9389756,2021,2022-01-21,3610,2021-12-15,2215,51304,NA,3,5,6,3610,0,0,0,NA,0,POLICE,E BASE LINE ST,NORTH SIERRA WY,36,W,N,A,-,N,NA,NA,NA,NA,NA,NA,NA,NA,NA,N,4,0,1,2,A,-,03,22350,NA,F,C,C,A,A,H,-,C,A,0,NA,NA,NA,NA,Y,NA,A,01,0,0,1,0,0,0,0,0,0,-,-,34.12160110473633,-117.28476715087892,SAN BERNARDINO,SAN BERNARDINO,-117.28527069091795,34.121341705322266
9390205,2021,2022-01-21,3605,2021-12-13,1414,378,3605,1,5,4,3605,0,0,0,NA,0,NA,CENTRAL AV,EL MORADO ST,67,S,N,B,-,N,NA,NA,NA,NA,NA,NA,NA,NA,NA,N,4,0,1,2,A,-,04,21703,NA,N,C,C,A,A,H,-,A,A,0,NA,NA,NA,NA,Y,NA,E,22,0,0,1,0,0,0,0,0,0,-,-,NA,NA,SAN BERNARDINO,MONTCLAIR,-117.68962860107422,34.071598052978516
9390869,2021,2022-01-27,3600,2021-12-23,1919,H5825,HE129,4,5,5,3619,0,0,0,NA,0,HE5,MAIN ST,11TH AV,593,E,N,C,-,N,NA,NA,NA,NA,NA,NA,NA,NA,NA,Y,4,0,1,2,A,-,08,22107,NA,N,D,D,A,B,H,-,C,D,0,NA,NA,NA,NA,Y,NA,A,01,0,0,1,0,0,0,0,0,0,-,-,NA,NA,SAN BERNARDINO,HESPERIA,-117.32317352294922,34.424720764160156
9392897,2021,2022-02-14,3600,2021-11-11,1925,15415,AP012,4,5,5,3621,0,0,0,NA,0,AP2,CENTRAL RD,THUNDERBIRD RD,0,NA,Y,A,-,N,NA,NA,NA,NA,NA,NA,NA,NA,NA,Y,2,0,3,2,A,-,09,21802,A,N,D,C,A,A,H,-,C,D,0,NA,NA,NA,NA,Y,NA,A,01,1,0,2,0,0,0,0,0,0,-,-,NA,NA,SAN BERNARDINO,APPLE VALLEY,-117.17294311523438,34.52961730957031
9393518,2022,2022-02-03,3610,2022-01-20,0850,51363,NA,4,5,6,3610,0,0,0,NA,0,POLICE,E HOSPITALITY LN,CARNEGIE DR,400,E,N,A,-,N,NA,NA,NA,NA,NA,NA,NA,NA,NA,N,4,0,1,1,B,-,22,NA,NA,N,E,I,A,A,H,-,A,D,0,NA,NA,NA,NA,Y,NA,A,01,0,0,1,0,0,0,0,0,0,-,-,34.06502914428711,-117.27195739746094,SAN BERNARDINO,SAN BERNARDINO,-117.26739501953124,34.06903839111328
9395418,2021,2022-01-27,3604,2021-10-31,1250,1400,NA,7,5,6,3604,0,0,0,NA,0,003,POPLAR AV,RANDALL AV,0,NA,Y,A,-,N,NA,NA,NA,NA,NA,NA,NA,NA,NA,Y,3,0,2,2,A,-,12,22450,A,N,D,C,A,A,H,-,A,D,0,NA,NA,NA,NA,Y,NA,A,01,0,2,0,0,0,0,0,0,0,-,-,NA,NA,SAN BERNARDINO,FONTANA,-117.46240997314452,34.084781646728516
9400617,2022,2022-02-15,3604,2022-01-20,1603,1395,NA,4,5,6,3604,0,0,0,NA,0,NA,SLOVER AV,SIERRA AV,530,E,N,A,-,N,NA,NA,NA,NA,NA,NA,NA,NA,NA,Y,3,0,1,2,A,-,09,21801,A,N,D,C,A,A,H,-,A,A,0,NA,NA,NA,NA,Y,NA,A,01,0,1,0,0,0,0,0,0,0,-,-,NA,NA,SAN BERNARDINO,FONTANA,-117.43398284912108,34.0631103515625
9400780,2022,2022-02-16,3605,2022-01-08,1928,442,NA,6,5,4,3605,0,0,0,NA,0,NA,MORENO ST,VERNON AV,0,NA,Y,A,-,N,NA,NA,NA,NA,NA,NA,NA,NA,NA,Y,4,0,5,5,A,-,08,22107,NA,N,A,C,A,A,H,-,C,A,0,NA,NA,NA,NA,Y,NA,A,01,0,0,5,0,0,0,0,0,0,-,-,NA,NA,SAN BERNARDINO,MONTCLAIR,-117.6863250732422,34.0887336730957
9401333,2022,2022-04-06,3600,2022-01-28,2143,I4829,066,5,5,5,3612,0,0,0,NA,0,VC4,RT 395,EUCALYPTUS ST,1022,S,N,A,-,Y,SBD,8,395,-,-,7.63,H,-,S,Y,3,0,1,4,A,-,08,22107,NA,N,A,C,A,A,H,-,D,D,0,NA,NA,NA,Y,Y,NA,A,01,0,1,0,0,0,0,0,0,0,-,-,34.45296096801758,-117.39971923828124,SAN BERNARDINO,VICTORVILLE,-117.39966583251952,34.45584487915039
9402030,2021,2022-03-01,3600,2021-12-04,1702,C9389,RC028,6,5,6,3616,0,0,0,NA,0,RC2,LONDON AV,HOLLY ST,0,NA,Y,A,-,N,NA,NA,NA,NA,NA,NA,NA,NA,NA,Y,3,0,1,2,A,-,03,22350,NA,N,A,E,A,A,H,-,C,D,0,NA,NA,NA,NA,Y,NA,A,01,0,1,0,0,0,0,0,0,0,-,-,34.129859924316406,-117.59145355224608,SAN BERNARDINO,RANCHO CUCAMONGA,-117.59140777587892,34.130149841308594
94020891,2024,2024-08-12,9834,2024-08-02,305,018921,NA,5,3,9,3600,0,1,1,NA,2,042,I-40 W/B,40 SBD 110.00,785,E,N,B,C,Y,SBD,NA,40,NA,R,110.15,H,NA,L,Y,3,0,2,2,D,-,00,NA,NA,N,E,I,A,B,H,-,D,D,0,NA,NA,NA,Y,Y,NA,-,-,0,2,0,0,0,0,0,0,0,-,-,34.81898880004883,-115.13873291015624,SAN BERNARDINO,UNINCORPORATED,-115.13872528076172,34.81895446777344
9402567,2022,2022-02-10,3603,2022-01-15,0930,4861,CPD,6,5,4,3603,0,0,0,NA,0,003,W AGUA MANSA RD,MIGUEL BUSTAMANTE PKWY,2640,E,N,A,-,N,NA,NA,NA,NA,NA,NA,NA,NA,NA,Y,3,0,1,1,A,-,05,21650,NA,N,E,I,A,A,H,-,A,D,0,NA,NA,NA,NA,Y,NA,A,01,0,1,0,0,0,0,0,0,0,-,-,34.049468994140625,-117.35389709472656,SAN BERNARDINO,COLTON,-117.3573760986328,34.047645568847656
9402659,2022,2022-02-09,3600,2022-01-30,1515,F8247,HE123,7,5,5,3619,0,0,0,NA,0,HE1,WILLOW ST,ELEVENTH AV,0,NA,Y,A,-,N,NA,NA,NA,NA,NA,NA,NA,NA,NA,N,4,0,1,2,A,-,09,21801,A,N,D,C,A,A,H,-,A,A,0,NA,NA,NA,NA,Y,NA,A,01,0,0,1,0,0,0,0,0,0,-,-,NA,NA,SAN BERNARDINO,HESPERIA,-117.3230438232422,34.4347038269043
9404199,2021,2022-02-09,3600,2021-12-26,2136,C8720,AD315,7,5,3,3613,0,0,0,NA,0,AD2,BELLFLOWER ST,SENECA RD,0,NA,Y,A,-,N,NA,NA,NA,NA,NA,NA,NA,NA,NA,Y,4,0,1,2,A,-,09,21800,A,N,D,C,A,A,H,-,C,A,0,NA,NA,NA,NA,Y,NA,A,01,0,0,1,0,0,0,0,0,0,-,-,NA,NA,SAN BERNARDINO,ADELANTO,-117.41697692871094,34.513973236083984
9404622,2021,2022-02-16,3600,2021-11-02,0740,I2280,AD304,2,5,3,3613,0,0,0,NA,0,AD02,RT 395,RANCHO RD,0,NA,Y,A,-,N,NA,NA,NA,NA,NA,NA,NA,NA,NA,Y,2,0,2,2,A,-,12,21453,A,N,D,C,A,A,H,-,A,A,0,NA,NA,NA,NA,Y,NA,A,01,2,0,0,0,0,0,0,0,0,-,-,NA,NA,SAN BERNARDINO,ADELANTO,-121.3730010986328,37.758060455322266
9405463,2022,2022-02-10,3600,2022-01-24,1518,H9022,BL207,1,5,2,3680,0,0,0,NA,0,BL2,GARSTIN DR,GARSTIN DR 41970,0,NA,Y,A,-,N,NA,NA,NA,NA,NA,NA,NA,NA,NA,N,4,0,1,2,A,-,03,22350,NA,N,G,B,E,A,H,-,A,D,0,Y,NA,NA,NA,Y,NA,N,60,0,0,1,0,1,0,0,0,0,-,-,34.246070861816406,-116.88641357421876,SAN BERNARDINO,BIG BEAR LAKE,NA,NA
9406022,2022,2022-05-25,3600,2022-03-24,1707,D6902,TW004,4,5,3,3617,0,0,0,NA,0,TW1,TWENTYNINE PALMS HWY,ADOBE RD,0,NA,Y,A,-,Y,SBD,8,62,-,-,33.208,I,5,W,N,4,0,1,2,A,-,10,21950,A,F,G,B,B,A,H,-,B,A,0,Y,NA,NA,NA,Y,NA,-,99,0,0,1,0,1,0,0,0,0,-,-,34.13570022583008,-116.05460357666016,SAN BERNARDINO,TWENTYNINE PALMS,-116.05438995361328,34.135623931884766
9406072,2021,2022-02-17,3600,2021-11-02,0554,G6918,VC022,2,5,5,3612,0,0,0,NA,0,VC3,HESPERIA RD,NISQUALLI RD,39,S,N,A,-,N,NA,NA,NA,NA,NA,NA,NA,NA,NA,Y,3,0,2,2,A,-,03,22350,NA,N,C,C,A,A,H,-,C,A,0,NA,NA,NA,NA,Y,NA,J,48,0,1,1,0,0,0,0,0,0,-,-,34.48558044433594,-117.28988647460938,SAN BERNARDINO,VICTORVILLE,-117.2901611328125,34.48539352416992
9406322,2021,2022-02-18,3600,2021-05-19,1130,H8986,VV267,3,5,3,3613,0,0,0,NA,0,AD02,MOJAVE DR,JONATHAN ST,25,E,N,B,C,N,NA,NA,NA,NA,NA,NA,NA,NA,NA,N,4,0,1,2,A,-,03,22350,NA,N,C,C,A,B,H,-,A,A,0,NA,NA,NA,NA,Y,NA,A,01,0,0,1,0,0,0,0,0,0,-,-,NA,NA,SAN BERNARDINO,ADELANTO,-117.40808868408205,34.528499603271484
9406360,2021,2022-05-10,3600,2021-09-23,1645,H7590,AD310,4,5,3,3613,0,0,0,NA,0,AD2,BONANZA RD,VERBENA RD,0,NA,Y,A,-,N,NA,NA,NA,NA,NA,NA,NA,NA,NA,Y,4,0,1,2,A,-,-,NA,NA,N,A,C,A,A,H,-,A,D,0,NA,NA,NA,NA,Y,NA,-,NA,0,0,1,0,0,0,0,0,0,-,-,NA,NA,SAN BERNARDINO,ADELANTO,-117.42591857910156,34.5265007019043
9406721,2022,2022-03-11,3608,2022-02-09,1503,4345,SANBE,3,5,5,3608,0,0,0,NA,0,NA,CAJON AV,OLIVE ST,0,NA,Y,A,-,N,NA,NA,NA,NA,NA,NA,NA,NA,NA,Y,3,0,3,2,A,-,12,21453,A,N,D,C,A,A,H,-,A,A,0,NA,NA,NA,NA,Y,NA,A,01,0,1,2,0,0,0,0,0,0,-,-,NA,NA,SAN BERNARDINO,REDLANDS,-117.1812744140625,34.053409576416016
9407234,2022,2022-03-14,3608,2022-01-25,1948,5007,SB,2,5,5,3608,0,0,0,NA,0,CENTRA,TEXAS ST,BROCKTON AV,0,NA,Y,A,-,N,NA,NA,NA,NA,NA,NA,NA,NA,NA,N,3,0,1,2,A,-,09,21802,NA,N,D,C,A,A,H,-,C,D,0,NA,NA,NA,NA,Y,NA,D,22,0,1,0,0,0,0,0,0,0,-,-,NA,NA,SAN BERNARDINO,REDLANDS,-117.1912078857422,34.06644058227539
94080861,2024,2024-08-12,9860,2024-08-07,745,019429,NA,3,1,6,3610,0,1,1,NA,2,214,I-215 S/B,5TH ST,1056,S,N,A,-,Y,SBD,NA,215,NA,NA,7.001,H,NA,L,N,4,0,1,2,A,-,03,22350,NA,N,C,C,A,A,H,-,A,D,0,NA,NA,NA,NA,Y,NA,A,07,0,0,1,0,0,0,0,0,0,-,-,34.105438232421875,-117.3024673461914,SAN BERNARDINO,SAN BERNARDINO,-117.30241394042967,34.105445861816406
9409273,2022,2022-03-04,3603,2022-02-05,1701,4861,CPD,6,5,4,3603,0,0,0,NA,0,004,E WASHINGTON ST,S RECHE CANYON RD,150,W,N,A,-,N,NA,NA,NA,NA,NA,NA,NA,NA,NA,N,4,0,5,2,A,-,03,22350,NA,N,C,C,A,A,H,-,B,A,0,NA,NA,NA,NA,Y,NA,A,07,0,0,5,0,0,0,0,0,0,-,-,34.048561096191406,-117.2929229736328,SAN BERNARDINO,COLTON,-117.29003143310548,34.04951095581055
9410497,2022,2022-02-16,3604,2022-01-31,1321,1086,NA,1,5,6,3604,0,0,0,NA,0,NA,BEECH AV,FALCON RIDGE,0,NA,Y,A,-,N,NA,NA,NA,NA,NA,NA,NA,NA,NA,Y,4,0,1,2,A,-,12,21453,A,N,D,C,A,A,H,-,A,A,0,NA,NA,NA,NA,Y,NA,A,01,0,0,1,0,0,0,0,0,0,-,-,NA,NA,SAN BERNARDINO,FONTANA,-117.47446441650392,34.150211334228516
9410498,2022,2022-02-16,3604,2022-01-26,1423,958,NA,3,5,6,3604,0,0,0,NA,0,NA,MILLER AV,JUNIPER AV,10,E,N,A,-,N,NA,NA,NA,NA,NA,NA,NA,NA,NA,N,3,0,1,2,A,-,10,21950,A,N,G,B,B,A,H,-,A,D,0,Y,NA,NA,NA,Y,NA,A,01,0,1,0,0,1,0,0,0,0,-,-,NA,NA,SAN BERNARDINO,FONTANA,-117.440185546875,34.1138801574707
9411314,2022,2022-03-08,3610,2022-02-01,1130,51415,NA,2,5,6,3610,0,0,0,NA,0,POLICE,W 9TH ST,N F ST,28,W,N,A,-,N,NA,NA,NA,NA,NA,NA,NA,NA,NA,N,4,0,1,2,A,-,03,22350,NA,F,C,C,A,A,H,-,A,A,0,NA,NA,NA,NA,Y,NA,-,NA,0,0,1,0,0,0,0,0,0,-,-,NA,NA,SAN BERNARDINO,SAN BERNARDINO,-117.29649353027344,34.115760803222656
9413968,2022,2022-03-09,3600,2022-01-25,0513,H8240,HE134,2,5,5,3619,0,0,0,NA,0,HE3,RT 395,SMOKE TREE ST,8,S,N,A,-,Y,SBD,8,395,-,-,6.65,H,-,S,Y,4,0,1,3,A,-,03,22350,NA,N,C,C,A,A,H,-,B,D,0,NA,NA,NA,NA,Y,NA,A,01,0,0,1,0,0,0,0,0,0,-,-,NA,NA,SAN BERNARDINO,HESPERIA,-117.39952850341795,34.44099807739258
9414696,2022,2022-03-23,3603,2022-02-04,1605,4920,CPD,5,5,4,3603,0,0,0,NA,0,002,N LA CADENA DR,E E ST,0,NA,Y,A,-,N,NA,NA,NA,NA,NA,NA,NA,NA,NA,Y,4,0,3,2,A,-,12,21453,A,N,D,C,A,A,H,-,A,A,0,NA,NA,NA,NA,Y,NA,-,-,0,0,3,0,0,0,0,0,0,-,-,34.07339859008789,-117.32295989990234,SAN BERNARDINO,COLTON,-117.3234405517578,34.07120132446289
9414806,2022,2022-02-28,3600,2022-01-28,0722,H5258,HE104,5,5,5,3619,0,0,0,NA,0,HE1,BEAR VALLEY ELECTORIC POLE,7TH AV,100,W,N,A,-,N,NA,NA,NA,NA,NA,NA,NA,NA,NA,Y,3,0,1,2,A,-,03,22350,NA,F,C,C,A,A,H,-,A,D,0,NA,NA,NA,NA,Y,NA,A,07,0,1,0,0,0,0,0,0,0,-,-,NA,NA,SAN BERNARDINO,HESPERIA,-117.3126983642578,34.47071838378906
9414818,2022,2022-02-28,3602,2022-01-08,2310,4152,NA,6,5,5,3602,0,0,0,NA,0,001,RAMONA AV,EDISON AV,20,S,N,A,-,N,NA,NA,NA,NA,NA,NA,NA,NA,NA,Y,3,0,1,2,A,-,12,21453,A,N,C,C,A,A,H,-,C,A,0,NA,NA,NA,NA,Y,Y,A,01,0,1,0,0,0,0,0,0,0,-,-,33.997161865234375,-117.70658111572266,SAN BERNARDINO,CHINO,-117.70651245117188,33.99713897705078
9415035,2022,2022-03-02,3600,2022-02-05,1259,F8247,HE313,6,5,5,3619,0,0,0,NA,0,HE5,SEVENTH AV,ORANGE ST,0,NA,Y,A,-,N,NA,NA,NA,NA,NA,NA,NA,NA,NA,Y,3,0,1,2,A,-,09,21801,A,N,A,C,A,A,H,-,A,A,0,NA,NA,NA,NA,Y,NA,A,01,0,1,0,0,0,0,0,0,0,-,-,NA,NA,SAN BERNARDINO,HESPERIA,-117.31610107421876,34.4215087890625
9416316,2022,2022-03-18,3600,2022-02-04,1300,G9963,VC063,5,5,5,3612,0,0,0,NA,0,VC3,BEAR VALLEY RD,11TH AV,0,NA,Y,A,-,N,NA,NA,NA,NA,NA,NA,NA,NA,NA,NA,4,0,1,2,A,-,09,21801,A,N,D,C,A,A,H,-,A,A,0,NA,NA,NA,NA,Y,NA,A,01,0,0,1,0,0,0,0,0,0,-,-,34.47063064575195,-117.32108306884766,SAN BERNARDINO,VICTORVILLE,-117.32115173339844,34.470638275146484
9416719,2022,2022-03-24,3600,2022-02-12,1052,F6279,HI025,6,5,4,3618,0,0,0,NA,0,HI3,WHITEGATE LN,CLUBVIEW DR,24,W,N,A,-,N,NA,NA,NA,NA,NA,NA,NA,NA,NA,Y,3,0,1,2,A,-,01,23153,NA,N,B,C,A,A,H,-,A,A,0,NA,NA,NA,NA,Y,Y,D,22,0,1,0,0,0,0,0,0,0,-,-,36.650001525878906,-117.10199737548828,SAN BERNARDINO,HIGHLAND,-117.16733551025392,34.113624572753906
9416929,2022,2022-03-23,3600,2022-02-19,1816,H7585,HE134,6,5,5,3619,0,0,0,NA,0,HE1,MAIN ST,MESA LINDA ST,0,NA,Y,A,-,N,NA,NA,NA,NA,NA,NA,NA,NA,NA,Y,4,0,1,2,A,-,09,21453,C,N,D,C,A,A,H,-,C,A,0,NA,NA,NA,NA,Y,NA,A,01,0,0,1,0,0,0,0,0,0,-,-,NA,NA,SAN BERNARDINO,HESPERIA,-117.39044952392578,34.42665481567383
9417342,2022,2022-03-28,3604,2022-02-11,0533,1382,NA,5,5,6,3604,0,0,0,NA,0,NA,LIVE OAK AV,WASHINGTON DR,250,N,N,A,-,N,NA,NA,NA,NA,NA,NA,NA,NA,NA,N,3,0,1,2,A,-,03,22350,NA,N,-,C,A,-,H,-,C,A,0,NA,NA,NA,Y,Y,NA,D,22,0,1,0,0,0,0,0,0,0,-,-,NA,NA,SAN BERNARDINO,FONTANA,-117.47998046875,34.06778335571289
9417801,2021,2022-04-18,3601,2021-11-27,2237,P30,NA,6,5,3,3601,0,0,0,NA,0,PATROL,LENWOOD RD,MERCANTILE WAY,0,NA,N,A,-,N,NA,NA,NA,NA,NA,NA,NA,NA,NA,N,2,0,1,1,-,-,-,NA,NA,N,F,A,A,A,G,-,D,D,0,NA,NA,Y,NA,Y,Y,-,-,1,0,0,0,0,0,0,0,1,-,-,34.84339141845703,-117.08283996582033,SAN BERNARDINO,BARSTOW,-117.08293914794922,34.84864807128906
9418493,2022,2022-03-30,3608,2022-02-22,1817,4876,3608,2,5,5,3608,0,0,0,NA,0,NA,REDLANDS BL,CLARK ST,0,NA,Y,C,-,N,NA,NA,NA,NA,NA,NA,NA,NA,NA,N,4,0,1,2,A,-,10,21950,A,N,G,B,B,B,H,-,C,D,0,Y,NA,NA,Y,Y,NA,F,21,0,0,1,0,1,0,0,0,0,-,-,NA,NA,SAN BERNARDINO,REDLANDS,-117.17498779296876,34.05461502075195
9418562,2022,2022-04-12,3603,2022-01-23,1726,5029,CPD,7,5,4,3603,0,0,0,NA,0,002,N MT VERNON AV,N COLTON AV,0,NA,Y,A,-,N,NA,NA,NA,NA,NA,NA,NA,NA,NA,Y,3,0,1,4,A,-,03,22350,NA,M,C,C,A,A,H,-,C,A,0,NA,NA,NA,NA,Y,NA,A,01,0,1,0,0,0,0,0,0,0,-,-,34.07366180419922,-117.31392669677734,SAN BERNARDINO,COLTON,-117.3138427734375,34.07372283935547
9418908,2022,2022-05-06,3600,2022-03-05,0751,H9747,VC072,6,5,5,3612,0,0,0,NA,0,VC6,HOOK BL,DIAMOND RD,0,NA,Y,A,-,N,NA,NA,NA,NA,NA,NA,NA,NA,NA,Y,4,0,1,2,A,-,09,21802,A,N,D,C,A,A,H,-,A,D,0,NA,NA,NA,NA,Y,NA,A,01,0,0,1,0,0,0,0,0,0,-,-,34.52125930786133,-117.3774185180664,SAN BERNARDINO,VICTORVILLE,-117.37741088867188,34.521236419677734
9419310,2022,2022-05-03,3604,2022-03-19,1723,768,NA,6,5,6,3604,0,0,0,NA,0,NA,SIERRA AV,JURUPA AV,1142,S,N,B,-,N,NA,NA,NA,NA,NA,NA,NA,NA,NA,Y,2,0,4,3,A,-,05,21650,NA,N,A,C,A,A,H,-,A,A,0,NA,NA,NA,NA,Y,NA,A,01,3,0,1,0,0,0,0,0,0,-,-,NA,NA,SAN BERNARDINO,FONTANA,-117.43548583984376,34.045169830322266
9420201,2022,2022-04-27,3600,2022-03-14,0349,G4510,HI018,1,5,4,3618,0,0,0,NA,0,HI3,BASELINE AV,RT 210,0,NA,Y,A,-,Y,SBD,8,210,-,R,29.226,R,4,W,Y,3,0,1,2,A,-,08,22107,NA,N,D,C,A,A,D,-,C,A,0,NA,NA,NA,NA,Y,NA,A,07,0,1,0,0,0,0,0,0,0,-,-,34.12131881713867,-117.199951171875,SAN BERNARDINO,HIGHLAND,-117.20053863525392,34.12262725830078
9420359,2022,2022-04-21,3600,2022-03-16,1528,E8923,HI016,3,5,4,3618,0,0,0,NA,0,HI3,BOULDER AV,PACIFIC ST,0,NA,Y,A,-,N,NA,NA,NA,NA,NA,NA,NA,NA,NA,Y,3,0,2,2,A,-,09,21801,A,N,D,C,A,A,A,-,A,A,0,NA,NA,NA,NA,Y,NA,A,01,0,2,0,0,0,0,0,0,0,-,-,34.12839126586914,-117.19570159912108,SAN BERNARDINO,HIGHLAND,-117.19564819335938,34.128475189208984
9423008,2022,2022-03-29,3600,2022-03-08,1535,H9013,HE304,2,5,5,3619,0,0,0,NA,0,HE3,ESCONDIDO AV,MARKET PLACE,43,N,N,A,-,N,NA,NA,NA,NA,NA,NA,NA,NA,NA,N,4,0,2,3,A,-,03,22350,NA,N,C,C,A,A,H,-,A,D,0,NA,NA,NA,NA,Y,NA,A,01,0,0,2,0,0,0,0,0,0,-,-,NA,NA,SAN BERNARDINO,HESPERIA,NA,NA
9424593,2022,2022-04-26,3604,2022-03-12,0501,1107,NA,6,5,6,3604,0,0,0,NA,0,NA,LIVE OAK AV,SANTA ANA AV,558,N,N,A,-,N,NA,NA,NA,NA,NA,NA,NA,NA,NA,Y,2,0,1,2,A,-,03,22350,NA,N,-,C,A,A,H,-,C,D,0,NA,NA,NA,NA,Y,NA,D,22,1,0,0,0,0,0,0,0,0,-,-,NA,NA,SAN BERNARDINO,FONTANA,-117.48027801513672,34.05717849731445
9424758,2022,2022-04-13,3600,2022-03-20,1149,F8172,HE101,7,5,5,3619,0,0,0,NA,0,HE1,7TH AV,SEQUOIA ST,0,NA,Y,A,-,N,NA,NA,NA,NA,NA,NA,NA,NA,NA,Y,3,0,1,2,A,-,12,22450,A,N,D,C,A,A,H,-,A,A,0,NA,NA,NA,NA,Y,NA,A,07,0,1,0,0,0,0,0,0,0,-,-,NA,NA,SAN BERNARDINO,HESPERIA,-117.31233978271484,34.46894836425781
9425157,2022,2022-05-16,3603,2022-04-03,1024,3874,CPD,7,5,4,3603,0,0,0,NA,0,004,MT VERNON AV,SANTO ANTONIO DR,0,NA,Y,B,-,N,NA,NA,NA,NA,NA,NA,NA,NA,NA,Y,4,0,2,2,A,-,12,21453,A,N,D,C,A,A,H,-,A,A,0,NA,NA,NA,NA,Y,NA,A,07,0,0,2,0,0,0,0,0,0,-,-,34.05221176147461,-117.3091278076172,SAN BERNARDINO,COLTON,-117.30924987792967,34.05213928222656
9426215,2022,2022-03-29,3610,2022-02-14,0149,51326,NA,1,5,6,3610,0,0,0,NA,0,POLICE,W 9TH ST,N E ST,0,NA,Y,A,-,N,NA,NA,NA,NA,NA,NA,NA,NA,NA,Y,4,0,1,2,A,-,12,21453,A,N,D,C,A,A,H,-,C,A,0,NA,NA,NA,NA,Y,NA,A,01,0,0,1,0,0,0,0,0,0,-,-,NA,NA,SAN BERNARDINO,SAN BERNARDINO,-117.2941665649414,34.115760803222656
9427833,2022,2022-04-20,3603,2022-03-24,1537,4920,CPD,4,5,4,3603,0,0,0,NA,0,004,S COOLEY DR,E COOLEY LN,0,NA,Y,A,-,N,NA,NA,NA,NA,NA,NA,NA,NA,NA,Y,4,0,3,2,A,-,12,22450,NA,N,D,C,A,A,H,-,A,A,0,NA,NA,NA,NA,Y,NA,A,01,0,0,3,0,0,0,0,0,0,-,-,34.055728912353516,-117.29303741455078,SAN BERNARDINO,COLTON,-117.29308319091795,34.05571365356445