CASE_ID,ACCIDENT_YEAR,PROC_DATE,JURIS,COLLISION_DATE,COLLISION_TIME,OFFICER_ID,REPORTING_DISTRICT,DAY_OF_WEEK,CHP_SHIFT,POPULATION,CNTY_CITY_LOC,SPECIAL_COND,BEAT_TYPE,CHP_BEAT_TYPE,CITY_DIVISION_LAPD,CHP_BEAT_CLASS,BEAT_NUMBER,PRIMARY_RD,SECONDARY_RD,DISTANCE,DIRECTION,INTERSECTION,WEATHER_1,WEATHER_2,STATE_HWY_IND,CALTRANS_COUNTY,CALTRANS_DISTRICT,STATE_ROUTE,ROUTE_SUFFIX,POSTMILE_PREFIX,POSTMILE,LOCATION_TYPE,RAMP_INTERSECTION,SIDE_OF_HWY,TOW_AWAY,COLLISION_SEVERITY,NUMBER_KILLED,NUMBER_INJURED,PARTY_COUNT,PRIMARY_COLL_FACTOR,PCF_CODE_OF_VIOL,PCF_VIOL_CATEGORY,PCF_VIOLATION,PCF_VIOL_SUBSECTION,HIT_AND_RUN,TYPE_OF_COLLISION,MVIW,PED_ACTION,ROAD_SURFACE,ROAD_COND_1,ROAD_COND_2,LIGHTING,CONTROL_DEVICE,CHP_ROAD_TYPE,PEDESTRIAN_ACCIDENT,BICYCLE_ACCIDENT,MOTORCYCLE_ACCIDENT,TRUCK_ACCIDENT,NOT_PRIVATE_PROPERTY,ALCOHOL_INVOLVED,STWD_VEHTYPE_AT_FAULT,CHP_VEHTYPE_AT_FAULT,COUNT_SEVERE_INJ,COUNT_VISIBLE_INJ,COUNT_COMPLAINT_PAIN,COUNT_PED_KILLED,COUNT_PED_INJURED,COUNT_BICYCLIST_KILLED,COUNT_BICYCLIST_INJURED,COUNT_MC_KILLED,COUNT_MC_INJURED,PRIMARY_RAMP,SECONDARY_RAMP,LATITUDE,LONGITUDE,COUNTY,CITY,POINT_X,POINT_Y
9428478,2022,2022-05-23,3610,2022-04-01,1453,51108,NA,5,5,6,3610,0,0,0,NA,0,POLICE,S PENNSYLVANIA AV,S PENNSYLVANIA AV 201,0,NA,N,A,-,N,NA,NA,NA,NA,NA,NA,NA,NA,NA,N,3,0,1,2,B,-,22,NA,NA,N,G,B,E,A,H,-,A,D,0,Y,NA,NA,NA,Y,NA,D,22,0,1,0,0,1,0,0,0,0,-,-,34.09737014770508,-117.32805633544922,SAN BERNARDINO,SAN BERNARDINO,-117.32917022705078,34.09428787231445
9428839,2022,2022-04-26,3610,2022-03-05,1420,51338,NA,6,5,6,3610,0,0,0,NA,0,ADAM,N MASSACHUSETTS AV,N MASSACHUSETTS AV 1741,0,NA,Y,C,-,N,NA,NA,NA,NA,NA,NA,NA,NA,NA,Y,3,0,1,2,A,-,03,22350,NA,F,C,C,A,B,H,-,A,D,0,NA,NA,NA,NA,Y,Y,-,NA,0,1,0,0,0,0,0,0,0,-,-,34.13119125366211,-117.30851745605467,SAN BERNARDINO,SAN BERNARDINO,-117.36018371582033,34.58736801147461
9429049,2022,2022-04-18,3603,2022-02-27,1325,5029,CPD,7,5,4,3603,0,0,0,NA,0,001,N VALLEY BL,N MERIDIAN AV,0,NA,Y,A,-,N,NA,NA,NA,NA,NA,NA,NA,NA,NA,N,3,0,1,2,A,-,17,22109,NA,N,B,C,A,A,H,-,A,A,0,NA,NA,NA,NA,Y,NA,A,01,0,1,0,0,0,0,0,0,0,-,-,34.0777587890625,-117.35292816162108,SAN BERNARDINO,COLTON,-117.34852600097656,34.06930923461914
9429124,2022,2022-04-13,3604,2022-02-28,1015,958,NA,1,5,6,3604,0,0,0,NA,0,NA,CITRUS AV,S HIGHLAND AV,0,NA,Y,A,-,N,NA,NA,NA,NA,NA,NA,NA,NA,NA,NA,4,0,1,2,A,-,12,21453,A,N,D,C,A,A,H,-,A,A,0,NA,NA,NA,NA,Y,NA,A,01,0,0,1,0,0,0,0,0,0,-,-,NA,NA,SAN BERNARDINO,FONTANA,-117.45364379882813,34.13471221923828
9430518,2022,2022-04-07,3605,2022-03-03,1535,448,NA,4,5,4,3605,0,0,0,NA,0,NA,CENTRAL AV,PALO VERDE ST,422,N,N,A,-,N,NA,NA,NA,NA,NA,NA,NA,NA,NA,Y,4,0,1,2,A,-,09,21804,NA,N,D,C,A,A,H,-,A,D,0,NA,NA,NA,NA,Y,NA,A,08,0,0,1,0,0,0,0,0,0,-,-,NA,NA,SAN BERNARDINO,MONTCLAIR,-117.68963623046876,34.082557678222656
9430897,2022,2022-04-11,3610,2022-02-25,1737,51326,NA,5,5,6,3610,0,0,0,NA,0,POLICE,S MT VERNON AV,W MILL ST,108,E,N,A,-,N,NA,NA,NA,NA,NA,NA,NA,NA,NA,Y,4,0,1,2,A,-,08,22107,NA,N,D,C,A,A,H,-,C,A,0,NA,NA,NA,NA,Y,NA,A,01,0,0,1,0,0,0,0,0,0,-,-,NA,NA,SAN BERNARDINO,SAN BERNARDINO,-117.31382751464844,34.092140197753906
9431816,2022,2022-04-20,3604,2022-03-19,1731,1350,NA,6,5,6,3604,0,0,0,NA,0,003,VALLEY BL,ALDER AV,1000,W,N,A,-,N,NA,NA,NA,NA,NA,NA,NA,NA,NA,Y,4,0,1,2,A,-,09,21801,A,N,D,C,A,A,H,-,A,A,0,NA,NA,NA,NA,Y,NA,A,01,0,0,1,0,0,0,0,0,0,-,-,NA,NA,SAN BERNARDINO,FONTANA,-117.42153167724608,34.07041931152344
9431856,2022,2022-04-27,3604,2022-03-27,1808,1260,NA,7,5,6,3604,0,0,0,NA,0,NA,LILAC ST,DAYLILLY ST,245,W,N,A,-,N,NA,NA,NA,NA,NA,NA,NA,NA,NA,N,3,0,1,2,A,-,09,21804,A,N,D,G,A,A,H,-,A,D,0,NA,Y,NA,NA,Y,NA,L,04,0,1,0,0,0,0,1,0,0,-,-,NA,NA,SAN BERNARDINO,FONTANA,-117.4240493774414,34.05342483520508
9432571,2022,2022-08-16,3600,2022-07-08,1609,H6850,CH005,5,5,5,3630,0,0,0,NA,0,003,CHINO HILLS PKWY,EUCALYPTUS AV,0,NA,Y,A,-,N,NA,NA,NA,NA,NA,NA,NA,NA,NA,Y,3,0,2,2,A,-,12,21453,A,N,D,C,A,A,H,-,A,A,0,NA,NA,NA,NA,Y,NA,A,07,0,1,1,0,0,0,0,0,0,-,-,NA,NA,SAN BERNARDINO,CHINO HILLS,-117.745849609375,33.98418045043945
9432656,2022,2022-08-31,3600,2022-06-12,2010,I4866,004,7,5,3,3631,0,0,0,NA,0,0YV,29 PALMS HWY,DEER TRL,0,NA,Y,A,-,Y,SBD,8,62,-,-,10.51,H,-,E,Y,3,0,1,3,A,-,03,22350,NA,N,C,C,A,A,H,-,A,A,0,NA,NA,NA,NA,Y,NA,A,01,0,1,0,0,0,0,0,0,0,-,-,34.11927032470703,-116.44603729248048,SAN BERNARDINO,YUCCA VALLEY,-116.44625854492188,34.119327545166016
9432880,2022,2022-09-07,3600,2022-08-13,2035,B9547,HE302,6,5,5,3619,0,0,0,NA,0,HE3,RT 395,THREE FLAGS RD,530,S,N,A,-,Y,SBD,8,395,-,R,4.56,H,-,S,Y,4,0,1,2,A,-,09,21801,A,N,A,C,A,A,H,-,D,A,0,NA,NA,NA,NA,Y,NA,A,01,0,0,1,0,0,0,0,0,0,-,-,NA,NA,SAN BERNARDINO,HESPERIA,-117.39939880371094,34.408145904541016
9435202,2022,2022-05-10,3600,2022-04-02,1728,F8172,HE115,6,5,5,3619,0,0,0,NA,0,HE1,6TH AV,MAUNA LOA ST,22,N,N,A,-,N,NA,NA,NA,NA,NA,NA,NA,NA,NA,N,3,0,2,2,A,-,03,22350,NA,N,C,C,A,A,H,-,A,D,0,NA,NA,Y,NA,Y,NA,C,06,0,2,0,0,0,0,0,0,2,-,-,NA,NA,SAN BERNARDINO,HESPERIA,-117.30995178222656,34.4416389465332
94354577,2024,2024-08-14,9834,2024-08-14,1025,016043,NA,3,1,9,3600,0,1,1,NA,2,044,I-40 W/B,WATER RD,26400,E,N,A,-,Y,SBD,NA,40,NA,R,125.023,H,NA,L,Y,3,0,1,1,A,-,08,22107,NA,N,E,I,A,A,H,-,A,D,0,NA,NA,NA,NA,Y,NA,A,01,0,1,0,0,0,0,0,0,0,-,-,34.856201171875,-114.88439178466795,SAN BERNARDINO,UNINCORPORATED,-114.88442230224608,34.856258392333984
9435689,2022,2022-04-28,3600,2022-03-15,1942,RALFARO,NA,2,5,3,3615,0,0,0,NA,0,0LL,ANDERSON ST,ACADEMY ST,14,N,N,A,-,N,NA,NA,NA,NA,NA,NA,NA,NA,NA,N,2,0,1,2,A,-,11,21954,A,N,G,B,B,A,H,-,C,A,0,Y,NA,NA,NA,Y,NA,N,60,1,0,0,0,1,0,0,0,0,-,-,NA,NA,SAN BERNARDINO,LOMA LINDA,-117.26136016845705,34.05876922607422
9435749,2022,2022-10-31,3610,2022-03-29,0738,24925,NA,2,5,6,3610,0,0,0,NA,0,POLICE,S PEPPER AV,MILL ST,164,S,N,B,-,N,NA,NA,NA,NA,NA,NA,NA,NA,NA,Y,4,0,2,2,A,-,09,21804,A,N,A,C,A,B,H,-,A,D,0,NA,NA,NA,NA,Y,NA,A,01,0,0,2,0,0,0,0,0,0,-,-,34.092281341552734,-117.35279846191406,SAN BERNARDINO,SAN BERNARDINO,-117.35291290283205,34.091861724853516
94359606,2024,2024-08-19,9865,2024-08-17,1210,018881,NA,6,1,9,3600,0,1,3,NA,2,045,SR-38,SEVEN OAKS ROAD,1056,W,N,A,-,Y,SBD,NA,38,NA,NA,30.548,H,NA,R,N,3,0,1,1,A,-,08,22107,NA,N,E,I,A,A,H,-,A,D,0,NA,NA,Y,NA,Y,NA,C,02,0,1,0,0,0,0,0,0,1,-,-,34.17087173461914,-116.83293914794922,SAN BERNARDINO,UNINCORPORATED,-116.83294677734376,34.17090606689453
94359607,2024,2024-08-19,9865,2024-08-04,1840,021732,NA,7,2,9,3600,0,3,5,NA,2,003,COXEY ROAD,HOLCOMB CREEK,2112,E,N,A,-,N,NA,NA,NA,NA,NA,NA,NA,NA,NA,Y,3,0,1,1,A,-,03,22350,NA,N,E,I,A,A,G,-,A,D,0,NA,NA,NA,NA,Y,Y,D,22,0,1,0,0,0,0,0,0,0,-,-,34.29650115966797,-116.98645782470705,SAN BERNARDINO,UNINCORPORATED,-117.00529479980467,34.31592559814453
94359818,2024,2024-08-20,9860,2024-08-08,940,019429,NA,4,1,3,3690,0,1,1,NA,2,214,I-215 S/B,BARTON RD,300,N,N,A,-,Y,SBD,NA,215,NA,NA,1.378,H,NA,L,Y,3,0,2,3,A,-,03,22350,NA,F,C,C,A,A,H,-,A,D,0,NA,NA,NA,NA,Y,NA,A,01,0,1,1,0,0,0,0,0,0,-,-,34.034568786621094,-117.32427215576172,SAN BERNARDINO,GRAND TERRACE,-117.32430267333984,34.03459167480469
94360141,2024,2024-08-19,9860,2024-08-04,335,022582,NA,7,3,6,3610,0,1,1,NA,2,201,SR-210 EASTBOUND,PEPPER AVENUE,780,E,N,A,-,Y,SBD,NA,210,NA,NA,19.845,H,NA,R,Y,2,0,2,2,A,-,01,23152,A,F,B,E,A,A,H,-,C,D,0,NA,NA,NA,NA,Y,Y,D,22,2,0,0,0,0,0,0,0,0,-,-,34.134178161621094,-117.35051727294922,SAN BERNARDINO,SAN BERNARDINO,-117.35053253173828,34.13425827026367
94361733,2024,2024-08-20,9834,2024-08-15,1005,016267,NA,4,1,9,3600,0,3,5,NA,2,003,GOFFS RD,FENNER ST,0,NA,Y,A,-,N,NA,NA,NA,NA,NA,NA,NA,NA,NA,Y,4,0,2,2,A,-,09,21804,A,N,D,C,A,A,H,-,A,D,0,NA,NA,NA,Y,Y,NA,A,01,0,0,2,0,0,0,0,0,0,-,-,34.8178596496582,-115.18282318115234,SAN BERNARDINO,UNINCORPORATED,NA,NA
94368104,2024,2024-08-23,9850,2024-08-14,2329,022386,NA,3,3,5,3612,0,1,1,NA,2,083,I-15 S/B,MOJAVE DR,32,S,N,A,-,Y,NA,NA,NA,NA,NA,NA,NA,NA,NA,N,4,0,1,2,A,-,09,21804,A,N,D,C,A,A,H,-,C,A,0,NA,NA,NA,NA,Y,NA,A,01,0,0,1,0,0,0,0,0,0,-,-,34.52872848510742,-117.3168716430664,SAN BERNARDINO,VICTORVILLE,-117.31509399414063,34.53050994873047
94368680,2024,2024-08-26,9830,2024-08-11,1425,022390,NA,7,2,9,3600,0,1,2,NA,1,063,US-395,TRONA RD,1584,S,N,A,-,Y,SBD,NA,395,NA,NA,72.483,H,NA,R,Y,3,0,3,4,A,-,17,23114,A,F,E,J,A,A,H,-,A,D,0,NA,NA,NA,Y,Y,NA,-,99,0,3,0,0,0,0,0,0,0,-,-,35.363338470458984,-117.6169891357422,SAN BERNARDINO,UNINCORPORATED,-117.61703491210938,35.36333084106445
94370044,2024,2024-08-26,9834,2024-08-26,855,018762,NA,1,1,9,3600,0,3,5,NA,2,003,GOFFS ROAD,MOUNTAIN SPRINGS RD,8976,E,N,A,-,N,NA,NA,NA,NA,NA,NA,NA,NA,NA,Y,4,0,3,1,A,-,08,22107,NA,N,E,I,A,A,H,-,A,D,0,NA,NA,NA,NA,Y,NA,A,07,0,0,3,0,0,0,0,0,0,-,-,34.916439056396484,-115.02895355224608,SAN BERNARDINO,UNINCORPORATED,-115.03352355957033,34.91638946533203
94370074,2024,2024-08-26,9855,2024-08-17,2150,022895,NA,6,2,5,3602,0,1,3,NA,2,071,SR-71 N/B,EUCLID AVENUE,800,N,N,A,-,Y,SBD,NA,71,NA,R,7.822,H,NA,R,Y,3,0,1,2,A,-,01,23152,A,N,C,C,A,A,H,-,D,D,0,NA,NA,NA,NA,Y,Y,A,01,0,1,0,0,0,0,0,0,0,-,-,33.93267822265625,-117.66098785400392,SAN BERNARDINO,CHINO,-117.6611785888672,33.932559967041016
94370293,2024,2024-08-26,9865,2024-08-16,1720,021669,NA,5,2,9,3600,0,1,3,NA,1,034,SR-18,BALDWIN LAKE RD,15840,N,N,A,-,N,NA,NA,NA,NA,NA,NA,NA,NA,NA,Y,4,0,1,2,A,-,05,21460,A,N,A,C,A,A,H,-,A,D,0,NA,NA,NA,NA,Y,NA,A,07,0,0,1,0,0,0,0,0,0,-,-,34.327430725097656,-116.82636260986328,SAN BERNARDINO,UNINCORPORATED,-116.83136749267578,34.27370071411133
94370627,2024,2024-08-27,9860,2024-08-21,800,018275,NA,3,1,4,3640,0,1,1,NA,2,106,I-10 E/B,YUCAIPA BLVD,1584,W,N,A,-,Y,SBD,NA,10,NA,NA,35.098,H,NA,R,Y,4,0,1,2,A,-,07,21658,A,N,B,C,A,A,H,-,A,D,0,NA,NA,NA,Y,Y,NA,D,22,0,0,1,0,0,0,0,0,0,-,-,34.027950286865234,-117.126220703125,SAN BERNARDINO,YUCAIPA,-117.12621307373048,34.027992248535156
94372325,2024,2024-08-27,9835,2024-08-18,1829,020976,NA,7,2,9,3600,0,1,1,NA,2,075,I-15 S/B,HALLORAN SUMMIT RD,6864,S,N,A,-,Y,SBD,NA,15,NA,NA,154.123,H,NA,L,Y,4,0,1,1,A,-,08,22107,NA,N,E,I,A,A,H,-,A,D,0,NA,NA,NA,NA,Y,NA,A,07,0,0,1,0,0,0,0,0,0,-,-,35.39667892456055,-115.81591033935548,SAN BERNARDINO,UNINCORPORATED,-115.81588745117188,35.396610260009766
94374601,2024,2024-08-29,9860,2024-08-23,1310,020002,NA,5,1,4,3603,0,1,1,NA,2,214,I-215 N/B TO WASHINGTON ST.,WASHINGTON ST.,740,S,N,A,-,Y,SBD,NA,215,NA,NA,2.551,H,NA,R,N,4,0,1,3,A,-,21,22106,NA,N,C,C,A,A,H,-,A,D,0,NA,NA,NA,NA,Y,NA,A,07,0,0,1,0,0,0,0,0,0,-,-,34.046138763427734,-117.3091278076172,SAN BERNARDINO,COLTON,-117.30929565429688,34.046302795410156
94376423,2024,2024-08-30,9860,2024-08-28,1725,022439,NA,3,2,4,3603,0,1,1,NA,2,103,I-10 W/B,9TH ST,250,W,N,A,-,Y,SBD,NA,10,NA,R,22.653,H,NA,L,N,4,0,2,3,A,-,03,22350,NA,N,C,C,A,A,H,-,A,D,0,NA,NA,NA,NA,Y,NA,A,07,0,0,2,0,0,0,0,0,0,-,-,34.06597900390625,-117.32398223876952,SAN BERNARDINO,COLTON,-117.32396697998048,34.0660400390625
94378216,2024,2024-09-02,9860,2024-08-31,945,020654,NA,6,1,5,3608,0,1,1,NA,2,105,I-10 W/B,HIGHLAND AVE,80,E,N,A,-,Y,SBD,NA,10,NA,NA,32.646,H,NA,L,Y,4,0,1,2,A,-,08,22107,NA,N,B,C,A,A,H,-,A,D,0,NA,NA,NA,NA,Y,NA,D,22,0,0,1,0,0,0,0,0,0,-,-,34.04838180541992,-117.15836334228516,SAN BERNARDINO,REDLANDS,-117.15833282470705,34.04838943481445
94379324,2024,2024-09-03,9855,2024-08-23,715,020367,NA,5,1,6,3607,0,1,1,NA,2,101,I-10 E/B (SAN BERNARDINO FWY),MILLIKEN AVE.,1193,W,N,A,-,Y,SBD,NA,10,NA,NA,14.945,H,NA,R,N,3,0,2,3,A,-,03,22350,NA,N,C,C,A,A,H,-,A,D,0,NA,NA,NA,Y,Y,NA,A,01,0,1,1,0,0,0,0,0,0,-,-,34.06644058227539,-117.45784759521484,SAN BERNARDINO,ONTARIO,-117.45785522460938,34.06650161743164
94380079,2024,2024-09-03,9855,2024-07-08,1648,021873,NA,1,2,6,3607,0,1,1,NA,2,152,I-15 S/B (ONTARIO FWY),I-10 W/B (SAN BERNARDINO FWY),650,N,N,A,-,Y,SBD,NA,15,NA,NA,2.524,H,NA,L,Y,3,0,1,1,A,-,08,22107,NA,N,F,I,A,A,H,-,A,D,0,NA,NA,Y,NA,Y,NA,C,02,0,1,0,0,0,0,0,0,1,-,-,34.069488525390625,-117.54521942138672,SAN BERNARDINO,ONTARIO,-117.54501342773438,34.069488525390625
94382210,2024,2024-09-05,9860,2024-09-03,806,016575,NA,2,1,4,3603,0,1,1,NA,2,103,I-10 W/B,PEPPER AVE.,215,E,N,A,-,Y,SBD,NA,10,NA,NA,21.014,H,NA,L,Y,4,0,1,2,A,-,07,21658,A,N,C,C,A,A,H,-,A,D,0,NA,NA,Y,NA,Y,NA,D,22,0,0,1,0,0,0,0,0,1,-,-,34.06909942626953,-117.35214996337892,SAN BERNARDINO,COLTON,-117.35214996337892,34.06914520263672
9438371,2022,2022-05-04,3600,2022-04-13,1218,H7585,HE307,3,5,5,3619,0,0,0,NA,0,HE5,MAIN ST,I AV,313,W,N,A,-,N,NA,NA,NA,NA,NA,NA,NA,NA,NA,Y,4,0,1,2,A,-,03,22350,NA,N,C,C,A,A,H,-,A,D,0,NA,NA,NA,NA,Y,NA,D,22,0,0,1,0,0,0,0,0,0,-,-,NA,NA,SAN BERNARDINO,HESPERIA,-117.28409576416016,34.418968200683594
9438538,2022,2022-05-16,3600,2022-03-10,2033,H9747,VCOS2,4,5,5,3612,0,0,0,NA,0,VC6,RT 395,MOJAVE DR,350,S,N,A,-,Y,SBD,8,395,-,-,12.57,H,-,N,N,4,0,1,3,A,-,03,22350,NA,N,B,C,A,A,H,-,C,A,0,NA,NA,NA,NA,Y,NA,A,01,0,0,1,0,0,0,0,0,0,-,-,34.52853012084961,-117.39945220947266,SAN BERNARDINO,VICTORVILLE,-117.39944458007813,34.5275993347168
94386026,2024,2024-09-09,9850,2024-08-06,945,021639,NA,2,1,5,3612,0,1,1,NA,2,083,I-15 N/B,NISQUALLI RD,2200,N,N,A,-,Y,SBD,NA,15,NA,NA,39.254,H,NA,R,Y,4,0,2,2,A,-,07,21658,A,N,B,C,A,A,H,-,A,D,0,NA,NA,NA,Y,Y,NA,A,01,0,0,2,0,0,0,0,0,0,-,-,34.49113845825195,-117.33155822753906,SAN BERNARDINO,VICTORVILLE,-117.33160400390624,34.49115753173828
9438607,2022,2022-05-06,3600,2022-03-03,0140,H5164,BL100,4,5,2,3680,0,0,0,NA,0,001,BIG BEAR BL,KEYSTONE RD,0,W,N,A,-,Y,SBD,8,18,-,-,45.07,H,-,S,Y,3,0,1,1,A,-,08,22107,NA,N,H,A,A,A,H,-,D,D,0,NA,NA,NA,NA,Y,NA,A,01,0,1,0,0,0,0,0,0,0,-,-,34.240379333496094,-116.96784210205078,SAN BERNARDINO,BIG BEAR LAKE,-116.96812438964844,34.24019241333008
9438800,2022,2022-05-18,3600,2022-03-24,1930,G6721,AP004,4,5,5,3621,0,0,0,NA,0,AP1,OUTER HWY 18,POHEZ RD,1186,E,N,A,-,N,NA,NA,NA,NA,NA,NA,NA,NA,NA,N,4,0,1,2,A,-,00,21954,NA,N,G,B,D,A,H,-,D,D,0,Y,NA,NA,NA,Y,NA,N,60,0,0,1,0,1,0,0,0,0,-,-,NA,NA,SAN BERNARDINO,APPLE VALLEY,-117.25930786132813,34.53892517089844
94390020,2024,2024-09-11,9855,2024-09-03,1003,014637,NA,2,1,5,3611,0,1,1,NA,2,203,SR-210 W/B (FOOTHILL FWY),CAMPUS AVE,1000,E,N,A,-,Y,SBD,NA,210,NA,NA,3.946,H,NA,L,N,3,0,2,3,A,-,03,22350,NA,M,C,C,A,A,H,-,A,D,0,NA,NA,NA,NA,Y,NA,A,07,0,1,1,0,0,0,0,0,0,-,-,34.13496017456055,-117.6277084350586,SAN BERNARDINO,UPLAND,-117.6277084350586,34.13498306274414
94390080,2024,2024-09-11,9860,2024-09-06,1436,023234,NA,5,2,9,3600,0,1,1,NA,2,214,I-215 N/B,ORANGE SHOW RD,771,S,N,A,-,Y,SBD,NA,215,NA,NA,4.878,H,NA,R,Y,4,0,1,2,A,-,07,21658,A,N,C,C,A,A,H,-,A,A,0,NA,NA,NA,NA,Y,NA,A,01,0,0,1,0,0,0,0,0,0,-,-,34.076141357421875,-117.29544830322266,SAN BERNARDINO,UNINCORPORATED,-117.29553985595705,34.07611846923828
94390493,2024,2024-09-11,9860,2024-08-04,1215,022843,NA,7,1,9,3600,0,1,1,NA,2,152,I-15 S/B,SR-138,528,S,N,A,-,Y,SBD,NA,15,NA,R,21.214,H,NA,L,Y,3,0,2,2,A,-,03,22350,NA,N,C,C,A,A,H,-,A,D,0,NA,NA,NA,Y,Y,NA,A,07,0,1,1,0,0,0,0,0,0,-,-,34.31016159057617,-117.4730987548828,SAN BERNARDINO,UNINCORPORATED,-117.47311401367188,34.310150146484375
94390664,2024,2024-09-11,9860,2024-09-09,1640,016575,NA,1,2,6,3610,0,1,1,NA,2,214,215 N/B,FAIRWAY DR.,1260,N,N,A,-,Y,SBD,NA,215,NA,NA,4.577,H,NA,R,N,4,0,1,3,A,-,07,21658,A,F,C,C,A,A,H,-,A,D,0,NA,NA,NA,NA,Y,NA,A,01,0,0,1,0,0,0,0,0,0,-,-,34.07170867919922,-117.29544830322266,SAN BERNARDINO,SAN BERNARDINO,-117.29552459716795,34.071712493896484
94390668,2024,2024-09-11,9860,2024-09-09,1456,016575,NA,1,2,4,3603,0,1,1,NA,2,214,I-215 N/B,IOWA AVE.,500,N,N,A,-,Y,SBD,NA,215,NA,NA,0.502,H,NA,R,Y,3,0,4,4,A,-,03,22350,NA,N,C,2,A,A,H,-,A,D,0,NA,NA,NA,NA,Y,NA,D,22,0,2,2,0,0,0,0,0,0,-,-,34.02513122558594,-117.33431243896484,SAN BERNARDINO,COLTON,-117.33429718017578,34.025123596191406
94391107,2024,2024-09-12,9860,2024-09-03,2125,021149,NA,2,2,6,3610,0,1,1,NA,2,216,I-215 N/B,DEVORE RD,3696,S,N,A,-,Y,SBD,NA,215,NA,NA,16.62,H,NA,R,Y,3,0,1,2,D,-,00,NA,NA,N,C,C,A,A,H,-,D,D,0,NA,NA,Y,NA,Y,NA,-,-,0,1,0,0,0,0,0,0,1,-,-,34.215919494628906,-117.3934326171875,SAN BERNARDINO,SAN BERNARDINO,-117.39340972900392,34.21593475341797
94391948,2024,2024-09-12,9855,2024-08-03,1455,023630,NA,6,2,6,3616,0,1,1,NA,2,152,I-15 S/B (ONTARIO FWY),BASELINE RD.,2112,N,N,A,-,Y,SBD,NA,15,NA,NA,6.339,H,NA,L,N,4,0,2,2,A,-,03,22350,NA,M,C,C,A,A,H,-,A,D,0,NA,NA,NA,NA,Y,NA,A,01,0,0,2,0,0,0,0,0,0,-,-,34.117088317871094,-117.51934814453124,SAN BERNARDINO,RANCHO CUCAMONGA,-117.51943206787108,34.117156982421875
94393708,2024,2024-09-13,9855,2024-09-10,845,019188,NA,2,1,5,3611,0,1,1,NA,2,203,SR-210 W/B,EUCLID AVE.,25,W,N,A,-,Y,SBD,NA,210,NA,NA,2.556,H,NA,L,Y,4,0,1,2,A,-,03,22350,NA,N,C,C,A,A,H,-,A,D,0,NA,NA,NA,NA,Y,NA,A,01,0,0,1,0,0,0,0,0,0,-,-,34.13488006591797,-117.6518783569336,SAN BERNARDINO,UPLAND,-117.6518783569336,34.13480758666992
94394607,2024,2024-09-16,9835,2024-09-10,1940,023936,NA,2,2,3,3601,0,1,1,NA,2,072,NB I-15,E MAIN STREET,1214,S,N,A,-,Y,SBD,NA,15,NA,NA,74.676,H,NA,R,Y,3,0,1,1,A,-,01,23152,A,N,F,A,A,A,H,-,D,D,0,NA,NA,Y,NA,Y,Y,C,02,0,1,0,0,0,0,0,0,1,-,-,34.88930892944336,-117.00363159179688,SAN BERNARDINO,BARSTOW,-117.003662109375,34.88934326171875
94394901,2024,2024-09-16,9850,2024-09-08,235,023006,NA,7,3,5,3619,0,1,1,NA,2,081,I-15 N/B,RANCHERO RD,5280,S,N,A,-,Y,SBD,NA,15,NA,R,29.453,H,NA,R,N,3,0,1,1,A,-,01,23152,A,N,E,9,A,A,D,-,D,D,0,NA,NA,NA,NA,Y,Y,A,01,0,1,0,0,0,0,0,0,0,-,-,34.37179946899414,-117.42447662353516,SAN BERNARDINO,HESPERIA,-117.4244384765625,34.37177276611328
94395475,2024,2024-09-16,9855,2024-09-06,1430,020367,NA,5,2,6,3604,0,1,1,NA,2,201,SR-210 W/B (FOOTHILL FWY),CITRUS AVE.,1872,E,N,A,-,Y,SBD,NA,210,NA,NA,14.292,H,NA,L,N,4,0,2,2,A,-,03,22350,NA,N,C,C,A,A,H,-,A,D,0,NA,NA,NA,NA,Y,NA,D,22,0,0,2,0,0,0,0,0,0,-,-,34.13650894165039,-117.44718933105467,SAN BERNARDINO,FONTANA,-117.44718933105467,34.13648986816406
9439724,2022,2022-05-31,3600,2022-04-29,1539,H9747,NA,5,5,5,3612,0,0,0,NA,0,NA,BALSAM RD,NISQUALLI RD,265,S,N,A,-,N,NA,NA,NA,NA,NA,NA,NA,NA,NA,Y,2,0,1,2,A,-,00,33208,NA,N,D,C,A,A,H,-,A,D,0,NA,NA,NA,NA,Y,NA,A,01,1,0,0,0,0,0,0,0,0,-,-,34.48387145996094,-117.32998657226563,SAN BERNARDINO,VICTORVILLE,-117.33002471923828,34.48444366455078