CASE_ID,ACCIDENT_YEAR,PROC_DATE,JURIS,COLLISION_DATE,COLLISION_TIME,OFFICER_ID,REPORTING_DISTRICT,DAY_OF_WEEK,CHP_SHIFT,POPULATION,CNTY_CITY_LOC,SPECIAL_COND,BEAT_TYPE,CHP_BEAT_TYPE,CITY_DIVISION_LAPD,CHP_BEAT_CLASS,BEAT_NUMBER,PRIMARY_RD,SECONDARY_RD,DISTANCE,DIRECTION,INTERSECTION,WEATHER_1,WEATHER_2,STATE_HWY_IND,CALTRANS_COUNTY,CALTRANS_DISTRICT,STATE_ROUTE,ROUTE_SUFFIX,POSTMILE_PREFIX,POSTMILE,LOCATION_TYPE,RAMP_INTERSECTION,SIDE_OF_HWY,TOW_AWAY,COLLISION_SEVERITY,NUMBER_KILLED,NUMBER_INJURED,PARTY_COUNT,PRIMARY_COLL_FACTOR,PCF_CODE_OF_VIOL,PCF_VIOL_CATEGORY,PCF_VIOLATION,PCF_VIOL_SUBSECTION,HIT_AND_RUN,TYPE_OF_COLLISION,MVIW,PED_ACTION,ROAD_SURFACE,ROAD_COND_1,ROAD_COND_2,LIGHTING,CONTROL_DEVICE,CHP_ROAD_TYPE,PEDESTRIAN_ACCIDENT,BICYCLE_ACCIDENT,MOTORCYCLE_ACCIDENT,TRUCK_ACCIDENT,NOT_PRIVATE_PROPERTY,ALCOHOL_INVOLVED,STWD_VEHTYPE_AT_FAULT,CHP_VEHTYPE_AT_FAULT,COUNT_SEVERE_INJ,COUNT_VISIBLE_INJ,COUNT_COMPLAINT_PAIN,COUNT_PED_KILLED,COUNT_PED_INJURED,COUNT_BICYCLIST_KILLED,COUNT_BICYCLIST_INJURED,COUNT_MC_KILLED,COUNT_MC_INJURED,PRIMARY_RAMP,SECONDARY_RAMP,LATITUDE,LONGITUDE,COUNTY,CITY,POINT_X,POINT_Y
94758449,2025,2025-07-11,9855,2025-07-02,855,016146,NA,3,1,9,3600,0,3,5,NA,2,001,BEECH AVENUE,SAN BERNARDINO AVE.,0,NA,Y,A,-,N,NA,NA,NA,NA,NA,NA,NA,NA,NA,N,4,0,1,2,A,-,09,21801,A,N,B,C,A,A,H,-,A,A,0,NA,NA,NA,NA,Y,NA,A,01,0,0,1,0,0,0,0,0,0,-,-,34.07752990722656,-117.47120666503906,SAN BERNARDINO,UNINCORPORATED,-117.47122955322266,34.07747268676758
94759229,2025,2025-07-14,9834,2025-07-06,1238,017038,NA,7,1,9,3600,0,3,5,NA,2,003,GOFFS ROAD,US-95,42240,W,N,A,-,N,NA,NA,NA,NA,NA,NA,NA,NA,NA,Y,4,0,1,1,A,-,08,22107,NA,N,F,A,A,A,H,-,A,D,0,NA,NA,Y,NA,Y,NA,C,02,0,0,1,0,0,0,0,0,1,-,-,34.91720962524414,-114.96057891845705,SAN BERNARDINO,UNINCORPORATED,-114.95935821533205,34.91746139526367
9475951,2022,2022-07-14,3610,2022-05-28,2320,51338,NA,6,5,6,3610,0,0,0,NA,0,BAKER,W 20TH ST,N D ST,0,NA,Y,A,-,N,NA,NA,NA,NA,NA,NA,NA,NA,NA,Y,4,0,1,1,D,-,00,NA,NA,M,F,I,A,A,H,-,C,D,0,NA,NA,NA,NA,Y,NA,-,-,0,0,1,0,0,0,0,0,0,-,-,34.13383865356445,-117.29190063476563,SAN BERNARDINO,SAN BERNARDINO,-117.29190826416016,34.133644104003906
9475974,2022,2022-08-15,3600,2022-06-16,0948,G9454,YC302,4,5,4,3640,0,0,0,NA,0,YC2,2ND ST,MICHAEL LN,111,N,N,A,-,N,NA,NA,NA,NA,NA,NA,NA,NA,NA,Y,4,0,1,3,A,-,22,23123,NA,N,C,E,A,A,H,-,A,D,0,NA,NA,NA,NA,Y,NA,A,01,0,0,1,0,0,0,0,0,0,-,-,NA,NA,SAN BERNARDINO,YUCAIPA,-117.04318237304688,34.02890396118164
94760195,2025,2025-07-14,9855,2025-06-19,300,018000,NA,4,3,6,3607,0,1,3,NA,2,601,SR-60 E/B (POMONA FWY),GROVE AVENUE,975,W,N,A,-,Y,SBD,NA,60,NA,R,5.695,H,NA,R,Y,2,0,1,3,A,-,03,22350,NA,F,C,C,A,A,H,-,C,D,0,NA,NA,NA,NA,Y,NA,-,99,1,0,0,0,0,0,0,0,0,-,-,34.03036880493164,-117.63146209716795,SAN BERNARDINO,ONTARIO,-117.63146209716795,34.030391693115234
94762142,2025,2025-07-15,9860,2025-07-02,1100,022719,NA,3,1,9,3600,0,1,1,NA,2,152,1-15 SB,SR-138,11880,N,N,A,-,Y,SBD,NA,15,NA,R,23.781,H,NA,L,Y,3,0,1,2,A,-,03,22350,NA,N,C,C,A,A,H,-,A,D,0,NA,NA,NA,NA,Y,NA,-,-,0,1,0,0,0,0,0,0,0,-,-,34.34458923339844,-117.48046112060548,SAN BERNARDINO,UNINCORPORATED,-117.48049926757813,34.34461212158203
94762546,2025,2025-07-15,9835,2025-07-07,1350,023742,NA,1,1,9,3600,0,1,1,NA,2,072,I-15 S/B,CALICO RD,3168,S,N,A,-,Y,SBD,NA,15,NA,R,84.039,H,NA,L,Y,4,0,1,1,A,-,08,22107,NA,N,E,I,A,A,H,-,A,D,0,NA,NA,NA,NA,Y,NA,A,01,0,0,1,0,0,0,0,0,0,-,-,34.907989501953125,-116.84870147705078,SAN BERNARDINO,UNINCORPORATED,-116.84869384765624,34.9079475402832
94763667,2025,2025-07-16,9860,2025-07-07,900,021934,NA,1,1,4,3603,0,1,1,NA,2,214,I-215 S/B,WASHINGTON STREET,1320,S,N,A,-,N,NA,NA,NA,NA,NA,NA,NA,NA,NA,Y,4,0,1,2,A,-,08,22107,NA,N,B,C,A,A,H,-,A,D,0,NA,NA,NA,NA,Y,NA,-,-,0,0,1,0,0,0,0,0,0,-,-,34.0413703918457,-117.31651306152344,SAN BERNARDINO,COLTON,-117.31096649169922,34.04530715942383
94763765,2025,2025-07-16,9860,2025-07-07,1240,022319,NA,1,1,9,3600,0,1,3,NA,1,380,SR-38 (MENTONE BLVD.),WABASH AVE.,25,E,N,A,-,N,NA,NA,NA,NA,NA,NA,NA,NA,NA,Y,3,0,4,3,A,-,03,22350,NA,N,C,C,A,A,H,-,A,D,0,NA,NA,NA,NA,Y,NA,A,01,0,1,3,0,0,0,0,0,0,-,-,34.070159912109375,-117.138671875,SAN BERNARDINO,UNINCORPORATED,-117.13882446289063,34.07011032104492
94765615,2025,2025-07-17,9855,2025-07-11,1103,021006,NA,5,1,5,3602,0,1,3,NA,2,603,SR-60 W/B (POMONA FWY),RAMONA AVENUE,750,E,N,A,-,Y,SBD,NA,60,NA,R,1.592,H,NA,L,N,4,0,2,2,A,-,03,22350,NA,N,C,C,A,A,H,-,A,D,0,NA,NA,NA,NA,Y,NA,A,01,0,0,2,0,0,0,0,0,0,-,-,34.03025817871094,-117.70291900634766,SAN BERNARDINO,CHINO,-117.70291900634766,34.03026580810547
94766472,2025,2025-07-17,9855,2025-07-17,615,018313,NA,4,1,5,3602,0,1,3,NA,2,603,SR-60 E/B (POMONA FWY),MOUNTAIN AVE,1800,W,N,A,-,Y,SBD,NA,60,NA,R,3.263,H,NA,R,N,4,0,2,2,A,-,03,22350,NA,N,C,C,A,A,H,-,A,D,0,NA,NA,NA,NA,Y,NA,D,22,0,0,2,0,0,0,0,0,0,-,-,34.03023147583008,-117.67382049560548,SAN BERNARDINO,CHINO,-117.67382049560548,34.03026580810547
94766639,2025,2025-07-17,9855,2025-07-15,1035,020216,NA,2,1,6,3607,0,1,1,NA,2,152,I-15 S/B (ONTARIO FWY),JURUPA AVE.,2640,S,N,A,-,Y,SBD,NA,15,NA,NA,0.473,H,NA,L,Y,4,0,1,2,A,-,03,22350,NA,M,C,C,A,A,H,-,A,D,0,NA,NA,NA,NA,Y,NA,-,99,0,0,1,0,0,0,0,0,0,-,-,34.04030990600586,-117.55039215087892,SAN BERNARDINO,ONTARIO,-117.55043029785156,34.04030990600586
94767077,2025,2025-07-17,9860,2025-07-11,845,023457,NA,5,1,9,3600,0,1,1,NA,2,151,I-15 S/B,KENWOOD AVE,2700,N,N,A,-,Y,SBD,NA,15,NA,R,15.525,H,NA,L,N,4,0,1,2,A,-,03,22350,NA,N,C,C,A,A,H,-,A,D,0,NA,NA,NA,NA,Y,NA,A,01,0,0,1,0,0,0,0,0,0,-,-,34.24169158935547,-117.43216705322266,SAN BERNARDINO,UNINCORPORATED,-117.4321060180664,34.24175262451172
9476792,2022,2022-07-19,3610,2022-06-06,1020,51370,NA,1,5,6,3610,0,0,0,NA,0,POLICE,W HALLMARK PKWY,N THE SUN WAY,0,NA,Y,A,-,N,NA,NA,NA,NA,NA,NA,NA,NA,NA,Y,4,0,2,2,A,-,12,22450,A,N,D,C,A,A,H,-,A,A,0,NA,NA,NA,NA,Y,NA,A,01,0,0,2,0,0,0,0,0,0,-,-,34.166229248046875,-117.33830261230467,SAN BERNARDINO,SAN BERNARDINO,NA,NA
9476805,2022,2022-07-19,3610,2022-06-20,1349,51003,NA,1,5,6,3610,0,0,0,NA,0,POLICE,W BASELINE ST,ACACIA,100,E,N,A,-,N,NA,NA,NA,NA,NA,NA,NA,NA,NA,Y,4,0,1,2,A,-,08,21460,5,N,D,C,A,A,H,-,A,D,0,NA,NA,NA,NA,Y,NA,A,01,0,0,1,0,0,0,0,0,0,-,-,34.121341705322266,-117.29415893554688,SAN BERNARDINO,SAN BERNARDINO,-117.29499816894533,34.1213493347168
9476806,2022,2022-08-30,3610,2022-06-11,1000,51382,NA,6,5,6,3610,0,0,0,NA,0,POLICE,N MEDICAL CENTER DR,W MAGNOLIA ST,252,N,N,A,-,N,NA,NA,NA,NA,NA,NA,NA,NA,NA,Y,4,0,1,2,A,-,03,22350,NA,N,C,E,A,A,H,-,A,A,0,NA,NA,NA,NA,Y,NA,A,01,0,0,1,0,0,0,0,0,0,-,-,34.12649917602539,-117.32257843017578,SAN BERNARDINO,SAN BERNARDINO,-117.32256317138672,34.126129150390625
9476817,2022,2022-10-06,3610,2022-06-18,0136,51330,NA,6,5,6,3610,0,0,0,NA,0,POLICE,W 28TH ST,N E ST,0,NA,Y,A,-,N,NA,NA,NA,NA,NA,NA,NA,NA,NA,Y,2,0,1,2,A,-,12,21453,A,N,D,C,A,A,H,-,C,A,0,NA,NA,NA,NA,Y,NA,A,01,1,0,0,0,0,0,0,0,0,-,-,34.142398834228516,-117.29412841796876,SAN BERNARDINO,SAN BERNARDINO,-117.29412841796876,34.14238357543945
9476820,2022,2022-07-19,3610,2022-06-18,0609,51327,NA,6,5,6,3610,0,0,0,NA,0,POLICE,W BASELINE ST,NORTH SIERRA WY,0,NA,Y,A,-,N,NA,NA,NA,NA,NA,NA,NA,NA,NA,Y,3,0,1,2,A,-,12,21453,A,F,F,C,A,A,H,-,A,A,0,NA,NA,NA,NA,Y,Y,A,07,0,1,0,0,0,0,0,0,0,-,-,34.12133026123047,-117.2851333618164,SAN BERNARDINO,SAN BERNARDINO,-117.28514862060548,34.121341705322266
9476835,2022,2022-07-19,3610,2022-06-13,2014,51172,NA,1,5,6,3610,0,0,0,NA,0,ADAM,W 25TH ST,W 25 ST,150,S,N,A,-,N,NA,NA,NA,NA,NA,NA,NA,NA,NA,Y,2,0,1,3,B,-,22,NA,NA,N,B,E,A,A,H,-,B,D,0,NA,NA,NA,NA,Y,NA,A,01,1,0,0,0,0,0,0,0,0,-,-,34.13880157470703,-117.2873992919922,SAN BERNARDINO,SAN BERNARDINO,-117.65126800537108,34.155548095703125
94769259,2025,2025-07-21,9830,2025-07-11,2120,023087,NA,5,2,9,3600,0,1,3,NA,1,061,SR-178,SAN BERNARDINO MPM 9.5,27,W,N,A,-,Y,SBD,NA,178,NA,NA,9.543,H,NA,R,Y,3,0,1,1,A,-,08,22107,NA,N,F,A,A,A,H,-,D,D,0,NA,NA,NA,NA,Y,NA,A,07,0,1,0,0,0,0,0,0,0,-,-,35.65010070800781,-117.4726333618164,SAN BERNARDINO,UNINCORPORATED,-117.47254180908205,35.64991760253906
9477166,2022,2022-07-22,3600,2022-02-10,0127,D6683,RC022,4,5,6,3616,0,0,0,NA,0,RC2,6TH ST,HERMOSA AV,0,NA,Y,A,-,N,NA,NA,NA,NA,NA,NA,NA,NA,NA,N,3,0,1,1,A,-,03,22350,NA,F,A,I,A,A,H,-,C,A,0,NA,NA,NA,NA,Y,Y,A,01,0,1,0,0,0,0,0,0,0,-,-,NA,NA,SAN BERNARDINO,RANCHO CUCAMONGA,-117.58464050292967,34.08469009399414
94771853,2025,2025-07-22,9855,2025-07-14,1650,021838,NA,1,2,5,3611,0,1,1,NA,2,203,SR-210 E/B (FOOTHILL FWY),MOUNTAIN AVE,1056,E,N,A,-,Y,SBD,NA,210,NA,NA,1.682,H,NA,R,Y,3,0,1,3,A,-,03,22350,NA,N,C,C,A,A,H,-,A,D,0,NA,NA,NA,NA,Y,NA,A,01,0,1,0,0,0,0,0,0,0,-,-,34.13454818725586,-117.66713714599608,SAN BERNARDINO,UPLAND,-117.66713714599608,34.13456344604492
94773545,2025,2025-08-01,9860,2025-07-14,1630,022319,NA,1,2,5,3609,0,1,1,NA,2,201,SR-210 E/B,LOCUST AVE.,500,E,N,A,-,Y,SBD,NA,210,NA,NA,16.532,H,NA,R,Y,4,0,1,5,A,-,03,22350,NA,N,C,C,A,A,H,-,A,D,0,NA,NA,NA,NA,Y,NA,A,08,0,0,1,0,0,0,0,0,0,-,-,34.136138916015625,-117.40811920166016,SAN BERNARDINO,RIALTO,-117.40811920166016,34.136146545410156
94775686,2025,2025-08-01,9860,2025-07-16,105,022906,NA,3,3,9,3600,0,1,3,NA,1,012,SR-138,WIMMER ROAD,423,W,N,A,-,Y,SBD,NA,138,NA,NA,12.516,H,NA,R,Y,3,0,2,2,A,-,08,22107,NA,N,B,C,A,A,H,-,D,D,0,NA,NA,NA,Y,Y,NA,A,07,0,2,0,0,0,0,0,0,0,-,-,34.32707977294922,-117.51670837402344,SAN BERNARDINO,UNINCORPORATED,-117.51670837402344,34.327083587646484
94776186,2025,2025-07-24,9860,2025-07-11,1640,023004,NA,5,2,9,3600,0,1,3,NA,1,382,SR-38,BRYANT ST,8448,E,N,A,-,Y,SBD,NA,38,NA,R,10.177,H,NA,R,Y,3,0,1,1,A,-,03,22350,NA,N,E,8,A,A,H,-,A,D,0,NA,NA,NA,NA,Y,NA,A,07,0,1,0,0,0,0,0,0,0,-,-,34.09626007080078,-117.030517578125,SAN BERNARDINO,UNINCORPORATED,-117.03053283691406,34.0963249206543
94777517,2025,2025-07-25,9850,2025-07-20,620,024350,NA,7,1,5,3619,0,1,1,NA,2,081,I-15 S/B,OAK HILL RD,1584,N,N,A,-,Y,SBD,NA,15,NA,R,28.878,H,NA,L,Y,3,0,1,1,A,-,08,22107,NA,N,E,I,A,A,H,-,A,D,0,NA,NA,NA,NA,Y,NA,A,01,0,1,0,0,0,0,0,0,0,-,-,34.36528015136719,-117.43065643310548,SAN BERNARDINO,HESPERIA,-117.43072509765624,34.36531066894531
9477807,2022,2022-07-26,3610,2022-05-25,1900,51257,NA,3,5,6,3610,0,0,0,NA,0,POLICE,E PACIFIC ST,N ARDEN AV,0,NA,Y,A,-,N,NA,NA,NA,NA,NA,NA,NA,NA,NA,N,3,0,2,3,A,-,08,22107,NA,N,A,C,A,A,H,-,C,A,0,NA,NA,NA,NA,Y,NA,A,01,0,1,1,0,0,0,0,0,0,-,-,NA,NA,SAN BERNARDINO,SAN BERNARDINO,-117.23487854003906,34.12855911254883
94781527,2025,2025-07-29,9860,2025-07-05,410,023740,NA,6,3,3,3615,0,1,1,NA,2,104,I-10 E/B,TIPPECANOE AVE,1212,E,N,A,-,Y,SBD,NA,10,NA,NA,26.523,H,NA,R,Y,3,0,1,2,A,-,08,22107,NA,N,C,E,A,A,H,-,C,D,0,NA,NA,NA,Y,Y,NA,G,25,0,1,0,0,0,0,0,0,0,-,-,34.065181732177734,-117.2572021484375,SAN BERNARDINO,LOMA LINDA,-117.25721740722656,34.06522750854492
9478180,2022,2022-08-08,3600,2022-07-03,1910,F4772,VC013,7,5,5,3612,0,0,0,NA,0,VC4,AMARGOSA RD,DESERT ESCAPE,0,NA,Y,A,-,N,NA,NA,NA,NA,NA,NA,NA,NA,NA,N,4,0,1,2,A,-,12,21453,A,N,D,C,A,A,H,-,A,A,0,NA,NA,NA,NA,Y,NA,-,NA,0,0,1,0,0,0,0,0,0,-,-,34.46609878540039,-117.3503875732422,SAN BERNARDINO,VICTORVILLE,-117.3503646850586,34.4658317565918
9478352,2022,2022-08-03,3600,2022-06-14,1405,F4772,VC064,2,5,5,3612,0,0,0,NA,0,VC5,AMARGOSA RD,CHOLAME RD,0,NA,Y,A,-,N,NA,NA,NA,NA,NA,NA,NA,NA,NA,Y,3,0,1,2,A,-,09,21801,A,N,D,C,A,A,H,-,A,D,0,NA,NA,NA,NA,Y,NA,A,01,0,1,0,0,0,0,0,0,0,-,-,34.50212097167969,-117.330078125,SAN BERNARDINO,VICTORVILLE,-117.33008575439452,34.50214767456055
94783524,2025,2025-07-31,9860,2025-07-21,1530,016575,NA,1,2,4,3603,0,1,1,NA,2,214,I-215 N/B,IOWA AVE.,15,N,N,A,-,Y,SBD,NA,215,NA,NA,0.406,H,NA,R,Y,3,0,2,4,A,-,03,22350,NA,N,C,C,A,A,H,-,A,D,0,NA,NA,NA,NA,Y,NA,A,07,0,1,1,0,0,0,0,0,0,-,-,34.02399826049805,-117.33528137207033,SAN BERNARDINO,COLTON,-117.33531188964844,34.02402114868164
9478747,2022,2022-08-11,3604,2022-07-02,1841,1409,NA,6,5,6,3604,0,0,0,NA,0,003,CITRUS AV,UPLAND AV,0,NA,Y,A,-,N,NA,NA,NA,NA,NA,NA,NA,NA,NA,Y,3,0,7,2,A,-,08,22107,NA,N,A,C,A,A,H,-,A,D,0,NA,NA,NA,NA,Y,NA,A,01,0,7,0,0,0,0,0,0,0,-,-,NA,NA,SAN BERNARDINO,FONTANA,-117.45362854003906,34.10336685180664
94789026,2025,2025-08-04,9855,2025-07-30,1420,016590,NA,3,2,6,3616,0,1,1,NA,2,203,SR-210 E/B (FOOTHILL FWY),CARNELIAN ST.,500,W,N,A,-,Y,SBD,NA,210,NA,NA,4.277,H,NA,R,Y,4,0,3,4,A,-,03,22350,NA,N,C,C,A,A,H,-,A,D,0,NA,NA,NA,NA,Y,NA,A,01,0,0,3,0,0,0,0,0,0,-,-,34.13478088378906,-117.62185668945313,SAN BERNARDINO,RANCHO CUCAMONGA,-117.62185668945313,34.13478469848633
94789170,2025,2025-08-05,9855,2025-08-01,1854,022895,NA,5,2,5,3602,0,1,3,NA,2,603,SR-60 E/B (POMONA FWY),EAST END AVENUE,550,W,N,A,-,Y,SBD,NA,60,NA,R,0.188,H,NA,R,Y,4,0,1,2,A,-,03,22350,NA,N,C,C,A,A,H,-,A,D,0,NA,NA,NA,NA,Y,NA,A,01,0,0,1,0,0,0,0,0,0,-,-,34.025230407714844,-117.72621917724608,SAN BERNARDINO,CHINO,-117.72621917724608,34.02522277832031
9479707,2022,2022-09-27,3605,2022-08-13,1747,437,NA,6,5,4,3605,0,0,0,NA,0,NA,HOLT BL,VERNON AV,80,E,N,A,-,N,NA,NA,NA,NA,NA,NA,NA,NA,NA,N,3,0,1,2,A,-,03,22350,NA,F,C,C,A,A,H,-,A,A,0,NA,NA,Y,NA,Y,NA,A,01,0,1,0,0,0,0,0,0,0,-,-,NA,NA,SAN BERNARDINO,MONTCLAIR,-117.68491363525392,34.06319046020508
94797106,2025,2025-08-11,9855,2025-08-02,1200,021873,NA,6,1,9,3600,0,3,5,NA,2,004,STATE ST.,GRAND AVE.,0,NA,Y,A,-,N,NA,NA,NA,NA,NA,NA,NA,NA,NA,Y,4,0,1,3,A,-,09,21801,A,F,D,2,A,A,H,-,A,A,0,NA,NA,NA,NA,Y,NA,-,-,0,0,1,0,0,0,0,0,0,-,-,34.059810638427734,-117.68733978271484,SAN BERNARDINO,UNINCORPORATED,-117.68732452392578,34.05980682373047
94797209,2025,2025-08-11,9850,2025-08-01,2330,023106,NA,5,3,9,3600,0,1,1,NA,2,083,I 15 NB,DALE EVANS PKY,1584,S,N,A,-,Y,SBD,NA,15,NA,NA,51.499,H,NA,R,Y,4,0,1,1,A,-,01,23152,F,N,E,8,A,A,H,-,D,D,0,NA,NA,NA,NA,Y,NA,A,07,0,0,1,0,0,0,0,0,0,-,-,34.639991760253906,-117.22077178955078,SAN BERNARDINO,UNINCORPORATED,-117.22093200683594,34.640071868896484
9480015,2022,2022-08-02,3600,2022-06-19,2324,D3381,VC057,7,5,5,3612,0,0,0,NA,0,VC5,PALMDALE RD,BOREGO RD,0,NA,Y,A,-,Y,SBD,8,18,-,-,97.32,H,-,S,Y,4,0,1,2,A,-,03,22350,NA,N,C,C,A,A,H,-,C,A,0,NA,NA,NA,NA,Y,NA,A,01,0,0,1,0,0,0,0,0,0,-,-,34.50682830810547,-117.33450317382813,SAN BERNARDINO,VICTORVILLE,-117.33570861816406,34.50676345825195
94800614,2025,2025-08-13,9855,2025-08-11,840,020216,NA,1,1,6,3616,0,1,1,NA,2,153,I-15 S/B (ONTARIO FWY),SR-210,3168,N,N,A,-,Y,SBD,NA,15,NA,NA,8.891,H,NA,L,Y,4,0,2,3,A,-,03,22350,NA,N,C,C,A,A,H,-,A,D,0,NA,NA,NA,NA,Y,NA,A,01,0,0,2,0,0,0,0,0,0,-,-,34.143348693847656,-117.48798370361328,SAN BERNARDINO,RANCHO CUCAMONGA,-117.48788452148438,34.143272399902344
9480092,2022,2022-07-19,3605,2022-06-23,1156,469,NA,4,5,4,3605,0,0,0,NA,0,NA,RAMONA AV,RAMONA,19,W,N,A,-,N,NA,NA,NA,NA,NA,NA,NA,NA,NA,N,4,0,1,2,A,-,04,21703,NA,N,C,C,A,A,H,-,A,D,0,NA,NA,NA,NA,Y,NA,A,01,0,0,1,0,0,0,0,0,0,-,-,NA,NA,SAN BERNARDINO,MONTCLAIR,-117.70040893554688,34.047813415527344
94804627,2025,2025-08-15,9860,2025-08-05,1600,022719,NA,2,2,9,3600,0,3,5,NA,2,004,LOCUST AVE.,SLOVER AVE.,275,S,N,A,-,N,NA,NA,NA,NA,NA,NA,NA,NA,NA,N,4,0,1,2,A,-,21,22106,NA,N,C,C,A,A,H,-,A,D,0,NA,NA,NA,NA,Y,NA,A,01,0,0,1,0,0,0,0,0,0,-,-,34.06230163574219,-117.40940856933594,SAN BERNARDINO,UNINCORPORATED,-117.40950012207033,34.06239700317383
94804641,2025,2025-08-15,9860,2025-08-01,1523,022105,NA,5,2,4,3618,0,1,1,NA,2,203,SR-210 W/B TO 5TH ST,5TH STREET,300,S,N,A,-,Y,NA,NA,NA,NA,NA,NA,NA,NA,NA,Y,4,0,2,5,A,-,08,22107,NA,N,B,C,A,A,H,-,A,D,0,NA,NA,NA,NA,Y,NA,D,22,0,0,2,0,0,0,0,0,0,-,-,34.107181549072266,-117.19837951660156,SAN BERNARDINO,HIGHLAND,-117.1988525390625,34.107147216796875
9480509,2022,2022-08-02,3610,2022-06-29,1903,51153,NA,3,5,6,3610,0,0,0,NA,0,BAKER,N E ST,W MARSHALL BL,197,S,N,A,-,N,NA,NA,NA,NA,NA,NA,NA,NA,NA,N,1,1,0,2,A,-,01,23152,A,M,B,C,A,A,H,-,A,D,0,NA,NA,NA,NA,Y,Y,A,01,0,0,0,0,0,0,0,0,0,-,-,34.14670944213867,-117.29871368408205,SAN BERNARDINO,SAN BERNARDINO,-117.29409027099608,34.14894104003906
9480681,2022,2022-07-27,3608,2022-06-20,1721,4464,NA,1,5,5,3608,0,0,0,NA,0,NA,ORANGE ST,PEARL AV,216,S,N,A,-,N,NA,NA,NA,NA,NA,NA,NA,NA,NA,Y,4,0,1,2,A,-,09,21801,NA,N,D,C,A,A,H,-,A,D,0,NA,NA,NA,NA,Y,NA,A,07,0,0,1,0,0,0,0,0,0,-,-,NA,NA,SAN BERNARDINO,REDLANDS,-117.18257904052734,34.06073760986328
94806866,2025,2025-08-18,9860,2025-08-09,1200,022950,NA,6,1,9,3600,0,3,5,NA,2,003,TIPPECANOE AVE,5TH ST,300,S,N,A,-,N,NA,NA,NA,NA,NA,NA,NA,NA,NA,N,4,0,3,2,A,-,03,22350,NA,N,C,C,A,A,H,-,A,D,0,NA,NA,NA,NA,Y,NA,A,07,0,0,3,0,0,0,0,0,0,-,-,34.10742950439453,-117.26104736328124,SAN BERNARDINO,UNINCORPORATED,-117.2610321044922,34.10750961303711
9480709,2022,2022-07-29,3610,2022-06-30,1730,51213,NA,4,5,6,3610,0,0,0,NA,0,BAKER,N E ST,W 13TH ST,0,NA,Y,A,-,N,NA,NA,NA,NA,NA,NA,NA,NA,NA,N,3,0,1,2,A,-,09,21804,A,F,G,G,A,A,H,-,A,A,0,NA,Y,NA,NA,Y,NA,L,04,0,1,0,0,0,0,1,0,0,-,-,34.12382888793945,-117.29456329345705,SAN BERNARDINO,SAN BERNARDINO,-117.29418182373048,34.123329162597656
94807382,2025,2025-08-18,9850,2025-08-11,1220,020572,NA,1,1,5,3612,0,1,1,NA,2,082,I-15 N/B TO BEAR VALLEY RD,BEAR VALLEY RD,250,S,N,A,-,Y,NA,NA,NA,NA,NA,NA,NA,NA,NA,N,4,0,2,5,A,-,08,22107,NA,N,B,C,A,A,H,-,A,D,0,NA,NA,NA,Y,Y,NA,F,55,0,0,2,0,0,0,0,0,0,-,-,34.46955108642578,-117.34471130371094,SAN BERNARDINO,VICTORVILLE,-117.34645080566406,34.469844818115234
94807442,2025,2025-08-18,9855,2025-08-14,1808,022510,NA,4,2,5,3602,0,1,3,NA,2,603,SR-60 W/B (POMONA FWY),MONTE VISTA AVE,528,E,N,A,-,Y,SBD,NA,60,NA,R,1.988,H,NA,L,Y,3,0,1,2,A,-,04,21703,NA,N,C,C,A,A,H,-,A,D,0,NA,NA,NA,NA,Y,NA,A,07,0,1,0,0,0,0,0,0,0,-,-,34.030391693115234,-117.6960220336914,SAN BERNARDINO,CHINO,-117.6960220336914,34.03030776977539
9480754,2022,2022-09-21,3610,2022-06-30,1610,51391,NA,4,5,6,3610,0,0,0,NA,0,DAVID,W ORANGE SHOW RD,S E ST,22,N,N,A,-,N,NA,NA,NA,NA,NA,NA,NA,NA,NA,Y,3,0,2,2,A,-,09,21804,A,N,D,C,A,A,H,-,A,D,0,NA,NA,NA,Y,Y,NA,F,76,0,1,1,0,0,0,0,0,0,-,-,34.07958984375,-117.29405975341795,SAN BERNARDINO,SAN BERNARDINO,-117.2940673828125,34.07956314086914
94811089,2024,2025-08-20,9860,2024-10-13,946,023503,NA,7,1,9,3600,0,3,5,NA,2,004,SLOVER AVENUE,CEDAR AVENUE (18600 BLOCK),221,E,N,A,-,N,NA,NA,NA,NA,NA,NA,NA,NA,NA,Y,1,1,1,2,A,-,05,21460,NA,N,A,C,A,A,H,-,A,D,0,NA,NA,NA,NA,Y,NA,A,01,0,1,0,0,0,0,0,0,0,-,-,34.06315994262695,-117.39420318603516,SAN BERNARDINO,UNINCORPORATED,-117.39572143554688,34.063140869140625