CASE_ID,ACCIDENT_YEAR,PROC_DATE,JURIS,COLLISION_DATE,COLLISION_TIME,OFFICER_ID,REPORTING_DISTRICT,DAY_OF_WEEK,CHP_SHIFT,POPULATION,CNTY_CITY_LOC,SPECIAL_COND,BEAT_TYPE,CHP_BEAT_TYPE,CITY_DIVISION_LAPD,CHP_BEAT_CLASS,BEAT_NUMBER,PRIMARY_RD,SECONDARY_RD,DISTANCE,DIRECTION,INTERSECTION,WEATHER_1,WEATHER_2,STATE_HWY_IND,CALTRANS_COUNTY,CALTRANS_DISTRICT,STATE_ROUTE,ROUTE_SUFFIX,POSTMILE_PREFIX,POSTMILE,LOCATION_TYPE,RAMP_INTERSECTION,SIDE_OF_HWY,TOW_AWAY,COLLISION_SEVERITY,NUMBER_KILLED,NUMBER_INJURED,PARTY_COUNT,PRIMARY_COLL_FACTOR,PCF_CODE_OF_VIOL,PCF_VIOL_CATEGORY,PCF_VIOLATION,PCF_VIOL_SUBSECTION,HIT_AND_RUN,TYPE_OF_COLLISION,MVIW,PED_ACTION,ROAD_SURFACE,ROAD_COND_1,ROAD_COND_2,LIGHTING,CONTROL_DEVICE,CHP_ROAD_TYPE,PEDESTRIAN_ACCIDENT,BICYCLE_ACCIDENT,MOTORCYCLE_ACCIDENT,TRUCK_ACCIDENT,NOT_PRIVATE_PROPERTY,ALCOHOL_INVOLVED,STWD_VEHTYPE_AT_FAULT,CHP_VEHTYPE_AT_FAULT,COUNT_SEVERE_INJ,COUNT_VISIBLE_INJ,COUNT_COMPLAINT_PAIN,COUNT_PED_KILLED,COUNT_PED_INJURED,COUNT_BICYCLIST_KILLED,COUNT_BICYCLIST_INJURED,COUNT_MC_KILLED,COUNT_MC_INJURED,PRIMARY_RAMP,SECONDARY_RAMP,LATITUDE,LONGITUDE,COUNTY,CITY,POINT_X,POINT_Y
94812722,2025,2025-08-21,9860,2025-08-15,2150,022679,NA,5,2,9,3600,0,1,1,NA,2,151,I-15 N/B,KENWOOD AVENUE,686,S,N,A,-,Y,SBD,NA,15,NA,R,14.825,H,NA,R,N,4,0,1,2,A,-,21,22106,NA,N,C,C,A,A,H,-,D,D,0,NA,NA,NA,NA,Y,NA,D,22,0,0,1,0,0,0,0,0,0,-,-,34.23551940917969,-117.42330932617188,SAN BERNARDINO,UNINCORPORATED,-117.42330932617188,34.23551559448242
9481348,2022,2022-08-19,3600,2022-06-08,0819,I8688,VC051,3,5,5,3612,0,0,0,NA,0,VC06,VILLAGE DR,VASQUEZ AV,0,NA,Y,A,-,N,NA,NA,NA,NA,NA,NA,NA,NA,NA,Y,3,0,2,2,A,-,09,21802,A,N,D,C,A,A,H,-,A,A,0,NA,NA,NA,NA,Y,NA,D,22,0,2,0,0,0,0,0,0,0,-,-,34.5477294921875,-117.33674621582033,SAN BERNARDINO,VICTORVILLE,-117.33676910400392,34.5477409362793
94814118,2025,2025-08-22,9850,2025-07-25,1143,022591,NA,5,1,9,3600,0,3,5,NA,2,005,DEL GADO RD,LA HABRA RD,0,NA,Y,A,-,N,NA,NA,NA,NA,NA,NA,NA,NA,NA,Y,4,0,2,2,A,-,12,22450,A,N,D,2,A,A,H,-,A,A,0,NA,NA,NA,NA,Y,NA,A,01,0,0,2,0,0,0,0,0,0,-,-,34.487388610839844,-117.34256744384766,SAN BERNARDINO,UNINCORPORATED,-117.34259033203124,34.48740768432617
94818204,2025,2025-08-26,9860,2025-08-16,2340,022679,NA,6,3,9,3600,0,1,1,NA,2,152,I-15 S/B,OAK HILL RD,13253,S,N,A,-,Y,SBD,NA,15,NA,R,24.624,H,NA,L,Y,4,0,3,3,A,-,08,22107,NA,F,D,C,A,A,H,-,D,D,0,NA,NA,NA,NA,Y,NA,D,22,0,0,3,0,0,0,0,0,0,-,-,34.34661102294922,-117.4671630859375,SAN BERNARDINO,UNINCORPORATED,-117.46719360351563,34.346561431884766
94818782,2025,2025-08-26,9835,2025-08-18,2140,023107,NA,1,2,9,3600,0,1,1,NA,2,075,I-15 N/B,HALLORAN SPRINGS RD,321,N,N,A,-,Y,SBD,NA,15,NA,NA,149.672,H,NA,R,Y,4,0,1,2,A,-,08,22107,NA,N,D,C,A,A,H,-,D,D,0,NA,NA,NA,Y,Y,NA,A,01,0,0,1,0,0,0,0,0,0,-,-,35.374629974365234,-115.88996887207033,SAN BERNARDINO,UNINCORPORATED,-115.88999938964844,35.374698638916016
94820772,2025,2025-08-27,9834,2025-08-25,415,024686,NA,1,3,9,3600,0,1,1,NA,2,040,I-40 W/B,ESSEX RD,32736,W,N,A,-,Y,SBD,NA,40,NA,R,93.402,H,NA,L,Y,4,0,1,1,A,-,08,22107,NA,N,F,A,A,A,H,-,D,D,0,NA,NA,NA,Y,Y,NA,G,25,0,0,1,0,0,0,0,0,0,-,-,34.785518646240234,-115.42713165283205,SAN BERNARDINO,UNINCORPORATED,-115.42711639404295,34.785499572753906
94822473,2025,2025-08-28,9860,2025-08-19,615,022843,NA,2,1,4,3603,0,1,1,NA,2,214,I-215 S/B,IOWA AVE,1056,N,N,A,-,Y,SBD,NA,215,NA,NA,0.582,H,NA,L,N,4,0,2,3,A,-,03,22350,NA,N,C,C,A,A,H,-,A,D,0,NA,NA,NA,NA,Y,NA,A,07,0,0,2,0,0,0,0,0,0,-,-,34.026180267333984,-117.33354949951172,SAN BERNARDINO,COLTON,-117.33357238769533,34.02619552612305
94823571,2025,2025-08-29,9835,2025-07-12,1721,023679,NA,6,2,9,3600,0,1,1,NA,2,074,I-15 N/B,BASIN RD,21648,S,N,A,-,Y,SBD,NA,15,NA,R,116.226,H,NA,R,Y,1,1,0,1,A,-,08,22107,NA,N,E,I,A,A,H,-,A,D,0,NA,NA,NA,NA,Y,NA,A,01,0,0,0,0,0,0,0,0,0,-,-,35.087928771972656,-116.33558654785156,SAN BERNARDINO,UNINCORPORATED,-116.33559417724608,35.08788299560547
9482364,2022,2022-08-18,3600,2022-07-29,0909,G8023,AP007,5,5,5,3621,0,0,0,NA,0,AP2,KIOWA RD,PINE RIDGE RD,0,NA,Y,A,-,N,NA,NA,NA,NA,NA,NA,NA,NA,NA,N,4,0,2,2,A,-,09,21802,A,N,D,C,A,A,H,-,A,A,0,NA,NA,NA,NA,Y,NA,A,01,0,0,2,0,0,0,0,0,0,-,-,NA,NA,SAN BERNARDINO,APPLE VALLEY,-117.1968231201172,34.50853729248047
9482775,2022,2022-08-22,3600,2022-06-01,2209,H7589,VC058,3,5,5,3612,0,0,0,NA,0,VC5,PALMDALE RD,DIAMOND RD,343,NA,N,A,-,N,NA,NA,NA,NA,NA,NA,NA,NA,NA,Y,3,0,1,2,A,-,09,21804,A,F,D,C,A,A,H,-,C,D,0,NA,NA,NA,NA,Y,Y,-,99,0,1,0,0,0,0,0,0,0,-,-,34.50675964355469,-117.3776626586914,SAN BERNARDINO,VICTORVILLE,-117.37696838378906,34.5067024230957
9482795,2022,2022-08-02,3600,2022-07-18,1236,F3800,YC108,1,5,4,3640,0,0,0,NA,0,YC3,4TH ST,AVENUE E,0,NA,Y,A,-,N,NA,NA,NA,NA,NA,NA,NA,NA,NA,Y,4,0,1,2,A,-,12,22450,A,M,D,C,A,A,H,-,A,A,0,NA,NA,NA,NA,Y,NA,A,07,0,0,1,0,0,0,0,0,0,-,-,NA,NA,SAN BERNARDINO,YUCAIPA,-117.05189514160156,34.02659606933594
9482800,2022,2022-09-14,3600,2022-07-14,1710,H7585,HE108,4,5,5,3619,0,0,0,NA,0,HE1,7TH AV,SYCAMORE ST,0,NA,Y,A,-,N,NA,NA,NA,NA,NA,NA,NA,NA,NA,Y,3,0,2,3,A,-,09,21802,A,N,D,C,A,A,H,-,A,A,0,NA,NA,NA,NA,Y,NA,A,01,0,1,1,0,0,0,0,0,0,-,-,NA,NA,SAN BERNARDINO,HESPERIA,-117.3123016357422,34.4635124206543
9482908,2022,2022-07-29,3605,2022-07-08,0841,461,NA,5,5,4,3605,0,0,0,NA,0,NA,KINGSLEY ST,PRADERA AV,102,W,N,A,-,N,NA,NA,NA,NA,NA,NA,NA,NA,NA,Y,3,0,2,3,A,-,09,21804,A,N,D,C,A,A,H,-,A,D,0,NA,NA,NA,NA,Y,NA,A,01,0,1,1,0,0,0,0,0,0,-,-,NA,NA,SAN BERNARDINO,MONTCLAIR,-117.71526336669922,34.06684875488281
94830151,2025,2025-09-04,9855,2025-08-22,1740,022410,NA,5,2,6,3616,0,1,1,NA,2,201,SR-210 E/B,MILLIKEN AVE,500,W,N,A,-,Y,SBD,NA,210,NA,NA,7.813,H,NA,R,Y,4,0,1,2,A,-,03,22350,NA,N,C,C,A,A,H,-,A,D,0,NA,NA,NA,NA,Y,NA,D,22,0,0,1,0,0,0,0,0,0,-,-,34.13645935058594,-117.56021118164063,SAN BERNARDINO,RANCHO CUCAMONGA,-117.56021118164063,34.13646697998047
94833328,2025,2025-09-08,9860,2025-08-30,925,023004,NA,6,1,9,3600,0,3,5,NA,2,003,VALLEY OF THE FALLS DR,TORREY PINES DR,750,W,N,A,-,N,NA,NA,NA,NA,NA,NA,NA,NA,NA,N,3,0,1,2,A,-,21,22106,NA,N,D,C,A,A,H,-,A,D,0,NA,NA,Y,NA,Y,NA,A,07,0,1,0,0,0,0,0,0,1,-,-,34.087100982666016,-116.92714691162108,SAN BERNARDINO,UNINCORPORATED,NA,NA
94833744,2025,2025-09-08,9860,2025-08-16,1800,023740,NA,6,2,9,3600,0,3,5,NA,2,002,DUFFY ST,KERN ST,0,NA,Y,A,-,N,NA,NA,NA,NA,NA,NA,NA,NA,NA,Y,3,0,1,2,A,-,09,21802,A,N,D,C,A,A,H,-,A,A,0,NA,NA,NA,NA,Y,NA,A,01,0,1,0,0,0,0,0,0,0,-,-,34.154239654541016,-117.34416961669922,SAN BERNARDINO,UNINCORPORATED,-117.34420013427734,34.154197692871094
94834017,2025,2025-09-08,9860,2025-05-04,213,023234,NA,7,3,4,3618,0,1,1,NA,2,203,SR-210 W/B,5TH ST,1056,E,N,B,C,Y,SBD,NA,210,NA,R,30.617,H,NA,L,Y,4,0,1,1,A,-,01,23152,A,M,E,I,A,B,H,-,D,D,0,NA,NA,NA,NA,Y,Y,A,01,0,0,1,0,0,0,0,0,0,-,-,34.10258102416992,-117.19937896728516,SAN BERNARDINO,HIGHLAND,-117.19943237304688,34.10258483886719
94834389,2025,2025-09-08,9860,2025-08-22,1440,022105,NA,5,2,9,3600,0,1,1,NA,2,214,I-215 S/B,IOWA AVE,100,N,N,A,-,Y,SBD,NA,215,NA,NA,0.433,H,NA,L,Y,3,0,2,4,A,-,03,22350,NA,N,C,2,A,A,H,-,A,D,0,NA,NA,Y,NA,Y,NA,C,02,0,1,1,0,0,0,0,0,2,-,-,34.024478912353516,-117.3350830078125,SAN BERNARDINO,UNINCORPORATED,-117.33512878417967,34.02450942993164
94834456,2025,2025-09-08,9860,2025-08-30,1105,023004,NA,6,1,9,3600,0,3,5,NA,2,004,LOCUST AVE,RANDALL AVE,150,S,N,A,-,N,NA,NA,NA,NA,NA,NA,NA,NA,NA,N,3,0,1,1,A,-,08,22107,NA,N,F,A,A,A,H,-,A,D,0,NA,Y,NA,NA,Y,NA,M,91,0,1,0,0,0,0,1,0,0,-,-,34.08448028564453,-117.40960693359376,SAN BERNARDINO,UNINCORPORATED,-117.40957641601563,34.08451843261719
94834457,2025,2025-09-08,9855,2025-09-05,829,021873,NA,5,1,6,3604,0,1,1,NA,2,201,SR-210 W/B (FOOTHILL FWY),CITRUS AVE.,404,W,N,A,-,Y,SBD,NA,210,NA,NA,13.84,H,NA,L,N,3,0,1,2,A,-,03,22350,NA,N,C,C,A,A,H,-,A,D,0,NA,NA,NA,NA,Y,NA,A,08,0,1,0,0,0,0,0,0,0,-,-,34.136531829833984,-117.45507049560548,SAN BERNARDINO,FONTANA,-117.45507049560548,34.13652420043945
94837263,2025,2025-09-09,9860,2025-08-30,1315,023004,NA,6,1,9,3600,0,1,3,NA,1,382,MILL CREEK RD,BRYANT ST,2430,E,N,A,-,N,NA,NA,NA,NA,NA,NA,NA,NA,NA,Y,2,0,2,2,A,-,01,23152,A,N,D,C,A,A,H,-,A,D,0,NA,NA,NA,NA,Y,Y,D,22,1,0,1,0,0,0,0,0,0,-,-,34.083030700683594,-117.04276275634766,SAN BERNARDINO,UNINCORPORATED,-117.04291534423828,34.082759857177734
94837649,2025,2025-09-09,9850,2025-08-19,740,018211,NA,2,1,9,3600,0,3,5,NA,2,005,WILSON RANCH RD,LINDERO ST,128,S,N,A,-,N,NA,NA,NA,NA,NA,NA,NA,NA,NA,N,3,0,2,2,A,-,03,22350,NA,N,C,C,A,A,H,-,A,D,0,NA,NA,NA,NA,Y,NA,A,07,0,2,0,0,0,0,0,0,0,-,-,34.42755126953125,-117.52100372314452,SAN BERNARDINO,UNINCORPORATED,-117.52136993408205,34.47367858886719
94840755,2025,2025-09-11,9855,2025-09-10,1408,021006,NA,3,2,5,3602,0,1,3,NA,2,071,SR-71 N/B (CHINO VALLEY FWY),EUCLID AVENUE,1000,N,N,A,-,Y,SBD,NA,71,NA,R,7.775,H,NA,R,Y,4,0,1,1,A,-,08,22107,NA,N,E,I,A,A,H,-,A,D,0,NA,NA,NA,NA,Y,NA,A,01,0,0,1,0,0,0,0,0,0,-,-,33.93315124511719,-117.66159057617188,SAN BERNARDINO,CHINO,-117.6616668701172,33.93309783935547
94841054,2025,2025-09-11,9860,2025-09-05,1500,023004,NA,5,2,6,3610,0,1,1,NA,2,103,I-10 W/B,WATERMAN AVE,1056,E,N,A,-,Y,SBD,NA,10,NA,NA,25.506,H,NA,L,N,4,0,2,2,A,-,03,22350,NA,N,C,C,A,A,H,-,A,D,0,NA,NA,NA,NA,Y,NA,A,01,0,0,2,0,0,0,0,0,0,-,-,34.06399154663086,-117.27496337890624,SAN BERNARDINO,SAN BERNARDINO,-117.27495574951172,34.064029693603516
94842428,2025,2025-09-12,9860,2025-09-05,845,023004,NA,5,1,9,3600,0,3,5,NA,2,003,NEW JERSEY ST,BARTON RD,0,NA,Y,A,-,N,NA,NA,NA,NA,NA,NA,NA,NA,NA,N,3,0,1,2,A,-,10,21950,A,N,G,B,B,A,H,-,A,A,0,Y,NA,NA,NA,Y,NA,A,07,0,1,0,0,1,0,0,0,0,-,-,34.04819107055664,-117.22161102294922,SAN BERNARDINO,UNINCORPORATED,-117.2217025756836,34.0482063293457
94847100,2025,2025-09-16,9860,2025-09-10,1448,020533,NA,3,2,9,3600,0,1,1,NA,2,102,I-10 E/B,CEDAR AVE,1400,E,N,A,-,Y,SBD,NA,10,NA,R,18.765,H,NA,R,Y,4,0,1,2,A,-,03,22350,NA,N,C,C,A,A,D,E,A,D,0,NA,NA,NA,NA,Y,NA,A,01,0,0,1,0,0,0,0,0,0,-,-,34.06829071044922,-117.39134979248048,SAN BERNARDINO,UNINCORPORATED,-117.39134979248048,34.06827163696289
9484726,2022,2022-08-24,3605,2022-08-05,2135,409,NA,5,5,4,3605,0,0,0,NA,0,NA,BENSON AV,ORCHARD ST,15,S,N,A,-,N,NA,NA,NA,NA,NA,NA,NA,NA,NA,N,4,0,2,2,A,-,09,21800,A,N,D,C,A,A,H,-,C,A,0,NA,NA,NA,NA,Y,NA,A,01,0,0,2,0,0,0,0,0,0,-,-,NA,NA,SAN BERNARDINO,MONTCLAIR,-117.68081665039063,34.07041931152344
9484762,2022,2022-08-31,3608,2022-07-08,0738,5143,NA,5,5,5,3608,0,0,0,NA,0,NA,WEST COLTON AV,TEXAS BL,0,NA,Y,A,-,N,NA,NA,NA,NA,NA,NA,NA,NA,NA,NA,4,0,1,2,A,-,10,21950,A,N,G,B,B,A,H,-,A,A,0,Y,NA,NA,NA,Y,NA,A,08,0,0,1,0,1,0,0,0,0,-,-,NA,NA,SAN BERNARDINO,REDLANDS,-117.1912841796875,34.0628776550293
94848098,2025,2025-09-17,9835,2025-09-10,47,023992,NA,3,3,9,3600,0,1,1,NA,2,070,I-15 N/B,HODGE,8765,N,N,A,-,Y,SBD,NA,15,NA,NA,61.768,H,NA,R,Y,3,0,1,2,A,-,08,22107,NA,N,C,C,A,A,H,-,D,D,0,NA,NA,NA,Y,Y,NA,D,22,0,1,0,0,0,0,0,0,0,-,-,34.7694091796875,-117.14627838134766,SAN BERNARDINO,UNINCORPORATED,-117.14627075195313,34.7693977355957
94854593,2025,2025-09-22,9860,2025-09-08,656,024498,NA,1,1,9,3600,0,1,1,NA,2,152,I-15 S/B,SR-138,10032,N,N,A,-,Y,SBD,NA,15,NA,R,23.37,H,NA,L,N,3,0,1,3,A,-,03,22350,NA,N,B,C,A,A,H,-,B,D,0,NA,NA,Y,NA,Y,NA,C,02,0,1,0,0,0,0,0,0,1,-,-,34.33890151977539,-117.48248291015624,SAN BERNARDINO,UNINCORPORATED,-117.4825439453125,34.33890151977539
9485704,2022,2022-10-19,3600,2022-08-10,1746,D6899,HE121,3,5,5,3619,0,0,0,NA,0,HE1,COTTONWOOD AV,CASHEW ST,46,N,N,A,-,N,NA,NA,NA,NA,NA,NA,NA,NA,NA,Y,3,0,1,3,A,-,05,21650,NA,N,E,E,A,A,H,-,A,D,0,NA,NA,NA,Y,Y,Y,F,21,0,1,0,0,0,0,0,0,0,-,-,NA,NA,SAN BERNARDINO,HESPERIA,-117.33847045898438,34.436134338378906
9485712,2022,2022-09-30,3600,2022-08-08,1601,B9547,HE5,1,5,5,3619,0,0,0,NA,0,HE128,COTTONWOOD AV,LIVE OAK ST,0,NA,Y,A,-,N,NA,NA,NA,NA,NA,NA,NA,NA,NA,N,4,0,1,2,A,-,09,21802,A,N,D,C,A,A,H,-,A,A,0,NA,NA,NA,NA,Y,NA,A,01,0,0,1,0,0,0,0,0,0,-,-,NA,NA,SAN BERNARDINO,HESPERIA,-117.33845520019533,34.4332160949707
94857851,2025,2025-09-24,9860,2025-09-09,5,022875,NA,2,3,9,3600,0,3,5,NA,2,002,COUNTRY CLUB DRIVE,RIVERSIDE AVE,20,E,N,A,-,N,NA,NA,NA,NA,NA,NA,NA,NA,NA,N,3,0,1,2,A,-,01,23152,A,N,C,C,A,A,H,-,C,D,0,NA,NA,NA,NA,Y,Y,A,01,0,1,0,0,0,0,0,0,0,-,-,34.145748138427734,-117.3820571899414,SAN BERNARDINO,UNINCORPORATED,-117.382080078125,34.14594268798828
9485847,2022,2022-09-07,3605,2022-08-12,1835,448,NA,5,5,4,3605,0,0,0,NA,0,NA,ARROW HWY,CENTRAL AV,12,E,N,A,-,N,NA,NA,NA,NA,NA,NA,NA,NA,NA,N,3,0,1,2,A,-,08,22107,NA,F,D,B,B,A,H,-,A,A,0,Y,NA,NA,NA,Y,NA,A,01,0,1,0,0,1,0,0,0,0,-,-,NA,NA,SAN BERNARDINO,MONTCLAIR,-117.68966674804688,34.09233093261719
94858778,2025,2025-09-24,9860,2025-09-14,1450,023004,NA,7,2,6,3604,0,1,1,NA,2,102,I-10 W/B TO SIERRA AVE,SIERRA AVE,1162,E,N,A,-,Y,SBD,NA,10,NA,NA,16.455,H,NA,L,N,4,0,1,2,A,-,08,22107,NA,F,B,C,A,A,H,-,A,D,0,NA,NA,NA,NA,Y,NA,-,99,0,0,1,0,0,0,0,0,0,-,-,34.06745910644531,-117.43163299560548,SAN BERNARDINO,FONTANA,-117.43163299560548,34.067359924316406
94863428,2025,2025-09-29,9860,2025-08-29,1350,023457,NA,5,1,6,3610,0,1,1,NA,2,151,I-15 N/B,GLEN HELEN PKY,480,S,N,A,-,Y,SBD,NA,15,NA,NA,14.689,H,NA,R,Y,4,0,1,4,A,-,03,22350,NA,N,C,C,A,A,H,-,A,D,0,NA,NA,NA,NA,Y,NA,A,07,0,0,1,0,0,0,0,0,0,-,-,34.20137023925781,-117.41597747802734,SAN BERNARDINO,SAN BERNARDINO,-117.41598510742188,34.20137023925781
94863434,2025,2025-09-29,9860,2025-09-17,1220,021934,NA,3,1,6,3610,0,1,1,NA,2,216,I-215 S/B,UNIVERSITY PKY,3180,S,N,A,-,Y,SBD,NA,215,NA,NA,11.036,H,NA,L,N,3,0,2,1,A,-,08,22107,NA,N,B,8,A,A,H,-,A,D,0,NA,NA,NA,NA,Y,NA,A,01,0,2,0,0,0,0,0,0,0,-,-,34.157249450683594,-117.32717895507813,SAN BERNARDINO,SAN BERNARDINO,-117.32721710205078,34.157230377197266
9486409,2022,2022-09-23,3608,2022-09-01,1526,4342,NA,4,5,5,3608,0,0,0,NA,0,NA,COLTON AV,LAWTON ST,0,NA,Y,A,-,N,NA,NA,NA,NA,NA,NA,NA,NA,NA,N,4,0,1,2,A,-,09,21804,A,N,-,C,A,A,H,-,A,A,0,NA,NA,NA,NA,Y,NA,A,01,0,0,1,0,0,0,0,0,0,-,-,NA,NA,SAN BERNARDINO,REDLANDS,-117.19013214111328,34.06283950805664
9486543,2022,2022-09-06,3600,2022-06-01,1958,G5388,RC020,3,5,6,3616,0,0,0,NA,0,RC5,CHURCH ST,SPRUCE AV,0,NA,Y,A,-,N,NA,NA,NA,NA,NA,NA,NA,NA,NA,Y,3,0,2,3,A,-,09,21801,A,N,D,C,A,A,H,-,B,A,0,NA,NA,NA,NA,Y,NA,A,01,0,2,0,0,0,0,0,0,0,-,-,NA,NA,SAN BERNARDINO,RANCHO CUCAMONGA,-117.56665802001952,34.10927963256836
9486608,2022,2022-09-09,3600,2022-08-19,1510,F8247,HE326,5,5,5,3619,0,0,0,NA,0,HE3,MARIPOSA RD,RANCHERO RD,0,NA,Y,A,-,N,NA,NA,NA,NA,NA,NA,NA,NA,NA,Y,3,0,3,2,A,-,17,21451,A,N,A,C,A,A,H,-,A,A,0,NA,NA,NA,NA,Y,NA,D,22,0,3,0,0,0,0,0,0,0,-,-,NA,NA,SAN BERNARDINO,HESPERIA,-117.41136932373048,34.38302230834961
94866661,2025,2025-11-13,9860,2025-09-25,1357,020533,NA,4,1,4,3640,0,1,1,NA,2,106,I-10 W/B,LIVE OAK CANYON RD,4171,E,N,A,-,Y,SBD,NA,10,NA,R,37.839,H,NA,L,Y,3,0,1,3,A,-,03,22350,NA,N,C,C,A,A,H,-,A,D,0,NA,NA,NA,NA,Y,NA,A,01,0,1,0,0,0,0,0,0,0,-,-,34.01428985595703,-117.08217620849608,SAN BERNARDINO,YUCAIPA,-117.08217620849608,34.01430130004883
94867010,2025,2025-09-30,9855,2025-09-02,1545,016146,NA,2,2,5,3602,0,1,3,NA,2,604,SR-60 E/B (POMONA FWY),PIPELINE AVENUE,492,W,N,A,-,Y,SBD,NA,60,NA,R,0.758,H,NA,R,N,4,0,1,4,A,-,03,22350,NA,N,C,C,A,A,H,-,A,D,0,NA,NA,NA,NA,Y,NA,A,07,0,0,1,0,0,0,0,0,0,-,-,34.028480529785156,-117.71719360351563,SAN BERNARDINO,CHINO,-117.71715545654295,34.028419494628906
9486836,2022,2022-09-22,3608,2022-08-09,1109,3675,NA,2,5,5,3608,0,0,0,NA,0,NA,REDLANDS BL,NEW JERSEY ST,0,NA,Y,A,-,N,NA,NA,NA,NA,NA,NA,NA,NA,NA,Y,4,0,1,2,A,-,03,22350,NA,N,A,E,A,A,H,-,A,A,0,NA,NA,NA,NA,Y,NA,A,01,0,0,1,0,0,0,0,0,0,-,-,NA,NA,SAN BERNARDINO,REDLANDS,-117.22180938720705,34.062957763671875
94868824,2025,2025-10-01,9835,2025-03-12,2155,023992,NA,3,2,9,3600,0,1,1,NA,2,075,I-15 N/B,EAST BAKER BOULEVARD,6864,N,N,A,-,Y,SBD,NA,15,NA,NA,139.719,H,NA,R,Y,1,1,1,3,A,-,01,23152,A,N,A,C,A,A,H,-,D,D,0,NA,NA,NA,Y,Y,Y,D,22,1,0,0,0,0,0,0,0,0,-,-,35.29182052612305,-116.03321075439452,SAN BERNARDINO,UNINCORPORATED,-116.0331802368164,35.29179000854492
94869653,2025,2025-10-02,9850,2025-09-22,1440,020572,NA,1,2,9,3600,0,3,5,NA,2,002,RANCHERO RD,CATABA RD,50,W,N,A,-,N,NA,NA,NA,NA,NA,NA,NA,NA,NA,N,4,0,1,2,A,-,17,21461,A,N,D,C,A,A,H,-,A,D,0,NA,NA,NA,NA,Y,NA,A,01,0,0,1,0,0,0,0,0,0,-,-,34.38311004638672,-117.38610076904295,SAN BERNARDINO,UNINCORPORATED,-117.3864288330078,34.38309860229492
94869958,2025,2025-10-02,9865,2025-09-26,730,021841,NA,5,1,9,3600,0,1,3,NA,2,014,SR-138,SR-18,642,E,N,E,-,Y,NA,NA,NA,NA,NA,NA,NA,NA,NA,N,4,0,1,1,A,-,08,22107,NA,N,E,I,A,B,H,-,A,D,0,NA,NA,NA,NA,Y,NA,D,22,0,0,1,0,0,0,0,0,0,-,-,34.22768020629883,-117.29042053222656,SAN BERNARDINO,UNINCORPORATED,-117.29051208496094,34.22871780395508
94871423,2025,2025-10-03,9850,2025-09-13,1720,024259,NA,6,2,9,3600,0,1,3,NA,2,034,SR-18,POWHATAN RD,410,S,N,A,-,Y,SBD,NA,18,NA,NA,86.505,H,NA,R,Y,4,0,1,2,A,-,08,22107,NA,N,A,C,A,A,H,-,A,D,0,NA,NA,NA,NA,Y,NA,A,07,0,0,1,0,0,0,0,0,0,-,-,34.4970703125,-117.15055847167967,SAN BERNARDINO,UNINCORPORATED,-117.15055847167967,34.4970703125
94875937,2025,2025-10-07,9835,2025-10-02,805,023479,NA,4,1,9,3600,0,1,1,NA,2,077,SB I-15,NIPTON RD,47,S,N,A,-,Y,SBD,NA,15,NA,NA,175.975,H,NA,L,N,3,0,1,2,A,-,03,22350,NA,N,C,C,A,A,H,-,A,D,0,NA,NA,NA,Y,Y,NA,A,07,0,1,0,0,0,0,0,0,0,-,-,35.46849822998047,-115.45478057861328,SAN BERNARDINO,UNINCORPORATED,-115.45474243164063,35.46845626831055
94876356,2025,2025-10-07,9855,2025-09-28,655,020620,NA,7,1,5,3611,0,1,1,NA,2,203,SR-210 E/B (FOOTHILL FWY),LA COUNTY LINE,528,E,N,A,-,Y,SBD,NA,210,NA,NA,0.35,H,NA,R,Y,3,0,2,2,A,-,07,21658,A,N,C,2,A,A,H,-,A,D,0,NA,NA,NA,NA,Y,NA,A,01,0,1,1,0,0,0,0,0,0,-,-,34.12749099731445,-117.68778228759766,SAN BERNARDINO,UPLAND,-117.68782806396484,34.12753677368164
9487704,2022,2022-10-12,3608,2022-09-16,1241,4345,SANBE,5,5,5,3608,0,0,0,NA,0,NA,COLTON AV,CALHOUN ST,205,E,N,A,-,N,NA,NA,NA,NA,NA,NA,NA,NA,NA,Y,4,0,1,2,A,-,09,21804,A,N,D,C,A,A,H,-,A,A,0,NA,NA,NA,NA,Y,NA,A,01,0,0,1,0,0,0,0,0,0,-,-,NA,NA,SAN BERNARDINO,REDLANDS,-117.18837738037108,34.06283950805664