CASE_ID,ACCIDENT_YEAR,PROC_DATE,JURIS,COLLISION_DATE,COLLISION_TIME,OFFICER_ID,REPORTING_DISTRICT,DAY_OF_WEEK,CHP_SHIFT,POPULATION,CNTY_CITY_LOC,SPECIAL_COND,BEAT_TYPE,CHP_BEAT_TYPE,CITY_DIVISION_LAPD,CHP_BEAT_CLASS,BEAT_NUMBER,PRIMARY_RD,SECONDARY_RD,DISTANCE,DIRECTION,INTERSECTION,WEATHER_1,WEATHER_2,STATE_HWY_IND,CALTRANS_COUNTY,CALTRANS_DISTRICT,STATE_ROUTE,ROUTE_SUFFIX,POSTMILE_PREFIX,POSTMILE,LOCATION_TYPE,RAMP_INTERSECTION,SIDE_OF_HWY,TOW_AWAY,COLLISION_SEVERITY,NUMBER_KILLED,NUMBER_INJURED,PARTY_COUNT,PRIMARY_COLL_FACTOR,PCF_CODE_OF_VIOL,PCF_VIOL_CATEGORY,PCF_VIOLATION,PCF_VIOL_SUBSECTION,HIT_AND_RUN,TYPE_OF_COLLISION,MVIW,PED_ACTION,ROAD_SURFACE,ROAD_COND_1,ROAD_COND_2,LIGHTING,CONTROL_DEVICE,CHP_ROAD_TYPE,PEDESTRIAN_ACCIDENT,BICYCLE_ACCIDENT,MOTORCYCLE_ACCIDENT,TRUCK_ACCIDENT,NOT_PRIVATE_PROPERTY,ALCOHOL_INVOLVED,STWD_VEHTYPE_AT_FAULT,CHP_VEHTYPE_AT_FAULT,COUNT_SEVERE_INJ,COUNT_VISIBLE_INJ,COUNT_COMPLAINT_PAIN,COUNT_PED_KILLED,COUNT_PED_INJURED,COUNT_BICYCLIST_KILLED,COUNT_BICYCLIST_INJURED,COUNT_MC_KILLED,COUNT_MC_INJURED,PRIMARY_RAMP,SECONDARY_RAMP,LATITUDE,LONGITUDE,COUNTY,CITY,POINT_X,POINT_Y
95001418,2025,2026-01-06,9855,2025-12-23,715,021838,NA,2,1,6,3607,0,1,1,NA,2,152,I-15 S/B (ONTARIO FWY),JURUPA ST,1584,N,N,B,-,Y,SBD,NA,15,NA,NA,1.694,H,NA,L,Y,4,0,1,2,A,-,03,22350,NA,N,C,C,A,A,H,-,A,D,0,NA,NA,NA,NA,Y,NA,D,22,0,0,1,0,0,0,0,0,0,-,-,34.057350158691406,-117.54598236083984,SAN BERNARDINO,ONTARIO,-117.54601287841795,34.05735778808594
95004607,2025,2026-01-08,9835,2025-12-31,537,024981,NA,3,3,9,3600,0,1,1,NA,2,070,I-15 S/B,HODGE RD,7392,S,N,A,-,Y,SBD,NA,15,NA,NA,58.678,H,NA,L,Y,4,0,1,2,A,-,01,23152,A,N,C,2,A,A,H,-,D,D,0,NA,NA,NA,NA,Y,Y,A,01,0,0,1,0,0,0,0,0,0,-,-,34.735939025878906,-117.18229675292967,SAN BERNARDINO,UNINCORPORATED,-117.18235778808594,34.7359733581543
95004763,2025,2026-01-08,9860,2025-12-13,145,023695,NA,6,3,6,3610,0,1,1,NA,2,104,I-10 W/B,MOUNTAIN VIEW AVE,275,W,N,B,-,Y,SBD,NA,10,NA,NA,27.253,H,NA,L,Y,4,0,1,2,A,-,03,22350,NA,F,C,C,A,A,H,-,D,D,0,NA,NA,NA,NA,Y,NA,A,01,0,0,1,0,0,0,0,0,0,-,-,34.066688537597656,-117.24469757080078,SAN BERNARDINO,SAN BERNARDINO,-117.24469757080078,34.06673812866211
95004888,2025,2026-01-08,9860,2025-12-17,1725,022736,NA,3,2,5,3608,0,1,1,NA,2,105,I-10 W/B,TEXAS ST,383,E,N,A,-,Y,SBD,NA,10,NA,NA,30.47,H,NA,L,N,4,0,2,3,A,-,08,22107,NA,F,B,C,A,A,H,-,B,D,0,NA,NA,NA,Y,Y,NA,F,25,0,0,2,0,0,0,0,0,0,-,-,34.06193923950195,-117.19004821777344,SAN BERNARDINO,REDLANDS,-117.19004821777344,34.06193161010742
95010006,2025,2026-01-12,9860,2025-12-30,1555,024899,NA,2,2,6,3610,0,1,1,NA,2,214,I-215 N/B,ORANGE SHOW RD,1000,S,N,B,-,Y,SBD,NA,215,NA,NA,4.518,H,NA,R,Y,3,0,1,5,A,-,08,22107,NA,N,B,C,A,A,H,-,B,D,0,NA,NA,NA,NA,Y,NA,A,01,0,1,0,0,0,0,0,0,0,-,-,34.07086181640625,-117.29557800292967,SAN BERNARDINO,SAN BERNARDINO,-117.29558563232422,34.07086181640625
95010092,2025,2026-01-12,9860,2025-12-25,1915,023650,NA,4,2,6,3610,0,1,1,NA,2,214,I-215 NORTHBOUND TO BASELINE STREET,BASELINE ST,950,S,N,A,-,Y,SBD,NA,215,NA,NA,7.876,H,NA,R,N,2,0,1,2,A,-,11,21954,A,F,G,B,E,A,H,-,C,D,0,Y,NA,NA,NA,Y,NA,N,60,1,0,0,0,1,0,0,0,0,-,-,34.118431091308594,-117.30213928222656,SAN BERNARDINO,SAN BERNARDINO,-117.30240631103516,34.118431091308594
95011593,2025,2026-01-13,9855,2025-12-13,1720,023010,NA,6,2,6,3616,0,1,1,NA,2,201,SR-210 W/B (FOOTHILL FWY),MILLIKEN AVENUE,1500,E,N,A,-,Y,SBD,NA,210,NA,NA,8.275,H,NA,L,Y,4,0,2,3,A,-,03,22350,NA,N,C,C,A,A,H,-,C,D,0,NA,NA,NA,NA,Y,NA,A,08,0,0,2,0,0,0,0,0,0,-,-,34.136680603027344,-117.55216217041016,SAN BERNARDINO,RANCHO CUCAMONGA,-117.55216217041016,34.13666915893555
95013606,2025,2026-01-14,9855,2025-12-29,1916,021483,NA,1,2,6,3616,0,1,1,NA,2,201,SR-210 E/B (FOOTHILL FWY),MILLIKEN AVENUE,2000,E,N,G,-,Y,SBD,NA,210,NA,NA,8.402,H,NA,R,N,4,0,2,2,D,-,00,NA,NA,N,B,C,A,A,H,-,C,D,0,NA,NA,NA,NA,Y,NA,-,-,0,0,2,0,0,0,0,0,0,-,-,34.136478424072266,-117.54994964599608,SAN BERNARDINO,RANCHO CUCAMONGA,-117.54994964599608,34.13648223876953
95013923,2025,2026-01-14,9855,2025-12-29,535,020216,NA,1,3,6,3604,0,1,1,NA,2,101,I-10 W/B (SAN BERNARDINO FWY),CHERRY AVE.,2112,W,N,A,G,Y,SBD,NA,10,NA,NA,12.723,H,NA,L,Y,4,0,1,1,A,-,08,22107,NA,N,E,I,A,A,C,-,C,D,0,NA,NA,NA,NA,Y,NA,A,01,0,0,1,0,0,0,0,0,0,-,-,34.06568908691406,-117.49658203125,SAN BERNARDINO,FONTANA,-117.49658966064452,34.065826416015625
9501501,2022,2022-10-17,3604,2022-08-28,1309,680,NA,7,5,6,3604,0,0,0,NA,0,NA,ETIWANDA AV,JURUPA AV,25,S,N,A,-,N,NA,NA,NA,NA,NA,NA,NA,NA,NA,N,4,0,1,2,A,-,03,22350,NA,N,C,C,A,A,H,-,A,A,0,NA,NA,NA,NA,Y,NA,A,01,0,0,1,0,0,0,0,0,0,-,-,NA,NA,SAN BERNARDINO,FONTANA,-117.5242919921875,34.046730041503906
9501670,2022,2022-10-26,3603,2022-09-25,1743,4603,CPD,7,5,4,3603,0,0,0,NA,0,002,N 10TH ST,W F ST,0,NA,Y,A,-,N,NA,NA,NA,NA,NA,NA,NA,NA,NA,Y,3,0,1,3,A,-,12,22450,NA,M,D,C,A,A,H,-,A,A,0,NA,NA,NA,NA,Y,Y,A,01,0,1,0,0,0,0,0,0,0,-,-,NA,NA,SAN BERNARDINO,COLTON,-117.3205337524414,34.0696907043457
95018549,2025,2026-01-19,9855,2025-12-18,755,021926,NA,4,1,6,3607,0,1,1,NA,2,103,I-10 EB,ARCHIBALD AVENUE.,2440,E,N,A,-,Y,SBD,NA,10,NA,NA,7.592,H,NA,R,N,4,0,2,4,A,-,07,21658,A,N,B,C,A,A,H,-,A,D,0,NA,NA,NA,NA,Y,NA,A,07,0,0,2,0,0,0,0,0,0,-,-,34.06755828857422,-117.58582305908205,SAN BERNARDINO,ONTARIO,-117.58582305908205,34.0675048828125
95019610,2025,2026-01-20,9860,2025-12-20,2335,023952,NA,6,3,9,3600,0,3,5,NA,2,003,SAND CANYON RD,CRAFTON AVE,1584,E,N,A,-,N,NA,NA,NA,NA,NA,NA,NA,NA,NA,Y,2,0,3,2,A,-,01,23152,A,N,C,C,A,A,H,-,D,D,0,NA,NA,NA,NA,Y,Y,A,01,1,0,2,0,0,0,0,0,0,-,-,34.04705810546875,-117.11683654785156,SAN BERNARDINO,UNINCORPORATED,-117.1167449951172,34.04697036743164
95020110,2025,2026-01-20,9850,2025-12-27,1511,023529,NA,6,2,9,3600,0,3,5,NA,2,005,PHELAN RD,JOHNSON RD,1320,E,N,A,-,N,NA,NA,NA,NA,NA,NA,NA,NA,NA,Y,4,0,1,2,A,-,03,22350,NA,F,C,C,A,A,H,-,A,D,0,NA,NA,NA,NA,Y,NA,B,07,0,0,1,0,0,0,0,0,0,-,-,34.42641830444336,-117.55043029785156,SAN BERNARDINO,UNINCORPORATED,-117.55061340332033,34.42644119262695
95023367,2025,2026-01-21,9860,2025-12-10,1757,022347,NA,3,2,6,3610,0,1,1,NA,2,202,SR-210 E/B,VALENCIA AVENUE,193,W,N,A,-,Y,SBD,NA,210,NA,R,24.525,H,NA,R,N,4,0,1,3,A,-,08,22107,NA,F,B,C,A,A,H,-,D,D,0,NA,NA,NA,NA,Y,NA,A,01,0,0,1,0,0,0,0,0,0,-,-,34.14480972290039,-117.27329254150392,SAN BERNARDINO,SAN BERNARDINO,-117.27329254150392,34.14479446411133
95028282,2025,2026-01-26,9860,2025-11-14,2230,023641,NA,5,3,9,3600,0,1,1,NA,2,151,I-15 N/B,CLEGHORN RD,1584,S,N,A,-,Y,SBD,NA,15,NA,R,19.604,H,NA,R,N,3,0,1,2,A,-,03,22350,NA,F,C,C,A,A,H,-,C,D,0,NA,NA,NA,NA,Y,NA,A,07,0,1,0,0,0,0,0,0,0,-,-,34.29399871826172,-117.45348358154295,SAN BERNARDINO,UNINCORPORATED,-117.4534912109375,34.29399490356445
95029201,2025,2026-01-26,9865,2025-12-26,1740,024215,NA,5,2,9,3600,0,1,3,NA,1,030,SR-18,SR-38,430,S,N,C,-,Y,SBD,NA,18,NA,NA,44.242,H,NA,R,Y,3,0,3,2,C,-,18,NA,NA,N,E,8,A,B,C,-,C,D,0,NA,NA,NA,NA,Y,NA,-,-,0,1,2,0,0,0,0,0,0,-,-,34.242271423339844,-116.9794464111328,SAN BERNARDINO,UNINCORPORATED,-116.97945404052734,34.24223327636719
95034075,2025,2026-01-28,9855,2025-08-12,655,020620,NA,2,1,6,3604,0,1,1,NA,2,101,INTERSTATE 10 W/B (SAN BERNARDINO FREEWAY),CHERRY AVENUE,4224,W,N,A,-,Y,SBD,NA,10,NA,NA,12.332,H,NA,L,Y,1,1,0,3,A,-,03,22350,NA,N,B,C,A,A,H,-,A,D,0,NA,NA,Y,NA,Y,NA,C,02,0,0,0,0,0,0,0,1,0,-,-,34.06562042236328,-117.50340270996094,SAN BERNARDINO,FONTANA,-117.50340270996094,34.065670013427734
95034183,2025,2026-01-28,9860,2025-12-14,20,023656,NA,7,3,6,3610,0,1,1,NA,2,214,I-215 NORTHBOUND,BASELINE ST,1373,S,N,A,-,Y,SBD,NA,215,NA,NA,7.805,H,NA,R,Y,4,0,1,2,A,-,01,23152,A,N,B,2,A,A,H,-,C,D,0,NA,NA,NA,NA,Y,Y,D,22,0,0,1,0,0,0,0,0,0,-,-,34.117401123046875,-117.3022689819336,SAN BERNARDINO,SAN BERNARDINO,-117.30242156982422,34.117401123046875
9504011,2022,2022-10-13,3600,2022-07-28,0409,G6918,VC055,4,5,5,3612,0,0,0,NA,0,VC5,HOOK BL,AMARGOSA RD,29,W,N,A,-,N,NA,NA,NA,NA,NA,NA,NA,NA,NA,Y,1,1,1,2,A,-,03,22350,NA,N,C,C,A,A,H,-,A,A,0,NA,NA,NA,NA,Y,NA,A,01,0,1,0,0,0,0,0,0,0,-,-,34.52143096923828,-117.3302764892578,SAN BERNARDINO,VICTORVILLE,-117.33038330078124,34.52143859863281
9504043,2021,2022-10-07,3605,2021-12-17,1739,429,NA,5,5,4,3605,0,0,0,NA,0,NA,ORCHARD ST,RAMONA AV,0,NA,Y,A,-,N,NA,NA,NA,NA,NA,NA,NA,NA,NA,N,1,1,0,2,A,-,12,22450,A,F,G,B,B,A,H,-,C,A,0,Y,NA,NA,NA,Y,NA,A,01,0,0,0,1,0,0,0,0,0,-,-,NA,NA,SAN BERNARDINO,MONTCLAIR,-117.70702362060548,34.07048034667969
95054174,2025,2026-02-12,9850,2025-08-03,830,024350,NA,7,1,9,3600,0,2,4,NA,2,053,EL MIRAGE ROAD,EL MIRAGE AIRPORT ROAD,1056,W,N,A,-,N,NA,NA,NA,NA,NA,NA,NA,NA,NA,Y,1,1,0,2,A,-,08,22107,NA,F,E,J,A,A,H,-,A,D,0,NA,NA,NA,NA,Y,Y,A,07,0,0,0,0,0,0,0,0,0,-,-,34.60213088989258,-117.60832214355467,SAN BERNARDINO,UNINCORPORATED,-117.60839080810548,34.602046966552734
9507246,2022,2022-10-19,3600,2022-09-11,2023,G6721,AP008,7,5,5,3621,0,0,0,NA,0,AP3,SERRANO RD,RANCHERIAS RD,0,NA,Y,A,-,N,NA,NA,NA,NA,NA,NA,NA,NA,NA,Y,3,0,1,1,A,-,03,22350,NA,N,E,I,A,A,H,-,D,D,0,NA,NA,NA,NA,Y,NA,A,01,0,1,0,0,0,0,0,0,0,-,-,NA,NA,SAN BERNARDINO,APPLE VALLEY,-117.22566223144533,34.53208923339844
9507700,2022,2022-11-30,3600,2022-09-10,0100,J2151,NA,6,5,3,3690,0,0,0,NA,0,NA,BARTON RD,RT 215,10,E,N,A,-,Y,SBD,8,215,-,-,1.069,R,4,N,N,3,0,1,2,A,-,01,23152,A,F,A,C,A,B,H,-,C,A,0,NA,NA,NA,NA,Y,Y,D,22,0,1,0,0,0,0,0,0,0,-,NF,NA,NA,SAN BERNARDINO,GRAND TERRACE,-117.3277587890625,34.031280517578125
9507793,2022,2022-10-06,3600,2022-09-05,1821,F6910,HI001,1,5,4,3618,0,0,0,NA,0,HI1,6TH ST,ELM ST,0,NA,Y,A,-,N,NA,NA,NA,NA,NA,NA,NA,NA,NA,N,4,0,2,2,A,-,03,22350,A,N,C,C,A,A,H,-,A,D,0,NA,NA,NA,NA,Y,NA,A,01,0,0,2,0,0,0,0,0,0,-,-,34.11021041870117,-117.24577331542967,SAN BERNARDINO,HIGHLAND,-117.24594879150392,34.11018753051758
9508152,2022,2022-10-21,3604,2022-09-10,1022,1398,NA,6,5,6,3604,0,0,0,NA,0,NA,LOCUST AV,MERRILL,15,S,N,A,-,N,NA,NA,NA,NA,NA,NA,NA,NA,NA,N,4,0,1,2,A,-,03,22350,NA,N,C,C,A,A,H,-,A,A,0,NA,NA,NA,NA,Y,NA,A,01,0,0,1,0,0,0,0,0,0,-,-,NA,NA,SAN BERNARDINO,FONTANA,-117.40963745117188,34.09217834472656
9508154,2022,2022-10-21,3604,2022-09-09,1938,1163,NA,5,5,6,3604,0,0,0,NA,0,NA,CHERRY AV,BANANA AV,0,NA,Y,B,-,N,NA,NA,NA,NA,NA,NA,NA,NA,NA,N,3,0,1,2,A,-,12,22450,A,N,D,C,A,A,H,-,C,A,0,NA,NA,NA,NA,Y,NA,A,01,0,1,0,0,0,0,0,0,0,-,-,NA,NA,SAN BERNARDINO,FONTANA,-117.49765777587892,34.03843307495117
9508158,2022,2022-10-25,3604,2022-09-13,1518,925,NA,2,5,6,3604,0,0,0,NA,0,NA,SLOVER AV,CITRUS AV,201,E,N,B,-,N,NA,NA,NA,NA,NA,NA,NA,NA,NA,N,3,0,1,2,A,-,05,21650,NA,N,D,G,A,A,H,-,A,A,0,NA,Y,NA,Y,Y,NA,L,04,0,1,0,0,0,0,1,0,0,-,-,NA,NA,SAN BERNARDINO,FONTANA,-117.45310974121094,34.063011169433594
95081869,2025,2026-03-04,9860,2025-12-23,2049,022645,NA,2,2,9,3600,0,1,1,NA,2,152,INTERSTATE 15 SOUTHBOUND,STATE ROUTE 138,5005,N,N,A,-,Y,SBD,NA,15,NA,R,22.188,H,NA,L,Y,1,1,0,2,A,-,08,22107,NA,N,C,E,A,A,H,-,D,D,0,NA,NA,NA,Y,Y,NA,A,07,0,0,0,0,0,0,0,0,0,-,-,34.32170867919922,-117.48216247558594,SAN BERNARDINO,UNINCORPORATED,-117.48193359375,34.32174301147461
95082625,2025,2026-03-04,9860,2025-10-23,1815,023878,NA,4,2,9,3600,0,1,1,NA,2,151,I-15 N/B,WEST KENWOOD AVE U/C,2080,N,N,A,-,Y,SBD,NA,15,NA,R,15.389,H,NA,R,N,4,0,1,2,A,-,03,22350,NA,M,C,C,A,A,H,-,A,D,0,NA,NA,NA,Y,Y,NA,G,25,0,0,1,0,0,0,0,0,0,-,-,34.24087142944336,-117.4301300048828,SAN BERNARDINO,UNINCORPORATED,-117.43022918701172,34.24077606201172
95082630,2025,2026-03-04,9860,2025-12-21,1515,023985,NA,7,2,9,3600,0,3,5,NA,2,004,LINDEN AVE,SAN BERNARDINO AVE.,0,NA,Y,A,-,N,NA,NA,NA,NA,NA,NA,NA,NA,NA,N,3,0,2,2,A,-,09,21801,A,N,D,C,A,A,H,-,A,A,0,NA,NA,NA,NA,Y,NA,A,01,0,1,1,0,0,0,0,0,0,-,-,34.07773971557617,-117.40088653564452,SAN BERNARDINO,UNINCORPORATED,-117.40081787109376,34.07768249511719
9508527,2022,2022-11-17,3600,2022-10-05,0700,J1624,VC068,3,5,5,3612,0,0,0,NA,0,VC4,LA MESA RD,AMETHYST RD,0,NA,Y,A,-,N,NA,NA,NA,NA,NA,NA,NA,NA,NA,Y,4,0,1,2,A,-,09,21802,A,N,D,C,A,A,H,-,A,B,0,NA,NA,NA,NA,Y,NA,A,01,0,0,1,0,0,0,0,0,0,-,-,34.484901428222656,-117.3643035888672,SAN BERNARDINO,VICTORVILLE,-117.36431121826172,34.48491287231445
9508558,2022,2022-11-03,3600,2022-09-29,1900,11592,VC048,4,5,5,3612,0,0,0,NA,0,VC6,VILLAGE DR,ETO CAMINO RD,400,N,N,A,-,N,NA,NA,NA,NA,NA,NA,NA,NA,NA,Y,3,0,1,1,A,-,00,23157,NA,N,E,I,A,A,H,-,B,D,0,NA,NA,NA,NA,Y,Y,A,07,0,1,0,0,0,0,0,0,0,-,-,34.54096984863281,-117.31987762451172,SAN BERNARDINO,VICTORVILLE,-117.31958770751952,34.54085159301758
9509096,2022,2022-11-21,3604,2022-10-09,0020,1139,NA,7,5,6,3604,0,0,0,NA,0,NA,ALDER AV,BASELINE AV,20,S,N,A,-,N,NA,NA,NA,NA,NA,NA,NA,NA,NA,Y,3,0,1,1,A,-,03,22350,NA,N,E,I,A,A,H,-,C,A,0,NA,NA,NA,NA,Y,NA,A,01,0,1,0,0,0,0,0,0,0,-,-,NA,NA,SAN BERNARDINO,FONTANA,-117.41840362548828,34.12127685546875
9509201,2022,2022-12-05,3604,2022-10-20,1953,1139,NA,4,5,6,3604,0,0,0,NA,0,NA,SIERRA AV,VALLEY BL,0,NA,Y,A,-,N,NA,NA,NA,NA,NA,NA,NA,NA,NA,N,4,0,1,2,A,-,05,21650,NA,N,D,G,A,A,H,-,C,A,0,NA,Y,NA,NA,Y,NA,L,04,0,0,1,0,0,0,1,0,0,-,-,NA,NA,SAN BERNARDINO,FONTANA,-117.43568420410156,34.07037353515625
9509388,2022,2022-11-09,3600,2022-09-26,0958,H8240,HE101,1,5,5,3619,0,0,0,NA,0,HE1,MARIPOSA RD,BEAR VALLEY RD,0,NA,Y,A,-,N,NA,NA,NA,NA,NA,NA,NA,NA,NA,Y,3,0,1,2,A,-,12,21453,A,N,D,C,A,A,H,-,A,-,0,NA,NA,NA,NA,Y,NA,A,01,0,1,0,0,0,0,0,0,0,-,-,NA,NA,SAN BERNARDINO,HESPERIA,-117.34286499023438,34.47045135498047
9509786,2022,2022-12-05,3610,2022-10-12,1345,51384,NA,3,5,6,3610,0,0,0,NA,0,DAVID,W INLAND CENTER DR,S G ST,0,NA,Y,A,-,N,NA,NA,NA,NA,NA,NA,NA,NA,NA,Y,3,0,2,2,A,-,12,21453,A,N,D,C,A,A,H,-,A,A,0,NA,NA,NA,NA,Y,NA,D,23,0,2,0,0,0,0,0,0,0,-,-,34.08892822265625,-117.2973403930664,SAN BERNARDINO,SAN BERNARDINO,-117.29734802246094,34.08894729614258
9509863,2022,2022-12-15,3600,2022-11-07,1749,D3381,VC056,1,5,5,3612,0,0,0,NA,0,VC5,AMARGOSA RD,PALMDALE RD,0,NA,Y,B,-,N,NA,NA,NA,NA,NA,NA,NA,NA,NA,Y,4,0,1,3,A,-,03,22350,NA,N,C,C,A,A,H,-,C,A,0,NA,NA,NA,NA,Y,NA,A,01,0,0,1,0,0,0,0,0,0,-,-,34.50690841674805,-117.33011627197266,SAN BERNARDINO,VICTORVILLE,-117.33013916015624,34.506954193115234
9509899,2022,2022-12-07,3600,2022-10-24,1632,H7541,VC013,1,5,5,3612,0,0,0,NA,0,VC4,AMARGOSA RD,UNNAMED RD,0,NA,Y,A,-,N,NA,NA,NA,NA,NA,NA,NA,NA,NA,N,3,0,1,2,A,-,08,22107,A,N,D,C,A,A,H,-,A,D,0,NA,NA,Y,NA,Y,NA,A,01,0,1,0,0,0,0,0,0,0,-,-,34.47196960449219,-117.34684753417967,SAN BERNARDINO,VICTORVILLE,NA,NA
9510173,2022,2022-12-27,3608,2022-11-09,1350,3675,NA,3,5,5,3608,0,0,0,NA,0,NA,CENTER ST,STATE ST,0,NA,Y,A,-,N,NA,NA,NA,NA,NA,NA,NA,NA,NA,Y,4,0,1,2,A,-,09,21802,A,N,D,C,A,A,H,-,A,A,0,NA,NA,NA,NA,Y,NA,A,01,0,0,1,0,0,0,0,0,0,-,-,NA,NA,SAN BERNARDINO,REDLANDS,-117.19134521484376,34.057071685791016
9510810,2022,2022-12-23,3604,2022-11-08,2034,1047,NA,2,5,6,3604,0,0,0,NA,0,NA,LOCUST AV,ARROW BL,8,S,N,C,-,N,NA,NA,NA,NA,NA,NA,NA,NA,NA,N,3,0,1,2,A,-,10,21950,A,F,G,B,B,B,H,-,C,A,0,Y,NA,NA,NA,Y,NA,A,07,0,1,0,0,1,0,0,0,0,-,-,NA,NA,SAN BERNARDINO,FONTANA,-117.40963745117188,34.099456787109375
9510902,2022,2023-01-04,3600,2022-11-26,1358,I3985,HE134,6,5,5,3619,0,0,0,NA,0,HE1,MAIN ST,MESA LINDA,0,NA,Y,A,-,N,NA,NA,NA,NA,NA,NA,NA,NA,NA,Y,4,0,1,2,A,-,09,21453,C,N,A,C,A,A,H,-,A,A,0,NA,NA,NA,NA,Y,NA,A,08,0,0,1,0,0,0,0,0,0,-,-,NA,NA,SAN BERNARDINO,HESPERIA,-117.39044952392578,34.42665481567383
9511271,2022,2023-02-04,3608,2022-12-02,1457,3372,NA,5,5,5,3608,0,0,0,NA,0,REDLAN,W SAN BERNARDINO,TENNESSEE ST,46,E,N,A,-,N,NA,NA,NA,NA,NA,NA,NA,NA,NA,N,4,0,1,2,A,-,21,22106,NA,N,C,C,A,A,H,-,A,A,0,NA,NA,NA,NA,Y,NA,A,01,0,0,1,0,0,0,0,0,0,-,-,NA,NA,SAN BERNARDINO,REDLANDS,-117.19927215576172,34.07737731933594
9511568,2022,2023-01-03,3600,2022-09-06,2014,G9800,AD310,2,5,3,3613,0,0,0,NA,0,AD2,VICTOR ST,VERBENA,6,W,N,A,-,N,NA,NA,NA,NA,NA,NA,NA,NA,NA,Y,3,0,1,2,A,-,09,21800,NA,N,B,C,A,A,H,-,D,-,0,NA,NA,NA,NA,Y,NA,A,07,0,1,0,0,0,0,0,0,0,-,-,NA,NA,SAN BERNARDINO,ADELANTO,-117.42594146728516,34.52122116088867
9511718,2022,2023-01-10,3600,2022-11-27,1702,I3985,HE111,7,5,5,3619,0,0,0,NA,0,HE1,MARIPOSA RD,MOJAVE ST,219,N,N,A,-,N,NA,NA,NA,NA,NA,NA,NA,NA,NA,Y,3,0,1,2,C,-,18,NA,NA,N,H,J,A,A,H,-,D,D,0,NA,NA,NA,NA,Y,NA,-,-,0,1,0,0,0,0,0,0,0,-,-,NA,NA,SAN BERNARDINO,HESPERIA,-117.36807250976563,34.44181442260742
9514984,2023,2024-02-16,3600,2023-12-22,2350,H5902,TW003,5,5,3,3617,0,0,0,NA,0,TW1,OCOTILLO AV,RT 62,0,NA,Y,A,-,Y,SBD,8,62,NA,NA,33.314,H,-,R,Y,4,0,1,2,A,-,03,22350,NA,N,B,E,A,A,H,-,C,D,0,NA,NA,NA,NA,Y,NA,A,01,0,0,1,0,0,0,0,0,0,-,-,34.13555145263672,-116.05255889892578,SAN BERNARDINO,TWENTYNINE PALMS,-116.05255889892578,34.13565444946289
9517400,2022,2022-12-22,3600,2022-10-18,1859,F7786,RC037,2,5,6,3616,0,0,0,NA,0,004,ARROW RT,HELLMAN AV,0,NA,Y,A,-,N,NA,NA,NA,NA,NA,NA,NA,NA,NA,Y,3,0,2,2,A,-,09,21801,A,N,D,C,A,A,H,-,C,A,0,NA,NA,NA,NA,Y,NA,A,01,0,2,0,0,0,0,0,0,0,-,-,NA,NA,SAN BERNARDINO,RANCHO CUCAMONGA,-117.60228729248048,34.099327087402344
9517625,2022,2022-12-30,3604,2022-11-07,1740,989,NA,1,5,6,3604,0,0,0,NA,0,NA,SUMMIT AV,SAN SEVAINE RD,0,NA,Y,A,-,N,NA,NA,NA,NA,NA,NA,NA,NA,NA,N,4,0,2,2,A,-,12,22450,A,N,A,C,A,B,H,-,C,A,0,NA,NA,NA,NA,Y,NA,A,01,0,0,2,0,0,0,0,0,0,-,-,NA,NA,SAN BERNARDINO,FONTANA,-117.47962951660156,34.147762298583984
9518527,2023,2023-02-03,3600,2023-01-03,1325,H6860,LL014,2,5,3,3615,0,0,0,NA,0,LL2,BARTON RD,ANDERSON ST,0,NA,Y,A,-,N,NA,NA,NA,NA,NA,NA,NA,NA,NA,Y,4,0,1,1,A,-,07,21658,NA,N,E,I,A,A,H,-,A,D,0,NA,NA,NA,NA,Y,NA,D,22,0,0,1,0,0,0,0,0,0,-,-,34.04800033569336,-117.26000213623048,SAN BERNARDINO,LOMA LINDA,-117.2611083984375,34.04825973510742
9518785,2023,2023-02-10,3608,2023-01-04,1444,4345,SANBE,3,5,5,3608,0,0,0,NA,0,NA,COLTON AV,NEW YORK ST,0,NA,Y,A,-,N,NA,NA,NA,NA,NA,NA,NA,NA,NA,Y,3,0,1,2,A,-,12,21453,A,N,D,C,A,A,H,-,A,A,0,NA,NA,NA,NA,Y,NA,A,07,0,1,0,0,0,0,0,0,0,-,-,NA,NA,SAN BERNARDINO,REDLANDS,-117.19579315185548,34.06285858154297
9518793,2023,2023-02-10,3600,2023-01-05,946,F7777,GT007,4,5,3,3690,0,0,0,NA,0,GT1,MT VERNON AV,BARTON RD,0,NA,Y,B,C,N,NA,NA,NA,NA,NA,NA,NA,NA,NA,Y,2,0,2,2,A,-,12,21453,A,N,D,C,A,B,H,-,A,A,0,NA,NA,NA,NA,Y,NA,A,08,1,1,0,0,0,0,0,0,0,-,-,NA,NA,SAN BERNARDINO,GRAND TERRACE,-117.31360626220705,34.033931732177734