CASE_ID,ACCIDENT_YEAR,PROC_DATE,JURIS,COLLISION_DATE,COLLISION_TIME,OFFICER_ID,REPORTING_DISTRICT,DAY_OF_WEEK,CHP_SHIFT,POPULATION,CNTY_CITY_LOC,SPECIAL_COND,BEAT_TYPE,CHP_BEAT_TYPE,CITY_DIVISION_LAPD,CHP_BEAT_CLASS,BEAT_NUMBER,PRIMARY_RD,SECONDARY_RD,DISTANCE,DIRECTION,INTERSECTION,WEATHER_1,WEATHER_2,STATE_HWY_IND,CALTRANS_COUNTY,CALTRANS_DISTRICT,STATE_ROUTE,ROUTE_SUFFIX,POSTMILE_PREFIX,POSTMILE,LOCATION_TYPE,RAMP_INTERSECTION,SIDE_OF_HWY,TOW_AWAY,COLLISION_SEVERITY,NUMBER_KILLED,NUMBER_INJURED,PARTY_COUNT,PRIMARY_COLL_FACTOR,PCF_CODE_OF_VIOL,PCF_VIOL_CATEGORY,PCF_VIOLATION,PCF_VIOL_SUBSECTION,HIT_AND_RUN,TYPE_OF_COLLISION,MVIW,PED_ACTION,ROAD_SURFACE,ROAD_COND_1,ROAD_COND_2,LIGHTING,CONTROL_DEVICE,CHP_ROAD_TYPE,PEDESTRIAN_ACCIDENT,BICYCLE_ACCIDENT,MOTORCYCLE_ACCIDENT,TRUCK_ACCIDENT,NOT_PRIVATE_PROPERTY,ALCOHOL_INVOLVED,STWD_VEHTYPE_AT_FAULT,CHP_VEHTYPE_AT_FAULT,COUNT_SEVERE_INJ,COUNT_VISIBLE_INJ,COUNT_COMPLAINT_PAIN,COUNT_PED_KILLED,COUNT_PED_INJURED,COUNT_BICYCLIST_KILLED,COUNT_BICYCLIST_INJURED,COUNT_MC_KILLED,COUNT_MC_INJURED,PRIMARY_RAMP,SECONDARY_RAMP,LATITUDE,LONGITUDE,COUNTY,CITY,POINT_X,POINT_Y
9518837,2023,2023-02-10,3600,2023-01-22,2209,I3868,AP023,7,5,5,3621,0,0,0,NA,0,AP01,RT 18,DALE EVANS PKWY,9,W,N,A,-,Y,SBD,8,18,-,-,90.96,H,-,S,Y,2,0,3,2,A,-,03,22350,NA,N,C,C,A,A,H,-,C,A,0,NA,NA,NA,NA,Y,Y,D,22,1,2,0,0,0,0,0,0,0,-,-,NA,NA,SAN BERNARDINO,APPLE VALLEY,-117.21731567382813,34.52399444580078
9520267,2022,2023-03-06,3600,2022-09-08,0227,G6198,VC043,4,5,5,3612,0,0,0,NA,0,VC1,RT 18,STODDARD WELLS RD,472,E,N,A,-,Y,SBD,8,18,-,-,95.15,H,-,N,N,1,1,0,2,A,-,11,21954,A,N,G,B,C,A,H,-,D,D,0,Y,NA,NA,NA,Y,Y,N,60,0,0,0,1,0,0,0,0,0,-,-,34.28514099121094,-117.28514099121094,SAN BERNARDINO,VICTORVILLE,-117.2840576171875,34.53557586669922
9520359,2022,2023-03-06,3600,2022-09-29,0206,F6893,CH007,4,5,5,3630,0,0,0,NA,0,CH 3,RT 142,CARRIAGE HILLS LN,370,S,N,A,-,Y,SBD,8,142,-,-,1.86,H,-,W,Y,1,1,0,1,A,-,03,22350,NA,N,F,A,A,A,H,-,C,D,0,NA,NA,NA,NA,Y,NA,A,01,0,0,0,0,0,0,0,0,0,-,-,NA,NA,SAN BERNARDINO,CHINO HILLS,-117.76101684570313,33.96387481689453
9520407,2022,2023-02-14,3610,2022-06-02,2312,50772,NA,4,5,6,3610,0,0,0,NA,0,DAVID,E MILL ST,S. 2ND ST,530,W,N,A,-,N,NA,NA,NA,NA,NA,NA,NA,NA,NA,Y,1,1,0,2,A,-,01,23152,G,N,C,C,A,A,H,-,C,D,0,NA,NA,Y,Y,Y,Y,C,06,0,0,0,0,0,0,0,1,0,-,-,NA,NA,SAN BERNARDINO,SAN BERNARDINO,-117.26475524902344,34.09206771850586
9520418,2022,2023-02-14,3610,2022-09-22,2120,50469,NA,4,5,6,3610,0,0,0,NA,0,CHARLI,E LYNWOOD DR,MOUNTAIN AV,96,W,N,A,-,N,NA,NA,NA,NA,NA,NA,NA,NA,NA,N,1,1,0,2,A,-,11,21954,A,N,G,B,D,A,H,-,C,D,0,Y,NA,NA,NA,Y,NA,N,60,0,0,0,1,0,0,0,0,0,-,-,NA,NA,SAN BERNARDINO,SAN BERNARDINO,-117.25709533691406,34.1467399597168
9520558,2023,2023-05-23,3604,2023-03-26,2214,1302,NA,7,5,6,3604,0,0,0,NA,0,NA,FOOTHILL BL,ILEX AV,40,E,N,B,-,N,NA,NA,NA,NA,NA,NA,NA,NA,NA,Y,1,1,1,1,A,-,08,22107,NA,N,E,I,A,A,H,-,C,D,0,NA,NA,NA,NA,Y,NA,A,01,0,1,0,0,0,0,0,0,0,-,-,NA,NA,SAN BERNARDINO,FONTANA,-117.51397705078124,34.10628128051758
9520744,2022,2023-07-17,3602,2022-04-29,0012,3051,NA,5,5,5,3602,0,0,0,NA,0,001,CENTRAL AV,FRANCIS AV,0,NA,Y,A,-,N,NA,NA,NA,NA,NA,NA,NA,NA,NA,Y,1,2,0,2,A,-,01,23152,A,N,D,C,A,A,H,-,C,A,0,NA,NA,Y,NA,Y,Y,C,02,0,0,0,0,0,0,0,1,0,-,-,34.04085922241211,-117.68952178955078,SAN BERNARDINO,CHINO,-117.68961334228516,34.04082489013672
9520947,2023,2025-06-25,3605,2023-02-02,449,443,NA,4,5,4,3605,0,0,0,NA,0,NA,HOLT BL,RAMONA AV,0,NA,Y,A,-,N,NA,NA,NA,NA,NA,NA,NA,NA,NA,Y,1,2,1,3,A,-,11,21954,A,N,G,B,B,A,H,-,E,A,0,Y,NA,NA,NA,Y,NA,N,60,0,0,1,2,0,0,0,0,0,-,-,34.063148498535156,-117.70703887939452,SAN BERNARDINO,MONTCLAIR,-117.70706176757813,34.06311798095703
9520989,2022,2022-11-01,3600,2022-10-09,1053,H7754,YC105,7,5,4,3640,0,0,0,NA,0,YC1,OAK GLEN RD,5TH ST,0,NA,Y,A,-,N,NA,NA,NA,NA,NA,NA,NA,NA,NA,Y,3,0,1,1,A,-,03,22350,NA,N,A,I,A,A,H,-,C,A,0,NA,NA,NA,NA,Y,NA,A,01,0,1,0,0,0,0,0,0,0,-,-,NA,NA,SAN BERNARDINO,YUCAIPA,-117.05500793457033,34.04439163208008
9521887,2022,2022-11-16,3608,2022-09-21,1836,4536,SBSVP,3,5,5,3608,0,0,0,NA,0,NA,REDLANDS BL,CALIFORNIA ST,0,NA,Y,A,-,N,NA,NA,NA,NA,NA,NA,NA,NA,NA,Y,4,0,1,2,A,-,03,22350,NA,N,C,C,A,A,H,-,B,A,0,NA,NA,NA,NA,Y,NA,A,01,0,0,1,0,0,0,0,0,0,-,-,34.0630989074707,-117.22570037841795,SAN BERNARDINO,REDLANDS,-117.22612762451172,34.063072204589844
9521891,2022,2022-11-16,3608,2022-09-17,0928,5159,NA,6,5,5,3608,0,0,0,NA,0,NA,W REDLANDS BL,CALIFORNIA,257,E,N,A,-,N,NA,NA,NA,NA,NA,NA,NA,NA,NA,Y,4,0,2,2,B,-,22,NA,NA,N,D,C,A,A,H,-,A,D,0,NA,NA,NA,NA,Y,NA,A,01,0,0,2,0,0,0,0,0,0,-,-,NA,NA,SAN BERNARDINO,REDLANDS,-117.2252960205078,34.06298828125
9522809,2022,2023-02-06,3603,2022-11-22,0708,4726,CPD,2,5,4,3603,0,0,0,NA,0,003,RIVERSIDE DR,MIGUEL BUSTAMANTE,0,NA,Y,A,-,N,NA,NA,NA,NA,NA,NA,NA,NA,NA,Y,3,0,1,2,D,-,00,NA,NA,N,D,C,A,A,H,-,E,A,0,NA,NA,NA,Y,Y,NA,-,-,0,1,0,0,0,0,0,0,0,-,-,NA,NA,SAN BERNARDINO,COLTON,-117.36495971679688,34.030818939208984
9523012,2022,2022-12-30,3605,2022-11-19,2314,440,RCSUP,6,5,4,3605,0,0,0,NA,0,NA,RAMONA AV,MISSION BL,135,S,N,A,-,N,NA,NA,NA,NA,NA,NA,NA,NA,NA,N,3,0,1,2,A,-,09,21804,A,N,A,G,A,A,H,-,C,D,0,NA,Y,NA,NA,Y,NA,L,04,0,1,0,0,0,0,1,0,0,-,-,34.05596923828125,-117.70690155029295,SAN BERNARDINO,MONTCLAIR,-117.70690155029295,34.05548095703125
9523530,2022,2022-12-01,3608,2022-10-14,0834,3372,REDLA,5,5,5,3608,0,0,0,NA,0,NA,ORANGE AV,ORANGEWOOD CT,110,W,N,A,-,N,NA,NA,NA,NA,NA,NA,NA,NA,NA,N,3,0,2,2,A,-,05,21460,A,N,B,C,A,A,H,-,A,D,0,NA,NA,NA,NA,Y,NA,A,01,0,1,1,0,0,0,0,0,0,-,-,NA,NA,SAN BERNARDINO,REDLANDS,-117.20204162597656,34.051979064941406
9523877,2022,2022-11-21,3610,2022-09-27,0047,51444,NA,2,5,6,3610,0,0,0,NA,0,ADAM,W RIALTO AV,N PEPPER ST,400,E,N,B,-,N,NA,NA,NA,NA,NA,NA,NA,NA,NA,Y,4,0,2,3,A,-,08,22107,NA,N,C,C,A,-,H,-,C,D,0,NA,NA,NA,NA,Y,NA,A,01,0,0,2,0,0,0,0,0,0,-,-,34.0994987487793,-117.35135650634766,SAN BERNARDINO,SAN BERNARDINO,-117.35157012939452,34.09952926635742
9524195,2022,2023-01-12,3608,2022-11-22,1341,2916,NA,2,5,5,3608,0,0,0,NA,0,NA,REDLANDS BL,TEXAS ST,0,E,N,A,-,N,NA,NA,NA,NA,NA,NA,NA,NA,NA,Y,4,0,1,3,A,-,08,22107,NA,N,B,E,A,A,H,-,A,D,0,NA,NA,NA,NA,Y,NA,A,01,0,0,1,0,0,0,0,0,0,-,-,34.057498931884766,-117.18910217285156,SAN BERNARDINO,REDLANDS,-117.19133758544922,34.057674407958984
9524606,2022,2022-12-22,3603,2022-11-15,1343,4861,CPD,2,5,4,3603,0,0,0,NA,0,001,N PENNSYLVANIA AV,W ACACIA ST,0,NA,Y,A,-,N,NA,NA,NA,NA,NA,NA,NA,NA,NA,Y,4,0,2,2,A,-,09,21801,A,N,D,C,A,A,H,-,A,D,0,NA,NA,NA,NA,Y,NA,A,01,0,0,2,0,0,0,0,0,0,NO,-,34.078529357910156,-117.32708740234376,SAN BERNARDINO,COLTON,-117.32709503173828,34.07849884033203
9524736,2022,2022-12-08,3610,2022-10-23,1707,51195,NA,7,5,6,3610,0,0,0,NA,0,POLICE,N VICTORIA AV,E 5TH ST,0,NA,Y,A,-,N,NA,NA,NA,NA,NA,NA,NA,NA,NA,Y,4,0,3,2,D,-,00,NA,NA,N,D,C,A,B,H,-,A,A,0,NA,NA,NA,NA,Y,NA,-,-,0,0,3,0,0,0,0,0,0,-,-,34.10845184326172,-117.22617340087892,SAN BERNARDINO,SAN BERNARDINO,-117.22618865966795,34.10844421386719
9525953,2022,2023-02-10,3610,2022-12-10,2350,51433,NA,6,5,6,3610,0,0,0,NA,0,POLICE,N D ST,W 8TH ST,0,NA,Y,A,-,N,NA,NA,NA,NA,NA,NA,NA,NA,NA,Y,4,0,1,2,A,-,12,22450,A,N,D,C,A,A,H,-,C,D,0,NA,NA,NA,NA,Y,NA,A,01,0,0,1,0,0,0,0,0,0,-,-,34.113929748535156,-117.29190063476563,SAN BERNARDINO,SAN BERNARDINO,-117.29190063476563,34.11390686035156
9526834,2023,2023-03-16,3610,2023-01-24,1448,51428,NA,2,5,6,3610,0,0,0,NA,0,NA,E 5TH ST,N STERLING AV,0,NA,Y,A,-,N,NA,NA,NA,NA,NA,NA,NA,NA,NA,Y,4,0,1,2,A,-,09,21801,A,N,D,-,A,-,H,-,A,A,0,NA,NA,Y,NA,Y,NA,D,22,0,0,1,0,0,0,0,0,1,-,-,34.10831069946289,-117.24368286132813,SAN BERNARDINO,SAN BERNARDINO,-117.24369049072266,34.108306884765625
9527067,2023,2023-03-01,3610,2023-01-05,1943,51321,NA,4,5,6,3610,0,0,0,NA,0,NA,RT 215,HIGHLAND AV,50,N,N,A,-,Y,SBD,8,215,-,-,9.445,R,3,N,Y,4,0,1,1,A,-,03,22350,NA,N,F,I,A,A,H,-,C,A,0,NA,NA,NA,NA,Y,Y,A,07,0,0,1,0,0,0,0,0,0,NO,-,34.13608169555664,-117.31022644042967,SAN BERNARDINO,SAN BERNARDINO,-117.31388854980467,34.136871337890625
9527072,2023,2023-02-17,3610,2023-01-04,2500,51181,NA,3,5,6,3610,0,0,0,NA,0,NA,N LITTLE MOUNTAIN DR,W LITTLE MOUNTAIN CT,0,NA,Y,B,-,N,NA,NA,NA,NA,NA,NA,NA,NA,NA,Y,4,0,2,1,A,-,03,22350,NA,N,E,I,A,B,H,-,A,D,0,NA,NA,NA,NA,Y,NA,A,07,0,0,2,0,0,0,0,0,0,-,-,NA,NA,SAN BERNARDINO,SAN BERNARDINO,-117.31485748291016,34.17386245727539
9527107,2023,2023-02-17,3610,2023-01-06,2500,51367,NA,5,5,6,3610,0,0,0,NA,0,NA,N G ST,W SPRUCE ST,0,NA,Y,A,-,N,NA,NA,NA,NA,NA,NA,NA,NA,NA,N,3,0,1,2,D,-,00,NA,NA,F,G,B,D,A,H,-,C,A,0,Y,NA,NA,NA,Y,NA,-,-,0,1,0,0,1,0,0,0,0,-,-,NA,NA,SAN BERNARDINO,SAN BERNARDINO,-117.29865264892578,34.1092529296875
9528781,2022,2022-12-02,3600,2022-10-01,0614,I8687,VC063,6,5,5,3612,0,0,0,NA,0,VC3,BEAR VALLEY RD,11TH AV,734,NA,N,A,-,N,NA,NA,NA,NA,NA,NA,NA,NA,NA,Y,4,0,1,1,A,-,08,22107,NA,N,E,I,A,A,H,-,A,-,0,NA,NA,NA,NA,Y,NA,D,22,0,0,1,0,0,0,0,0,0,-,-,34.4705696105957,-117.32112884521484,SAN BERNARDINO,VICTORVILLE,-117.32115173339844,34.470638275146484
9529854,2022,2022-11-28,3600,2022-11-01,1354,D3381,VC047,2,5,5,3612,0,0,0,NA,0,VC6,D ST,RT 15,240,W,N,A,-,N,NA,NA,NA,NA,NA,NA,NA,NA,NA,N,4,0,1,2,A,-,09,21801,A,N,D,C,A,A,H,-,A,A,0,NA,NA,NA,NA,Y,NA,A,07,0,0,1,0,0,0,0,0,0,-,SO,34.54533004760742,-117.30062103271484,SAN BERNARDINO,VICTORVILLE,-117.30060577392578,34.54533767700195
9530004,2022,2022-12-14,3610,2022-10-21,0002,51385,NA,5,5,6,3610,0,0,0,NA,0,POLICE,W 5TH ST,RT 215,0,NA,Y,A,-,Y,SBD,8,66,-,-,23.023,I,5,E,N,4,0,1,2,A,-,12,21453,A,F,D,C,A,A,H,-,C,A,0,NA,NA,NA,NA,Y,NA,-,NA,0,0,1,0,0,0,0,0,0,-,-,34.1083984375,-117.30271911621094,SAN BERNARDINO,SAN BERNARDINO,-117.30319213867188,34.1084098815918
9530238,2022,2022-11-29,3600,2022-10-18,1757,D3381,VC073,2,5,5,3612,0,0,0,NA,0,VC6,EL EVADO RD,HOOK BL,0,NA,Y,A,-,N,NA,NA,NA,NA,NA,NA,NA,NA,NA,Y,4,0,1,2,A,-,08,22107,NA,N,A,C,A,A,H,-,B,A,0,NA,NA,NA,NA,Y,NA,A,01,0,0,1,0,0,0,0,0,0,-,-,34.5212287902832,-117.34674835205078,SAN BERNARDINO,VICTORVILLE,-117.34677124023438,34.521263122558594
9530726,2022,2022-12-02,3610,2022-10-19,1427,50360,NA,3,5,6,3610,0,0,0,NA,0,DAVID,N STERLING AV,E 5TH ST,0,NA,Y,A,-,N,NA,NA,NA,NA,NA,NA,NA,NA,NA,Y,3,0,1,2,A,-,09,21801,A,N,D,C,A,A,H,-,A,A,0,NA,NA,NA,NA,Y,NA,A,01,0,1,0,0,0,0,0,0,0,-,-,34.10831069946289,-117.24368286132813,SAN BERNARDINO,SAN BERNARDINO,-117.24369049072266,34.108306884765625
9530903,2022,2022-12-16,3604,2022-10-17,1524,802,NA,1,5,6,3604,0,0,0,NA,0,NA,SIERRA AV,MERRILL AV,539,S,N,A,-,N,NA,NA,NA,NA,NA,NA,NA,NA,NA,Y,4,0,1,3,A,-,03,22350,NA,N,C,C,A,A,H,-,A,A,0,NA,NA,NA,NA,Y,NA,A,01,0,0,1,0,0,0,0,0,0,-,-,NA,NA,SAN BERNARDINO,FONTANA,-117.43572235107422,34.09065246582031
9532594,2022,2022-12-08,3600,2022-10-17,1901,G6721,AP025,1,5,5,3621,0,0,0,NA,0,AP3,BEAR VALLEY RD,WESTMONT DR,0,NA,Y,A,-,N,NA,NA,NA,NA,NA,NA,NA,NA,NA,Y,4,0,1,2,A,-,03,22350,NA,N,C,C,A,A,H,-,D,A,0,NA,NA,NA,NA,Y,NA,A,01,0,0,1,0,0,0,0,0,0,-,-,NA,NA,SAN BERNARDINO,APPLE VALLEY,-117.24237823486328,34.47105407714844
9533197,2022,2023-01-26,3608,2022-11-25,1745,5143,NA,5,5,5,3608,0,0,0,NA,0,NA,SAN TIMOTEO CANYON RD,FRONTAGE RD,1049,E,N,A,-,N,NA,NA,NA,NA,NA,NA,NA,NA,NA,Y,3,0,2,2,A,-,01,23152,A,N,C,C,A,A,H,-,C,D,0,NA,NA,NA,NA,Y,Y,A,01,0,1,1,0,0,0,0,0,0,-,-,NA,NA,SAN BERNARDINO,REDLANDS,NA,NA
9534771,2022,2023-01-23,3600,2022-11-14,1604,H7541,VC020,1,5,5,3612,0,0,0,NA,0,VC3,BEAR VALLEY ELECTORIC POLE,BALSAM AV,0,NA,Y,A,-,N,NA,NA,NA,NA,NA,NA,NA,NA,NA,Y,3,0,1,2,A,-,08,22107,A,N,C,C,A,A,H,-,A,D,0,NA,NA,NA,NA,Y,NA,A,07,0,1,0,0,0,0,0,0,0,-,-,34.47063064575195,-117.32991027832033,SAN BERNARDINO,VICTORVILLE,NA,NA
9535615,2023,2023-03-01,3600,2023-01-13,1415,F8247,HE134,5,5,5,3619,0,0,0,NA,0,HE3,PHELAN RD,RT 395,492,W,N,A,-,N,NA,NA,NA,NA,NA,NA,NA,NA,NA,Y,4,0,1,2,A,-,07,21658,A,N,C,C,A,A,H,-,A,D,0,NA,NA,NA,NA,Y,NA,A,01,0,0,1,0,0,0,0,0,0,-,-,34.426639556884766,-117.4018096923828,SAN BERNARDINO,HESPERIA,NA,NA
9535911,2023,2023-03-07,3604,2023-01-12,1900,1139,NA,4,5,6,3604,0,0,0,NA,0,NA,ARROW BL,JUNIPER AV,665,W,N,A,-,N,NA,NA,NA,NA,NA,NA,NA,NA,NA,Y,3,0,2,2,A,-,09,21802,A,N,D,C,A,A,H,-,C,D,0,NA,NA,NA,NA,Y,NA,A,01,0,1,1,0,0,0,0,0,0,-,-,NA,NA,SAN BERNARDINO,FONTANA,-117.44232177734376,34.099327087402344
9536079,2022,2022-12-20,3600,2022-11-05,2041,I5423,AP007,6,5,5,3621,0,0,0,NA,0,AP2,OUTER HWY 18 N,STANDING ROCK AV,1300,E,N,A,G,N,NA,NA,NA,NA,NA,NA,NA,NA,NA,N,2,0,1,2,A,-,05,21202,A,N,C,G,A,A,H,-,D,D,0,NA,Y,NA,NA,Y,NA,L,04,1,0,0,0,0,0,1,0,0,-,-,34.5194206237793,-117.21176147460938,SAN BERNARDINO,APPLE VALLEY,-117.21188354492188,34.519290924072266
9536119,2022,2023-01-03,3600,2022-07-18,2118,A8310,RC067,1,5,6,3616,0,0,0,NA,0,RC5,SPRUCE AV,RT 66,0,NA,Y,A,-,N,NA,NA,NA,NA,NA,NA,NA,NA,NA,N,2,0,2,3,A,-,11,21456,B,N,D,B,B,A,H,-,C,A,0,Y,NA,NA,NA,Y,NA,N,60,2,0,0,0,2,0,0,0,0,-,-,NA,NA,SAN BERNARDINO,RANCHO CUCAMONGA,-117.56692504882813,34.10639953613281
9536296,2022,2023-01-12,3610,2022-11-19,2500,51344,NA,6,5,6,3610,0,0,0,NA,0,POLICE,N PERRIS HILL RD,BASELINE ST,19,N,N,A,-,N,NA,NA,NA,NA,NA,NA,NA,NA,NA,N,4,0,1,2,A,-,05,21651,B,F,G,B,E,A,H,-,A,D,0,Y,NA,NA,NA,Y,NA,-,NA,0,0,1,0,1,0,0,0,0,-,-,34.1349983215332,-117.27642059326172,SAN BERNARDINO,SAN BERNARDINO,-117.26332092285156,34.12137222290039
9536511,2022,2023-02-03,3600,2022-10-31,1450,I1058,CH018,1,5,5,3630,0,0,0,NA,0,003,CARBON CANYON RD,FELDSPAR DR,1800,N,N,A,-,Y,SBD,8,142,-,R,3.29,H,-,E,Y,3,0,1,1,A,-,03,22350,NA,N,E,I,A,A,H,-,A,D,0,NA,NA,NA,NA,Y,NA,A,01,0,1,0,0,0,0,0,0,0,-,-,33.97378158569336,-117.7462921142578,SAN BERNARDINO,CHINO HILLS,-117.7463836669922,33.973785400390625
9537145,2022,2022-12-28,3610,2022-11-29,1544,51363,NA,2,5,6,3610,0,0,0,NA,0,POLICE,W RIALTO AV,N E ST,0,NA,Y,A,-,N,NA,NA,NA,NA,NA,NA,NA,NA,NA,N,4,0,1,2,A,-,08,22107,NA,N,G,B,B,A,H,-,A,A,0,Y,NA,NA,NA,Y,NA,A,01,0,0,1,0,1,0,0,0,0,-,-,34.1008186340332,-117.29627990722656,SAN BERNARDINO,SAN BERNARDINO,-117.29413604736328,34.10084533691406
9537667,2022,2022-12-23,3600,2022-10-31,1943,E3918,RC028,1,5,6,3616,0,0,0,NA,0,002,BASELINE RD,HERMOSA AV,0,NA,Y,A,-,N,NA,NA,NA,NA,NA,NA,NA,NA,NA,Y,3,0,1,3,A,-,09,21801,NA,N,A,C,A,A,H,-,C,A,0,NA,NA,NA,NA,Y,NA,A,01,0,1,0,0,0,0,0,0,0,-,-,NA,NA,SAN BERNARDINO,RANCHO CUCAMONGA,-117.58468627929688,34.12152862548828
9538747,2022,2023-01-27,3600,2022-11-30,1908,I1592,VC010,3,5,5,3612,0,0,0,NA,0,VC1,FORREST AV,6TH ST,0,NA,Y,A,-,N,NA,NA,NA,NA,NA,NA,NA,NA,NA,Y,3,0,1,2,A,-,17,24250,NA,N,D,C,A,A,H,-,C,A,0,NA,NA,Y,NA,Y,NA,C,03,0,1,0,0,0,0,0,0,1,-,-,34.53364181518555,-117.29744720458984,SAN BERNARDINO,VICTORVILLE,-117.29750061035156,34.53366470336914
9539250,2022,2023-01-31,3600,2022-12-31,1719,H8283,TW006,6,5,3,3617,0,0,0,NA,0,TW1,WILSHIRE AV,MAYFAIR DR,0,NA,Y,A,-,N,NA,NA,NA,NA,NA,NA,NA,NA,NA,N,3,0,1,1,A,-,03,22350,NA,N,E,H,A,A,H,-,D,D,0,NA,NA,NA,NA,Y,NA,-,NA,0,1,0,0,0,0,0,0,0,-,-,34.12675857543945,-116.0190887451172,SAN BERNARDINO,TWENTYNINE PALMS,-116.01905822753906,34.12693786621094
9539328,2022,2023-02-02,3600,2022-12-01,1411,D3381,VC020,4,5,5,3612,0,0,0,NA,0,VC3,MARIPOSA RD,MONARCH BL,0,NA,Y,A,-,N,NA,NA,NA,NA,NA,NA,NA,NA,NA,Y,3,0,1,2,A,-,09,21801,A,N,D,C,A,A,H,-,A,A,0,NA,NA,NA,NA,Y,NA,A,01,0,1,0,0,0,0,0,0,0,-,-,34.47050857543945,-117.34287261962892,SAN BERNARDINO,VICTORVILLE,-117.34294128417967,34.47321319580078
9539329,2022,2023-02-02,3600,2022-12-11,0048,G3248,3600,7,5,3,3613,0,0,0,NA,0,AD2,VERBENA RD,MOJAVE DR,41,S,N,A,G,N,NA,NA,NA,NA,NA,NA,NA,NA,NA,Y,3,0,1,1,A,-,01,23152,NA,N,E,I,A,A,H,-,C,D,0,NA,NA,NA,NA,Y,Y,-,NA,0,1,0,0,0,0,0,0,0,-,-,NA,NA,SAN BERNARDINO,ADELANTO,-117.42591094970705,34.5283088684082
9539674,2022,2023-02-02,3603,2022-12-17,0939,4915,CPD,6,5,4,3603,0,0,0,NA,0,003,S RIVERSIDE AV,KEY ST,920,N,N,A,-,N,NA,NA,NA,NA,NA,NA,NA,NA,NA,Y,3,0,1,2,A,-,08,22100,5,N,D,C,A,A,D,-,A,D,0,NA,NA,NA,NA,Y,NA,A,01,0,1,0,0,0,0,0,0,0,-,-,34.02289962768555,-117.36260223388672,SAN BERNARDINO,COLTON,-117.36288452148438,34.02363586425781
9540813,2023,2023-02-16,3600,2023-01-03,1417,F3800,YC108,2,5,4,3640,0,0,0,NA,0,YC3,AVENUE E,8TH ST,804,E,N,B,-,N,NA,NA,NA,NA,NA,NA,NA,NA,NA,Y,3,0,3,2,A,-,05,21460,A,N,B,C,A,B,H,-,A,D,0,NA,NA,NA,NA,Y,NA,A,07,0,1,2,0,0,0,0,0,0,-,-,NA,NA,SAN BERNARDINO,YUCAIPA,-117.06745147705078,34.026432037353516
9540845,2022,2023-01-26,3600,2022-11-22,0926,G9476,YC301,2,5,4,3640,0,0,0,NA,0,YC3,YUCAIPA BL,4TH ST,0,NA,Y,A,-,N,NA,NA,NA,NA,NA,NA,NA,NA,NA,N,1,1,0,2,A,-,10,21950,A,N,B,B,B,A,H,-,A,A,0,Y,NA,NA,NA,Y,NA,D,22,0,0,0,1,0,0,0,0,0,-,-,NA,NA,SAN BERNARDINO,YUCAIPA,-117.05188751220705,34.033870697021484
9541007,2022,2023-01-30,3600,2022-12-27,2138,10430,YC404,2,5,4,3640,0,0,0,NA,0,YC3,OAK GLEN RD,AVENUE E,0,NA,Y,C,-,N,NA,NA,NA,NA,NA,NA,NA,NA,NA,Y,2,0,2,2,A,-,03,22350,NA,N,D,C,A,B,G,-,C,A,0,NA,NA,NA,NA,Y,Y,A,01,1,0,1,0,0,0,0,0,0,-,-,NA,NA,SAN BERNARDINO,YUCAIPA,-117.08177947998048,34.02543640136719
9541011,2022,2023-01-30,3600,2022-12-13,2119,F2747,YC,2,5,4,3640,0,0,0,NA,0,002,WILDWOOD CANYON RD,DOUGLAS ST,0,NA,Y,A,-,N,NA,NA,NA,NA,NA,NA,NA,NA,NA,Y,4,0,1,3,A,-,03,22350,NA,N,C,C,A,A,H,-,C,D,0,NA,NA,NA,NA,Y,NA,A,01,0,0,1,0,0,0,0,0,0,-,-,NA,NA,SAN BERNARDINO,YUCAIPA,-117.02999877929688,34.015716552734375
9541540,2022,2023-01-03,3600,2022-10-21,1652,F7786,RC073,5,5,6,3616,0,0,0,NA,0,005,MILLIKEN AV,6TH ST,250,N,N,A,-,N,NA,NA,NA,NA,NA,NA,NA,NA,NA,Y,3,0,2,2,A,-,03,22350,NA,N,C,C,A,A,H,-,A,D,0,NA,NA,NA,NA,Y,NA,A,01,0,1,1,0,0,0,0,0,0,-,-,NA,NA,SAN BERNARDINO,RANCHO CUCAMONGA,-117.55844116210938,34.0852165222168
9541583,2022,2022-12-28,3600,2022-09-16,0656,E3370,RC034,5,5,6,3616,0,0,0,NA,0,005,8TH ST,HERMOSA AV,51,W,N,A,-,N,NA,NA,NA,NA,NA,NA,NA,NA,NA,Y,3,0,1,2,A,-,12,21453,A,N,D,C,A,A,H,-,A,A,0,NA,NA,NA,NA,Y,NA,A,01,0,1,0,0,0,0,0,0,0,-,-,NA,NA,SAN BERNARDINO,RANCHO CUCAMONGA,-117.58480834960938,34.09178161621094
9543039,2022,2023-02-01,3605,2022-12-14,1511,443,NA,3,5,4,3605,0,0,0,NA,0,NA,CENTRAL AV,PALO VERDE ST,450,N,N,A,-,N,NA,NA,NA,NA,NA,NA,NA,NA,NA,NA,4,0,4,2,A,-,09,21804,A,N,D,C,A,A,H,-,A,D,0,NA,NA,NA,NA,Y,NA,A,07,0,0,4,0,0,0,0,0,0,-,-,34.0814208984375,-117.68077850341795,SAN BERNARDINO,MONTCLAIR,-117.68963623046876,34.08263397216797