CASE_ID,ACCIDENT_YEAR,PROC_DATE,JURIS,COLLISION_DATE,COLLISION_TIME,OFFICER_ID,REPORTING_DISTRICT,DAY_OF_WEEK,CHP_SHIFT,POPULATION,CNTY_CITY_LOC,SPECIAL_COND,BEAT_TYPE,CHP_BEAT_TYPE,CITY_DIVISION_LAPD,CHP_BEAT_CLASS,BEAT_NUMBER,PRIMARY_RD,SECONDARY_RD,DISTANCE,DIRECTION,INTERSECTION,WEATHER_1,WEATHER_2,STATE_HWY_IND,CALTRANS_COUNTY,CALTRANS_DISTRICT,STATE_ROUTE,ROUTE_SUFFIX,POSTMILE_PREFIX,POSTMILE,LOCATION_TYPE,RAMP_INTERSECTION,SIDE_OF_HWY,TOW_AWAY,COLLISION_SEVERITY,NUMBER_KILLED,NUMBER_INJURED,PARTY_COUNT,PRIMARY_COLL_FACTOR,PCF_CODE_OF_VIOL,PCF_VIOL_CATEGORY,PCF_VIOLATION,PCF_VIOL_SUBSECTION,HIT_AND_RUN,TYPE_OF_COLLISION,MVIW,PED_ACTION,ROAD_SURFACE,ROAD_COND_1,ROAD_COND_2,LIGHTING,CONTROL_DEVICE,CHP_ROAD_TYPE,PEDESTRIAN_ACCIDENT,BICYCLE_ACCIDENT,MOTORCYCLE_ACCIDENT,TRUCK_ACCIDENT,NOT_PRIVATE_PROPERTY,ALCOHOL_INVOLVED,STWD_VEHTYPE_AT_FAULT,CHP_VEHTYPE_AT_FAULT,COUNT_SEVERE_INJ,COUNT_VISIBLE_INJ,COUNT_COMPLAINT_PAIN,COUNT_PED_KILLED,COUNT_PED_INJURED,COUNT_BICYCLIST_KILLED,COUNT_BICYCLIST_INJURED,COUNT_MC_KILLED,COUNT_MC_INJURED,PRIMARY_RAMP,SECONDARY_RAMP,LATITUDE,LONGITUDE,COUNTY,CITY,POINT_X,POINT_Y
9605897,2023,2023-08-21,3600,2023-04-24,1125,F6904,RC034,1,5,6,3616,0,0,0,NA,0,RC5,HAVEN AV,4TH ST,96,N,N,A,-,N,NA,NA,NA,NA,NA,NA,NA,NA,NA,N,4,0,1,2,A,-,03,22350,NA,N,C,C,A,A,H,-,A,A,0,NA,NA,NA,Y,Y,NA,G,25,0,0,1,0,0,0,0,0,0,-,-,NA,NA,SAN BERNARDINO,RANCHO CUCAMONGA,-117.57581329345705,34.07772445678711
9605997,2023,2023-08-22,3604,2023-07-14,1139,1397,NA,5,5,6,3604,0,0,0,NA,0,NA,EAST AV,BASELINE AV,512,S,N,A,-,N,NA,NA,NA,NA,NA,NA,NA,NA,NA,N,4,0,1,2,A,-,07,21658,A,N,D,C,A,A,H,-,A,A,0,NA,NA,NA,NA,Y,NA,A,01,0,0,1,0,0,0,0,0,0,-,-,NA,NA,SAN BERNARDINO,FONTANA,-117.51441955566406,34.121246337890625
9606399,2023,2023-09-08,3600,2023-07-27,1923,J3468,LL002,4,5,3,3615,0,0,0,NA,0,LL1,CALIFORNIA ST,PARK AV,6,S,N,A,-,N,NA,NA,NA,NA,NA,NA,NA,NA,NA,Y,3,0,2,2,A,-,22,23123,5,N,A,C,A,A,H,-,B,D,0,NA,NA,NA,NA,Y,NA,A,01,0,1,1,0,0,0,0,0,0,-,-,NA,NA,SAN BERNARDINO,LOMA LINDA,-117.2261962890625,34.05933380126953
9606451,2023,2023-08-14,3600,2023-06-20,715,G4514,RC034,2,5,6,3616,0,0,0,NA,0,RC5,ARCHIBALD AV,4TH ST,0,NA,Y,A,-,N,NA,NA,NA,NA,NA,NA,NA,NA,NA,Y,3,0,2,2,A,-,03,22350,NA,N,D,C,A,A,H,-,A,D,0,NA,NA,NA,NA,Y,NA,A,01,0,1,1,0,0,0,0,0,0,-,-,NA,NA,SAN BERNARDINO,RANCHO CUCAMONGA,-117.59339904785156,34.077491760253906
9606458,2023,2023-08-14,3600,2023-06-22,629,G4514,RC016,4,5,6,3616,0,0,0,NA,0,RC6,MILLIKEN AV,6TH ST,0,NA,Y,A,-,N,NA,NA,NA,NA,NA,NA,NA,NA,NA,Y,3,0,1,2,A,-,12,21453,A,N,A,C,A,A,H,-,B,A,0,NA,NA,NA,NA,Y,NA,A,07,0,1,0,0,0,0,0,0,0,-,-,NA,NA,SAN BERNARDINO,RANCHO CUCAMONGA,-117.55844116210938,34.084529876708984
9609703,2023,2023-08-25,3605,2023-08-07,1925,457,NA,1,5,4,3605,0,0,0,NA,0,NA,CENTRAL AV,KINGSLEY ST,35,S,N,A,-,N,NA,NA,NA,NA,NA,NA,NA,NA,NA,N,4,0,1,2,A,-,03,22350,NA,N,C,C,A,A,H,-,B,A,0,NA,NA,NA,Y,Y,NA,F,26,0,0,1,0,0,0,0,0,0,-,-,34.06673812866211,-117.68965911865234,SAN BERNARDINO,MONTCLAIR,-117.68964385986328,34.06663513183594
9610026,2023,2023-08-22,3600,2023-07-31,1313,G4510,HI005,1,5,4,3618,0,0,0,NA,0,HI1,BASELINE ST,MCKINLEY AV,510,E,N,B,C,N,NA,NA,NA,NA,NA,NA,NA,NA,NA,N,4,0,4,2,A,-,09,21804,A,N,D,C,A,A,H,-,A,D,0,NA,NA,NA,NA,Y,NA,A,01,0,0,4,0,0,0,0,0,0,-,-,34.1213493347168,-117.23571014404295,SAN BERNARDINO,HIGHLAND,-117.23577880859376,34.121299743652344
9610031,2023,2023-08-22,3604,2023-07-20,2246,1302,NA,4,5,6,3604,0,0,0,NA,0,NA,CITRUS AV,BASELINE AV,139,S,N,A,-,N,NA,NA,NA,NA,NA,NA,NA,NA,NA,N,4,0,1,2,A,-,09,21804,A,M,D,C,A,A,H,-,C,D,0,NA,NA,NA,NA,Y,NA,A,07,0,0,1,0,0,0,0,0,0,-,-,NA,NA,SAN BERNARDINO,FONTANA,-117.4534912109375,34.12150573730469
9610057,2023,2023-08-22,3600,2023-05-13,2331,H8224,NA,6,5,6,3616,0,0,0,NA,0,RC6,FOOTHILL BL,EAST AV,338,W,N,A,-,N,NA,NA,NA,NA,NA,NA,NA,NA,NA,Y,3,0,1,1,A,-,03,22350,NA,N,A,I,A,A,H,-,C,D,0,NA,NA,NA,NA,Y,NA,A,01,0,1,0,0,0,0,0,0,0,-,-,NA,NA,SAN BERNARDINO,RANCHO CUCAMONGA,-117.51572418212892,34.10626983642578
9610149,2023,2023-08-25,3600,2023-07-06,1656,J2651,VC064,4,5,5,3612,0,0,0,NA,0,VC05,AMARGOSA RD,TAMARACK DR,0,NA,Y,A,-,N,NA,NA,NA,NA,NA,NA,NA,NA,NA,Y,4,0,2,2,A,-,09,21801,A,N,D,C,A,A,H,-,A,A,0,NA,NA,NA,NA,Y,NA,A,07,0,0,2,0,0,0,0,0,0,-,-,34.50094985961914,-117.32997894287108,SAN BERNARDINO,VICTORVILLE,-117.330078125,34.5009765625
9610635,2023,2023-10-20,3600,2023-08-05,542,15414,VC047,6,5,5,3612,0,0,0,NA,0,VC1,D ST,RT 15,348,W,N,A,-,N,NA,NA,NA,NA,NA,NA,NA,NA,NA,N,2,0,1,2,A,-,03,22350,NA,F,D,G,A,A,H,-,B,D,0,NA,Y,NA,NA,Y,NA,-,99,1,0,0,0,0,0,1,0,0,-,-,NA,NA,SAN BERNARDINO,VICTORVILLE,-117.3010025024414,34.54618835449219
9610853,2023,2023-09-21,3600,2023-06-21,1808,H9747,NA,3,5,5,3612,0,0,0,NA,0,NA,COBALT RD,EASTVIEW LN,0,NA,Y,A,-,N,NA,NA,NA,NA,NA,NA,NA,NA,NA,N,3,0,3,2,A,-,00,22017,A,F,D,C,A,A,H,-,A,D,0,NA,NA,NA,NA,Y,NA,A,42,0,3,0,0,0,0,0,0,0,-,-,NA,NA,SAN BERNARDINO,VICTORVILLE,-117.373046875,34.49618148803711
9611281,2023,2023-09-21,3600,2023-08-14,1636,H8295,AP008,1,5,5,3621,0,0,0,NA,0,AP3,KIOWA RD,SITTING BULL RD,0,NA,Y,A,-,N,NA,NA,NA,NA,NA,NA,NA,NA,NA,N,4,0,1,2,A,-,03,22350,NA,N,C,C,A,A,H,-,A,A,0,NA,NA,NA,NA,Y,NA,A,08,0,0,1,0,0,0,0,0,0,-,-,34.485389709472656,-117.20799255371094,SAN BERNARDINO,APPLE VALLEY,-117.2077178955078,34.4853630065918
9611473,2023,2023-10-09,3600,2023-08-04,2035,J2651,VC023,5,5,5,3612,0,0,0,NA,0,VC03,3RD AV,BURWOOD AV,0,NA,Y,A,-,N,NA,NA,NA,NA,NA,NA,NA,NA,NA,Y,4,0,1,1,A,-,08,22107,A,N,A,I,A,A,H,-,C,A,0,NA,NA,NA,NA,Y,NA,A,01,0,0,1,0,0,0,0,0,0,-,-,34.47991180419922,-117.30364990234376,SAN BERNARDINO,VICTORVILLE,-117.30368041992188,34.47995376586914
9611508,2023,2023-09-26,3600,2023-06-07,2053,H8994,HE101,3,5,5,3619,0,0,0,NA,0,HE1,BEAR VALLEY RD,MARIPOSA RD,0,NA,Y,-,-,N,NA,NA,NA,NA,NA,NA,NA,NA,NA,Y,4,0,2,2,A,-,12,21453,A,N,D,C,A,A,H,-,C,A,0,NA,NA,NA,NA,Y,NA,A,01,0,0,2,0,0,0,0,0,0,-,-,NA,NA,SAN BERNARDINO,HESPERIA,-117.34286499023438,34.47045135498047
9611651,2023,2023-08-30,3600,2023-07-06,1432,J2651,VC020,4,5,5,3612,0,0,0,NA,0,VC03,MARIPOSA RD,COTTONWOOD AV,1050,N,N,A,-,N,NA,NA,NA,NA,NA,NA,NA,NA,NA,Y,4,0,2,2,A,-,03,22350,NA,N,B,C,A,A,H,-,A,A,0,NA,NA,NA,NA,Y,NA,D,22,0,0,2,0,0,0,0,0,0,-,-,34.47999954223633,-117.3380126953125,SAN BERNARDINO,VICTORVILLE,-117.33677673339844,34.481258392333984
9611736,2023,2023-08-29,3600,2023-08-18,910,J1624,VC030,5,5,5,3612,0,0,0,NA,0,VC2,GREEN TREE BL,COAD RD,18,E,N,A,-,N,NA,NA,NA,NA,NA,NA,NA,NA,NA,N,4,0,1,2,A,-,03,22350,NA,N,C,C,A,A,H,-,A,A,0,NA,NA,NA,NA,Y,NA,A,01,0,0,1,0,0,0,0,0,0,-,-,NA,NA,SAN BERNARDINO,VICTORVILLE,-117.28402709960938,34.500099182128906
9611785,2023,2023-08-28,3601,2023-05-08,1246,P28,VVSUP,1,5,3,3601,0,0,0,NA,0,001,W FREDRICKS ST,W WILLIAMS ST,0,NA,Y,A,-,N,NA,NA,NA,NA,NA,NA,NA,NA,NA,N,3,0,1,1,A,-,03,22350,NA,N,E,I,A,A,H,-,A,D,0,NA,NA,NA,NA,Y,NA,-,NA,0,1,0,0,0,0,0,0,0,-,-,NA,NA,SAN BERNARDINO,BARSTOW,-117.03079223632813,34.89680862426758
9612704,2023,2023-09-06,3610,2023-08-05,1850,51304,NA,6,5,6,3610,0,0,0,NA,0,NA,N DEVILS CANYON RD,W ASH ST,406,W,N,A,-,N,NA,NA,NA,NA,NA,NA,NA,NA,NA,Y,3,0,1,1,A,-,01,23152,B,N,E,I,A,A,H,-,A,D,0,NA,NA,NA,NA,Y,Y,A,01,0,1,0,0,0,0,0,0,0,-,-,34.18693923950195,-117.33084106445313,SAN BERNARDINO,SAN BERNARDINO,-116.86202239990234,33.84232711791992
9612781,2023,2023-08-28,3608,2023-07-20,2107,5007,SBCEN,4,5,5,3608,0,0,0,NA,0,NA,SAN TIMOTEO CANYON RD,ALESSANDRO RD,750,E,N,A,-,N,NA,NA,NA,NA,NA,NA,NA,NA,NA,N,4,0,3,2,A,-,04,21703,NA,N,C,C,A,A,H,-,D,D,0,NA,NA,NA,NA,Y,NA,A,01,0,0,3,0,0,0,0,0,0,-,-,NA,NA,SAN BERNARDINO,REDLANDS,-117.18060302734376,34.01008605957031
9612921,2023,2023-08-25,3600,2023-08-02,1503,G9450,LL2,3,5,3,3615,0,0,0,NA,0,LL007,LOMA LINDA DR,ANDERSON ST,100,W,N,A,-,N,NA,NA,NA,NA,NA,NA,NA,NA,NA,N,3,0,1,2,A,-,03,22350,NA,N,E,I,A,A,H,-,A,D,0,NA,NA,NA,NA,Y,NA,A,01,0,1,0,0,0,0,0,0,0,-,-,NA,NA,SAN BERNARDINO,LOMA LINDA,NA,NA
9613084,2023,2023-09-26,3600,2023-08-06,2026,I1566,AP3,7,5,5,3621,0,0,0,NA,0,AP008,YUCCA LOMA RD,CHATEAU CT,329,W,N,A,-,N,NA,NA,NA,NA,NA,NA,NA,NA,NA,Y,3,0,1,2,A,-,05,21651,A,N,A,C,A,A,H,-,D,D,0,NA,NA,NA,NA,Y,NA,D,22,0,1,0,0,0,0,0,0,0,-,-,NA,NA,SAN BERNARDINO,APPLE VALLEY,-117.23677825927734,34.50033950805664
9613105,2023,2023-10-02,3600,2023-08-25,1915,G3845,YC106,5,5,4,3640,0,0,0,NA,0,YC1,YUCAIPA BL,4TH ST,12,E,N,A,-,N,NA,NA,NA,NA,NA,NA,NA,NA,NA,Y,4,0,1,2,A,-,12,21453,A,N,D,C,A,A,H,-,B,A,0,NA,NA,NA,NA,Y,NA,A,01,0,0,1,0,0,0,0,0,0,-,-,NA,NA,SAN BERNARDINO,YUCAIPA,-117.05184936523438,34.033870697021484
9613115,2023,2023-10-02,3604,2023-08-24,910,D181,M20G1,4,5,6,3604,0,0,0,NA,0,NA,LOCUST AV,ARROW BL,589,N,N,A,-,N,NA,NA,NA,NA,NA,NA,NA,NA,NA,N,3,0,1,2,A,-,03,22350,NA,N,B,C,A,A,H,-,A,A,0,NA,NA,NA,NA,Y,NA,A,01,0,1,0,0,0,0,0,0,0,-,-,NA,NA,SAN BERNARDINO,FONTANA,-117.40962982177734,34.10109329223633
9613720,2023,2023-08-29,3600,2023-07-31,1043,H7582,RC018,1,5,6,3616,0,0,0,NA,0,RC5,ELM AV,FOOTHILL BL,0,NA,Y,A,-,N,NA,NA,NA,NA,NA,NA,NA,NA,NA,Y,3,0,2,2,A,-,09,21801,NA,N,A,C,A,A,H,-,A,A,0,NA,NA,NA,NA,Y,NA,A,01,0,2,0,0,0,0,0,0,0,-,-,NA,NA,SAN BERNARDINO,RANCHO CUCAMONGA,-117.56149291992188,34.106407165527344
9614151,2023,2023-10-16,3600,2023-08-02,1616,F7808,BL207,3,5,2,3680,0,0,0,NA,0,BL2,BIG BEAR BL,INTERLAKEN CENTER,351,E,N,A,-,Y,SBD,8,18,-,-,51.17,H,-,N,N,3,0,1,2,A,-,03,22350,NA,N,C,C,A,A,H,-,A,A,0,NA,NA,NA,NA,Y,NA,D,22,0,1,0,0,0,0,0,0,0,-,-,NA,NA,SAN BERNARDINO,BIG BEAR LAKE,-116.8837890625,34.25093460083008
9615443,2023,2023-10-04,3604,2023-08-04,1610,1139,NA,5,5,6,3604,0,0,0,NA,0,NA,VALLEY BL,REDWOOD AV,130,E,N,A,-,N,NA,NA,NA,NA,NA,NA,NA,NA,NA,N,4,0,1,2,A,-,03,22350,NA,N,C,C,A,A,H,-,A,A,0,NA,NA,NA,NA,Y,NA,D,22,0,0,1,0,0,0,0,0,0,-,-,NA,NA,SAN BERNARDINO,FONTANA,-117.48387908935548,34.0702018737793
9615931,2023,2023-09-26,3603,2023-07-02,1346,4974,CPD,7,5,4,3603,0,0,0,NA,0,004,S MT VERNON AV,E CODLEY DR,1000,N,N,A,-,N,NA,NA,NA,NA,NA,NA,NA,NA,NA,Y,4,0,5,3,A,-,05,21650,NA,N,A,C,A,A,H,-,A,D,0,NA,NA,NA,NA,Y,NA,A,07,0,0,5,0,0,0,0,0,0,-,-,34.05459976196289,-117.30924987792967,SAN BERNARDINO,COLTON,-117.3094482421875,34.05724334716797
9616076,2023,2023-09-28,3603,2023-08-26,717,4974,CPD,6,5,4,3603,0,0,0,NA,0,003,S LA CADENA DR,TROPICA RANCHO RD,0,NA,Y,A,-,N,NA,NA,NA,NA,NA,NA,NA,NA,NA,N,4,0,1,2,A,-,03,22350,NA,N,C,C,A,A,H,-,A,A,0,NA,NA,NA,NA,Y,NA,A,01,0,0,1,0,0,0,0,0,0,-,-,34.043460845947266,-117.33161926269533,SAN BERNARDINO,COLTON,-117.3306884765625,34.05012130737305
9616279,2023,2023-10-12,3604,2023-09-08,1112,1086,NA,5,5,6,3604,0,0,0,NA,0,NA,JUNIPER AV,IVY AV,0,NA,Y,A,-,N,NA,NA,NA,NA,NA,NA,NA,NA,NA,N,4,0,1,2,A,-,05,21650,1,N,D,G,A,A,H,-,A,A,0,NA,Y,NA,NA,Y,NA,L,04,0,0,1,0,0,0,1,0,0,-,-,NA,NA,SAN BERNARDINO,FONTANA,-117.44017791748048,34.10484313964844
9616526,2023,2023-10-20,3604,2023-09-05,231,1339,NA,2,5,6,3604,0,0,0,NA,0,NA,ETIWANDA AV,JURUPA AV,500,N,N,A,-,N,NA,NA,NA,NA,NA,NA,NA,NA,NA,Y,3,0,1,1,A,-,08,22107,NA,N,E,I,A,A,H,-,C,D,0,NA,NA,NA,NA,Y,NA,A,01,0,1,0,0,0,0,0,0,0,-,-,NA,NA,SAN BERNARDINO,FONTANA,-117.52424621582033,34.04816818237305
9617317,2023,2023-11-07,3600,2023-09-13,1211,I0462,CH068,3,5,5,3630,0,0,0,NA,0,CH01,CHINO AV,RT 71,0,NA,Y,A,-,Y,SBD,8,71,-,R,1.097,R,4,S,Y,4,0,1,2,A,-,08,22107,NA,N,D,C,A,A,H,-,A,A,0,NA,NA,NA,NA,Y,NA,A,01,0,0,1,0,0,0,0,0,0,-,SO,NA,NA,SAN BERNARDINO,CHINO HILLS,-117.73158264160156,34.00942611694336
9617319,2023,2023-10-26,3600,2023-09-05,1344,I4714,CH019,2,5,5,3630,0,0,0,NA,0,CH3,WOODVIEW RD,PIPELINE AV,0,NA,Y,A,-,N,NA,NA,NA,NA,NA,NA,NA,NA,NA,N,3,0,1,2,A,-,03,22350,NA,N,A,C,A,A,H,-,A,D,0,NA,NA,Y,NA,Y,NA,C,02,0,1,0,0,0,0,0,0,1,-,-,33.965858459472656,-117.71514129638672,SAN BERNARDINO,CHINO HILLS,-117.7151336669922,33.96580123901367
9619820,2023,2024-01-11,3600,2023-09-16,1217,H5258,HER11,6,5,5,3619,0,0,0,NA,0,HE3,MAIN ST,KEY POINT DR,418,E,N,A,-,N,NA,NA,NA,NA,NA,NA,NA,NA,NA,N,3,0,1,2,A,-,07,21658,A,N,B,C,A,A,H,-,A,D,0,NA,NA,NA,NA,Y,NA,A,01,0,1,0,0,0,0,0,0,0,-,-,NA,NA,SAN BERNARDINO,HESPERIA,-117.38241577148438,34.426658630371094
9619956,2023,2024-01-03,3600,2023-09-20,1500,F5717,HE105,3,5,5,3619,0,0,0,NA,0,HE1,HESPERIA RD,SYCAMORE ST,0,NA,Y,A,-,N,NA,NA,NA,NA,NA,NA,NA,NA,NA,Y,4,0,1,2,A,-,01,23152,A,M,D,C,A,A,H,-,A,A,0,NA,NA,NA,NA,Y,Y,A,01,0,0,1,0,0,0,0,0,0,-,-,34.462989807128906,-117.2935028076172,SAN BERNARDINO,HESPERIA,-117.29351043701172,34.46299743652344
9620042,2023,2024-01-02,3600,2023-09-20,1604,J4506,HE214,3,5,5,3619,0,0,0,NA,0,HE2,MAIN ST,PEACH AV,30,W,N,A,-,N,NA,NA,NA,NA,NA,NA,NA,NA,NA,N,3,0,1,2,D,-,00,NA,NA,N,C,C,A,A,H,-,A,D,0,NA,NA,NA,NA,Y,NA,-,-,0,1,0,0,0,0,0,0,0,-,-,NA,NA,SAN BERNARDINO,HESPERIA,-117.26121520996094,34.41559600830078
9620052,2023,2024-01-02,3600,2023-09-11,901,F5717,HE112,1,5,5,3619,0,0,0,NA,0,HE1,EUCALYPTUS ST,11TH AV,294,W,N,A,-,N,NA,NA,NA,NA,NA,NA,NA,NA,NA,Y,4,0,3,2,A,-,08,22103,NA,N,D,C,A,A,H,-,A,D,0,NA,NA,NA,NA,Y,NA,A,07,0,0,3,0,0,0,0,0,0,-,-,34.45616149902344,-117.3227081298828,SAN BERNARDINO,HESPERIA,-117.32198333740234,34.45615005493164
9620056,2023,2024-01-09,3600,2023-09-15,1014,H5258,HER10,5,5,5,3619,0,0,0,NA,0,HE1,COTTONWOOD AV,EUCALYPTUS ST,0,NA,Y,A,-,N,NA,NA,NA,NA,NA,NA,NA,NA,NA,Y,4,0,1,2,A,-,12,22450,A,N,D,C,A,A,H,-,A,A,0,NA,NA,NA,NA,Y,NA,A,01,0,0,1,0,0,0,0,0,0,-,-,NA,NA,SAN BERNARDINO,HESPERIA,-117.33856964111328,34.455997467041016
9620863,2023,2023-10-21,3600,2023-09-03,1440,H8295,AP019,7,5,5,3621,0,0,0,NA,0,AP4,NAVAJO RD,NISQUALLY RD,0,NA,Y,A,-,N,NA,NA,NA,NA,NA,NA,NA,NA,NA,Y,2,0,2,2,A,-,12,21453,NA,N,D,C,A,A,H,-,-,A,0,NA,NA,NA,NA,Y,NA,A,07,1,1,0,0,0,0,0,0,0,-,-,NA,NA,SAN BERNARDINO,APPLE VALLEY,-117.19020080566406,34.486019134521484
9620997,2023,2023-10-27,3600,2023-09-21,1844,J2651,VC063,4,5,5,3612,0,0,0,NA,0,VC03,ARROWHEAD DR,7TH AV,0,NA,Y,A,-,N,NA,NA,NA,NA,NA,NA,NA,NA,NA,N,4,0,1,3,A,-,03,22350,NA,N,C,C,A,A,H,-,B,A,0,NA,NA,NA,NA,Y,NA,A,01,0,0,1,0,0,0,0,0,0,-,-,34.48530960083008,-117.31240081787108,SAN BERNARDINO,VICTORVILLE,-117.31242370605467,34.48529815673828
9621323,2023,2023-11-17,3608,2023-10-07,1516,3372,NA,6,5,5,3608,0,0,0,NA,0,REDLAN,N UNIVERSITY ST,E BROCKTON AV,0,NA,Y,A,-,N,NA,NA,NA,NA,NA,NA,NA,NA,NA,N,3,0,3,2,A,-,12,22450,A,N,D,C,A,A,H,-,A,A,0,NA,NA,NA,NA,Y,NA,A,07,0,2,1,0,0,0,0,0,0,-,-,NA,NA,SAN BERNARDINO,REDLANDS,-117.1672592163086,34.066402435302734
9621365,2023,2023-11-20,3608,2023-09-22,2024,5231,NA,5,5,5,3608,0,0,0,NA,0,NA,TENNESSEE ST,ORANGE AV,0,NA,Y,B,-,N,NA,NA,NA,NA,NA,NA,NA,NA,NA,Y,3,0,3,2,A,-,09,21800,C,N,A,C,A,A,H,-,C,A,0,NA,NA,NA,NA,Y,NA,-,-,0,1,2,0,0,0,0,0,0,-,-,NA,NA,SAN BERNARDINO,REDLANDS,-117.1999969482422,34.05197525024414
9622285,2023,2023-12-07,3603,2023-09-28,1925,5111,CPD,4,5,4,3603,0,0,0,NA,0,004,S COOLEY DR,E ASHWOOD LN,0,NA,Y,A,-,N,NA,NA,NA,NA,NA,NA,NA,NA,NA,N,4,0,1,2,A,-,12,22450,NA,N,A,C,A,A,H,-,C,D,0,NA,NA,NA,NA,Y,NA,A,01,0,0,1,0,0,0,0,0,0,-,-,34.05345153808594,-117.29302978515624,SAN BERNARDINO,COLTON,-117.29305267333984,34.053462982177734
9622290,2023,2023-10-31,3603,2023-09-09,555,4357,CPD,6,5,4,3603,0,0,0,NA,0,003,MIGUEL BUSTAMONTE PKWY,RIVERSIDE AV,2000,E,N,A,-,N,NA,NA,NA,NA,NA,NA,NA,NA,NA,Y,2,0,1,2,A,-,05,21650,NA,N,C,C,A,A,H,-,B,D,0,NA,NA,NA,Y,Y,NA,D,22,1,0,0,0,0,0,0,0,0,-,-,NA,NA,SAN BERNARDINO,COLTON,-117.3600845336914,34.03395080566406
9622896,2023,2023-11-28,3608,2023-08-18,48,4027,NA,5,5,5,3608,0,0,0,NA,0,NA,ORANGE ST,UNION AV,0,N,N,A,-,N,NA,NA,NA,NA,NA,NA,NA,NA,NA,Y,2,0,1,1,C,-,18,NA,NA,N,H,A,A,A,H,-,C,A,0,NA,NA,NA,Y,Y,NA,-,-,1,0,0,0,0,0,0,0,0,-,-,NA,NA,SAN BERNARDINO,REDLANDS,-117.18251037597656,34.06528854370117
9623389,2023,2023-11-27,3600,2023-10-04,1804,ADELGADO,AP026,3,5,5,3621,0,0,0,NA,0,AP3,BEAR VALLEY RD,JESS RANCH PKWY,0,NA,Y,A,-,N,NA,NA,NA,NA,NA,NA,NA,NA,NA,Y,3,0,1,3,A,-,12,21453,NA,N,B,C,A,A,H,-,B,A,0,NA,NA,NA,NA,Y,NA,A,01,0,1,0,0,0,0,0,0,0,-,-,NA,NA,SAN BERNARDINO,APPLE VALLEY,-117.24916076660156,34.470970153808594
9623524,2023,2023-12-16,3600,2023-10-25,1526,I8687,VC062,3,5,5,3612,0,0,0,NA,0,002,MOJAVE DR,6TH ST,0,NA,Y,A,-,N,NA,NA,NA,NA,NA,NA,NA,NA,NA,NA,3,0,1,2,A,-,12,22450,A,F,G,B,B,A,H,-,A,A,0,Y,NA,NA,NA,Y,NA,-,NA,0,1,0,0,1,0,0,0,0,-,-,34.51403045654297,-117.2926025390625,SAN BERNARDINO,VICTORVILLE,-117.30263519287108,34.52897644042969
9623738,2023,2023-11-30,3600,2023-10-26,2022,J4396,VC059,4,5,5,3612,0,0,0,NA,0,VC4,BEAR VALLEY RD,AMETHYST RD,249,W,N,A,-,N,NA,NA,NA,NA,NA,NA,NA,NA,NA,Y,4,0,5,3,A,-,03,22350,NA,N,C,-,A,A,H,-,C,D,0,NA,NA,NA,NA,Y,NA,A,01,0,0,5,0,0,0,0,0,0,-,-,34.470420837402344,-117.36533355712892,SAN BERNARDINO,VICTORVILLE,-117.36514282226563,34.470401763916016
9624003,2023,2025-06-25,3600,2023-05-22,1846,G6203,HE423,1,5,5,3619,0,0,0,NA,0,HE4,SUMMIT VALLEY RD,TELEPHONE CANYON RD,1628,W,N,A,-,N,NA,NA,NA,NA,NA,NA,NA,NA,NA,Y,1,1,1,2,A,-,05,21460,A,N,A,C,A,A,H,-,A,D,0,NA,NA,NA,NA,Y,NA,A,07,0,1,0,0,0,0,0,0,0,-,-,NA,NA,SAN BERNARDINO,HESPERIA,-117.33338928222656,34.36957931518555
9624064,2022,2023-10-11,3609,2022-08-01,1828,02065,193,1,5,5,3609,0,0,0,NA,0,004,VALLEY BL,RIVERSIDE AV,145,W,N,A,-,N,NA,NA,NA,NA,NA,NA,NA,NA,NA,Y,1,3,4,7,A,-,01,23152,A,N,C,C,A,A,H,-,A,A,0,NA,NA,NA,NA,Y,Y,A,07,0,2,2,0,0,0,0,0,0,-,-,34.07052993774414,-117.3702392578125,SAN BERNARDINO,RIALTO,-117.37086486816406,34.070518493652344
9624154,2023,2023-11-01,3600,2023-10-06,1119,D4301,VC073,5,5,5,3612,0,0,0,NA,0,VC6,MOJAVE DR,EAST TRAIL,21,W,N,A,-,N,NA,NA,NA,NA,NA,NA,NA,NA,NA,Y,1,1,2,2,A,-,03,22350,NA,N,C,C,A,A,H,-,A,A,0,NA,NA,NA,NA,Y,NA,D,22,0,0,2,0,0,0,0,0,0,-,-,NA,NA,SAN BERNARDINO,VICTORVILLE,-117.35121154785156,34.528411865234375
9624278,2023,2023-09-18,3608,2023-08-14,1139,5144,NA,1,5,5,3608,0,0,0,NA,0,NA,6TH ST,BROCKTON AV,0,NA,Y,A,-,N,NA,NA,NA,NA,NA,NA,NA,NA,NA,N,4,0,1,2,A,-,04,21703,NA,N,C,C,A,A,H,-,A,A,0,NA,NA,NA,NA,Y,NA,A,01,0,0,1,0,0,0,0,0,0,-,-,NA,NA,SAN BERNARDINO,REDLANDS,-117.18032073974608,34.066368103027344
9624448,2023,2023-09-21,3605,2023-08-19,2044,401,NA,6,5,4,3605,0,0,0,NA,0,NA,HOLT BL,AMHERST AV,234,E,N,A,-,N,NA,NA,NA,NA,NA,NA,NA,NA,NA,N,4,0,1,2,A,-,08,22107,NA,N,B,C,A,A,H,-,C,A,0,NA,NA,NA,Y,Y,NA,F,55,0,0,1,0,0,0,0,0,0,-,-,NA,NA,SAN BERNARDINO,MONTCLAIR,-117.71125793457033,34.063140869140625
9624782,2023,2023-10-24,3610,2023-07-31,1520,51415,NA,1,5,6,3610,0,0,0,NA,0,NA,W 5TH ST,NORTH E ST,0,NA,Y,A,-,N,NA,NA,NA,NA,NA,NA,NA,NA,NA,N,4,0,1,2,A,-,10,21950,A,F,G,C,A,A,A,H,A,A,0,NA,NA,NA,NA,Y,NA,A,07,0,0,1,0,0,0,0,0,0,-,-,34.10831832885742,-117.29419708251952,SAN BERNARDINO,SAN BERNARDINO,-117.29413604736328,34.108306884765625