CASE_ID,ACCIDENT_YEAR,PROC_DATE,JURIS,COLLISION_DATE,COLLISION_TIME,OFFICER_ID,REPORTING_DISTRICT,DAY_OF_WEEK,CHP_SHIFT,POPULATION,CNTY_CITY_LOC,SPECIAL_COND,BEAT_TYPE,CHP_BEAT_TYPE,CITY_DIVISION_LAPD,CHP_BEAT_CLASS,BEAT_NUMBER,PRIMARY_RD,SECONDARY_RD,DISTANCE,DIRECTION,INTERSECTION,WEATHER_1,WEATHER_2,STATE_HWY_IND,CALTRANS_COUNTY,CALTRANS_DISTRICT,STATE_ROUTE,ROUTE_SUFFIX,POSTMILE_PREFIX,POSTMILE,LOCATION_TYPE,RAMP_INTERSECTION,SIDE_OF_HWY,TOW_AWAY,COLLISION_SEVERITY,NUMBER_KILLED,NUMBER_INJURED,PARTY_COUNT,PRIMARY_COLL_FACTOR,PCF_CODE_OF_VIOL,PCF_VIOL_CATEGORY,PCF_VIOLATION,PCF_VIOL_SUBSECTION,HIT_AND_RUN,TYPE_OF_COLLISION,MVIW,PED_ACTION,ROAD_SURFACE,ROAD_COND_1,ROAD_COND_2,LIGHTING,CONTROL_DEVICE,CHP_ROAD_TYPE,PEDESTRIAN_ACCIDENT,BICYCLE_ACCIDENT,MOTORCYCLE_ACCIDENT,TRUCK_ACCIDENT,NOT_PRIVATE_PROPERTY,ALCOHOL_INVOLVED,STWD_VEHTYPE_AT_FAULT,CHP_VEHTYPE_AT_FAULT,COUNT_SEVERE_INJ,COUNT_VISIBLE_INJ,COUNT_COMPLAINT_PAIN,COUNT_PED_KILLED,COUNT_PED_INJURED,COUNT_BICYCLIST_KILLED,COUNT_BICYCLIST_INJURED,COUNT_MC_KILLED,COUNT_MC_INJURED,PRIMARY_RAMP,SECONDARY_RAMP,LATITUDE,LONGITUDE,COUNTY,CITY,POINT_X,POINT_Y
9624795,2023,2023-09-19,3608,2023-07-11,159,5143,NA,2,5,5,3608,0,0,0,NA,0,NA,ORANGE ST,PIONEER AV,5966,N,N,A,-,N,NA,NA,NA,NA,NA,NA,NA,NA,NA,N,3,0,1,1,A,-,01,23152,A,N,A,I,A,A,H,-,C,A,0,NA,NA,NA,NA,Y,Y,A,01,0,1,0,0,0,0,0,0,0,-,-,NA,NA,SAN BERNARDINO,REDLANDS,-117.18241119384766,34.09718322753906
9624799,2023,2023-09-25,3608,2023-07-30,1002,5230,REDLA,7,5,5,3608,0,0,0,NA,0,NA,GREENSPOT RD,GARNET ST,5447,W,N,A,-,N,NA,NA,NA,NA,NA,NA,NA,NA,NA,N,3,0,1,1,A,-,03,22350,NA,N,E,I,A,A,A,-,A,D,0,NA,NA,Y,NA,Y,NA,C,02,0,1,0,0,0,0,0,0,1,-,-,NA,NA,SAN BERNARDINO,REDLANDS,NA,NA
9624817,2023,2023-09-20,3610,2023-08-06,2125,51426,NA,7,5,6,3610,0,0,0,NA,0,NA,E HARRIMAN PL,S TIPPECANOE AV,0,NA,Y,A,-,N,NA,NA,NA,NA,NA,NA,NA,NA,NA,Y,3,0,3,2,A,-,08,22107,NA,N,D,C,A,A,A,H,C,A,0,NA,NA,NA,NA,Y,NA,A,01,0,3,0,0,0,0,0,0,0,-,-,NA,NA,SAN BERNARDINO,SAN BERNARDINO,-117.2612762451172,34.066673278808594
9625197,2023,2023-10-06,3610,2023-08-24,745,51521,NA,4,5,6,3610,0,0,0,NA,0,NA,N WATERMAN CANYON RD,RT 18,0,NA,-,A,-,Y,SBD,8,18,-,R,12.03,H,-,S,Y,4,0,1,1,A,-,03,22350,NA,N,F,I,A,A,H,-,A,D,0,NA,NA,NA,NA,Y,NA,A,07,0,0,1,0,0,0,0,0,0,-,-,34.18244934082031,-117.27378082275392,SAN BERNARDINO,SAN BERNARDINO,-117.28115081787108,34.2027473449707
9625487,2023,2023-10-03,3600,2023-06-30,1226,F8247,HE117,5,5,5,3619,0,0,0,NA,0,HE3,MAIN ST,KEY POINT AV,40,E,N,A,-,N,NA,NA,NA,NA,NA,NA,NA,NA,NA,N,4,0,1,2,A,-,03,22350,NA,M,C,C,A,A,H,-,A,A,0,NA,NA,NA,NA,Y,NA,D,22,0,0,1,0,0,0,0,0,0,-,-,34.426700592041016,-117.38347625732422,SAN BERNARDINO,HESPERIA,-117.3836669921875,34.4266242980957
9626741,2023,2023-10-27,3610,2023-09-19,2141,51369,NA,2,5,6,3610,0,0,0,NA,0,NA,W RIALTO AV,W ARROW RTE,0,NA,Y,A,-,N,NA,NA,NA,NA,NA,NA,NA,NA,NA,Y,3,0,2,2,A,-,09,21801,A,F,D,C,A,-,H,-,C,D,0,NA,NA,NA,NA,Y,NA,A,07,0,1,1,0,0,0,0,0,0,-,-,34.099910736083984,-117.33061981201172,SAN BERNARDINO,SAN BERNARDINO,-117.40089416503906,34.099525451660156
9627673,2023,2023-10-10,3604,2023-09-08,1241,925,NA,5,5,6,3604,0,0,0,NA,0,NA,CITRUS AV,CERES AV,271,N,N,A,-,N,NA,NA,NA,NA,NA,NA,NA,NA,NA,N,4,0,1,3,A,-,03,22350,NA,N,C,C,A,A,H,-,A,A,0,NA,NA,NA,NA,Y,NA,A,01,0,0,1,0,0,0,0,0,0,-,-,NA,NA,SAN BERNARDINO,FONTANA,-117.45366668701172,34.09455108642578
9627812,2023,2023-12-07,3610,2023-10-06,2330,51362,NA,5,5,6,3610,0,0,0,NA,0,NA,NORTH WATERMAN AV,E RALSTON AV,0,NA,Y,A,-,N,NA,NA,NA,NA,NA,NA,NA,NA,NA,N,3,0,1,2,A,-,09,21801,A,N,D,C,A,A,H,-,C,D,0,NA,Y,NA,NA,Y,NA,D,22,0,1,0,0,0,0,1,0,0,-,-,34.161781311035156,-117.27866363525392,SAN BERNARDINO,SAN BERNARDINO,-117.2786865234375,34.16178512573242
9627832,2023,2023-10-21,3608,2023-09-10,1605,2916,NA,7,5,5,3608,0,0,0,NA,0,NA,SAN TIMOTEO CANYON RD,NEVADA ST,0,NA,Y,A,-,N,NA,NA,NA,NA,NA,NA,NA,NA,NA,Y,3,0,2,2,A,-,01,23152,A,N,B,C,A,A,H,-,A,A,0,NA,NA,NA,NA,Y,Y,A,01,0,1,1,0,0,0,0,0,0,-,-,NA,NA,SAN BERNARDINO,REDLANDS,-117.2172393798828,34.04241180419922
9627892,2023,2023-10-13,3610,2023-09-17,2016,51426,NA,7,5,6,3610,0,0,0,NA,0,NA,E ATLANTIC AV,N LA PRAIX ST,27,W,N,A,-,N,NA,NA,NA,NA,NA,NA,NA,NA,NA,Y,3,0,2,2,A,-,08,22107,NA,N,A,I,A,A,H,-,C,D,0,NA,NA,NA,NA,Y,NA,A,01,0,2,0,0,0,0,0,0,0,-,-,NA,NA,SAN BERNARDINO,SAN BERNARDINO,-117.20040130615234,34.132110595703125
9628399,2023,2023-10-28,3604,2023-09-19,730,1395,NA,2,5,6,3604,0,0,0,NA,0,NA,S HIGHLAND AV,CITRUS AV,0,NA,Y,A,-,N,NA,NA,NA,NA,NA,NA,NA,NA,NA,N,4,0,1,2,A,-,10,21950,A,N,G,B,B,A,H,-,A,A,0,Y,NA,NA,NA,Y,NA,A,07,0,0,1,0,1,0,0,0,0,-,-,NA,NA,SAN BERNARDINO,FONTANA,-117.45364379882813,34.13471221923828
9628434,2023,2023-11-01,3601,2023-07-18,1208,P23,BARST,2,5,3,3601,0,0,0,NA,0,PATROL,E MAIN ST,VIRGINIA WY,10,N,N,A,-,N,NA,NA,NA,NA,NA,NA,NA,NA,NA,Y,4,0,1,2,A,-,03,22350,NA,N,D,C,A,A,H,-,-,D,0,NA,NA,Y,NA,Y,NA,A,01,0,0,1,0,0,0,0,0,1,-,-,NA,NA,SAN BERNARDINO,BARSTOW,-117.63092803955078,34.06843948364258
9628977,2023,2023-10-25,3608,2023-09-22,1415,4298,NA,5,5,5,3608,0,0,0,NA,0,NA,LAKESIDE AV,FERN AV,0,NA,Y,B,-,N,NA,NA,NA,NA,NA,NA,NA,NA,NA,Y,4,0,1,2,A,-,09,21800,A,N,D,C,A,A,H,-,A,A,0,NA,NA,NA,NA,Y,NA,A,07,0,0,1,0,0,0,0,0,0,-,-,NA,NA,SAN BERNARDINO,REDLANDS,-117.197021484375,34.040374755859375
9629550,2023,2023-12-01,3610,2023-10-16,1221,51541,NA,1,5,6,3610,0,0,0,NA,0,NA,E 9TH ST,VALENCIA,220,E,N,A,-,N,NA,NA,NA,NA,NA,NA,NA,NA,NA,Y,3,0,1,1,C,-,18,NA,NA,N,A,I,A,-,H,-,A,D,0,NA,NA,NA,NA,Y,NA,-,-,0,1,0,0,0,0,0,0,0,-,-,34.115760803222656,-117.27091217041016,SAN BERNARDINO,SAN BERNARDINO,-117.27102661132813,34.115760803222656
9630972,2023,2023-11-30,3610,2023-10-14,1741,51382,NA,6,5,6,3610,0,0,0,NA,0,NA,W 28TH ST,N BERKELEY AV,0,NA,Y,A,-,N,NA,NA,NA,NA,NA,NA,NA,NA,NA,N,4,0,1,2,A,-,11,21956,NA,N,D,B,D,A,H,-,A,D,0,Y,NA,NA,NA,Y,NA,N,60,0,0,1,0,0,0,0,0,0,-,-,34.14242172241211,-117.2975616455078,SAN BERNARDINO,SAN BERNARDINO,-117.2975616455078,34.142398834228516
9631221,2023,2023-11-07,3600,2023-09-06,1303,H8283,YV015,3,5,3,3631,0,0,0,NA,0,YV1,RT 62,WARREN VISTA AV,435,E,N,A,-,Y,SBD,8,62,-,-,13.05,H,-,W,N,4,0,1,2,A,-,03,22350,NA,N,C,C,A,A,H,-,A,A,0,NA,NA,NA,NA,Y,NA,A,01,0,0,1,0,0,0,0,0,0,-,-,34.12662124633789,-116.40339660644533,SAN BERNARDINO,YUCCA VALLEY,-116.40347290039063,34.126686096191406
9631608,2023,2024-01-24,3603,2023-11-02,2044,4861,CPD,4,5,4,3603,0,0,0,NA,0,001,N MERIDIAN AVE,W OLIVE ST,0,NA,Y,A,-,N,NA,NA,NA,NA,NA,NA,NA,NA,NA,N,3,0,1,2,A,-,12,22450,NA,N,D,C,A,A,H,-,C,A,0,NA,NA,NA,NA,Y,NA,D,22,0,1,0,0,0,0,0,0,0,-,-,34.0777702331543,-117.3485107421875,SAN BERNARDINO,COLTON,-117.3485107421875,34.07772445678711
9632001,2023,2023-11-06,3603,2023-09-28,1615,4916,CPD,4,5,4,3603,0,0,0,NA,0,003,LA CADENA DR,M ST,0,NA,Y,A,-,N,NA,NA,NA,NA,NA,NA,NA,NA,NA,N,3,0,1,2,A,-,10,21950,A,M,G,B,B,A,H,-,A,A,0,Y,NA,NA,NA,Y,NA,A,01,0,1,0,0,1,0,0,0,0,-,-,34.06214141845703,-117.3253173828125,SAN BERNARDINO,COLTON,-117.3253173828125,34.062129974365234
9632008,2023,2023-11-06,3603,2023-09-13,1610,4546,CPD,3,5,4,3603,0,0,0,NA,0,003,N LA CADENA DR,VALLEY BL,200,S,N,A,-,N,NA,NA,NA,NA,NA,NA,NA,NA,NA,Y,4,0,2,3,A,-,08,22107,NA,N,A,C,A,A,H,-,A,D,0,NA,NA,NA,NA,Y,NA,A,01,0,0,2,0,0,0,0,0,0,-,-,34.066898345947266,-117.32433319091795,SAN BERNARDINO,COLTON,-117.32442474365234,34.06632995605469
9632856,2023,2023-11-07,3605,2023-09-29,1831,460,NA,5,5,4,3605,0,0,0,NA,0,002,RAMONA AV,HOLT BL,60,S,N,A,-,N,NA,NA,NA,NA,NA,NA,NA,NA,NA,N,4,0,2,2,A,-,03,22350,NA,N,C,C,A,A,H,-,A,A,0,NA,NA,NA,Y,Y,NA,F,26,0,0,2,0,0,0,0,0,0,-,-,34.063148498535156,-117.70703887939452,SAN BERNARDINO,MONTCLAIR,-117.7070541381836,34.06295394897461
9633124,2023,2023-11-27,3604,2023-10-28,1312,1186,NA,6,5,6,3604,0,0,0,NA,0,NA,CITRUS AV,CHASE RD,90,S,N,A,-,N,NA,NA,NA,NA,NA,NA,NA,NA,NA,Y,4,0,1,2,A,-,03,22350,NA,N,C,C,A,A,H,-,A,D,0,NA,NA,NA,NA,Y,NA,A,01,0,0,1,0,0,0,0,0,0,-,-,NA,NA,SAN BERNARDINO,FONTANA,-117.45365142822266,34.124752044677734
9634678,2023,2024-01-24,3600,2023-11-15,1923,J2651,VC033,3,5,5,3612,0,0,0,NA,0,VC02,LA PAZ DR,REDONDO DR,0,NA,Y,C,-,N,NA,NA,NA,NA,NA,NA,NA,NA,NA,N,4,0,1,1,A,-,08,22107,A,N,F,I,A,B,H,-,C,A,0,NA,NA,NA,NA,Y,NA,A,07,0,0,1,0,0,0,0,0,0,-,-,34.52606964111328,-117.3156509399414,SAN BERNARDINO,VICTORVILLE,-117.31304168701172,34.526268005371094
9635002,2023,2023-12-26,3604,2023-11-14,1515,1457,SANBE,2,5,6,3604,0,0,0,NA,0,002,PALMETTO AV / BARBEE ST,FOOTHILL,836,N,N,A,-,N,NA,NA,NA,NA,NA,NA,NA,NA,NA,Y,3,0,2,3,A,-,09,21802,A,N,D,C,A,A,H,-,A,A,0,NA,NA,NA,NA,Y,NA,A,01,0,1,1,0,0,0,0,0,0,-,-,NA,NA,SAN BERNARDINO,FONTANA,-117.42710113525392,34.10894012451172
9635009,2023,2023-12-26,3604,2023-11-08,1236,1086,NA,3,5,6,3604,0,0,0,NA,0,NA,FOOTHILL BL,OLEANDER AV,0,NA,Y,A,-,N,NA,NA,NA,NA,NA,NA,NA,NA,NA,Y,4,0,1,2,A,-,12,21453,A,N,D,C,A,A,H,-,A,A,0,NA,NA,NA,NA,Y,NA,A,01,0,0,1,0,0,0,0,0,0,-,-,NA,NA,SAN BERNARDINO,FONTANA,-117.44886779785156,34.1065788269043
9635977,2023,2024-03-02,3600,2023-12-22,1542,J2651,VC025,5,5,5,3612,0,0,0,NA,0,VC03,NISQUALLI RD,11TH AV,0,NA,Y,A,-,N,NA,NA,NA,NA,NA,NA,NA,NA,NA,N,3,0,1,2,A,-,03,22350,NA,N,C,C,A,A,H,-,A,A,0,NA,NA,NA,NA,Y,NA,A,01,0,1,0,0,0,0,0,0,0,-,-,34.41324996948242,-117.37277221679688,SAN BERNARDINO,VICTORVILLE,-117.32563018798828,34.48521041870117
9636450,2023,2023-11-29,3604,2023-10-19,759,1086,NA,4,5,6,3604,0,0,0,NA,0,NA,MILLER AV,EVERGREEN LN,20,E,N,A,-,N,NA,NA,NA,NA,NA,NA,NA,NA,NA,Y,4,0,6,2,A,-,08,22107,NA,N,D,C,A,A,H,-,A,A,0,NA,NA,NA,NA,Y,NA,A,01,0,0,6,0,0,0,0,0,0,-,-,NA,NA,SAN BERNARDINO,FONTANA,-117.41689300537108,34.11397933959961
9637126,2023,2023-11-30,3600,2023-08-30,1543,J6708,SBSDN,3,5,2,3606,0,0,0,NA,0,NE1,RT 95,SPIKES RD,500,S,N,A,-,Y,SBD,8,95,-,-,56.48,H,-,N,N,3,0,1,2,A,-,04,21703,NA,N,C,C,A,A,H,-,A,D,0,NA,NA,NA,NA,Y,NA,A,01,0,1,0,0,0,0,0,0,0,-,-,NA,NA,SAN BERNARDINO,NEEDLES,-114.60075378417967,34.81373596191406
9637138,2023,2023-11-30,3600,2023-10-28,414,I1628,YV009,6,5,3,3631,0,0,0,NA,0,YV1,RT 247,BUENA SUERTE RD,0,NA,N,A,-,Y,SBD,8,247,-,-,1.14,H,-,S,Y,4,0,1,1,A,-,01,23152,A,N,E,I,A,A,-,-,D,D,0,NA,NA,NA,NA,Y,Y,A,07,0,0,1,0,0,0,0,0,0,-,-,34.13959884643555,-116.4130630493164,SAN BERNARDINO,YUCCA VALLEY,-116.41290283203124,34.139652252197266
9637274,2023,2024-01-22,3604,2023-10-27,1310,802,3604,5,5,6,3604,0,0,0,NA,0,NA,SOUTH HIGHLAND AV,JUNIPER AV,0,NA,Y,B,-,N,NA,NA,NA,NA,NA,NA,NA,NA,NA,Y,3,0,2,2,A,-,09,21802,NA,N,D,C,A,A,H,-,A,A,0,NA,NA,NA,NA,Y,NA,A,07,0,1,1,0,0,0,0,0,0,-,-,NA,NA,SAN BERNARDINO,FONTANA,-117.4402313232422,34.133506774902344
9637572,2023,2023-12-22,3600,2023-11-22,915,J3458,AP007,3,5,5,3621,0,0,0,NA,0,AP2,RT 18,NAVAJO RD,0,NA,Y,A,-,Y,SBD,8,18,-,-,88.871,I,5,S,Y,4,0,1,2,A,-,03,22350,NA,N,C,C,A,A,H,-,A,A,0,NA,NA,NA,NA,Y,NA,A,01,0,0,1,0,0,0,0,0,0,-,-,NA,NA,SAN BERNARDINO,APPLE VALLEY,-117.19023895263672,34.500492095947266
9637871,2023,2023-11-21,3610,2023-10-17,1500,51442,NA,2,5,6,3610,0,0,0,NA,0,NA,CALIFORNIA ST,WEST HIGHLAND AV,168,N,N,A,-,N,NA,NA,NA,NA,NA,NA,NA,NA,NA,Y,4,0,1,2,A,-,04,21703,NA,N,C,D,A,A,H,-,A,A,0,NA,NA,NA,NA,Y,Y,J,48,0,0,1,0,0,0,0,0,0,-,-,34.1457405090332,-117.3311004638672,SAN BERNARDINO,SAN BERNARDINO,-117.33112335205078,34.136600494384766
9638063,2023,2023-12-08,3600,2023-11-14,2126,F9717,VC064,2,5,5,3612,0,0,0,NA,0,VC5,2ND AV,DEAN AV,0,NA,N,A,-,N,NA,NA,NA,NA,NA,NA,NA,NA,NA,Y,2,0,1,1,A,-,03,22350,NA,N,F,I,A,A,H,-,D,D,0,NA,NA,NA,NA,Y,NA,A,01,1,0,0,0,0,0,0,0,0,-,-,34.495330810546875,-117.2994384765625,SAN BERNARDINO,VICTORVILLE,-117.29998779296876,34.49577713012695
9638231,2023,2023-12-15,3601,2023-09-28,2202,021482,NA,4,5,3,3601,0,0,0,NA,0,NA,MURIEL DR,E MAIN ST,0,NA,Y,A,-,N,NA,NA,NA,NA,NA,NA,NA,NA,NA,Y,3,0,5,3,B,-,22,NA,NA,N,D,D,A,A,H,-,C,A,0,NA,NA,NA,NA,Y,NA,J,48,0,2,3,0,0,0,0,0,0,-,-,34.89862823486328,-117.0138702392578,SAN BERNARDINO,BARSTOW,-117.01387786865234,34.89866256713867
9638321,2023,2023-12-27,3600,2023-11-13,1431,H8288,HI017,1,5,4,3618,0,0,0,NA,0,002,PACIFIC ST,PALM AV,0,NA,Y,A,-,N,NA,NA,NA,NA,NA,NA,NA,NA,NA,N,2,0,1,2,A,-,08,22107,NA,N,D,-,A,A,H,-,A,D,0,NA,NA,Y,NA,Y,NA,C,02,1,0,0,0,0,0,0,0,1,-,-,34.12852096557617,-117.208740234375,SAN BERNARDINO,HIGHLAND,-117.208740234375,34.12850570678711
9638727,2023,2023-11-29,3608,2023-10-19,1502,5258,NA,4,5,5,3608,0,0,0,NA,0,NA,S CENTER ST,PALM AV,45,N,N,A,-,N,NA,NA,NA,NA,NA,NA,NA,NA,NA,Y,4,0,2,2,A,-,03,22350,A,N,C,C,A,A,H,-,A,A,0,NA,NA,NA,NA,Y,Y,A,01,0,0,2,0,0,0,0,0,0,-,-,NA,NA,SAN BERNARDINO,REDLANDS,-117.18140411376952,34.04043197631836
9638835,2023,2023-11-27,3610,2023-10-27,1723,51382,NA,5,5,6,3610,0,0,0,NA,0,NA,N ARROWHEAD AVE,W 14TH ST,0,NA,Y,A,-,N,NA,NA,NA,NA,NA,NA,NA,NA,NA,Y,3,0,2,3,A,-,08,22107,NA,F,C,C,A,A,H,-,A,A,0,NA,NA,NA,NA,Y,NA,A,01,0,1,1,0,0,0,0,0,0,-,-,34.12538146972656,-117.2900390625,SAN BERNARDINO,SAN BERNARDINO,-117.28965759277344,34.12576675415039
9638891,2023,2023-11-22,3610,2023-10-30,1002,51337,NA,1,5,6,3610,0,0,0,NA,0,NA,W 16TH ST,N MASSACHUSETTS ST,0,NA,Y,A,-,N,NA,NA,NA,NA,NA,NA,NA,NA,NA,Y,4,0,1,3,A,-,03,22350,NA,F,C,C,A,A,H,-,A,A,0,NA,NA,NA,NA,Y,NA,A,07,0,0,1,0,0,0,0,0,0,-,-,34.12866973876953,-117.30850982666016,SAN BERNARDINO,SAN BERNARDINO,-117.30853271484376,34.128639221191406
9639169,2023,2024-01-13,3608,2023-11-05,2152,4202,3608,7,5,5,3608,0,0,0,NA,0,NA,W LUGONIA AV,CITRUS PLAZA DR,114,E,N,A,-,N,NA,NA,NA,NA,NA,NA,NA,NA,NA,Y,4,0,1,2,A,-,05,21651,B,F,A,C,A,A,H,-,D,D,0,NA,NA,NA,NA,Y,Y,A,01,0,0,1,0,0,0,0,0,0,-,-,NA,NA,SAN BERNARDINO,REDLANDS,-117.2016143798828,34.070213317871094
9639399,2023,2024-01-25,3604,2023-11-01,1435,1444,NA,3,5,6,3604,0,0,0,NA,0,NA,VALLEY BL,HEALTHCARE PKWY,265,W,N,A,-,N,NA,NA,NA,NA,NA,NA,NA,NA,NA,N,3,0,2,3,A,-,03,22350,NA,N,C,C,A,A,H,-,A,A,0,NA,NA,NA,NA,Y,NA,A,01,0,1,1,0,0,0,0,0,0,-,-,NA,NA,SAN BERNARDINO,FONTANA,-117.4301986694336,34.07038879394531
9639852,2023,2023-12-15,3605,2023-10-17,1442,492,NA,2,5,4,3605,0,0,0,NA,0,NA,ORCHARD ST,FELIPE AV,0,NA,Y,A,-,N,NA,NA,NA,NA,NA,NA,NA,NA,NA,N,2,0,1,1,A,-,03,22350,NA,N,F,A,A,A,H,-,A,A,0,NA,NA,Y,NA,Y,NA,C,02,1,0,0,0,0,0,0,0,1,-,-,34.07048034667969,-117.7043914794922,SAN BERNARDINO,MONTCLAIR,-117.704345703125,34.07042694091797
9640456,2024,2024-05-15,3600,2024-03-09,2050,G8165,VC066,6,5,5,3612,0,0,0,NA,0,VC5,AMARGOSA RD,SMOKE TREE RD,453,N,N,A,-,N,NA,NA,NA,NA,NA,NA,NA,NA,NA,Y,1,1,0,3,A,-,11,21954,A,N,G,B,E,A,H,-,D,D,0,Y,NA,NA,NA,Y,NA,N,60,0,0,0,1,0,0,0,0,0,-,-,34.44279098510742,-117.36833190917967,SAN BERNARDINO,VICTORVILLE,-117.3686294555664,34.4423942565918
9640616,2024,2024-07-10,3600,2024-05-17,2219,D6899,HE111,5,5,5,3619,0,0,0,NA,0,HE1,MARIPOSA RD,MESA ST,1849,N,N,A,-,N,NA,NA,NA,NA,NA,NA,NA,NA,NA,N,1,1,0,2,A,-,11,21954,A,N,G,B,E,A,H,-,D,D,0,Y,NA,NA,NA,Y,NA,N,60,0,0,0,1,0,0,0,0,0,-,-,NA,NA,SAN BERNARDINO,HESPERIA,-117.35939025878906,34.45292282104492
9640679,2023,2024-07-10,3610,2023-11-11,1754,50571,NA,6,5,6,3610,0,0,0,NA,0,NA,S TIPPECANOE AV,HARDT ST,0,NA,Y,A,-,N,NA,NA,NA,NA,NA,NA,NA,NA,NA,N,1,1,0,2,A,-,08,22107,NA,N,C,G,A,A,H,-,D,D,0,NA,Y,NA,NA,Y,NA,L,04,0,0,0,0,0,1,0,0,0,-,-,34.07223892211914,-117.26055908203124,SAN BERNARDINO,SAN BERNARDINO,-117.25994873046876,34.07288360595703
9640759,2024,2024-08-27,3610,2024-01-04,900,50571,NA,4,5,6,3610,0,0,0,NA,0,NA,E CENTRAL AV,MOUNTAIN VIEW AV,1963,W,N,B,-,N,NA,NA,NA,NA,NA,NA,NA,NA,NA,Y,1,1,0,2,A,-,01,23152,F,N,C,C,A,A,H,-,A,D,0,NA,NA,NA,Y,Y,NA,A,01,0,0,0,0,0,0,0,0,0,-,-,34.08586883544922,-117.25968170166016,SAN BERNARDINO,SAN BERNARDINO,-117.25017547607422,34.08586883544922
9640820,2023,2024-08-14,3608,2023-12-30,530,4345,SAN B,6,5,5,3608,0,0,0,NA,0,NA,LUGONIA AV,CHURCH ST,241,W,N,B,-,Y,SBD,8,38,-,-,1.02,H,-,W,N,1,1,0,2,A,-,11,21954,A,F,G,B,D,A,H,-,C,A,0,Y,NA,NA,NA,Y,NA,N,60,0,0,0,1,0,0,0,0,0,-,-,NA,NA,SAN BERNARDINO,REDLANDS,-117.17464447021484,34.070045471191406
9641035,2023,2024-11-04,3600,2023-10-13,2019,I4817,AD107,5,5,3,3613,0,0,0,NA,0,AD2,RT 395,AIR EXPRESS WY,1182,S,N,A,-,Y,SBD,8,395,-,-,15.49,H,-,N,Y,1,2,1,3,A,-,03,22350,NA,N,A,C,A,A,H,-,D,A,0,NA,NA,NA,NA,Y,NA,A,01,1,0,0,0,0,0,0,0,0,-,-,NA,NA,SAN BERNARDINO,ADELANTO,-117.40855407714844,34.569007873535156
9641648,2023,2023-12-12,3600,2023-07-18,2055,I9526,HE218,2,5,5,3619,0,0,0,NA,0,HE2,MAIN ST,G AV,40,E,N,A,-,N,NA,NA,NA,NA,NA,NA,NA,NA,NA,N,3,0,1,2,A,-,11,21954,A,N,G,B,D,A,H,-,C,A,0,Y,NA,NA,NA,Y,Y,N,60,0,1,0,0,1,0,0,0,0,-,-,NA,NA,SAN BERNARDINO,HESPERIA,-117.28768157958984,34.419498443603516
9642208,2023,2023-12-19,3600,2023-10-30,2005,D3381,VC075,1,5,5,3612,0,0,0,NA,0,VC6,MOJAVE DR,VILLAGE DR,0,NA,Y,A,-,N,NA,NA,NA,NA,NA,NA,NA,NA,NA,Y,3,0,2,2,A,-,09,21801,A,N,D,C,A,A,H,-,C,A,0,NA,NA,NA,NA,Y,NA,A,07,0,1,1,0,0,0,0,0,0,-,-,34.528839111328125,-117.31829071044922,SAN BERNARDINO,VICTORVILLE,-117.3183135986328,34.52889633178711
9642540,2023,2023-12-28,3604,2023-11-09,1512,802,NA,4,5,6,3604,0,0,0,NA,0,NA,SIERRA AV,SAN JACINTO AV,377,N,N,A,G,N,NA,NA,NA,NA,NA,NA,NA,NA,NA,NA,4,0,1,2,A,-,03,22350,NA,N,C,C,A,A,D,E,A,A,0,NA,NA,NA,NA,Y,NA,A,07,0,0,1,0,0,0,0,0,0,-,-,NA,NA,SAN BERNARDINO,FONTANA,-117.43586730957033,34.11860275268555
9643942,2023,2023-12-29,3610,2023-11-10,2005,51367,NA,5,5,6,3610,0,0,0,NA,0,NA,S HUNTS LN,S E ST,19,N,N,A,-,N,NA,NA,NA,NA,NA,NA,NA,NA,NA,Y,4,0,2,2,A,-,09,21801,A,N,A,C,A,A,H,-,C,A,0,NA,NA,NA,NA,Y,NA,A,01,0,0,2,0,0,0,0,0,0,-,-,34.06454849243164,-117.28755950927734,SAN BERNARDINO,SAN BERNARDINO,-117.28758239746094,34.064552307128906
9643943,2023,2023-12-29,3610,2023-11-10,1708,51382,NA,5,5,6,3610,0,0,0,NA,0,NA,W KENDALL DR,N BAILEY CT,0,NA,Y,A,-,N,NA,NA,NA,NA,NA,NA,NA,NA,NA,Y,3,0,2,2,A,-,03,22350,NA,N,D,C,A,A,H,-,A,D,0,NA,NA,Y,NA,Y,NA,C,02,0,1,1,0,0,0,0,0,1,-,-,34.18492889404297,-117.34803009033205,SAN BERNARDINO,SAN BERNARDINO,-117.34804534912108,34.184906005859375
9644321,2023,2023-12-08,3600,2023-10-19,1520,F6913,RC052,4,5,6,3616,0,0,0,NA,0,004,GROVE AV,ARROW ROUTE,0,NA,Y,A,-,N,NA,NA,NA,NA,NA,NA,NA,NA,NA,N,4,0,1,2,A,-,12,21453,A,N,D,C,A,A,H,-,A,A,0,NA,NA,NA,NA,Y,NA,A,01,0,0,1,0,0,0,0,0,0,-,-,NA,NA,SAN BERNARDINO,RANCHO CUCAMONGA,-117.62854766845705,34.09941482543945