CASE_ID,ACCIDENT_YEAR,PROC_DATE,JURIS,COLLISION_DATE,COLLISION_TIME,OFFICER_ID,REPORTING_DISTRICT,DAY_OF_WEEK,CHP_SHIFT,POPULATION,CNTY_CITY_LOC,SPECIAL_COND,BEAT_TYPE,CHP_BEAT_TYPE,CITY_DIVISION_LAPD,CHP_BEAT_CLASS,BEAT_NUMBER,PRIMARY_RD,SECONDARY_RD,DISTANCE,DIRECTION,INTERSECTION,WEATHER_1,WEATHER_2,STATE_HWY_IND,CALTRANS_COUNTY,CALTRANS_DISTRICT,STATE_ROUTE,ROUTE_SUFFIX,POSTMILE_PREFIX,POSTMILE,LOCATION_TYPE,RAMP_INTERSECTION,SIDE_OF_HWY,TOW_AWAY,COLLISION_SEVERITY,NUMBER_KILLED,NUMBER_INJURED,PARTY_COUNT,PRIMARY_COLL_FACTOR,PCF_CODE_OF_VIOL,PCF_VIOL_CATEGORY,PCF_VIOLATION,PCF_VIOL_SUBSECTION,HIT_AND_RUN,TYPE_OF_COLLISION,MVIW,PED_ACTION,ROAD_SURFACE,ROAD_COND_1,ROAD_COND_2,LIGHTING,CONTROL_DEVICE,CHP_ROAD_TYPE,PEDESTRIAN_ACCIDENT,BICYCLE_ACCIDENT,MOTORCYCLE_ACCIDENT,TRUCK_ACCIDENT,NOT_PRIVATE_PROPERTY,ALCOHOL_INVOLVED,STWD_VEHTYPE_AT_FAULT,CHP_VEHTYPE_AT_FAULT,COUNT_SEVERE_INJ,COUNT_VISIBLE_INJ,COUNT_COMPLAINT_PAIN,COUNT_PED_KILLED,COUNT_PED_INJURED,COUNT_BICYCLIST_KILLED,COUNT_BICYCLIST_INJURED,COUNT_MC_KILLED,COUNT_MC_INJURED,PRIMARY_RAMP,SECONDARY_RAMP,LATITUDE,LONGITUDE,COUNTY,CITY,POINT_X,POINT_Y
9786173,2024,2025-04-25,3610,2024-11-12,1806,50571,NA,2,5,6,3610,0,0,0,NA,0,CHARLI,SIERRA WY,PALMYRA DR,92,S,N,A,-,N,NA,NA,NA,NA,NA,NA,NA,NA,NA,Y,1,1,0,2,A,-,01,23152,A,N,G,B,D,A,H,-,C,D,0,Y,NA,NA,NA,Y,Y,A,01,0,0,0,1,0,0,0,0,0,-,-,34.160850524902344,-117.28504180908205,SAN BERNARDINO,SAN BERNARDINO,-117.2850341796875,34.16109848022461
9786193,2024,2025-05-03,3607,2024-06-22,22,80310,29,6,5,6,3607,0,0,0,NA,0,NA,GROVE AV,6TH ST,230,S,N,A,-,N,NA,NA,NA,NA,NA,NA,NA,NA,NA,Y,1,2,2,8,A,-,01,23152,G,N,C,E,A,A,H,-,C,A,0,NA,NA,NA,NA,Y,Y,A,01,2,0,0,0,0,0,0,0,0,-,-,NA,NA,SAN BERNARDINO,ONTARIO,-117.62857055664063,34.08441925048828
9786297,2024,2025-05-20,3610,2024-12-23,2023,50789,NA,1,5,6,3610,0,0,0,NA,0,ADAM,S SCENIC DR,W KNOLL DR W,0,NA,Y,B,-,N,NA,NA,NA,NA,NA,NA,NA,NA,NA,N,1,1,0,2,A,-,11,21956,A,F,G,B,E,A,H,-,C,D,0,Y,NA,NA,NA,Y,NA,N,60,0,0,0,1,0,0,0,0,0,-,-,NA,NA,SAN BERNARDINO,SAN BERNARDINO,-117.30120849609376,34.080543518066406
9787977,2025,2025-05-08,3608,2025-03-29,149,5071,3608,6,5,5,3608,0,0,0,NA,0,901,GARDEN ST,TEXAS ST,529,N,N,A,-,N,NA,NA,NA,NA,NA,NA,NA,NA,NA,Y,3,0,1,1,A,-,01,23153,NA,N,E,I,A,A,H,-,C,A,0,NA,NA,NA,NA,Y,Y,A,01,0,1,0,0,0,0,0,0,0,-,-,NA,NA,SAN BERNARDINO,REDLANDS,NA,NA
9788138,2025,2025-05-05,3600,2025-04-11,1750,3600,HE132,5,5,5,3619,0,0,0,NA,0,HE5,3RD AV,CAJON ST,0,NA,Y,A,-,N,NA,NA,NA,NA,NA,NA,NA,NA,NA,Y,3,0,1,2,A,-,09,21802,A,N,D,C,A,A,H,-,A,A,0,NA,NA,Y,NA,Y,NA,A,01,0,1,0,0,0,0,0,0,1,-,-,NA,NA,SAN BERNARDINO,HESPERIA,-117.30545806884766,34.428043365478516
9788197,2024,2025-04-29,3600,2024-12-19,858,F8556,RC014,4,5,6,3616,0,0,0,NA,0,006,CHURCH ST,TERRA VISTA PKWY,90,E,N,A,-,N,NA,NA,NA,NA,NA,NA,NA,NA,NA,Y,3,0,1,1,-,-,-,NA,NA,N,E,I,A,A,H,-,A,D,0,NA,NA,Y,NA,Y,NA,C,02,0,1,0,0,0,0,0,0,1,-,-,NA,NA,SAN BERNARDINO,RANCHO CUCAMONGA,-117.57233428955078,34.11348342895508
9788567,2025,2025-05-09,3600,2025-02-10,1410,G4514,RC038,1,5,6,3616,0,0,0,NA,0,RC4,ARCHIBALD AV,PALO ALTO ST,0,NA,Y,A,-,N,NA,NA,NA,NA,NA,NA,NA,NA,NA,Y,4,0,1,1,C,-,18,NA,NA,N,E,I,A,A,H,-,A,D,0,NA,NA,NA,NA,Y,NA,-,-,0,0,1,0,0,0,0,0,0,-,-,NA,NA,SAN BERNARDINO,RANCHO CUCAMONGA,-117.59349822998048,34.118019104003906
9788576,2025,2025-05-06,3600,2025-02-14,1819,F5130,RC052,5,5,6,3616,0,0,0,NA,0,RC4,FOOTHILL BL,BAKER AV,0,NA,Y,B,-,N,NA,NA,NA,NA,NA,NA,NA,NA,NA,N,3,0,1,2,A,-,08,22107,NA,N,B,G,A,A,H,-,C,A,0,NA,Y,NA,NA,Y,NA,A,01,0,1,0,0,0,0,1,0,0,-,-,NA,NA,SAN BERNARDINO,RANCHO CUCAMONGA,-117.61981201171876,34.104835510253906
9788592,2025,2025-05-02,3600,2025-01-09,1957,F5499,RC005,4,5,6,3616,0,0,0,NA,0,RC6,BASE LINE RD,ETIWANDA AV,0,NA,Y,A,-,N,NA,NA,NA,NA,NA,NA,NA,NA,NA,Y,4,0,1,2,D,-,00,NA,NA,N,D,C,A,A,-,-,C,A,0,NA,NA,NA,NA,Y,NA,-,-,0,0,1,0,0,0,0,0,0,-,-,NA,NA,SAN BERNARDINO,RANCHO CUCAMONGA,-117.52354431152344,34.12095260620117
9789096,2025,2025-05-20,3608,2025-03-31,1156,5007,SB CE,1,5,5,3608,0,0,0,NA,0,NA,TEXAS ST,STUART AV,18,S,N,-,-,N,NA,NA,NA,NA,NA,NA,NA,NA,NA,N,3,0,1,2,A,-,12,22451,B,N,E,D,A,A,A,-,A,A,0,NA,Y,NA,NA,Y,NA,M,91,0,1,0,0,0,0,1,0,0,-,-,NA,NA,SAN BERNARDINO,REDLANDS,-117.1913604736328,34.05958938598633
9789301,2025,2025-03-27,3600,2025-03-13,750,I7914,VC057,4,5,5,3612,0,0,0,NA,0,VC7,EL EVADO RD,PALMDALE RD,637,N,N,B,C,N,NA,NA,NA,NA,NA,NA,NA,NA,NA,Y,3,0,2,2,A,-,08,22107,NA,N,D,C,A,B,H,-,A,D,0,NA,NA,NA,NA,Y,NA,A,01,0,2,0,0,0,0,0,0,0,-,-,34.508628845214844,-117.34684753417967,SAN BERNARDINO,VICTORVILLE,-117.34674072265624,34.50846481323242
9789601,2025,2025-04-24,3604,2025-01-11,1855,1367,NA,6,5,6,3604,0,0,0,NA,0,NA,ALMERIA AV,WALNUT AV,0,N,N,A,G,N,NA,NA,NA,NA,NA,NA,NA,NA,NA,N,4,0,1,2,A,-,12,22450,A,N,D,C,A,A,H,-,C,A,0,NA,NA,NA,NA,Y,NA,-,-,0,0,1,0,0,0,0,0,0,-,-,NA,NA,SAN BERNARDINO,FONTANA,-117.4599609375,34.12873077392578
9789908,2025,2025-04-28,3608,2025-03-21,1554,4202,3608,5,5,5,3608,0,0,0,NA,0,NA,EAST BROCKTON AV,NORTH UNIVERSITY ST,1079,E,N,A,-,N,NA,NA,NA,NA,NA,NA,NA,NA,NA,Y,4,0,4,3,A,-,09,21804,A,N,D,C,A,A,H,-,A,D,0,NA,NA,NA,NA,Y,NA,A,01,0,0,4,0,0,0,0,0,0,-,-,NA,NA,SAN BERNARDINO,REDLANDS,-117.16371154785156,34.06639099121094
9790129,2025,2025-05-05,3600,2025-03-25,836,C8620,RC069,2,5,6,3616,0,0,0,NA,0,RC3,WARDMAN BULLOCK RD,SAN ANGELO DR,210,S,N,A,-,N,NA,NA,NA,NA,NA,NA,NA,NA,NA,Y,3,0,1,2,A,-,05,21650,NA,N,B,C,A,A,H,-,A,A,0,NA,NA,Y,NA,Y,NA,C,02,0,1,0,0,0,0,0,0,1,-,-,NA,NA,SAN BERNARDINO,RANCHO CUCAMONGA,-117.50150299072266,34.14900588989258
9790134,2025,2025-05-07,3600,2025-02-18,1726,68603,RC037,2,5,6,3616,0,0,0,NA,0,RC4,FOOTHILL BL,HELMS AV,0,NA,Y,A,-,N,NA,NA,NA,NA,NA,NA,NA,NA,NA,N,4,0,1,2,A,-,05,21650,1,N,D,G,A,A,H,-,A,A,0,NA,Y,NA,NA,Y,NA,L,04,0,0,1,0,0,0,1,0,0,-,-,NA,NA,SAN BERNARDINO,RANCHO CUCAMONGA,-117.59999847412108,34.10651779174805
9790146,2025,2025-05-07,3600,2025-02-10,1957,F5499,RC016,1,5,6,3616,0,0,0,NA,0,RC6,MILLIKEN AV,4TH ST,0,NA,Y,A,-,N,NA,NA,NA,NA,NA,NA,NA,NA,NA,Y,4,0,1,2,A,-,09,21453,B,N,D,C,A,A,-,-,B,A,0,NA,NA,NA,NA,Y,NA,A,01,0,0,1,0,0,0,0,0,0,-,-,NA,NA,SAN BERNARDINO,RANCHO CUCAMONGA,-117.55819702148438,34.07733917236328
9790450,2025,2025-03-27,3600,2025-01-09,1002,G5902,3600,4,5,3,3617,0,0,0,NA,0,TW1,RT 62,MANZANITA AV,0,NA,Y,A,-,Y,SBD,8,62,-,-,31.268,I,5,E,Y,4,0,1,3,A,-,09,21800,D,N,D,C,A,A,H,-,A,B,0,NA,NA,NA,NA,Y,NA,A,07,0,0,1,0,0,0,0,0,0,-,-,34.13539123535156,-116.08831787109376,SAN BERNARDINO,TWENTYNINE PALMS,-116.0882568359375,34.13540267944336
9790583,2025,2025-03-27,3600,2025-02-14,1227,J2651,VC057,5,5,5,3612,0,0,0,NA,0,VC07,PALMDALE RD,BOREGO RD,0,NA,Y,A,-,Y,SBD,8,18,-,-,97.22,H,-,S,N,4,0,2,2,A,-,03,22350,NA,N,C,C,A,A,H,-,A,A,0,NA,NA,NA,NA,Y,NA,A,01,0,0,2,0,0,0,0,0,0,-,-,NA,NA,SAN BERNARDINO,VICTORVILLE,-117.33393096923828,34.50680160522461
9790810,2025,2025-04-03,3600,2025-03-01,1943,J4373,HE419,6,5,5,3619,0,0,0,NA,0,HE4,SUMMIT VALLEY RD,TELEPHONE POLE CTC2210733,138,S,N,B,-,N,NA,NA,NA,NA,NA,NA,NA,NA,NA,Y,3,0,3,3,A,-,01,23152,B,N,A,-,A,A,G,-,D,A,0,NA,NA,NA,NA,Y,Y,A,01,0,3,0,0,0,0,0,0,0,-,-,NA,NA,SAN BERNARDINO,HESPERIA,NA,NA
9790832,2025,2025-04-17,3608,2025-01-03,2124,5434,3608,5,5,5,3608,0,0,0,NA,0,901,CALIFORNIA ST,RT 10,0,NA,Y,A,-,Y,SBD,8,10,-,-,27.983,R,4,W,Y,4,0,1,2,D,-,00,NA,NA,N,A,C,A,A,H,-,C,A,0,NA,NA,NA,NA,Y,NA,-,-,0,0,1,0,0,0,0,0,0,-,-,NA,NA,SAN BERNARDINO,REDLANDS,-117.2320556640625,34.06673049926758
9790942,2025,2025-03-04,3610,2025-01-17,2045,51525,NA,5,5,6,3610,0,0,0,NA,0,CHARLI,40TH ST,WATERMAN AV,0,NA,Y,A,-,N,NA,NA,NA,NA,NA,NA,NA,NA,NA,Y,4,0,1,2,A,-,12,21453,A,N,D,C,A,A,H,-,C,A,0,NA,NA,NA,NA,Y,NA,A,01,0,0,1,0,0,0,0,0,0,-,-,34.16400146484375,-117.27799987792967,SAN BERNARDINO,SAN BERNARDINO,-117.27870178222656,34.16497039794922
9790949,2025,2025-03-07,3610,2025-01-17,1745,51497,NA,5,5,6,3610,0,0,0,NA,0,BAKER,4TH AV,KENDALL AV,0,NA,Y,A,-,N,NA,NA,NA,NA,NA,NA,NA,NA,NA,N,4,0,1,2,A,-,09,21802,A,F,E,B,D,A,H,-,D,A,0,Y,NA,NA,NA,Y,Y,-,99,0,0,1,0,1,0,0,0,0,-,-,NA,NA,SAN BERNARDINO,SAN BERNARDINO,-117.30933380126952,34.166015625
9790990,2024,2025-03-04,3610,2024-12-23,1850,51511,NA,1,5,6,3610,0,0,0,NA,0,ADAM,WEST HIGHLAND AV,N CALIFORNIA ST,0,NA,Y,A,-,N,NA,NA,NA,NA,NA,NA,NA,NA,NA,N,4,0,1,2,A,-,08,22107,NA,N,G,B,B,A,H,-,C,A,0,Y,NA,NA,NA,Y,NA,-,NA,0,0,1,0,1,0,0,0,0,-,-,NA,NA,SAN BERNARDINO,SAN BERNARDINO,-117.33111572265624,34.13613510131836
9791697,2025,2025-03-19,3600,2025-02-05,839,F6910,HI009,3,5,4,3618,0,0,0,NA,0,HI1,9TH ST,VICTORIA AV,263,W,N,A,-,N,NA,NA,NA,NA,NA,NA,NA,NA,NA,Y,4,0,1,2,A,-,09,21804,A,N,B,C,A,A,H,-,A,D,0,NA,NA,NA,NA,Y,NA,A,01,0,0,1,0,0,0,0,0,0,-,-,34.115760803222656,-117.22720336914063,SAN BERNARDINO,HIGHLAND,-117.22705841064452,34.115699768066406
9791710,2025,2025-03-07,3610,2025-01-23,2247,51404,NA,4,5,6,3610,0,0,0,NA,0,BAKER,BEECHWOOD AV,OHIO AV,0,NA,Y,A,-,N,NA,NA,NA,NA,NA,NA,NA,NA,NA,Y,4,0,1,2,A,-,03,22350,NA,N,A,E,A,A,H,-,C,D,0,NA,NA,NA,NA,Y,NA,A,01,0,0,1,0,0,0,0,0,0,-,-,34.198448181152344,-117.34487152099608,SAN BERNARDINO,SAN BERNARDINO,-117.3450164794922,34.19872283935547
9793762,2025,2025-03-18,3600,2025-01-21,537,J2807,RC029,2,5,6,3616,0,0,0,NA,0,RC5,ARCHIBALD AV,CHURCH ST,13,S,N,A,-,N,NA,NA,NA,NA,NA,NA,NA,NA,NA,N,3,0,1,2,A,-,08,22107,NA,N,G,B,B,A,H,-,C,A,0,Y,NA,NA,NA,Y,NA,A,01,0,1,0,0,1,0,0,0,0,-,-,NA,NA,SAN BERNARDINO,RANCHO CUCAMONGA,-117.59349060058594,34.1140251159668
9793798,2025,2025-03-19,3600,2025-01-28,832,G3844,RC013,2,5,6,3616,0,0,0,NA,0,RC3,MILLIKEN AV,RT 210,75,N,N,A,-,N,NA,NA,NA,NA,NA,NA,NA,NA,NA,Y,4,0,1,2,A,-,03,22350,NA,N,C,C,A,A,H,-,A,A,0,NA,NA,NA,NA,Y,NA,A,01,0,0,1,0,0,0,0,0,0,-,-,NA,NA,SAN BERNARDINO,RANCHO CUCAMONGA,-117.55866241455078,34.136539459228516
9793964,2025,2025-03-20,3600,2025-02-21,2017,10430,YC209,5,5,4,3640,0,0,0,NA,0,YC1,BRYANT ST,DATE AV,0,NA,Y,A,-,N,NA,NA,NA,NA,NA,NA,NA,NA,NA,Y,4,0,3,2,A,-,09,21800,A,N,D,C,A,A,H,-,C,A,0,NA,NA,NA,NA,Y,NA,A,01,0,0,3,0,0,0,0,0,0,-,-,NA,NA,SAN BERNARDINO,YUCAIPA,-117.03446197509766,34.04109573364258
9794457,2025,2025-03-25,3603,2025-02-26,1141,4861,CPD,3,5,4,3603,0,0,0,NA,0,002,LA CADENA DR,VALLEY BL,0,NA,Y,A,-,N,NA,NA,NA,NA,NA,NA,NA,NA,NA,N,4,0,1,2,A,-,09,21801,A,N,D,C,A,A,H,-,A,A,0,NA,NA,NA,NA,Y,NA,A,01,0,0,1,0,0,0,0,0,0,-,-,34.0679817199707,-117.32408905029295,SAN BERNARDINO,COLTON,-117.32432556152344,34.066871643066406
9794843,2025,2025-04-01,3610,2025-01-27,749,51552,NA,1,5,6,3610,0,0,0,NA,0,CHARLI,E 30TH ST,E LYNWOOD DR,250,S,N,A,-,N,NA,NA,NA,NA,NA,NA,NA,NA,NA,Y,4,0,1,1,A,-,08,22107,NA,N,E,I,A,B,H,-,A,D,0,NA,NA,NA,NA,Y,NA,A,01,0,0,1,0,0,0,0,0,0,-,-,34.14662170410156,-117.2681121826172,SAN BERNARDINO,SAN BERNARDINO,-117.2685089111328,34.14606475830078
9795610,2025,2025-04-17,3600,2025-03-01,1442,J3216,HE134,6,5,5,3619,0,0,0,NA,0,HE3,RT 30,MAIN ST,85,S,N,A,-,Y,SBD,8,395,-,R,5.59,H,-,N,Y,4,0,1,2,A,-,01,23152,F,N,C,C,A,A,H,-,A,A,0,NA,NA,NA,NA,Y,NA,A,01,0,0,1,0,0,0,0,0,0,-,-,NA,NA,SAN BERNARDINO,HESPERIA,-117.40007019042967,34.42642593383789
9795729,2025,2025-04-02,3600,2025-03-07,1913,H9757,HI010,5,5,4,3618,0,0,0,NA,0,H12,HIGHLAND AV,VICTORIA AV,0,NA,Y,A,-,N,NA,NA,NA,NA,NA,NA,NA,NA,NA,N,3,0,1,2,A,-,11,21950,B,N,G,B,B,A,H,-,C,A,0,Y,NA,NA,NA,Y,NA,N,60,0,1,0,0,1,0,0,0,0,-,-,34.13579177856445,-117.22646331787108,SAN BERNARDINO,HIGHLAND,-117.22620391845705,34.13582992553711
9796596,2025,2025-04-03,3610,2025-02-17,1430,51593,NA,1,5,6,3610,0,0,0,NA,0,BAKER,28TH ST,E ST,0,NA,Y,A,-,N,NA,NA,NA,NA,NA,NA,NA,NA,NA,Y,4,0,5,2,A,-,09,21801,A,N,D,C,A,A,H,-,A,A,0,NA,NA,NA,NA,Y,NA,A,01,0,0,5,0,0,0,0,0,0,-,-,34.142398834228516,-117.29412841796876,SAN BERNARDINO,SAN BERNARDINO,-117.29412841796876,34.14238357543945
9797196,2025,2025-04-08,3604,2025-01-24,1656,1312,NA,5,5,6,3604,0,0,0,NA,0,003,CITRUS AV,SEVILLE AV,0,NA,Y,A,-,N,NA,NA,NA,NA,NA,NA,NA,NA,NA,N,4,0,1,4,A,-,03,22350,NA,N,C,C,A,A,H,-,A,D,0,NA,NA,NA,NA,Y,NA,A,01,0,0,1,0,0,0,0,0,0,-,-,NA,NA,SAN BERNARDINO,FONTANA,-117.45364379882813,34.101829528808594
9797572,2025,2025-05-01,3608,2025-03-29,2155,5434,NA,6,5,5,3608,0,0,0,NA,0,NA,LUGONIA AV,CHURCH ST,300,E,N,A,-,Y,SBD,8,38,-,-,0.571,I,6,E,Y,3,0,3,2,A,-,09,21801,A,N,D,C,A,A,-,-,C,A,0,NA,NA,NA,NA,Y,NA,-,-,0,2,1,0,0,0,0,0,0,-,-,NA,NA,SAN BERNARDINO,REDLANDS,-117.18246459960938,34.070037841796875
9798280,2025,2025-06-02,3608,2025-04-10,1751,5218,3608,4,5,5,3608,0,0,0,NA,0,901,ORANGE ST,SAN BERNARDINO AV,318,N,N,A,-,N,NA,NA,NA,NA,NA,NA,NA,NA,NA,Y,3,0,1,2,A,-,09,21801,A,N,D,C,A,A,H,-,B,A,0,NA,NA,NA,NA,Y,NA,A,08,0,1,0,0,0,0,0,0,0,-,-,NA,NA,SAN BERNARDINO,REDLANDS,-117.1823959350586,34.07814025878906
9799090,2025,2025-07-10,3600,2025-04-21,1844,G8536,CN001,1,5,5,3630,0,0,0,NA,0,001,GRAND AV,RT 71,0,NA,Y,A,-,Y,SBD,8,71,-,R,1.626,R,4,S,Y,4,0,1,2,A,-,03,22350,NA,N,A,C,A,A,H,-,A,A,0,NA,NA,NA,NA,Y,NA,-,-,0,0,1,0,0,0,0,0,0,-,-,34.000831604003906,-117.72457122802734,SAN BERNARDINO,CHINO HILLS,-117.72557830810548,34.0034065246582
9799620,2025,2025-04-03,3610,2025-02-08,1508,51569,NA,6,5,6,3610,0,0,0,NA,0,DAVID,S TIPPECANOE AV,E LEE ST E,0,NA,Y,A,-,N,NA,NA,NA,NA,NA,NA,NA,NA,NA,Y,4,0,1,2,A,-,09,21801,A,N,D,C,A,A,H,-,A,D,0,NA,NA,NA,NA,Y,NA,A,71,0,0,1,0,0,0,0,0,0,-,-,34.06782150268555,-117.2611083984375,SAN BERNARDINO,SAN BERNARDINO,-117.26129150390624,34.06781768798828
9799682,2025,2025-04-08,3610,2025-02-03,914,51326,NA,1,5,6,3610,0,0,0,NA,0,DAVID,COURT ST,ARROWHEAD AV,0,NA,Y,A,-,N,NA,NA,NA,NA,NA,NA,NA,NA,NA,N,4,0,1,2,A,-,11,21954,A,N,G,B,E,A,H,-,A,A,0,Y,NA,NA,NA,Y,NA,N,60,0,0,1,0,1,0,0,0,0,-,-,NA,NA,SAN BERNARDINO,SAN BERNARDINO,-117.28964996337892,34.105491638183594
9801671,2025,2025-04-10,3610,2025-02-24,1915,51374,NA,1,5,6,3610,0,0,0,NA,0,BAKER,W 30TH ST,N LINCOLN DR,0,NA,Y,A,-,N,NA,NA,NA,NA,NA,NA,NA,NA,NA,N,4,0,1,2,A,-,08,22100,B,N,D,C,A,A,H,-,D,A,0,NA,NA,NA,NA,Y,NA,A,07,0,0,1,0,0,0,0,0,0,-,-,NA,NA,SAN BERNARDINO,SAN BERNARDINO,-117.30491638183594,34.146846771240234
9801681,2025,2025-04-16,3600,2025-03-11,2001,F4772,VC074,2,5,5,3612,0,0,0,NA,0,VC7,AMARGOSA RD,MOJAVE DR,43,S,N,A,-,N,NA,NA,NA,NA,NA,NA,NA,NA,NA,Y,4,0,1,2,A,-,09,21800,A,N,F,C,A,A,H,-,C,A,0,NA,NA,NA,NA,Y,NA,A,01,0,0,1,0,0,0,0,0,0,-,-,34.528419494628906,-117.33039855957033,SAN BERNARDINO,VICTORVILLE,-117.33039093017578,34.528541564941406
9802186,2025,2025-04-30,3601,2025-03-03,2013,P41,3601,1,5,3,3601,0,0,0,NA,0,001,LENWOOD RD,LENWOOD RD 2700,343,W,N,A,-,N,NA,NA,NA,NA,NA,NA,NA,NA,NA,N,4,0,1,2,A,-,21,22106,NA,N,G,B,F,A,H,-,C,D,0,Y,NA,NA,Y,Y,NA,F,26,0,0,1,0,1,0,0,0,0,-,-,34.8443603515625,-117.08421325683594,SAN BERNARDINO,BARSTOW,NA,NA
9803818,2025,2025-05-06,3610,2025-03-06,2102,51495,NA,4,5,6,3610,0,0,0,NA,0,CHARLI,NORTH SIERRA WY,17TH ST,1,N,N,C,-,N,NA,NA,NA,NA,NA,NA,NA,NA,NA,N,4,0,2,2,A,-,09,21804,A,N,D,C,A,B,H,-,C,A,0,NA,NA,NA,NA,Y,NA,A,01,0,0,2,0,0,0,0,0,0,-,-,NA,NA,SAN BERNARDINO,SAN BERNARDINO,-117.28514862060548,34.13003158569336
9805727,2025,2025-05-16,3600,2025-03-30,1904,I7906,HI012,7,5,4,3618,0,0,0,NA,0,HI2,9TH ST,CENTRAL AV,30,W,N,A,-,N,NA,NA,NA,NA,NA,NA,NA,NA,NA,N,4,0,1,2,A,-,03,22350,NA,N,C,C,A,A,H,-,B,A,0,NA,NA,NA,NA,Y,NA,A,01,0,0,1,0,0,0,0,0,0,-,-,34.11568069458008,-117.21176910400392,SAN BERNARDINO,HIGHLAND,-117.21760559082033,34.11568069458008
9806080,2025,2025-05-15,3600,2025-04-15,1646,G4510,HI012,2,5,4,3618,0,0,0,NA,0,HI2,VICTORIA AV,HIGHLAND AV,0,NA,Y,B,-,N,NA,NA,NA,NA,NA,NA,NA,NA,NA,Y,4,0,2,2,A,-,09,21801,A,N,D,C,A,A,H,-,A,A,0,NA,NA,NA,NA,Y,NA,A,01,0,0,2,0,0,0,0,0,0,-,-,34.13579177856445,-117.22624206542967,SAN BERNARDINO,HIGHLAND,-117.22620391845705,34.13582992553711
9806866,2025,2025-05-14,3610,2025-03-20,1116,51465,NA,4,5,6,3610,0,0,0,NA,0,NA,E 2ND ST,N ALLEN ST N,0,NA,Y,A,-,N,NA,NA,NA,NA,NA,NA,NA,NA,NA,Y,3,0,3,2,A,-,09,21802,A,N,D,C,A,A,H,-,A,A,0,NA,NA,NA,NA,Y,NA,A,01,0,1,2,0,0,0,0,0,0,-,-,34.10322952270508,-117.28179168701172,SAN BERNARDINO,SAN BERNARDINO,-117.28189849853516,34.102718353271484
9807549,2025,2025-05-30,3610,2025-04-28,900,51362,NA,1,5,6,3610,0,0,0,NA,0,NA,40TH ST,ELECTRIC AV,0,NA,Y,A,-,N,NA,NA,NA,NA,NA,NA,NA,NA,NA,Y,4,0,3,2,A,-,09,21801,A,N,D,C,A,A,-,-,A,A,0,NA,NA,NA,NA,Y,NA,A,01,0,0,3,0,0,0,0,0,0,-,-,34.16468048095703,-117.28881072998048,SAN BERNARDINO,SAN BERNARDINO,-117.28882598876952,34.16469192504883
9807560,2025,2025-05-29,3603,2025-04-28,1552,5114,CPD,1,5,4,3603,0,0,0,NA,0,002,MT VERNON AV,VALLEY BL,25,N,N,A,-,N,NA,NA,NA,NA,NA,NA,NA,NA,NA,N,3,0,1,2,A,-,02,21654,NA,N,D,C,A,A,H,-,A,A,0,NA,NA,NA,NA,Y,NA,A,01,0,1,0,0,0,0,0,0,0,-,-,34.0654296875,-117.31387329101563,SAN BERNARDINO,COLTON,-117.3138427734375,34.06550979614258
9809850,2025,2025-05-21,3610,2025-03-11,1256,51465,NA,2,5,6,3610,0,0,0,NA,0,NA,E 15TH ST,S VICTORIA AV,0,NA,Y,B,C,N,NA,NA,NA,NA,NA,NA,NA,NA,NA,Y,3,0,2,2,A,-,12,21453,A,N,D,C,A,B,H,-,A,A,0,NA,NA,NA,NA,Y,Y,A,01,0,1,1,0,0,0,0,0,0,-,-,34.10845184326172,-117.22617340087892,SAN BERNARDINO,SAN BERNARDINO,-117.65895080566406,34.11790084838867
9810259,2025,2025-05-29,3600,2025-04-03,1920,J2651,VC060,4,5,5,3612,0,0,0,NA,0,VC06,BEAR VALLEY RD,MESA VIEW DR,0,NA,Y,A,-,N,NA,NA,NA,NA,NA,NA,NA,NA,NA,Y,4,0,1,2,A,-,12,22450,A,N,D,C,A,A,H,-,C,A,0,NA,NA,NA,NA,Y,NA,A,01,0,0,1,0,0,0,0,0,0,-,-,34.47019958496094,-117.40799713134766,SAN BERNARDINO,VICTORVILLE,-117.40833282470705,34.470306396484375
9810263,2025,2025-06-05,3600,2025-03-28,1355,J2651,VC069,5,5,5,3612,0,0,0,NA,0,VC06,RT 395,LA MESA RD,0,NA,Y,A,-,Y,SBD,8,395,-,-,9.629,I,5,S,Y,4,0,1,3,A,-,03,22350,NA,N,C,C,A,A,H,-,A,A,0,NA,NA,NA,NA,Y,NA,D,22,0,0,1,0,0,0,0,0,0,-,-,NA,NA,SAN BERNARDINO,VICTORVILLE,-117.39949798583984,34.485015869140625
9810278,2025,2025-05-28,3600,2025-04-18,1844,F4772,VC052,5,5,5,3612,0,0,0,NA,0,VC6,MOJAVE DR,AMETHYST RD,743,W,N,A,-,N,NA,NA,NA,NA,NA,NA,NA,NA,NA,Y,3,0,1,1,A,-,08,22107,NA,N,F,I,A,A,H,-,A,D,0,NA,NA,NA,NA,Y,NA,A,01,0,1,0,0,0,0,0,0,0,-,-,34.52854919433594,-117.36435699462892,SAN BERNARDINO,VICTORVILLE,-117.36680603027344,34.528419494628906
9811150,2025,2025-07-02,3608,2025-05-02,1252,4202,3608,5,5,5,3608,0,0,0,NA,0,NA,WEST CRESCENT AV,ALESSANDRO RD,0,NA,Y,A,-,N,NA,NA,NA,NA,NA,NA,NA,NA,NA,Y,3,0,1,3,A,-,09,21802,A,N,D,E,A,A,H,-,A,A,0,NA,NA,NA,NA,Y,NA,A,01,0,1,0,0,0,0,0,0,0,-,-,NA,NA,SAN BERNARDINO,REDLANDS,-117.18219757080078,34.03265380859375