CASE_ID,ACCIDENT_YEAR,PROC_DATE,JURIS,COLLISION_DATE,COLLISION_TIME,OFFICER_ID,REPORTING_DISTRICT,DAY_OF_WEEK,CHP_SHIFT,POPULATION,CNTY_CITY_LOC,SPECIAL_COND,BEAT_TYPE,CHP_BEAT_TYPE,CITY_DIVISION_LAPD,CHP_BEAT_CLASS,BEAT_NUMBER,PRIMARY_RD,SECONDARY_RD,DISTANCE,DIRECTION,INTERSECTION,WEATHER_1,WEATHER_2,STATE_HWY_IND,CALTRANS_COUNTY,CALTRANS_DISTRICT,STATE_ROUTE,ROUTE_SUFFIX,POSTMILE_PREFIX,POSTMILE,LOCATION_TYPE,RAMP_INTERSECTION,SIDE_OF_HWY,TOW_AWAY,COLLISION_SEVERITY,NUMBER_KILLED,NUMBER_INJURED,PARTY_COUNT,PRIMARY_COLL_FACTOR,PCF_CODE_OF_VIOL,PCF_VIOL_CATEGORY,PCF_VIOLATION,PCF_VIOL_SUBSECTION,HIT_AND_RUN,TYPE_OF_COLLISION,MVIW,PED_ACTION,ROAD_SURFACE,ROAD_COND_1,ROAD_COND_2,LIGHTING,CONTROL_DEVICE,CHP_ROAD_TYPE,PEDESTRIAN_ACCIDENT,BICYCLE_ACCIDENT,MOTORCYCLE_ACCIDENT,TRUCK_ACCIDENT,NOT_PRIVATE_PROPERTY,ALCOHOL_INVOLVED,STWD_VEHTYPE_AT_FAULT,CHP_VEHTYPE_AT_FAULT,COUNT_SEVERE_INJ,COUNT_VISIBLE_INJ,COUNT_COMPLAINT_PAIN,COUNT_PED_KILLED,COUNT_PED_INJURED,COUNT_BICYCLIST_KILLED,COUNT_BICYCLIST_INJURED,COUNT_MC_KILLED,COUNT_MC_INJURED,PRIMARY_RAMP,SECONDARY_RAMP,LATITUDE,LONGITUDE,COUNTY,CITY,POINT_X,POINT_Y
6876871,2015,2016-10-14,9860,2015-03-03,2124,020476,NA,2,2,9,3600,0,1,1,NA,2,151,RT 15,CLEGHORN RD,5280,S,N,A,-,Y,SBD,8,15,-,R,19.01,H,-,S,Y,3,0,2,3,A,-,03,22350,NA,N,C,C,A,A,D,H,D,D,1,NA,NA,NA,NA,Y,NA,A,01,0,2,0,0,0,0,0,0,0,-,-,34.27595,-117.45039,SAN BERNARDINO,UNINCORPORATED,-117.45210324,34.28538665
6791902,2015,2015-02-17,3600,2015-01-08,1510,D4301,HE128,4,5,5,3619,0,0,0,NA,0,001,LIVE OAK ST,BALSAM AV,0,NA,Y,A,-,N,NA,NA,NA,NA,NA,NA,NA,NA,NA,Y,4,0,1,2,A,-,12,22450,A,N,D,C,A,A,H,-,A,A,0,NA,NA,NA,NA,Y,NA,A,07,0,0,1,0,0,0,0,0,0,-,-,NA,NA,SAN BERNARDINO,HESPERIA,-117.32951009,34.4332201
6877020,2015,2016-10-14,9860,2015-02-16,1225,014686,NA,1,1,9,3600,0,1,3,NA,1,012,RT 15,RT 138,3,N,N,A,-,Y,SBD,8,15,-,R,21.469,R,3,S,N,3,0,1,1,A,-,08,22107,NA,N,F,A,A,A,D,-,A,D,1,NA,NA,Y,NA,Y,NA,C,02,0,1,0,0,0,0,0,0,1,FR,WO,34.31177,-117.47712,SAN BERNARDINO,UNINCORPORATED,-117.47614117,34.31271777
6877027,2015,2016-10-11,9860,2015-02-21,2250,018858,NA,6,3,6,3610,0,1,1,NA,2,214,RT 215,2ND ST,200,S,N,A,-,Y,SBD,8,215,-,-,6.75,H,-,S,Y,2,0,2,2,A,-,01,23152,A,N,B,C,A,A,H,-,C,D,1,NA,NA,NA,NA,Y,Y,A,01,1,0,1,0,0,0,0,0,0,-,-,34.10181,-117.30197,SAN BERNARDINO,SAN BERNARDINO,-117.30203713,34.10186339
6878375,2015,2015-04-15,3607,2015-03-16,1730,80462,42,1,5,6,3607,0,0,0,NA,0,011,4TH ST,BENSON AV,300,E,N,A,-,N,NA,NA,NA,NA,NA,NA,NA,NA,NA,N,4,0,1,2,A,-,03,22350,NA,N,C,C,A,A,H,-,A,D,0,NA,NA,NA,NA,Y,NA,-,NA,0,0,1,0,0,0,0,0,0,-,-,NA,NA,SAN BERNARDINO,ONTARIO,-117.67983483,34.07784
6794792,2015,2015-02-24,3604,2015-01-16,1202,D171,NA,5,5,6,3604,0,0,0,NA,0,NA,CITRUS AV,SIERRA LAKES PKWY,20,S,N,A,-,N,NA,NA,NA,NA,NA,NA,NA,NA,NA,N,4,0,1,2,A,-,03,22350,NA,N,C,C,A,A,H,-,A,A,0,NA,NA,NA,NA,Y,NA,H,13,0,0,1,0,0,0,0,0,0,-,-,NA,NA,SAN BERNARDINO,FONTANA,-117.45358866,34.13913179
6795037,2014,2015-02-13,9860,2014-12-12,1056,019419,NA,5,1,9,3600,0,1,1,NA,2,151,RT 15,KENWOOD AV,500,N,N,C,-,Y,NA,NA,15,NA,NA,NA,NA,NA,NA,Y,4,0,1,1,A,-,03,22350,NA,N,F,A,A,B,D,-,A,D,0,NA,NA,NA,NA,Y,NA,A,01,0,0,1,0,0,0,0,0,0,-,-,34.24137,-117.43202,SAN BERNARDINO,UNINCORPORATED,-117.43186705,34.24157265
6881982,2015,2016-10-14,9835,2015-03-31,1435,20973,NA,2,2,9,3600,0,1,1,NA,2,074,RT 15,AFTON CANYON RD,15840,N,N,A,-,Y,SBD,8,15,-,R,114.6,H,-,N,Y,4,0,1,2,C,-,18,NA,NA,N,E,J,A,A,H,-,A,D,1,NA,NA,NA,NA,Y,NA,-,-,0,0,1,0,0,0,0,0,0,-,-,NA,NA,SAN BERNARDINO,UNINCORPORATED,-116.36354084,35.08492496
6883217,2014,2015-04-21,3600,2014-09-30,0142,G2429,HI004,2,5,4,3618,0,0,0,NA,0,001,DEL ROSA AV,SCE POLE 1420743E,29,N,N,A,-,N,NA,NA,NA,NA,NA,NA,NA,NA,NA,Y,3,0,1,2,A,-,01,23152,A,N,C,E,A,A,H,-,C,D,0,NA,NA,NA,NA,Y,Y,-,NA,0,1,0,0,0,0,0,0,0,-,-,NA,NA,SAN BERNARDINO,HIGHLAND,NA,NA
6884599,2015,2016-09-20,9860,2015-03-13,0700,012530,NA,5,1,9,3600,0,3,5,NA,2,001,CAJON BL,RT 15,0,NA,Y,A,-,Y,SBD,8,15,-,R,20.23,R,4,S,Y,4,0,1,2,A,-,12,22450,A,N,D,C,A,A,H,-,A,A,1,NA,NA,NA,NA,Y,NA,A,01,0,0,1,0,0,0,0,0,0,-,TO,34.29866,-117.45824,SAN BERNARDINO,UNINCORPORATED,-117.46006725,34.30154344
6885855,2015,2016-10-10,9860,2015-03-31,2015,18275,NA,2,2,4,3640,0,1,1,NA,2,106,RT 10,COUNTY LINE RD,528,W,N,A,-,Y,SBD,8,10,-,R,39.08,H,-,W,Y,4,0,1,2,A,-,01,23152,A,N,B,C,A,A,H,-,D,D,0,NA,NA,NA,Y,Y,Y,A,01,0,0,1,0,0,0,0,0,0,-,-,34.00603,-117.06595,SAN BERNARDINO,YUCAIPA,-117.06546233,34.00502956
6885917,2015,2016-09-15,9860,2015-03-29,1704,19599,NA,7,2,4,3640,0,1,1,NA,2,106,RT 10,OAK GLEN RD,800,W,N,A,-,Y,SBD,8,10,-,R,36.83,H,-,W,Y,3,0,1,2,A,-,08,22107,NA,N,C,C,A,A,H,-,A,D,1,NA,NA,NA,Y,Y,NA,D,22,0,1,0,0,0,0,0,0,0,-,-,34.01877,-117.09887,SAN BERNARDINO,YUCAIPA,-117.09868922,34.01858124
6885981,2015,2015-04-30,3600,2015-04-03,1502,E4685,HE221,5,5,5,3619,0,0,0,NA,0,002,MAIN ST,E AV,133,W,N,A,-,N,NA,NA,NA,NA,NA,NA,NA,NA,NA,Y,4,0,1,2,D,-,00,NA,NA,N,C,C,A,A,H,-,A,A,0,NA,NA,NA,NA,Y,NA,-,-,0,0,1,0,0,0,0,0,0,-,-,NA,NA,SAN BERNARDINO,HESPERIA,-117.29297228,34.4202865
6795131,2015,2015-02-23,9860,2015-01-10,1645,19429,NA,6,2,9,3600,0,3,5,NA,2,002,41ST ST,3RD AV,119,E,N,B,-,N,NA,NA,NA,NA,NA,NA,NA,NA,NA,Y,2,0,1,3,A,-,08,22107,NA,N,C,C,A,A,H,-,A,D,0,NA,NA,NA,NA,Y,NA,A,01,1,0,0,0,0,0,0,0,0,-,-,34.16811,-117.30402,SAN BERNARDINO,UNINCORPORATED,-117.30446666,34.16817061
6888968,2015,2016-10-10,9860,2015-03-15,1056,12530,NA,7,1,9,3600,0,1,1,NA,2,216,RT 215,DEVORE RD OC,2090,S,N,A,-,Y,SBD,8,215,-,-,16.93,H,-,N,N,4,0,1,2,A,-,03,22350,NA,N,C,C,A,A,D,H,A,D,1,NA,NA,NA,NA,Y,NA,A,01,0,0,1,0,0,0,0,0,0,-,-,34.21913,-117.39761,SAN BERNARDINO,UNINCORPORATED,-117.39755196,34.21915082
6888975,2015,2016-10-11,9860,2015-03-28,1148,19599,NA,6,1,6,3610,0,1,1,NA,2,214,RT 215,MILL ST,1500,S,N,A,-,Y,SBD,8,215,-,-,5.838,R,2,N,N,3,0,1,1,A,-,08,22107,NA,N,F,A,A,A,H,-,A,D,1,NA,NA,Y,NA,Y,NA,C,02,0,1,0,0,0,0,0,0,1,TO,-,34.08954,-117.30094,SAN BERNARDINO,SAN BERNARDINO,-117.3018024,34.08893257
6796921,2015,2016-09-15,9850,2015-01-13,1710,020817,NA,2,2,9,3600,0,1,3,NA,2,052,RT 18,OASIS RD,4224,E,N,A,-,Y,SBD,8,18,-,-,115.28,H,-,N,Y,3,0,3,1,A,-,06,21755,NA,N,E,I,A,A,H,-,B,D,0,NA,NA,NA,NA,Y,NA,A,01,0,1,2,0,0,0,0,0,0,-,-,34.49884,-117.64001,SAN BERNARDINO,UNINCORPORATED,-117.64898355,34.49887648
6889098,2015,2016-10-24,9860,2015-03-21,0112,19449,NA,6,3,4,3603,0,1,1,NA,2,214,RT 215,WASHINGTON ST,1320,N,N,A,-,Y,SBD,8,215,-,-,2.94,H,-,S,Y,4,0,1,2,A,-,08,22107,NA,N,E,I,A,A,D,-,D,D,1,NA,NA,NA,NA,Y,NA,A,01,0,0,1,0,0,0,0,0,0,-,-,34.05186,-117.30171,SAN BERNARDINO,COLTON,-117.30444846,34.04991707
6798475,2015,2016-11-04,9870,2015-01-24,0430,020213,NA,6,3,9,3600,0,1,3,NA,1,031,RT 62,HOLLINGER RD,230,E,N,A,-,Y,SBD,8,62,-,-,21.2,H,-,W,Y,3,0,1,1,A,-,01,23152,A,N,F,A,A,A,H,-,D,D,0,NA,NA,NA,NA,Y,Y,A,01,0,1,0,0,0,0,0,0,0,-,-,34.13523,-116.2638,SAN BERNARDINO,UNINCORPORATED,-116.26401485,34.13511898
6892498,2015,2015-04-29,3605,2015-03-31,0758,338,NA,2,5,4,3605,0,0,0,NA,0,NA,HOLT BL,MONTE VISTA AV,0,NA,Y,A,-,N,NA,NA,NA,NA,NA,NA,NA,NA,NA,Y,3,0,4,3,A,-,12,21453,NA,N,D,C,A,A,H,-,A,A,0,NA,NA,NA,NA,Y,NA,A,01,0,1,3,0,0,0,0,0,0,-,-,NA,NA,SAN BERNARDINO,MONTCLAIR,-117.69829009,34.06321001
6893082,2015,2015-05-05,3608,2015-03-26,2000,4387,NA,4,5,5,3608,0,0,0,NA,0,NA,DEARBORN ST,COLTON AV,0,NA,Y,A,-,N,NA,NA,NA,NA,NA,NA,NA,NA,NA,N,4,0,1,3,A,-,01,23152,A,N,B,C,A,A,H,-,C,A,0,NA,NA,NA,NA,Y,Y,D,22,0,0,1,0,0,0,0,0,0,-,-,NA,NA,SAN BERNARDINO,REDLANDS,-117.14761013,34.06280004
6893190,2015,2015-05-08,3607,2015-03-27,1310,14931,214,5,5,6,3607,0,0,0,NA,0,072,JURUPA ST,HOFER RANCH RD,0,NA,Y,A,-,N,NA,NA,NA,NA,NA,NA,NA,NA,NA,Y,3,0,1,2,A,-,17,21451,A,N,A,C,A,A,H,-,A,A,0,NA,NA,NA,NA,Y,NA,-,NA,0,1,0,0,0,0,0,0,0,-,-,NA,NA,SAN BERNARDINO,ONTARIO,-117.58902002,34.04835008
6893203,2015,2015-05-01,9860,2015-03-03,2055,019440,NA,2,2,9,3600,0,3,5,NA,2,004,SLOVER AV,ALDER AV,0,NA,Y,A,-,N,NA,NA,NA,NA,NA,NA,NA,NA,NA,Y,4,0,1,2,A,-,09,21802,A,N,D,C,A,A,D,-,A,D,0,NA,NA,NA,NA,Y,NA,A,07,0,0,1,0,0,0,0,0,0,-,-,NA,NA,SAN BERNARDINO,UNINCORPORATED,-117.41824001,34.06311009
6805141,2015,2015-08-12,3600,2015-01-08,1357,G0803,RC055,4,5,6,3616,0,0,0,NA,0,002,BASE LINE RD,TOPAZ ST,235,W,N,A,-,N,NA,NA,NA,NA,NA,NA,NA,NA,NA,Y,4,0,1,1,C,-,18,NA,NA,N,E,I,A,A,H,-,A,D,0,NA,NA,NA,NA,Y,NA,-,-,0,0,1,0,0,0,0,0,0,-,-,NA,NA,SAN BERNARDINO,RANCHO CUCAMONGA,-117.61919422,34.12158322
6894164,2015,2015-05-04,3607,2015-03-30,2340,80442,98,1,5,6,3607,0,0,0,NA,0,012,MOUNTAIN AV,D ST,0,NA,Y,A,-,N,NA,NA,NA,NA,NA,NA,NA,NA,NA,Y,4,0,1,2,A,-,01,23152,NA,N,C,C,A,A,H,-,C,A,0,NA,NA,NA,NA,Y,Y,-,NA,0,0,1,0,0,0,0,0,0,-,-,NA,NA,SAN BERNARDINO,ONTARIO,-117.67006006,34.06694007
6894170,2015,2016-10-13,3607,2015-03-26,1727,80313,66,4,5,6,3607,0,0,0,NA,0,032,4TH ST,RT 10,0,NA,Y,A,-,Y,SBD,8,10,-,-,5.166,R,4,W,N,4,0,2,2,A,-,03,22350,NA,N,C,C,A,A,H,-,A,A,0,NA,NA,NA,NA,Y,NA,-,NA,0,0,2,0,0,0,0,0,0,-,WO,NA,NA,SAN BERNARDINO,ONTARIO,-117.62455892,34.07849301
6894188,2015,2015-05-04,3607,2015-03-20,2021,80483,129,5,5,6,3607,0,0,0,NA,0,022,HOLT BL,BON VIEW AV,250,E,N,A,-,N,NA,NA,NA,NA,NA,NA,NA,NA,NA,N,2,0,2,3,A,-,11,21954,A,N,G,B,D,A,H,-,C,D,0,Y,NA,NA,NA,Y,NA,N,60,1,1,0,0,2,0,0,0,0,-,-,NA,NA,SAN BERNARDINO,ONTARIO,-117.63638677,34.06338406
6863269,2015,2015-04-17,3600,2015-03-02,1735,D3311,RC020,1,5,6,3616,0,0,0,NA,0,RC05,CHURCH ST,SPRUCE AV,0,NA,Y,A,-,N,NA,NA,NA,NA,NA,NA,NA,NA,NA,Y,4,0,1,3,A,-,12,21453,A,N,D,C,A,A,H,-,A,A,0,NA,NA,NA,NA,Y,NA,A,01,0,0,1,0,0,0,0,0,0,-,-,NA,NA,SAN BERNARDINO,RANCHO CUCAMONGA,-117.56666010000001,34.10928003
6863984,2015,2015-04-07,3605,2015-03-04,1626,317,NA,3,5,4,3605,0,0,0,NA,0,NA,BENSON AV,PALO VERDE ST,0,NA,Y,A,-,N,NA,NA,NA,NA,NA,NA,NA,NA,NA,Y,4,0,1,2,A,-,12,22450,A,N,D,C,A,A,H,-,A,D,0,NA,NA,NA,NA,Y,NA,A,01,0,0,1,0,0,0,0,0,0,-,-,NA,NA,SAN BERNARDINO,MONTCLAIR,-117.68084013000001,34.08145003
6896457,2015,2015-08-20,9855,2015-04-01,1725,016801,NA,3,2,9,3600,0,3,5,NA,2,001,ARROW BL,HEMLOCK AV,0,NA,Y,A,-,N,NA,NA,NA,NA,NA,NA,NA,NA,NA,Y,4,0,1,3,A,-,03,22350,NA,N,C,C,A,A,H,-,A,D,0,NA,NA,NA,NA,Y,NA,D,22,0,0,1,0,0,0,0,0,0,-,-,34.09937,-117.47529,SAN BERNARDINO,UNINCORPORATED,-117.47573002,34.09928006
6896510,2015,2016-09-28,9855,2015-03-06,1705,017313,NA,5,2,6,3604,0,1,1,NA,2,101,RT 10,CHERRY AV,1584,W,N,A,-,Y,SBD,8,10,-,-,12.87,H,-,E,Y,4,0,1,2,A,-,03,22350,NA,F,C,C,A,A,H,-,A,D,1,NA,NA,NA,NA,Y,NA,-,99,0,0,1,0,0,0,0,0,0,-,-,34.06581,-117.49796,SAN BERNARDINO,FONTANA,-117.49401877,34.06566171
6896694,2015,2016-10-10,9855,2015-02-28,0755,015299,NA,6,1,5,3611,0,1,1,NA,2,103,RT 10,MOUNTAIN AV,528,E,N,A,-,Y,SBD,8,10,-,-,2.1,H,-,E,N,4,0,1,2,D,-,00,NA,NA,N,C,C,A,A,H,-,A,D,1,NA,NA,NA,NA,Y,NA,-,-,0,0,1,0,0,0,0,0,0,-,-,34.0967,-117.6743,SAN BERNARDINO,UPLAND,-117.67510415,34.08716362
6863988,2015,2015-04-13,3605,2015-03-22,1937,355,NA,7,5,4,3605,0,0,0,NA,0,NA,MISSION BL,RAMONA AV,0,NA,Y,A,-,N,NA,NA,NA,NA,NA,NA,NA,NA,NA,Y,4,0,3,3,A,-,01,23152,A,F,B,D,A,A,H,-,C,A,0,NA,NA,NA,NA,Y,NA,A,01,0,0,3,0,0,0,0,0,0,-,-,NA,NA,SAN BERNARDINO,MONTCLAIR,-117.70691013,34.05604008
6865845,2015,2015-04-09,9835,2015-03-05,1615,13489,NA,4,2,9,3600,0,3,5,NA,2,034,NATIONAL TRAILS HWY,NEWBERRY RD,3168,W,N,A,-,N,NA,NA,NA,NA,NA,NA,NA,NA,NA,Y,4,0,1,2,A,-,03,22350,NA,N,C,C,A,A,H,-,A,D,0,NA,NA,NA,NA,Y,NA,A,01,0,0,1,0,0,0,0,0,0,-,-,NA,NA,SAN BERNARDINO,UNINCORPORATED,-116.6732089,34.82471601
6902095,2015,2016-10-05,9855,2015-03-10,1258,020904,NA,2,1,5,3630,0,1,3,NA,2,071,RT 71,GRAND AV,180,N,N,A,-,Y,SBD,8,71,-,R,1.626,R,1,S,N,4,0,1,2,A,-,03,22350,NA,N,C,C,A,A,H,-,A,A,1,NA,NA,NA,NA,Y,NA,A,07,0,0,1,0,0,0,0,0,0,TO,-,34.00142,-117.7248,SAN BERNARDINO,CHINO HILLS,-117.7259821,34.00354688
6902145,2015,2015-05-19,9855,2015-03-15,1610,16051,NA,7,2,9,3600,0,3,5,NA,2,004,PHILLIPS BL,CENTRAL AV,541,E,N,A,-,N,NA,NA,NA,NA,NA,NA,NA,NA,NA,Y,3,0,3,2,A,-,21,22106,NA,N,B,C,A,A,H,-,A,D,0,NA,NA,NA,NA,Y,NA,D,22,0,2,1,0,0,0,0,0,0,-,-,34.02524,-117.41162,SAN BERNARDINO,UNINCORPORATED,-117.68783643,34.0478662
6902728,2015,2016-10-10,9855,2015-02-05,1320,17112,NA,4,1,5,3611,0,1,1,NA,2,103,RT 10,MOUNTAIN AV,600,W,N,A,-,Y,SBD,8,10,-,-,2.1,H,-,E,Y,4,0,1,3,A,-,03,22350,NA,N,C,C,A,A,H,-,A,D,1,NA,NA,NA,NA,Y,NA,D,22,0,0,1,0,0,0,0,0,0,-,-,NA,NA,SAN BERNARDINO,UPLAND,-117.67510415,34.08716362
6905753,2015,2017-05-09,9855,2015-04-17,1821,16051,NA,5,2,9,3600,0,3,5,NA,2,004,MISSION BL,BENSON AV,0,NA,Y,A,-,N,NA,NA,NA,NA,NA,NA,NA,NA,NA,Y,1,1,0,2,A,-,12,21453,A,N,D,C,A,A,H,-,A,A,0,NA,NA,Y,NA,Y,NA,C,02,0,0,0,0,0,0,0,1,0,-,-,34.05585,-117.6808,SAN BERNARDINO,UNINCORPORATED,-117.68080005,34.05604005
6906479,2015,2016-10-13,9855,2015-03-12,2045,020564,NA,4,2,6,3607,0,1,1,NA,2,101,RT 10,MILLIKEN AV,100,W,N,A,-,Y,SBD,8,10,-,-,9.13,H,-,E,Y,4,0,1,3,A,-,03,22350,NA,N,D,C,A,A,H,-,C,D,1,NA,NA,NA,Y,Y,NA,A,01,0,0,1,0,0,0,0,0,0,-,-,34.06717,-117.55698,SAN BERNARDINO,ONTARIO,-117.55900544,34.06738024
6907020,2015,2016-11-19,9835,2015-04-05,1725,020976,NA,7,2,9,3600,0,1,1,NA,2,074,RT 15,AFTON CANYON RD,17054,N,N,A,-,Y,SBD,8,15,-,R,114.82,H,-,N,Y,3,0,2,1,A,-,08,22107,NA,N,F,A,A,A,H,-,A,D,1,NA,NA,NA,NA,Y,NA,A,01,0,1,1,0,0,0,0,0,0,-,-,35.03522,-116.3603,SAN BERNARDINO,UNINCORPORATED,-116.35967837,35.08537518
6866762,2015,2017-07-27,9855,2015-03-18,0825,13860,NA,3,1,6,3604,0,1,1,NA,2,101,RT 10,SIERRA AV,1444,W,N,A,-,Y,SBD,8,10,-,-,15.96,H,-,E,Y,1,1,3,7,A,-,03,22350,NA,N,C,C,A,A,H,-,A,D,1,NA,NA,NA,Y,Y,NA,G,55,0,0,3,0,0,0,0,0,0,-,-,34.06678,-117.44096,SAN BERNARDINO,FONTANA,-117.44020133,34.06692167
6866770,2015,2015-05-20,9835,2015-03-25,1545,16820,NA,3,2,9,3600,0,1,1,NA,2,075,RT 15,HALLORAN SPRINGS RD,11616,N,N,A,-,Y,SBD,8,15,-,-,151.81,H,-,S,Y,1,1,0,3,A,-,07,21658,A,N,B,C,A,A,H,-,A,D,1,NA,NA,NA,NA,Y,NA,D,22,0,0,0,0,0,0,0,0,0,-,-,35.38536,-115.8556,SAN BERNARDINO,UNINCORPORATED,-115.85463712,35.38588285
6831771,2015,2016-10-20,3607,2015-01-30,2321,15042,183,5,5,6,3607,0,0,0,NA,0,051,RT 83,PHILLIPS ST,0,NA,Y,A,-,Y,SBD,8,83,-,-,8.559,I,5,S,N,4,0,1,2,A,-,01,23152,A,N,D,C,A,A,H,-,C,A,0,NA,NA,NA,NA,Y,Y,-,NA,0,0,1,0,0,0,0,0,0,-,-,NA,NA,SAN BERNARDINO,ONTARIO,-117.65114447,34.05036076
6833769,2015,2015-04-07,3610,2015-02-17,1318,0643,NA,2,5,6,3610,0,0,0,NA,0,NA,NORTHPARK BL,ASH ST,15,W,N,A,-,N,NA,NA,NA,NA,NA,NA,NA,NA,NA,N,4,0,1,2,A,-,09,21802,A,N,D,C,A,A,H,-,A,D,0,NA,NA,NA,NA,Y,NA,A,01,0,0,1,0,0,0,0,0,0,-,-,NA,NA,SAN BERNARDINO,SAN BERNARDINO,-117.33057771,34.18395837
6910075,2015,2016-11-22,9865,2015-04-17,0730,20872,NA,5,1,9,3600,0,1,3,NA,2,011,RT 18,LAKE GREGORY DR,0,NA,Y,A,-,Y,SBD,8,18,-,-,20.612,I,5,S,Y,3,0,2,2,A,-,12,21453,A,N,D,C,A,A,H,-,A,A,0,NA,NA,NA,NA,Y,NA,A,07,0,1,1,0,0,0,0,0,0,-,-,34.22825,-117.25187,SAN BERNARDINO,UNINCORPORATED,-117.2513504,34.22829945
6836827,2015,2015-03-19,3604,2015-02-27,1227,925,NA,5,5,6,3604,0,0,0,NA,0,NA,SLOVER AV,SIERRA,1,E,N,B,-,N,NA,NA,NA,NA,NA,NA,NA,NA,NA,N,4,0,2,2,A,-,03,22350,NA,N,C,C,A,A,H,-,A,A,0,NA,NA,NA,NA,Y,NA,D,22,0,0,2,0,0,0,0,0,0,-,-,NA,NA,SAN BERNARDINO,FONTANA,-117.43572671,34.06310016
6874734,2014,2015-07-10,3600,2014-12-30,1315,A1881,HI014,2,5,4,3618,0,0,0,NA,0,HI2,PALM AV,5TH ST,72,S,N,C,-,N,NA,NA,NA,NA,NA,NA,NA,NA,NA,N,4,0,1,2,A,-,03,22350,NA,N,C,C,A,B,H,-,A,A,0,NA,NA,NA,NA,Y,NA,A,01,0,0,1,0,0,0,0,0,0,-,-,NA,NA,SAN BERNARDINO,HIGHLAND,-117.2088,34.10768277
6912083,2015,2016-10-04,9855,2015-03-12,0830,012480,NA,4,1,5,3611,0,1,1,NA,2,203,RT 210,RT 83,300,W,N,A,-,Y,SBD,8,210,-,-,2.51,H,-,E,Y,4,0,1,2,A,-,03,22350,NA,N,C,C,A,A,H,-,A,D,1,NA,NA,NA,NA,Y,NA,A,01,0,0,1,0,0,0,0,0,0,-,-,34.13484,-117.65155,SAN BERNARDINO,UPLAND,-117.65270091,34.13457892
6912110,2015,2016-10-13,9855,2015-03-02,0735,012480,NA,1,1,6,3607,0,1,1,NA,2,103,RT 10,ARCHIBALD AV,500,E,N,B,-,Y,SBD,8,10,-,-,7.07,H,-,W,Y,4,0,3,4,A,-,03,22350,NA,N,C,C,A,A,H,-,A,D,1,NA,NA,NA,NA,Y,NA,A,01,0,0,3,0,0,0,0,0,0,-,-,34.06789,-117.59604,SAN BERNARDINO,ONTARIO,-117.59486109,34.06771887
6912111,2015,2015-05-13,9855,2015-03-03,1600,013381,NA,2,2,9,3600,0,3,5,NA,2,001,SAN BERNARDINO AV,HEMLOCK AV,381,W,N,A,-,N,NA,NA,NA,NA,NA,NA,NA,NA,NA,Y,4,0,2,2,A,-,03,22350,NA,N,C,C,A,A,H,-,A,A,0,NA,NA,NA,NA,Y,NA,A,01,0,0,2,0,0,0,0,0,0,-,-,NA,NA,SAN BERNARDINO,UNINCORPORATED,-117.47682451,34.07744
6912204,2015,2016-10-13,9855,2015-02-05,1515,17112,NA,4,2,6,3607,0,1,1,NA,2,103,RT 10,HAVEN AV,300,W,N,A,-,Y,SBD,8,10,-,-,8.08,H,-,E,Y,4,0,1,4,A,-,03,22350,NA,N,C,C,A,A,H,-,A,D,1,NA,NA,NA,NA,Y,NA,D,22,0,0,1,0,0,0,0,0,0,-,-,NA,NA,SAN BERNARDINO,ONTARIO,-117.57732261,34.06746754
6912225,2015,2016-09-16,9855,2015-02-01,1355,017313,NA,7,1,6,3616,0,1,1,NA,2,152,RT 15,RT 66,1584,S,N,A,-,Y,SBD,8,15,-,-,4.99,H,-,S,Y,4,0,2,3,A,-,07,21658,A,N,B,C,A,A,H,-,A,D,1,NA,NA,NA,NA,Y,NA,A,01,0,0,2,0,0,0,0,0,0,-,-,34.10282,-117.53647,SAN BERNARDINO,RANCHO CUCAMONGA,-117.53611946,34.10322698
6912261,2015,2016-09-06,9855,2015-03-31,0740,15461,NA,2,1,6,3607,0,1,3,NA,2,601,RT 60,HAVEN AV,37,E,N,B,-,Y,SBD,8,60,-,R,8.086,R,1,W,N,4,0,1,2,A,-,21,22106,NA,N,C,C,A,A,H,-,A,D,1,NA,NA,NA,NA,Y,NA,A,01,0,0,1,0,0,0,0,0,0,-,-,34.02972,-117.57542,SAN BERNARDINO,ONTARIO,-117.58976579,34.03073135
6912266,2015,2016-09-27,3610,2015-03-04,1530,50749,NA,3,5,6,3610,0,0,0,NA,0,NA,N E ST,RT 210,0,NA,Y,A,-,Y,SBD,8,259,-,-,1.244,R,4,N,N,4,0,2,2,A,-,12,21453,A,N,D,C,A,A,H,-,A,A,0,NA,NA,NA,NA,Y,NA,A,01,0,0,2,0,0,0,0,0,0,-,WF,NA,NA,SAN BERNARDINO,SAN BERNARDINO,-117.29771189,34.14499083
6912267,2015,2015-05-11,3610,2015-03-12,0049,50569,NA,4,5,6,3610,0,0,0,NA,0,NA,W 5TH ST,N TIAJUANA ST,0,NA,Y,A,-,N,NA,NA,NA,NA,NA,NA,NA,NA,NA,N,4,0,1,2,A,-,03,22350,NA,F,B,C,A,A,H,-,C,D,0,NA,NA,NA,NA,Y,NA,-,NA,0,0,1,0,0,0,0,0,0,-,-,NA,NA,SAN BERNARDINO,SAN BERNARDINO,-117.32200003,34.10834009
6876907,2015,2016-10-04,9860,2015-03-16,0545,18223,NA,1,3,4,3603,0,1,1,NA,2,103,RT 10,MT VERNON AV,1200,W,N,A,-,Y,SBD,8,10,-,R,23.02,H,-,W,Y,2,0,1,1,A,-,08,22107,NA,N,F,A,A,A,H,-,C,D,1,NA,NA,NA,NA,Y,NA,A,07,1,0,0,0,0,0,0,0,0,-,-,34.06536,-117.31828,SAN BERNARDINO,COLTON,-117.31763113,34.06531689