CASE_ID,ACCIDENT_YEAR,PROC_DATE,JURIS,COLLISION_DATE,COLLISION_TIME,OFFICER_ID,REPORTING_DISTRICT,DAY_OF_WEEK,CHP_SHIFT,POPULATION,CNTY_CITY_LOC,SPECIAL_COND,BEAT_TYPE,CHP_BEAT_TYPE,CITY_DIVISION_LAPD,CHP_BEAT_CLASS,BEAT_NUMBER,PRIMARY_RD,SECONDARY_RD,DISTANCE,DIRECTION,INTERSECTION,WEATHER_1,WEATHER_2,STATE_HWY_IND,CALTRANS_COUNTY,CALTRANS_DISTRICT,STATE_ROUTE,ROUTE_SUFFIX,POSTMILE_PREFIX,POSTMILE,LOCATION_TYPE,RAMP_INTERSECTION,SIDE_OF_HWY,TOW_AWAY,COLLISION_SEVERITY,NUMBER_KILLED,NUMBER_INJURED,PARTY_COUNT,PRIMARY_COLL_FACTOR,PCF_CODE_OF_VIOL,PCF_VIOL_CATEGORY,PCF_VIOLATION,PCF_VIOL_SUBSECTION,HIT_AND_RUN,TYPE_OF_COLLISION,MVIW,PED_ACTION,ROAD_SURFACE,ROAD_COND_1,ROAD_COND_2,LIGHTING,CONTROL_DEVICE,CHP_ROAD_TYPE,PEDESTRIAN_ACCIDENT,BICYCLE_ACCIDENT,MOTORCYCLE_ACCIDENT,TRUCK_ACCIDENT,NOT_PRIVATE_PROPERTY,ALCOHOL_INVOLVED,STWD_VEHTYPE_AT_FAULT,CHP_VEHTYPE_AT_FAULT,COUNT_SEVERE_INJ,COUNT_VISIBLE_INJ,COUNT_COMPLAINT_PAIN,COUNT_PED_KILLED,COUNT_PED_INJURED,COUNT_BICYCLIST_KILLED,COUNT_BICYCLIST_INJURED,COUNT_MC_KILLED,COUNT_MC_INJURED,PRIMARY_RAMP,SECONDARY_RAMP,LATITUDE,LONGITUDE,COUNTY,CITY,POINT_X,POINT_Y
6880367,2015,2015-04-20,3600,2015-03-25,2053,E5343,HE105,3,5,5,3619,0,0,0,NA,0,HE1,HESPERIA RD,SEQUOIA ST,0,NA,Y,A,-,N,NA,NA,NA,NA,NA,NA,NA,NA,NA,Y,4,0,1,2,A,-,09,21801,A,N,D,C,A,A,H,-,C,D,0,NA,NA,NA,NA,Y,NA,A,01,0,0,1,0,0,0,0,0,0,-,-,NA,NA,SAN BERNARDINO,HESPERIA,-117.29233002,34.4690701
6881328,2015,2016-09-15,3609,2015-03-12,1851,3156,191,4,5,5,3609,0,0,0,NA,0,004,RIVERSIDE AV,RT 10,0,NA,Y,A,-,Y,SBD,8,18,-,-,20.147,R,4,S,N,3,0,1,2,A,-,12,21453,A,F,B,C,A,A,H,-,B,A,0,NA,NA,Y,NA,Y,NA,-,99,0,1,0,0,0,0,0,0,1,-,-,NA,NA,SAN BERNARDINO,RIALTO,-117.25867542,34.2271378
6914854,2015,2015-05-27,3610,2015-04-02,1512,50571,NA,4,5,6,3610,0,0,0,NA,0,NA,N VICTORIA AV,MIRADA RD,68,N,N,A,-,N,NA,NA,NA,NA,NA,NA,NA,NA,NA,N,2,0,3,2,A,-,03,22350,NA,N,C,C,A,A,H,-,A,A,0,NA,NA,NA,NA,Y,NA,A,01,2,0,1,0,0,0,0,0,0,-,-,NA,NA,SAN BERNARDINO,SAN BERNARDINO,-117.2260727,34.14364617
6914858,2015,2015-05-27,3610,2015-04-20,0711,50789,NA,1,5,6,3610,0,0,0,NA,0,NA,E 30TH ST,N PARKSIDE DR,90,W,N,A,-,N,NA,NA,NA,NA,NA,NA,NA,NA,NA,N,4,0,1,2,A,-,05,21650,1,N,A,G,A,A,H,-,A,A,0,NA,Y,NA,NA,Y,NA,L,04,0,0,1,0,0,0,1,0,0,-,-,NA,NA,SAN BERNARDINO,SAN BERNARDINO,-117.27704616,34.14597
6916359,2015,2015-05-29,3610,2015-04-07,0948,50749,NA,2,5,6,3610,0,0,0,NA,0,NA,W 9TH ST,N MT VERNON AV,0,NA,Y,A,-,N,NA,NA,NA,NA,NA,NA,NA,NA,NA,Y,3,0,4,2,A,-,09,21801,A,N,D,C,A,A,H,-,A,A,0,NA,NA,NA,NA,Y,NA,A,01,0,1,3,0,0,0,0,0,0,-,-,NA,NA,SAN BERNARDINO,SAN BERNARDINO,-117.31384007,34.11576007
6917316,2014,2015-05-28,9855,2014-11-01,0221,19420,NA,6,3,6,3616,0,1,1,NA,2,152,RT 15,RT 66,1000,S,N,C,-,Y,NA,NA,15,NA,NA,NA,NA,NA,NA,Y,3,0,3,1,A,-,08,22107,NA,N,F,A,A,B,H,-,D,D,0,NA,NA,NA,NA,Y,NA,A,07,0,1,2,0,0,0,0,0,0,-,-,34.09802,-117.54093,SAN BERNARDINO,RANCHO CUCAMONGA,-117.54083402,34.09795109
6917323,2014,2015-05-28,9855,2014-11-04,1850,14366,NA,2,2,6,3607,0,1,1,NA,2,152,RT 15,RT 10,125,N,N,A,-,Y,NA,NA,NA,NA,NA,NA,NA,NA,NA,Y,4,0,1,2,A,-,07,21658,A,N,B,C,A,A,H,-,D,D,0,NA,NA,Y,NA,Y,NA,A,01,0,0,1,0,0,0,0,0,1,-,-,NA,NA,SAN BERNARDINO,ONTARIO,-117.54508167,34.06786201
6917344,2014,2015-05-28,9855,2014-11-30,0845,14980,NA,7,1,5,3602,0,1,3,NA,2,603,RT 60,CENTRAL AV,920,E,N,B,-,Y,NA,NA,60,NA,NA,NA,NA,NA,NA,Y,4,0,5,2,A,-,03,22350,NA,N,C,C,A,A,H,-,A,D,0,NA,NA,NA,NA,Y,NA,A,01,0,0,5,0,0,0,0,0,0,-,-,34.03043,-117.6861,SAN BERNARDINO,CHINO,-117.68609978,34.0304007
6917348,2014,2015-05-28,9855,2014-11-06,1735,14366,NA,4,2,6,3607,0,1,1,NA,2,152,RT 15,4TH ST,528,S,N,A,-,Y,NA,NA,NA,NA,NA,NA,NA,NA,NA,Y,4,0,1,2,A,-,03,22350,NA,N,C,C,A,A,H,-,D,D,0,NA,NA,NA,NA,Y,NA,A,01,0,0,1,0,0,0,0,0,0,-,-,NA,NA,SAN BERNARDINO,ONTARIO,NA,NA
6917359,2014,2015-05-28,9855,2014-11-01,1145,15498,NA,6,1,9,3600,0,3,5,NA,2,004,MISSION BL,KADOTA AV,57,E,N,B,-,N,NA,NA,NA,NA,NA,NA,NA,NA,NA,N,2,0,2,2,A,-,11,21955,NA,N,G,B,D,A,H,-,A,A,0,Y,NA,NA,NA,Y,NA,N,60,1,0,1,0,1,0,0,0,0,-,-,34.05581,-117.71753,SAN BERNARDINO,UNINCORPORATED,-117.7175025,34.05601721
6918595,2015,2015-05-20,3610,2015-04-24,1850,50249,NA,5,5,6,3610,0,0,0,NA,0,NA,E 29TH ST,NORTH WATERMAN AV,0,NA,Y,A,-,N,NA,NA,NA,NA,NA,NA,NA,NA,NA,Y,4,0,1,2,A,-,09,21801,A,F,D,C,A,A,H,-,C,A,0,NA,NA,NA,NA,Y,NA,A,01,0,0,1,0,0,0,0,0,0,-,-,NA,NA,SAN BERNARDINO,SAN BERNARDINO,-117.27868009,34.14404005
6839655,2015,2016-11-18,3600,2015-02-16,2024,F5124,HE301,1,5,5,3619,0,0,0,NA,0,HE3,RT 395,MAIN ST,0,NA,Y,A,-,Y,SBD,8,395,-,R,5.72,H,-,N,N,4,0,2,3,A,-,03,22350,NA,M,-,C,A,A,H,-,A,-,0,NA,NA,NA,NA,Y,NA,-,NA,0,0,2,0,0,0,0,0,0,-,-,NA,NA,SAN BERNARDINO,HESPERIA,-117.39985212,34.428292570000004
6843358,2015,2015-08-26,3600,2015-02-25,1631,D3311,RC056,3,5,6,3616,0,0,0,NA,0,RC0,FOOTHILL BL,GROVE AV,0,NA,Y,A,-,N,NA,NA,NA,NA,NA,NA,NA,NA,NA,Y,4,0,1,2,A,-,12,21453,A,N,D,C,A,A,H,-,A,A,0,NA,NA,NA,NA,Y,NA,D,22,0,0,1,0,0,0,0,0,0,-,-,NA,NA,SAN BERNARDINO,RANCHO CUCAMONGA,-117.62852009,34.10672003
6919335,2015,2016-12-07,9855,2015-05-01,0247,9855,NA,5,3,6,3604,0,1,1,NA,2,201,RT 210,RT 15,1500,W,N,A,-,Y,SBD,8,15,-,-,8.73,R,2,N,Y,3,0,1,1,A,-,08,22107,NA,N,F,C,A,A,H,-,D,D,1,NA,NA,NA,NA,Y,NA,A,01,0,1,0,0,0,0,0,0,0,TO,-,34.13615,-117.5217,SAN BERNARDINO,FONTANA,-117.48819905,34.14249559
6919342,2015,2016-12-07,9855,2015-05-03,2320,20460,NA,7,3,6,3616,0,1,1,NA,2,201,RT 210,HAVEN AV,749,E,N,A,-,Y,SBD,8,210,-,-,7.05,H,-,W,Y,4,0,1,2,A,-,03,22350,NA,N,C,D,A,A,H,-,C,D,1,NA,NA,NA,NA,Y,NA,A,07,0,0,1,0,0,0,0,0,0,-,-,34.13628,-117.57394,SAN BERNARDINO,RANCHO CUCAMONGA,-117.57350903,34.13631276
6919352,2015,2015-10-09,9855,2015-05-02,1932,19732,NA,6,2,9,3600,0,3,5,NA,2,001,BEECH AV,SEQUOIA AV,10,N,N,A,-,N,NA,NA,NA,NA,NA,NA,NA,NA,NA,Y,4,0,1,2,A,-,21,22106,NA,N,B,C,A,A,H,-,C,D,0,NA,NA,NA,NA,Y,NA,A,07,0,0,1,0,0,0,0,0,0,-,-,34.08207,-117.47129,SAN BERNARDINO,UNINCORPORATED,-117.4712099,34.0820274
6919355,2015,2015-10-12,9855,2015-05-12,1745,15826,NA,2,2,6,3604,0,3,5,NA,2,001,CHERRY AV,SAN BERNARDINO AV,35,S,N,A,-,N,NA,NA,NA,NA,NA,NA,NA,NA,NA,N,4,0,1,2,A,-,03,22350,NA,F,C,C,A,A,H,-,A,A,0,NA,NA,NA,NA,Y,NA,A,01,0,0,1,0,0,0,0,0,0,-,-,34.07726,-117.48854,SAN BERNARDINO,FONTANA,-117.4889,34.07731409
6920501,2015,2015-06-18,3600,2015-05-12,0902,A9113,RC032,2,5,6,3616,0,0,0,NA,0,003,ARCHIBALD AV,DEVON ST,0,NA,Y,A,-,N,NA,NA,NA,NA,NA,NA,NA,NA,NA,Y,3,0,3,4,A,-,09,21802,A,N,D,C,A,A,H,-,A,A,0,NA,NA,NA,NA,Y,NA,A,08,0,1,2,0,0,0,0,0,0,-,-,NA,NA,SAN BERNARDINO,RANCHO CUCAMONGA,-117.59347002,34.10344002
6923201,2015,2017-01-18,9855,2015-08-31,1750,16889,NA,1,2,6,3607,0,1,1,NA,2,103,RT 10,RT 83,750,W,N,A,-,Y,SBD,8,10,-,-,3.33,H,-,E,Y,4,0,1,2,A,-,03,22350,NA,N,C,C,A,A,H,-,A,D,1,NA,NA,NA,NA,Y,NA,A,01,0,0,1,0,0,0,0,0,0,-,-,34.08712,-117.65664,SAN BERNARDINO,ONTARIO,-117.65354392,34.08726135
6923511,2015,2015-06-02,3605,2015-04-24,1621,371,NA,5,5,4,3605,0,0,0,NA,0,NA,MORENO ST,VERNON AV,287,W,N,B,-,N,NA,NA,NA,NA,NA,NA,NA,NA,NA,N,4,0,1,2,A,-,03,22350,NA,N,D,C,A,A,H,-,A,D,0,NA,Y,NA,NA,Y,NA,L,04,0,0,1,0,0,0,1,0,0,-,-,NA,NA,SAN BERNARDINO,MONTCLAIR,-117.68726535,34.08874
6924667,2015,2017-10-02,9860,2015-05-08,1510,18223,NA,5,2,3,3690,0,1,1,NA,2,214,RT 215,NEWPORT AV,25,N,N,B,-,Y,SBD,8,215,-,-,1.79,H,-,N,Y,4,0,1,2,A,-,03,22350,NA,N,C,C,A,A,H,-,A,D,1,NA,NA,NA,NA,Y,NA,A,01,0,0,1,0,0,0,0,0,0,-,-,34.03933,-117.31859,SAN BERNARDINO,GRAND TERRACE,-117.31917874,34.03890111
6924680,2015,2016-11-10,9860,2015-05-07,0625,013945,NA,4,1,6,3610,0,1,1,NA,2,214,RT 215,2ND ST,2112,S,N,B,-,Y,SBD,8,215,-,-,6.36,H,-,N,Y,4,0,1,2,A,-,07,21658,A,N,B,C,A,A,H,-,A,D,1,NA,NA,NA,Y,Y,NA,A,01,0,0,1,0,0,0,0,0,0,-,-,34.09804,-117.30185,SAN BERNARDINO,SAN BERNARDINO,-117.301776,34.09635834
6926184,2015,2016-10-04,9855,2015-01-20,1045,12923,NA,2,1,4,3605,0,1,1,NA,2,103,RT 10,CENTRAL AV,1550,W,N,A,-,Y,SBD,8,10,-,-,0.94,H,-,E,N,4,0,1,3,A,-,07,21658,A,N,B,C,A,A,B,H,A,D,1,NA,NA,NA,Y,Y,NA,G,25,0,0,1,0,0,0,0,0,0,-,-,34.08273,-117.69528,SAN BERNARDINO,MONTCLAIR,-117.69441842,34.08331219
6926209,2014,2015-05-28,9855,2014-11-09,1620,20913,NA,7,2,5,3611,0,1,1,NA,2,103,RT 10,CAMPUS AV,150,E,N,A,-,Y,NA,NA,10,NA,NA,NA,NA,NA,NA,Y,4,0,1,2,A,-,03,22350,NA,F,C,C,A,A,H,-,A,D,0,NA,NA,NA,NA,Y,NA,A,01,0,0,1,0,0,0,0,0,0,-,-,34.08708,-117.64095,SAN BERNARDINO,UPLAND,-117.64096657,34.0869923
6926288,2015,2016-09-16,9855,2015-01-15,1305,17112,NA,4,1,6,3616,0,1,1,NA,2,153,RT 15,BASELINE RD,130,N,N,A,-,Y,SBD,8,15,-,-,6.81,H,-,S,N,3,0,1,1,A,-,08,22107,NA,N,E,I,A,A,H,-,A,D,1,NA,NA,NA,NA,Y,NA,A,01,0,1,0,0,0,0,0,0,0,-,-,NA,NA,SAN BERNARDINO,RANCHO CUCAMONGA,-117.51312299,34.12234676
6926307,2015,2016-09-16,9855,2015-01-04,0320,019370,NA,7,3,6,3616,0,1,1,NA,2,152,RT 15,RT 66,3101,N,N,A,-,Y,SBD,8,15,-,-,5.83,H,-,N,Y,2,0,2,2,A,-,01,23152,A,N,C,C,A,A,H,-,D,D,1,NA,NA,Y,NA,Y,Y,C,02,1,0,1,0,0,0,0,0,1,-,-,34.109610000000004,-117.52782,SAN BERNARDINO,RANCHO CUCAMONGA,-117.52559013,34.1115732
6843817,2015,2015-03-19,3608,2015-02-27,0149,4023,NA,5,5,5,3608,0,0,0,NA,0,NA,5TH ST,E STATE ST,80,N,N,A,-,N,NA,NA,NA,NA,NA,NA,NA,NA,NA,Y,3,0,1,1,A,-,01,23152,NA,N,E,J,A,A,H,-,C,D,0,NA,NA,NA,NA,Y,Y,A,01,0,1,0,0,0,0,0,0,0,-,-,NA,NA,SAN BERNARDINO,REDLANDS,-117.18145,34.05664913
6926375,2015,2016-12-05,9855,2015-04-19,0123,20564,NA,7,3,5,3602,0,1,3,NA,2,603,RT 60,CENTRAL AV,1320,E,N,A,-,Y,SBD,8,60,-,R,2.68,H,-,E,Y,3,0,2,2,A,-,01,23152,A,N,D,C,A,A,H,-,C,D,1,NA,NA,NA,NA,Y,Y,A,01,0,1,1,0,0,0,0,0,0,-,-,34.03042,-117.6839,SAN BERNARDINO,CHINO,-117.68396448,34.03023018
6928632,2015,2015-06-12,3600,2015-05-15,1448,B5098,YC204,5,5,4,3640,0,0,0,NA,0,YC2,SUNNYSIDE DR,OAK GLEN RD,381,N,N,B,-,N,NA,NA,NA,NA,NA,NA,NA,NA,NA,N,4,0,1,2,A,-,09,21804,A,N,D,G,A,-,H,-,A,A,0,NA,Y,NA,NA,Y,NA,A,01,0,0,1,0,0,0,1,0,0,-,-,NA,NA,SAN BERNARDINO,YUCAIPA,-117.0402247,34.04948338
6928739,2015,2015-06-09,3600,2015-05-09,0538,F5706,HE419,6,5,5,3619,0,0,0,NA,0,HE4,SUMMIT VALLEY RD,LOS FLORES,191,W,N,A,-,N,NA,NA,NA,NA,NA,NA,NA,NA,NA,Y,3,0,2,2,A,-,03,22350,NA,N,A,C,A,A,H,-,A,D,0,NA,NA,NA,NA,Y,NA,-,NA,0,1,1,0,0,0,0,0,0,-,-,NA,NA,SAN BERNARDINO,HESPERIA,-117.31569375,34.37078339
6929378,2015,2016-11-19,9865,2015-04-24,1149,20872,NA,5,1,9,3600,0,1,3,NA,1,010,RT 18,PARKLAND RD,403,S,N,B,-,Y,SBD,8,18,-,-,13.38,H,-,N,Y,4,0,1,1,A,-,03,22350,NA,N,E,I,A,B,H,-,A,D,0,NA,NA,NA,NA,Y,NA,D,22,0,0,1,0,0,0,0,0,0,-,-,34.21568,-117.12139,SAN BERNARDINO,UNINCORPORATED,-117.29166528,34.21701369
6930434,2015,2015-06-24,9835,2015-05-03,2125,019992,NA,7,2,9,3600,0,3,5,NA,2,034,YERMO RD,CALICO RD,2112,W,N,A,-,N,NA,NA,NA,NA,NA,NA,NA,NA,NA,Y,4,0,1,1,A,-,01,23152,A,N,E,I,A,A,H,-,D,D,0,NA,NA,NA,NA,Y,Y,D,22,0,0,1,0,0,0,0,0,0,-,-,34.90296,-116.8357,SAN BERNARDINO,UNINCORPORATED,-116.83788345,34.90271295
6844691,2015,2015-03-17,9850,2015-02-14,1145,017730,NA,6,1,9,3600,0,2,4,NA,2,037,BEAR VALLEY RD,TUJUNGA DR,0,NA,Y,A,-,N,NA,NA,NA,NA,NA,NA,NA,NA,NA,Y,4,0,3,2,A,-,09,21800,B,N,D,C,A,A,H,-,A,D,0,NA,NA,NA,NA,Y,NA,A,01,0,0,3,0,0,0,0,0,0,-,-,34.47182,-117.14858,SAN BERNARDINO,UNINCORPORATED,-117.14855006,34.47185007
6847158,2014,2015-03-18,3607,2014-12-04,0848,80464,183,4,5,6,3607,0,0,0,NA,0,051,EUCLID AV,RALSTON ST,20,S,N,A,-,Y,NA,NA,NA,NA,NA,NA,NA,NA,NA,N,3,0,4,3,A,-,03,22350,NA,N,C,C,A,A,H,-,A,D,0,NA,NA,NA,NA,Y,NA,-,NA,0,2,2,0,0,0,0,0,0,-,-,NA,NA,SAN BERNARDINO,ONTARIO,-117.65111899,34.05243519
6847162,2014,2015-03-18,3607,2014-12-13,0057,80425,244,6,5,6,3607,0,0,0,NA,0,072,HAVEN AV,MISSION BL,0,NA,Y,A,-,N,NA,NA,NA,NA,NA,NA,NA,NA,NA,Y,4,0,1,2,A,-,12,21453,A,N,D,C,A,A,H,-,C,A,0,NA,NA,NA,NA,Y,NA,-,NA,0,0,1,0,0,0,0,0,0,-,-,NA,NA,SAN BERNARDINO,ONTARIO,-117.57598006,34.03814003
6931891,2015,2015-06-09,3611,2015-04-06,1815,2062,NA,1,5,5,3611,0,0,0,NA,0,002,SAN ANTONIO AV,9TH ST,0,NA,Y,A,-,N,NA,NA,NA,NA,NA,NA,NA,NA,NA,N,4,0,1,2,A,-,12,21453,A,N,D,C,A,A,H,-,A,A,0,NA,NA,NA,NA,Y,NA,A,01,0,0,1,0,0,0,0,0,0,-,-,NA,NA,SAN BERNARDINO,UPLAND,-117.6607401,34.09606001
6932648,2015,2015-06-11,3600,2015-04-15,0959,E7962,GT009,3,5,3,3690,0,0,0,NA,0,001,BARTON RD,GRAND TERRACE RD,23,N,N,A,-,N,NA,NA,NA,NA,NA,NA,NA,NA,NA,Y,4,0,1,3,A,-,03,22350,NA,N,C,C,A,A,H,-,A,A,0,NA,NA,NA,NA,Y,NA,-,NA,0,0,1,0,0,0,0,0,0,-,-,NA,NA,SAN BERNARDINO,GRAND TERRACE,-117.3276,34.03387
6932682,2015,2016-12-09,9860,2015-04-14,0502,14963,NA,2,3,5,3608,0,1,1,NA,2,105,RT 10,CYPRESS AV,1288,E,N,A,-,Y,SBD,8,10,-,-,32.38,H,-,W,Y,3,0,1,4,A,-,03,22350,NA,N,C,C,E,A,H,-,C,D,1,Y,NA,NA,NA,Y,NA,A,01,0,1,0,0,1,0,0,0,0,-,-,34.0518,-117.16061,SAN BERNARDINO,REDLANDS,-117.16077839,34.05166114
6934142,2015,2015-06-17,3607,2015-05-04,0903,80313,72,1,5,6,3607,0,0,0,NA,0,041,ARCHIBALD AV,INLAND EMPIRE BL,400,N,N,A,-,N,NA,NA,NA,NA,NA,NA,NA,NA,NA,Y,4,0,1,2,A,-,09,21804,A,N,D,C,A,A,H,-,A,D,0,NA,NA,NA,NA,Y,NA,-,NA,0,0,1,0,0,0,0,0,0,-,-,NA,NA,SAN BERNARDINO,ONTARIO,-117.59347207,34.07135541
6934828,2015,2015-07-13,3611,2015-05-17,1633,2012,NA,7,5,5,3611,0,0,0,NA,0,003,19TH ST,COLOINIES PKWY,676,W,N,A,-,N,NA,NA,NA,NA,NA,NA,NA,NA,NA,Y,3,0,2,1,A,-,08,22107,NA,N,E,I,A,A,H,-,A,D,0,NA,NA,NA,NA,Y,NA,A,01,0,2,0,0,0,0,0,0,0,-,-,NA,NA,SAN BERNARDINO,UPLAND,-117.63308781,34.1319511
6934852,2015,2016-11-28,3611,2015-05-18,1743,2114,NA,1,5,5,3611,0,0,0,NA,0,003,CAMPUS AV,RT 210,0,NA,Y,A,-,Y,SBD,8,210,-,-,3.669,R,4,W,Y,4,0,1,2,A,-,12,21453,A,N,D,C,A,A,H,-,A,A,0,NA,NA,NA,NA,Y,NA,A,01,0,0,1,0,0,0,0,0,0,-,-,NA,NA,SAN BERNARDINO,UPLAND,-117.63247607,34.13499666
6935165,2015,2016-11-29,9835,2015-06-13,0530,20962,NA,6,3,9,3600,0,1,3,NA,1,012,RT 58,MACE RD,1056,W,N,A,-,Y,SBD,8,58,-,R,28.81,H,-,E,Y,4,0,2,1,A,-,08,22107,NA,N,F,A,A,A,H,-,B,D,0,NA,NA,NA,NA,Y,NA,A,01,0,0,2,0,0,0,0,0,0,-,-,34.92196,-117.1466,SAN BERNARDINO,UNINCORPORATED,-117.14541677,34.92199564
6935952,2015,2015-06-02,3609,2015-05-11,0448,1431,01,1,5,5,3609,0,0,0,NA,0,001,ALDER AV,BOHNERT AV,288,N,N,A,-,N,NA,NA,NA,NA,NA,NA,NA,NA,NA,Y,3,0,1,1,A,-,07,21658,A,N,E,J,A,A,B,-,C,D,0,NA,NA,NA,NA,Y,NA,A,01,0,1,0,0,0,0,0,0,0,-,-,NA,NA,SAN BERNARDINO,RIALTO,-117.41855085,34.14404771
6936695,2015,2015-06-11,9870,2015-05-16,0345,020829,NA,6,3,9,3600,0,3,5,NA,2,003,SUNBURST AV,CALLE DEL RIO,369,S,N,A,-,N,NA,NA,NA,NA,NA,NA,NA,NA,NA,Y,4,0,1,1,A,-,01,23152,A,N,E,A,A,A,H,-,D,D,0,NA,NA,NA,NA,Y,Y,A,01,0,0,1,0,0,0,0,0,0,-,-,34.16978,-116.30847,SAN BERNARDINO,UNINCORPORATED,-116.30839,34.16976041
6939022,2015,2015-06-12,3603,2015-05-06,1738,3049,COLTO,3,5,4,3603,0,0,0,NA,0,001,PEPPER AV,RANDALL AV,368,S,N,A,-,N,NA,NA,NA,NA,NA,NA,NA,NA,NA,Y,4,0,1,2,A,-,03,22350,NA,N,C,C,A,A,H,-,A,A,0,NA,NA,NA,NA,Y,NA,A,01,0,0,1,0,0,0,0,0,0,-,-,NA,NA,SAN BERNARDINO,COLTON,-117.35292436,34.08399179
6939470,2015,2016-12-03,3607,2015-04-11,0001,80479,9,6,5,6,3607,0,0,0,NA,0,011,EUCLID AV,RT 10,0,NA,Y,A,-,Y,SBD,8,83,-,-,3.352,R,4,S,Y,3,0,3,2,A,-,12,21453,A,N,D,C,A,A,H,-,C,A,0,NA,NA,NA,NA,Y,NA,-,NA,0,2,1,0,0,0,0,0,0,-,-,NA,NA,SAN BERNARDINO,ONTARIO,-117.65081072,33.9747913
6939486,2015,2016-12-09,9865,2015-04-30,0800,012581,NA,4,1,9,3600,0,1,3,NA,2,017,RT 173,HOSPITAL RD,402,E,N,A,-,Y,SBD,8,173,-,-,18.66,H,-,E,Y,3,0,1,1,A,-,08,22107,NA,N,E,I,A,A,H,-,A,D,0,NA,NA,NA,NA,Y,NA,A,01,0,1,0,0,0,0,0,0,0,-,-,34.26446,-117.16956,SAN BERNARDINO,UNINCORPORATED,-117.16976681,34.26472028
6939540,2015,2015-06-01,3600,2015-04-24,1551,D6899,HE308,5,5,5,3619,0,0,0,NA,0,NA,COTTONWOOD AV,ORANGE ST,0,NA,Y,A,-,N,NA,NA,NA,NA,NA,NA,NA,NA,NA,Y,3,0,2,2,A,-,09,21802,A,N,D,C,A,A,B,-,A,A,0,NA,NA,NA,NA,Y,NA,A,01,0,1,1,0,0,0,0,0,0,-,-,NA,NA,SAN BERNARDINO,HESPERIA,-117.33839006,34.42321009
6939574,2015,2015-06-01,3607,2015-04-19,2111,14842,205,7,5,6,3607,0,0,0,NA,0,061,SULTANA AV,PHILLIPS ST,200,S,N,A,-,N,NA,NA,NA,NA,NA,NA,NA,NA,NA,Y,3,0,1,3,A,-,01,23152,E,N,A,E,A,A,H,-,C,D,0,NA,NA,NA,NA,Y,NA,-,NA,0,1,0,0,0,0,0,0,0,-,-,NA,NA,SAN BERNARDINO,ONTARIO,-117.64599756,34.0501319
6940408,2015,2016-11-14,9860,2015-04-05,1508,17892,NA,7,2,9,3600,0,1,1,NA,2,152,RT 15,OAK HILL RD,3168,S,N,A,-,Y,SBD,8,15,-,R,26.07,H,-,N,Y,3,0,1,2,A,-,07,21658,A,F,C,C,A,A,D,-,A,D,1,NA,NA,Y,NA,Y,NA,A,01,0,1,0,0,0,0,0,0,1,-,-,34.5567,-117.43745,SAN BERNARDINO,UNINCORPORATED,-117.43850732,34.35213349
6940532,2015,2016-11-19,9860,2015-04-28,0855,14963,NA,2,1,5,3608,0,1,1,NA,2,105,RT 10,FORD ST,2640,E,N,A,-,Y,SBD,8,10,-,-,33.66,H,-,W,Y,4,0,1,2,A,-,03,22350,NA,N,C,C,A,A,H,-,A,D,1,NA,NA,NA,NA,Y,NA,A,01,0,0,1,0,0,0,0,0,0,-,-,34.03789,-117.15096,SAN BERNARDINO,REDLANDS,-117.14881044,34.03656897
6940547,2015,2015-06-01,9860,2015-04-22,0715,14963,NA,3,1,9,3600,0,3,5,NA,2,003,COLTON AV,OPAL AV,405,E,N,A,-,N,NA,NA,NA,NA,NA,NA,NA,NA,NA,Y,4,0,2,2,A,-,08,22107,NA,N,D,C,A,A,H,-,A,D,0,NA,NA,NA,NA,Y,NA,A,01,0,0,2,0,0,0,0,0,0,-,-,34.06303,-117.13295,SAN BERNARDINO,UNINCORPORATED,-117.13313712,34.06284611
6940560,2015,2016-11-19,9860,2015-04-28,1218,16575,NA,2,1,6,3610,0,1,1,NA,2,103,RT 10,WATERMAN AV,4752,W,N,A,-,Y,SBD,8,215,-,-,4.323,R,2,N,Y,4,0,1,1,A,-,08,22107,NA,N,E,I,A,A,H,-,A,D,1,NA,NA,NA,NA,Y,NA,A,01,0,0,1,0,0,0,0,0,0,TO,-,34.06572,-117.2948,SAN BERNARDINO,SAN BERNARDINO,-117.29576937,34.06805232
6940679,2015,2016-11-19,9860,2015-04-24,1520,016590,NA,5,2,9,3600,0,1,1,NA,2,152,RT 15,RT 138,11088,N,N,B,-,Y,SBD,8,15,-,R,23.47,H,-,N,Y,4,0,1,2,A,-,08,22107,NA,N,B,C,A,A,D,-,A,D,1,NA,NA,NA,NA,Y,NA,A,01,0,0,1,0,0,0,0,0,0,-,-,34.34349,-117.46135,SAN BERNARDINO,UNINCORPORATED,-117.47662108,34.33950585
6940695,2015,2016-11-19,9860,2015-04-17,2215,020476,NA,5,3,9,3600,0,1,1,NA,2,152,RT 15,RT 138,100,N,N,A,-,Y,SBD,8,15,-,R,21.517,R,2,N,N,3,0,1,1,A,-,08,22107,NA,N,F,A,A,A,D,-,D,D,1,NA,NA,Y,NA,Y,NA,C,02,0,1,0,0,0,0,0,0,1,FR,-,34.31201,-117.4737,SAN BERNARDINO,UNINCORPORATED,-117.47630184,34.313197
6940703,2015,2016-11-19,9860,2015-04-14,1500,013945,NA,2,2,6,3610,0,1,1,NA,2,201,RT 215,CAJON BL,50,E,N,A,-,Y,SBD,8,215,-,-,10.376,R,2,S,Y,3,0,1,1,A,-,08,22107,NA,N,E,I,A,A,H,-,A,A,1,NA,NA,NA,NA,Y,NA,A,01,0,1,0,0,0,0,0,0,0,FR,-,34.14207,-117.32046,SAN BERNARDINO,SAN BERNARDINO,-117.3219107,34.14874077
6849983,2015,2015-03-30,3600,2015-03-02,0940,E4685,HE103,1,5,5,3619,0,0,0,NA,0,001,BEAR VALLEY RD,CYPRESS AV,0,NA,Y,A,-,N,NA,NA,NA,NA,NA,NA,NA,NA,NA,Y,3,0,3,2,A,-,09,21801,A,N,A,C,A,A,H,-,A,A,0,NA,NA,NA,NA,Y,NA,A,01,0,1,2,0,0,0,0,0,0,-,-,NA,NA,SAN BERNARDINO,HESPERIA,-117.32553003,34.47061002