CASE_ID,ACCIDENT_YEAR,PROC_DATE,JURIS,COLLISION_DATE,COLLISION_TIME,OFFICER_ID,REPORTING_DISTRICT,DAY_OF_WEEK,CHP_SHIFT,POPULATION,CNTY_CITY_LOC,SPECIAL_COND,BEAT_TYPE,CHP_BEAT_TYPE,CITY_DIVISION_LAPD,CHP_BEAT_CLASS,BEAT_NUMBER,PRIMARY_RD,SECONDARY_RD,DISTANCE,DIRECTION,INTERSECTION,WEATHER_1,WEATHER_2,STATE_HWY_IND,CALTRANS_COUNTY,CALTRANS_DISTRICT,STATE_ROUTE,ROUTE_SUFFIX,POSTMILE_PREFIX,POSTMILE,LOCATION_TYPE,RAMP_INTERSECTION,SIDE_OF_HWY,TOW_AWAY,COLLISION_SEVERITY,NUMBER_KILLED,NUMBER_INJURED,PARTY_COUNT,PRIMARY_COLL_FACTOR,PCF_CODE_OF_VIOL,PCF_VIOL_CATEGORY,PCF_VIOLATION,PCF_VIOL_SUBSECTION,HIT_AND_RUN,TYPE_OF_COLLISION,MVIW,PED_ACTION,ROAD_SURFACE,ROAD_COND_1,ROAD_COND_2,LIGHTING,CONTROL_DEVICE,CHP_ROAD_TYPE,PEDESTRIAN_ACCIDENT,BICYCLE_ACCIDENT,MOTORCYCLE_ACCIDENT,TRUCK_ACCIDENT,NOT_PRIVATE_PROPERTY,ALCOHOL_INVOLVED,STWD_VEHTYPE_AT_FAULT,CHP_VEHTYPE_AT_FAULT,COUNT_SEVERE_INJ,COUNT_VISIBLE_INJ,COUNT_COMPLAINT_PAIN,COUNT_PED_KILLED,COUNT_PED_INJURED,COUNT_BICYCLIST_KILLED,COUNT_BICYCLIST_INJURED,COUNT_MC_KILLED,COUNT_MC_INJURED,PRIMARY_RAMP,SECONDARY_RAMP,LATITUDE,LONGITUDE,COUNTY,CITY,POINT_X,POINT_Y
81386831,2021,2021-01-13,3607,2021-01-05,1132,20274,241,2,5,6,3607,0,0,0,NA,0,071,FRANCIS ST,CARLOS AV,0,NA,Y,A,-,N,NA,NA,NA,NA,NA,NA,NA,NA,NA,Y,4,0,1,2,A,-,09,21802,A,N,D,C,A,A,H,-,A,D,0,NA,NA,NA,NA,Y,NA,I,09,0,0,1,0,0,0,0,0,0,-,-,NA,NA,SAN BERNARDINO,ONTARIO,-117.60658264160156,34.04118728637695
8138876,2016,2016-10-13,3600,2016-09-15,1535,C9389,LL008,4,5,3,3615,0,0,0,NA,0,LL1,BARTON RD,OAKWOOD DR,0,NA,Y,A,-,N,NA,NA,NA,NA,NA,NA,NA,NA,NA,Y,4,0,1,2,A,-,03,22350,NA,N,C,C,A,A,H,-,A,D,0,NA,NA,NA,NA,Y,Y,A,07,0,0,1,0,0,0,0,0,0,-,-,NA,NA,SAN BERNARDINO,LOMA LINDA,-117.27418006,34.05189009
8138880,2016,2016-10-13,3600,2016-09-01,1811,C9389,LL010,4,5,3,3615,0,0,0,NA,0,LL1,COLE ST,BENTON ST,0,NA,Y,A,-,N,NA,NA,NA,NA,NA,NA,NA,NA,NA,N,2,0,1,2,A,-,10,21950,A,N,G,B,D,A,H,-,A,D,0,Y,NA,NA,NA,Y,NA,A,01,1,0,0,0,1,0,0,0,0,-,-,NA,NA,SAN BERNARDINO,LOMA LINDA,-117.25240002,34.05312007
81399125,2021,2021-02-01,3607,2021-01-12,0420,20132,NA,2,5,6,3607,0,0,0,NA,0,041,SEQUOIA AV,EBONY ST,2,S,N,A,-,N,NA,NA,NA,NA,NA,NA,NA,NA,NA,Y,4,0,1,3,A,-,08,22107,NA,N,B,E,A,A,H,-,C,D,0,NA,NA,NA,NA,Y,NA,-,31,0,0,1,0,0,0,0,0,0,-,-,NA,NA,SAN BERNARDINO,ONTARIO,-117.5675811767578,34.06641387939453
8093983,2016,2016-11-19,3607,2016-07-10,1532,80171,153,7,5,6,3607,0,0,0,NA,0,051,STATE ST,MAGNOLIA AV,1056,W,N,A,-,N,NA,NA,NA,NA,NA,NA,NA,NA,NA,Y,4,0,1,2,A,-,09,21804,A,N,D,C,A,A,H,-,A,A,0,NA,NA,NA,NA,Y,NA,-,NA,0,0,1,0,0,0,0,0,0,-,-,NA,NA,SAN BERNARDINO,ONTARIO,-117.67555726,34.05986833
8099686,2016,2016-08-11,3600,2016-07-01,0807,A4209,HE420,5,5,5,3619,0,0,0,NA,0,HE4,SUMMIT VALLEY RD,RANCHERO RD,0,NA,Y,A,-,N,NA,NA,NA,NA,NA,NA,NA,NA,NA,N,4,0,1,2,A,-,03,22350,NA,F,C,C,A,A,H,-,A,A,0,NA,NA,NA,NA,Y,Y,A,01,0,0,1,0,0,0,0,0,0,-,-,NA,NA,SAN BERNARDINO,HESPERIA,-117.3117739,34.38325584
81406494,2021,2021-02-11,3607,2021-02-05,0032,20211,458,5,5,6,3607,0,0,0,NA,0,061,EUCLID AV,MISSION BL,50,S,N,A,-,N,NA,NA,NA,NA,NA,NA,NA,NA,NA,Y,4,0,1,2,A,-,03,22350,NA,N,C,C,A,A,H,-,C,A,0,NA,NA,NA,NA,Y,NA,A,01,0,0,1,0,0,0,0,0,0,-,-,NA,NA,SAN BERNARDINO,ONTARIO,-117.65113067626952,34.054744720458984
81411341,2021,2021-02-19,3607,2021-02-13,0644,20099,228,6,5,6,3607,0,0,0,NA,0,052,PHILADELPHIA ST,SAN ANTONIO AV,250,E,N,A,-,N,NA,NA,NA,NA,NA,NA,NA,NA,NA,N,3,0,1,2,A,-,08,22107,NA,N,B,E,A,A,H,-,A,D,0,NA,NA,NA,NA,Y,NA,A,07,0,1,0,0,0,0,0,0,0,-,-,NA,NA,SAN BERNARDINO,ONTARIO,-117.65812683105467,34.03377914428711
8062697,2016,2016-06-16,3609,2016-05-12,1729,0208,RIALT,4,5,5,3609,0,0,0,NA,0,001,WEST BASELINE RD,N CEDAR AV,105,W,N,A,-,N,NA,NA,NA,NA,NA,NA,NA,NA,NA,N,3,0,1,3,A,-,03,22350,NA,N,C,C,A,A,H,-,A,A,0,NA,NA,NA,NA,Y,NA,A,08,0,1,0,0,0,0,0,0,0,-,-,NA,NA,SAN BERNARDINO,RIALTO,-117.39696591,34.12132
8062956,2016,2017-03-02,3600,2016-09-13,0048,F2746,VC058,2,5,5,3612,0,0,0,NA,0,VC5,RT 395,SENECA RD,0,NA,-,G,-,Y,SBD,8,395,-,-,11.63,H,-,N,Y,3,0,2,2,A,-,01,23153,NA,N,C,C,A,A,-,-,D,D,0,NA,NA,NA,NA,Y,Y,A,01,0,1,1,0,0,0,0,0,0,-,-,NA,NA,SAN BERNARDINO,VICTORVILLE,-117.39940008,34.51345586
81437536,2021,2021-03-29,3607,2021-03-18,1337,20220,324,4,5,6,3607,0,0,0,NA,0,041,TURNER AV,FOURTH ST,0,NA,Y,A,-,N,NA,NA,NA,NA,NA,NA,NA,NA,NA,Y,4,0,2,2,A,-,09,21801,A,N,D,C,A,A,H,-,A,A,0,NA,NA,NA,NA,Y,NA,A,07,0,0,2,0,0,0,0,0,0,-,-,NA,NA,SAN BERNARDINO,ONTARIO,-117.58460235595705,34.07744598388672
8065327,2016,2017-02-16,3605,2016-06-03,1016,322,NA,5,5,4,3605,0,0,0,NA,0,NA,MONTE VISTA AV,RT 10,9,N,N,A,-,Y,SBD,8,10,-,-,0.578,R,4,W,Y,4,0,1,2,A,-,09,21801,A,N,D,C,A,A,H,-,A,A,0,NA,NA,NA,NA,Y,NA,A,01,0,0,1,0,0,0,0,0,0,-,WO,34.0825,-117.69831,SAN BERNARDINO,MONTCLAIR,-117.70038482,34.08197163
8145193,2016,2016-10-13,3608,2016-09-23,1622,4358,NA,5,5,5,3608,0,0,0,NA,0,NA,TENNESSEE ST,LUGONIA AV,180,S,N,A,-,N,NA,NA,NA,NA,NA,NA,NA,NA,NA,N,4,0,1,2,A,-,09,21802,A,N,D,C,A,A,H,-,A,D,0,NA,NA,NA,NA,Y,NA,A,08,0,0,1,0,0,0,0,0,0,-,-,NA,NA,SAN BERNARDINO,REDLANDS,-117.19917751,34.06968746
81455655,2021,2021-04-22,3607,2021-04-06,2000,20133,610,2,5,6,3607,0,0,0,NA,0,081,EDISON AV,GROVE AV,423,E,N,A,-,N,NA,NA,NA,NA,NA,NA,NA,NA,NA,Y,4,0,1,1,A,-,03,22350,NA,N,E,I,A,A,H,-,D,A,0,NA,NA,NA,NA,Y,NA,A,01,0,0,1,0,0,0,0,0,0,-,-,NA,NA,SAN BERNARDINO,ONTARIO,-117.62671661376952,33.9976806640625
81455658,2021,2021-04-22,3607,2021-04-07,1907,19896,30,3,5,6,3607,0,0,0,NA,0,031,LA DENEY DR,DEL NORTE CT,0,NA,Y,A,-,N,NA,NA,NA,NA,NA,NA,NA,NA,NA,N,3,0,1,2,A,-,09,21800,A,N,A,G,A,A,H,-,B,A,0,NA,Y,NA,NA,Y,Y,L,04,0,1,0,0,0,0,1,0,0,-,-,NA,NA,SAN BERNARDINO,ONTARIO,-117.62561798095705,34.08347702026367
8065934,2016,2016-06-29,3601,2016-05-27,2322,P81,3601,5,5,3,3601,0,0,0,NA,0,PATROL,W WILLIAMS ST,W FREDERICKS ST,0,NA,Y,A,-,N,NA,NA,NA,NA,NA,NA,NA,NA,NA,Y,3,0,1,1,A,-,01,23152,A,N,F,-,A,A,H,-,D,D,0,NA,NA,NA,NA,Y,Y,A,01,0,1,0,0,0,0,0,0,0,-,-,NA,NA,SAN BERNARDINO,BARSTOW,-117.03079003,34.89681006
8067063,2015,2016-09-06,3600,2015-01-14,1727,D6902,TW001,3,5,3,3617,0,0,0,NA,0,TW1,RT 62,MONTE VISTA DR,0,NA,Y,A,-,Y,SBD,8,62,-,-,27.562,I,5,E,Y,2,0,6,3,A,-,04,21703,NA,N,A,C,A,A,G,-,-,A,0,NA,NA,NA,NA,Y,NA,A,07,4,0,2,0,0,0,0,0,0,-,-,NA,NA,SAN BERNARDINO,TWENTYNINE PALMS,-116.15288883,34.13503798
8146455,2016,2016-10-19,3600,2016-08-15,1351,D8569,HI007,1,5,4,3618,0,0,0,NA,0,HI1,6TH ST,LANKERSHIM AV,0,NA,Y,A,-,N,NA,NA,NA,NA,NA,NA,NA,NA,NA,N,3,0,1,2,A,-,09,21802,A,N,-,C,A,A,H,-,A,A,0,NA,NA,Y,NA,Y,NA,C,02,0,1,0,0,0,0,0,0,1,-,-,NA,NA,SAN BERNARDINO,HIGHLAND,-117.23491003,34.11033009
8067956,2016,2016-08-31,3600,2016-06-09,2158,D5980,TW003,4,5,3,3617,0,0,0,NA,0,TW1,TWO MILE RD,DATURA RD,0,W,N,A,-,N,NA,NA,NA,NA,NA,NA,NA,NA,NA,N,4,0,1,1,A,-,07,21658,NA,N,H,A,A,A,H,-,C,D,0,NA,NA,Y,NA,Y,NA,C,02,0,0,1,0,0,0,0,0,1,-,-,NA,NA,SAN BERNARDINO,TWENTYNINE PALMS,-116.07622001,34.14985008
8071290,2016,2017-02-24,3610,2016-05-05,0615,50808,NA,4,5,6,3610,0,0,0,NA,0,POLICE,RT 18,MILE MARKER 11.00,413,S,-,C,-,Y,SBD,8,18,-,-,10.92,H,-,N,Y,4,0,3,3,A,-,03,22350,NA,N,B,C,A,B,H,-,A,D,0,NA,NA,NA,Y,Y,NA,A,01,0,0,3,0,0,0,0,0,0,-,-,NA,NA,SAN BERNARDINO,SAN BERNARDINO,-117.27674914,34.18941735
81477532,2021,2021-05-20,3607,2021-05-09,1021,19988,142,7,5,6,3607,0,0,0,NA,0,041,HAVEN AV,GUASTI RD,0,NA,Y,B,-,N,NA,NA,NA,NA,NA,NA,NA,NA,NA,N,4,0,1,2,A,-,08,22107,NA,N,B,C,A,A,H,-,A,A,0,NA,NA,NA,NA,Y,NA,A,01,0,0,1,0,0,0,0,0,0,-,-,NA,NA,SAN BERNARDINO,ONTARIO,-117.57589721679688,34.064857482910156
8072368,2016,2016-06-30,3604,2016-05-29,1827,680,NA,7,5,6,3604,0,0,0,NA,0,NA,CITRUS AV,MERRILL AV,0,NA,Y,A,-,N,NA,NA,NA,NA,NA,NA,NA,NA,NA,Y,4,0,1,2,A,-,12,21453,A,N,D,C,A,A,H,-,A,A,0,NA,NA,NA,NA,Y,NA,A,01,0,0,1,0,0,0,0,0,0,-,-,NA,NA,SAN BERNARDINO,FONTANA,-117.45368013,34.09207008
81478502,2021,2021-05-21,3611,2021-03-20,1420,3258,3611,6,5,5,3611,0,0,0,NA,0,003,16TH ST,CAMPUS AVE,176,E,N,A,-,N,NA,NA,NA,NA,NA,NA,NA,NA,NA,Y,3,0,3,3,A,-,03,22350,NA,N,C,C,A,A,H,-,A,D,0,NA,NA,NA,NA,Y,NA,A,01,0,1,2,0,0,0,0,0,0,-,-,NA,NA,SAN BERNARDINO,UPLAND,-117.64099884033205,34.121559143066406
8078538,2016,2016-07-18,3602,2016-04-22,1445,2798,NA,5,5,5,3602,0,0,0,NA,0,004,CENTRAL AV,G ST,0,NA,Y,A,-,N,NA,NA,NA,NA,NA,NA,NA,NA,NA,N,3,0,2,2,A,-,09,21802,A,N,D,C,A,A,H,-,A,D,0,NA,NA,NA,NA,Y,NA,A,07,0,1,1,0,0,0,0,0,0,-,-,NA,NA,SAN BERNARDINO,CHINO,-117.68924011,34.00990002
81485487,2021,2021-05-31,3607,2021-05-16,2057,20497,185,7,5,6,3607,0,0,0,NA,0,061,EUCLID AV,PHILLIPS ST,0,NA,Y,A,-,Y,NA,NA,NA,NA,NA,NA,NA,NA,NA,Y,4,0,2,2,A,-,09,21802,A,N,D,C,A,A,H,-,C,A,0,NA,NA,NA,NA,Y,NA,A,01,0,0,2,0,0,0,0,0,0,-,-,NA,NA,SAN BERNARDINO,ONTARIO,-117.65077972412108,34.050384521484375
8148967,2016,2016-10-21,3608,2016-09-30,0757,4628,3608,5,5,5,3608,0,0,0,NA,0,901,REDLANDS BL,TEXAS AV,250,NA,N,A,-,N,NA,NA,NA,NA,NA,NA,NA,NA,NA,Y,3,0,1,2,A,-,08,22102,NA,N,D,C,A,A,H,-,A,D,0,NA,NA,NA,NA,Y,NA,A,01,0,1,0,0,0,0,0,0,0,-,-,NA,NA,SAN BERNARDINO,REDLANDS,-117.19134002,34.05779011
81490241,2021,2021-06-07,3607,2021-04-17,1137,19945,122,6,5,6,3607,0,0,0,NA,0,012,HOLT BL,MOUNTAIN AV,600,W,N,A,-,N,NA,NA,NA,NA,NA,NA,NA,NA,NA,N,3,0,1,2,A,-,03,22350,NA,N,D,C,A,A,H,-,A,D,0,NA,NA,NA,NA,Y,NA,A,01,0,1,0,0,0,0,0,0,0,-,-,NA,NA,SAN BERNARDINO,ONTARIO,-117.67201232910156,34.06330108642578
8149530,2016,2016-10-25,3604,2016-10-08,0535,754,NA,6,5,6,3604,0,0,0,NA,0,003,VALLEY BL,JUNIPER AV,989,W,N,A,-,N,NA,NA,NA,NA,NA,NA,NA,NA,NA,Y,4,0,1,1,A,-,08,22107,NA,N,E,I,A,A,H,-,B,D,0,NA,NA,NA,NA,Y,NA,D,22,0,0,1,0,0,0,0,0,0,-,-,NA,NA,SAN BERNARDINO,FONTANA,-117.44327629,34.07035928
8150339,2016,2016-10-26,3610,2016-09-04,0029,50866,NA,7,5,6,3610,0,0,0,NA,0,POLICE,MT VERNON AV,W 23RD ST,110,N,N,A,-,N,NA,NA,NA,NA,NA,NA,NA,NA,NA,Y,4,0,1,1,A,-,03,22350,NA,N,F,J,A,A,H,-,C,D,0,NA,NA,NA,NA,Y,Y,A,07,0,0,1,0,0,0,0,0,0,-,-,34.13677,-117.31694,SAN BERNARDINO,SAN BERNARDINO,-117.31717512,34.13698617
8117484,2016,2016-09-13,3608,2016-08-30,1212,3543,NA,2,5,5,3608,0,0,0,NA,0,NA,PIONEER AV,TENNESSEE ST,0,NA,Y,A,-,N,NA,NA,NA,NA,NA,NA,NA,NA,NA,Y,3,0,1,2,A,-,08,22107,NA,N,B,C,A,A,H,-,A,D,0,NA,NA,NA,Y,Y,NA,F,21,0,1,0,0,0,0,0,0,0,-,-,NA,NA,SAN BERNARDINO,REDLANDS,-117.19755008,34.08094005
8150399,2016,2016-10-26,3610,2016-09-14,1810,50707,NA,3,5,6,3610,0,0,0,NA,0,POLICE,N DEL ROSA AV,E MARSHALL BL,0,NA,Y,A,-,N,NA,NA,NA,NA,NA,NA,NA,NA,NA,Y,3,0,1,2,A,-,09,21801,A,F,D,C,A,A,H,-,A,D,0,NA,NA,NA,NA,Y,NA,A,01,0,1,0,0,0,0,0,0,0,-,-,34.14947,-117.2524,SAN BERNARDINO,SAN BERNARDINO,-117.25244002,34.14945009
8124527,2016,2016-11-04,3604,2016-09-05,1644,678,NA,1,5,6,3604,0,0,0,NA,0,NA,VALLEY BL,CATAWBA AV,620,W,N,A,-,N,NA,NA,NA,NA,NA,NA,NA,NA,NA,Y,4,0,1,2,A,-,01,23152,A,N,B,E,A,A,H,-,A,D,0,NA,NA,NA,Y,Y,Y,A,01,0,0,1,0,0,0,0,0,0,-,-,NA,NA,SAN BERNARDINO,FONTANA,-117.4601613,34.07027608
81514182,2021,2021-07-07,3607,2021-05-12,1030,20521,600,3,5,6,3607,0,0,0,NA,0,081,EUCLID AV,SCHAEFER AV,1000,S,N,A,-,Y,NA,NA,NA,NA,NA,NA,NA,NA,NA,N,4,0,1,2,A,-,03,22350,NA,N,C,C,A,A,H,-,A,A,0,NA,NA,NA,NA,Y,NA,A,01,0,0,1,0,0,0,0,0,0,-,-,NA,NA,SAN BERNARDINO,ONTARIO,-117.65072631835938,34.002017974853516
8126314,2016,2016-09-20,3600,2016-06-12,1902,D5292,GT009,7,5,3,3690,0,0,0,NA,0,0GT,BARTON RD,LA CROSSE AV,0,NA,Y,A,-,N,NA,NA,NA,NA,NA,NA,NA,NA,NA,N,4,0,1,2,B,-,22,NA,NA,N,-,C,A,A,H,-,A,A,0,NA,NA,NA,NA,Y,NA,A,01,0,0,1,0,0,0,0,0,0,-,-,NA,NA,SAN BERNARDINO,GRAND TERRACE,-117.32600011,34.03387005
81526099,2021,2021-07-22,3607,2021-07-14,0750,80522,171,3,5,6,3607,0,0,0,NA,0,042,MILLIKEN AV,AIRPORT DR,300,S,N,C,-,N,NA,NA,NA,NA,NA,NA,NA,NA,NA,N,4,0,1,3,A,-,03,22350,NA,N,C,C,A,B,H,-,A,D,0,NA,NA,NA,NA,Y,NA,A,01,0,0,1,0,0,0,0,0,0,-,-,NA,NA,SAN BERNARDINO,ONTARIO,-117.55825805664063,34.06183624267578
8126509,2016,2016-09-22,3600,2016-09-04,1952,D8559,HE404,7,5,5,3619,0,0,0,NA,0,HE4,BUCKTHORN AV,JOSHUA ST,0,NA,Y,A,-,N,NA,NA,NA,NA,NA,NA,NA,NA,NA,N,3,0,1,2,A,-,11,21950,B,N,G,B,D,A,H,-,D,-,0,Y,NA,NA,NA,Y,NA,N,60,0,1,0,0,1,0,0,0,0,-,-,NA,NA,SAN BERNARDINO,HESPERIA,-117.29491001,34.40066007
81539329,2021,2021-08-09,3607,2021-07-09,1018,19953,129,5,5,6,3607,0,0,0,NA,0,022,ELMA ST,ALLYN AV,0,NA,Y,A,-,N,NA,NA,NA,NA,NA,NA,NA,NA,NA,N,4,0,1,2,A,-,09,21802,A,N,D,C,A,A,H,-,A,A,0,NA,NA,NA,NA,Y,NA,A,01,0,0,1,0,0,0,0,0,0,-,-,NA,NA,SAN BERNARDINO,ONTARIO,-117.63721466064452,34.06611633300781
8126752,2016,2016-09-21,3604,2016-08-24,2121,768,NA,3,5,6,3604,0,0,0,NA,0,NA,FONTANA AV,MALLORY DR,355,N,N,A,-,N,NA,NA,NA,NA,NA,NA,NA,NA,NA,N,3,0,1,2,A,-,11,21954,A,F,G,B,E,A,H,-,C,D,0,Y,NA,NA,NA,Y,NA,N,60,0,1,0,0,1,0,0,0,0,-,-,NA,NA,SAN BERNARDINO,FONTANA,-117.46972336,34.07506779
8134104,2016,2016-10-04,3604,2016-09-12,1504,509,NA,1,5,6,3604,0,0,0,NA,0,NA,CHERRY AV,ALISO DR,0,NA,Y,A,-,N,NA,NA,NA,NA,NA,NA,NA,NA,NA,Y,4,0,1,2,A,-,09,21801,A,N,D,C,A,A,H,-,A,D,0,NA,NA,NA,NA,Y,NA,A,01,0,0,1,0,0,0,0,0,0,-,-,NA,NA,SAN BERNARDINO,FONTANA,-117.48896005,34.06015011
8136309,2016,2016-10-05,3609,2016-09-23,1429,4247,179,5,5,5,3609,0,0,0,NA,0,003,BLOOMINGTON AV,BLOOMINGTON AV 1045,0,NA,Y,A,-,N,NA,NA,NA,NA,NA,NA,NA,NA,NA,Y,4,0,1,2,A,-,09,21802,B,N,D,C,A,A,H,-,A,A,0,NA,NA,NA,NA,Y,NA,-,-,0,0,1,0,0,0,0,0,0,-,-,NA,NA,SAN BERNARDINO,RIALTO,-117.39050567,34.07535918
8140390,2016,2016-12-01,3601,2016-09-12,0602,P77,3601,1,5,3,3601,0,0,0,NA,0,PATROL,AVENUE H,E MAIN ST,1662,S,N,A,-,N,NA,NA,NA,NA,NA,NA,NA,NA,NA,Y,3,0,2,1,A,-,03,22350,NA,N,A,J,A,A,H,-,B,D,0,NA,NA,NA,NA,Y,NA,A,01,0,1,1,0,0,0,0,0,0,-,-,NA,NA,SAN BERNARDINO,BARSTOW,-117.04754,34.89408
8103796,2016,2016-11-03,3600,2016-08-31,2023,F8542,VC069,3,5,5,3612,0,0,0,NA,0,VC5,DOS PALMAS RD,FERN PINE ST,0,NA,Y,A,-,N,NA,NA,NA,NA,NA,NA,NA,NA,NA,Y,4,0,1,2,A,-,-,NA,NA,N,A,C,A,A,H,-,C,D,0,NA,NA,NA,NA,Y,NA,A,01,0,0,1,0,0,0,0,0,0,-,-,NA,NA,SAN BERNARDINO,VICTORVILLE,-117.40168007,34.49949004
8107044,2016,2016-08-23,3607,2016-08-04,1246,80248,175,4,5,6,3607,0,0,0,NA,0,042,ETIWANDA AV,SANTA ANNA AV,2112,S,N,A,-,N,NA,NA,NA,NA,NA,NA,NA,NA,NA,Y,3,0,1,2,A,-,03,22350,NA,N,C,C,A,A,H,-,A,D,0,NA,NA,NA,NA,Y,NA,-,NA,0,1,0,0,0,0,0,0,0,-,-,NA,NA,SAN BERNARDINO,ONTARIO,-117.52417,34.04954252
8141435,2016,2016-10-11,3604,2016-09-14,1749,268,NA,3,5,6,3604,0,0,0,NA,0,NA,SIERRA AV,RANDALL AV,395,S,N,A,-,N,NA,NA,NA,NA,NA,NA,NA,NA,NA,N,4,0,1,2,A,-,03,22350,NA,N,C,C,A,A,H,-,A,A,0,NA,NA,NA,NA,Y,NA,A,01,0,0,1,0,0,0,0,0,0,-,-,NA,NA,SAN BERNARDINO,FONTANA,-117.43570374,34.08376772
81567971,2021,2021-09-13,3607,2021-08-28,1554,80510,195,6,5,6,3607,0,0,0,NA,0,052,PALMETTO AV,LOCUST ST,100,S,N,A,-,N,NA,NA,NA,NA,NA,NA,NA,NA,NA,N,4,0,1,2,A,-,08,22100,B,N,B,C,A,A,H,-,A,D,0,NA,NA,NA,NA,Y,NA,A,01,0,0,1,0,0,0,0,0,0,-,-,NA,NA,SAN BERNARDINO,ONTARIO,-117.66773223876952,34.044315338134766
81578519,2020,2021-09-24,3607,2020-11-21,1116,80388,250,6,5,6,3607,0,0,0,NA,0,071,PHILADELPHIA ST,VINEYARD AV,0,NA,Y,A,-,N,NA,NA,NA,NA,NA,NA,NA,NA,NA,Y,2,0,2,2,A,-,01,23152,G,N,D,C,A,A,H,-,A,A,0,NA,NA,NA,NA,Y,Y,A,01,1,1,0,0,0,0,0,0,0,-,-,NA,NA,SAN BERNARDINO,ONTARIO,-117.6110610961914,34.034061431884766
8108875,2016,2017-02-23,3607,2016-08-23,0922,80516,172,2,5,6,3607,0,0,0,NA,0,042,MILLIKEN AV,BRICKELL ST,1320,S,N,A,-,N,NA,NA,NA,NA,NA,NA,NA,NA,NA,N,4,0,1,2,A,-,07,21658,A,N,C,C,A,A,H,-,A,D,0,NA,NA,NA,NA,Y,NA,-,NA,0,0,1,0,0,0,0,0,0,-,-,NA,NA,SAN BERNARDINO,ONTARIO,-117.5583,34.05547283
81591326,2021,2021-10-08,3607,2021-05-24,1127,80548,125,1,5,6,3607,0,0,0,NA,0,012,EUCLID AV,HOLT BL,0,NA,Y,A,-,Y,NA,NA,NA,NA,NA,NA,NA,NA,NA,Y,4,0,2,3,A,-,12,21453,A,N,D,C,A,A,H,-,A,A,0,NA,NA,NA,NA,Y,NA,A,01,0,0,2,0,0,0,0,0,0,-,-,NA,NA,SAN BERNARDINO,ONTARIO,-117.65119171142578,34.06336212158203
8110662,2016,2016-09-29,3605,2016-07-31,1903,378,3605,7,5,4,3605,0,0,0,NA,0,NA,MONTE VISTA AV,SAN JOSE ST,69,S,N,A,-,N,NA,NA,NA,NA,NA,NA,NA,NA,NA,N,4,0,1,2,A,-,09,21800,A,F,B,C,A,A,H,-,A,A,0,NA,NA,NA,NA,Y,NA,A,01,0,0,1,0,0,0,0,0,0,-,-,NA,NA,SAN BERNARDINO,MONTCLAIR,-117.69833,34.08484088
81592366,2021,2021-10-11,3609,2021-09-20,0759,02306,127,1,5,5,3609,0,0,0,NA,0,002,SYCAMORE AVE,RAMONA DR,98,S,N,A,-,N,NA,NA,NA,NA,NA,NA,NA,NA,NA,Y,3,0,2,2,A,-,09,21804,A,F,D,C,A,A,H,-,A,D,0,NA,NA,NA,NA,Y,NA,A,01,0,2,0,0,0,0,0,0,0,-,-,34.1077995300293,-117.365966796875,SAN BERNARDINO,RIALTO,-117.36599731445313,34.1075325012207
8159670,2016,2016-11-09,3603,2016-09-26,1755,CL4615,COLTO,1,5,4,3603,0,0,0,NA,0,003,IOWA AV,MAIN ST,700,N,N,A,-,N,NA,NA,NA,NA,NA,NA,NA,NA,NA,Y,4,0,2,3,A,-,03,22350,NA,N,C,C,A,A,H,-,A,A,0,NA,NA,NA,NA,Y,NA,A,01,0,0,2,0,0,0,0,0,0,-,-,NA,NA,SAN BERNARDINO,COLTON,-117.33762848,34.02112815
8159790,2016,2016-11-08,3603,2016-10-26,0949,CL4011,COLTO,3,5,4,3603,0,0,0,NA,0,002,G ST,LA CADENA DR,0,NA,Y,A,-,N,NA,NA,NA,NA,NA,NA,NA,NA,NA,Y,4,0,1,2,A,-,12,21453,A,N,D,C,A,A,H,-,A,A,0,NA,NA,NA,NA,Y,NA,A,01,0,0,1,0,0,0,0,0,0,-,-,NA,NA,SAN BERNARDINO,COLTON,-117.32386,34.06905004
81598553,2021,2021-10-18,3602,2021-09-22,1210,3051,NA,3,5,5,3602,0,0,0,NA,0,001,GRAND AVE,SPECTRUM EAST,141,E,N,A,-,N,NA,NA,NA,NA,NA,NA,NA,NA,NA,N,4,0,2,3,A,-,03,22350,NA,N,C,C,A,A,H,-,A,D,0,NA,NA,NA,NA,Y,NA,A,01,0,0,2,0,0,0,0,0,0,-,-,33.997650146484375,-117.71790313720705,SAN BERNARDINO,CHINO,-117.7181396484375,33.9975471496582
81604504,2021,2021-10-25,3609,2021-09-11,0042,01813,127,6,5,5,3609,0,0,0,NA,0,002,FOOTHILL BLVD,SYCAMORE AVE,0,NA,Y,A,-,Y,NA,NA,NA,NA,NA,NA,NA,NA,NA,N,4,0,1,2,A,-,03,22350,NA,N,C,C,A,A,H,-,C,A,0,NA,NA,NA,NA,Y,NA,A,01,0,0,1,0,0,0,0,0,0,-,-,34.106719970703125,-117.36599731445313,SAN BERNARDINO,RIALTO,-117.3659896850586,34.10675811767578
81607161,2021,2021-10-27,3607,2021-10-10,2056,80537,950,7,5,6,3607,0,0,0,NA,0,MILL,GURNEE AV,MILLS CI,0,NA,Y,A,-,N,NA,NA,NA,NA,NA,NA,NA,NA,NA,N,4,0,1,2,A,-,08,22107,NA,N,B,C,A,A,H,-,C,A,0,NA,NA,NA,NA,Y,NA,A,01,0,0,1,0,0,0,0,0,0,-,-,NA,NA,SAN BERNARDINO,ONTARIO,-117.55542755126952,34.076393127441406
8113296,2016,2016-09-07,3607,2016-08-15,1449,80539,263,1,5,6,3607,0,0,0,NA,0,052,EUCLID AV,WALNUT ST,0,NA,Y,A,-,N,NA,NA,NA,NA,NA,NA,NA,NA,NA,Y,4,0,2,4,A,-,12,21453,A,N,D,C,A,A,H,-,A,A,0,NA,NA,NA,NA,Y,Y,-,NA,0,0,2,0,0,0,0,0,0,-,-,NA,NA,SAN BERNARDINO,ONTARIO,-117.65101008,34.02654006
8150792,2016,2016-10-26,3602,2016-09-09,1927,3054,NA,5,5,5,3602,0,0,0,NA,0,002,MOUNTAIN AV,FILLMORE AV,75,N,N,A,-,N,NA,NA,NA,NA,NA,NA,NA,NA,NA,N,4,0,2,3,A,-,03,22350,NA,N,C,C,A,A,H,-,C,A,0,NA,NA,NA,NA,Y,NA,A,01,0,0,2,0,0,0,0,0,0,-,-,NA,NA,SAN BERNARDINO,CHINO,-117.66763307,34.02845554