CASE_ID,ACCIDENT_YEAR,PROC_DATE,JURIS,COLLISION_DATE,COLLISION_TIME,OFFICER_ID,REPORTING_DISTRICT,DAY_OF_WEEK,CHP_SHIFT,POPULATION,CNTY_CITY_LOC,SPECIAL_COND,BEAT_TYPE,CHP_BEAT_TYPE,CITY_DIVISION_LAPD,CHP_BEAT_CLASS,BEAT_NUMBER,PRIMARY_RD,SECONDARY_RD,DISTANCE,DIRECTION,INTERSECTION,WEATHER_1,WEATHER_2,STATE_HWY_IND,CALTRANS_COUNTY,CALTRANS_DISTRICT,STATE_ROUTE,ROUTE_SUFFIX,POSTMILE_PREFIX,POSTMILE,LOCATION_TYPE,RAMP_INTERSECTION,SIDE_OF_HWY,TOW_AWAY,COLLISION_SEVERITY,NUMBER_KILLED,NUMBER_INJURED,PARTY_COUNT,PRIMARY_COLL_FACTOR,PCF_CODE_OF_VIOL,PCF_VIOL_CATEGORY,PCF_VIOLATION,PCF_VIOL_SUBSECTION,HIT_AND_RUN,TYPE_OF_COLLISION,MVIW,PED_ACTION,ROAD_SURFACE,ROAD_COND_1,ROAD_COND_2,LIGHTING,CONTROL_DEVICE,CHP_ROAD_TYPE,PEDESTRIAN_ACCIDENT,BICYCLE_ACCIDENT,MOTORCYCLE_ACCIDENT,TRUCK_ACCIDENT,NOT_PRIVATE_PROPERTY,ALCOHOL_INVOLVED,STWD_VEHTYPE_AT_FAULT,CHP_VEHTYPE_AT_FAULT,COUNT_SEVERE_INJ,COUNT_VISIBLE_INJ,COUNT_COMPLAINT_PAIN,COUNT_PED_KILLED,COUNT_PED_INJURED,COUNT_BICYCLIST_KILLED,COUNT_BICYCLIST_INJURED,COUNT_MC_KILLED,COUNT_MC_INJURED,PRIMARY_RAMP,SECONDARY_RAMP,LATITUDE,LONGITUDE,COUNTY,CITY,POINT_X,POINT_Y
8151944,2016,2017-02-23,3600,2016-09-16,0826,F9066,AP004,5,5,5,3621,0,0,0,NA,0,AP1,RT 18,APPLE VALLEY RD,0,E,N,A,-,Y,SBD,8,18,-,-,94.38,H,-,N,Y,4,0,1,2,A,-,03,22350,NA,N,C,C,A,A,H,-,A,A,0,NA,NA,NA,NA,Y,NA,-,-,0,0,1,0,0,0,0,0,0,-,-,NA,NA,SAN BERNARDINO,APPLE VALLEY,-117.27199245,34.54016127
8154411,2016,2016-10-28,3600,2016-09-15,1718,B3501,RC056,4,5,6,3616,0,0,0,NA,0,RC4,FOOTHILL BL,RED HILL COUNTRY CLUB DR,116,E,N,A,-,N,NA,NA,NA,NA,NA,NA,NA,NA,NA,N,3,0,1,2,A,-,09,21804,A,N,D,G,A,A,H,-,A,A,0,NA,Y,NA,NA,Y,NA,A,01,0,1,0,0,0,0,1,0,0,-,-,NA,NA,SAN BERNARDINO,RANCHO CUCAMONGA,-117.62711152,34.10638992
81547470,2021,2021-08-18,3607,2021-07-29,0624,80520,258,4,5,6,3607,0,0,0,NA,0,071,VINEYARD AV,SR-60 W/B OFFRAMP,0,NA,Y,A,-,Y,NA,NA,NA,NA,NA,NA,NA,NA,NA,Y,4,0,1,2,D,-,00,NA,NA,N,D,C,A,A,H,-,A,A,0,NA,NA,NA,NA,Y,NA,-,-,0,0,1,0,0,0,0,0,0,-,-,NA,NA,SAN BERNARDINO,ONTARIO,-117.61101531982422,34.03064727783203
8137815,2016,2016-10-12,3604,2016-09-12,1648,509,NA,1,5,6,3604,0,0,0,NA,0,NA,JUNIPER AV,CERES AV,0,NA,Y,A,-,N,NA,NA,NA,NA,NA,NA,NA,NA,NA,N,4,0,1,2,A,-,10,21950,A,N,G,B,D,A,H,-,A,A,0,Y,NA,NA,NA,Y,NA,D,22,0,0,1,0,1,0,0,0,0,-,-,NA,NA,SAN BERNARDINO,FONTANA,-117.44011004,34.09422002
81402962,2021,2021-02-05,3607,2021-02-02,0804,20466,232,2,5,6,3607,0,0,0,NA,0,061,EUCLID AV,CEDAR ST,0,NA,Y,A,-,N,NA,NA,NA,NA,NA,NA,NA,NA,NA,Y,3,0,1,2,A,-,09,21802,A,N,D,C,A,A,H,-,A,A,0,NA,NA,NA,NA,Y,NA,D,22,0,1,0,0,0,0,0,0,0,-,-,NA,NA,SAN BERNARDINO,ONTARIO,-117.65073394775392,34.03743362426758
8141308,2016,2016-10-11,3607,2016-09-26,0701,80445,322,1,5,6,3607,0,0,0,NA,0,032,ARCHIBALD AV,INLAND EMPIRE BL,100,S,N,A,-,N,NA,NA,NA,NA,NA,NA,NA,NA,NA,Y,4,0,1,2,A,-,09,21804,A,N,D,C,A,A,H,-,A,A,0,NA,NA,NA,NA,Y,NA,-,NA,0,0,1,0,0,0,0,0,0,-,-,NA,NA,SAN BERNARDINO,ONTARIO,-117.59349,34.06998595
8144496,2016,2016-12-15,3600,2016-11-10,0753,D6899,HE107,4,5,5,3619,0,0,0,NA,0,HE1,11TH AV,MANZANITA ST,0,NA,Y,A,-,N,NA,NA,NA,NA,NA,NA,NA,NA,NA,Y,4,0,2,2,A,-,09,21802,A,N,D,C,A,A,H,-,A,A,0,NA,NA,NA,NA,Y,NA,A,07,0,0,2,0,0,0,0,0,0,-,-,NA,NA,SAN BERNARDINO,HESPERIA,-117.32111002,34.46528002
8145592,2016,2016-10-17,3605,2016-09-25,1810,382,NA,7,5,4,3605,0,0,0,NA,0,NA,MONTE VISTA AV,HOLT BL,153,N,N,A,-,N,NA,NA,NA,NA,NA,NA,NA,NA,NA,N,4,0,1,2,A,-,21,22106,NA,N,C,C,A,A,H,-,A,D,0,NA,NA,NA,NA,Y,NA,A,01,0,0,1,0,0,0,0,0,0,-,-,NA,NA,SAN BERNARDINO,MONTCLAIR,-117.69829,34.06362935
81456746,2021,2021-04-23,3611,2021-02-28,1331,3143,3611,7,5,5,3611,0,0,0,NA,0,003,16TH ST,CAMPUS AVE,0,NA,Y,A,-,N,NA,NA,NA,NA,NA,NA,NA,NA,NA,Y,3,0,2,2,A,-,09,21801,A,N,D,C,A,A,H,-,A,A,0,NA,NA,NA,NA,Y,NA,A,01,0,1,1,0,0,0,0,0,0,-,-,NA,NA,SAN BERNARDINO,UPLAND,-117.6415786743164,34.12155532836914
81637778,2021,2021-11-30,3607,2021-10-15,0727,80410,153,5,5,6,3607,0,0,0,NA,0,051,MAGNOLIA AV,MISSION BL,20,N,N,A,-,N,NA,NA,NA,NA,NA,NA,NA,NA,NA,N,4,0,1,2,A,-,03,22350,NA,F,C,C,A,A,H,-,A,D,0,NA,NA,NA,NA,Y,NA,A,01,0,0,1,0,0,0,0,0,0,-,-,NA,NA,SAN BERNARDINO,ONTARIO,-117.67202758789063,34.05595397949219
81640439,2021,2021-12-02,3607,2021-11-25,1336,80310,670,4,5,6,3607,0,0,0,NA,0,082,SCHAEFER AV,TURNER AV,0,NA,Y,A,-,N,NA,NA,NA,NA,NA,NA,NA,NA,NA,Y,3,0,3,2,A,-,12,21453,A,N,D,C,A,A,H,-,A,A,0,NA,NA,NA,NA,Y,NA,A,01,0,3,0,0,0,0,0,0,0,-,-,NA,NA,SAN BERNARDINO,ONTARIO,-117.58451080322266,34.004302978515625
81645946,2021,2021-12-08,3607,2021-12-02,2123,20393,48,4,5,6,3607,0,0,0,NA,0,021,PRINCETON ST,VIRGINIA AV,1,W,N,A,-,N,NA,NA,NA,NA,NA,NA,NA,NA,NA,N,2,0,1,2,A,-,10,21950,C,F,G,B,D,A,H,-,C,D,0,Y,NA,NA,NA,Y,NA,-,99,1,0,0,0,1,0,0,0,0,-,-,NA,NA,SAN BERNARDINO,ONTARIO,-117.63076019287108,34.07978057861328
8165309,2016,2016-11-10,3610,2016-10-02,0012,50904,NA,7,5,6,3610,0,0,0,NA,0,POLICE,W BASELINE ST,NORTH WATERMAN AV,0,NA,Y,A,-,N,NA,NA,NA,NA,NA,NA,NA,NA,NA,Y,4,0,1,2,A,-,03,22350,NA,N,A,C,A,A,H,-,C,A,0,NA,NA,NA,NA,Y,NA,A,01,0,0,1,0,0,0,0,0,0,-,-,34.12156,-117.29002,SAN BERNARDINO,SAN BERNARDINO,-117.27879006,34.12133011
8146923,2016,2016-10-14,3604,2016-09-26,1622,958,NA,1,5,6,3604,0,0,0,NA,0,NA,PALMETTO AV,BASELINE AV,0,NA,Y,A,-,N,NA,NA,NA,NA,NA,NA,NA,NA,NA,Y,4,0,1,2,A,-,09,21802,A,N,D,C,A,A,H,-,A,D,0,NA,NA,NA,NA,Y,NA,D,22,0,0,1,0,0,0,0,0,0,-,-,NA,NA,SAN BERNARDINO,FONTANA,-117.42728001,34.12134004
81665101,2021,2021-12-29,3607,2021-12-12,0023,19823,NA,7,5,6,3607,0,0,0,NA,0,041,FOURTH ST,TURNER AV,400,W,N,A,-,N,NA,NA,NA,NA,NA,NA,NA,NA,NA,Y,4,0,1,2,A,-,05,21651,A,N,A,C,A,A,H,-,D,D,0,NA,NA,NA,NA,Y,NA,A,07,0,0,1,0,0,0,0,0,0,-,-,NA,NA,SAN BERNARDINO,ONTARIO,-117.58551025390624,34.07746124267578
8146994,2016,2016-10-14,3600,2016-08-31,0740,D5273,LL017,3,5,3,3615,0,0,0,NA,0,LL1,BEAUMONT AV,WELLESLEY AV,0,NA,Y,A,-,N,NA,NA,NA,NA,NA,NA,NA,NA,NA,N,3,0,1,2,A,-,10,21950,A,N,G,B,B,A,H,-,A,D,0,Y,NA,NA,NA,Y,NA,A,07,0,1,0,0,1,0,0,0,0,-,-,NA,NA,SAN BERNARDINO,LOMA LINDA,-117.22342011,34.03745006
8166913,2016,2017-04-19,3607,2016-02-23,1247,15060,331,2,5,6,3607,0,0,0,NA,0,041,MERCEDES LN,CONCOURS ST,358,S,N,A,-,N,NA,NA,NA,NA,NA,NA,NA,NA,NA,Y,1,1,1,1,A,-,00,23153,E,N,E,I,A,A,H,-,A,A,0,NA,NA,NA,NA,Y,NA,-,NA,0,0,1,0,0,0,0,0,0,-,-,NA,NA,SAN BERNARDINO,ONTARIO,-117.57007098,34.07099935
8167111,2017,2018-03-22,3600,2017-12-24,2203,E2055,HE118,7,5,5,3619,0,0,0,NA,0,HE1,MARIPOSA RD,MUSCATEL ST,4622,N,N,A,-,N,NA,NA,NA,NA,NA,NA,NA,NA,NA,Y,1,1,2,1,A,-,01,23152,A,N,E,I,A,A,H,-,D,A,0,NA,NA,NA,NA,Y,Y,D,22,0,2,0,0,0,0,0,0,0,-,-,NA,NA,SAN BERNARDINO,HESPERIA,-117.38290146,34.42277472
8147864,2016,2016-10-20,3609,2016-09-29,1603,8510,136,4,5,5,3609,0,0,0,NA,0,003,RIALTO AV,CACTUS ST,482,E,N,A,-,N,NA,NA,NA,NA,NA,NA,NA,NA,NA,N,4,0,1,2,A,-,06,21750,A,N,B,C,A,A,H,-,A,D,0,NA,NA,NA,Y,Y,NA,A,01,0,0,1,0,0,0,0,0,0,-,-,NA,NA,SAN BERNARDINO,RIALTO,-117.38187253,34.09953
8150386,2016,2016-10-24,3610,2016-09-05,2028,51003,NA,1,5,6,3610,0,0,0,NA,0,POLICE,EAST HIGHLAND AV,WALL AV,45,E,N,A,-,N,NA,NA,NA,NA,NA,NA,NA,NA,NA,Y,4,0,1,2,A,-,08,22107,NA,N,C,E,A,A,H,-,C,D,0,NA,NA,NA,NA,Y,NA,A,07,0,0,1,0,0,0,0,0,0,-,-,34.13517,-117.28102,SAN BERNARDINO,SAN BERNARDINO,-117.28118175,34.13594
81673967,2021,2022-01-10,3607,2021-12-16,1600,80197,171,4,5,6,3607,0,0,0,NA,0,041,MILLIKEN AV,AIRPORT DR,100,N,N,A,-,N,NA,NA,NA,NA,NA,NA,NA,NA,NA,N,4,0,1,2,A,-,08,22107,NA,N,B,C,A,A,H,-,A,A,0,NA,NA,NA,Y,Y,NA,A,01,0,0,1,0,0,0,0,0,0,-,-,NA,NA,SAN BERNARDINO,ONTARIO,-117.55825042724608,34.06293487548828
81613020,2021,2021-11-02,3607,2021-10-31,2210,20393,123,7,5,6,3607,0,0,0,NA,0,012,HOLT BL,SAN ANTONIO AV,260,E,N,A,-,N,NA,NA,NA,NA,NA,NA,NA,NA,NA,N,2,0,1,2,A,-,11,21954,A,F,G,B,E,A,H,-,C,D,0,Y,NA,NA,NA,Y,NA,N,60,1,0,0,0,1,0,0,0,0,-,-,NA,NA,SAN BERNARDINO,ONTARIO,-117.65974426269533,34.06333923339844
81682253,2022,2022-01-21,3609,2022-01-01,0427,01323,133,6,5,5,3609,0,0,0,NA,0,003,2ND ST,GLENWOOD AVE,18,E,N,A,-,N,NA,NA,NA,NA,NA,NA,NA,NA,NA,Y,3,0,1,4,A,-,01,23152,A,N,F,E,A,A,H,-,C,D,0,NA,NA,NA,NA,Y,Y,A,01,0,1,0,0,0,0,0,0,0,-,-,34.10200881958008,-117.39103698730467,SAN BERNARDINO,RIALTO,-117.39115142822266,34.10192108154297
81526100,2021,2021-07-22,3607,2021-07-16,2021,80521,30,5,5,6,3607,0,0,0,NA,0,031,GROVE AV,FIFTH ST (S),0,NA,Y,A,-,N,NA,NA,NA,NA,NA,NA,NA,NA,NA,Y,4,0,3,2,A,-,08,22107,NA,N,A,C,A,A,D,-,C,A,0,NA,NA,NA,NA,Y,NA,A,01,0,0,3,0,0,0,0,0,0,-,-,NA,NA,SAN BERNARDINO,ONTARIO,-117.62856292724608,34.08126449584961
8154957,2016,2017-02-22,3600,2016-09-29,0734,G3225,AP006,4,5,5,3621,0,0,0,NA,0,AP1,KIOWA RD,RT 18,0,NA,Y,A,-,Y,SBD,8,18,-,-,89.567,I,5,N,Y,3,0,1,2,A,-,09,21801,A,N,D,C,A,A,H,-,A,A,0,NA,NA,NA,NA,Y,NA,A,01,0,1,0,0,0,0,0,0,0,-,-,NA,NA,SAN BERNARDINO,APPLE VALLEY,-117.19907605,34.50724897
8155624,2016,2016-11-02,3607,2016-10-14,1521,80554,62,5,5,6,3607,0,0,0,NA,0,021,4TH ST,BERLYN AV,0,NA,Y,A,-,N,NA,NA,NA,NA,NA,NA,NA,NA,NA,N,4,0,1,2,A,-,09,21802,A,N,D,C,A,A,H,-,A,A,0,NA,NA,NA,NA,Y,NA,-,NA,0,0,1,0,0,0,0,0,0,-,-,NA,NA,SAN BERNARDINO,ONTARIO,-117.63897013,34.07794007
8169897,2016,2017-01-23,3600,2016-10-23,1523,H3174,VC021,7,5,5,3612,0,0,0,NA,0,003,RIDGECREST RD,LINDERO RD,0,NA,Y,B,-,N,NA,NA,NA,NA,NA,NA,NA,NA,NA,Y,3,0,1,1,A,-,03,22350,NA,N,H,J,A,A,-,-,A,D,0,NA,NA,Y,NA,Y,NA,C,02,0,1,0,0,0,0,0,0,1,-,-,NA,NA,SAN BERNARDINO,VICTORVILLE,-117.27729014,34.47424006
8169942,2016,2016-11-17,3600,2016-10-25,1337,ALBAN,HE404,2,5,5,3619,0,0,0,NA,0,HE4,SANTA FE AV E,SULTANA AV,556,N,N,A,-,N,NA,NA,NA,NA,NA,NA,NA,NA,NA,Y,3,0,2,2,A,-,06,21750,NA,N,B,C,A,A,H,-,A,A,0,NA,NA,NA,NA,Y,NA,A,01,0,2,0,0,0,0,0,0,0,-,-,NA,NA,SAN BERNARDINO,HESPERIA,-117.30261572,34.41562926
8170580,2017,2018-06-26,3600,2017-12-15,1702,D2561,VC043,5,5,5,3612,0,0,0,NA,0,VC1,RT 18,STODDARD WELLS RD,0,NA,Y,A,-,Y,SBD,8,18,-,-,95.19,H,-,N,N,4,0,1,3,A,-,03,22350,NA,N,C,C,A,A,H,-,C,A,0,NA,NA,NA,NA,Y,NA,A,01,0,0,1,0,0,0,0,0,0,-,-,NA,NA,SAN BERNARDINO,VICTORVILLE,-117.28469019,34.53537051
8155668,2016,2016-11-02,3600,2016-10-22,1549,F5137,VC022,6,5,5,3612,0,0,0,NA,0,VC3,HESPERIA RD,NISQUALLI RD,222,N,N,A,-,N,NA,NA,NA,NA,NA,NA,NA,NA,NA,Y,4,0,3,2,A,-,09,21804,A,N,D,C,A,A,H,-,A,A,0,NA,NA,NA,NA,Y,NA,A,01,0,0,3,0,0,0,0,0,0,-,-,NA,NA,SAN BERNARDINO,VICTORVILLE,-117.29011547,34.48610675
8156571,2016,2016-10-31,3600,2016-09-28,1516,L1873,YC103,3,5,4,3640,0,0,0,NA,0,YC01,YUCAIPA BL,12TH ST,1056,E,N,A,-,N,NA,NA,NA,NA,NA,NA,NA,NA,NA,Y,4,0,2,3,A,-,03,22350,NA,N,C,C,A,A,H,-,A,D,0,NA,NA,NA,NA,Y,NA,A,01,0,0,2,0,0,0,0,0,0,-,-,NA,NA,SAN BERNARDINO,YUCAIPA,-117.08324638,34.03394
81716192,2022,2022-03-07,3607,2022-02-22,0609,19810,210,2,5,6,3607,0,0,0,NA,0,071,ACACIA ST,BAKER AV,500,W,N,A,-,N,NA,NA,NA,NA,NA,NA,NA,NA,NA,Y,3,0,2,2,A,-,09,21801,A,N,D,C,A,A,H,-,B,D,0,NA,NA,NA,NA,Y,NA,A,01,0,1,1,0,0,0,0,0,0,-,-,NA,NA,SAN BERNARDINO,ONTARIO,-117.6169662475586,34.048500061035156
81722635,2022,2022-03-15,3609,2022-02-14,1804,02306,56,1,5,5,3609,0,0,0,NA,0,001,CACTUS AVE,CASMALIA ST,10,N,N,A,-,N,NA,NA,NA,NA,NA,NA,NA,NA,NA,N,3,0,1,2,A,-,03,22350,NA,N,D,C,A,A,H,-,D,A,0,NA,NA,Y,NA,Y,NA,A,01,0,1,0,0,0,0,0,0,1,-,-,34.137569427490234,-117.38362884521484,SAN BERNARDINO,RIALTO,-117.38359832763672,34.137516021728516
81724566,2021,2022-03-17,3611,2021-04-10,1234,3356,3611,6,5,5,3611,0,0,0,NA,0,004,ARROW HWY,2ND AVE,0,NA,Y,A,-,N,NA,NA,NA,NA,NA,NA,NA,NA,NA,Y,4,0,1,2,A,-,09,21801,A,N,D,C,A,A,H,-,A,A,0,NA,NA,NA,NA,Y,NA,A,01,0,0,1,0,0,0,0,0,0,-,-,NA,NA,SAN BERNARDINO,UPLAND,-117.64840698242188,34.0997314453125
81724572,2021,2022-03-17,3611,2021-04-13,2029,3194,3611,2,5,5,3611,0,0,0,NA,0,003,EUCLID AVE,13TH ST,0,NA,Y,A,-,N,NA,NA,NA,NA,NA,NA,NA,NA,NA,Y,4,0,1,2,A,-,08,22100,A,N,B,C,A,A,H,-,C,D,0,NA,NA,NA,NA,Y,NA,A,01,0,0,1,0,0,0,0,0,0,-,-,NA,NA,SAN BERNARDINO,UPLAND,-117.6513442993164,34.11064910888672
81724629,2021,2022-03-17,3611,2021-05-05,1619,3258,3611,3,5,5,3611,0,0,0,NA,0,002,MOUNTAIN AVE,10 FW WB OFF RAMP,0,NA,Y,A,-,Y,NA,NA,NA,NA,NA,NA,NA,NA,NA,Y,4,0,1,2,A,-,12,21453,A,N,D,C,A,A,H,-,A,A,0,NA,NA,NA,NA,Y,NA,A,01,0,0,1,0,0,0,0,0,0,-,-,NA,NA,SAN BERNARDINO,UPLAND,NA,NA
81724661,2021,2022-03-17,3611,2021-05-22,0851,3356,3611,6,5,5,3611,0,0,0,NA,0,003,FOOTHILL BLVD,CAMPUS AVE,0,NA,Y,B,-,Y,NA,NA,NA,NA,NA,NA,NA,NA,NA,Y,4,0,2,2,A,-,12,21453,A,N,D,C,A,A,H,-,A,A,0,NA,NA,NA,NA,Y,NA,A,01,0,0,2,0,0,0,0,0,0,-,-,NA,NA,SAN BERNARDINO,UPLAND,-117.64151763916016,34.10704040527344
81724665,2021,2022-03-17,3611,2021-05-23,1344,3356,3611,7,5,5,3611,0,0,0,NA,0,001,BENSON AVE,BROOKDALE DR,250,S,N,A,-,N,NA,NA,NA,NA,NA,NA,NA,NA,NA,Y,3,0,1,1,A,-,03,22350,NA,N,H,I,A,A,H,-,A,D,0,NA,NA,Y,NA,Y,NA,C,02,0,1,0,0,0,0,0,0,1,-,-,NA,NA,SAN BERNARDINO,UPLAND,-117.67596435546876,34.13676071166992
81724715,2021,2022-03-17,3611,2021-07-02,1653,3296,3611,5,5,5,3611,0,0,0,NA,0,002,SAN ANTONIO AVE,7TH ST,50,N,N,A,-,N,NA,NA,NA,NA,NA,NA,NA,NA,NA,N,4,0,4,2,A,-,03,22350,NA,N,C,C,A,A,H,-,A,A,0,NA,NA,NA,NA,Y,NA,A,07,0,0,4,0,0,0,0,0,0,-,-,NA,NA,SAN BERNARDINO,UPLAND,-117.66072082519533,34.08892822265625
81724724,2021,2022-03-17,3611,2021-07-11,1658,3357,3611,7,5,5,3611,0,0,0,NA,0,003,CAMPUS AVE,WEST ST,0,NA,Y,A,-,N,NA,NA,NA,NA,NA,NA,NA,NA,NA,N,4,0,1,2,A,-,03,22350,NA,N,C,C,A,A,H,-,A,D,0,NA,NA,NA,NA,Y,NA,A,01,0,0,1,0,0,0,0,0,0,-,-,NA,NA,SAN BERNARDINO,UPLAND,-117.64154815673828,34.108253479003906
81724730,2021,2022-03-17,3611,2021-07-15,1238,2297,3611,4,5,5,3611,0,0,0,NA,0,002,FOOTHILL BLVD,CENTRAL AVE,570,W,N,A,-,N,NA,NA,NA,NA,NA,NA,NA,NA,NA,N,4,0,1,3,A,-,03,22350,NA,N,C,C,A,A,H,-,A,D,0,NA,NA,NA,NA,Y,NA,D,22,0,0,1,0,0,0,0,0,0,-,-,NA,NA,SAN BERNARDINO,UPLAND,-117.69155120849608,34.106842041015625
81724756,2021,2022-03-17,3611,2021-07-26,2052,3191,3611,1,5,5,3611,0,0,0,NA,0,002,FOOTHILL BLVD,MOUNTAIN AVE,10,W,N,A,-,N,NA,NA,NA,NA,NA,NA,NA,NA,NA,N,3,0,2,3,A,-,01,23152,A,N,C,C,A,A,H,-,B,A,0,NA,NA,NA,NA,Y,Y,D,22,0,1,1,0,0,0,0,0,0,-,-,NA,NA,SAN BERNARDINO,UPLAND,-117.67023468017578,34.10696029663086
81724770,2021,2022-03-17,3611,2021-08-07,1330,3296,3611,6,5,5,3611,0,0,0,NA,0,002,MOUNTAIN AVE,MOUNTAIN GREEN CENTER DRIVE,15,S,N,A,-,N,NA,NA,NA,NA,NA,NA,NA,NA,NA,N,4,0,2,2,A,-,03,22350,NA,N,C,C,A,A,H,-,A,A,0,NA,NA,NA,NA,Y,NA,A,07,0,0,2,0,0,0,0,0,0,-,-,NA,NA,SAN BERNARDINO,UPLAND,-117.67041015625,34.15156173706055
81724772,2022,2022-03-17,3607,2022-02-02,1928,20744,25,3,5,6,3607,0,0,0,NA,0,021,SIXTH ST,EUCLID AV,410,E,N,A,-,N,NA,NA,NA,NA,NA,NA,NA,NA,NA,Y,3,0,1,3,A,-,01,23152,A,N,A,E,A,A,H,-,C,D,0,NA,NA,NA,NA,Y,Y,A,01,0,1,0,0,0,0,0,0,0,-,-,NA,NA,SAN BERNARDINO,ONTARIO,-117.65126800537108,34.08518981933594
81724793,2021,2022-03-17,3611,2021-08-22,2037,3089,NA,7,5,5,3611,0,0,0,NA,0,NA,7TH ST,SINCLAIR AVE,100,W,N,A,-,N,NA,NA,NA,NA,NA,NA,NA,NA,NA,Y,3,0,2,2,A,-,08,22100,B,N,D,C,A,A,H,-,C,D,0,NA,NA,NA,NA,Y,NA,A,07,0,1,1,0,0,0,0,0,0,-,-,NA,NA,SAN BERNARDINO,UPLAND,-117.67295837402344,34.08876037597656
81724839,2021,2022-03-17,3611,2021-09-09,1235,3390,3611,4,5,5,3611,0,0,0,NA,0,003,FOOTHILL BLVD,EUCLID AVE,47,W,N,A,-,N,NA,NA,NA,NA,NA,NA,NA,NA,NA,N,4,0,1,2,A,-,12,21453,A,N,D,C,A,A,H,-,A,A,0,NA,NA,NA,NA,Y,NA,A,07,0,0,1,0,0,0,0,0,0,-,-,NA,NA,SAN BERNARDINO,UPLAND,-117.65152740478516,34.10693359375
81724892,2021,2022-03-17,3611,2021-10-11,1944,3381,3611,1,5,5,3611,0,0,0,NA,0,002,FOOTHILL BLVD,MOUNTAIN AVE,70,W,N,A,-,Y,NA,NA,NA,NA,NA,NA,NA,NA,NA,N,4,0,1,2,A,-,03,22350,NA,N,C,C,A,A,H,-,C,A,0,NA,NA,NA,NA,Y,NA,A,01,0,0,1,0,0,0,0,0,0,-,-,NA,NA,SAN BERNARDINO,UPLAND,-117.6704330444336,34.10696029663086
81724904,2021,2022-03-17,3611,2021-10-20,1753,3143,3611,3,5,5,3611,0,0,0,NA,0,004,ARROW HWY,11TH AVE,0,NA,Y,A,-,N,NA,NA,NA,NA,NA,NA,NA,NA,NA,Y,4,0,2,2,A,-,09,21801,A,N,D,C,A,A,H,-,B,D,0,NA,NA,NA,NA,Y,NA,A,01,0,0,2,0,0,0,0,0,0,-,-,NA,NA,SAN BERNARDINO,UPLAND,-117.63675689697266,34.09979248046875
81724916,2021,2022-03-17,3611,2021-10-31,1805,3295,3611,7,5,5,3611,0,0,0,NA,0,003,16TH ST,CAMPUS AVE,0,NA,Y,A,-,N,NA,NA,NA,NA,NA,NA,NA,NA,NA,Y,4,0,1,2,D,-,00,NA,NA,N,D,C,A,A,H,-,B,A,0,NA,NA,NA,NA,Y,NA,-,-,0,0,1,0,0,0,0,0,0,-,-,NA,NA,SAN BERNARDINO,UPLAND,-117.6415786743164,34.12155532836914
81724939,2021,2022-03-17,3611,2021-11-21,2050,3353,3611,7,5,5,3611,0,0,0,NA,0,002,9TH ST,PALM AVE,0,NA,Y,A,-,N,NA,NA,NA,NA,NA,NA,NA,NA,NA,Y,2,0,1,2,A,-,09,21801,A,N,D,C,A,A,H,-,C,A,0,NA,NA,Y,NA,Y,NA,A,01,1,0,0,0,0,0,0,0,1,-,-,NA,NA,SAN BERNARDINO,UPLAND,-117.65370178222656,34.0960693359375
81724948,2021,2022-03-17,3611,2021-11-26,1302,3025,3611,5,5,5,3611,0,0,0,NA,0,002,FOOTHILL BLVD,MOUNTAIN AVE,0,NA,Y,A,-,N,NA,NA,NA,NA,NA,NA,NA,NA,NA,Y,4,0,1,2,A,-,03,22350,NA,F,C,D,A,A,H,-,A,A,0,NA,NA,NA,NA,Y,Y,A,01,0,0,1,0,0,0,0,0,0,-,-,NA,NA,SAN BERNARDINO,UPLAND,-117.67019653320313,34.106956481933594
81724979,2021,2022-03-17,3611,2021-12-31,2006,3418,3611,5,5,5,3611,0,0,0,NA,0,002,FOOTHILL BLVD,CAMPUS AVE,0,NA,Y,A,-,N,NA,NA,NA,NA,NA,NA,NA,NA,NA,Y,4,0,1,2,A,-,12,21453,A,N,D,C,A,A,H,-,C,A,0,NA,NA,NA,NA,Y,NA,A,01,0,0,1,0,0,0,0,0,0,-,-,NA,NA,SAN BERNARDINO,UPLAND,-117.64151763916016,34.10704040527344
81727481,2022,2022-03-21,3602,2022-03-03,0801,3906,NA,4,5,5,3602,0,0,0,NA,0,001,CHINO AVE,YORBA AVE,0,NA,Y,A,-,N,NA,NA,NA,NA,NA,NA,NA,NA,NA,Y,4,0,2,2,A,-,12,21453,A,N,D,C,A,A,H,-,A,A,0,NA,NA,NA,NA,Y,NA,-,-,0,0,2,0,0,0,0,0,0,-,-,34.01171112060547,-117.70242309570313,SAN BERNARDINO,CHINO,-117.70230865478516,34.01173782348633
8156575,2016,2016-12-22,3600,2016-09-23,1854,E7438,YC407,5,5,4,3640,0,0,0,NA,0,YC3,RT 10,16TH ST,0,NA,Y,A,-,N,NA,NA,NA,NA,NA,NA,NA,NA,NA,Y,3,0,1,2,A,-,08,22107,NA,N,D,C,A,A,H,-,B,A,0,NA,NA,NA,NA,Y,NA,A,01,0,1,0,0,0,0,0,0,0,-,-,NA,NA,SAN BERNARDINO,YUCAIPA,-117.10425005,34.02173011
81729533,2022,2022-03-23,3607,2022-02-04,0944,20633,760,5,5,6,3607,0,0,0,NA,0,NA,ARCHIBALD AV,ONTARIO RANCH RD,20,S,N,A,-,N,NA,NA,NA,NA,NA,NA,NA,NA,NA,Y,4,0,2,2,A,-,03,22350,NA,N,C,C,A,A,H,-,A,A,0,NA,NA,NA,NA,Y,NA,A,07,0,0,2,0,0,0,0,0,0,-,-,NA,NA,SAN BERNARDINO,ONTARIO,-117.59329223632813,33.99718475341797
81740778,2021,2022-04-05,3611,2021-11-17,1009,3352,3611,3,5,5,3611,0,0,0,NA,0,001,15TH ST,MOUNTAIN AVE,0,NA,Y,A,-,N,NA,NA,NA,NA,NA,NA,NA,NA,NA,N,4,0,2,2,A,-,03,22350,NA,N,C,C,A,A,H,-,A,A,0,NA,NA,NA,NA,Y,NA,A,08,0,0,2,0,0,0,0,0,0,-,-,NA,NA,SAN BERNARDINO,UPLAND,-117.67034149169922,34.11784744262695