CASE_ID,ACCIDENT_YEAR,PROC_DATE,JURIS,COLLISION_DATE,COLLISION_TIME,OFFICER_ID,REPORTING_DISTRICT,DAY_OF_WEEK,CHP_SHIFT,POPULATION,CNTY_CITY_LOC,SPECIAL_COND,BEAT_TYPE,CHP_BEAT_TYPE,CITY_DIVISION_LAPD,CHP_BEAT_CLASS,BEAT_NUMBER,PRIMARY_RD,SECONDARY_RD,DISTANCE,DIRECTION,INTERSECTION,WEATHER_1,WEATHER_2,STATE_HWY_IND,CALTRANS_COUNTY,CALTRANS_DISTRICT,STATE_ROUTE,ROUTE_SUFFIX,POSTMILE_PREFIX,POSTMILE,LOCATION_TYPE,RAMP_INTERSECTION,SIDE_OF_HWY,TOW_AWAY,COLLISION_SEVERITY,NUMBER_KILLED,NUMBER_INJURED,PARTY_COUNT,PRIMARY_COLL_FACTOR,PCF_CODE_OF_VIOL,PCF_VIOL_CATEGORY,PCF_VIOLATION,PCF_VIOL_SUBSECTION,HIT_AND_RUN,TYPE_OF_COLLISION,MVIW,PED_ACTION,ROAD_SURFACE,ROAD_COND_1,ROAD_COND_2,LIGHTING,CONTROL_DEVICE,CHP_ROAD_TYPE,PEDESTRIAN_ACCIDENT,BICYCLE_ACCIDENT,MOTORCYCLE_ACCIDENT,TRUCK_ACCIDENT,NOT_PRIVATE_PROPERTY,ALCOHOL_INVOLVED,STWD_VEHTYPE_AT_FAULT,CHP_VEHTYPE_AT_FAULT,COUNT_SEVERE_INJ,COUNT_VISIBLE_INJ,COUNT_COMPLAINT_PAIN,COUNT_PED_KILLED,COUNT_PED_INJURED,COUNT_BICYCLIST_KILLED,COUNT_BICYCLIST_INJURED,COUNT_MC_KILLED,COUNT_MC_INJURED,PRIMARY_RAMP,SECONDARY_RAMP,LATITUDE,LONGITUDE,COUNTY,CITY,POINT_X,POINT_Y
8166641,2016,2017-01-31,3600,2016-04-22,0219,B6727,HE105,5,5,5,3619,0,0,0,NA,0,HE1,BEAR VALLEY RD,BORNITE AV,150,W,N,A,-,N,NA,NA,NA,NA,NA,NA,NA,NA,NA,Y,1,1,0,2,A,-,01,23152,A,N,C,C,A,A,H,-,C,A,0,NA,NA,Y,NA,Y,Y,C,02,0,0,0,0,0,0,0,1,0,-,-,NA,NA,SAN BERNARDINO,HESPERIA,-117.29754601,34.47089971
8167153,2018,2018-06-05,3611,2018-01-24,1653,2488,3611,3,5,5,3611,0,0,0,NA,0,001,19TH ST,LAUREL AV,89,E,N,A,-,N,NA,NA,NA,NA,NA,NA,NA,NA,NA,Y,1,1,1,2,A,-,03,22350,NA,N,C,C,A,A,H,-,A,A,0,NA,NA,NA,NA,Y,NA,A,07,0,1,0,0,0,0,0,0,0,-,-,NA,NA,SAN BERNARDINO,UPLAND,-117.65283966064452,34.13242721557617
8167228,2017,2018-08-02,3609,2017-01-13,0025,0456,230,5,5,5,3609,0,0,0,NA,0,004,RIVERSIDE AV,MIGUEL BUSTAMANTE PKWY,610,S,N,B,-,N,NA,NA,NA,NA,NA,NA,NA,NA,NA,Y,1,1,2,2,A,-,01,23152,NA,N,A,C,A,A,H,-,C,A,0,NA,NA,NA,NA,Y,Y,A,01,2,0,0,0,0,0,0,0,0,-,-,34.02918,-117.3645,SAN BERNARDINO,RIALTO,-117.36449663,34.0291939
8187262,2016,2016-12-22,3600,2016-11-14,2211,D3381,VC023,1,5,5,3612,0,0,0,NA,0,VC3,3RD AV,SILICA DR,0,NA,Y,A,-,N,NA,NA,NA,NA,NA,NA,NA,NA,NA,Y,4,0,1,2,A,-,12,22450,NA,F,D,C,A,A,H,-,C,A,0,NA,NA,NA,NA,Y,NA,A,01,0,0,1,0,0,0,0,0,0,-,-,NA,NA,SAN BERNARDINO,VICTORVILLE,-117.30363008,34.47806009
8187888,2016,2016-12-29,3600,2016-12-03,1317,F3069,VC074,6,5,5,3612,0,0,0,NA,0,VC6,AMARGOSA RD,MIDTOWN DR,475,S,N,A,-,N,NA,NA,NA,NA,NA,NA,NA,NA,NA,Y,4,0,1,2,A,-,09,21804,A,N,D,C,A,A,H,-,A,D,0,NA,NA,NA,NA,Y,NA,A,01,0,0,1,0,0,0,0,0,0,-,-,NA,NA,SAN BERNARDINO,VICTORVILLE,-117.3303,34.52275896
81879795,2022,2022-10-03,3611,2022-07-13,0715,3024,3611,3,5,5,3611,0,0,0,NA,0,002,8TH ST,LINDA WAY,167,W,N,A,-,N,NA,NA,NA,NA,NA,NA,NA,NA,NA,N,3,0,1,2,A,-,00,21206,NA,N,D,G,A,A,H,-,A,D,0,NA,Y,NA,NA,Y,NA,L,04,0,1,0,0,0,0,1,0,0,-,-,NA,NA,SAN BERNARDINO,UPLAND,-117.67201995849608,34.09239959716797
81880058,2022,2022-10-03,3602,2022-09-17,1309,4170,100,6,5,5,3602,0,0,0,NA,0,001,EDISON AVE,PIPELINE AVE,70,W,N,A,-,N,NA,NA,NA,NA,NA,NA,NA,NA,NA,N,4,0,2,2,A,-,03,22350,NA,N,C,C,A,A,H,-,A,A,0,NA,NA,NA,NA,Y,NA,A,01,0,0,2,0,0,0,0,0,0,-,-,33.99708938598633,-117.71530151367188,SAN BERNARDINO,CHINO,-117.71524810791016,33.99705123901367
81674242,2021,2022-01-10,3609,2021-11-25,1053,01813,7,4,5,5,3609,0,0,0,NA,0,001,TERRA VISTA DR,PALMETTO AVE,0,NA,Y,A,G,N,NA,NA,NA,NA,NA,NA,NA,NA,NA,N,4,0,1,2,A,-,03,22350,NA,N,C,C,A,A,H,-,A,A,0,NA,NA,NA,NA,Y,NA,A,01,0,0,1,0,0,0,0,0,0,-,-,34.1656608581543,-117.42485809326172,SAN BERNARDINO,RIALTO,-117.42478942871094,34.16574478149414
8176415,2016,2017-01-05,3610,2016-11-12,1115,51078,NA,6,5,6,3610,0,0,0,NA,0,ADAM,W FOOTHILL BL,N RANCHO AV,0,NA,Y,A,-,N,NA,NA,NA,NA,NA,NA,NA,NA,NA,Y,3,0,1,3,A,-,09,21801,A,N,D,C,A,A,H,-,A,A,0,NA,NA,NA,NA,Y,NA,A,01,0,1,0,0,0,0,0,0,0,-,-,34.1067,-117.334,SAN BERNARDINO,SAN BERNARDINO,-117.33400003,34.10673003
8177814,2016,2016-12-09,3607,2016-10-22,0203,80377,244,6,5,6,3607,0,0,0,NA,0,072,EXCISE AV,CEDAR ST,0,NA,Y,A,-,N,NA,NA,NA,NA,NA,NA,NA,NA,NA,Y,3,0,1,1,A,-,08,22107,NA,N,A,I,A,A,H,-,C,D,0,NA,NA,NA,NA,Y,NA,-,NA,0,1,0,0,0,0,0,0,0,-,-,NA,NA,SAN BERNARDINO,ONTARIO,-117.5792701,34.03685006
81885528,2022,2022-10-10,3609,2022-08-08,2009,02388,214,1,5,5,3609,0,0,0,NA,0,004,SANTA ANA AVE,LILAC AVE,0,NA,Y,A,-,N,NA,NA,NA,NA,NA,NA,NA,NA,NA,Y,4,0,1,2,A,-,09,21802,A,N,D,C,A,A,H,-,D,A,0,NA,NA,NA,NA,Y,Y,A,01,0,0,1,0,0,0,0,0,0,-,-,34.05607986450195,-117.37875366210938,SAN BERNARDINO,RIALTO,-117.3789291381836,34.05590057373047
81885747,2022,2022-10-10,3609,2022-08-11,1640,01813,110,4,5,5,3609,0,0,0,NA,0,002,LILAC AVE,JACKSON ST,50,N,N,A,-,N,NA,NA,NA,NA,NA,NA,NA,NA,NA,N,3,0,1,2,A,-,03,22350,NA,N,G,B,E,A,H,-,A,D,0,Y,NA,NA,NA,Y,NA,A,01,0,1,0,0,1,0,0,0,0,-,-,34.11996841430664,-117.379150390625,SAN BERNARDINO,RIALTO,-117.379150390625,34.12006759643555
81885770,2022,2022-10-10,3609,2022-09-20,1445,01720,78,2,5,5,3609,0,0,0,NA,0,002,RIVERSIDE AVE,EASTON ST,700,S,N,A,-,N,NA,NA,NA,NA,NA,NA,NA,NA,NA,Y,4,0,1,3,A,-,03,22350,NA,N,C,C,A,A,D,-,A,D,0,NA,NA,NA,NA,Y,NA,A,07,0,0,1,0,0,0,0,0,0,-,-,34.13420104980469,-117.37045288085938,SAN BERNARDINO,RIALTO,-117.37043762207033,34.132110595703125
81885963,2022,2022-10-10,3607,2022-10-05,2151,20998,338,3,5,6,3607,0,0,0,NA,0,041,ONTARIO MILLS PW,VINTAGE AV,1000,W,N,A,-,N,NA,NA,NA,NA,NA,NA,NA,NA,NA,Y,4,0,1,2,A,-,03,22350,NA,N,D,C,A,A,H,-,C,D,0,NA,NA,NA,NA,Y,NA,A,01,0,0,1,0,0,0,0,0,0,-,-,NA,NA,SAN BERNARDINO,ONTARIO,-117.53761291503906,34.069950103759766
81891276,2022,2022-10-17,3607,2022-09-27,1220,80442,108,2,5,6,3607,0,0,0,NA,0,022,CAMPUS AV,D ST,0,NA,Y,A,-,N,NA,NA,NA,NA,NA,NA,NA,NA,NA,Y,4,0,1,2,D,-,00,NA,NA,N,D,C,A,A,H,-,A,A,0,NA,NA,NA,NA,Y,NA,-,-,0,0,1,0,0,0,0,0,0,-,-,NA,NA,SAN BERNARDINO,ONTARIO,-117.6413803100586,34.0670051574707
81891289,2022,2022-10-17,3607,2022-10-04,1332,80457,146,2,5,6,3607,0,0,0,NA,0,042,AIRPORT DR,5160 E AIRPORT DR,0,NA,Y,A,-,N,NA,NA,NA,NA,NA,NA,NA,NA,NA,Y,4,0,1,2,A,-,09,21804,A,N,D,C,A,A,H,-,A,A,0,NA,NA,Y,Y,Y,NA,G,25,0,0,1,0,0,0,0,0,1,-,-,NA,NA,SAN BERNARDINO,ONTARIO,-122.27265167236328,38.219749450683594
81893544,2022,2022-10-19,3607,2022-10-06,1752,80549,141,4,5,6,3607,0,0,0,NA,0,041,AIRPORT DR,RENTAL CAR RD,0,NA,Y,A,-,N,NA,NA,NA,NA,NA,NA,NA,NA,NA,N,4,0,1,2,A,-,08,22107,NA,N,B,C,A,A,H,-,A,D,0,NA,NA,NA,NA,Y,NA,A,01,0,0,1,0,0,0,0,0,0,-,-,NA,NA,SAN BERNARDINO,ONTARIO,NA,NA
81894770,2022,2022-10-20,3609,2022-10-03,1748,02094,105,1,5,5,3609,0,0,0,NA,0,001,BASELINE RD,AYALA DR,489,E,N,A,-,N,NA,NA,NA,NA,NA,NA,NA,NA,NA,Y,4,0,2,2,A,-,08,22107,NA,N,B,C,A,A,H,-,A,D,0,NA,NA,NA,NA,Y,NA,A,07,0,0,2,0,0,0,0,0,0,-,-,34.121360778808594,-117.39659118652344,SAN BERNARDINO,RIALTO,-117.39501190185548,34.12131881713867
81896693,2022,2022-10-24,3611,2022-08-20,0458,3354,3611,6,5,5,3611,0,0,0,NA,0,002,ARROW HWY,EUCLID AVE,0,NA,Y,A,-,N,NA,NA,NA,NA,NA,NA,NA,NA,NA,Y,3,0,2,2,A,-,12,21453,A,N,D,C,A,A,H,-,C,A,0,NA,NA,NA,NA,Y,NA,A,01,0,1,1,0,0,0,0,0,0,-,-,NA,NA,SAN BERNARDINO,UPLAND,-117.6513214111328,34.09973907470703
8189721,2016,2017-01-20,3605,2016-11-20,1431,389,NA,7,5,4,3605,0,0,0,NA,0,NA,HOLT BL,CENTRAL AV,0,NA,Y,C,-,N,NA,NA,NA,NA,NA,NA,NA,NA,NA,Y,3,0,1,2,A,-,09,21453,C,N,D,C,A,B,H,-,-,A,0,NA,NA,NA,NA,Y,NA,A,01,0,1,0,0,0,0,0,0,0,-,-,NA,NA,SAN BERNARDINO,MONTCLAIR,-117.68974005,34.06329009
81899410,2022,2022-10-26,3607,2022-09-27,1029,80457,NA,2,5,6,3607,0,0,0,NA,0,042,AIRPORT DR,MILLIKEN AV,100,E,N,A,-,N,NA,NA,NA,NA,NA,NA,NA,NA,NA,N,4,0,1,2,A,-,11,21955,NA,N,G,B,D,A,H,-,A,A,0,Y,NA,NA,NA,Y,NA,N,60,0,0,1,0,1,0,0,0,0,-,-,NA,NA,SAN BERNARDINO,ONTARIO,-117.55819702148438,34.06279373168945
81904736,2022,2022-10-31,3607,2022-08-23,1514,80310,324,2,5,6,3607,0,0,0,NA,0,041,FOURTH ST,TURNER AV,10,W,N,A,-,N,NA,NA,NA,NA,NA,NA,NA,NA,NA,N,4,0,1,2,A,-,08,22107,NA,M,B,C,A,A,H,-,A,D,0,NA,NA,NA,NA,Y,NA,A,01,0,0,1,0,0,0,0,0,0,-,-,NA,NA,SAN BERNARDINO,ONTARIO,-117.58463287353516,34.077449798583984
8179842,2016,2017-01-12,3600,2016-11-09,1715,G3861,HE121,3,5,5,3619,0,0,0,NA,0,HE1,OAKWOOD AV,WILLOW ST,0,NA,Y,A,-,N,NA,NA,NA,NA,NA,NA,NA,NA,NA,Y,3,0,1,2,A,-,12,22450,A,F,D,C,A,A,H,-,C,A,0,NA,NA,NA,NA,Y,NA,D,22,0,1,0,0,0,0,0,0,0,-,-,NA,NA,SAN BERNARDINO,HESPERIA,-117.34268007,34.43473002
81801427,2022,2022-06-23,3609,2022-06-11,1539,02055,79,6,5,5,3609,0,0,0,NA,0,002,RIVERSIDE AVE,WALNUT AVE,215,S,N,A,-,N,NA,NA,NA,NA,NA,NA,NA,NA,NA,Y,4,0,2,3,A,-,01,23152,A,F,C,C,A,A,H,-,A,A,0,NA,NA,NA,NA,Y,Y,A,07,0,0,2,0,0,0,0,0,0,-,-,34.128658294677734,-117.37043762207033,SAN BERNARDINO,RIALTO,-117.37042236328124,34.1280403137207
81910319,2022,2022-11-07,3602,2022-09-26,1834,4190,NA,1,5,5,3602,0,0,0,NA,0,NA,WALNUT AVE,OAKS AVE,14,W,N,A,-,N,NA,NA,NA,NA,NA,NA,NA,NA,NA,N,3,0,3,2,A,-,09,21801,A,N,D,C,A,A,H,-,A,D,0,NA,NA,NA,NA,Y,NA,A,01,0,3,0,0,0,0,0,0,0,-,-,34.02635955810547,-117.6263427734375,SAN BERNARDINO,CHINO,-117.67634582519533,34.026371002197266
81910628,2022,2022-11-07,3602,2022-09-22,0830,4242,CHINO,4,5,5,3602,0,0,0,NA,0,001,WALNUT AVE,MONTE VISTA AVE,0,NA,Y,A,-,N,NA,NA,NA,NA,NA,NA,NA,NA,NA,Y,4,0,1,2,A,-,09,21802,A,N,D,C,A,A,H,-,A,A,0,NA,NA,NA,NA,Y,NA,A,01,0,0,1,0,0,0,0,0,0,-,-,34.02621841430664,-117.69828033447266,SAN BERNARDINO,CHINO,-117.69809722900392,34.02623748779297
8181016,2016,2017-05-03,3607,2016-11-03,1502,80313,67,4,5,6,3607,0,0,0,NA,0,031,VINEYARD AV,RT 10,0,NA,Y,A,-,Y,SBD,8,10,-,-,5.978,R,4,E,N,4,0,1,3,A,-,08,22107,NA,N,B,C,A,A,H,-,A,A,0,NA,NA,NA,NA,Y,NA,-,NA,0,0,1,0,0,0,0,0,0,-,EO,NA,NA,SAN BERNARDINO,ONTARIO,-117.61290369,34.07150626
81913373,2022,2022-11-09,3607,2022-11-06,0026,19940,231,7,5,6,3607,0,0,0,NA,0,062,PHILADELPHIA ST,EUCLID AV,0,NA,Y,A,-,Y,NA,NA,NA,NA,NA,NA,NA,NA,NA,Y,4,0,2,4,A,-,12,21453,A,N,D,C,A,A,H,-,C,A,0,NA,NA,NA,Y,Y,NA,F,26,0,0,2,0,0,0,0,0,0,-,-,NA,NA,SAN BERNARDINO,ONTARIO,-117.65070343017578,34.03376007080078
8191367,2016,2016-12-20,3600,2016-12-05,0909,D3560,HE216,1,5,5,3619,0,0,0,NA,0,NA,CHOICEANA AV,YUCCA ST,0,NA,Y,A,-,N,NA,NA,NA,NA,NA,NA,NA,NA,NA,Y,3,0,1,2,A,-,01,23153,A,N,D,-,A,A,H,-,A,A,0,NA,NA,NA,NA,Y,Y,A,01,0,1,0,0,0,0,0,0,0,-,-,NA,NA,SAN BERNARDINO,HESPERIA,-117.25522012,34.41519003
81914413,2022,2022-11-10,3607,2022-11-01,1336,80442,NA,2,5,6,3607,0,0,0,NA,0,NA,SULTANA AV,FIFTH ST,20,N,N,A,-,N,NA,NA,NA,NA,NA,NA,NA,NA,NA,N,3,0,1,2,A,-,11,21955,NA,N,G,B,D,A,H,-,A,B,0,Y,NA,NA,NA,Y,NA,N,60,0,1,0,0,1,0,0,0,0,-,-,NA,NA,SAN BERNARDINO,ONTARIO,-117.64610290527344,34.08161544799805
8181040,2016,2017-05-03,3607,2016-11-14,0804,80313,293,1,5,6,3607,0,0,0,NA,0,062,EUCLID AV,PHILADELPHIA ST,100,N,N,A,-,Y,SBD,8,83,-,-,7.44,H,-,S,N,4,0,1,2,A,-,21,22106,NA,N,C,C,A,A,H,-,A,A,0,NA,NA,NA,NA,Y,NA,-,NA,0,0,1,0,0,0,0,0,0,-,-,NA,NA,SAN BERNARDINO,ONTARIO,-117.65105256,34.0341776
8193019,2016,2016-12-23,3611,2016-11-23,1155,2963,3611,3,5,5,3611,0,0,0,NA,0,003,19TH ST,CAMPUS AV,201,E,N,A,-,N,NA,NA,NA,NA,NA,NA,NA,NA,NA,Y,4,0,1,1,A,-,08,22107,NA,N,E,I,A,A,H,-,A,D,0,NA,NA,NA,NA,Y,NA,A,01,0,0,1,0,0,0,0,0,0,-,-,NA,NA,SAN BERNARDINO,UPLAND,-117.64185,34.1303
81931089,2022,2022-12-01,3607,2022-11-16,0715,20469,165,3,5,6,3607,0,0,0,NA,0,061,MISSION BL,BON VIEW AV,0,NA,Y,G,-,N,NA,NA,NA,NA,NA,NA,NA,NA,NA,Y,3,0,3,4,A,-,12,21453,A,N,D,C,A,A,H,-,A,A,0,NA,NA,NA,Y,Y,NA,A,01,0,1,2,0,0,0,0,0,0,-,-,NA,NA,SAN BERNARDINO,ONTARIO,-117.63658905029295,34.05488586425781
81933272,2022,2022-12-05,3602,2022-11-23,0620,4243,NA,3,5,5,3602,0,0,0,NA,0,001,CHINO AVE,EAST END AVE,0,NA,Y,A,-,N,NA,NA,NA,NA,NA,NA,NA,NA,NA,Y,4,0,1,2,A,-,12,21453,A,N,D,C,A,A,H,-,A,A,0,NA,NA,NA,NA,Y,NA,-,-,0,0,1,0,0,0,0,0,0,-,-,34.01152038574219,-117.72422027587892,SAN BERNARDINO,CHINO,-117.72410583496094,34.011592864990234
8181395,2016,2016-12-06,3600,2016-11-14,0901,C8620,RC013,1,5,6,3616,0,0,0,NA,0,RC6,BASELINE RD,MOUNTAIN VIEW DR,101,E,N,A,-,N,NA,NA,NA,NA,NA,NA,NA,NA,NA,N,3,0,1,2,A,-,00,21760,B,N,B,G,A,A,H,-,A,D,0,NA,Y,NA,NA,Y,NA,A,07,0,1,0,0,0,0,1,0,0,-,-,NA,NA,SAN BERNARDINO,RANCHO CUCAMONGA,-117.55051721,34.12141
8182934,2016,2016-12-16,3603,2016-10-22,0255,CL4693,COLTO,6,5,4,3603,0,0,0,NA,0,002,VALLEY RD,MT VERNON AV,0,NA,Y,A,-,N,NA,NA,NA,NA,NA,NA,NA,NA,NA,Y,3,0,2,2,A,-,01,23152,B,N,B,C,A,A,H,-,C,A,0,NA,NA,NA,NA,Y,Y,A,01,0,1,1,0,0,0,0,0,0,-,-,NA,NA,SAN BERNARDINO,COLTON,-117.31384012,34.06544008
81939105,2022,2022-12-12,3609,2022-11-13,1146,02094,181,7,5,5,3609,0,0,0,NA,0,003,SAN BERNARDINO AVE,CACTUS AVE,0,NA,Y,A,-,N,NA,NA,NA,NA,NA,NA,NA,NA,NA,Y,4,0,1,2,A,-,12,22450,A,N,D,C,A,A,H,-,A,A,0,NA,NA,NA,NA,Y,NA,A,01,0,0,1,0,0,0,0,0,0,-,-,34.07770919799805,-117.38339996337892,SAN BERNARDINO,RIALTO,-117.38339233398438,34.07769775390625
81941684,2022,2022-12-14,3607,2022-12-05,0520,20999,96,1,5,6,3607,0,0,0,NA,0,032,VINEYARD AV,INLAND EMPIRE BL,620,S,N,A,-,Y,NA,NA,NA,NA,NA,NA,NA,NA,NA,N,4,0,1,2,A,-,12,21453,A,N,D,C,A,A,D,H,C,A,0,NA,NA,NA,NA,Y,NA,A,01,0,0,1,0,0,0,0,0,0,-,-,NA,NA,SAN BERNARDINO,ONTARIO,-117.61109161376952,34.071685791015625
8194842,2016,2017-01-23,3607,2016-12-17,1231,80483,228,6,5,6,3607,0,0,0,NA,0,052,PHILADELPHIA ST,SAN ANTONIO AV,0,NA,Y,A,-,N,NA,NA,NA,NA,NA,NA,NA,NA,NA,Y,4,0,3,2,A,-,09,21806,A,N,D,C,A,A,H,-,A,A,0,NA,NA,NA,NA,Y,NA,-,NA,0,0,3,0,0,0,0,0,0,-,-,NA,NA,SAN BERNARDINO,ONTARIO,-117.65895002,34.03377007
8182947,2016,2016-12-09,3605,2016-11-28,1531,381,NA,1,5,4,3605,0,0,0,NA,0,NA,MISSION BL,RAMONA AV,40,W,N,A,-,N,NA,NA,NA,NA,NA,NA,NA,NA,NA,Y,4,0,1,3,A,-,00,21352,A,F,C,C,A,A,H,-,A,A,0,NA,NA,NA,NA,Y,Y,D,22,0,0,1,0,0,0,0,0,0,-,-,NA,NA,SAN BERNARDINO,MONTCLAIR,-117.7070417,34.05604175
81948769,2022,2022-12-22,3607,2022-11-25,1618,20219,76,5,5,6,3607,0,0,0,NA,0,MILL,MILLS CI,CONCOURS DR,0,NA,Y,A,-,N,NA,NA,NA,NA,NA,NA,NA,NA,NA,N,4,0,1,2,A,-,03,22350,NA,N,G,B,B,A,H,-,A,A,0,Y,NA,NA,NA,Y,NA,A,01,0,0,1,0,1,0,0,0,0,-,-,NA,NA,SAN BERNARDINO,ONTARIO,-117.55638122558594,34.074466705322266
81832754,2022,2022-08-04,3607,2022-08-02,1550,80520,254,2,5,6,3607,0,0,0,NA,0,052,EUCLID AV,PHILADELPHIA ST,500,S,N,A,-,Y,NA,NA,NA,NA,NA,NA,NA,NA,NA,Y,3,0,1,1,A,-,08,22107,NA,N,E,I,A,A,H,-,A,D,0,NA,NA,NA,NA,Y,Y,A,01,0,1,0,0,0,0,0,0,0,-,-,NA,NA,SAN BERNARDINO,ONTARIO,-117.65068817138672,34.03239059448242
81953849,2022,2022-12-28,3607,2022-12-10,1609,20521,228,6,5,6,3607,0,0,0,NA,0,052,SAN ANTONIO AV,PHILADELPHIA ST,0,NA,Y,B,-,N,NA,NA,NA,NA,NA,NA,NA,NA,NA,N,3,0,2,2,A,-,09,21801,A,N,D,C,A,A,H,-,A,A,0,NA,NA,NA,NA,Y,NA,A,01,0,2,0,0,0,0,0,0,0,-,-,NA,NA,SAN BERNARDINO,ONTARIO,-117.65895080566406,34.03377151489258
81953872,2022,2022-12-28,3607,2022-12-18,0346,19890,121,7,5,6,3607,0,0,0,NA,0,012,MOUNTAIN AV,D ST,0,NA,Y,A,-,N,NA,NA,NA,NA,NA,NA,NA,NA,NA,Y,2,0,2,2,A,-,01,23152,A,N,D,C,A,A,H,-,C,A,0,NA,NA,NA,NA,Y,Y,A,01,2,0,0,0,0,0,0,0,0,-,-,NA,NA,SAN BERNARDINO,ONTARIO,-117.67005920410156,34.06694412231445
81741900,2022,2022-04-06,3607,2022-03-25,1038,20153,265,5,5,6,3607,0,0,0,NA,0,062,RIVERSIDE DR,SULTANA AV,300,E,N,A,-,N,NA,NA,NA,NA,NA,NA,NA,NA,NA,N,4,0,1,2,A,-,10,21950,A,N,G,B,B,A,H,-,A,A,0,Y,NA,NA,NA,Y,NA,A,01,0,0,1,0,1,0,0,0,0,-,-,NA,NA,SAN BERNARDINO,ONTARIO,-117.64474487304688,34.019378662109375
81957540,2022,2023-01-02,3602,2022-11-23,1559,3906,NA,3,5,5,3602,0,0,0,NA,0,NA,CHINO AVE,SAN ANTONIO AVE,0,NA,Y,A,-,N,NA,NA,NA,NA,NA,NA,NA,NA,NA,N,3,0,2,2,A,-,09,21801,A,N,A,C,A,A,H,-,A,A,0,NA,NA,NA,NA,Y,NA,A,07,0,1,1,0,0,0,0,0,0,-,-,34.012020111083984,-117.65888214111328,SAN BERNARDINO,CHINO,-117.65872192382813,34.01200866699219
81960451,2022,2023-01-05,3607,2022-12-21,0736,80534,328,3,5,6,3607,0,0,0,NA,0,041,CONCOURS ST,DUESENBERG DR,0,NA,Y,F,-,N,NA,NA,NA,NA,NA,NA,NA,NA,NA,Y,4,0,1,2,A,-,09,21802,A,N,B,C,A,A,F,H,A,D,0,NA,NA,NA,NA,Y,NA,A,01,0,0,1,0,0,0,0,0,0,-,-,NA,NA,SAN BERNARDINO,ONTARIO,-117.57331848144533,34.07433319091797
81960458,2022,2023-01-05,3607,2022-12-21,1800,20839,97,3,5,6,3607,0,0,0,NA,0,012,G ST,DAHLIA AV,0,NA,Y,A,-,N,NA,NA,NA,NA,NA,NA,NA,NA,NA,N,3,0,1,2,A,-,03,22350,NA,F,G,B,D,A,H,-,C,D,0,Y,NA,NA,NA,Y,NA,-,99,0,1,0,0,1,0,0,0,0,-,-,NA,NA,SAN BERNARDINO,ONTARIO,-117.67337799072266,34.070560455322266
8196227,2016,2017-01-23,3600,2016-11-22,1224,D2561,NA,2,5,5,3612,0,0,0,NA,0,NA,8TH ST,D ST,166,S,N,A,-,N,NA,NA,NA,NA,NA,NA,NA,NA,NA,N,3,0,1,2,A,-,09,21804,A,N,D,G,A,A,H,-,A,A,0,NA,Y,NA,NA,Y,NA,L,04,0,1,0,0,0,0,1,0,0,-,-,NA,NA,SAN BERNARDINO,VICTORVILLE,-117.29236487,34.5353375
81970377,2022,2023-01-18,3607,2022-12-17,1830,20272,234,6,5,6,3607,0,0,0,NA,0,062,PHILADELPHIA ST,SULTANA AV,20,W,N,A,-,N,NA,NA,NA,NA,NA,NA,NA,NA,NA,Y,4,0,1,2,A,-,03,22350,NA,N,C,C,A,A,H,-,B,D,0,NA,NA,NA,NA,Y,NA,A,01,0,0,1,0,0,0,0,0,0,-,-,NA,NA,SAN BERNARDINO,ONTARIO,-117.64595794677734,34.033851623535156
81971538,2023,2023-01-19,3607,2023-01-15,1617,19893,NA,7,5,6,3607,0,0,0,NA,0,NA,FOURTH ST,WINEVILLE AV,528,E,N,B,C,N,NA,NA,NA,NA,NA,NA,NA,NA,NA,Y,4,0,1,2,A,-,03,22350,NA,N,C,C,A,B,H,-,A,D,0,NA,NA,NA,NA,Y,Y,A,01,0,0,1,0,0,0,0,0,0,-,-,NA,NA,SAN BERNARDINO,ONTARIO,-117.53929138183594,34.07720947265625
81743827,2022,2022-04-08,3609,2022-03-27,1553,02055,154,7,5,5,3609,0,0,0,NA,0,003,PINEDALE AVE,IRONWOOD AVE,0,NA,Y,A,-,N,NA,NA,NA,NA,NA,NA,NA,NA,NA,Y,4,0,1,2,A,-,09,21800,B,N,D,C,A,A,H,-,A,D,0,NA,NA,NA,NA,Y,NA,A,01,0,0,1,0,0,0,0,0,0,-,-,34.08638000488281,-117.40175628662108,SAN BERNARDINO,RIALTO,-117.40171813964844,34.08633804321289
81981414,2023,2023-01-30,3609,2023-01-18,1758,01836,36,3,5,5,3609,0,0,0,NA,0,001,LINDEN AVE,PERSIMMON AVE (N),88,N,N,A,-,N,NA,NA,NA,NA,NA,NA,NA,NA,NA,Y,4,0,2,2,A,-,01,23152,A,N,D,C,A,A,H,-,C,A,0,NA,NA,NA,NA,Y,Y,A,07,0,0,2,0,0,0,0,0,0,-,-,34.14960861206055,-117.4010009765625,SAN BERNARDINO,RIALTO,-117.4010009765625,34.149261474609375
8175607,2016,2016-11-30,3611,2016-09-24,1915,3088,NA,6,5,5,3611,0,0,0,NA,0,003,FOOTHILL BL,CAMPUS AV,275,W,N,A,-,N,NA,NA,NA,NA,NA,NA,NA,NA,NA,N,3,0,1,1,A,-,03,22350,NA,N,E,I,A,B,H,-,A,D,0,NA,Y,NA,NA,Y,NA,L,04,0,1,0,0,0,0,1,0,0,-,-,NA,NA,SAN BERNARDINO,UPLAND,-117.642426,34.10703094