CASE_ID,ACCIDENT_YEAR,PROC_DATE,JURIS,COLLISION_DATE,COLLISION_TIME,OFFICER_ID,REPORTING_DISTRICT,DAY_OF_WEEK,CHP_SHIFT,POPULATION,CNTY_CITY_LOC,SPECIAL_COND,BEAT_TYPE,CHP_BEAT_TYPE,CITY_DIVISION_LAPD,CHP_BEAT_CLASS,BEAT_NUMBER,PRIMARY_RD,SECONDARY_RD,DISTANCE,DIRECTION,INTERSECTION,WEATHER_1,WEATHER_2,STATE_HWY_IND,CALTRANS_COUNTY,CALTRANS_DISTRICT,STATE_ROUTE,ROUTE_SUFFIX,POSTMILE_PREFIX,POSTMILE,LOCATION_TYPE,RAMP_INTERSECTION,SIDE_OF_HWY,TOW_AWAY,COLLISION_SEVERITY,NUMBER_KILLED,NUMBER_INJURED,PARTY_COUNT,PRIMARY_COLL_FACTOR,PCF_CODE_OF_VIOL,PCF_VIOL_CATEGORY,PCF_VIOLATION,PCF_VIOL_SUBSECTION,HIT_AND_RUN,TYPE_OF_COLLISION,MVIW,PED_ACTION,ROAD_SURFACE,ROAD_COND_1,ROAD_COND_2,LIGHTING,CONTROL_DEVICE,CHP_ROAD_TYPE,PEDESTRIAN_ACCIDENT,BICYCLE_ACCIDENT,MOTORCYCLE_ACCIDENT,TRUCK_ACCIDENT,NOT_PRIVATE_PROPERTY,ALCOHOL_INVOLVED,STWD_VEHTYPE_AT_FAULT,CHP_VEHTYPE_AT_FAULT,COUNT_SEVERE_INJ,COUNT_VISIBLE_INJ,COUNT_COMPLAINT_PAIN,COUNT_PED_KILLED,COUNT_PED_INJURED,COUNT_BICYCLIST_KILLED,COUNT_BICYCLIST_INJURED,COUNT_MC_KILLED,COUNT_MC_INJURED,PRIMARY_RAMP,SECONDARY_RAMP,LATITUDE,LONGITUDE,COUNTY,CITY,POINT_X,POINT_Y
82190888,2023,2023-10-04,3611,2023-01-08,1130,3457,3611,7,5,5,3611,0,0,0,NA,0,002,EUCLID AVE,W VERNON DR,51,S,N,A,-,N,NA,NA,NA,NA,NA,NA,NA,NA,NA,N,3,0,1,2,A,-,12,21453,A,N,D,G,A,A,H,-,A,A,0,NA,Y,NA,NA,Y,NA,A,01,0,1,0,0,0,0,1,0,0,-,-,NA,NA,SAN BERNARDINO,UPLAND,-117.65129852294922,34.09791946411133
82190900,2023,2023-10-04,3611,2023-01-13,1843,3362,3611,5,5,5,3611,0,0,0,NA,0,002,9TH ST,EUCLID AVE,0,NA,Y,A,-,N,NA,NA,NA,NA,NA,NA,NA,NA,NA,Y,4,0,1,2,A,-,09,21801,A,N,A,C,A,A,H,-,C,A,0,NA,NA,NA,Y,Y,NA,F,26,0,0,1,0,0,0,0,0,0,-,-,34.0960807800293,-117.65110778808594,SAN BERNARDINO,UPLAND,-117.65129852294922,34.09610366821289
82190907,2023,2023-10-04,3611,2023-01-17,1054,3357,3611,2,5,5,3611,0,0,0,NA,0,002,MOUNTAIN AVE,7TH ST,0,NA,Y,A,-,N,NA,NA,NA,NA,NA,NA,NA,NA,NA,N,4,0,2,2,A,-,12,21453,A,N,D,C,A,A,H,-,A,A,0,NA,NA,NA,NA,Y,NA,A,01,0,0,2,0,0,0,0,0,0,-,-,NA,NA,SAN BERNARDINO,UPLAND,-117.67012786865234,34.088768005371094
82190955,2023,2023-10-04,3611,2023-02-24,1245,3024,3611,5,5,5,3611,0,0,0,NA,0,002,FOOTHILL BLVD,MONTE VISTA AVE,0,NA,Y,C,-,N,NA,NA,NA,NA,NA,NA,NA,NA,NA,Y,3,0,1,2,A,-,09,21453,C,N,A,C,A,B,H,-,A,A,0,NA,NA,NA,Y,Y,NA,F,26,0,1,0,0,0,0,0,0,0,-,-,34.10689163208008,-117.6982421875,SAN BERNARDINO,UPLAND,-117.69854736328124,34.10674285888672
82190991,2023,2023-10-04,3611,2023-03-23,747,3457,3611,4,5,5,3611,0,0,0,NA,0,004,3RD AVE,OLIVE ST,0,NA,Y,B,-,N,NA,NA,NA,NA,NA,NA,NA,NA,NA,Y,3,0,4,3,A,-,12,22450,A,N,D,E,A,A,H,-,A,D,0,NA,NA,NA,NA,Y,NA,A,01,0,4,0,0,0,0,0,0,0,-,-,34.090660095214844,-117.6474380493164,SAN BERNARDINO,UPLAND,-117.64730834960938,34.090641021728516
82191012,2023,2023-10-04,3611,2023-04-08,1212,3272,3611,6,5,5,3611,0,0,0,NA,0,003,FOOTHILL BLVD,2ND AVE,162,W,N,A,-,N,NA,NA,NA,NA,NA,NA,NA,NA,NA,N,3,0,1,2,A,-,03,22350,NA,N,C,C,A,A,H,-,A,A,0,NA,NA,NA,NA,Y,NA,A,07,0,1,0,0,0,0,0,0,0,-,-,34.10704040527344,-117.64836883544922,SAN BERNARDINO,UPLAND,-117.6489715576172,34.10683822631836
82191014,2023,2023-10-04,3611,2023-04-09,412,3362,3611,7,5,5,3611,0,0,0,NA,0,001,BASELINE RD,SYCAMORE HILLS PLAZA,0,NA,Y,A,-,Y,NA,NA,NA,NA,NA,NA,NA,NA,NA,Y,3,0,1,1,A,-,08,22107,NA,N,E,J,A,A,H,-,C,A,0,NA,NA,NA,NA,Y,NA,A,07,0,1,0,0,0,0,0,0,0,-,-,NA,NA,SAN BERNARDINO,UPLAND,-117.36605834960938,34.121368408203125
82191029,2023,2023-10-04,3611,2023-04-19,2036,3439,3611,3,5,5,3611,0,0,0,NA,0,001,15TH ST,FAIRWOOD WAY,683,E,N,A,-,N,NA,NA,NA,NA,NA,NA,NA,NA,NA,Y,3,0,1,2,A,-,08,22107,NA,N,A,E,A,A,H,-,C,D,0,NA,NA,NA,NA,Y,NA,A,01,0,1,0,0,0,0,0,0,0,-,-,34.117828369140625,-117.67783355712892,SAN BERNARDINO,UPLAND,-117.67560577392578,34.117820739746094
82191077,2023,2023-10-04,3611,2023-05-16,2036,3504,3611,2,5,5,3611,0,0,0,NA,0,003,CAMPUS AVE,13TH ST,0,NA,Y,A,-,N,NA,NA,NA,NA,NA,NA,NA,NA,NA,N,3,0,2,2,A,-,09,21801,A,F,D,C,A,A,H,-,C,A,0,NA,NA,NA,NA,Y,NA,-,99,0,2,0,0,0,0,0,0,0,-,-,34.11085891723633,-117.64154815673828,SAN BERNARDINO,UPLAND,-117.64154815673828,34.109703063964844
82191097,2023,2023-10-04,3611,2023-06-01,1600,3466,3611,4,5,5,3611,0,0,0,NA,0,004,EUCLID AVE,FOOTHILL BLVD,15,S,N,A,-,N,NA,NA,NA,NA,NA,NA,NA,NA,NA,N,3,0,1,2,A,-,09,21804,A,N,D,G,A,A,H,-,A,A,0,NA,Y,NA,NA,Y,NA,L,04,0,1,0,0,0,0,1,0,0,-,-,34.10702896118164,-117.65096282958984,SAN BERNARDINO,UPLAND,-117.6513671875,34.10688781738281
82191115,2023,2023-10-04,3611,2023-06-14,1725,3390,3611,3,5,5,3611,0,0,0,NA,0,002,BENSON AVE,HUNTINGTON DR N,37,N,N,A,-,N,NA,NA,NA,NA,NA,NA,NA,NA,NA,N,4,0,1,2,A,-,03,22350,NA,N,C,C,A,A,H,-,A,A,0,NA,NA,NA,NA,Y,NA,A,01,0,0,1,0,0,0,0,0,0,-,-,34.09783172607422,-117.68084716796876,SAN BERNARDINO,UPLAND,-117.68092346191406,34.09749984741211
82191137,2023,2023-10-04,3611,2023-07-01,221,3434,3611,6,5,5,3611,0,0,0,NA,0,004,ARROW HWY,10TH AVE,32,E,N,A,-,N,NA,NA,NA,NA,NA,NA,NA,NA,NA,Y,3,0,1,2,A,-,08,22107,NA,N,A,E,A,A,H,-,C,D,0,NA,NA,NA,NA,Y,NA,A,01,0,1,0,0,0,0,0,0,0,-,-,34.10000991821289,-117.63790130615234,SAN BERNARDINO,UPLAND,-117.6378173828125,34.09978103637695
81950831,2022,2022-12-23,3609,2022-12-05,1027,01944,230,1,5,5,3609,0,0,0,NA,0,004,RIVERSIDE AVE,KLINE RANCH,873,S,N,-,-,N,NA,NA,NA,NA,NA,NA,NA,NA,NA,N,3,0,1,1,A,-,03,22350,NA,N,E,I,A,A,H,-,A,D,0,NA,Y,NA,NA,Y,NA,L,04,0,1,0,0,0,0,1,0,0,-,-,34.02840042114258,-117.36440277099608,SAN BERNARDINO,RIALTO,-117.36429595947266,34.02849197387695
81957176,2022,2023-01-02,3609,2022-11-05,1807,01948,NA,6,5,5,3609,0,0,0,NA,0,001,MANGO AVE,SUMMIT AVE,1150,N,N,A,-,N,NA,NA,NA,NA,NA,NA,NA,NA,NA,N,4,0,3,3,A,-,03,22350,NA,N,C,C,A,A,H,-,C,D,0,NA,NA,NA,NA,Y,NA,A,01,0,0,3,0,0,0,0,0,0,-,-,34.15394973754883,-117.4316635131836,SAN BERNARDINO,RIALTO,-117.431640625,34.1533203125
81975305,2022,2023-01-24,3602,2022-12-22,0854,3034,147,4,5,5,3602,0,0,0,NA,0,003,MERRILL AVE,HELLMAN AVE,0,NA,Y,A,-,N,NA,NA,NA,NA,NA,NA,NA,NA,NA,Y,3,0,1,3,A,-,09,21801,A,N,A,C,A,A,D,E,A,D,0,NA,NA,NA,NA,Y,NA,A,07,0,1,0,0,0,0,0,0,0,-,-,33.996089935302734,-117.66797637939452,SAN BERNARDINO,CHINO,-117.61055755615234,33.983280181884766
8198342,2016,2017-01-10,3600,2016-12-20,2220,E2055,HE220,2,5,5,3619,0,0,0,NA,0,HE4,MAIN ST,TIMBERLANE AV,5,E,N,A,-,N,NA,NA,NA,NA,NA,NA,NA,NA,NA,Y,4,0,1,2,A,-,09,21802,A,N,D,C,A,A,H,-,C,A,0,NA,NA,NA,NA,Y,NA,A,07,0,0,1,0,0,0,0,0,0,-,-,NA,NA,SAN BERNARDINO,HESPERIA,-117.2739324,34.41746547
8198343,2016,2017-01-10,3600,2016-12-04,1624,E5343,HE312,7,5,5,3619,0,0,0,NA,0,HE3,9TH AV,SULTANA ST,0,NA,Y,A,-,N,NA,NA,NA,NA,NA,NA,NA,NA,NA,Y,4,0,1,2,A,-,09,21802,A,N,D,C,A,A,H,-,B,A,0,NA,NA,NA,NA,Y,NA,D,22,0,0,1,0,0,0,0,0,0,-,-,NA,NA,SAN BERNARDINO,HESPERIA,-117.32192004,34.41718003
8198675,2016,2017-01-12,3602,2016-10-18,0640,1127,NA,2,5,5,3602,0,0,0,NA,0,001,PHILADELPHIA ST,EAST END AV,1085,W,N,A,-,N,NA,NA,NA,NA,NA,NA,NA,NA,NA,N,4,0,1,2,A,-,06,21755,NA,N,B,C,A,A,H,-,A,A,0,NA,NA,NA,Y,Y,NA,A,01,0,0,1,0,0,0,0,0,0,-,-,NA,NA,SAN BERNARDINO,CHINO,-117.72786295,34.03346459
8199289,2016,2017-01-03,3608,2016-12-07,1506,3821,NA,3,5,5,3608,0,0,0,NA,0,NA,CENTER ST,STATE ST,0,NA,Y,A,-,N,NA,NA,NA,NA,NA,NA,NA,NA,NA,Y,4,0,1,2,A,-,09,21802,A,N,D,C,A,A,H,-,A,A,0,NA,NA,NA,NA,Y,NA,A,07,0,0,1,0,0,0,0,0,0,-,-,NA,NA,SAN BERNARDINO,REDLANDS,-117.19135,34.05707009
8199643,2016,2017-01-10,3602,2016-11-19,0553,3666,91,6,5,5,3602,0,0,0,NA,0,004,MAGNOLIA AV,SCHAEFER AV,52,S,N,A,-,N,NA,NA,NA,NA,NA,NA,NA,NA,NA,Y,4,0,1,2,A,-,09,21801,A,N,D,C,A,A,H,-,A,A,0,NA,NA,NA,NA,Y,NA,D,22,0,0,1,0,0,0,0,0,0,-,-,NA,NA,SAN BERNARDINO,CHINO,-117.67171882,34.00448748
82101386,2023,2023-06-26,3609,2023-04-05,1551,02306,163,3,5,5,3609,0,0,0,NA,0,004,SYCAMORE AVE,MERRILL AVE,0,NA,Y,A,-,N,NA,NA,NA,NA,NA,NA,NA,NA,NA,Y,2,0,1,2,A,-,03,22350,NA,N,D,C,A,A,H,-,A,A,0,NA,NA,Y,NA,Y,NA,C,02,1,0,0,0,0,0,0,0,1,-,-,34.09226989746094,-117.36595916748048,SAN BERNARDINO,RIALTO,-117.36592864990234,34.092288970947266
82223763,2023,2023-10-31,3607,2023-10-21,1106,80510,166,6,5,6,3607,0,0,0,NA,0,061,AIRPORT DR,GROVE AV,500,E,N,A,-,N,NA,NA,NA,NA,NA,NA,NA,NA,NA,Y,3,0,1,1,A,-,08,22107,NA,N,E,I,A,A,H,-,A,D,0,NA,NA,NA,NA,Y,NA,A,01,0,1,0,0,0,0,0,0,0,-,-,NA,NA,SAN BERNARDINO,ONTARIO,-117.62665557861328,34.06005096435547
82223775,2023,2023-10-31,3607,2023-10-28,1755,20628,287,6,5,6,3607,0,0,0,NA,0,061,CAMPUS AV,STATE ST,0,NA,Y,A,-,N,NA,NA,NA,NA,NA,NA,NA,NA,NA,N,4,0,1,2,A,-,12,22450,A,M,D,C,A,A,H,-,A,A,0,NA,NA,NA,NA,Y,Y,-,99,0,0,1,0,0,0,0,0,0,-,-,NA,NA,SAN BERNARDINO,ONTARIO,-117.6413345336914,34.05997848510742
82107841,2023,2023-07-07,3602,2023-06-07,922,2798,NA,3,5,5,3602,0,0,0,NA,0,002,SAN ANTONIO AVE,WALNUT AVE,0,NA,Y,A,-,N,NA,NA,NA,NA,NA,NA,NA,NA,NA,Y,3,0,2,2,A,-,12,21453,A,N,D,C,A,A,H,-,A,A,0,NA,NA,NA,NA,Y,NA,A,01,0,1,1,0,0,0,0,0,0,-,-,34.02653121948242,-117.65911865234376,SAN BERNARDINO,CHINO,-117.65888214111328,34.02647018432617
82117843,2023,2023-07-17,3602,2023-06-27,1554,4026,NA,2,5,5,3602,0,0,0,NA,0,001,MARSHALL AVE,WALNUT AVE,395,N,N,A,-,N,NA,NA,NA,NA,NA,NA,NA,NA,NA,N,3,0,1,2,A,-,03,22350,NA,N,G,B,D,A,H,-,A,D,0,Y,NA,NA,NA,Y,NA,A,01,0,1,0,0,1,0,0,0,0,-,-,34.02988815307617,-117.69161224365234,SAN BERNARDINO,CHINO,-117.69159698486328,34.02735137939453
82160400,2023,2023-09-01,3602,2023-08-14,1653,4300,NA,1,5,5,3602,0,0,0,NA,0,001,EUCALYPTUS AVE,PIPELINE AVE (N),400,E,N,A,-,N,NA,NA,NA,NA,NA,NA,NA,NA,NA,Y,3,0,2,2,A,-,09,21804,A,N,D,C,A,A,H,-,A,A,0,NA,NA,NA,NA,Y,NA,A,07,0,2,0,0,0,0,0,0,0,-,-,33.991058349609375,-117.71521759033205,SAN BERNARDINO,CHINO,-117.7160873413086,33.98942947387695
82012172,2023,2023-03-09,3607,2023-02-09,1610,20770,128,4,5,6,3607,0,0,0,NA,0,022,NOCTA ST,MONTEREY AV,0,NA,Y,A,-,N,NA,NA,NA,NA,NA,NA,NA,NA,NA,N,3,0,1,2,A,-,12,22450,A,N,B,G,A,A,H,-,A,A,0,NA,Y,NA,NA,Y,NA,L,04,0,1,0,0,0,0,1,0,0,-,-,NA,NA,SAN BERNARDINO,ONTARIO,-117.6436767578125,34.0651969909668
82015696,2023,2023-03-13,3607,2023-03-02,1624,20839,83,4,5,6,3607,0,0,0,NA,0,011,BENSON AV,I ST,0,NA,Y,A,-,N,NA,NA,NA,NA,NA,NA,NA,NA,NA,N,3,0,1,2,A,-,10,21950,A,N,G,B,B,A,H,-,A,D,0,Y,NA,NA,NA,Y,NA,A,01,0,1,0,0,1,0,0,0,0,-,-,NA,NA,SAN BERNARDINO,ONTARIO,-117.68080902099608,34.07414245605469
82031253,2023,2023-03-29,3607,2023-03-02,723,80457,324,4,5,6,3607,0,0,0,NA,0,041,TURNER AV,FOURTH ST,0,NA,Y,A,-,N,NA,NA,NA,NA,NA,NA,NA,NA,NA,N,4,0,1,2,A,-,09,21800,A,N,D,C,A,A,H,-,A,A,0,NA,NA,NA,NA,Y,NA,A,01,0,0,1,0,0,0,0,0,0,-,-,NA,NA,SAN BERNARDINO,ONTARIO,-117.58460235595705,34.07744598388672
8205174,2016,2017-05-03,3600,2016-12-23,0532,R1353,CH008,5,5,5,3630,0,0,0,NA,0,003,CARBON CANYON RD,CARRIAGE HILLS DR,500,W,N,C,-,Y,SBD,8,142,-,R,1.79,H,-,W,Y,2,0,1,1,A,-,03,22350,NA,N,F,A,A,B,H,-,B,D,0,NA,NA,NA,NA,Y,NA,D,22,1,0,0,0,0,0,0,0,0,-,-,NA,NA,SAN BERNARDINO,CHINO HILLS,-117.76150507,33.9636144
82250402,2023,2023-12-04,3611,2023-10-04,755,3024,3611,3,5,5,3611,0,0,0,NA,0,004,9TH ST,9TH AVE,126,W,N,A,-,N,NA,NA,NA,NA,NA,NA,NA,NA,NA,N,3,0,2,2,A,-,09,21801,A,N,D,C,A,A,H,-,A,D,0,NA,NA,NA,NA,Y,NA,A,01,0,2,0,0,0,0,0,0,0,-,-,34.096370697021484,-117.63903045654295,SAN BERNARDINO,UPLAND,-117.63946533203124,34.09611511230469
82252573,2023,2023-12-05,3607,2023-11-21,1410,21442,3607,2,5,6,3607,0,0,0,NA,0,MILL,MILLS CI,CONCOURS DR,60,E,N,A,-,N,NA,NA,NA,NA,NA,NA,NA,NA,NA,Y,3,0,1,1,A,-,03,22350,NA,N,E,I,A,A,H,-,A,D,0,NA,NA,NA,NA,Y,NA,A,07,0,1,0,0,0,0,0,0,0,-,-,NA,NA,SAN BERNARDINO,ONTARIO,-117.55638122558594,34.07447052001953
82070493,2023,2023-05-17,3609,2023-05-04,813,01323,146,4,5,5,3609,0,0,0,NA,0,003,RIALTO AVE,CEDAR AVE,855,E,N,B,C,N,NA,NA,NA,NA,NA,NA,NA,NA,NA,N,3,0,1,2,A,-,03,22350,NA,N,C,C,A,B,H,-,A,D,0,NA,NA,NA,NA,Y,NA,A,01,0,1,0,0,0,0,0,0,0,-,-,34.09952926635742,-117.39633941650392,SAN BERNARDINO,RIALTO,-117.39374542236328,34.099510192871094
82072453,2023,2023-05-22,3602,2023-04-29,1834,4190,NA,6,5,5,3602,0,0,0,NA,0,NA,SAN ANTONIO AVE,EDISON AVE,0,NA,Y,A,-,N,NA,NA,NA,NA,NA,NA,NA,NA,NA,N,3,0,2,2,A,-,12,21453,A,N,D,C,A,A,H,-,A,A,0,NA,NA,NA,NA,Y,NA,A,07,0,2,0,0,0,0,0,0,0,-,-,33.99753189086914,-117.65863800048828,SAN BERNARDINO,CHINO,-117.65857696533205,33.99748992919922
8207791,2016,2017-01-11,3600,2016-11-30,1319,F7808,BL212,3,5,2,3680,0,0,0,NA,0,BL2,SHEEPHORN RD,MENLO DR,580,N,N,A,-,N,NA,NA,NA,NA,NA,NA,NA,NA,NA,Y,4,0,1,2,A,-,03,22350,NA,N,C,A,A,-,-,-,C,B,0,NA,NA,NA,NA,Y,NA,A,01,0,0,1,0,0,0,0,0,0,-,-,NA,NA,SAN BERNARDINO,BIG BEAR LAKE,-116.85999,34.23989
82259427,2023,2023-12-12,3607,2023-12-09,222,20109,5,6,5,6,3607,0,0,0,NA,0,011,DEODAR ST,IRIS CT,0,NA,Y,A,-,N,NA,NA,NA,NA,NA,NA,NA,NA,NA,Y,3,0,1,2,A,-,05,21650,NA,M,B,E,A,A,H,-,C,D,0,NA,NA,NA,Y,Y,NA,F,26,0,1,0,0,0,0,0,0,0,-,-,NA,NA,SAN BERNARDINO,ONTARIO,-117.67908477783205,34.085906982421875
82262689,2023,2023-12-15,3602,2023-11-28,1209,2798,NA,2,5,5,3602,0,0,0,NA,0,001,RIVERSIDE DR,3RD ST (E),0,NA,Y,A,-,N,NA,NA,NA,NA,NA,NA,NA,NA,NA,N,3,0,1,2,A,-,09,21801,A,N,D,C,A,A,H,-,A,A,0,NA,NA,NA,NA,Y,NA,A,01,0,1,0,0,0,0,0,0,0,-,-,34.019020080566406,-117.69576263427734,SAN BERNARDINO,CHINO,-117.69587707519533,34.01903533935547
82276238,2023,2024-01-02,3607,2023-12-22,2135,21367,136,5,5,6,3607,0,0,0,NA,0,032,HOLT BL,VINEYARD AV,0,NA,Y,A,-,N,NA,NA,NA,NA,NA,NA,NA,NA,NA,Y,3,0,2,2,A,-,12,21453,A,N,A,C,A,A,H,-,C,A,0,NA,NA,NA,NA,Y,NA,-,-,0,2,0,0,0,0,0,0,0,-,-,NA,NA,SAN BERNARDINO,ONTARIO,-117.61099243164063,34.06341552734375
82276253,2023,2024-01-02,3607,2023-12-31,913,20133,341,7,5,6,3607,0,0,0,NA,0,041,ETIWANDA AV,ONTARIO MILLS PW,719,S,N,B,-,N,NA,NA,NA,NA,NA,NA,NA,NA,NA,Y,3,0,4,3,A,-,12,21453,A,N,D,C,A,A,H,-,A,A,0,NA,NA,NA,NA,Y,NA,A,01,0,1,3,0,0,0,0,0,0,-,-,NA,NA,SAN BERNARDINO,ONTARIO,-117.52413940429688,34.06901168823242
82096366,2023,2023-06-19,3609,2023-05-24,1640,01720,133,3,5,5,3609,0,0,0,NA,0,003,CEDAR AVE,RIALTO AVE,575,S,N,A,-,N,NA,NA,NA,NA,NA,NA,NA,NA,NA,Y,3,0,3,2,A,-,09,21804,A,N,D,C,A,A,H,-,A,D,0,NA,NA,NA,NA,Y,NA,A,01,0,1,2,0,0,0,0,0,0,-,-,34.0994987487793,-117.39662170410156,SAN BERNARDINO,RIALTO,-117.39653778076172,34.09794616699219
82281057,2023,2024-01-08,3602,2023-12-21,1530,4300,NA,4,5,5,3602,0,0,0,NA,0,001,CENTRAL AVE,PHILADELPHIA ST,345,S,N,A,-,N,NA,NA,NA,NA,NA,NA,NA,NA,NA,Y,4,0,1,2,A,-,09,21801,A,N,D,C,A,A,H,-,A,A,0,NA,NA,NA,NA,Y,NA,A,01,0,0,1,0,0,0,0,0,0,-,-,34.033531188964844,-117.63950347900392,SAN BERNARDINO,CHINO,-117.68954467773438,34.032615661621094
82281238,2023,2024-01-08,3609,2023-12-22,2308,01836,59,5,5,5,3609,0,0,0,NA,0,002,RIVERSIDE AVE,I210FWY EB ONRAMP,0,NA,Y,A,-,N,NA,NA,NA,NA,NA,NA,NA,NA,NA,Y,4,0,1,2,A,-,12,21453,A,N,D,C,A,A,H,-,C,A,0,NA,NA,NA,NA,Y,NA,-,-,0,0,1,0,0,0,0,0,0,-,-,NA,NA,SAN BERNARDINO,RIALTO,-117.37043762207033,34.134029388427734
82097457,2023,2023-06-20,3609,2023-05-24,2010,01836,5,3,5,5,3609,0,0,0,NA,0,001,TERRA VISTA DR,DOVE TREE AVE,0,NA,Y,A,-,N,NA,NA,NA,NA,NA,NA,NA,NA,NA,Y,2,0,4,2,A,-,01,23152,A,N,D,C,A,A,H,-,A,A,0,NA,NA,NA,NA,Y,Y,A,01,1,3,0,0,0,0,0,0,0,-,-,34.16836929321289,-117.4299774169922,SAN BERNARDINO,RIALTO,-117.42984771728516,34.16847229003906
82098454,2023,2023-06-21,3607,2023-05-30,1113,80388,232,2,5,6,3607,0,0,0,NA,0,052,EUCLID AV,PHILADELPHIA ST,0,NA,Y,B,-,Y,NA,NA,NA,NA,NA,NA,NA,NA,NA,Y,3,0,3,3,A,-,12,21453,A,N,A,C,A,A,H,-,A,A,0,NA,NA,NA,NA,Y,NA,-,-,0,1,2,0,0,0,0,0,0,-,-,NA,NA,SAN BERNARDINO,ONTARIO,-117.65070343017578,34.03376007080078
82099447,2023,2023-06-22,3607,2023-06-01,924,80457,328,4,5,6,3607,0,0,0,NA,0,041,HAVEN AV,CONCOURS ST,0,NA,Y,B,-,N,NA,NA,NA,NA,NA,NA,NA,NA,NA,Y,4,0,1,2,A,-,12,21453,A,N,D,C,A,A,H,-,A,A,0,NA,NA,NA,NA,Y,NA,A,01,0,0,1,0,0,0,0,0,0,-,-,NA,NA,SAN BERNARDINO,ONTARIO,-117.57588958740234,34.07447814941406
82227053,2023,2023-11-03,3607,2023-10-23,2132,20981,142,1,5,6,3607,0,0,0,NA,0,041,HAVEN AV,I-10 W/B ON RAMP,0,NA,Y,A,-,N,NA,NA,NA,NA,NA,NA,NA,NA,NA,N,3,0,1,2,A,-,04,21703,NA,N,C,C,A,A,H,-,C,A,0,NA,NA,NA,NA,Y,NA,D,22,0,1,0,0,0,0,0,0,0,-,-,NA,NA,SAN BERNARDINO,ONTARIO,-117.5759506225586,34.06768035888672
82232808,2023,2023-11-13,3611,2023-10-07,2215,3207,3611,6,5,5,3611,0,0,0,NA,0,002,MOUNTAIN AVE,ARROW HWY,257,N,N,A,-,N,NA,NA,NA,NA,NA,NA,NA,NA,NA,Y,4,0,1,2,A,-,03,22350,NA,N,C,C,A,A,H,-,C,D,0,NA,NA,NA,NA,Y,NA,A,07,0,0,1,0,0,0,0,0,0,-,-,34.09965133666992,-117.67024230957033,SAN BERNARDINO,UPLAND,-117.67025756835938,34.10037612915039
82233357,2023,2023-11-13,3602,2023-10-29,1148,4190,NA,7,5,5,3602,0,0,0,NA,0,NA,MOUNTAIN AVE,FILLMORE ST,50,N,N,A,-,N,NA,NA,NA,NA,NA,NA,NA,NA,NA,N,4,0,1,2,A,-,08,22107,NA,N,D,C,A,A,H,-,A,D,0,NA,NA,NA,NA,Y,NA,A,08,0,0,1,0,0,0,0,0,0,-,-,34.02827835083008,-117.66763305664063,SAN BERNARDINO,CHINO,-117.66763305664063,34.028385162353516
82185241,2023,2023-10-02,3609,2023-09-13,1652,01836,120,3,5,5,3609,0,0,0,NA,0,001,CEDAR AVE,ETIWANDA AVE,0,NA,Y,A,-,N,NA,NA,NA,NA,NA,NA,NA,NA,NA,Y,4,0,3,2,A,-,08,22107,NA,N,A,C,A,A,D,-,A,A,0,NA,NA,NA,NA,Y,NA,A,01,0,0,3,0,0,0,0,0,0,-,-,34.11404037475586,-117.3966064453125,SAN BERNARDINO,RIALTO,-117.39659881591795,34.11404037475586
82192749,2023,2023-10-06,3609,2023-09-03,1515,02337,3,7,5,5,3609,0,0,0,NA,0,001,RIVERSIDE AVE,LIVE OAK AVE,0,NA,Y,A,-,N,NA,NA,NA,NA,NA,NA,NA,NA,NA,Y,3,0,1,2,A,-,12,21453,A,N,B,C,A,A,H,-,A,A,0,NA,NA,NA,NA,Y,NA,A,01,0,1,0,0,0,0,0,0,0,-,-,34.171409606933594,-117.42469787597656,SAN BERNARDINO,RIALTO,-117.42440795898438,34.17155838012695
82192793,2023,2023-10-06,3607,2023-09-17,1730,20633,70,7,5,6,3607,0,0,0,NA,0,032,ARCHIBALD AV,FOURTH ST,410,S,N,A,-,N,NA,NA,NA,NA,NA,NA,NA,NA,NA,Y,4,0,2,2,A,-,08,22107,NA,N,B,C,A,A,H,-,A,A,0,NA,NA,NA,NA,Y,NA,A,01,0,0,2,0,0,0,0,0,0,-,-,NA,NA,SAN BERNARDINO,ONTARIO,-117.59339904785156,34.07636642456055
82192801,2023,2023-10-06,3607,2023-10-04,2334,20851,895,3,5,6,3607,0,0,0,NA,0,082,ARCHIBALD AV,MERRILL AV,0,NA,Y,A,-,N,NA,NA,NA,NA,NA,NA,NA,NA,NA,N,3,0,1,2,A,-,12,21453,A,N,B,G,A,A,H,-,C,A,0,NA,Y,NA,NA,Y,NA,A,01,0,1,0,0,0,0,1,0,0,-,-,NA,NA,SAN BERNARDINO,ONTARIO,-117.59333038330078,33.982749938964844
82192802,2023,2023-10-06,3607,2023-10-04,125,20633,319,3,5,6,3607,0,0,0,NA,0,ARP,HAVEN AV,AIRPORT DR,50,N,N,A,-,N,NA,NA,NA,NA,NA,NA,NA,NA,NA,Y,3,0,1,2,A,-,03,22350,NA,N,B,C,A,A,H,-,C,A,0,NA,NA,NA,NA,Y,NA,A,01,0,1,0,0,0,0,0,0,0,-,-,NA,NA,SAN BERNARDINO,ONTARIO,-117.57591247558594,34.061527252197266