CASE_ID,ACCIDENT_YEAR,PROC_DATE,JURIS,COLLISION_DATE,COLLISION_TIME,OFFICER_ID,REPORTING_DISTRICT,DAY_OF_WEEK,CHP_SHIFT,POPULATION,CNTY_CITY_LOC,SPECIAL_COND,BEAT_TYPE,CHP_BEAT_TYPE,CITY_DIVISION_LAPD,CHP_BEAT_CLASS,BEAT_NUMBER,PRIMARY_RD,SECONDARY_RD,DISTANCE,DIRECTION,INTERSECTION,WEATHER_1,WEATHER_2,STATE_HWY_IND,CALTRANS_COUNTY,CALTRANS_DISTRICT,STATE_ROUTE,ROUTE_SUFFIX,POSTMILE_PREFIX,POSTMILE,LOCATION_TYPE,RAMP_INTERSECTION,SIDE_OF_HWY,TOW_AWAY,COLLISION_SEVERITY,NUMBER_KILLED,NUMBER_INJURED,PARTY_COUNT,PRIMARY_COLL_FACTOR,PCF_CODE_OF_VIOL,PCF_VIOL_CATEGORY,PCF_VIOLATION,PCF_VIOL_SUBSECTION,HIT_AND_RUN,TYPE_OF_COLLISION,MVIW,PED_ACTION,ROAD_SURFACE,ROAD_COND_1,ROAD_COND_2,LIGHTING,CONTROL_DEVICE,CHP_ROAD_TYPE,PEDESTRIAN_ACCIDENT,BICYCLE_ACCIDENT,MOTORCYCLE_ACCIDENT,TRUCK_ACCIDENT,NOT_PRIVATE_PROPERTY,ALCOHOL_INVOLVED,STWD_VEHTYPE_AT_FAULT,CHP_VEHTYPE_AT_FAULT,COUNT_SEVERE_INJ,COUNT_VISIBLE_INJ,COUNT_COMPLAINT_PAIN,COUNT_PED_KILLED,COUNT_PED_INJURED,COUNT_BICYCLIST_KILLED,COUNT_BICYCLIST_INJURED,COUNT_MC_KILLED,COUNT_MC_INJURED,PRIMARY_RAMP,SECONDARY_RAMP,LATITUDE,LONGITUDE,COUNTY,CITY,POINT_X,POINT_Y
8564961,2017,2018-03-01,3603,2017-10-14,2301,4744,CPD,6,5,4,3603,0,0,0,NA,0,002,LA CADENA DR,D ST,0,NA,Y,A,-,N,NA,NA,NA,NA,NA,NA,NA,NA,NA,N,4,0,2,2,A,-,09,21802,A,N,D,C,A,A,H,-,C,A,0,NA,NA,NA,NA,Y,NA,A,01,0,0,2,0,0,0,0,0,0,-,-,NA,NA,SAN BERNARDINO,COLTON,-117.32318,34.07227003
8564977,2017,2018-03-01,3603,2017-09-29,1318,4357,CPD,5,5,4,3603,0,0,0,NA,0,004,HUNTS LN,WASHINGTON ST,50,N,N,A,-,N,NA,NA,NA,NA,NA,NA,NA,NA,NA,N,4,0,1,3,A,-,03,22350,NA,N,C,C,A,A,H,-,A,A,0,NA,NA,NA,NA,Y,NA,A,01,0,0,1,0,0,0,0,0,0,-,-,NA,NA,SAN BERNARDINO,COLTON,-117.28733462,34.05044543
8564982,2017,2018-03-01,3603,2017-11-05,0905,4689,CPD,7,5,4,3603,0,0,0,NA,0,001,PEPPER AV,SAN BERNARDINO AV,0,NA,Y,B,-,N,NA,NA,NA,NA,NA,NA,NA,NA,NA,N,4,0,1,2,A,-,12,21453,A,N,D,C,A,B,H,-,A,A,0,NA,NA,NA,NA,Y,NA,A,07,0,0,1,0,0,0,0,0,0,-,-,34.07776,-117.35287,SAN BERNARDINO,COLTON,-117.35292002,34.07775005
8565008,2018,2018-03-02,3600,2018-02-04,1206,G3596,HE304,7,5,5,3619,0,0,0,NA,0,HE3,HONEYSUCKLE AV,SULTANA ST,0,S,N,A,-,N,NA,NA,NA,NA,NA,NA,NA,NA,NA,N,4,0,1,2,A,-,06,21750,A,N,D,C,A,A,H,-,A,D,0,NA,NA,NA,NA,Y,NA,A,07,0,0,1,0,0,0,0,0,0,-,-,NA,NA,SAN BERNARDINO,HESPERIA,-117.36148071289063,34.41944885253906
8565024,2018,2018-03-02,3600,2018-02-12,1758,E2055,HE315,1,5,5,3619,0,0,0,NA,0,HE3,5TH AV,LIME ST,45,S,N,A,-,N,NA,NA,NA,NA,NA,NA,NA,NA,NA,N,3,0,1,2,A,-,11,21954,A,N,G,B,E,A,H,-,D,A,0,Y,NA,NA,NA,Y,NA,N,60,0,1,0,0,1,0,0,0,0,-,-,NA,NA,SAN BERNARDINO,HESPERIA,-117.31428527832033,34.407588958740234
8568235,2018,2018-03-12,3600,2018-02-25,0155,D3384,YC105,7,5,4,3640,0,0,0,NA,0,NA,YUCAIPA BL,OAK GLEN RD,528,E,N,A,-,N,NA,NA,NA,NA,NA,NA,NA,NA,NA,Y,3,0,1,1,A,-,03,22350,NA,N,E,I,A,A,H,-,C,D,0,NA,NA,NA,NA,Y,NA,A,07,0,1,0,0,0,0,0,0,0,-,-,NA,NA,SAN BERNARDINO,YUCAIPA,-117.07127380371094,34.03388214111328
8568280,2018,2018-03-09,3602,2018-02-24,1656,1256,NA,6,5,5,3602,0,0,0,NA,0,002,CENTRAL AV,WASHINGTON AV,28,S,N,A,-,N,NA,NA,NA,NA,NA,NA,NA,NA,NA,Y,4,0,1,2,A,-,01,23153,A,N,C,C,A,A,H,-,A,A,0,NA,NA,NA,NA,Y,NA,A,01,0,0,1,0,0,0,0,0,0,-,-,NA,NA,SAN BERNARDINO,CHINO,-117.6894302368164,34.0219841003418
8569600,2018,2018-03-22,3600,2018-02-16,1812,F6898,BL202,5,5,2,3680,0,0,0,NA,0,BL2,BIG BEAR BL,WREN DR,103.6,N,N,A,-,N,NA,NA,NA,NA,NA,NA,NA,NA,NA,N,3,0,1,2,A,-,11,21955,NA,N,B,B,B,A,H,-,C,A,0,Y,NA,NA,NA,Y,NA,-,-,0,1,0,0,1,0,0,0,0,-,-,NA,NA,SAN BERNARDINO,BIG BEAR LAKE,-116.89630126953124,34.24348068237305
8572238,2018,2018-03-21,3605,2018-02-14,1754,361,NA,3,5,4,3605,0,0,0,NA,0,NA,MONTE VISTA AV,FLORA ST,20,N,N,B,-,N,NA,NA,NA,NA,NA,NA,NA,NA,NA,Y,3,0,3,3,A,-,04,21703,NA,N,C,C,A,A,H,-,C,D,0,NA,NA,NA,NA,Y,NA,A,07,0,2,1,0,0,0,0,0,0,-,-,NA,NA,SAN BERNARDINO,MONTCLAIR,-117.6982879638672,34.06886291503906
8575989,2018,2018-03-22,3600,2018-02-11,0747,S3887,VC019,7,5,5,3612,0,0,0,NA,0,NA,7TH ST,DESERT KNOLL,0,NA,Y,A,-,N,NA,NA,NA,NA,NA,NA,NA,NA,NA,Y,4,0,1,2,A,-,03,22350,NA,N,C,C,A,A,H,-,A,A,0,NA,NA,NA,NA,Y,NA,D,22,0,0,1,0,0,0,0,0,0,-,-,NA,NA,SAN BERNARDINO,VICTORVILLE,-117.30998229980467,34.519378662109375
8577374,2018,2018-03-22,3609,2018-02-23,1432,8510,184,5,5,5,3609,0,0,0,NA,0,004,SAN BERNARDINO AV,SYCAMORE AV,8,W,N,A,-,N,NA,NA,NA,NA,NA,NA,NA,NA,NA,Y,3,0,1,2,A,-,08,22107,NA,N,-,C,A,A,H,-,A,A,0,NA,NA,NA,NA,Y,NA,A,01,0,1,0,0,0,0,0,0,0,-,-,34.07780075073242,-117.36602020263672,SAN BERNARDINO,RIALTO,-117.36593627929688,34.07775115966797
8578610,2018,2018-03-30,3600,2018-02-16,1501,D3311,RC050,5,5,6,3616,0,0,0,NA,0,RC4,HELLMAN AV,SAN BERNARDINO RD,0,NA,Y,A,-,N,NA,NA,NA,NA,NA,NA,NA,NA,NA,N,3,0,1,2,D,-,00,NA,NA,F,G,B,B,A,H,-,A,A,0,Y,NA,NA,NA,Y,NA,-,-,0,1,0,0,1,0,0,0,0,-,-,NA,NA,SAN BERNARDINO,RANCHO CUCAMONGA,-117.60231018066406,34.108768463134766
8579276,2018,2018-08-06,3600,2018-02-16,1055,F4772,VC070,5,5,5,3612,0,0,0,NA,0,005,PALMDALE RD,EDISON POLE #4236352E,235,E,N,A,-,Y,SBD,8,18,-,-,99.43,H,-,S,Y,4,0,1,2,A,-,03,22350,NA,N,C,C,A,A,H,-,A,D,0,NA,NA,NA,NA,Y,NA,A,01,0,0,1,0,0,0,0,0,0,-,-,NA,NA,SAN BERNARDINO,VICTORVILLE,-117.37273406982422,34.506736755371094
8582176,2018,2018-04-05,3610,2018-03-16,1658,50993,NA,5,5,6,3610,0,0,0,NA,0,POLICE,NORTH WATERMAN AV,W 16TH ST,96,N,N,B,-,N,NA,NA,NA,NA,NA,NA,NA,NA,NA,Y,4,0,2,2,A,-,03,22350,NA,N,C,C,A,D,H,-,A,A,0,NA,NA,NA,NA,Y,Y,A,07,0,0,2,0,0,0,0,0,0,-,-,34.13010025024414,-117.27572631835938,SAN BERNARDINO,SAN BERNARDINO,-117.27877807617188,34.12892150878906
8582219,2018,2018-04-05,3610,2018-03-19,2018,50848,NA,1,5,6,3610,0,0,0,NA,0,POLICE,W 9TH ST,MEDICAL CENTER DR,234,E,N,A,-,N,NA,NA,NA,NA,NA,NA,NA,NA,NA,Y,3,0,1,1,A,-,08,22107,NA,N,A,C,A,A,H,-,-,D,0,NA,NA,NA,NA,Y,Y,A,01,0,1,0,0,0,0,0,0,0,-,-,34.115840911865234,-117.32292175292967,SAN BERNARDINO,SAN BERNARDINO,-117.3218002319336,34.11576843261719
8583005,2018,2018-04-03,3610,2018-03-05,1403,50912,NA,1,5,6,3610,0,0,0,NA,0,POLICE,W 5TH ST,N F ST,0,NA,Y,A,-,N,NA,NA,NA,NA,NA,NA,NA,NA,NA,N,4,0,1,2,A,-,10,21950,A,N,G,B,B,-,H,-,A,A,0,Y,NA,NA,NA,Y,NA,A,01,0,0,1,0,1,0,0,0,0,-,-,NA,NA,SAN BERNARDINO,SAN BERNARDINO,-117.29640197753906,34.10831069946289
8583141,2018,2018-03-29,3600,2018-01-24,0803,H5425,RC047,3,5,6,3616,0,0,0,NA,0,NA,BASELINE RD,CARNELIAN ST,634,E,N,A,-,N,NA,NA,NA,NA,NA,NA,NA,NA,NA,Y,4,0,3,2,A,-,09,21801,A,N,D,C,A,A,H,-,A,A,0,NA,NA,NA,NA,Y,NA,A,01,0,0,3,0,0,0,0,0,0,-,-,NA,NA,SAN BERNARDINO,RANCHO CUCAMONGA,-117.61402130126952,34.121551513671875
8583976,2018,2018-04-10,3604,2018-03-14,0911,509,NA,3,5,6,3604,0,0,0,NA,0,NA,BASELINE AV,ALMERIA AV,0,NA,Y,A,-,N,NA,NA,NA,NA,NA,NA,NA,NA,NA,Y,4,0,2,2,A,-,12,21453,A,N,D,C,A,A,H,-,A,A,0,NA,NA,NA,NA,Y,NA,A,01,0,0,2,0,0,0,0,0,0,-,-,NA,NA,SAN BERNARDINO,FONTANA,-117.46021270751952,34.121429443359375
8589355,2018,2018-04-10,3600,2018-01-28,0959,E4008,YC308,7,5,4,3640,0,0,0,NA,0,YC2,3RD ST,AVENUE H,0,NA,Y,A,-,N,NA,NA,NA,NA,NA,NA,NA,NA,NA,Y,3,0,2,2,A,-,12,22450,A,N,D,C,A,A,H,-,A,A,0,NA,NA,NA,NA,Y,NA,D,22,0,2,0,0,0,0,0,0,0,-,-,NA,NA,SAN BERNARDINO,YUCAIPA,-117.0475616455078,34.01026916503906
8589837,2018,2018-04-13,3608,2018-03-05,1616,3821,NA,1,5,5,3608,0,0,0,NA,0,NA,ORANGE ST,SUN AV,0,NA,Y,A,-,N,NA,NA,NA,NA,NA,NA,NA,NA,NA,Y,3,0,3,3,A,-,09,21802,A,N,D,C,A,A,H,-,A,A,0,NA,NA,NA,NA,Y,NA,A,08,0,1,2,0,0,0,0,0,0,-,-,NA,NA,SAN BERNARDINO,REDLANDS,-117.18251037597656,34.064048767089844
8594801,2018,2018-04-24,3605,2018-03-31,1100,397,NA,6,5,4,3605,0,0,0,NA,0,NA,MONTE VISTA AV,ROSEWOOD ST,0,NA,Y,A,-,N,NA,NA,NA,NA,NA,NA,NA,NA,NA,Y,4,0,1,2,A,-,08,22107,NA,N,D,C,A,A,H,-,A,A,0,NA,NA,NA,NA,Y,NA,A,01,0,0,1,0,0,0,0,0,0,-,-,NA,NA,SAN BERNARDINO,MONTCLAIR,-117.69828033447266,34.07672119140625
8594916,2018,2018-04-20,3600,2018-03-22,1204,G9490,VC021,4,5,5,3612,0,0,0,NA,0,VC3,RIDGECREST RD,FRANCESCA RD,0,NA,Y,C,-,N,NA,NA,NA,NA,NA,NA,NA,NA,NA,Y,3,0,1,2,A,-,09,21802,A,N,D,C,A,B,H,-,A,A,0,NA,NA,NA,NA,Y,NA,A,01,0,1,0,0,0,0,0,0,0,-,-,NA,NA,SAN BERNARDINO,VICTORVILLE,-117.27728271484376,34.472660064697266
8595941,2018,2018-04-17,3602,2018-03-02,0714,1256,NA,5,5,5,3602,0,0,0,NA,0,004,CHINO AV,CENTRAL AV,0,NA,Y,A,-,N,NA,NA,NA,NA,NA,NA,NA,NA,NA,Y,4,0,2,2,A,-,09,21801,A,N,D,C,A,A,H,-,A,A,0,NA,NA,NA,NA,Y,NA,A,01,0,0,2,0,0,0,0,0,0,-,-,NA,NA,SAN BERNARDINO,CHINO,-117.68924713134766,34.01198196411133
8596171,2018,2018-04-20,3609,2018-03-16,0705,9252,140,5,5,5,3609,0,0,0,NA,0,004,WILLOW AV,ORCHARD ST,70,N,N,A,-,N,NA,NA,NA,NA,NA,NA,NA,NA,NA,Y,3,0,1,2,A,-,03,22350,NA,N,C,E,A,A,H,-,A,D,0,NA,NA,NA,NA,Y,NA,A,01,0,1,0,0,0,0,0,0,0,-,-,34.090049743652344,-117.37464904785156,SAN BERNARDINO,RIALTO,-117.37467956542967,34.08993148803711
8596238,2018,2018-04-17,3609,2018-03-28,1448,4247,95,3,5,5,3609,0,0,0,NA,0,004,AYALA AV,FITZGERALD AV,0,NA,Y,A,-,N,NA,NA,NA,NA,NA,NA,NA,NA,NA,Y,4,0,1,2,A,-,09,21802,A,N,D,C,A,A,H,-,A,A,0,NA,NA,NA,NA,Y,NA,A,01,0,0,1,0,0,0,0,0,0,-,-,34.125511169433594,-117.39382934570313,SAN BERNARDINO,RIALTO,-117.39386749267578,34.125511169433594
8599872,2018,2018-05-07,3611,2018-01-21,0211,2822,3611,7,5,5,3611,0,0,0,NA,0,002,ARROW HWY,MOUNTAIN  VIEW AV,19,E,N,B,-,N,NA,NA,NA,NA,NA,NA,NA,NA,NA,N,4,0,1,2,A,-,11,21456,NA,N,G,B,-,A,H,-,A,A,0,Y,NA,NA,NA,Y,Y,N,60,0,0,1,0,1,0,0,0,0,-,-,NA,NA,SAN BERNARDINO,UPLAND,-117.67003631591795,34.099666595458984
8602409,2018,2018-05-16,3600,2018-04-01,1428,D3381,VC055,7,5,5,3612,0,0,0,NA,0,VC5,ARLETTE DR,HOOK BL,0,NA,Y,A,-,N,NA,NA,NA,NA,NA,NA,NA,NA,NA,Y,4,0,1,1,A,-,08,22107,NA,N,E,I,A,A,H,-,A,A,0,NA,NA,NA,NA,Y,NA,A,01,0,0,1,0,0,0,0,0,0,-,-,NA,NA,SAN BERNARDINO,VICTORVILLE,-117.33470153808594,34.52138900756836
8603578,2018,2018-05-09,3610,2018-04-05,1647,50793,NA,4,5,6,3610,0,0,0,NA,0,POLICE,W 2ND ST,G ST,18,W,N,A,-,N,NA,NA,NA,NA,NA,NA,NA,NA,NA,N,4,0,1,2,A,-,08,22107,NA,N,G,B,A,-,H,-,-,A,0,NA,Y,NA,NA,Y,NA,I,11,0,0,1,0,0,0,1,0,0,-,-,34.102699279785156,-117.29857635498048,SAN BERNARDINO,SAN BERNARDINO,-117.29869842529295,34.10280990600586
8605141,2018,2018-05-16,3609,2018-04-10,0801,0244,171,2,5,5,3609,0,0,0,NA,0,004,WILLOW AV,SAN BERNARDINO AV,150,N,N,A,-,N,NA,NA,NA,NA,NA,NA,NA,NA,NA,N,4,0,3,2,A,-,08,22107,NA,N,D,C,A,A,H,-,A,A,0,NA,NA,NA,NA,Y,NA,A,01,0,0,3,0,0,0,0,0,0,-,-,34.07849884033203,-117.37470245361328,SAN BERNARDINO,RIALTO,-117.37465667724608,34.07815933227539
8610620,2018,2018-05-30,3605,2018-04-26,0116,400,NA,4,5,4,3605,0,0,0,NA,0,NA,MONTE VISTA AV,PALO VERDE ST,0,NA,Y,B,-,N,NA,NA,NA,NA,NA,NA,NA,NA,NA,Y,3,0,1,2,A,-,12,21453,A,F,D,C,A,A,H,-,C,A,0,NA,NA,NA,NA,Y,NA,-,-,0,1,0,0,0,0,0,0,0,-,-,NA,NA,SAN BERNARDINO,MONTCLAIR,-117.69825744628906,34.08135986328125
8613765,2018,2018-04-24,3609,2018-04-01,1811,3156,128,7,5,5,3609,0,0,0,NA,0,002,SYCAMORE AV,VAN KOEVERING ST,39,N,N,A,-,N,NA,NA,NA,NA,NA,NA,NA,NA,NA,N,3,0,1,1,A,-,03,22350,NA,N,E,I,A,A,H,-,A,D,0,NA,NA,Y,NA,Y,NA,C,02,0,1,0,0,0,0,0,0,1,-,-,34.11293029785156,-117.3659896850586,SAN BERNARDINO,RIALTO,-117.36602020263672,34.112876892089844
8614635,2018,2018-05-01,3611,2018-01-02,1311,626,3611,2,5,5,3611,0,0,0,NA,0,002,11TH ST,REDDING WY,65,E,N,A,-,N,NA,NA,NA,NA,NA,NA,NA,NA,NA,N,4,0,1,2,A,-,09,21804,A,N,D,C,A,A,H,-,A,A,0,NA,NA,NA,NA,Y,NA,A,01,0,0,1,0,0,0,0,0,0,-,-,NA,NA,SAN BERNARDINO,UPLAND,-117.65585327148438,34.10335159301758
8615615,2018,2018-06-28,3609,2018-03-19,1730,5491,139,1,5,5,3609,0,0,0,NA,0,004,FOOTHILL BL,MAGNOLIA AV,0,NA,Y,A,-,N,NA,NA,NA,NA,NA,NA,NA,NA,NA,N,4,0,3,3,A,-,03,22350,NA,N,C,C,A,A,H,-,A,A,0,NA,NA,NA,NA,Y,NA,D,22,0,0,3,0,0,0,0,0,0,-,-,34.10689926147461,-117.17320251464844,SAN BERNARDINO,RIALTO,-117.36695861816406,34.10675048828125
8616090,2018,2018-05-16,3600,2018-04-27,0809,F8937,CH005,5,5,5,3630,0,0,0,NA,0,CH3,PEYTON DR,EUCALYPTUS AV,0,NA,Y,B,-,N,NA,NA,NA,NA,NA,NA,NA,NA,NA,Y,4,0,1,2,A,-,09,21801,A,N,C,C,A,A,H,-,A,D,0,NA,NA,NA,NA,Y,NA,A,07,0,0,1,0,0,0,0,0,0,-,-,NA,NA,SAN BERNARDINO,CHINO HILLS,-117.73258972167967,33.989768981933594
8619130,2018,2018-05-24,3611,2018-03-09,2342,3101,3611,5,5,5,3611,0,0,0,NA,0,003,E 16TH ST,EUCLID AV,279,E,N,A,-,N,NA,NA,NA,NA,NA,NA,NA,NA,NA,N,4,0,1,2,A,-,01,23152,A,N,C,E,A,A,H,-,C,D,0,NA,NA,NA,NA,Y,Y,D,22,0,0,1,0,0,0,0,0,0,-,-,NA,NA,SAN BERNARDINO,UPLAND,-117.65016174316406,34.12155532836914
8619197,2018,2018-05-25,3605,2018-04-23,1101,318,NA,1,5,4,3605,0,0,0,NA,0,NA,MISSION BL,RAMONA AV,440,E,N,A,-,N,NA,NA,NA,NA,NA,NA,NA,NA,NA,Y,4,0,2,2,A,-,03,22350,NA,N,D,C,A,A,H,-,A,A,0,NA,NA,NA,Y,Y,NA,A,01,0,0,2,0,0,0,0,0,0,-,-,NA,NA,SAN BERNARDINO,MONTCLAIR,-117.70545959472656,34.056034088134766
8619367,2018,2018-05-22,3611,2018-02-23,1935,3200,3611,5,5,5,3611,0,0,0,NA,0,001,14TH ST,ALBRIGHT AV,33,E,N,A,-,N,NA,NA,NA,NA,NA,NA,NA,NA,NA,Y,4,0,2,2,A,-,07,21658,A,N,A,C,A,A,H,-,C,A,0,NA,NA,NA,NA,Y,Y,A,01,0,0,2,0,0,0,0,0,0,-,-,NA,NA,SAN BERNARDINO,UPLAND,-117.66191864013672,34.11424255371094
8619391,2018,2018-05-22,3611,2018-03-05,1834,2297,3611,1,5,5,3611,0,0,0,NA,0,004,FOOTHILL BL,GROVE AV,255,W,N,A,-,N,NA,NA,NA,NA,NA,NA,NA,NA,NA,Y,4,0,1,2,A,-,06,21755,A,N,D,C,A,A,H,-,C,D,0,NA,NA,NA,NA,Y,NA,A,01,0,0,1,0,0,0,0,0,0,-,-,NA,NA,SAN BERNARDINO,UPLAND,-117.62935638427734,34.10679626464844
8619407,2018,2018-05-22,3611,2018-03-27,1540,3191,3611,2,5,5,3611,0,0,0,NA,0,004,2ND AV,OLIVE ST,0,NA,Y,A,-,N,NA,NA,NA,NA,NA,NA,NA,NA,NA,Y,4,0,1,2,A,-,09,21802,A,N,D,C,A,A,H,-,A,A,0,NA,NA,NA,NA,Y,NA,A,01,0,0,1,0,0,0,0,0,0,-,-,NA,NA,SAN BERNARDINO,UPLAND,-117.64849090576172,34.09064865112305
8619421,2017,2018-05-25,3603,2017-09-18,1600,CL4709,COLTO,1,5,4,3603,0,0,0,NA,0,004,HUNTS LN,STEWART ST,0,NA,Y,A,-,N,NA,NA,NA,NA,NA,NA,NA,NA,NA,N,4,0,2,2,A,-,09,21802,A,N,A,C,A,A,H,-,A,D,0,NA,NA,NA,NA,Y,NA,A,01,0,0,2,0,0,0,0,0,0,-,-,NA,NA,SAN BERNARDINO,COLTON,-117.28740002,34.05346005
8621381,2018,2018-05-23,3608,2018-04-27,0727,2898,NA,5,5,5,3608,0,0,0,NA,0,NA,TENNESSEE ST,SAN BERNARDINO AV,455,S,N,A,B,N,NA,NA,NA,NA,NA,NA,NA,NA,NA,Y,3,0,1,1,A,-,01,23152,F,M,E,I,A,A,H,-,A,D,0,NA,NA,NA,NA,Y,NA,A,01,0,1,0,0,0,0,0,0,0,-,-,NA,NA,SAN BERNARDINO,REDLANDS,-117.19983673095705,34.0761833190918
8622015,2018,2018-05-30,3600,2018-05-11,1525,D6899,HE404,5,5,5,3619,0,0,0,NA,0,HE4,SANTA FE AV E,JOSHUA ST,0,NA,Y,A,G,N,NA,NA,NA,NA,NA,NA,NA,NA,NA,Y,4,0,2,2,A,-,09,21802,A,N,D,C,A,A,H,-,A,D,0,NA,NA,NA,NA,Y,NA,A,01,0,0,2,0,0,0,0,0,0,-,-,NA,NA,SAN BERNARDINO,HESPERIA,-117.3053970336914,34.40253829956055
8625018,2018,2018-07-03,3610,2018-04-24,1106,50992,NA,2,5,6,3610,0,0,0,NA,0,POLICE,S MT VERNON AV,MILL,210,S,N,A,-,N,NA,NA,NA,NA,NA,NA,NA,NA,NA,Y,4,0,1,2,A,-,09,21801,A,N,D,C,A,A,H,-,A,D,0,NA,NA,NA,NA,Y,NA,A,07,0,0,1,0,0,0,0,0,0,-,-,34.090980529785156,-117.31510162353516,SAN BERNARDINO,SAN BERNARDINO,-117.31382751464844,34.0915641784668
8626359,2018,2018-06-04,3600,2018-03-30,1915,F6926,RC035,5,5,6,3616,0,0,0,NA,0,005,ARCHIBALD AV,6TH ST,0,NA,Y,A,-,N,NA,NA,NA,NA,NA,NA,NA,NA,NA,N,4,0,1,2,A,-,03,22350,NA,N,C,C,A,A,H,-,A,A,0,NA,NA,NA,NA,Y,NA,-,NA,0,0,1,0,0,0,0,0,0,-,-,NA,NA,SAN BERNARDINO,RANCHO CUCAMONGA,-117.59342956542967,34.08477020263672
8626367,2018,2018-06-04,3600,2018-03-30,0941,E3926,RC010,5,5,6,3616,0,0,0,NA,0,RC3,DAY CREEK BL,BANYON ST,0,NA,Y,A,-,N,NA,NA,NA,NA,NA,NA,NA,NA,NA,N,4,0,1,2,A,-,03,22350,NA,N,C,C,A,A,H,-,A,A,0,NA,NA,NA,NA,Y,NA,A,08,0,0,1,0,0,0,0,0,0,-,-,NA,NA,SAN BERNARDINO,RANCHO CUCAMONGA,-117.53675079345705,34.1431999206543
8626521,2018,2018-06-04,3600,2018-04-22,1611,D3311,RC067,7,5,6,3616,0,0,0,NA,0,RC5,HAVEN AV,TOWN CENTER DR,0,NA,Y,A,-,N,NA,NA,NA,NA,NA,NA,NA,NA,NA,Y,3,0,1,2,A,-,07,21658,A,N,B,C,A,A,H,-,A,A,0,NA,NA,NA,NA,Y,NA,A,01,0,1,0,0,0,0,0,0,0,-,-,NA,NA,SAN BERNARDINO,RANCHO CUCAMONGA,-117.5759735107422,34.11043167114258
8626537,2018,2018-06-05,3600,2018-04-19,1711,D3311,RC036,4,5,6,3616,0,0,0,NA,0,RC4,8TH ST,ARCHIBALD AV,0,NA,Y,A,-,N,NA,NA,NA,NA,NA,NA,NA,NA,NA,N,4,0,1,2,A,-,05,21650,NA,N,D,G,A,A,H,-,A,A,0,NA,Y,NA,NA,Y,NA,L,04,0,0,1,0,0,0,1,0,0,-,-,NA,NA,SAN BERNARDINO,RANCHO CUCAMONGA,-117.59349822998048,34.091678619384766
8627677,2018,2018-06-05,3600,2018-04-26,1445,D6174,RC031,4,5,6,3616,0,0,0,NA,0,RC5,ARROW RTE,HAVEN AV,590,W,N,A,-,N,NA,NA,NA,NA,NA,NA,NA,NA,NA,Y,4,0,1,2,A,-,03,22350,NA,N,C,C,A,A,H,-,A,D,0,NA,NA,NA,NA,Y,NA,A,01,0,0,1,0,0,0,0,0,0,-,-,NA,NA,SAN BERNARDINO,RANCHO CUCAMONGA,-117.577880859375,34.09922409057617
8628733,2018,2018-06-15,3610,2018-04-25,2230,51119,NA,3,5,6,3610,0,0,0,NA,0,POLICE,E 18TH ST,KENWOOD AV,84,W,N,A,-,N,NA,NA,NA,NA,NA,NA,NA,NA,NA,Y,3,0,1,2,A,-,08,22107,1,N,A,E,A,A,H,-,C,D,0,NA,NA,NA,Y,Y,NA,A,01,0,1,0,0,0,0,0,0,0,-,-,34.13090133666992,-117.27593994140624,SAN BERNARDINO,SAN BERNARDINO,-117.27599334716795,34.13107681274414
8629080,2018,2018-06-15,3610,2018-04-19,2100,51141,NA,4,5,6,3610,0,0,0,NA,0,NA,W BASELINE ST,TIA JUANA ST,18,W,N,A,-,N,NA,NA,NA,NA,NA,NA,NA,NA,NA,N,4,0,1,2,A,-,11,21954,A,M,G,B,D,A,H,-,C,D,0,Y,NA,NA,NA,Y,Y,N,60,0,0,1,0,1,0,0,0,0,-,-,NA,NA,SAN BERNARDINO,SAN BERNARDINO,-117.32173919677734,34.12131881713867
8630231,2018,2018-05-31,3602,2018-05-04,1223,3862,NA,5,5,5,3602,0,0,0,NA,0,002,WALNUT AV,10TH ST,300,E,N,A,-,N,NA,NA,NA,NA,NA,NA,NA,NA,NA,Y,4,0,1,1,A,-,08,22107,NA,N,E,I,A,A,H,-,A,D,0,NA,NA,NA,NA,Y,NA,A,01,0,0,1,0,0,0,0,0,0,-,-,NA,NA,SAN BERNARDINO,CHINO,-117.68585205078124,34.02629470825195
8630476,2018,2018-06-04,3602,2018-04-17,1505,3860,NA,2,5,5,3602,0,0,0,NA,0,004,3RD ST,SCHAEFER AV,390,N,N,A,-,N,NA,NA,NA,NA,NA,NA,NA,NA,NA,Y,3,0,1,1,A,-,01,23152,A,M,E,I,A,A,H,-,A,D,0,NA,NA,NA,NA,Y,Y,A,01,0,1,0,0,0,0,0,0,0,-,-,NA,NA,SAN BERNARDINO,CHINO,-117.69603729248048,34.005550384521484
8630625,2018,2018-06-04,3602,2018-04-30,0805,3678,NA,1,5,5,3602,0,0,0,NA,0,005,KIMBALL AV,EUCLID AV,1500,E,N,B,-,N,NA,NA,NA,NA,NA,NA,NA,NA,NA,N,4,0,1,2,A,-,03,22350,NA,F,C,C,A,A,H,-,A,D,0,NA,NA,NA,NA,Y,NA,A,08,0,0,1,0,0,0,0,0,0,-,-,NA,NA,SAN BERNARDINO,CHINO,-117.6459732055664,33.967708587646484
8630700,2018,2018-06-04,3602,2018-03-15,0712,3817,NA,4,5,5,3602,0,0,0,NA,0,004,MONTE VISTA AV,SCHAEFER AV,0,NA,Y,B,-,N,NA,NA,NA,NA,NA,NA,NA,NA,NA,N,4,0,1,2,A,-,09,21800,A,N,D,C,A,B,H,-,A,A,0,NA,NA,NA,NA,Y,NA,A,01,0,0,1,0,0,0,0,0,0,-,-,NA,NA,SAN BERNARDINO,CHINO,-117.69786834716795,34.004459381103516