CASE_ID,ACCIDENT_YEAR,PROC_DATE,JURIS,COLLISION_DATE,COLLISION_TIME,OFFICER_ID,REPORTING_DISTRICT,DAY_OF_WEEK,CHP_SHIFT,POPULATION,CNTY_CITY_LOC,SPECIAL_COND,BEAT_TYPE,CHP_BEAT_TYPE,CITY_DIVISION_LAPD,CHP_BEAT_CLASS,BEAT_NUMBER,PRIMARY_RD,SECONDARY_RD,DISTANCE,DIRECTION,INTERSECTION,WEATHER_1,WEATHER_2,STATE_HWY_IND,CALTRANS_COUNTY,CALTRANS_DISTRICT,STATE_ROUTE,ROUTE_SUFFIX,POSTMILE_PREFIX,POSTMILE,LOCATION_TYPE,RAMP_INTERSECTION,SIDE_OF_HWY,TOW_AWAY,COLLISION_SEVERITY,NUMBER_KILLED,NUMBER_INJURED,PARTY_COUNT,PRIMARY_COLL_FACTOR,PCF_CODE_OF_VIOL,PCF_VIOL_CATEGORY,PCF_VIOLATION,PCF_VIOL_SUBSECTION,HIT_AND_RUN,TYPE_OF_COLLISION,MVIW,PED_ACTION,ROAD_SURFACE,ROAD_COND_1,ROAD_COND_2,LIGHTING,CONTROL_DEVICE,CHP_ROAD_TYPE,PEDESTRIAN_ACCIDENT,BICYCLE_ACCIDENT,MOTORCYCLE_ACCIDENT,TRUCK_ACCIDENT,NOT_PRIVATE_PROPERTY,ALCOHOL_INVOLVED,STWD_VEHTYPE_AT_FAULT,CHP_VEHTYPE_AT_FAULT,COUNT_SEVERE_INJ,COUNT_VISIBLE_INJ,COUNT_COMPLAINT_PAIN,COUNT_PED_KILLED,COUNT_PED_INJURED,COUNT_BICYCLIST_KILLED,COUNT_BICYCLIST_INJURED,COUNT_MC_KILLED,COUNT_MC_INJURED,PRIMARY_RAMP,SECONDARY_RAMP,LATITUDE,LONGITUDE,COUNTY,CITY,POINT_X,POINT_Y
8939270,2018,2019-12-23,3607,2018-05-03,0523,80483,255,4,5,6,3607,0,0,0,NA,0,062,CAMPUS AV,WALNUT ST,12,S,N,A,-,N,NA,NA,NA,NA,NA,NA,NA,NA,NA,Y,1,1,0,2,A,-,12,22450,A,N,G,B,B,A,H,-,B,A,0,Y,NA,NA,NA,Y,NA,A,01,0,0,0,1,0,0,0,0,0,-,-,NA,NA,SAN BERNARDINO,ONTARIO,-117.64144897460938,34.02655792236328
8942291,2019,2019-10-15,3604,2019-09-04,1231,473,NA,3,5,6,3604,0,0,0,NA,0,NA,ARROW BL,JUNIPER AV,223,W,N,A,-,N,NA,NA,NA,NA,NA,NA,NA,NA,NA,N,4,0,1,2,A,-,09,21801,A,N,D,C,A,A,H,-,A,A,0,NA,NA,NA,NA,Y,NA,A,01,0,0,1,0,0,0,0,0,0,-,-,NA,NA,SAN BERNARDINO,FONTANA,-117.44086456298828,34.09932327270508
8943058,2019,2019-10-07,3602,2019-09-03,0458,3987,NA,2,5,5,3602,0,0,0,NA,0,003,RAMONA AV,EDISON AV,0,NA,Y,A,-,N,NA,NA,NA,NA,NA,NA,NA,NA,NA,Y,4,0,1,3,A,-,01,23153,A,F,D,C,A,A,H,-,C,A,0,NA,NA,NA,NA,Y,Y,A,01,0,0,1,0,0,0,0,0,0,-,-,NA,NA,SAN BERNARDINO,CHINO,-117.70652770996094,33.997188568115234
8943174,2019,2019-09-23,3602,2019-08-21,0747,3034,47,3,5,5,3602,0,0,0,NA,0,001,RIVERSIDE DR,3RD ST,0,NA,Y,A,-,N,NA,NA,NA,NA,NA,NA,NA,NA,NA,Y,3,0,1,2,A,-,09,21801,A,N,D,C,A,A,H,-,A,A,0,NA,NA,NA,NA,Y,NA,A,01,0,1,0,0,0,0,0,0,0,-,-,NA,NA,SAN BERNARDINO,CHINO,-117.69587707519533,34.019039154052734
8943178,2019,2019-09-23,3602,2019-08-20,0721,3034,74,2,5,5,3602,0,0,0,NA,0,005,CHINO AV,CYPRESS AV,92,W,N,A,-,N,NA,NA,NA,NA,NA,NA,NA,NA,NA,Y,3,0,1,3,A,-,03,22350,NA,N,C,C,A,A,H,-,A,D,0,NA,NA,NA,NA,Y,NA,A,01,0,1,0,0,0,0,0,0,0,-,-,NA,NA,SAN BERNARDINO,CHINO,-117.66340637207033,34.011993408203125
8922065,2019,2019-08-30,3600,2019-08-02,1107,D2561,VC013,5,5,5,3612,0,0,0,NA,0,VC4,AMARGOSA RD,DESERT ESCAPE,2635,S,N,A,-,N,NA,NA,NA,NA,NA,NA,NA,NA,NA,Y,4,0,3,2,A,-,09,21801,A,N,D,C,A,A,H,-,A,A,0,NA,NA,NA,NA,Y,NA,A,08,0,0,3,0,0,0,0,0,0,-,-,NA,NA,SAN BERNARDINO,VICTORVILLE,-117.35498046875,34.4598503112793
8917274,2019,2019-08-15,3602,2019-04-11,1149,2798,NA,4,5,5,3602,0,0,0,NA,0,004,REDWOOD AV,SCHAEFER AV,0,NA,Y,A,-,N,NA,NA,NA,NA,NA,NA,NA,NA,NA,N,4,0,1,2,D,-,00,NA,NA,N,B,C,A,A,H,-,A,D,0,NA,NA,NA,NA,Y,NA,-,-,0,0,1,0,0,0,0,0,0,-,-,NA,NA,SAN BERNARDINO,CHINO,-117.68694305419922,34.00458908081055
8948397,2019,2019-10-02,3608,2019-08-01,1138,4464,NA,4,5,5,3608,0,0,0,NA,0,NA,COLTON AV,CHURCH ST,0,NA,Y,A,-,N,NA,NA,NA,NA,NA,NA,NA,NA,NA,Y,4,0,1,2,A,-,09,21801,A,N,A,C,A,A,H,-,A,A,0,NA,NA,NA,NA,Y,NA,A,07,0,0,1,0,0,0,0,0,0,-,-,NA,NA,SAN BERNARDINO,REDLANDS,-117.17379760742188,34.06282043457031
8950185,2019,2019-10-24,3608,2019-09-18,0802,4202,3608,3,5,5,3608,0,0,0,NA,0,NA,BROOKSIDE AV,CENTER ST,10,W,N,A,-,N,NA,NA,NA,NA,NA,NA,NA,NA,NA,N,3,0,1,2,A,-,11,21456,C,N,G,B,B,A,H,-,A,A,0,Y,NA,NA,NA,Y,NA,N,60,0,1,0,0,1,0,0,0,0,-,-,NA,NA,SAN BERNARDINO,REDLANDS,-117.1910400390625,34.05244445800781
8950579,2019,2019-10-16,3608,2019-09-20,0040,4076,3608,5,5,5,3608,0,0,0,NA,0,NA,ALABAMA ST,PARK AV,22,N,N,A,-,N,NA,NA,NA,NA,NA,NA,NA,NA,NA,N,4,0,1,2,A,-,03,22350,NA,N,C,C,A,A,H,-,C,A,0,NA,NA,NA,NA,Y,NA,A,01,0,0,1,0,0,0,0,0,0,-,-,NA,NA,SAN BERNARDINO,REDLANDS,-117.20880126953124,34.05929946899414
8915830,2019,2019-08-12,3600,2019-05-20,1350,C4462,VC021,1,5,5,3612,0,0,0,NA,0,VC3,BEAR VALLEY RD,HESPERIA RD,0,NA,Y,A,-,N,NA,NA,NA,NA,NA,NA,NA,NA,NA,Y,4,0,1,3,A,-,03,22350,NA,N,C,C,A,A,H,-,A,B,0,NA,NA,NA,NA,Y,NA,A,07,0,0,1,0,0,0,0,0,0,-,-,NA,NA,SAN BERNARDINO,VICTORVILLE,-117.2919692993164,34.47092056274414
8915806,2019,2019-08-12,3602,2019-05-10,1445,3955,NA,5,5,5,3602,0,0,0,NA,0,003,PIPELINE AV,MIGUEL ST,1,N,N,A,-,N,NA,NA,NA,NA,NA,NA,NA,NA,NA,Y,3,0,2,4,A,-,03,22350,NA,N,C,C,A,A,H,-,A,D,0,NA,NA,NA,NA,Y,NA,A,07,0,2,0,0,0,0,0,0,0,-,-,NA,NA,SAN BERNARDINO,CHINO,-117.71531677246094,34.009002685546875
8956429,2019,2019-11-07,3600,2019-09-30,1214,F8247,HE107,1,5,5,3619,0,0,0,NA,0,HE1,11TH AV,MANZANITA ST,0,NA,Y,A,-,N,NA,NA,NA,NA,NA,NA,NA,NA,NA,Y,3,0,3,2,A,-,12,22450,A,N,B,C,A,A,H,-,A,A,0,NA,NA,NA,NA,Y,NA,A,01,0,1,2,0,0,0,0,0,0,-,-,NA,NA,SAN BERNARDINO,HESPERIA,-117.32111358642578,34.46527862548828
8956849,2019,2019-10-31,3610,2019-09-02,2246,51196,NA,1,5,6,3610,0,0,0,NA,0,POLICE,W 3RD ST,RT 215,480,W,N,A,-,N,NA,NA,NA,NA,NA,NA,NA,NA,NA,Y,4,0,1,1,A,-,08,22107,NA,N,F,I,A,A,H,-,C,D,0,NA,NA,Y,NA,Y,NA,C,02,0,0,1,0,0,0,0,0,1,-,SF,34.10449981689453,-117.30541229248048,SAN BERNARDINO,SAN BERNARDINO,-117.30391693115234,34.104591369628906
8956922,2019,2019-10-16,3600,2019-08-19,1427,H5847,3600,1,5,5,3612,0,0,0,NA,0,VC06,VILLAGE DR,MOJAVE DR,0,NA,Y,A,-,N,NA,NA,NA,NA,NA,NA,NA,NA,NA,Y,4,0,1,2,A,-,12,21453,A,N,A,C,A,A,H,-,A,A,0,NA,NA,NA,NA,Y,NA,A,01,0,0,1,0,0,0,0,0,0,-,-,NA,NA,SAN BERNARDINO,VICTORVILLE,-117.3183135986328,34.528900146484375
8956926,2019,2019-10-16,3600,2019-08-15,0809,D2561,VC052,4,5,5,3612,0,0,0,NA,0,VC5,MOJAVE DR,COBALT RD,0,NA,Y,A,-,N,NA,NA,NA,NA,NA,NA,NA,NA,NA,Y,3,0,2,2,A,-,03,22350,NA,N,C,C,A,A,H,-,A,A,0,NA,NA,NA,NA,Y,NA,A,01,0,1,1,0,0,0,0,0,0,-,-,NA,NA,SAN BERNARDINO,VICTORVILLE,-117.37306213378906,34.528541564941406
8911943,2020,2021-01-12,3600,2020-06-25,2241,G3224,YV019,4,5,3,3631,0,0,0,NA,0,YV1,RT 62,HERMOSA AV,2,E,N,A,-,Y,SBD,8,62,-,-,14.56,I,5,W,N,1,1,0,2,A,-,11,21954,A,N,G,B,D,A,H,-,C,D,0,Y,NA,NA,NA,Y,NA,N,60,0,0,0,1,0,0,0,0,0,-,-,34.13499069213867,-116.3798599243164,SAN BERNARDINO,YUCCA VALLEY,-116.37925720214844,34.13494110107422
8960631,2019,2020-09-11,3602,2019-10-24,1020,3573,NA,4,5,5,3602,0,0,0,NA,0,001,RAMONA AV,RT 60,70,N,N,A,-,Y,SBD,8,60,-,R,1.149,R,4,E,Y,4,0,2,2,A,-,03,22350,NA,N,C,C,A,A,H,-,A,A,0,NA,NA,NA,NA,Y,NA,J,48,0,0,2,0,0,0,0,0,0,-,-,NA,NA,SAN BERNARDINO,CHINO,-117.71063995361328,34.03002166748047
8962552,2019,2019-10-23,3600,2019-09-16,2112,G3233,HE108,1,5,5,3619,0,0,0,NA,0,HE1,7TH AV,EUCALYPTUS ST,0,NA,Y,A,-,N,NA,NA,NA,NA,NA,NA,NA,NA,NA,Y,4,0,1,2,D,-,00,NA,NA,N,D,C,A,A,H,-,C,A,0,NA,NA,NA,NA,Y,NA,-,-,0,0,1,0,0,0,0,0,0,-,-,NA,NA,SAN BERNARDINO,HESPERIA,-117.3122329711914,34.456199645996094
8963279,2019,2019-11-04,3608,2019-10-03,1647,3821,NA,4,5,5,3608,0,0,0,NA,0,NA,CITRUS AV,CYPRESS AV,45,E,N,A,-,N,NA,NA,NA,NA,NA,NA,NA,NA,NA,N,4,0,2,3,A,-,03,22350,NA,N,B,C,A,A,H,-,A,D,0,NA,NA,NA,NA,Y,NA,A,07,0,0,2,0,0,0,0,0,0,-,-,NA,NA,SAN BERNARDINO,REDLANDS,-117.16149139404295,34.055580139160156
8963365,2019,2019-10-28,3603,2019-07-07,1116,4920,CPD,7,5,4,3603,0,0,0,NA,0,002,LA CADENA AV,VALLEY BL,0,NA,-,A,-,N,NA,NA,NA,NA,NA,NA,NA,NA,NA,N,4,0,1,2,A,-,09,21801,A,N,D,C,A,A,H,-,-,A,0,NA,NA,NA,NA,Y,NA,-,NA,0,0,1,0,0,0,0,0,0,-,-,34.06686019897461,-117.32433319091795,SAN BERNARDINO,COLTON,-117.32433319091795,34.066871643066406
8963460,2019,2019-11-01,3608,2019-09-13,1442,4904,NA,5,5,5,3608,0,0,0,NA,0,NA,TERRACINA BL,LAUREL AV,34,N,N,A,-,N,NA,NA,NA,NA,NA,NA,NA,NA,NA,Y,3,0,1,3,A,-,05,21651,B,N,A,E,A,A,H,-,A,D,0,NA,NA,NA,NA,Y,NA,A,01,0,1,0,0,0,0,0,0,0,-,-,34.037601470947266,-117.20514678955078,SAN BERNARDINO,REDLANDS,-117.20504760742188,34.037498474121094
8911767,2020,2020-10-30,3600,2020-07-07,1455,E3370,RC068,2,5,6,3616,0,0,0,NA,0,006,ROCHESTER AV,FOOTHILL BL,205,N,N,A,-,N,NA,NA,NA,NA,NA,NA,NA,NA,NA,Y,1,1,0,2,A,-,09,21804,B,N,C,C,A,A,H,-,A,A,0,NA,NA,Y,NA,Y,NA,C,02,0,0,0,0,0,0,0,0,0,-,-,NA,NA,SAN BERNARDINO,RANCHO CUCAMONGA,-117.54562377929688,34.10702133178711
8911590,2020,2021-03-11,3600,2020-06-18,2131,D2557,CH018,4,5,5,3630,0,0,0,NA,0,CH3,CARBON CANYON RD ( RT 142),CANYON HILLS RD,1510,S,N,A,-,Y,SBD,8,142,-,-,0.47,H,-,E,Y,1,1,0,3,A,-,11,21954,A,N,G,B,E,A,H,-,C,D,0,Y,NA,NA,NA,Y,NA,N,60,0,0,0,1,0,0,0,0,0,-,-,NA,NA,SAN BERNARDINO,CHINO HILLS,-117.77643585205078,33.95003128051758
8966868,2019,2019-11-08,3600,2019-09-13,1454,E3370,RC014,5,5,6,3616,0,0,0,NA,0,006,TERRA VISTA PKWY,MOUNTAIN VIEW DR,6,N,N,A,-,N,NA,NA,NA,NA,NA,NA,NA,NA,NA,Y,3,0,1,2,A,-,09,21801,A,N,D,C,A,A,H,-,A,A,0,NA,NA,NA,NA,Y,NA,A,01,0,1,0,0,0,0,0,0,0,-,-,NA,NA,SAN BERNARDINO,RANCHO CUCAMONGA,-117.55261993408205,34.11738204956055
8967067,2019,2019-10-31,3604,2019-10-03,1334,473,NA,4,5,6,3604,0,0,0,NA,0,NA,MANGO AV,SEVILLE AV,85,S,N,A,-,N,NA,NA,NA,NA,NA,NA,NA,NA,NA,N,4,0,1,2,A,-,03,22350,NA,N,C,C,A,A,H,-,A,A,0,NA,NA,NA,NA,Y,NA,A,01,0,0,1,0,0,0,0,0,0,-,-,NA,NA,SAN BERNARDINO,FONTANA,-117.43142700195313,34.101375579833984
8967600,2019,2019-11-05,3605,2019-10-10,2014,382,NA,4,5,4,3605,0,0,0,NA,0,NA,MONTE VISTA AV,HOLT BL,0,NA,Y,A,-,N,NA,NA,NA,NA,NA,NA,NA,NA,NA,Y,4,0,3,2,A,-,09,21801,A,N,D,C,A,A,H,-,C,A,0,NA,NA,NA,NA,Y,NA,A,01,0,0,3,0,0,0,0,0,0,-,-,NA,NA,SAN BERNARDINO,MONTCLAIR,-117.6982879638672,34.063209533691406
8967796,2019,2019-11-15,3600,2019-09-26,0603,G8533,AP011,4,5,5,3621,0,0,0,NA,0,AP1,DALE EVANS PKWY,QUARRY RD,0,NA,Y,B,-,N,NA,NA,NA,NA,NA,NA,NA,NA,NA,Y,4,0,1,1,A,-,08,22107,NA,N,E,I,A,A,H,-,B,D,0,NA,NA,NA,NA,Y,NA,D,22,0,0,1,0,0,0,0,0,0,-,-,NA,NA,SAN BERNARDINO,APPLE VALLEY,-117.20706939697266,34.61579895019531
8967803,2019,2019-11-07,3600,2019-07-11,1913,C9392,RC024,4,5,6,3616,0,0,0,NA,0,RC2,ARCHIBALD AV,BELDON CT,91,S,N,A,-,N,NA,NA,NA,NA,NA,NA,NA,NA,NA,Y,4,0,1,1,A,-,07,21658,NA,N,E,I,A,A,H,-,A,D,0,NA,NA,NA,NA,Y,NA,D,72,0,0,1,0,0,0,0,0,0,-,-,NA,NA,SAN BERNARDINO,RANCHO CUCAMONGA,-117.59326171875,34.152462005615234
8967822,2019,2019-11-08,3600,2019-09-26,1846,C9392,RC068,4,5,6,3616,0,0,0,NA,0,RC6,CHURCH ST,MILLIKEN,215,W,N,A,-,N,NA,NA,NA,NA,NA,NA,NA,NA,NA,Y,4,0,1,2,A,-,01,23152,A,N,C,C,A,A,H,-,A,A,0,NA,NA,NA,NA,Y,Y,D,22,0,0,1,0,0,0,0,0,0,-,-,NA,NA,SAN BERNARDINO,RANCHO CUCAMONGA,-117.55823516845705,34.1091423034668
8969843,2019,2019-12-19,3600,2019-10-15,0851,E8738,CH065,2,5,5,3630,0,0,0,NA,0,CH4,SOQUEL CANYON PKWY,CITY LIGHT POLE CH03436,59,W,N,A,-,N,NA,NA,NA,NA,NA,NA,NA,NA,NA,Y,4,0,1,2,A,-,09,21801,A,N,D,C,A,A,H,-,A,D,0,NA,NA,NA,NA,Y,NA,A,08,0,0,1,0,0,0,0,0,0,-,-,NA,NA,SAN BERNARDINO,CHINO HILLS,NA,NA
8908637,2019,2019-08-09,3600,2019-07-21,1347,S3887,HE303,7,5,5,3619,0,0,0,NA,0,HE3,MARIPOSA RD,CEDAR ST,0,NA,Y,A,-,N,NA,NA,NA,NA,NA,NA,NA,NA,NA,Y,4,0,1,1,A,-,03,22350,NA,N,H,A,A,A,G,-,A,A,0,NA,NA,NA,NA,Y,NA,-,-,0,0,1,0,0,0,0,0,0,-,-,NA,NA,SAN BERNARDINO,HESPERIA,-117.39337921142578,34.406368255615234
8970807,2019,2019-11-08,3600,2019-09-08,0010,H6883,HE118,7,5,5,3619,0,0,0,NA,0,HE3,MARIPOSA RD,LIVE OAK ST,0,NA,Y,A,-,N,NA,NA,NA,NA,NA,NA,NA,NA,NA,Y,4,0,1,2,A,-,03,22350,NA,N,C,-,A,A,H,-,C,A,0,NA,NA,NA,NA,Y,NA,A,01,0,0,1,0,0,0,0,0,0,-,-,NA,NA,SAN BERNARDINO,HESPERIA,-117.3740692138672,34.434139251708984
8970969,2019,2019-11-21,3600,2019-08-29,1305,G3596,HE207,4,5,5,3619,0,0,0,NA,0,HE2,E AV,MOJAVE ST,0,NA,Y,A,-,N,NA,NA,NA,NA,NA,NA,NA,NA,NA,N,4,0,2,2,A,-,09,21801,A,N,D,C,A,A,H,-,A,A,0,NA,NA,NA,NA,Y,NA,A,01,0,0,2,0,0,0,0,0,0,-,-,NA,NA,SAN BERNARDINO,HESPERIA,-117.28929901123048,34.4351806640625
8971029,2019,2019-11-12,3600,2019-08-13,0721,FOYTIK,RC073,2,5,6,3616,0,0,0,NA,0,005,MILLIKEN AV,4TH ST,302,N,N,A,-,N,NA,NA,NA,NA,NA,NA,NA,NA,NA,N,4,0,1,2,A,-,09,21804,A,N,D,G,A,A,H,-,A,D,0,NA,Y,NA,NA,Y,NA,A,07,0,0,1,0,0,0,1,0,0,-,-,NA,NA,SAN BERNARDINO,RANCHO CUCAMONGA,-117.55840301513672,34.07817840576172
8971321,2019,2019-11-19,3604,2019-10-12,1636,1127,NA,6,5,6,3604,0,0,0,NA,0,NA,CHERRY AV,FOOTHILL BL,589,N,N,A,-,N,NA,NA,NA,NA,NA,NA,NA,NA,NA,Y,3,0,1,2,A,-,03,22350,NA,N,C,C,A,A,H,-,A,A,0,NA,NA,NA,NA,Y,NA,A,01,0,1,0,0,0,0,0,0,0,-,-,34.63016891479492,-117.29190063476563,SAN BERNARDINO,FONTANA,-117.48873138427734,34.10826110839844
8971709,2019,2019-11-21,3604,2019-10-13,1308,1163,NA,7,5,6,3604,0,0,0,NA,0,NA,CITRUS AV,ARROW BL,500,N,N,A,-,N,NA,NA,NA,NA,NA,NA,NA,NA,NA,N,3,0,1,2,A,-,03,22350,NA,N,C,C,A,A,H,-,A,A,0,NA,NA,NA,NA,Y,NA,A,01,0,1,0,0,0,0,0,0,0,-,-,NA,NA,SAN BERNARDINO,FONTANA,-117.45364379882813,34.100669860839844
8971761,2019,2019-11-20,3600,2019-10-22,1231,E2055,HE327,2,5,5,3619,0,0,0,NA,0,HE3,MAIN ST,KEY POINTE DR,0,NA,Y,A,-,N,NA,NA,NA,NA,NA,NA,NA,NA,NA,Y,3,0,1,2,A,-,09,21453,C,N,D,C,A,A,H,-,A,A,0,NA,NA,Y,NA,Y,NA,A,07,0,1,0,0,0,0,0,0,1,-,-,NA,NA,SAN BERNARDINO,HESPERIA,-117.38379669189452,34.42675018310547
8907855,2019,2019-08-19,3604,2019-07-26,2106,1154,NA,5,5,6,3604,0,0,0,NA,0,NA,CHERRY RD,BEECH AV,0,NA,Y,A,-,N,NA,NA,NA,NA,NA,NA,NA,NA,NA,Y,3,0,2,4,A,-,12,21453,A,N,D,C,A,A,H,-,C,A,0,NA,NA,NA,NA,Y,NA,A,01,0,2,0,0,0,0,0,0,0,-,-,NA,NA,SAN BERNARDINO,FONTANA,-117.48647308349608,34.150508880615234
8972083,2019,2019-11-08,3609,2019-10-16,2229,7770,RI007,3,5,5,3609,0,0,0,NA,0,001,RIVERSIDE AV,ALDER AV,0,NA,Y,A,-,N,NA,NA,NA,NA,NA,NA,NA,NA,NA,Y,4,0,1,2,A,-,08,22107,NA,N,D,C,A,A,H,-,C,A,0,NA,NA,NA,NA,Y,NA,A,01,0,0,1,0,0,0,0,0,0,-,-,NA,NA,SAN BERNARDINO,RIALTO,-117.41649627685548,34.166690826416016
8973135,2019,2019-11-22,3602,2019-09-24,1442,3172,NA,2,5,5,3602,0,0,0,NA,0,003,PIPELINE AV,EUCALYPTUS AV,236,N,N,A,-,N,NA,NA,NA,NA,NA,NA,NA,NA,NA,Y,3,0,2,4,A,-,01,23153,F,F,A,C,A,A,H,-,A,A,0,NA,NA,NA,NA,Y,NA,D,22,0,2,0,0,0,0,0,0,0,-,-,NA,NA,SAN BERNARDINO,CHINO,-117.7158432006836,33.989601135253906
8973272,2019,2019-11-14,3604,2019-10-08,0341,473,NA,2,5,6,3604,0,0,0,NA,0,NA,SANTA ANNA AV,ELM AV,0,NA,Y,A,-,N,NA,NA,NA,NA,NA,NA,NA,NA,NA,Y,4,0,1,2,A,-,09,21802,A,N,D,C,A,A,H,-,A,A,0,NA,NA,NA,NA,Y,NA,D,22,0,0,1,0,0,0,0,0,0,-,-,NA,NA,SAN BERNARDINO,FONTANA,-117.46688842773438,34.05569076538086
8973306,2019,2019-11-08,3600,2019-08-28,2014,F6913,RC010,3,5,6,3616,0,0,0,NA,0,003,DAY CREEK BL,BANYAN ST,0,NA,Y,A,-,N,NA,NA,NA,NA,NA,NA,NA,NA,NA,N,3,0,1,2,A,-,17,21451,A,N,B,G,A,A,H,-,C,A,0,NA,Y,NA,NA,Y,NA,A,01,0,1,0,0,0,0,1,0,0,-,-,NA,NA,SAN BERNARDINO,RANCHO CUCAMONGA,-117.53675079345705,34.1431999206543
8907210,2019,2019-08-12,3600,2019-06-20,1844,G5396,HE102,4,5,5,3619,0,0,0,NA,0,HE1,COTTONWOOD AV,EUCALYPTUS ST,0,NA,Y,A,-,N,NA,NA,NA,NA,NA,NA,NA,NA,NA,Y,4,0,1,2,A,-,-,NA,NA,N,D,C,A,A,H,-,A,A,0,NA,NA,NA,NA,Y,NA,-,-,0,0,1,0,0,0,0,0,0,-,-,NA,NA,SAN BERNARDINO,HESPERIA,-117.33856964111328,34.45600128173828
8976514,2019,2019-12-04,3604,2019-10-18,1755,1154,NA,5,5,6,3604,0,0,0,NA,0,NA,MILLER AV,MANGO AV,15,W,N,A,-,N,NA,NA,NA,NA,NA,NA,NA,NA,NA,N,4,0,2,2,A,-,03,22350,NA,N,C,C,A,A,H,-,A,A,0,NA,NA,NA,NA,Y,NA,A,01,0,0,2,0,0,0,0,0,0,-,-,NA,NA,SAN BERNARDINO,FONTANA,-117.43152618408205,34.113929748535156
8978512,2019,2020-01-16,3600,2019-11-02,1116,H9763,AP021,6,5,5,3621,0,0,0,NA,0,AP4,BEAR VALLEY RD,ALGONQUIN RD,136,W,N,A,-,N,NA,NA,NA,NA,NA,NA,NA,NA,NA,Y,4,0,1,2,A,-,03,22350,NA,N,C,C,A,A,H,-,A,A,0,NA,NA,NA,NA,Y,NA,D,22,0,0,1,0,0,0,0,0,0,-,-,NA,NA,SAN BERNARDINO,APPLE VALLEY,-117.19561767578124,34.47147750854492
8978992,2019,2019-12-06,3604,2019-10-23,0015,680,NA,3,5,6,3604,0,0,0,NA,0,NA,LOCUST AV,CITRON,160,N,N,A,-,N,NA,NA,NA,NA,NA,NA,NA,NA,NA,Y,4,0,2,1,A,-,08,22107,NA,N,E,I,A,A,H,-,C,D,0,NA,NA,NA,NA,Y,NA,A,01,0,0,2,0,0,0,0,0,0,-,-,NA,NA,SAN BERNARDINO,FONTANA,-117.40963745117188,34.0954475402832
8979004,2019,2019-12-10,3604,2019-10-06,0220,1286,NA,7,5,6,3604,0,0,0,NA,0,002,MANGO,FERN ST,0,NA,Y,A,-,N,NA,NA,NA,NA,NA,NA,NA,NA,NA,Y,2,0,1,2,A,-,09,21802,A,F,D,C,A,A,H,-,C,A,0,NA,NA,NA,NA,Y,NA,A,01,1,0,0,0,0,0,0,0,0,-,-,NA,NA,SAN BERNARDINO,FONTANA,-117.43171691894533,34.1262092590332
8907141,2019,2019-09-09,3600,2019-07-29,1604,D7736,YV016,1,5,3,3631,0,0,0,NA,0,YV1,YUCCA TRL,HANFORD AV,0,NA,Y,A,-,N,NA,NA,NA,NA,NA,NA,NA,NA,NA,Y,4,0,1,2,A,-,09,21803,B,N,D,C,A,A,H,-,A,A,0,NA,NA,NA,NA,Y,NA,A,01,0,0,1,0,0,0,0,0,0,-,-,34.12051010131836,-116.39338684082033,SAN BERNARDINO,YUCCA VALLEY,-116.39337921142578,34.1204719543457
8979032,2019,2019-12-10,3604,2019-10-28,0044,1098,NA,1,5,6,3604,0,0,0,NA,0,NA,MULBERRY AV,CHERRY AV,0,NA,Y,A,-,N,NA,NA,NA,NA,NA,NA,NA,NA,NA,Y,3,0,1,2,A,-,12,21453,A,N,D,C,A,A,H,-,C,A,0,NA,NA,NA,NA,Y,NA,A,01,0,1,0,0,0,0,0,0,0,-,-,NA,NA,SAN BERNARDINO,FONTANA,-117.50697326660156,34.03556823730469
8979337,2019,2019-12-13,3603,2019-09-04,1859,4819,CPD,3,5,4,3603,0,0,0,NA,0,002,MT VERNON AV,FAIRWAY DR,0,NA,Y,A,-,N,NA,NA,NA,NA,NA,NA,NA,NA,NA,N,3,0,1,2,A,-,08,22107,NA,N,A,B,B,A,H,-,C,A,0,Y,NA,NA,NA,Y,NA,A,01,0,1,0,0,1,0,0,0,0,-,-,NA,NA,SAN BERNARDINO,COLTON,-117.3138427734375,34.06871032714844
8982377,2019,2019-12-20,3610,2019-10-22,2110,51066,NA,2,5,6,3610,0,0,0,NA,0,NA,WEST 2ND,S G ST,0,NA,Y,A,-,N,NA,NA,NA,NA,NA,NA,NA,NA,NA,Y,3,0,1,2,A,-,12,21453,A,F,D,C,A,A,H,-,C,A,0,NA,NA,NA,NA,Y,NA,A,01,0,1,0,0,0,0,0,0,0,-,-,34.102699279785156,-117.29857635498048,SAN BERNARDINO,SAN BERNARDINO,-117.29863739013672,34.10280990600586
8946253,2019,2019-10-03,3602,2019-08-21,1816,3975,NA,3,5,5,3602,0,0,0,NA,0,003,EAST END AV,SCHAEFER AV,40,N,N,A,-,N,NA,NA,NA,NA,NA,NA,NA,NA,NA,N,3,0,2,1,A,-,03,22350,NA,N,A,J,A,A,H,-,A,A,0,NA,NA,NA,NA,Y,NA,A,01,0,2,0,0,0,0,0,0,0,-,-,NA,NA,SAN BERNARDINO,CHINO,-117.72401428222656,34.0045166015625
8946249,2019,2020-09-01,3610,2019-08-29,1833,BECERRA,NA,4,5,6,3610,0,0,0,NA,0,CHARLI,21ST ST,LUGO AV,0,NA,Y,A,-,N,NA,NA,NA,NA,NA,NA,NA,NA,NA,Y,4,0,2,2,A,-,09,21800,A,N,H,C,A,A,H,-,A,D,0,NA,NA,NA,NA,Y,NA,A,01,0,0,2,0,0,0,0,0,0,-,-,34.13407897949219,-117.28395080566406,SAN BERNARDINO,SAN BERNARDINO,-117.28394317626952,34.13404846191406
8982518,2019,2019-11-26,3605,2019-10-30,1905,391,NA,3,5,4,3605,0,0,0,NA,0,NA,RAMONA AV,KINGSLEY ST,0,NA,Y,A,-,N,NA,NA,NA,NA,NA,NA,NA,NA,NA,N,4,0,1,2,A,-,11,21950,B,N,G,B,B,A,H,-,D,D,0,Y,NA,NA,NA,Y,NA,N,60,0,0,1,0,1,0,0,0,0,-,-,NA,NA,SAN BERNARDINO,MONTCLAIR,-117.70703125,34.06678009033203