CASE_ID,ACCIDENT_YEAR,PROC_DATE,JURIS,COLLISION_DATE,COLLISION_TIME,OFFICER_ID,REPORTING_DISTRICT,DAY_OF_WEEK,CHP_SHIFT,POPULATION,CNTY_CITY_LOC,SPECIAL_COND,BEAT_TYPE,CHP_BEAT_TYPE,CITY_DIVISION_LAPD,CHP_BEAT_CLASS,BEAT_NUMBER,PRIMARY_RD,SECONDARY_RD,DISTANCE,DIRECTION,INTERSECTION,WEATHER_1,WEATHER_2,STATE_HWY_IND,CALTRANS_COUNTY,CALTRANS_DISTRICT,STATE_ROUTE,ROUTE_SUFFIX,POSTMILE_PREFIX,POSTMILE,LOCATION_TYPE,RAMP_INTERSECTION,SIDE_OF_HWY,TOW_AWAY,COLLISION_SEVERITY,NUMBER_KILLED,NUMBER_INJURED,PARTY_COUNT,PRIMARY_COLL_FACTOR,PCF_CODE_OF_VIOL,PCF_VIOL_CATEGORY,PCF_VIOLATION,PCF_VIOL_SUBSECTION,HIT_AND_RUN,TYPE_OF_COLLISION,MVIW,PED_ACTION,ROAD_SURFACE,ROAD_COND_1,ROAD_COND_2,LIGHTING,CONTROL_DEVICE,CHP_ROAD_TYPE,PEDESTRIAN_ACCIDENT,BICYCLE_ACCIDENT,MOTORCYCLE_ACCIDENT,TRUCK_ACCIDENT,NOT_PRIVATE_PROPERTY,ALCOHOL_INVOLVED,STWD_VEHTYPE_AT_FAULT,CHP_VEHTYPE_AT_FAULT,COUNT_SEVERE_INJ,COUNT_VISIBLE_INJ,COUNT_COMPLAINT_PAIN,COUNT_PED_KILLED,COUNT_PED_INJURED,COUNT_BICYCLIST_KILLED,COUNT_BICYCLIST_INJURED,COUNT_MC_KILLED,COUNT_MC_INJURED,PRIMARY_RAMP,SECONDARY_RAMP,LATITUDE,LONGITUDE,COUNTY,CITY,POINT_X,POINT_Y
8999833,2018,2019-12-10,3607,2018-06-07,1331,80313,255,4,5,6,3607,0,0,0,NA,0,062,CAMPUS AV,OAK HILL ST,0,NA,Y,A,-,N,NA,NA,NA,NA,NA,NA,NA,NA,NA,N,4,0,4,1,A,-,03,22350,NA,N,E,I,A,A,H,-,A,D,0,NA,NA,NA,NA,Y,NA,A,07,0,0,4,0,0,0,0,0,0,-,-,NA,NA,SAN BERNARDINO,ONTARIO,-117.64147186279295,34.02878189086914
8999848,2018,2019-12-11,3607,2018-01-08,0821,80492,85,1,5,6,3607,0,0,0,NA,0,011,MOUNTAIN AV,H ST,50,N,N,C,-,N,NA,NA,NA,NA,NA,NA,NA,NA,NA,Y,2,0,1,1,A,-,08,22107,NA,N,E,I,A,B,H,-,A,D,0,NA,NA,NA,NA,Y,NA,A,01,1,0,0,0,0,0,0,0,0,-,-,NA,NA,SAN BERNARDINO,ONTARIO,-117.67008972167967,34.07251739501953
8999852,2018,2019-12-11,3607,2018-01-08,1657,19995,217,1,5,6,3607,0,0,0,NA,0,042,JURUPA AV,AUTO CENTER DR,0,NA,Y,C,-,N,NA,NA,NA,NA,NA,NA,NA,NA,NA,Y,4,0,1,2,A,-,09,21801,A,N,D,C,A,B,H,-,C,A,0,NA,NA,NA,NA,Y,NA,A,01,0,0,1,0,0,0,0,0,0,-,-,NA,NA,SAN BERNARDINO,ONTARIO,-117.54499816894533,34.048091888427734
8999861,2018,2019-12-11,3607,2018-10-16,1317,80501,210,2,5,6,3607,0,0,0,NA,0,071,MISSION BL,BAKER AV,0,NA,Y,A,-,N,NA,NA,NA,NA,NA,NA,NA,NA,NA,Y,4,0,1,2,A,-,03,22350,NA,N,C,C,A,A,H,-,A,A,0,NA,NA,NA,NA,Y,NA,A,01,0,0,1,0,0,0,0,0,0,-,-,NA,NA,SAN BERNARDINO,ONTARIO,-117.61531066894533,34.05147171020508
8999873,2018,2019-12-11,3607,2018-10-13,1247,20042,166,6,5,6,3607,0,0,0,NA,0,061,AIRPORT RD,IMPERIAL AV,170,E,N,C,-,N,NA,NA,NA,NA,NA,NA,NA,NA,NA,Y,4,0,1,1,A,-,03,22350,NA,N,E,I,A,B,H,-,A,D,0,NA,NA,NA,NA,Y,NA,A,01,0,0,1,0,0,0,0,0,0,-,-,NA,NA,SAN BERNARDINO,ONTARIO,-117.61917877197266,34.06190490722656
8999900,2018,2019-12-11,3607,2018-02-06,1505,15035,166,2,5,6,3607,0,0,0,NA,0,071,GROVE AV,HOLT BL,500,S,N,A,-,N,NA,NA,NA,NA,NA,NA,NA,NA,NA,Y,4,0,1,2,A,-,03,22350,NA,N,C,C,A,A,H,-,A,A,0,NA,NA,NA,NA,Y,NA,A,01,0,0,1,0,0,0,0,0,0,-,-,NA,NA,SAN BERNARDINO,ONTARIO,-117.62850189208984,34.063419342041016
8999906,2018,2019-12-10,3607,2018-11-09,0855,80248,950,5,5,6,3607,0,0,0,NA,0,011,SAN ANTONIO AV,HOLT BL,100,N,N,A,-,N,NA,NA,NA,NA,NA,NA,NA,NA,NA,N,4,0,1,2,A,-,09,21804,A,M,D,C,A,A,H,-,A,D,0,NA,NA,NA,NA,Y,NA,-,99,0,0,1,0,0,0,0,0,0,-,-,NA,NA,SAN BERNARDINO,ONTARIO,-117.66060638427734,34.063602447509766
8999935,2018,2019-12-10,3607,2018-02-25,1144,80483,270,7,5,6,3607,0,0,0,NA,0,071,GROVE AV,SAINT ANDREWS ST,50,N,N,A,-,N,NA,NA,NA,NA,NA,NA,NA,NA,NA,Y,4,0,1,2,A,-,09,21804,A,N,B,C,A,A,H,-,A,D,0,NA,NA,NA,NA,Y,NA,A,01,0,0,1,0,0,0,0,0,0,-,-,NA,NA,SAN BERNARDINO,ONTARIO,-117.62837982177734,34.023616790771484
8999962,2018,2019-12-10,3607,2018-11-06,1253,80313,131,2,5,6,3607,0,0,0,NA,0,022,HOLT BL,CUCAMONGA AV,200,W,N,A,-,N,NA,NA,NA,NA,NA,NA,NA,NA,NA,Y,3,0,1,2,A,-,04,21703,NA,N,C,C,A,A,H,-,A,D,0,NA,NA,Y,NA,Y,NA,C,02,0,1,0,0,0,0,0,0,1,-,-,NA,NA,SAN BERNARDINO,ONTARIO,-117.6325912475586,34.06340408325195
8928391,2019,2019-09-18,3600,2019-08-02,1038,H5102,YUCCA,5,5,3,3631,0,0,0,NA,0,YV011,GRAND AV,ANTELOPE AV,0,NA,Y,A,-,N,NA,NA,NA,NA,NA,NA,NA,NA,NA,Y,4,0,1,2,A,-,12,22450,NA,N,D,C,A,A,H,-,A,D,0,NA,NA,NA,NA,Y,NA,A,01,0,0,1,0,0,0,0,0,0,-,-,34.12337112426758,-116.42669677734376,SAN BERNARDINO,YUCCA VALLEY,-116.42691040039063,34.12242889404297
8924140,2019,2019-09-26,3602,2019-08-03,0403,3079,148,6,5,5,3602,0,0,0,NA,0,005,EUCLID AV,KIMBALL AV,0,NA,Y,A,-,N,NA,NA,NA,NA,NA,NA,NA,NA,NA,Y,3,0,2,2,A,-,12,21453,A,N,D,C,A,A,H,-,C,A,0,NA,NA,NA,NA,Y,NA,A,01,0,2,0,0,0,0,0,0,0,-,-,NA,NA,SAN BERNARDINO,CHINO,-117.6507568359375,33.968509674072266
8947768,2019,2020-02-15,3605,2019-09-14,0230,406,NA,6,5,4,3605,0,0,0,NA,0,NA,MISSION BL,ADA AV,0,NA,Y,A,-,N,NA,NA,NA,NA,NA,NA,NA,NA,NA,Y,4,0,1,2,A,-,01,23152,A,M,D,C,A,A,H,-,C,D,0,NA,NA,NA,NA,Y,Y,A,07,0,0,1,0,0,0,0,0,0,-,-,NA,NA,SAN BERNARDINO,MONTCLAIR,-117.69058990478516,34.0560188293457
9001747,2019,2020-01-10,3600,2019-07-21,0540,G3845,LL02,7,5,3,3615,0,0,0,NA,0,LL2,BARTON RD,MAYBERRY ST,0,NA,Y,A,-,N,NA,NA,NA,NA,NA,NA,NA,NA,NA,Y,4,0,1,1,A,-,03,22350,NA,N,F,J,A,A,H,-,B,D,0,NA,NA,NA,NA,Y,NA,A,01,0,0,1,0,0,0,0,0,0,-,-,NA,NA,SAN BERNARDINO,LOMA LINDA,-117.23451995849608,34.04859924316406
8921132,2019,2019-08-30,3602,2019-07-02,1556,4010,NA,2,5,5,3602,0,0,0,NA,0,002,COLUMBUS ST,CENTRAL AV,0,NA,Y,A,-,N,NA,NA,NA,NA,NA,NA,NA,NA,NA,Y,4,0,1,2,A,-,12,21453,A,N,D,C,A,A,H,-,A,A,0,NA,NA,NA,NA,Y,NA,D,22,0,0,1,0,0,0,0,0,0,-,-,NA,NA,SAN BERNARDINO,CHINO,-117.68949127197266,34.02809143066406
8920721,2019,2019-08-23,3605,2019-07-31,1607,303,NA,3,5,4,3605,0,0,0,NA,0,NA,RAMONA AV,BROOKS ST,214,N,N,A,-,N,NA,NA,NA,NA,NA,NA,NA,NA,NA,Y,4,0,2,2,A,-,08,22107,NA,N,D,C,A,A,H,-,A,D,0,NA,NA,NA,NA,Y,NA,A,01,0,0,2,0,0,0,0,0,0,-,-,NA,NA,SAN BERNARDINO,MONTCLAIR,-117.70702362060548,34.062217712402344
8920239,2019,2019-08-27,3600,2019-07-18,0348,G8585,HE409,4,5,5,3619,0,0,0,NA,0,HE4,MAIN ST,PEACH AV,250,E,N,A,-,N,NA,NA,NA,NA,NA,NA,NA,NA,NA,Y,4,0,1,1,A,-,08,22107,NA,N,E,I,A,A,H,-,C,D,0,NA,NA,NA,NA,Y,NA,-,-,0,0,1,0,0,0,0,0,0,-,-,34.41529846191406,-117.26026153564452,SAN BERNARDINO,HESPERIA,-117.26030731201172,34.41545867919922
8951109,2019,2019-10-08,3600,2019-09-05,2144,F5111,HE306,4,5,5,3619,0,0,0,NA,0,HE3,MAIN ST,POWER POLE  4338057E,227,E,N,A,-,N,NA,NA,NA,NA,NA,NA,NA,NA,NA,Y,2,0,1,2,A,-,11,21954,A,N,G,B,D,A,H,-,D,D,0,Y,NA,NA,NA,Y,NA,N,60,1,0,0,0,1,0,0,0,0,-,-,NA,NA,SAN BERNARDINO,HESPERIA,NA,NA
8953456,2019,2019-10-18,3602,2019-09-11,0505,3276,NA,3,5,5,3602,0,0,0,NA,0,003,EUCALYPTUS AV,PIPELINE AV,394,E,N,B,-,N,NA,NA,NA,NA,NA,NA,NA,NA,NA,Y,3,0,4,2,A,-,17,22109,NA,N,D,C,A,A,H,-,C,D,0,NA,NA,NA,NA,Y,NA,A,01,0,3,1,0,0,0,0,0,0,-,-,NA,NA,SAN BERNARDINO,CHINO,-117.7160873413086,33.98942947387695
90025876,2015,2015-10-19,9850,2015-09-19,1840,020848,NA,6,2,9,3600,0,3,5,NA,2,003,OCOTILLO WAY,FLORA VISTA ST,223,E,N,A,-,N,NA,NA,NA,NA,NA,NA,NA,NA,NA,N,4,0,1,2,A,-,03,22350,NA,N,C,C,A,A,H,-,A,D,0,NA,NA,NA,NA,Y,Y,A,08,0,0,1,0,0,0,0,0,0,-,-,34.4283,-117.16738,SAN BERNARDINO,UNINCORPORATED,-117.16744287,34.42826346
9002646,2018,2019-12-23,3607,2018-08-10,1609,80551,12,5,5,6,3607,0,0,0,NA,0,021,6TH ST,MONTEREY AV,50,E,N,A,-,N,NA,NA,NA,NA,NA,NA,NA,NA,NA,Y,3,0,1,2,A,-,08,22107,NA,N,B,E,A,A,H,-,A,D,0,NA,NA,NA,NA,Y,NA,D,22,0,1,0,0,0,0,0,0,0,-,-,NA,NA,SAN BERNARDINO,ONTARIO,-117.64330291748048,34.085208892822266
8957587,2019,2019-12-16,3608,2019-10-01,0720,3675,NA,2,5,5,3608,0,0,0,NA,0,NA,COLTON AV,OXFORD ST,0,NA,Y,A,-,N,NA,NA,NA,NA,NA,NA,NA,NA,NA,Y,3,0,2,2,A,-,03,22350,NA,N,C,C,A,A,H,-,A,D,0,NA,NA,NA,NA,Y,NA,A,01,0,1,1,0,0,0,0,0,0,-,-,NA,NA,SAN BERNARDINO,REDLANDS,-117.1760025024414,34.062808990478516
8964469,2019,2020-09-16,3600,2019-09-21,2104,G55408,AP023,6,5,5,3621,0,0,0,NA,0,AP1,RT 18,RANCHERIAS RD,0,NA,Y,A,-,Y,SBD,8,18,-,-,91.564,I,5,N,Y,4,0,4,4,A,-,01,23152,NA,N,C,C,A,A,H,-,D,A,0,NA,NA,NA,NA,Y,Y,A,07,0,0,4,0,0,0,0,0,0,-,-,NA,NA,SAN BERNARDINO,APPLE VALLEY,-117.22560119628906,34.52937698364258
90027429,2015,2017-10-30,9860,2015-09-17,1035,019429,NA,4,1,4,3603,0,1,1,NA,2,103,I-10 W/B,RANCHO AVE,2112,E,N,A,-,Y,NA,NA,10,NA,NA,NA,NA,NA,W,Y,4,0,2,2,A,-,03,22350,NA,N,C,C,A,A,H,-,A,D,0,NA,NA,NA,NA,Y,NA,A,01,0,0,2,0,0,0,0,0,0,-,-,34.06649,-117.32951,SAN BERNARDINO,COLTON,-117.32951527,34.06642633
90028339,2015,2015-10-19,9860,2015-10-06,0946,016575,NA,2,1,6,3604,0,1,1,NA,2,102,I-10 E/B,SIERRA AVE. O/C,2,E,N,A,-,Y,NA,NA,10,NA,NA,NA,NA,NA,E,Y,4,0,1,3,A,-,08,22107,NA,N,B,C,A,A,H,-,A,D,0,NA,NA,NA,Y,Y,NA,A,01,0,0,1,0,0,0,0,0,0,-,-,34.06733,-117.43585,SAN BERNARDINO,FONTANA,-117.43584958,34.06730033
8970746,2019,2019-11-19,3600,2019-10-05,1637,F5111,HE103,6,5,5,3619,0,0,0,NA,0,HE1,11TH AV,BEAR VALLEY RD,0,NA,Y,A,-,N,NA,NA,NA,NA,NA,NA,NA,NA,NA,N,4,0,1,2,A,-,05,21650,1,N,G,B,A,A,H,-,A,A,0,NA,Y,NA,NA,Y,NA,L,04,0,0,1,0,0,0,1,0,0,-,-,NA,NA,SAN BERNARDINO,HESPERIA,-117.32115173339844,34.470638275146484
8982414,2019,2020-01-10,3600,2019-11-15,0003,G8549,HI013,5,5,4,3618,0,0,0,NA,0,HI2,VICTORIA AV,9TH ST,0,NA,Y,A,-,N,NA,NA,NA,NA,NA,NA,NA,NA,NA,Y,4,0,2,2,A,-,09,21801,A,N,A,C,A,A,H,-,C,A,0,NA,NA,NA,NA,Y,NA,A,01,0,0,2,0,0,0,0,0,0,-,-,34.1156005859375,-117.22624206542967,SAN BERNARDINO,HIGHLAND,-117.22618865966795,34.115699768066406
8983904,2019,2019-12-11,3600,2019-07-29,1755,G6953,CG016,1,5,5,3630,0,0,0,NA,0,CH4,PINE AV,MESA OAK AV,0,NA,Y,A,-,N,NA,NA,NA,NA,NA,NA,NA,NA,NA,Y,4,0,1,2,A,-,09,21804,A,N,D,C,A,A,H,-,A,A,0,NA,NA,NA,NA,Y,NA,A,01,0,0,1,0,0,0,0,0,0,-,-,NA,NA,SAN BERNARDINO,CHINO HILLS,-117.67745208740234,33.947608947753906
90028923,2015,2015-10-19,9835,2015-09-25,2135,020327,NA,5,2,9,3600,0,1,1,NA,2,072,I-15 S/B,MINNEOLA RD,5280,S,N,A,-,Y,NA,NA,15,NA,NA,NA,NA,NA,S,Y,3,0,5,2,A,-,03,22350,NA,N,C,C,A,A,H,-,C,D,0,NA,NA,NA,NA,Y,NA,A,01,0,1,4,0,0,0,0,0,0,-,-,34.91506,-116.7855,SAN BERNARDINO,UNINCORPORATED,-116.78555542,34.91533132
8984095,2019,2020-02-11,3600,2019-09-30,1809,F5107,AP002,1,5,5,3621,0,0,0,NA,0,AP1,RT 18,APPLE VALLEY RD,528,E,N,A,-,Y,SBD,8,18,-,-,94.29,H,-,N,N,4,0,2,3,A,-,03,22350,NA,N,C,C,A,A,H,-,B,A,0,NA,NA,NA,NA,Y,NA,A,01,0,0,2,0,0,0,0,0,0,-,-,NA,NA,SAN BERNARDINO,APPLE VALLEY,-117.27046966552734,34.54035186767578
90030145,2015,2015-10-19,9855,2015-09-17,0533,015461,NA,4,3,6,3616,0,1,1,NA,2,201,SR-210 W/B (FOOTHILL FWY),EAST AVE.,548,E,N,A,-,Y,NA,NA,210,NA,NA,NA,NA,NA,W,Y,4,0,1,3,A,-,03,22350,NA,N,C,C,A,A,H,-,D,D,0,NA,NA,NA,NA,Y,NA,A,01,0,0,1,0,0,0,0,0,0,-,-,34.13639,-117.51254,SAN BERNARDINO,RANCHO CUCAMONGA,-117.51254012,34.13646211
90030504,2015,2015-10-19,9855,2015-09-12,1825,020487,NA,6,2,5,3611,0,2,S,NA,2,901,11TH STREET (700 BLOCK),MOUNTAIN AVE.,250,W,N,A,-,N,NA,NA,NA,NA,NA,NA,NA,NA,NA,N,4,0,3,2,B,-,22,NA,NA,N,C,C,A,A,H,-,A,D,0,NA,NA,NA,NA,Y,NA,J,48,0,0,3,0,0,0,0,0,0,-,-,34.10329,-117.67143,SAN BERNARDINO,UPLAND,-117.67101368,34.1033
90031511,2015,2015-10-19,9835,2015-09-28,1035,019487,NA,1,1,9,3600,0,1,3,NA,1,020,SR-127,DUMONT DUNES RD,13728,N,N,A,-,Y,NA,NA,127,NA,NA,NA,NA,NA,NA,Y,3,0,2,1,A,-,08,22107,NA,N,F,A,A,A,H,-,A,D,0,NA,NA,NA,NA,Y,NA,D,22,0,1,1,0,0,0,0,0,0,-,-,35.73148,-116.31122,SAN BERNARDINO,UNINCORPORATED,-116.31119487,35.73148521
8984273,2019,2019-12-27,3610,2019-10-31,0752,50569,NA,4,5,6,3610,0,0,0,NA,0,NA,NORTH ARROWHEAD AV,W 2ND ST,0,NA,Y,A,-,N,NA,NA,NA,NA,NA,NA,NA,NA,NA,N,4,0,1,3,A,-,12,21453,A,N,D,C,A,A,H,-,A,A,0,NA,NA,NA,NA,Y,NA,A,01,0,0,1,0,0,0,0,0,0,-,-,NA,NA,SAN BERNARDINO,SAN BERNARDINO,-117.28964996337892,34.10271072387695
8984863,2019,2019-12-31,3600,2019-10-27,2119,G6208,AP007,7,5,5,3621,0,0,0,NA,0,AP2,TONIKAN RD,TONIKAN RD 14794,0,NA,-,A,-,N,NA,NA,NA,NA,NA,NA,NA,NA,NA,Y,2,0,1,2,A,-,03,22350,NA,N,E,E,A,A,H,-,D,A,0,NA,NA,Y,NA,Y,NA,C,02,1,0,0,0,0,0,0,0,1,-,-,NA,NA,SAN BERNARDINO,APPLE VALLEY,-117.177735,34.520483
8985836,2019,2020-01-09,3607,2019-08-02,1016,20174,136,5,5,6,3607,0,0,0,NA,0,032,D ST,PLACER PRIVADO,250,W,N,A,-,N,NA,NA,NA,NA,NA,NA,NA,NA,NA,Y,4,0,1,2,A,-,09,21804,A,N,D,C,A,A,H,-,A,D,0,NA,NA,NA,NA,Y,NA,A,01,0,0,1,0,0,0,0,0,0,-,-,NA,NA,SAN BERNARDINO,ONTARIO,-117.61493682861328,34.06712341308594
8997082,2019,2020-01-22,3609,2019-11-10,1205,0884,RI076,7,5,5,3609,0,0,0,NA,0,001,LILAC AV,WALNUT AV,0,NA,Y,A,-,N,NA,NA,NA,NA,NA,NA,NA,NA,NA,Y,4,0,1,2,A,-,12,22450,A,N,D,C,A,A,H,-,A,A,0,NA,NA,NA,NA,Y,NA,A,01,0,0,1,0,0,0,0,0,0,-,-,NA,NA,SAN BERNARDINO,RIALTO,-117.37920379638672,34.128631591796875
90037353,2015,2015-10-23,9860,2015-10-11,1147,017892,NA,7,1,5,3608,0,1,1,NA,2,203,SR-210 E/B,5TH ST.,1056,E,N,A,-,Y,NA,NA,210,NA,NA,NA,NA,NA,E,Y,4,0,1,2,A,-,03,22350,NA,N,C,C,A,A,H,-,A,D,0,NA,NA,NA,NA,Y,NA,A,01,0,0,1,0,0,0,0,0,0,-,-,34.10208,-117.19966,SAN BERNARDINO,REDLANDS,-117.19975203,34.10209118
8998133,2019,2020-01-13,3600,2019-09-10,2210,F8574,LL007,2,5,3,3615,0,0,0,NA,0,LL2,REDLANDS BL,ANDERSON ST,0,NA,Y,A,-,N,NA,NA,NA,NA,NA,NA,NA,NA,NA,N,4,0,2,2,A,-,08,22107,NA,N,B,C,A,A,D,-,C,A,0,NA,NA,NA,NA,Y,NA,-,NA,0,0,2,0,0,0,0,0,0,-,-,34.0630989074707,-117.26090240478516,SAN BERNARDINO,LOMA LINDA,-117.26119232177734,34.06306076049805
90038161,2015,2015-10-26,9860,2015-10-10,1915,019725,NA,6,2,9,3600,0,1,3,NA,1,012,SR-138,CAJON BLVD,0,NA,Y,A,-,Y,NA,NA,138,NA,NA,NA,NA,NA,NA,Y,4,0,2,2,A,-,09,21802,A,N,D,C,A,A,D,-,C,D,0,NA,NA,NA,NA,Y,NA,A,01,0,0,2,0,0,0,0,0,0,-,-,34.31144,-117.4782,SAN BERNARDINO,UNINCORPORATED,-117.47821306,34.31159032
8965204,2019,2019-11-07,3600,2019-10-08,0658,H9763,AP003,2,5,5,3621,0,0,0,NA,0,AP1,THUNDERBIRD RD,RANCHERIAS RD,0,NA,Y,A,-,N,NA,NA,NA,NA,NA,NA,NA,NA,NA,N,4,0,1,2,A,-,10,21950,A,N,G,B,B,A,H,-,A,A,0,Y,NA,NA,NA,Y,NA,A,01,0,0,1,0,1,0,0,0,0,-,-,NA,NA,SAN BERNARDINO,APPLE VALLEY,-117.2256088256836,34.530818939208984
90038503,2015,2015-10-27,9855,2015-10-03,0706,017704,NA,6,1,6,3607,0,1,3,NA,2,601,SR-60 W/B (POMONA FWY),ARCHIBALD AVE.,1110,W,N,A,-,Y,NA,NA,60,NA,NA,NA,NA,NA,W,Y,2,0,3,1,A,-,08,22107,NA,N,E,I,A,A,H,-,A,D,0,NA,NA,NA,NA,Y,NA,A,01,1,2,0,0,0,0,0,0,0,-,-,34.03059,-117.60171,SAN BERNARDINO,ONTARIO,-117.60171048,34.03068884
8971857,2019,2020-03-16,3609,2019-08-11,0321,9133,RI501,7,5,5,3609,0,0,0,NA,0,001,RIVERSIDE AV,RT 210,0,NA,Y,A,-,Y,SBD,8,210,-,-,18.511,R,4,E,Y,3,0,1,2,A,-,12,21453,A,F,B,C,A,A,H,-,C,A,0,NA,NA,NA,NA,Y,Y,D,22,0,1,0,0,0,0,0,0,0,-,-,34.13529968261719,-117.37046051025392,SAN BERNARDINO,RIALTO,-117.37356567382813,34.13576126098633
90041321,2015,2015-10-29,9860,2015-10-16,1555,016590,NA,5,2,9,3600,0,1,1,NA,2,102,I-10 E/B FROM CEDAR AVE.,CEDAR AVE.,561,E,N,A,-,Y,NA,NA,10,NA,NA,NA,R,NA,E,N,4,0,2,3,A,-,03,22350,NA,N,C,C,A,A,H,-,A,D,0,NA,NA,NA,NA,Y,NA,D,22,0,0,2,0,0,0,0,0,0,-,-,34.06793,-117.39411,SAN BERNARDINO,UNINCORPORATED,-117.39411,34.06793
8975478,2019,2019-11-25,3602,2019-10-04,1825,3343,28,5,5,5,3602,0,0,0,NA,0,001,PHILADELPHIA ST,MONTE VISTA AV,0,NA,Y,A,-,N,NA,NA,NA,NA,NA,NA,NA,NA,NA,Y,3,0,2,2,A,-,01,23153,A,N,A,C,A,A,H,-,C,A,0,NA,NA,NA,NA,Y,Y,A,07,0,2,0,0,0,0,0,0,0,-,-,NA,NA,SAN BERNARDINO,CHINO,-117.69815063476563,34.03351974487305
8979020,2019,2019-12-10,3604,2019-10-29,1432,643,NA,2,5,6,3604,0,0,0,NA,0,NA,LOCUST,CERES,0,NA,Y,A,-,N,NA,NA,NA,NA,NA,NA,NA,NA,NA,N,4,0,2,2,A,-,03,22350,NA,N,C,C,A,A,H,-,A,A,0,NA,NA,NA,NA,Y,NA,A,01,0,0,2,0,0,0,0,0,0,-,-,NA,NA,SAN BERNARDINO,FONTANA,-117.4096221923828,34.093719482421875
90042537,2015,2015-11-23,9865,2015-10-31,1740,020073,NA,6,2,9,3600,0,3,5,NA,2,003,MAPLE LN,MANZANITA LN,20,S,N,A,-,N,NA,NA,NA,NA,NA,NA,NA,NA,NA,N,4,0,2,2,A,-,01,23152,A,N,C,C,A,A,H,-,A,D,0,NA,NA,NA,NA,Y,Y,A,07,0,0,2,0,0,0,0,0,0,-,-,34.24704,-116.82524,SAN BERNARDINO,UNINCORPORATED,-116.82521899,34.24701525
9004315,2019,2020-01-04,3607,2019-10-15,0716,15060,223,2,5,6,3607,0,0,0,NA,0,052,PHILADELPHIA ST,CYPRESS AV,700,W,N,A,-,N,NA,NA,NA,NA,NA,NA,NA,NA,NA,Y,4,0,1,2,A,-,09,21804,A,N,D,C,A,A,H,-,A,A,0,NA,NA,NA,NA,Y,NA,A,01,0,0,1,0,0,0,0,0,0,-,-,NA,NA,SAN BERNARDINO,ONTARIO,-117.66560363769533,34.033729553222656
8982393,2019,2019-12-20,3610,2019-10-22,0159,NA,NA,2,5,6,3610,0,0,0,NA,0,NA,N E ST,W 20TH ST,201,S,N,A,-,N,NA,NA,NA,NA,NA,NA,NA,NA,NA,N,4,0,1,2,A,-,11,21954,A,F,G,B,D,A,H,-,E,D,0,Y,NA,NA,NA,Y,NA,-,NA,0,0,1,0,1,0,0,0,0,-,-,NA,NA,SAN BERNARDINO,SAN BERNARDINO,-117.29415893554688,34.13331985473633
9002886,2018,2019-12-14,3607,2018-04-03,1533,80313,155,2,5,6,3607,0,0,0,NA,0,051,STATE ST,SAN ANTONIO AV,0,NA,Y,A,-,N,NA,NA,NA,NA,NA,NA,NA,NA,NA,Y,4,0,1,2,A,-,09,21802,A,N,D,C,A,A,H,-,A,A,0,NA,NA,NA,NA,Y,NA,A,01,0,0,1,0,0,0,0,0,0,-,-,NA,NA,SAN BERNARDINO,ONTARIO,-117.66059112548828,34.060001373291016
90044860,2015,2015-11-04,9850,2015-10-29,1136,016227,NA,4,1,9,3600,0,3,5,NA,2,005,WILSON RANCH RD.,YUCCA TERRACE DR.,123,S,N,A,-,N,NA,NA,NA,NA,NA,NA,NA,NA,NA,Y,4,0,1,2,A,-,03,22350,NA,N,C,C,A,A,H,-,A,D,0,NA,NA,NA,NA,Y,NA,A,01,0,0,1,0,0,0,0,0,0,-,-,34.4334,-117.52059,SAN BERNARDINO,UNINCORPORATED,-117.52104625,34.43350297
90044868,2015,2015-11-04,9850,2015-10-27,1350,019278,NA,2,1,9,3600,0,3,5,NA,2,005,SHEEP CREEK RD,CRUDUP RD,572,N,N,A,-,N,NA,NA,NA,NA,NA,NA,NA,NA,NA,Y,3,0,1,1,A,-,08,22107,NA,N,E,I,A,A,H,-,A,D,0,NA,NA,NA,NA,Y,NA,A,01,0,1,0,0,0,0,0,0,0,-,-,34.52038,-117.57296,SAN BERNARDINO,UNINCORPORATED,-117.57294069,34.52293738
90045385,2015,2015-11-05,9850,2015-10-30,1435,020559,NA,5,2,9,3600,0,2,4,NA,2,066,PHELAN RD,CLOVIS RD,0,NA,Y,A,-,N,NA,NA,NA,NA,NA,NA,NA,NA,NA,N,4,0,1,2,A,-,09,21802,A,N,D,C,A,A,H,-,A,A,0,NA,NA,NA,NA,Y,NA,A,01,0,0,1,0,0,0,0,0,0,-,-,34.4263,-117.57470000000001,SAN BERNARDINO,UNINCORPORATED,-117.57473006,34.42632004
90045674,2015,2015-11-05,9860,2015-10-26,1355,016821,NA,1,1,9,3600,0,2,4,NA,1,410,VALLEY BOULEVARD,LINDEN AVE,0,NA,Y,A,-,N,NA,NA,NA,NA,NA,NA,NA,NA,NA,Y,4,0,2,2,A,-,09,21801,A,N,D,C,A,A,H,-,A,A,0,NA,NA,NA,NA,Y,NA,A,01,0,0,2,0,0,0,0,0,0,-,-,34.07056,-117.40072,SAN BERNARDINO,UNINCORPORATED,-117.40077001,34.07048008
90046297,2015,2015-11-06,9855,2015-10-26,2125,15763,NA,1,2,9,3600,0,3,5,NA,2,004,RIVERSIDE DRIVE,PIPELINE AVENUE,43,E,N,A,-,N,NA,NA,NA,NA,NA,NA,NA,NA,NA,Y,4,0,3,3,A,-,03,22350,NA,N,C,C,A,A,H,-,D,A,0,NA,NA,NA,NA,Y,NA,A,01,0,0,3,0,0,0,0,0,0,-,-,34.01894,-117.71491,SAN BERNARDINO,UNINCORPORATED,-117.71531849,34.01890768