CASE_ID,ACCIDENT_YEAR,PROC_DATE,JURIS,COLLISION_DATE,COLLISION_TIME,OFFICER_ID,REPORTING_DISTRICT,DAY_OF_WEEK,CHP_SHIFT,POPULATION,CNTY_CITY_LOC,SPECIAL_COND,BEAT_TYPE,CHP_BEAT_TYPE,CITY_DIVISION_LAPD,CHP_BEAT_CLASS,BEAT_NUMBER,PRIMARY_RD,SECONDARY_RD,DISTANCE,DIRECTION,INTERSECTION,WEATHER_1,WEATHER_2,STATE_HWY_IND,CALTRANS_COUNTY,CALTRANS_DISTRICT,STATE_ROUTE,ROUTE_SUFFIX,POSTMILE_PREFIX,POSTMILE,LOCATION_TYPE,RAMP_INTERSECTION,SIDE_OF_HWY,TOW_AWAY,COLLISION_SEVERITY,NUMBER_KILLED,NUMBER_INJURED,PARTY_COUNT,PRIMARY_COLL_FACTOR,PCF_CODE_OF_VIOL,PCF_VIOL_CATEGORY,PCF_VIOLATION,PCF_VIOL_SUBSECTION,HIT_AND_RUN,TYPE_OF_COLLISION,MVIW,PED_ACTION,ROAD_SURFACE,ROAD_COND_1,ROAD_COND_2,LIGHTING,CONTROL_DEVICE,CHP_ROAD_TYPE,PEDESTRIAN_ACCIDENT,BICYCLE_ACCIDENT,MOTORCYCLE_ACCIDENT,TRUCK_ACCIDENT,NOT_PRIVATE_PROPERTY,ALCOHOL_INVOLVED,STWD_VEHTYPE_AT_FAULT,CHP_VEHTYPE_AT_FAULT,COUNT_SEVERE_INJ,COUNT_VISIBLE_INJ,COUNT_COMPLAINT_PAIN,COUNT_PED_KILLED,COUNT_PED_INJURED,COUNT_BICYCLIST_KILLED,COUNT_BICYCLIST_INJURED,COUNT_MC_KILLED,COUNT_MC_INJURED,PRIMARY_RAMP,SECONDARY_RAMP,LATITUDE,LONGITUDE,COUNTY,CITY,POINT_X,POINT_Y
9005830,2019,2020-03-13,3607,2019-09-03,1012,80558,82,2,5,6,3607,0,0,0,NA,0,041,4TH ST,RT 15,0,NA,Y,A,-,Y,SBD,8,15,-,-,3.096,R,4,N,Y,3,0,3,2,A,-,12,21453,A,N,D,C,A,A,H,-,A,A,0,NA,NA,NA,Y,Y,NA,F,21,0,2,1,0,0,0,0,0,0,-,NF,NA,NA,SAN BERNARDINO,ONTARIO,-117.54464721679688,34.07790756225586
90108242,2016,2016-02-03,9855,2016-01-29,1520,019947,NA,5,2,9,3600,0,3,5,NA,2,001,BEECH AVE.,RANDALL AVE,26,S,N,B,-,N,NA,NA,NA,NA,NA,NA,NA,NA,NA,Y,4,0,1,3,A,-,03,22350,NA,F,C,C,A,A,H,-,A,D,0,NA,NA,NA,NA,Y,NA,A,01,0,0,1,0,0,0,0,0,0,-,-,34.08445,-117.47115,SAN BERNARDINO,UNINCORPORATED,-117.47120026,34.08466876
90108695,2016,2016-02-03,9860,2016-02-01,1453,017875,NA,1,2,6,3610,1,4,S,NA,2,901,FOOTHILL BLVD,MERIDIAN AVE,0,NA,Y,A,-,N,NA,NA,NA,NA,NA,NA,NA,NA,NA,Y,4,0,2,2,A,-,17,21451,A,N,D,C,A,A,H,-,A,A,0,NA,NA,NA,NA,Y,NA,A,01,0,0,2,0,0,0,0,0,0,-,-,34.1066,-117.3481,SAN BERNARDINO,SAN BERNARDINO,-117.34852007,34.10678012
90066268,2015,2015-12-07,9860,2015-11-23,1840,019449,NA,1,2,9,3600,0,1,3,NA,1,010,SR-138 E/B,SUMMIT VALLEY RD,4224,W,N,A,-,Y,NA,NA,138,NA,NA,NA,NA,NA,E,Y,3,0,2,1,A,-,08,22107,NA,N,E,I,A,A,H,-,D,D,0,NA,NA,NA,NA,Y,NA,A,01,0,2,0,0,0,0,0,0,0,-,-,34.32519,-117.41448,SAN BERNARDINO,UNINCORPORATED,-117.41447965,34.32516869
90110378,2016,2016-02-05,9855,2016-01-29,0739,017649,NA,5,1,6,3607,0,1,3,NA,2,601,SR-60 E/B (POMONA FWY),MILLIKEN AVE.,1000,W,N,A,-,Y,NA,NA,60,NA,NA,NA,NA,NA,E,N,3,0,2,5,A,-,03,22350,NA,F,C,C,A,A,H,-,A,D,0,NA,NA,NA,NA,Y,NA,-,99,0,1,1,0,0,0,0,0,0,-,-,34.02425,-117.55834,SAN BERNARDINO,ONTARIO,-117.55843523,34.02394544
90110933,2016,2016-02-08,9870,2016-01-28,1900,018236,NA,4,2,9,3600,0,3,5,NA,2,003,ABERDEEN DRIVE,JULCREST ROAD,600,E,N,A,-,N,NA,NA,NA,NA,NA,NA,NA,NA,NA,Y,3,0,1,1,A,-,08,22107,NA,N,E,I,A,A,G,-,D,D,0,NA,NA,NA,NA,Y,NA,D,22,0,1,0,0,0,0,0,0,0,-,-,34.19331,-116.35487,SAN BERNARDINO,UNINCORPORATED,-116.35429431,34.19306
90110974,2016,2016-02-08,9860,2016-02-01,0625,017571,NA,1,1,6,3610,0,1,1,NA,2,216,I-215 N/B,SR-210,300,S,N,A,-,Y,NA,NA,215,NA,NA,NA,NA,NA,N,Y,4,0,1,1,A,-,08,22107,NA,N,E,I,A,A,H,-,B,D,0,NA,NA,NA,NA,Y,Y,A,01,0,0,1,0,0,0,0,0,0,-,-,34.14299,-117.31807,SAN BERNARDINO,SAN BERNARDINO,-117.31816404,34.14293256
90068970,2015,2015-12-09,9860,2015-11-30,1330,014963,NA,1,1,6,3610,0,1,1,NA,2,216,I-215 S/B TO BASELINE ST.,BASELINE ST.,3,N,N,A,-,Y,NA,NA,215,NA,NA,NA,R,NA,S,N,4,0,2,3,A,-,21,22106,NA,N,G,B,B,A,H,-,A,A,0,Y,NA,NA,NA,Y,NA,D,22,0,0,2,0,2,0,0,0,0,-,-,34.12164,-117.30307,SAN BERNARDINO,SAN BERNARDINO,-117.30307,34.12164
9011382,2019,2019-12-21,3607,2019-08-09,1352,20122,4,5,5,6,3607,0,0,0,NA,0,031,VINEYARD AV,7TH ST,0,NA,Y,A,-,N,NA,NA,NA,NA,NA,NA,NA,NA,NA,N,4,0,1,2,A,-,09,21802,A,N,D,C,A,A,H,-,A,A,0,NA,NA,NA,NA,Y,NA,A,01,0,0,1,0,0,0,0,0,0,-,-,NA,NA,SAN BERNARDINO,ONTARIO,-117.61116790771484,34.088871002197266
90114768,2016,2016-02-15,9860,2016-02-08,0430,019725,NA,1,3,9,3600,0,1,1,NA,2,151,I-15 S/B,OAKIE FLAT RD,2112,S,N,A,G,Y,NA,NA,15,NA,NA,NA,NA,NA,S,Y,4,0,1,2,A,-,08,22107,NA,N,B,C,A,A,D,-,D,D,0,NA,NA,NA,NA,Y,NA,A,01,0,0,1,0,0,0,0,0,0,-,-,34.25787,-117.45017,SAN BERNARDINO,UNINCORPORATED,-117.45031478,34.25786959
9011680,2019,2019-12-30,3607,2019-02-06,1236,80313,94,3,5,6,3607,0,0,0,NA,0,032,GROVE AV,I ST,0,NA,Y,A,-,N,NA,NA,NA,NA,NA,NA,NA,NA,NA,Y,4,0,1,2,A,-,09,21801,A,N,D,A,A,A,H,-,A,A,0,NA,NA,NA,NA,Y,NA,A,01,0,0,1,0,0,0,0,0,0,-,-,NA,NA,SAN BERNARDINO,ONTARIO,-117.62967681884766,34.0743408203125
9011695,2019,2019-12-30,3607,2019-08-14,1527,19968,25,3,5,6,3607,0,0,0,NA,0,021,COLUMBIA AV,5TH ST,0,NA,Y,A,-,N,NA,NA,NA,NA,NA,NA,NA,NA,NA,NA,3,0,2,2,A,-,09,21802,A,N,D,C,A,A,H,-,A,A,0,NA,NA,NA,NA,Y,NA,A,01,0,1,1,0,0,0,0,0,0,-,-,NA,NA,SAN BERNARDINO,ONTARIO,-117.64842224121094,34.081539154052734
9011771,2019,2019-12-24,3607,2019-09-27,0658,20302,111,5,5,6,3607,0,0,0,NA,0,022,D ST,GROVE AV,200,E,N,B,-,N,NA,NA,NA,NA,NA,NA,NA,NA,NA,Y,4,0,1,2,A,-,09,21804,A,N,D,C,A,A,H,-,A,A,0,NA,NA,NA,NA,Y,NA,A,01,0,0,1,0,0,0,0,0,0,-,-,NA,NA,SAN BERNARDINO,ONTARIO,-117.62786865234376,34.06704330444336
90118412,2016,2016-02-18,9850,2016-02-11,1854,020884,NA,4,2,9,3600,0,2,4,NA,2,057,SHEEP CREEK RD,GOSS RD,0,NA,Y,A,-,N,NA,NA,NA,NA,NA,NA,NA,NA,NA,Y,3,0,1,2,A,-,01,23152,A,N,D,C,A,A,H,-,D,D,0,NA,NA,NA,NA,Y,Y,E,22,0,1,0,0,0,0,0,0,0,-,-,34.45536,-117.57277,SAN BERNARDINO,UNINCORPORATED,-117.57274008,34.45542004
9011842,2019,2020-01-02,3607,2019-10-26,0955,805410,258,6,5,6,3607,0,0,0,NA,0,071,VINEYARD AV,RT 60,0,NA,Y,A,-,N,NA,NA,NA,NA,NA,NA,NA,NA,NA,Y,3,0,1,2,A,-,12,21453,A,N,D,C,A,A,H,-,A,A,0,NA,NA,NA,NA,Y,NA,D,22,0,1,0,0,0,0,0,0,0,-,EF,NA,NA,SAN BERNARDINO,ONTARIO,-117.61102294921876,34.0306510925293
9011846,2019,2019-12-31,3607,2019-10-28,0800,19792,67,1,5,6,3607,0,0,0,NA,0,031,VINEYARD AV,4TH ST,38,N,N,A,-,N,NA,NA,NA,NA,NA,NA,NA,NA,NA,NA,4,0,1,2,A,-,03,22350,NA,N,C,C,A,A,H,-,A,A,0,NA,NA,NA,NA,Y,NA,D,22,0,0,1,0,0,0,0,0,0,-,-,NA,NA,SAN BERNARDINO,ONTARIO,-117.61104583740234,34.07770538330078
9011877,2019,2019-12-24,3607,2019-02-10,1232,19889,42,7,5,6,3607,0,0,0,NA,0,011,MOUNTAIN AV,YALE ST,0,NA,Y,C,-,N,NA,NA,NA,NA,NA,NA,NA,NA,NA,Y,3,0,1,2,A,-,09,21801,A,N,D,C,A,B,H,-,A,D,0,NA,NA,NA,NA,Y,Y,A,01,0,1,0,0,0,0,0,0,0,-,-,NA,NA,SAN BERNARDINO,ONTARIO,-117.67012786865234,34.08060836791992
9007341,2019,2019-12-14,3607,2019-01-23,1934,20109,214,3,5,6,3607,0,0,0,NA,0,071,JURUPA ST,HAVEN AV,0,NA,Y,A,-,N,NA,NA,NA,NA,NA,NA,NA,NA,NA,N,3,0,2,2,A,-,03,22350,NA,N,C,C,A,A,H,-,C,A,0,NA,NA,NA,NA,Y,NA,A,01,0,2,0,0,0,0,0,0,0,-,-,NA,NA,SAN BERNARDINO,ONTARIO,-117.57601928710938,34.04833984375
90120115,2016,2016-02-22,9860,2016-02-20,0908,016646,NA,6,1,6,3610,0,1,1,NA,2,201,SR-210 E/B TO I-215 S/B,CAJON BLVD.,80,W,N,A,-,Y,NA,NA,210,NA,NA,NA,R,NA,E,Y,4,0,1,1,A,-,03,22350,NA,N,E,I,A,A,H,-,A,D,0,NA,NA,NA,NA,Y,NA,A,01,0,0,1,0,0,0,0,0,0,-,-,34.14215,-117.32094,SAN BERNARDINO,SAN BERNARDINO,-117.32094,34.14215
90078194,2015,2015-12-18,9860,2015-12-10,2330,020596,NA,4,3,6,3610,0,1,1,NA,2,216,I-215 S/B,PALM AVE,2270,S,N,C,-,Y,NA,NA,215,NA,NA,NA,NA,NA,S,Y,4,0,1,1,A,-,03,22350,NA,N,E,I,A,B,H,-,D,D,0,NA,NA,NA,NA,Y,NA,A,01,0,0,1,0,0,0,0,0,0,-,-,34.18685,-117.3556,SAN BERNARDINO,SAN BERNARDINO,-117.35556831,34.18689455
90078369,2015,2015-12-18,9855,2015-12-13,0830,018313,NA,7,1,6,3604,0,1,1,NA,2,201,SR-210 W/B (FOOTHILL FWY),CITRUS AVE.,1800,W,N,A,-,Y,NA,NA,210,NA,NA,NA,NA,NA,W,Y,3,0,1,1,A,-,08,22107,NA,N,E,I,A,A,H,-,A,D,0,NA,NA,NA,NA,Y,NA,A,07,0,1,0,0,0,0,0,0,0,-,-,34.13658,-117.46024,SAN BERNARDINO,FONTANA,-117.46023924,34.1366147
9012402,2019,2019-12-28,3607,2019-05-19,0002,80491,30,7,5,6,3607,0,0,0,NA,0,031,GROVE AV,6TH ST,300,S,N,A,-,N,NA,NA,NA,NA,NA,NA,NA,NA,NA,N,4,0,1,2,A,-,09,21804,A,N,D,C,A,A,H,-,C,A,0,NA,NA,NA,NA,Y,NA,A,08,0,0,1,0,0,0,0,0,0,-,-,NA,NA,SAN BERNARDINO,ONTARIO,-117.62857818603516,34.084228515625
9010218,2019,2020-01-07,3604,2019-10-31,1747,1231,NA,4,5,6,3604,0,0,0,NA,0,NA,MANGO AV,ORANGE WY,0,NA,Y,A,-,N,NA,NA,NA,NA,NA,NA,NA,NA,NA,N,3,0,1,2,A,-,09,21802,A,N,D,C,A,A,G,-,B,A,0,NA,NA,NA,NA,Y,NA,A,01,0,1,0,0,0,0,0,0,0,-,-,NA,NA,SAN BERNARDINO,FONTANA,-117.431396484375,34.09587860107422
90124963,2016,2016-02-29,9860,2016-02-19,1630,019251,NA,5,2,4,3603,0,1,1,NA,2,103,I-10 E/B,9TH ST,1584,W,N,A,-,Y,NA,NA,10,NA,NA,NA,NA,NA,E,Y,2,0,3,2,A,-,03,22350,NA,N,B,C,A,A,H,-,A,D,0,NA,NA,Y,NA,Y,NA,C,02,1,0,2,0,0,0,0,0,1,-,-,34.06579,-117.32841,SAN BERNARDINO,COLTON,-117.32840516,34.06614312
90125143,2016,2016-02-29,9865,2016-02-20,1835,020115,NA,6,2,9,3600,0,1,3,NA,2,012,SR-18,KUFFEL CANYON RD,5280,N,N,A,-,Y,NA,NA,18,NA,NA,NA,NA,NA,NA,Y,4,0,1,1,A,-,01,23152,E,M,E,I,A,A,H,-,D,D,0,NA,NA,NA,NA,Y,NA,A,01,0,0,1,0,0,0,0,0,0,-,-,34.23089,-117.16526,SAN BERNARDINO,UNINCORPORATED,-117.16519445,34.23088367
90084646,2015,2015-12-29,9860,2015-12-19,1910,020596,NA,6,2,9,3600,0,3,5,NA,2,004,SLOVER AVE,ALDER AVE,0,NA,Y,C,-,N,NA,NA,NA,NA,NA,NA,NA,NA,NA,Y,4,0,1,2,A,-,12,22450,A,N,D,C,A,B,H,-,C,A,0,NA,NA,NA,NA,Y,NA,D,22,0,0,1,0,0,0,0,0,0,-,-,34.06338,-117.41825,SAN BERNARDINO,UNINCORPORATED,-117.41824001,34.06311009
90086029,2015,2015-12-31,9865,2015-12-30,1230,015158,NA,3,1,9,3600,0,1,3,NA,2,021,SR-330,FREDALBA ROAD (UPPER),2640,N,N,A,-,Y,NA,NA,330,NA,NA,NA,NA,NA,NA,Y,4,0,1,1,A,-,03,22350,NA,N,E,I,A,A,H,-,A,D,0,NA,NA,NA,NA,Y,NA,A,01,0,0,1,0,0,0,0,0,0,-,-,34.20519,-117.11693,SAN BERNARDINO,UNINCORPORATED,-117.1169339,34.20515317
90129154,2016,2016-03-03,9855,2016-02-27,0842,019732,NA,6,1,6,3607,0,1,1,NA,2,101,I-10 W/B (SAN BERNARDINO FWY),HAVEN AVE.,875,E,N,A,-,Y,NA,NA,10,NA,NA,NA,NA,NA,W,Y,4,0,1,2,A,-,03,22350,NA,N,C,C,A,A,H,-,A,D,0,NA,NA,NA,NA,Y,NA,A,07,0,0,1,0,0,0,0,0,0,-,-,34.06769,-117.57452,SAN BERNARDINO,ONTARIO,-117.57451923,34.06761671
90129169,2016,2016-03-03,9870,2016-02-23,0036,021064,NA,2,3,9,3600,0,1,3,NA,1,011,SR-62 (TWENTYNINE PALMS HIGHWAY),PADRE ROAD,150,W,N,A,-,Y,NA,NA,62,NA,NA,NA,NA,NA,NA,Y,4,0,1,1,A,-,08,22107,NA,N,E,I,A,A,H,-,D,D,0,NA,NA,NA,NA,Y,NA,A,01,0,0,1,0,0,0,0,0,0,-,-,34.07557,-116.54269,SAN BERNARDINO,UNINCORPORATED,-116.54264766,34.07550853
90091437,2016,2016-01-08,9855,2016-01-05,1050,014980,NA,2,1,5,3630,0,1,3,NA,2,071,SR-71 S/B (CHINO FWY),CHINO HILLS PKWY.,2500,N,N,C,-,Y,NA,NA,71,NA,NA,NA,NA,NA,S,Y,4,0,1,1,A,-,08,22107,NA,N,E,I,A,B,H,-,A,D,0,NA,NA,NA,NA,Y,NA,A,01,0,0,1,0,0,0,0,0,0,-,-,33.98806,-117.71469,SAN BERNARDINO,CHINO HILLS,-117.71446212,33.98827632
90108009,2016,2016-02-03,9860,2016-01-28,1840,018275,NA,4,2,6,3610,0,1,1,NA,2,202,SR-210 E/B,ARDEN AVENUE,980,W,N,A,-,Y,NA,NA,210,NA,NA,NA,NA,NA,E,Y,4,0,1,2,A,-,03,22350,NA,M,C,C,A,A,H,-,D,D,0,NA,NA,NA,NA,Y,NA,A,01,0,0,1,0,0,0,0,0,0,-,-,34.13649,-117.2379,SAN BERNARDINO,SAN BERNARDINO,-117.23790021,34.13648951
90129804,2016,2016-03-04,9855,2016-02-25,1601,16801,NA,4,2,6,3607,0,1,3,NA,2,601,SR-60 E/B (POMONA FWY),ARCHIBALD AVENUE,1450,W,N,A,-,Y,NA,NA,60,NA,NA,NA,NA,NA,E,Y,2,0,1,2,A,-,03,22350,NA,N,C,C,A,A,H,-,A,D,0,NA,NA,Y,NA,Y,NA,C,02,1,0,0,0,0,0,0,0,1,-,-,34.03068,-117.59844,SAN BERNARDINO,ONTARIO,-117.59843915,34.03052885
90129988,2016,2016-03-07,9860,2016-03-04,0755,019321,NA,5,1,3,3690,0,1,1,NA,2,214,I-215 S/B,NEWPORT AVE.,40,N,N,A,-,Y,NA,NA,215,NA,NA,NA,NA,NA,S,Y,4,0,2,4,A,-,03,22350,NA,N,C,C,A,A,H,-,A,D,0,NA,NA,NA,NA,Y,NA,A,07,0,0,2,0,0,0,0,0,0,-,-,34.03902,-117.3192,SAN BERNARDINO,GRAND TERRACE,-117.31924266,34.03906685
90131038,2016,2016-03-07,9834,2016-03-02,1220,017038,NA,3,1,9,3600,0,2,4,NA,1,067,PARKER DAM ROAD,MWD RD.,8976,S,N,A,-,N,NA,NA,NA,NA,NA,NA,NA,NA,NA,N,2,0,1,2,A,-,03,22350,NA,N,C,C,A,A,H,-,A,D,0,NA,NA,Y,NA,Y,NA,C,02,1,0,0,0,0,0,0,0,1,-,-,34.26505,-114.13524,SAN BERNARDINO,UNINCORPORATED,-114.1351777,34.26504962
90135084,2016,2016-03-14,9860,2016-03-11,0835,017919,NA,5,1,4,3618,0,1,1,NA,2,203,SR-210 E/B,5TH ST,2252,E,N,A,-,Y,NA,NA,210,NA,NA,NA,NA,NA,E,Y,4,0,3,3,A,-,03,22350,NA,N,C,C,A,A,H,-,A,D,0,NA,NA,NA,NA,Y,NA,D,22,0,0,3,0,0,0,0,0,0,-,-,34.10164,-117.19979,SAN BERNARDINO,HIGHLAND,-117.19980661,34.10164202
90135357,2016,2016-03-14,9860,2016-02-21,1413,016646,NA,7,2,6,3610,0,1,1,NA,2,202,SR-210 E/B,ARROWHEAD AVENUE,250,W,N,A,-,Y,NA,NA,210,NA,NA,NA,NA,NA,E,Y,3,0,1,3,A,-,07,21658,A,N,B,C,A,A,H,-,A,D,0,NA,NA,NA,NA,Y,NA,A,01,0,1,0,0,0,0,0,0,0,-,-,34.14542,-117.29025,SAN BERNARDINO,SAN BERNARDINO,-117.29025076,34.14538417
90092629,2015,2016-01-25,9850,2015-12-15,0750,019278,NA,2,1,9,3600,0,1,3,NA,2,040,SR-18,BERNARD PL.,260,N,N,A,-,Y,NA,NA,18,NA,NA,NA,NA,NA,NA,Y,1,2,1,2,A,-,05,21460,A,N,A,C,A,A,H,-,A,D,0,NA,NA,NA,NA,Y,NA,D,22,1,0,0,0,0,0,0,0,0,-,-,34.45414,-117.06825,SAN BERNARDINO,UNINCORPORATED,-117.06824641,34.45414642
90094579,2016,2016-01-13,9860,2016-01-05,1102,016651,NA,2,1,6,3610,0,1,1,NA,2,216,I-215 S/B,HIGHLAND AVE,870,N,N,B,C,Y,NA,NA,215,NA,NA,NA,NA,NA,S,Y,4,0,1,1,A,-,03,22350,NA,N,E,I,A,B,H,-,A,D,0,NA,NA,NA,NA,Y,NA,A,01,0,0,1,0,0,0,0,0,0,-,-,34.1383,-117.31546,SAN BERNARDINO,SAN BERNARDINO,-117.31554029,34.13823648
90136349,2016,2016-03-14,9860,2016-03-09,2118,016883,NA,3,2,6,3610,0,1,1,NA,2,214,I-215 N/B,ORANGE SHOW RD,2376,S,N,A,-,Y,NA,NA,215,NA,NA,NA,NA,NA,N,Y,4,0,2,3,A,-,08,22107,NA,N,E,I,A,A,H,-,D,D,0,NA,NA,NA,NA,Y,NA,A,01,0,0,2,0,0,0,0,0,0,-,-,34.07662,-117.29561,SAN BERNARDINO,SAN BERNARDINO,-117.29567666,34.07659988
90137317,2016,2016-03-15,9855,2016-03-07,0810,016853,NA,1,1,6,3607,0,1,1,NA,2,152,I-15 N/B (ONTARIO FWY),JURUPA ST.,800,N,N,C,-,Y,NA,NA,NA,NA,NA,NA,NA,NA,NA,N,4,0,1,2,A,-,07,21658,A,N,B,C,A,B,H,-,A,D,0,NA,NA,NA,NA,Y,NA,-,-,0,0,1,0,0,0,0,0,0,-,-,34.0685,-117.5568,SAN BERNARDINO,ONTARIO,-117.54979,34.04816
90076572,2015,2015-12-17,9855,2015-12-01,1109,013860,NA,2,1,4,3605,0,1,1,NA,2,103,I-10 E/B (SAN BERNARDINO FWY),MONTE VISTA AVE.,1890,W,N,A,-,Y,NA,NA,10,NA,NA,NA,NA,NA,E,Y,3,0,3,2,A,-,03,22350,NA,N,C,C,A,A,H,-,A,D,0,NA,NA,NA,Y,Y,NA,A,08,0,1,2,0,0,0,0,0,0,-,-,34.0816,-117.704,SAN BERNARDINO,MONTCLAIR,-117.70399806,34.08172964
90137907,2016,2016-03-16,9860,2016-03-09,0940,016658,NA,3,1,6,3610,0,1,1,NA,2,214,I-215 S/B TO MILL ST,MILL ST,18,N,N,A,-,Y,NA,NA,215,NA,NA,NA,R,NA,S,Y,4,0,3,3,A,-,03,22350,NA,N,C,C,A,A,H,-,A,A,0,NA,NA,NA,NA,Y,NA,A,01,0,0,3,0,0,0,0,0,0,-,-,34.09228,-117.30253,SAN BERNARDINO,SAN BERNARDINO,-117.30253,34.09228
90138013,2016,2016-03-16,9855,2016-03-09,0055,020460,NA,3,3,6,3616,0,1,1,NA,2,203,SR-210 W/B (FOOTHILL FWY),HAVEN AVE.,1848,W,N,A,-,Y,NA,NA,210,NA,NA,NA,NA,NA,W,Y,4,0,1,2,A,-,03,22350,NA,N,C,D,A,A,H,-,C,D,0,NA,NA,NA,Y,Y,NA,D,22,0,0,1,0,0,0,0,0,0,-,-,34.13596,-117.58224,SAN BERNARDINO,RANCHO CUCAMONGA,-117.5822395,34.13578634
90080326,2015,2015-12-22,9835,2015-12-10,0034,020992,NA,4,3,3,3601,0,1,3,NA,1,012,SR-58 W/B,MAIN ST,686,E,N,A,-,Y,NA,NA,58,NA,NA,NA,NA,NA,W,Y,2,0,1,1,A,-,01,23152,A,N,F,A,A,A,H,-,C,D,0,NA,NA,NA,NA,Y,Y,A,01,1,0,0,0,0,0,0,0,0,-,-,34.88171,-117.08731,SAN BERNARDINO,BARSTOW,-117.08744339,34.88157665
90138826,2016,2016-03-17,9855,2016-03-15,1910,017313,NA,2,2,6,3604,0,1,1,NA,2,101,I-10 W/B (SAN BERNARDINO FWY),CHERRY AVE.,3168,W,N,A,-,Y,NA,NA,10,NA,NA,NA,NA,NA,W,Y,3,0,2,2,A,-,08,22107,NA,N,B,C,A,A,H,-,A,D,0,NA,NA,NA,Y,Y,NA,A,01,0,2,0,0,0,0,0,0,0,-,-,34.06549,-117.50303,SAN BERNARDINO,FONTANA,-117.50303031,34.06566876
90080426,2015,2015-12-22,9855,2015-12-17,0525,016853,NA,4,3,6,3616,0,1,1,NA,2,201,SR-210 W/B (FOOTHILL FWY),DAY CREEK BLVD.,2640,W,N,A,-,Y,NA,NA,210,NA,NA,NA,NA,NA,W,Y,3,0,1,2,A,-,06,21755,NA,N,B,C,A,A,H,-,C,D,0,NA,NA,Y,NA,Y,NA,C,02,0,1,0,0,0,0,0,0,1,-,-,34.1368,-117.5476,SAN BERNARDINO,RANCHO CUCAMONGA,-117.5476004,34.13670393
90080937,2015,2015-12-23,9860,2015-12-16,1820,017784,NA,3,2,4,3603,0,1,1,NA,2,103,INTERSTATE 10 EASTBOUND,MT VERNON AVENUE,220,E,N,B,-,Y,NA,NA,10,NA,NA,NA,NA,NA,E,Y,4,0,1,3,A,-,03,22350,NA,N,C,C,A,A,H,-,C,D,0,NA,NA,NA,NA,Y,NA,A,01,0,0,1,0,0,0,0,0,0,-,-,34.06481,-117.3128,SAN BERNARDINO,COLTON,-117.31280009,34.06481664
90095090,2015,2016-01-14,9865,2015-12-22,1230,017407,NA,2,1,9,3600,0,3,5,NA,2,003,COUNTRY CLUB BLVD,GREENWAY DR,225,W,N,A,-,N,NA,NA,NA,NA,NA,NA,NA,NA,NA,N,3,0,1,2,A,-,21,22106,NA,N,G,B,E,A,H,-,A,D,0,Y,NA,NA,NA,Y,NA,D,22,0,1,0,0,1,0,0,0,0,-,-,34.26175,-116.84666,SAN BERNARDINO,UNINCORPORATED,-116.84629198,34.26179
90095926,2015,2016-01-15,9860,2015-12-30,1828,016658,NA,3,2,4,3640,0,1,1,NA,2,106,I-10 W/B,LIVE OAK CANYON RD O/C,5808,E,N,A,-,Y,NA,NA,10,NA,NA,NA,NA,NA,W,Y,2,0,1,3,A,-,07,21658,A,F,B,C,A,A,A,H,D,D,0,NA,NA,NA,Y,Y,NA,A,07,1,0,0,0,0,0,0,0,0,-,-,34.01336,-117.07782,SAN BERNARDINO,YUCAIPA,-117.07779939,34.0134532
9009946,2019,2020-01-02,3609,2019-11-09,1454,6421,RI135,6,5,5,3609,0,0,0,NA,0,003,FOOTHILL BL,CACTUS AV,0,NA,Y,A,-,N,NA,NA,NA,NA,NA,NA,NA,NA,NA,N,4,0,1,2,A,-,10,21950,A,N,G,B,B,A,H,-,A,A,0,Y,NA,NA,NA,Y,NA,A,01,0,0,1,0,1,0,0,0,0,-,-,34.10609817504883,-117.38390350341795,SAN BERNARDINO,RIALTO,-117.38347625732422,34.10675048828125
90100954,2016,2016-01-22,9855,2016-01-20,0930,012923,NA,3,1,6,3607,0,1,1,NA,2,103,I-10 W/B (SAN BERNARDINO FWY),ARCHIBALD AVE.,465,W,N,A,-,Y,NA,NA,10,NA,NA,NA,NA,NA,W,N,4,0,1,2,A,-,03,22350,NA,N,C,C,A,A,H,-,A,D,0,NA,NA,NA,NA,Y,NA,A,01,0,0,1,0,0,0,0,0,0,-,-,34.06831,-117.60122,SAN BERNARDINO,ONTARIO,-117.60122801,34.06820012
90128875,2016,2016-03-03,9855,2016-02-26,1545,020487,NA,5,2,5,3602,0,1,3,NA,2,603,SR-60 E/B (POMONA FWY),MOUNTAIN AVE.,200,W,N,A,-,Y,NA,NA,60,NA,NA,NA,NA,NA,E,Y,4,0,1,2,A,-,03,22350,NA,N,C,C,A,A,H,-,A,D,0,NA,NA,NA,NA,Y,NA,D,22,0,0,1,0,0,0,0,0,0,-,-,34.03055,-117.67213,SAN BERNARDINO,CHINO,-117.67213451,34.03026545
90104680,2016,2016-01-28,9865,2016-01-06,0240,018232,NA,3,3,9,3600,0,3,5,NA,2,001,BIRCHWOOD DR,PINEWOOD DR,316,S,N,D,-,N,NA,NA,NA,NA,NA,NA,NA,NA,NA,Y,2,0,1,1,A,-,03,22350,NA,F,E,I,A,C,G,-,D,D,0,NA,NA,NA,NA,Y,Y,A,07,1,0,0,0,0,0,0,0,0,-,-,34.25314,-117.20428,SAN BERNARDINO,UNINCORPORATED,-117.20432793,34.25312927
90129065,2016,2016-03-03,9855,2016-02-27,0915,017808,NA,6,1,6,3607,0,1,3,NA,2,601,SR-60 E/B (POMONA FWY),VINEYARD AVE.,936,W,N,A,-,Y,NA,NA,60,NA,NA,NA,NA,NA,E,Y,4,0,1,2,A,-,07,21658,A,F,C,C,A,A,H,-,A,D,0,NA,NA,NA,NA,Y,NA,A,07,0,0,1,0,0,0,0,0,0,-,-,34.03044,-117.61424,SAN BERNARDINO,ONTARIO,-117.61424004,34.03044951