CASE_ID,ACCIDENT_YEAR,PROC_DATE,JURIS,COLLISION_DATE,COLLISION_TIME,OFFICER_ID,REPORTING_DISTRICT,DAY_OF_WEEK,CHP_SHIFT,POPULATION,CNTY_CITY_LOC,SPECIAL_COND,BEAT_TYPE,CHP_BEAT_TYPE,CITY_DIVISION_LAPD,CHP_BEAT_CLASS,BEAT_NUMBER,PRIMARY_RD,SECONDARY_RD,DISTANCE,DIRECTION,INTERSECTION,WEATHER_1,WEATHER_2,STATE_HWY_IND,CALTRANS_COUNTY,CALTRANS_DISTRICT,STATE_ROUTE,ROUTE_SUFFIX,POSTMILE_PREFIX,POSTMILE,LOCATION_TYPE,RAMP_INTERSECTION,SIDE_OF_HWY,TOW_AWAY,COLLISION_SEVERITY,NUMBER_KILLED,NUMBER_INJURED,PARTY_COUNT,PRIMARY_COLL_FACTOR,PCF_CODE_OF_VIOL,PCF_VIOL_CATEGORY,PCF_VIOLATION,PCF_VIOL_SUBSECTION,HIT_AND_RUN,TYPE_OF_COLLISION,MVIW,PED_ACTION,ROAD_SURFACE,ROAD_COND_1,ROAD_COND_2,LIGHTING,CONTROL_DEVICE,CHP_ROAD_TYPE,PEDESTRIAN_ACCIDENT,BICYCLE_ACCIDENT,MOTORCYCLE_ACCIDENT,TRUCK_ACCIDENT,NOT_PRIVATE_PROPERTY,ALCOHOL_INVOLVED,STWD_VEHTYPE_AT_FAULT,CHP_VEHTYPE_AT_FAULT,COUNT_SEVERE_INJ,COUNT_VISIBLE_INJ,COUNT_COMPLAINT_PAIN,COUNT_PED_KILLED,COUNT_PED_INJURED,COUNT_BICYCLIST_KILLED,COUNT_BICYCLIST_INJURED,COUNT_MC_KILLED,COUNT_MC_INJURED,PRIMARY_RAMP,SECONDARY_RAMP,LATITUDE,LONGITUDE,COUNTY,CITY,POINT_X,POINT_Y
90129386,2016,2016-03-04,9870,2016-02-25,0410,020890,NA,4,3,9,3600,0,1,3,NA,1,011,STATE ROUTE 62 (TWENTYNINE PALMS HWY),SUNDOWN TRL,1582,E,N,A,-,Y,NA,NA,62,NA,NA,NA,NA,NA,NA,Y,2,0,1,1,A,-,08,22107,NA,N,E,I,A,A,H,-,D,D,0,NA,NA,NA,NA,Y,NA,A,01,1,0,0,0,0,0,0,0,0,-,-,34.08206,-116.53268,SAN BERNARDINO,UNINCORPORATED,-116.53264913,34.08200612
90149424,2016,2016-04-04,9860,2016-03-28,2202,016883,NA,1,3,6,3610,0,1,1,NA,2,202,SR-210 W/B,ORANGE STREET,177,W,N,B,-,Y,NA,NA,210,NA,NA,NA,NA,NA,W,Y,2,0,1,2,A,-,01,23152,A,N,C,C,A,A,H,-,D,D,0,NA,NA,NA,Y,Y,Y,A,01,1,0,0,0,0,0,0,0,0,-,-,34.13212,-117.21342,SAN BERNARDINO,SAN BERNARDINO,-117.21341988,34.1320625
90129618,2016,2016-03-04,9855,2016-02-29,0740,012923,NA,1,1,5,3602,0,1,3,NA,2,603,SR-60 W/B (POMONA FWY),MONTE VISTA AVE.,234,E,N,A,-,Y,NA,NA,60,NA,NA,NA,NA,NA,W,Y,4,0,1,2,A,-,03,22350,NA,N,C,C,A,A,H,-,A,D,0,NA,NA,NA,NA,Y,NA,A,01,0,0,1,0,0,0,0,0,0,-,-,34.03043,-117.6797,SAN BERNARDINO,CHINO,-117.67969999,34.03045124
90149938,2016,2018-02-28,9850,2016-04-03,1905,019197,NA,7,2,9,3600,0,1,3,NA,2,060,SR-138,TAMARIND ST,0,NA,Y,A,-,Y,NA,NA,138,NA,NA,NA,NA,NA,NA,Y,4,0,1,2,A,-,01,23152,A,N,D,C,A,A,D,-,B,D,0,NA,NA,NA,NA,Y,Y,D,22,0,0,1,0,0,0,0,0,0,-,-,34.37612,-117.55503,SAN BERNARDINO,UNINCORPORATED,-117.55503582,34.37610672
90150365,2016,2016-04-04,9860,2016-04-01,1900,020856,NA,5,2,9,3600,0,1,1,NA,2,151,I-15 N/B,GLEN HELEN PKY,2000,S,N,A,-,Y,NA,NA,15,NA,NA,NA,NA,NA,N,Y,2,0,1,2,A,-,03,22350,NA,N,C,C,A,A,D,-,A,D,0,NA,NA,Y,NA,Y,NA,C,02,1,0,0,0,0,0,0,0,1,-,-,34.19745,-117.41828,SAN BERNARDINO,UNINCORPORATED,-117.41814915,34.19737609
90151888,2016,2016-04-06,9860,2016-03-30,1635,016658,NA,3,2,5,3608,0,1,1,NA,2,105,I-10 E/B,EUREKA ST. U/C,528,W,N,B,-,Y,NA,NA,10,NA,NA,NA,NA,NA,E,Y,4,0,1,3,A,-,03,22350,NA,N,C,C,A,A,H,-,A,D,0,NA,NA,NA,NA,Y,NA,D,22,0,0,1,0,0,0,0,0,0,-,-,34.06177,-117.1891,SAN BERNARDINO,REDLANDS,-117.18909976,34.0616506
90135791,2016,2016-03-14,9855,2016-02-24,1630,017323,NA,3,2,6,3616,0,1,1,NA,2,203,SR-210 E/B (FOOTHILL FWY),BERYL ST.,800,E,N,A,-,Y,NA,NA,210,NA,NA,NA,NA,NA,E,Y,4,0,1,3,A,-,03,22350,NA,N,C,C,A,A,H,-,A,D,0,NA,NA,NA,NA,Y,NA,A,01,0,0,1,0,0,0,0,0,0,-,-,34.13484,-117.60655,SAN BERNARDINO,RANCHO CUCAMONGA,-117.60655012,34.13485542
90153111,2016,2016-04-07,9835,2016-04-05,1922,016644,NA,2,2,9,3600,0,1,1,NA,2,047,I-40 W/B,SIBERIA WASH,32683,W,N,A,-,Y,NA,NA,40,NA,NA,NA,NA,NA,W,Y,4,0,2,1,A,-,08,22107,NA,N,E,I,A,A,H,-,D,D,0,NA,NA,NA,NA,Y,NA,D,22,0,0,2,0,0,0,0,0,0,-,-,34.72322,-116.00236,SAN BERNARDINO,UNINCORPORATED,-116.00235858,34.72319783
90136077,2016,2016-03-14,9850,2016-02-20,1515,021159,NA,6,2,9,3600,0,1,1,NA,2,084,INTERSTATE 15 S/B,DALE EVANS PKWY,2640,S,N,A,-,Y,NA,NA,NA,NA,NA,NA,NA,NA,NA,Y,1,1,3,1,A,-,01,23152,A,N,F,A,A,A,H,-,A,D,0,NA,NA,NA,NA,Y,Y,A,07,0,2,1,0,0,0,0,0,0,-,-,34.63761,-117.22173,SAN BERNARDINO,UNINCORPORATED,NA,NA
90154148,2016,2016-04-11,9860,2016-04-02,1900,020387,NA,6,2,6,3610,0,1,1,NA,2,214,I-215 S/B,AUTO CENTER RD.,1850,S,N,A,-,Y,NA,NA,215,NA,NA,NA,NA,NA,S,Y,4,0,1,1,A,-,08,22107,NA,N,E,I,A,A,H,-,A,D,0,NA,NA,NA,NA,Y,NA,A,07,0,0,1,0,0,0,0,0,0,-,-,34.07289,-117.29586,SAN BERNARDINO,SAN BERNARDINO,-117.29573813,34.07288547
90154352,2016,2016-04-11,9835,2016-03-30,1930,015842,NA,3,2,9,3600,0,1,1,NA,2,075,I-15 S/B,E. BAKER BLVD.,264,N,N,A,-,Y,NA,NA,15,NA,NA,NA,NA,NA,S,Y,4,0,1,1,A,-,01,23152,A,N,F,A,A,A,H,-,D,D,0,NA,NA,NA,NA,Y,Y,A,07,0,0,1,0,0,0,0,0,0,-,-,35.28121,-116.04781,SAN BERNARDINO,UNINCORPORATED,-116.04790166,35.28127547
90137354,2016,2016-03-15,9860,2016-03-03,1445,016646,NA,4,2,6,3610,0,1,1,NA,2,202,SR-210 E/B,MOUNTAIN VIEW AVE,128,W,N,A,-,Y,NA,NA,210,NA,NA,NA,NA,NA,E,Y,3,0,3,3,A,-,03,22350,NA,N,C,C,A,A,H,-,A,D,0,NA,NA,NA,NA,Y,NA,A,01,0,3,0,0,0,0,0,0,0,-,-,34.14524,-117.28682,SAN BERNARDINO,SAN BERNARDINO,-117.28681859,34.14532329
90094818,2015,2016-01-13,9860,2015-12-30,1120,012988,NA,3,1,9,3600,0,1,3,NA,1,380,SR-38 (MENTONE BLVD 1700 BLOCK),CHRYSOLITE AVE,110,W,N,A,-,Y,NA,NA,38,NA,NA,NA,NA,NA,NA,N,3,0,1,3,A,-,04,21703,NA,F,C,C,A,A,H,-,A,A,0,NA,NA,NA,NA,Y,NA,A,01,0,1,0,0,0,0,0,0,0,-,-,34.0702,-117.13787,SAN BERNARDINO,UNINCORPORATED,-117.13787119,34.07012573
90108128,2016,2016-02-03,9855,2016-01-28,1630,017313,NA,4,2,6,3607,0,1,1,NA,2,103,I-10 E/B (SAN BERNARDINO FWY),FOURTH ST.,1584,W,N,A,-,Y,NA,NA,10,NA,NA,NA,NA,NA,E,N,4,0,1,3,A,-,03,22350,NA,N,C,C,A,A,H,-,A,D,0,NA,NA,NA,NA,Y,NA,D,22,0,0,1,0,0,0,0,0,0,-,-,34.08039,-117.62804,SAN BERNARDINO,ONTARIO,-117.62812949,34.08023462
90109509,2016,2016-02-04,9855,2016-02-01,0810,016853,NA,1,1,6,3616,0,1,1,NA,2,203,SR-210 E/B (FOOTHILL FWY),ARCHIBALD AVE.,500,W,N,A,-,Y,NA,NA,210,NA,NA,NA,NA,NA,E,Y,3,0,1,2,A,-,08,22107,NA,N,C,C,A,A,H,-,A,D,0,NA,NA,NA,NA,Y,NA,A,07,0,1,0,0,0,0,0,0,0,-,-,34.1349,-117.5929,SAN BERNARDINO,RANCHO CUCAMONGA,-117.59290561,34.13499693
9015821,2019,2020-02-14,3609,2019-12-24,1740,02281,RI127,2,5,5,3609,0,0,0,NA,0,004,FOOTHILL BL,RIVERSIDE AV,300,E,N,C,-,N,NA,NA,NA,NA,NA,NA,NA,NA,NA,Y,4,0,1,2,A,-,08,22107,NA,N,D,D,A,B,H,-,C,D,0,NA,NA,Y,NA,Y,NA,A,01,0,0,1,0,0,0,0,0,1,-,-,34.10668182373047,-117.36947631835938,SAN BERNARDINO,RIALTO,-117.37037658691406,34.10675811767578
90113414,2016,2016-02-11,9855,2016-01-21,2214,020231,NA,4,3,6,3604,0,1,1,NA,2,201,SR-210 W/B (FOOTHILL FWY),BEECH AVE.,1045,W,N,A,-,Y,NA,NA,210,NA,NA,NA,NA,NA,W,Y,3,0,1,1,A,-,01,23152,A,N,E,I,A,A,H,-,C,D,0,NA,NA,NA,NA,Y,Y,A,07,0,1,0,0,0,0,0,0,0,-,-,34.13649,-117.47332,SAN BERNARDINO,FONTANA,-117.47332188,34.13671752
90119976,2016,2016-02-22,9860,2016-02-19,1205,016590,NA,5,1,4,3603,0,1,1,NA,2,214,I-215 S/B TO I-10 E/B,HUNTS LN.,774,W,N,A,-,Y,NA,NA,NA,NA,NA,NA,NA,NA,NA,Y,4,0,1,3,A,-,03,22350,NA,N,C,C,A,A,H,-,A,D,0,NA,NA,NA,NA,Y,NA,D,22,0,0,1,0,0,0,0,0,0,-,-,34.06317,-117.28955,SAN BERNARDINO,COLTON,NA,NA
90160178,2016,2016-04-19,9860,2016-04-12,0233,017784,NA,2,3,5,3609,0,1,1,NA,2,102,INTERSTATE 10 EASTBOUND,RIVERSIDE AVENUE,1500,E,N,B,-,Y,NA,NA,10,NA,NA,NA,NA,NA,E,Y,4,0,1,1,A,-,01,23152,A,N,E,I,A,A,H,-,C,D,0,NA,NA,NA,NA,Y,Y,A,01,0,0,1,0,0,0,0,0,0,-,-,34.06853,-117.36481,SAN BERNARDINO,RIALTO,-117.36481247,34.06871616
90121470,2016,2016-02-23,9870,2016-02-12,2106,021064,NA,5,2,9,3600,0,1,3,NA,2,021,SR-247 (OLD WOMAN SPRINGS ROAD),HAPPY TRAIL ROAD,990,N,N,A,-,Y,NA,NA,247,NA,NA,NA,NA,NA,NA,Y,4,0,1,2,A,-,01,23152,A,N,B,C,A,A,H,-,D,D,0,NA,NA,NA,NA,Y,Y,A,01,0,0,1,0,0,0,0,0,0,-,-,34.3084,-116.4709,SAN BERNARDINO,UNINCORPORATED,-116.47090519,34.30839638
90121509,2016,2016-02-23,9860,2016-02-16,0540,017204,NA,2,3,9,3600,0,1,3,NA,1,012,SR-138,SAYLE RD,165,W,N,A,-,Y,NA,NA,138,NA,NA,NA,NA,NA,NA,Y,3,0,2,4,A,-,03,22350,NA,N,C,C,A,A,D,-,D,D,0,NA,NA,NA,NA,Y,NA,D,22,0,2,0,0,0,0,0,0,0,-,-,34.3453,-117.52511,SAN BERNARDINO,UNINCORPORATED,-117.52508069,34.3453097
90124129,2016,2016-02-25,9860,2016-02-23,1745,016651,NA,2,2,6,3610,0,1,1,NA,2,214,I-215 N/B,INLAND CENTER DR,150,S,N,A,-,Y,NA,NA,215,NA,NA,NA,NA,NA,N,Y,4,0,1,3,A,-,03,22350,NA,N,C,C,A,A,H,-,A,D,0,NA,NA,NA,NA,Y,NA,A,07,0,0,1,0,0,0,0,0,0,-,-,34.08482,-117.30071,SAN BERNARDINO,SAN BERNARDINO,-117.30069613,34.08482886
90094854,2015,2016-01-13,9860,2015-12-12,1720,013665,NA,6,2,5,3608,0,1,1,NA,2,104,I-10 E/B,ALABAMA STREET,1500,W,N,A,-,Y,NA,NA,10,NA,NA,NA,NA,NA,E,Y,4,0,2,2,A,-,03,22350,NA,N,C,C,A,A,H,-,D,A,0,NA,NA,NA,NA,Y,NA,A,08,0,0,2,0,0,0,0,0,0,-,-,34.06634,-117.21103,SAN BERNARDINO,REDLANDS,-117.21103071,34.06649015
90148140,2016,2016-03-30,9870,2016-03-25,0115,020890,NA,5,3,9,3600,0,3,5,NA,2,001,PIONEERTOWN RD,SKYLINE RANCH RD,43,S,N,A,-,N,NA,NA,NA,NA,NA,NA,NA,NA,NA,Y,2,0,1,1,A,-,08,22107,NA,N,E,I,A,A,H,-,D,D,0,NA,NA,Y,NA,Y,NA,C,02,1,0,0,0,0,0,0,0,1,-,-,34.15428,-116.48796,SAN BERNARDINO,UNINCORPORATED,-116.4885707,34.15466522
90148210,2016,2016-03-30,9855,2016-03-23,1710,016889,NA,3,2,6,3616,0,1,1,NA,2,152,I-15 N/B (ONTARIO FWY),DAY CANYON CHANNEL,150,S,N,B,-,Y,NA,NA,15,NA,NA,NA,NA,NA,N,N,2,0,1,2,A,-,07,21658,A,F,B,C,A,A,H,-,A,D,0,NA,NA,Y,NA,Y,NA,A,01,1,0,0,0,0,0,0,0,1,-,-,34.09662,-117.5418,SAN BERNARDINO,RANCHO CUCAMONGA,-117.54175491,34.09659367
90138562,2016,2016-03-17,9855,2016-03-10,1212,017808,NA,4,1,6,3604,0,1,1,NA,2,153,I-15 N/B (ONTARIO FWY),SUMMIT AVE.,1320,S,N,A,-,Y,NA,NA,15,NA,NA,NA,NA,NA,N,Y,4,0,1,2,A,-,03,22350,NA,N,C,C,A,A,H,-,A,D,0,NA,NA,NA,NA,Y,NA,A,01,0,0,1,0,0,0,0,0,0,-,-,34.14227,-117.4883,SAN BERNARDINO,FONTANA,-117.48836987,34.14235475
90169769,2016,2016-04-29,9855,2016-04-26,1700,017313,NA,2,2,6,3607,0,1,1,NA,2,103,I-10 W/B (SAN BERNARDINO FWY),ARCHIBALD AVE.,2112,W,N,A,-,Y,NA,NA,10,NA,NA,NA,NA,NA,W,Y,3,0,4,3,A,-,03,22350,NA,N,C,C,A,A,H,-,A,D,0,NA,NA,NA,NA,Y,NA,A,01,0,1,3,0,0,0,0,0,0,-,-,34.06933,-117.6056,SAN BERNARDINO,ONTARIO,-117.60571545,34.06882881
90138999,2016,2016-03-18,9860,2016-03-16,0617,017204,NA,3,1,9,3600,0,1,3,NA,1,012,SR-138,RANCHO DEL LAGARTO,1305,E,N,A,-,Y,NA,NA,138,NA,NA,NA,NA,NA,NA,Y,3,0,1,3,A,-,05,21460,A,N,A,C,A,A,D,-,D,D,0,NA,NA,NA,Y,Y,NA,A,07,0,1,0,0,0,0,0,0,0,-,-,34.32851,-117.51841,SAN BERNARDINO,UNINCORPORATED,-117.51833101,34.32856944
90170058,2016,2016-05-02,9855,2016-04-27,0530,017649,NA,3,3,6,3607,0,1,1,NA,2,101,I-10 W/B (SAN BERNARDINO FWY),MILLIKEN AVE.,100,W,N,A,-,Y,NA,NA,10,NA,NA,NA,NA,NA,W,Y,4,0,1,4,A,-,07,21658,A,N,B,C,A,A,H,-,C,D,0,NA,NA,NA,Y,Y,NA,G,25,0,0,1,0,0,0,0,0,0,-,-,34.06776,-117.56102,SAN BERNARDINO,ONTARIO,-117.56102121,34.0675861
90140780,2016,2016-03-22,9860,2016-03-05,1629,018708,NA,6,2,3,3615,0,1,1,NA,2,104,I-10 W/B,REDLANDS OVERHANG,95,W,N,B,-,Y,NA,NA,10,NA,NA,NA,NA,NA,W,Y,4,0,2,1,A,-,08,22107,NA,N,E,I,A,A,H,-,A,D,0,NA,NA,NA,NA,Y,NA,A,01,0,0,2,0,0,0,0,0,0,-,-,34.06685,-117.23932,SAN BERNARDINO,LOMA LINDA,-117.23932064,34.06671764
90142716,2016,2016-03-24,9860,2016-03-16,1345,016658,NA,3,1,6,3610,0,1,1,NA,2,202,SR-210 E/B,I-215,90,E,N,A,-,Y,NA,NA,210,NA,NA,NA,NA,NA,E,Y,3,0,1,1,A,-,08,22107,NA,N,E,I,A,A,H,-,A,D,0,NA,NA,NA,NA,Y,NA,A,01,0,1,0,0,0,0,0,0,0,-,-,34.14475,-117.31856,SAN BERNARDINO,SAN BERNARDINO,-117.31854815,34.14472132
90145008,2016,2016-03-28,9860,2016-03-23,1301,016575,NA,3,1,4,3603,0,1,1,NA,2,103,I-10 W/B,RANCHO AVE,1800,E,N,A,-,Y,NA,NA,10,NA,NA,NA,NA,NA,W,Y,3,0,1,1,C,-,18,NA,NA,N,E,J,A,A,C,-,A,D,0,NA,NA,Y,NA,Y,NA,-,-,0,1,0,0,0,0,0,0,1,-,-,34.06654,-117.33047,SAN BERNARDINO,COLTON,-117.33046832,34.06655126
90145521,2016,2016-03-28,9860,2016-03-25,1023,019321,NA,5,1,5,3608,0,1,1,NA,2,105,I-10 E/B,FORD ST,400,E,N,A,-,Y,NA,NA,10,NA,NA,NA,NA,NA,E,Y,2,0,1,2,A,-,07,21658,A,N,C,C,A,A,H,-,A,D,0,NA,NA,NA,NA,Y,NA,A,07,1,0,0,0,0,0,0,0,0,-,-,34.04036,-117.1547,SAN BERNARDINO,REDLANDS,-117.15478832,34.04028595
90174883,2016,2016-05-09,9860,2016-05-02,1730,016651,NA,1,2,9,3600,0,1,1,NA,2,152,I-15 N/B,SR-138,1500,N,N,A,-,Y,NA,NA,15,NA,NA,NA,NA,NA,N,Y,4,0,1,2,A,-,07,21658,A,N,C,C,A,A,D,-,A,D,0,NA,NA,Y,NA,Y,NA,A,01,0,0,1,0,0,0,0,0,1,-,-,34.31513,-117.47827,SAN BERNARDINO,UNINCORPORATED,-117.47823812,34.31515912
90146608,2016,2016-03-29,9835,2016-03-28,1615,16820,NA,1,2,9,3600,0,1,1,NA,2,075,I-15 S/B,HALLORAN SPRINGS ROAD,9504,S,N,B,G,Y,NA,NA,15,NA,NA,NA,NA,NA,S,Y,4,0,3,2,A,-,03,22350,NA,N,C,C,A,A,H,-,A,D,0,NA,NA,NA,Y,Y,NA,G,25,0,0,3,0,0,0,0,0,0,-,-,35.36299,-115.92088,SAN BERNARDINO,UNINCORPORATED,-115.92081785,35.36289351
90149854,2016,2016-04-04,9870,2016-03-27,0800,018842,NA,7,1,9,3600,0,2,4,NA,2,032,ALTA LOMA DRIVE,SUNNY VISTA ROAD,1056,W,N,A,-,N,NA,NA,NA,NA,NA,NA,NA,NA,NA,Y,3,0,1,1,A,-,01,23152,A,N,E,I,A,A,H,-,A,D,0,NA,NA,NA,NA,Y,Y,D,22,0,1,0,0,0,0,0,0,0,-,-,34.12043,-116.33935,SAN BERNARDINO,UNINCORPORATED,-116.33891412,34.1204661
90152752,2016,2016-04-07,9855,2016-03-30,1745,016051,NA,3,2,6,3607,0,1,3,NA,2,601,SR-60 W/B (POMONA FWY),GROVE AVE.,3438,W,N,A,-,Y,NA,NA,60,NA,NA,NA,NA,NA,W,Y,3,0,1,2,A,-,03,22350,NA,N,C,C,A,A,H,-,A,D,0,NA,NA,NA,NA,Y,NA,A,01,0,1,0,0,0,0,0,0,0,-,-,34.03063,-117.63989,SAN BERNARDINO,ONTARIO,-117.63988976,34.03055253
90153285,2016,2016-04-07,9865,2016-04-03,1030,017407,NA,7,1,9,3600,0,1,3,NA,1,022,STATE ROUTE 18,STATE ROUTE 330,0,NA,Y,A,-,Y,NA,NA,18,NA,NA,NA,NA,NA,NA,Y,3,0,3,2,A,-,09,21803,A,N,D,C,A,A,H,-,A,A,0,NA,NA,NA,NA,Y,NA,D,22,0,2,1,0,0,0,0,0,0,-,-,34.21559,-117.12144,SAN BERNARDINO,UNINCORPORATED,-117.12183347,34.21544583
90178643,2016,2016-05-13,9855,2016-05-06,0530,017649,NA,5,3,6,3607,0,1,1,NA,2,101,I-10 E/B (SAN BERNARDINO FWY),ETIWANDA AVE.,800,W,N,B,-,Y,NA,NA,10,NA,NA,NA,NA,NA,E,Y,3,0,1,1,A,-,08,22107,NA,N,E,I,A,A,H,-,C,D,0,NA,NA,Y,NA,Y,NA,C,02,0,1,0,0,0,0,0,0,1,-,-,34.06732,-117.52567,SAN BERNARDINO,ONTARIO,-117.52567133,34.0673805
9018081,2019,2020-02-11,3609,2019-12-21,2015,6421,RI220,6,5,5,3609,0,0,0,NA,0,004,RIVERSIDE AV,AGUA MANSA RD,500,S,N,A,-,N,NA,NA,NA,NA,NA,NA,NA,NA,NA,Y,4,0,2,2,A,-,09,21801,A,N,D,C,A,A,H,-,C,A,0,NA,NA,NA,NA,Y,NA,A,01,0,0,2,0,0,0,0,0,0,-,-,34.03689956665039,-117.36676788330078,SAN BERNARDINO,RIALTO,-117.36677551269533,34.03696823120117
90180857,2016,2016-05-17,9870,2016-05-16,1720,020890,NA,1,2,9,3600,0,1,3,NA,1,031,SR-62 (TWENTYNINE PALMS HIGHWAY),HILLVIEW ROAD,0,NA,Y,A,-,Y,NA,NA,62,NA,NA,NA,NA,NA,NA,Y,3,0,1,2,A,-,09,21802,A,N,D,C,A,A,H,-,A,A,0,NA,NA,NA,NA,Y,NA,A,01,0,1,0,0,0,0,0,0,0,-,-,34.13474,-116.32007,SAN BERNARDINO,UNINCORPORATED,-116.32007194,34.13496562
9018088,2019,2020-01-18,3604,2019-11-28,1852,1154,NA,4,5,6,3604,0,0,0,NA,0,NA,BETH PAGE DR,BROADMOOR WY,20,S,N,C,-,N,NA,NA,NA,NA,NA,NA,NA,NA,NA,N,3,0,1,2,A,-,03,22350,NA,N,B,B,D,B,H,-,C,A,0,Y,NA,NA,NA,Y,NA,D,22,0,1,0,0,1,0,0,0,0,-,-,NA,NA,SAN BERNARDINO,FONTANA,-117.43946838378906,34.141685485839844
90155154,2016,2016-04-11,9855,2016-04-03,0854,017704,NA,7,1,5,3630,0,1,3,NA,2,071,SR-71 SB FROM BUTTERFIELD RANCH RD WB,SR-71 S/B (CHINO FWY),235,S,N,A,-,Y,NA,NA,NA,NA,NA,NA,NA,NA,NA,Y,4,0,3,2,A,-,08,22107,NA,F,B,E,A,A,H,-,A,D,0,NA,NA,NA,NA,Y,NA,-,99,0,0,3,0,0,0,0,0,0,-,-,NA,NA,SAN BERNARDINO,CHINO HILLS,NA,NA
90157214,2016,2016-04-13,9855,2016-04-07,1510,019138,NA,4,2,6,3607,0,1,1,NA,2,103,I-10 E/B (SAN BERNARDINO FWY),HAVEN AVE.,800,W,N,B,-,Y,NA,NA,10,NA,NA,NA,NA,NA,E,N,4,0,2,2,A,-,03,22350,NA,N,C,C,A,A,H,-,A,D,0,NA,NA,NA,NA,Y,NA,D,22,0,0,2,0,0,0,0,0,0,-,-,34.06723,-117.57902,SAN BERNARDINO,ONTARIO,-117.57901876,34.06747605
90158761,2016,2016-04-15,9870,2016-04-08,1345,018842,NA,5,1,9,3600,0,1,3,NA,1,031,SR-62 (TWENTYNINE PALMS HIGHWAY),SUNKIST ROAD,698,W,N,B,C,Y,NA,NA,62,NA,NA,NA,NA,NA,NA,Y,3,0,1,1,A,-,03,22350,NA,N,E,I,A,B,F,-,A,A,0,NA,NA,NA,NA,Y,NA,A,07,0,1,0,0,0,0,0,0,0,-,-,34.13506,-116.25828,SAN BERNARDINO,UNINCORPORATED,-116.25827984,34.1351346
90181897,2016,2016-05-18,9835,2016-05-11,2105,021175,NA,3,2,9,3600,0,1,1,NA,2,073,I-15 S/B,COYOTE LAKE RD,404,S,N,A,-,Y,NA,NA,15,NA,NA,NA,NA,NA,S,Y,3,0,1,2,A,-,01,23152,A,N,B,C,A,A,H,-,D,D,0,NA,NA,NA,Y,Y,Y,D,22,0,1,0,0,0,0,0,0,0,-,-,34.9312,-116.7169,SAN BERNARDINO,UNINCORPORATED,-116.71694977,34.93130696
90161847,2016,2016-04-20,9855,2016-04-18,0719,014973,NA,1,1,4,3605,0,1,1,NA,2,103,I-10 W/B (SAN BERNARDINO FWY),MONTE VISTA AVE.,500,W,N,A,-,Y,NA,NA,10,NA,NA,NA,NA,NA,W,Y,4,0,1,2,A,-,03,22350,NA,N,C,C,A,A,H,-,A,D,0,NA,NA,NA,NA,Y,NA,A,01,0,0,1,0,0,0,0,0,0,-,-,34.08195,-117.7056,SAN BERNARDINO,MONTCLAIR,-117.70559992,34.08195416
90182192,2016,2016-05-18,9850,2016-05-12,1505,017730,NA,4,2,9,3600,0,2,4,NA,2,066,PHELAN RD,WILSON RANCH RD,1262,E,N,A,-,N,NA,NA,NA,NA,NA,NA,NA,NA,NA,Y,4,0,2,2,A,-,03,22350,NA,N,C,C,A,A,H,-,A,D,0,NA,NA,NA,NA,Y,NA,D,22,0,0,2,0,0,0,0,0,0,-,-,34.4266,-117.51636,SAN BERNARDINO,UNINCORPORATED,-117.51675683,34.42656
90161967,2016,2016-04-20,9855,2016-04-11,1100,012923,NA,1,1,5,3602,0,1,3,NA,2,603,SR-60 W/B (POMONA FWY),MOUNTAIN AVE.,25,E,N,A,-,Y,NA,NA,60,NA,NA,NA,NA,NA,W,N,4,0,1,2,A,-,03,22350,NA,N,C,C,A,A,H,-,A,D,0,NA,NA,NA,NA,Y,NA,J,48,0,0,1,0,0,0,0,0,0,-,-,34.03058,-117.66712,SAN BERNARDINO,CHINO,-117.6671191,34.03045672
90143415,2016,2016-03-24,9870,2016-03-17,1000,020616,NA,4,1,9,3600,0,3,5,NA,2,001,PIONEERTOWN ROAD,SHELTER COVE LN,1056,N,N,A,-,N,NA,NA,NA,NA,NA,NA,NA,NA,NA,Y,4,0,1,1,A,-,08,22107,NA,N,F,A,A,A,H,-,A,D,0,NA,NA,NA,NA,Y,NA,A,07,0,0,1,0,0,0,0,0,0,-,-,34.07015,-117.1368,SAN BERNARDINO,UNINCORPORATED,-116.46331877,34.13864611
90144428,2016,2016-03-28,9860,2016-03-22,1600,014829,NA,2,2,9,3600,0,1,1,NA,2,151,I-15 S/B,KENWOOD AVE,1584,S,N,A,-,Y,NA,NA,NA,NA,NA,NA,NA,NA,NA,Y,4,0,2,2,A,-,02,22400,A,N,C,C,A,A,D,-,A,D,0,NA,NA,NA,NA,Y,NA,A,01,0,0,2,0,0,0,0,0,0,-,-,NA,NA,SAN BERNARDINO,UNINCORPORATED,NA,NA
9017533,2020,2020-03-03,3608,2020-01-10,2011,4523,3608,5,5,5,3608,0,0,0,NA,0,N A,FORD ST,REDLANDS BL,0,NA,Y,A,-,N,NA,NA,NA,NA,NA,NA,NA,NA,NA,N,4,0,1,2,A,-,09,21801,A,N,A,C,A,A,H,-,C,A,0,NA,NA,NA,NA,Y,NA,A,01,0,0,1,0,0,0,0,0,0,-,-,NA,NA,SAN BERNARDINO,REDLANDS,-117.15635681152344,34.040531158447266