CASE_ID,ACCIDENT_YEAR,PROC_DATE,JURIS,COLLISION_DATE,COLLISION_TIME,OFFICER_ID,REPORTING_DISTRICT,DAY_OF_WEEK,CHP_SHIFT,POPULATION,CNTY_CITY_LOC,SPECIAL_COND,BEAT_TYPE,CHP_BEAT_TYPE,CITY_DIVISION_LAPD,CHP_BEAT_CLASS,BEAT_NUMBER,PRIMARY_RD,SECONDARY_RD,DISTANCE,DIRECTION,INTERSECTION,WEATHER_1,WEATHER_2,STATE_HWY_IND,CALTRANS_COUNTY,CALTRANS_DISTRICT,STATE_ROUTE,ROUTE_SUFFIX,POSTMILE_PREFIX,POSTMILE,LOCATION_TYPE,RAMP_INTERSECTION,SIDE_OF_HWY,TOW_AWAY,COLLISION_SEVERITY,NUMBER_KILLED,NUMBER_INJURED,PARTY_COUNT,PRIMARY_COLL_FACTOR,PCF_CODE_OF_VIOL,PCF_VIOL_CATEGORY,PCF_VIOLATION,PCF_VIOL_SUBSECTION,HIT_AND_RUN,TYPE_OF_COLLISION,MVIW,PED_ACTION,ROAD_SURFACE,ROAD_COND_1,ROAD_COND_2,LIGHTING,CONTROL_DEVICE,CHP_ROAD_TYPE,PEDESTRIAN_ACCIDENT,BICYCLE_ACCIDENT,MOTORCYCLE_ACCIDENT,TRUCK_ACCIDENT,NOT_PRIVATE_PROPERTY,ALCOHOL_INVOLVED,STWD_VEHTYPE_AT_FAULT,CHP_VEHTYPE_AT_FAULT,COUNT_SEVERE_INJ,COUNT_VISIBLE_INJ,COUNT_COMPLAINT_PAIN,COUNT_PED_KILLED,COUNT_PED_INJURED,COUNT_BICYCLIST_KILLED,COUNT_BICYCLIST_INJURED,COUNT_MC_KILLED,COUNT_MC_INJURED,PRIMARY_RAMP,SECONDARY_RAMP,LATITUDE,LONGITUDE,COUNTY,CITY,POINT_X,POINT_Y
90167304,2016,2016-04-27,9865,2016-04-25,1325,015158,NA,1,1,9,3600,0,1,3,NA,2,017,SR-173,YOSEMITE DR,0,NA,Y,B,-,Y,NA,NA,173,NA,NA,NA,NA,NA,NA,Y,4,0,2,2,A,-,09,21802,A,N,D,C,A,A,H,-,A,A,0,NA,NA,NA,NA,Y,NA,A,01,0,0,2,0,0,0,0,0,0,-,-,34.27053,-117.17086,SAN BERNARDINO,UNINCORPORATED,-117.17086476,34.27049906
9016930,2020,2020-02-28,3600,2020-01-31,1315,E6889,HE411,5,5,5,3619,0,0,0,NA,0,HE4,SANTA FE AV EAST,ADELIA ST,22,N,N,A,-,N,NA,NA,NA,NA,NA,NA,NA,NA,NA,Y,3,0,1,2,A,-,03,22350,NA,N,E,I,A,A,H,-,A,D,0,NA,NA,NA,NA,Y,NA,A,01,0,1,0,0,0,0,0,0,0,-,-,NA,NA,SAN BERNARDINO,HESPERIA,-117.30821990966795,34.3907356262207
90177075,2016,2016-05-11,9855,2016-04-28,0138,016215,NA,4,3,6,3607,0,1,1,NA,2,101,I-10 W/B (SAN BERNARDINO FWY),HAVEN AVE.,835,E,N,B,-,Y,NA,NA,NA,NA,NA,NA,NA,NA,NA,Y,4,0,1,2,A,-,03,22350,NA,N,C,C,A,A,H,-,C,D,0,NA,NA,NA,NA,Y,Y,D,22,0,0,1,0,0,0,0,0,0,-,-,34.06764,-117.5129,SAN BERNARDINO,ONTARIO,-117.57320071,34.06765993
90190351,2016,2016-05-31,9860,2016-05-28,1525,019599,NA,6,2,6,3610,0,1,1,NA,2,202,SR-210 E/B,SIERRA WAY,50,E,N,A,-,Y,NA,NA,210,NA,NA,NA,NA,NA,E,Y,4,0,1,3,A,-,03,22350,NA,N,C,C,A,A,H,-,A,D,0,NA,NA,NA,NA,Y,NA,A,01,0,0,1,0,0,0,0,0,0,-,-,34.14517,-117.28484,SAN BERNARDINO,SAN BERNARDINO,-117.28483548,34.1452831
90190375,2016,2016-05-31,9860,2016-05-25,1655,014829,NA,3,2,9,3600,0,1,1,NA,2,216,I-215 N/B,DEVORE RD,6336,S,N,A,-,Y,NA,NA,NA,NA,NA,NA,NA,NA,NA,Y,4,0,1,2,A,-,03,22350,NA,N,C,C,A,A,H,-,A,D,0,NA,NA,NA,NA,Y,NA,A,08,0,0,1,0,0,0,0,0,0,-,-,NA,NA,SAN BERNARDINO,UNINCORPORATED,-117.3871215,34.21099931
90177188,2016,2016-05-11,9865,2016-05-03,1130,015271,NA,2,1,9,3600,0,3,5,NA,2,003,BALDWIN LN.,SR-38,157,W,N,A,-,N,NA,NA,NA,NA,NA,NA,NA,NA,NA,Y,2,0,1,1,A,-,01,23152,A,N,E,I,A,A,H,-,A,D,0,NA,NA,NA,NA,Y,Y,A,01,1,0,0,0,0,0,0,0,0,-,-,34.25057,-116.81611,SAN BERNARDINO,UNINCORPORATED,-116.81622441,34.25049599
90190600,2016,2016-05-31,9855,2016-05-20,1550,019420,NA,5,2,6,3607,0,1,1,NA,2,103,I-10 E/B (SAN BERNARDINO FWY),FOURTH ST.,1000,W,N,A,-,Y,NA,NA,10,NA,NA,NA,NA,NA,E,Y,3,0,1,1,A,-,08,22107,NA,N,E,I,A,A,H,-,A,D,0,NA,NA,NA,NA,Y,NA,D,22,0,1,0,0,0,0,0,0,0,-,-,34.07762,-117.62357,SAN BERNARDINO,ONTARIO,-117.6235759,34.07760954
9018100,2019,2020-02-12,3603,2019-12-20,1730,4902,CPD,5,5,4,3603,0,0,0,NA,0,004,RECHE CANYON DR,WASHINGTON ST,2600,S,N,B,-,N,NA,NA,NA,NA,NA,NA,NA,NA,NA,Y,3,0,3,2,A,-,09,21801,A,N,D,C,A,A,H,-,D,D,0,NA,NA,NA,NA,Y,NA,D,23,0,3,0,0,0,0,0,0,0,-,-,NA,NA,SAN BERNARDINO,COLTON,-117.28501129150392,34.04401397705078
9015813,2019,2020-02-14,3604,2019-12-13,1544,D171,J22G4,5,5,6,3604,0,0,0,NA,0,NA,RANDALL AV,CYPRESS AV,0,NA,Y,A,-,N,NA,NA,NA,NA,NA,NA,NA,NA,NA,N,3,0,1,2,A,-,10,21950,NA,N,G,B,B,A,H,-,A,A,0,Y,NA,NA,NA,Y,NA,D,22,0,1,0,0,1,0,0,0,0,-,-,NA,NA,SAN BERNARDINO,FONTANA,-117.44444274902344,34.08481979370117
90194376,2016,2016-06-06,9860,2016-05-26,1440,019321,NA,4,2,3,3615,0,1,1,NA,2,104,I-10 W/B TO MOUNTAIN VIEW AVE.,MT. VIEW AVE.,100,E,N,A,-,Y,NA,NA,10,NA,NA,NA,R,NA,W,Y,4,0,1,2,A,-,03,22350,NA,N,C,C,A,A,H,-,A,A,0,NA,NA,NA,NA,Y,NA,A,01,0,0,1,0,0,0,0,0,0,-,-,34.06701,-117.24318,SAN BERNARDINO,LOMA LINDA,-117.24318,34.06701
90194749,2016,2016-06-06,9850,2016-05-26,2140,014858,NA,4,2,9,3600,0,1,1,NA,2,084,I-15 N/B,DALE EVANS PKY,4963,N,N,A,-,Y,NA,NA,15,NA,NA,NA,NA,NA,N,Y,3,0,2,2,A,-,08,22107,NA,N,D,C,A,A,H,-,D,D,0,NA,NA,NA,NA,Y,NA,A,01,0,2,0,0,0,0,0,0,0,-,-,34.64098,-117.22022,SAN BERNARDINO,UNINCORPORATED,-117.22023926,34.64099454
90195027,2016,2016-06-06,9855,2016-05-13,0730,017704,NA,5,1,6,3607,0,1,3,NA,2,603,SR-60 W/B (POMONA FWY),EUCLID AVE.,200,E,N,A,-,Y,NA,NA,60,NA,NA,NA,NA,NA,W,N,4,0,1,2,A,-,03,22350,NA,F,C,C,A,A,H,-,A,D,0,NA,NA,NA,NA,Y,NA,D,22,0,0,1,0,0,0,0,0,0,-,-,34.03095,-117.64915,SAN BERNARDINO,ONTARIO,-117.64914791,34.0305161
90158137,2016,2016-04-14,9835,2016-04-08,0808,019989,NA,5,1,9,3600,0,1,1,NA,2,077,I-15 N/B,NIPTON ROAD,1584,S,N,C,-,Y,NA,NA,NA,NA,NA,NA,NA,NA,NA,Y,4,0,1,1,A,-,03,22350,NA,N,E,I,A,B,H,-,A,D,0,NA,NA,NA,NA,Y,NA,A,07,0,0,1,0,0,0,0,0,0,-,-,NA,NA,SAN BERNARDINO,UNINCORPORATED,-115.45190562,35.46983187
90182041,2016,2016-05-18,9855,2016-05-10,0650,014973,NA,2,1,6,3607,0,1,1,NA,2,103,I-10 W/B (SAN BERNARDINO FWY),CENTRAL AVE.,1180,E,N,A,-,Y,NA,NA,NA,NA,NA,NA,NA,NA,NA,Y,4,0,1,3,A,-,03,22350,NA,N,B,C,A,A,H,-,A,D,0,NA,NA,NA,Y,Y,NA,A,01,0,0,1,0,0,0,0,0,0,-,-,34.08721,-117.68525,SAN BERNARDINO,ONTARIO,-117.68941,34.08571
90196547,2016,2016-06-08,9860,2016-05-31,2340,019391,NA,2,3,6,3610,0,1,1,NA,2,214,I-215 S/B TO I-10,FAIRWAY DR,25,S,N,A,-,Y,NA,NA,215,NA,NA,NA,R,NA,S,Y,4,0,1,1,A,-,01,23152,A,N,E,I,A,A,H,-,C,D,0,NA,NA,NA,NA,Y,Y,A,01,0,0,1,0,0,0,0,0,0,-,-,34.06808,-117.29628,SAN BERNARDINO,SAN BERNARDINO,-117.29628,34.06808
90199680,2016,2016-06-13,9860,2016-06-10,1635,019599,NA,5,2,9,3600,0,3,5,NA,2,004,SANTA ANA AVE.,BIRCH AVE.,0,NA,Y,A,-,N,NA,NA,NA,NA,NA,NA,NA,NA,NA,N,4,0,1,2,A,-,03,22350,NA,N,C,C,A,A,H,-,A,D,0,NA,NA,NA,NA,Y,NA,A,07,0,0,1,0,0,0,0,0,0,-,-,34.05592,-117.40703,SAN BERNARDINO,UNINCORPORATED,-117.40702012,34.05586005
90200260,2016,2016-06-13,9855,2016-06-02,1650,017808,NA,4,2,9,3600,0,3,5,NA,2,001,BEECH AVE.,ARROW RTE.,0,NA,Y,A,-,N,NA,NA,NA,NA,NA,NA,NA,NA,NA,Y,4,0,1,4,A,-,12,21453,A,N,D,C,A,A,H,-,A,A,0,NA,NA,NA,Y,Y,NA,A,01,0,0,1,0,0,0,0,0,0,-,-,34.09931,-117.47129,SAN BERNARDINO,UNINCORPORATED,-117.4712201,34.09928001
9020063,2019,2020-02-07,3609,2019-12-10,1813,7770,RI088,2,5,5,3609,0,0,0,NA,0,001,BASELINE RD,ALDER AV,600,E,N,A,-,N,NA,NA,NA,NA,NA,NA,NA,NA,NA,Y,4,0,1,2,A,-,03,22350,NA,N,C,D,A,A,H,-,C,D,0,NA,NA,NA,NA,Y,NA,A,01,0,0,1,0,0,0,0,0,0,-,-,NA,NA,SAN BERNARDINO,RIALTO,-117.41641998291016,34.12133026123047
90158907,2016,2016-04-15,9834,2016-04-08,0920,018163,NA,5,1,9,3600,0,2,4,NA,1,031,NEEDLES HWY,CAPRI ROAD,8448,N,N,C,-,N,NA,NA,NA,NA,NA,NA,NA,NA,NA,Y,4,0,3,1,A,-,03,22350,NA,N,F,A,A,B,H,-,A,D,0,NA,NA,NA,NA,Y,NA,A,01,0,0,3,0,0,0,0,0,0,-,-,34.97246,-114.67429,SAN BERNARDINO,UNINCORPORATED,-114.67287978,34.9753714
90203250,2016,2016-06-16,9855,2016-04-10,0345,020231,NA,7,3,6,3604,0,1,1,NA,2,201,SR-210 E/B TO CHERRY AVENUE,CHERRY AVENUE,500,W,N,B,-,Y,NA,NA,210,NA,NA,NA,R,NA,E,Y,1,1,0,3,A,-,08,22107,NA,F,B,E,E,A,H,-,C,D,0,Y,NA,NA,NA,Y,NA,-,99,0,0,0,1,0,0,0,0,0,-,-,34.13619,-117.49297,SAN BERNARDINO,FONTANA,-117.49297,34.13619
90161395,2016,2016-04-20,9865,2016-04-18,1230,016806,NA,1,1,9,3600,0,1,3,NA,1,022,STATE HIGHWAY 18,GREEN VALLEY LAKE ROAD,23232,N,N,A,-,Y,NA,NA,18,NA,NA,NA,NA,NA,NA,Y,2,0,1,1,A,-,08,22107,NA,N,E,I,A,A,H,-,A,D,0,NA,NA,NA,NA,Y,NA,A,01,1,0,0,0,0,0,0,0,0,-,-,34.23146,-117.02664,SAN BERNARDINO,UNINCORPORATED,-117.02668209,34.23144045
90169806,2016,2016-05-02,9855,2016-04-27,1708,016051,NA,3,2,6,3607,0,1,3,NA,2,601,SR-60 W/B (POMONA FWY),VINEYARD AVE.,176,W,N,A,-,Y,NA,NA,60,NA,NA,NA,NA,NA,W,Y,3,0,2,2,A,-,03,22350,NA,N,C,C,A,A,H,-,A,D,0,NA,NA,NA,NA,Y,NA,A,01,0,1,1,0,0,0,0,0,0,-,-,34.03063,-117.61177,SAN BERNARDINO,ONTARIO,-117.61177074,34.03066266
90206866,2016,2016-06-22,9860,2016-06-14,1710,015940,NA,2,2,3,3690,0,1,1,NA,2,214,I-215 S/B,BARTON ROAD,2640,S,N,A,-,Y,NA,NA,215,NA,NA,NA,NA,NA,S,Y,4,0,1,4,A,-,03,22350,NA,N,C,C,A,A,H,-,A,D,0,NA,NA,NA,NA,Y,NA,D,22,0,0,1,0,0,0,0,0,0,-,-,34.02895,-117.33061,SAN BERNARDINO,GRAND TERRACE,-117.33063611,34.02897945
90162944,2016,2016-04-21,9850,2016-04-08,1155,020899,NA,5,1,5,3612,0,1,1,NA,2,083,I-15 S/B TO PALMDALE ROAD,PALMDALE RD,495,N,N,C,-,Y,NA,NA,15,NA,NA,NA,R,NA,S,Y,4,0,1,1,A,-,03,22350,NA,N,E,I,A,B,H,-,A,D,0,NA,NA,NA,NA,Y,NA,A,01,0,0,1,0,0,0,0,0,0,-,-,34.50906,-117.32341,SAN BERNARDINO,VICTORVILLE,-117.32341,34.50906
90207660,2016,2016-06-22,9834,2016-06-14,0940,013596,NA,2,1,9,3600,0,1,1,NA,2,044,I-40,PARK ROAD,15840,W,N,A,-,Y,NA,NA,40,NA,NA,NA,NA,NA,NA,Y,4,0,1,2,A,-,03,22350,NA,N,C,C,A,A,H,-,A,D,0,NA,NA,NA,Y,Y,NA,A,07,0,0,1,0,0,0,0,0,0,-,-,34.88927,-114.69032,SAN BERNARDINO,UNINCORPORATED,-114.69030343,34.88932106
90170074,2016,2016-05-02,9860,2016-04-24,2140,019674,NA,7,2,6,3610,0,1,3,NA,2,330,SR-330 N/B,BOULDER ST,2112,S,N,B,-,Y,NA,NA,330,NA,NA,NA,NA,NA,N,Y,2,0,2,1,A,-,08,22107,NA,N,E,I,A,A,H,-,C,D,0,NA,NA,NA,NA,Y,NA,A,01,1,1,0,0,0,0,0,0,0,-,-,34.13095,-117.20061,SAN BERNARDINO,SAN BERNARDINO,-117.20065586,34.13105767
90172978,2016,2016-05-04,9865,2016-04-29,0334,019318,NA,5,3,9,3600,0,1,3,NA,2,021,SR-330,LIVE OAK DR.,17424,S,N,A,-,Y,NA,NA,NA,NA,NA,NA,NA,NA,NA,Y,2,0,1,1,A,-,08,22107,NA,N,E,I,A,A,H,-,D,D,0,NA,NA,NA,NA,Y,NA,A,01,1,0,0,0,0,0,0,0,0,-,-,34.15366,-117.00941,SAN BERNARDINO,UNINCORPORATED,-117.1046,34.20486
90164941,2016,2016-04-25,9855,2016-04-19,0618,013860,NA,2,1,6,3616,0,1,1,NA,2,152,I-15 S/B (ONTARIO FWY),BASE LINE RD.,40,S,N,A,-,Y,NA,NA,15,NA,NA,NA,NA,NA,S,Y,4,0,1,1,A,-,08,22107,NA,N,E,I,A,A,H,-,A,D,0,NA,NA,NA,NA,Y,NA,D,22,0,0,1,0,0,0,0,0,0,-,-,34.121,-117.5147,SAN BERNARDINO,RANCHO CUCAMONGA,-117.51473242,34.12103984
90174000,2016,2016-05-05,9855,2016-04-10,0523,019675,NA,7,3,5,3611,0,1,1,NA,2,101,I-10 E/B (SAN BERNARDINO FWY),6TH STREET,90,E,N,A,-,Y,NA,NA,10,NA,NA,NA,NA,NA,E,Y,4,0,1,3,A,-,03,22350,NA,N,D,C,A,A,H,-,D,D,0,NA,NA,NA,NA,Y,NA,D,22,0,0,1,0,0,0,0,0,0,-,-,34.08503,-117.63637,SAN BERNARDINO,UPLAND,-117.63638151,34.08500932
90174371,2016,2016-05-06,9860,2016-04-30,0700,016646,NA,6,1,9,3600,0,1,1,NA,2,151,I-15 S/B,KENWOOD AVE,230,S,N,B,C,Y,NA,NA,15,NA,NA,NA,NA,NA,S,Y,3,0,3,2,A,-,03,22350,NA,N,C,C,A,B,C,-,A,A,0,NA,NA,NA,NA,Y,NA,A,01,0,1,2,0,0,0,0,0,0,-,-,34.23621,-117.42474,SAN BERNARDINO,UNINCORPORATED,-117.42476464,34.2361774
90213307,2016,2016-06-30,9855,2016-06-12,1805,019809,NA,7,2,9,3600,0,3,5,NA,2,004,RAMONA AVE.,FRANCIS AVE.,0,NA,Y,A,-,N,NA,NA,NA,NA,NA,NA,NA,NA,NA,Y,4,0,1,2,D,-,00,NA,NA,N,D,C,A,A,H,-,A,A,0,NA,NA,NA,NA,Y,NA,-,-,0,0,1,0,0,0,0,0,0,-,-,34.04071,-117.70669,SAN BERNARDINO,UNINCORPORATED,-117.70695012,34.04072008
90215175,2016,2016-07-04,9860,2016-06-26,2140,020135,NA,7,2,9,3600,0,3,5,NA,2,004,LINDEN AVE,11TH ST,0,NA,Y,A,-,N,NA,NA,NA,NA,NA,NA,NA,NA,NA,Y,4,0,1,2,A,-,09,21802,A,N,D,C,A,A,H,-,D,A,0,NA,NA,NA,NA,Y,NA,A,07,0,0,1,0,0,0,0,0,0,-,-,34.04455,-117.40077,SAN BERNARDINO,UNINCORPORATED,-117.40074002,34.04452011
90216272,2016,2016-07-05,9855,2016-06-26,0100,020913,NA,7,3,4,3605,0,1,1,NA,2,103,I-10 E/B (SAN BERNARDINO FWY),MONTE VISTA AVE.,500,W,N,A,-,Y,NA,NA,10,NA,NA,NA,NA,NA,E,Y,4,0,1,2,A,-,03,22350,NA,F,C,C,A,A,H,-,D,D,0,NA,NA,NA,NA,Y,NA,A,07,0,0,1,0,0,0,0,0,0,-,-,34.0817,-117.69983,SAN BERNARDINO,MONTCLAIR,-117.69983655,34.0817497
9021655,2020,2020-03-18,3608,2020-01-06,1535,4823,NA,1,5,5,3608,0,0,0,NA,0,NA,NEVADA ST,N REDLANDS BL,40,S,N,A,-,N,NA,NA,NA,NA,NA,NA,NA,NA,NA,Y,4,0,1,2,A,-,12,21453,A,N,D,C,A,A,H,-,A,A,0,NA,NA,NA,NA,Y,NA,A,01,0,0,1,0,0,0,0,0,0,-,-,NA,NA,SAN BERNARDINO,REDLANDS,-117.21746063232422,34.06291961669922
9017521,2020,2020-03-03,3608,2020-01-17,1737,4943,CENTR,5,5,5,3608,0,0,0,NA,0,NA,REDLANDS BL,CLARK ST,0,NA,Y,A,-,N,NA,NA,NA,NA,NA,NA,NA,NA,NA,N,4,0,1,2,A,-,05,21650,1,N,D,G,A,A,H,-,C,A,0,NA,Y,NA,NA,Y,NA,L,04,0,0,1,0,0,0,1,0,0,-,-,NA,NA,SAN BERNARDINO,REDLANDS,-117.17498779296876,34.05461120605469
90216797,2016,2016-07-06,9835,2016-07-04,1555,021205,NA,1,2,9,3600,0,1,1,NA,2,074,I-15 S/B,AFTON CANYON RD,9134,N,N,A,-,Y,NA,NA,15,NA,NA,NA,NA,NA,S,N,4,0,1,2,A,-,03,22350,NA,N,C,C,A,A,H,-,A,D,0,NA,NA,NA,NA,Y,NA,A,01,0,0,1,0,0,0,0,0,0,-,-,35.08061,-116.3848,SAN BERNARDINO,UNINCORPORATED,-116.38478895,35.0805847
90185250,2016,2016-05-23,9850,2016-05-15,0500,020884,NA,7,3,9,3600,0,1,3,NA,2,060,SR-138 W/B,AVALON RD,976,E,N,A,-,Y,NA,NA,138,NA,NA,NA,NA,NA,W,Y,4,0,1,1,A,-,08,22107,NA,N,E,I,A,A,D,-,B,D,0,NA,NA,NA,NA,Y,NA,A,01,0,0,1,0,0,0,0,0,0,-,-,34.41616,-117.5983,SAN BERNARDINO,UNINCORPORATED,-117.59836453,34.41603143
90188262,2016,2016-05-26,9860,2016-05-19,1931,019027,NA,4,2,5,3609,0,1,3,NA,2,211,SR-210 E/B,HIGHLAND AVE.,1003,E,N,A,-,Y,NA,NA,NA,NA,NA,NA,NA,NA,NA,N,4,0,1,2,A,-,03,22350,NA,N,C,C,A,A,H,-,A,D,0,NA,NA,NA,NA,Y,NA,D,22,0,0,1,0,0,0,0,0,0,-,-,34.08101,-117.2151,SAN BERNARDINO,RIALTO,-117.36422676,34.13606877
90190295,2016,2016-05-31,9860,2016-05-21,2500,019321,NA,6,4,4,3640,0,1,1,NA,2,106,I-10 E/B,LIVE OAK CANYON RD.,3168,E,N,A,-,Y,NA,NA,10,NA,NA,NA,NA,NA,E,Y,2,0,1,1,A,-,08,22107,NA,N,E,J,A,A,H,-,D,D,0,NA,NA,NA,NA,Y,NA,A,01,1,0,0,0,0,0,0,0,0,-,-,34.0151,-117.08663,SAN BERNARDINO,YUCAIPA,-117.0866423,34.01501648
9019051,2019,2020-01-23,3604,2019-10-11,2323,1092,NA,5,5,6,3604,0,0,0,NA,0,NA,ELM AV,VALLEY BL,6,N,N,A,-,N,NA,NA,NA,NA,NA,NA,NA,NA,NA,N,4,0,1,2,A,-,03,22350,NA,F,C,C,A,A,H,-,C,A,0,NA,NA,NA,NA,Y,NA,A,01,0,0,1,0,0,0,0,0,0,-,-,NA,NA,SAN BERNARDINO,FONTANA,-117.46687316894533,34.07026672363281
90190986,2016,2016-05-31,9855,2016-05-23,1519,016051,NA,1,2,5,3630,0,1,3,NA,2,071,SR-71 S/B (CHINO FWY),CHINO AVE.,440,N,N,A,-,Y,NA,NA,71,NA,NA,NA,NA,NA,S,Y,3,0,1,1,A,-,08,22107,NA,N,E,I,A,A,H,-,A,D,0,NA,NA,NA,NA,Y,NA,A,01,0,1,0,0,0,0,0,0,0,-,-,34.01225,-117.73478,SAN BERNARDINO,CHINO HILLS,-117.73477525,34.0122565
90191303,2016,2016-05-31,9835,2016-05-21,0510,021205,NA,6,3,9,3600,0,1,1,NA,2,074,I-15 N/B,AFTON CANYON RD,11616,N,N,A,-,Y,NA,NA,NA,NA,NA,NA,NA,NA,NA,Y,4,0,1,1,A,-,08,22107,NA,N,E,I,A,A,H,-,B,D,0,NA,NA,NA,NA,Y,NA,A,07,0,0,1,0,0,0,0,0,0,-,-,35.0863,-116.37609,SAN BERNARDINO,UNINCORPORATED,NA,NA
90219162,2016,2016-07-08,9860,2016-07-07,1345,019321,NA,4,1,6,3610,0,1,1,NA,2,104,I-10 W/B,TIPPECANOE AVE.,1056,W,N,A,-,Y,NA,NA,10,NA,NA,NA,NA,NA,W,Y,4,0,2,2,A,-,03,22350,NA,N,C,C,A,A,H,-,A,D,0,NA,NA,NA,NA,Y,NA,A,01,0,0,2,0,0,0,0,0,0,-,-,34.06416,-117.26413,SAN BERNARDINO,SAN BERNARDINO,-117.26412854,34.06414319
90219355,2016,2016-07-11,9835,2016-07-02,0655,021160,NA,6,1,9,3600,0,1,3,NA,1,020,SR-127,IBEX SPRING RD,53,N,N,A,-,Y,NA,NA,127,NA,NA,NA,NA,NA,NA,Y,4,0,1,1,A,-,08,22107,NA,N,F,A,A,A,H,-,A,D,0,NA,NA,NA,NA,Y,NA,D,22,0,0,1,0,0,0,0,0,0,-,-,35.7802,-116.3262,SAN BERNARDINO,UNINCORPORATED,-116.32610236,35.7802202
90219967,2016,2016-07-11,9865,2016-07-06,1510,015369,NA,3,2,9,3600,0,3,5,NA,2,003,ANGELES BOULEVARD,GREENWAY DRIVE,190,E,N,A,-,N,NA,NA,NA,NA,NA,NA,NA,NA,NA,Y,4,0,3,2,A,-,05,21650,NA,N,D,C,A,A,H,-,A,D,0,NA,NA,NA,NA,Y,Y,A,07,0,0,3,0,0,0,0,0,0,-,-,34.2632,-116.84503,SAN BERNARDINO,UNINCORPORATED,-116.84502214,34.26307845
9018140,2019,2020-02-12,3604,2019-12-21,0759,1127,NA,6,5,6,3604,0,0,0,NA,0,NA,BASELINE AV,HEMLOCK AV,0,NA,Y,B,-,N,NA,NA,NA,NA,NA,NA,NA,NA,NA,Y,4,0,2,2,A,-,12,21453,A,N,D,C,A,A,H,-,A,A,0,NA,NA,NA,NA,Y,NA,D,22,0,0,2,0,0,0,0,0,0,-,-,34.71746063232422,-117.28314971923828,SAN BERNARDINO,FONTANA,-117.47543334960938,34.121341705322266
9018143,2019,2020-02-11,3604,2019-12-02,1650,1163,NA,1,5,6,3604,0,0,0,NA,0,NA,BLANCHARD AV,ORANGE WY,150,N,N,A,-,N,NA,NA,NA,NA,NA,NA,NA,NA,NA,N,3,0,1,2,A,-,11,21954,A,N,G,B,D,A,H,-,C,D,0,Y,NA,NA,NA,Y,NA,N,60,0,1,0,0,1,0,0,0,0,-,-,NA,NA,SAN BERNARDINO,FONTANA,-117.4292221069336,34.096309661865234
90202332,2016,2016-06-15,9835,2016-06-05,0315,020962,NA,7,3,9,3600,0,1,1,NA,2,074,I-15 S/B,BASIN RD,5174,N,N,A,-,Y,NA,NA,15,NA,NA,NA,NA,NA,S,Y,4,0,2,2,A,-,03,22350,NA,N,C,C,A,A,H,-,D,D,0,NA,NA,NA,NA,Y,NA,D,22,0,0,2,0,0,0,0,0,0,-,-,35.11239,-116.24584,SAN BERNARDINO,UNINCORPORATED,-116.24584285,35.1123951
90220618,2016,2016-07-12,9855,2016-07-06,1815,017313,NA,3,2,6,3607,0,1,1,NA,2,103,I-10 E/B (SAN BERNARDINO FWY),MOUNTAIN AVE.,3168,W,N,A,-,Y,NA,NA,10,NA,NA,NA,NA,NA,E,N,3,0,1,1,A,-,08,22107,NA,N,F,A,A,A,H,-,A,D,0,NA,NA,Y,NA,Y,NA,C,02,0,1,0,0,0,0,0,0,1,-,-,34.08743,-117.67997,SAN BERNARDINO,ONTARIO,-117.67996754,34.0871264
90183406,2016,2016-05-19,9850,2016-05-07,0230,020898,NA,6,3,9,3600,0,3,5,NA,2,005,DUNCAN RD,SONORA RD,35,E,N,A,-,N,NA,NA,NA,NA,NA,NA,NA,NA,NA,Y,3,0,1,1,A,-,01,23152,F,N,E,I,A,A,H,-,D,D,0,NA,NA,NA,NA,Y,NA,A,07,0,1,0,0,0,0,0,0,0,-,-,34.4705,-117.5124,SAN BERNARDINO,UNINCORPORATED,-117.51246422,34.47043082
90183768,2016,2016-05-20,9850,2016-04-22,2150,021159,NA,5,2,9,3600,0,3,5,NA,2,002,RANCHERO RD,AMESTOY RD,0,NA,Y,A,-,N,NA,NA,NA,NA,NA,NA,NA,NA,NA,Y,4,0,1,2,A,-,12,22450,A,F,D,C,A,A,H,-,D,A,0,NA,NA,NA,NA,Y,NA,-,99,0,0,1,0,0,0,0,0,0,-,-,34.38315,-117.39274,SAN BERNARDINO,UNINCORPORATED,-117.39235006,34.38311005
90224068,2016,2016-07-18,9860,2016-07-15,2245,019725,NA,5,3,6,3610,0,1,1,NA,2,202,SR-210 E/B,STERLING AVE,350,E,N,A,-,Y,NA,NA,210,NA,NA,NA,NA,NA,E,N,4,0,1,2,A,-,08,22107,NA,F,B,C,A,A,H,-,C,D,0,NA,NA,NA,NA,Y,NA,-,99,0,0,1,0,0,0,0,0,0,-,-,34.13829,-117.24239,SAN BERNARDINO,SAN BERNARDINO,-117.24237586,34.13832469
90224394,2016,2016-07-18,9834,2016-07-07,1805,016564,NA,4,2,9,3600,0,1,2,NA,1,093,US-95,HAVASU LAKE RD,14784,N,N,A,-,Y,NA,NA,95,NA,NA,NA,NA,NA,NA,Y,4,0,1,2,A,-,05,21460,A,N,A,C,A,A,H,-,A,D,0,NA,NA,NA,NA,Y,NA,D,22,0,0,1,0,0,0,0,0,0,-,-,34.59696,-114.63111,SAN BERNARDINO,UNINCORPORATED,-114.63116647,34.59694536
90184530,2016,2016-05-23,9860,2016-05-22,1915,020626,NA,7,2,9,3600,0,3,5,NA,2,004,VALLEY BLVD. E/B,BLOOMINGTON WAY,0,NA,Y,A,-,N,NA,NA,NA,NA,NA,NA,NA,NA,NA,Y,2,0,3,2,A,-,01,23152,E,N,C,C,A,A,H,-,A,A,0,NA,NA,NA,NA,Y,NA,A,01,1,0,2,0,0,0,0,0,0,-,-,34.07037,-117.41169,SAN BERNARDINO,UNINCORPORATED,-117.39518,34.07049008