CASE_ID,ACCIDENT_YEAR,PROC_DATE,JURIS,COLLISION_DATE,COLLISION_TIME,OFFICER_ID,REPORTING_DISTRICT,DAY_OF_WEEK,CHP_SHIFT,POPULATION,CNTY_CITY_LOC,SPECIAL_COND,BEAT_TYPE,CHP_BEAT_TYPE,CITY_DIVISION_LAPD,CHP_BEAT_CLASS,BEAT_NUMBER,PRIMARY_RD,SECONDARY_RD,DISTANCE,DIRECTION,INTERSECTION,WEATHER_1,WEATHER_2,STATE_HWY_IND,CALTRANS_COUNTY,CALTRANS_DISTRICT,STATE_ROUTE,ROUTE_SUFFIX,POSTMILE_PREFIX,POSTMILE,LOCATION_TYPE,RAMP_INTERSECTION,SIDE_OF_HWY,TOW_AWAY,COLLISION_SEVERITY,NUMBER_KILLED,NUMBER_INJURED,PARTY_COUNT,PRIMARY_COLL_FACTOR,PCF_CODE_OF_VIOL,PCF_VIOL_CATEGORY,PCF_VIOLATION,PCF_VIOL_SUBSECTION,HIT_AND_RUN,TYPE_OF_COLLISION,MVIW,PED_ACTION,ROAD_SURFACE,ROAD_COND_1,ROAD_COND_2,LIGHTING,CONTROL_DEVICE,CHP_ROAD_TYPE,PEDESTRIAN_ACCIDENT,BICYCLE_ACCIDENT,MOTORCYCLE_ACCIDENT,TRUCK_ACCIDENT,NOT_PRIVATE_PROPERTY,ALCOHOL_INVOLVED,STWD_VEHTYPE_AT_FAULT,CHP_VEHTYPE_AT_FAULT,COUNT_SEVERE_INJ,COUNT_VISIBLE_INJ,COUNT_COMPLAINT_PAIN,COUNT_PED_KILLED,COUNT_PED_INJURED,COUNT_BICYCLIST_KILLED,COUNT_BICYCLIST_INJURED,COUNT_MC_KILLED,COUNT_MC_INJURED,PRIMARY_RAMP,SECONDARY_RAMP,LATITUDE,LONGITUDE,COUNTY,CITY,POINT_X,POINT_Y
90317723,2016,2016-11-14,9860,2016-11-05,0030,020387,NA,6,3,4,3640,0,1,1,NA,2,106,I-10 WESTBOUND,LIVE OAK CANYON RD.,4805,E,N,A,-,Y,NA,NA,10,NA,NA,NA,NA,NA,W,Y,2,0,1,2,A,-,08,22107,NA,N,B,C,A,A,H,-,D,D,0,NA,NA,Y,Y,Y,NA,C,02,1,0,0,0,0,0,0,0,1,-,-,34.01396,-117.08019,SAN BERNARDINO,YUCAIPA,-117.08018985,34.01396072
90321032,2016,2016-11-16,9850,2016-10-31,1058,019278,NA,1,1,9,3600,0,2,4,NA,2,037,BEAR VALLEY RD,SR-18,115,W,N,A,-,N,NA,NA,NA,NA,NA,NA,NA,NA,NA,Y,2,0,1,1,A,-,01,23152,A,N,E,I,A,A,H,-,A,D,0,NA,NA,NA,NA,Y,Y,A,07,1,0,0,0,0,0,0,0,0,-,-,34.4735,-117.1251,SAN BERNARDINO,UNINCORPORATED,-117.12563288,34.47357356
9032273,2019,2020-01-29,3610,2019-12-13,1103,50926,NA,5,5,6,3610,0,0,0,NA,0,BAKER,NORTH SIERRA WY,WEST HIGHLAND AV,300,N,N,A,-,N,NA,NA,NA,NA,NA,NA,NA,NA,NA,N,3,0,1,1,A,-,03,22350,NA,N,H,J,A,A,H,-,A,D,0,NA,NA,Y,NA,Y,NA,C,02,0,1,0,0,0,0,0,0,1,-,-,34.13594055175781,-117.28514862060548,SAN BERNARDINO,SAN BERNARDINO,-117.28514099121094,34.136783599853516
9032289,2019,2020-01-29,3610,2019-12-14,0708,51165,NA,6,5,6,3610,0,0,0,NA,0,DAVID,SOUTH WATERMAN AV,E NORMAN RD,105,N,N,B,-,N,NA,NA,NA,NA,NA,NA,NA,NA,NA,N,4,0,1,2,A,-,04,21703,NA,N,C,C,A,B,H,-,B,D,0,NA,NA,NA,NA,Y,NA,A,01,0,0,1,0,0,0,0,0,0,-,-,34.081329345703125,-117.27870941162108,SAN BERNARDINO,SAN BERNARDINO,-117.27879333496094,34.08161926269531
9032353,2019,2020-01-27,3600,2019-11-27,1344,E6889,HE113,3,5,5,3619,0,0,0,NA,0,HE1,BALSAM AV,PENDLETON ST,0,NA,Y,C,-,N,NA,NA,NA,NA,NA,NA,NA,NA,NA,Y,4,0,1,2,A,-,06,21750,A,N,B,C,A,B,H,-,A,D,0,NA,NA,NA,NA,Y,NA,A,01,0,0,1,0,0,0,0,0,0,-,-,NA,NA,SAN BERNARDINO,HESPERIA,-117.32965850830078,34.44744873046875
90297862,2016,2016-10-21,9860,2016-10-13,1450,018262,NA,4,2,9,3600,0,3,5,NA,2,002,PACIFIC ST,CONEJO DR,19,W,N,A,-,N,NA,NA,NA,NA,NA,NA,NA,NA,NA,N,4,0,3,2,A,-,03,22350,NA,N,C,C,A,A,H,-,A,D,0,NA,NA,NA,NA,Y,NA,A,01,0,0,3,0,0,0,0,0,0,-,-,34.12862,-117.25911,SAN BERNARDINO,UNINCORPORATED,-117.25902259,34.12860044
90330030,2016,2016-11-28,9860,2016-11-18,1210,017919,NA,5,1,5,3608,0,1,1,NA,2,104,I-10 E/B,CALIFORNIA ST,2880,W,N,A,-,Y,NA,NA,10,NA,NA,NA,NA,NA,E,Y,4,0,1,2,A,-,08,22107,NA,N,B,A,A,A,H,-,A,D,0,NA,NA,NA,Y,Y,NA,-,-,0,0,1,0,0,0,0,0,0,-,-,34.06648,-117.2358,SAN BERNARDINO,REDLANDS,-117.23580004,34.06650657
9030162,2020,2020-03-12,3603,2020-01-10,1718,4920,CPD,5,5,4,3603,0,0,0,NA,0,003,N RANCHO AV,W VALLEY BL,0,NA,Y,A,-,N,NA,NA,NA,NA,NA,NA,NA,NA,NA,Y,4,0,1,3,A,-,12,21453,A,N,A,C,A,A,H,-,C,A,0,NA,NA,NA,NA,Y,NA,A,01,0,0,1,0,0,0,0,0,0,-,-,34.06856155395508,-117.3357162475586,SAN BERNARDINO,COLTON,-117.33572387695313,34.06856155395508
9033184,2019,2020-03-17,3602,2019-12-26,1425,3800,NA,4,5,5,3602,0,0,0,NA,0,003,EDISON AV,MONTE VISTA AV,0,NA,Y,A,-,N,NA,NA,NA,NA,NA,NA,NA,NA,NA,Y,4,0,1,2,A,-,08,22100,A,N,D,C,A,B,H,-,A,A,0,NA,NA,NA,Y,Y,NA,F,21,0,0,1,0,0,0,0,0,0,-,-,NA,NA,SAN BERNARDINO,CHINO,-117.6977996826172,33.997249603271484
90267431,2016,2016-09-14,9855,2016-09-10,0240,020081,NA,6,3,6,3607,0,1,3,NA,2,601,SR-60 E/B (POMONA FWY),GROVE AVE.,1800,E,N,A,-,Y,NA,NA,60,NA,NA,NA,NA,NA,E,Y,4,0,2,3,A,-,01,23152,A,N,C,C,A,A,H,-,C,D,0,NA,NA,NA,NA,Y,Y,A,01,0,0,2,0,0,0,0,0,0,-,-,34.03036,-117.62098,SAN BERNARDINO,ONTARIO,-117.62098037,34.03041098
90334534,2016,2016-12-01,9855,2016-11-22,1710,016889,NA,2,2,6,3607,0,1,1,NA,2,152,I-15 S/B (ONTARIO FWY),AIRPORT DR.,1500,S,N,B,-,Y,NA,NA,15,NA,NA,NA,NA,NA,S,N,4,0,3,3,A,-,01,23152,A,N,C,C,A,A,H,-,C,D,0,NA,NA,NA,NA,Y,Y,A,01,0,0,3,0,0,0,0,0,0,-,-,34.06258,-117.54548,SAN BERNARDINO,ONTARIO,-117.54509413,34.06256924
9033461,2019,2020-01-31,3604,2019-12-21,1235,783,NA,6,5,6,3604,0,0,0,NA,0,NA,JUNIPER AV,ORANGE WY,0,NA,-,A,-,N,NA,NA,NA,NA,NA,NA,NA,NA,NA,N,3,0,1,2,A,-,08,22107,NA,N,G,G,A,A,H,-,A,A,0,NA,Y,NA,NA,Y,NA,-,NA,0,1,0,0,0,0,1,0,0,-,-,NA,NA,SAN BERNARDINO,FONTANA,-117.44011688232422,34.09584045410156
90273252,2016,2016-09-22,9860,2016-09-16,0710,018223,NA,5,1,9,3600,0,1,1,NA,2,102,INTERSTATE 10 EASTBOUND,CEDAR AVENUE,2640,E,N,A,-,Y,NA,NA,10,NA,NA,NA,NA,NA,E,Y,1,1,0,2,A,-,06,21755,NA,N,C,E,A,A,H,-,A,D,0,NA,NA,NA,Y,Y,NA,A,01,0,0,0,0,0,0,0,0,0,-,-,34.06805,-117.38355,SAN BERNARDINO,UNINCORPORATED,-117.38355484,34.06824536
90335509,2016,2016-12-02,9860,2016-11-23,2050,019391,NA,3,2,9,3600,0,3,5,NA,2,004,LOCUST AVE,MARYGOLD AVE,0,NA,Y,A,-,N,NA,NA,NA,NA,NA,NA,NA,NA,NA,Y,3,0,1,3,A,-,03,22350,NA,N,D,C,A,A,H,-,C,A,0,NA,NA,NA,NA,Y,NA,A,01,0,1,0,0,0,0,0,0,0,-,-,34.07405,-117.40951,SAN BERNARDINO,UNINCORPORATED,-117.40954013,34.07404008
90335914,2016,2016-12-02,9855,2016-11-26,0210,020664,NA,6,3,6,3616,0,1,1,NA,2,152,I-15 S/B (ONTARIO FWY),CHURCH ST.,945,S,N,B,-,Y,NA,NA,15,NA,NA,NA,NA,NA,S,N,4,0,1,1,A,-,03,22350,NA,N,E,I,A,B,H,-,C,D,0,NA,NA,NA,NA,Y,NA,A,01,0,0,1,0,0,0,0,0,0,-,-,34.11108,-117.52642,SAN BERNARDINO,RANCHO CUCAMONGA,-117.52653927,34.11122318
9027453,2020,2020-03-03,3604,2020-01-19,2021,958,NA,7,5,6,3604,0,0,0,NA,0,NA,BASELINE AV,LOCUST AV,0,NA,Y,A,-,N,NA,NA,NA,NA,NA,NA,NA,NA,NA,Y,4,0,1,2,A,-,12,21453,A,N,D,C,A,A,H,-,C,A,0,NA,NA,NA,NA,Y,Y,A,01,0,0,1,0,0,0,0,0,0,-,-,NA,NA,SAN BERNARDINO,FONTANA,-117.40972900390624,34.12133026123047
90275868,2016,2016-09-26,9855,2016-09-22,0820,017649,NA,4,1,5,3602,0,1,3,NA,2,603,SR-60 W/B (POMONA FWY),BENSON AVENUE,200,E,N,B,-,Y,NA,NA,60,NA,NA,NA,NA,NA,W,Y,3,0,4,5,A,-,03,22350,NA,N,C,C,A,A,H,-,A,D,0,NA,NA,NA,NA,Y,NA,D,22,0,1,3,0,0,0,0,0,0,-,-,34.03001,-117.68141,SAN BERNARDINO,CHINO,-117.68141423,34.03044526
90276025,2016,2016-09-26,9865,2016-09-18,1105,019929,NA,7,1,9,3600,0,1,3,NA,2,031,SR-38,DIVISION DRIVE,1584,E,N,A,-,Y,NA,NA,38,NA,NA,NA,NA,NA,NA,Y,2,0,1,1,A,-,01,23152,A,N,E,I,A,A,H,-,A,D,0,NA,NA,NA,NA,Y,Y,D,22,1,0,0,0,0,0,0,0,0,-,-,34.26585,-116.87104,SAN BERNARDINO,UNINCORPORATED,-116.87104631,34.26586312
90282048,2016,2016-10-03,9855,2016-09-29,1045,018313,NA,4,1,6,3607,0,1,3,NA,2,601,SR-60 W/B (POMONA FWY),HAVEN AVE.,800,E,N,A,-,Y,NA,NA,60,NA,NA,NA,NA,NA,W,N,4,0,1,2,A,-,03,22350,NA,N,C,C,A,A,H,-,A,D,0,NA,NA,NA,NA,Y,NA,A,07,0,0,1,0,0,0,0,0,0,-,-,34.02667,-117.56744,SAN BERNARDINO,ONTARIO,-117.56742653,34.02672002
90283652,2016,2016-10-04,9850,2016-10-02,1550,020559,NA,7,2,5,3612,0,1,1,NA,2,083,I-15 S/B,PALMDALE RD,140,S,N,A,-,Y,NA,NA,15,NA,NA,NA,NA,NA,S,N,4,0,1,2,A,-,03,22350,NA,N,C,C,A,A,H,-,A,D,0,NA,NA,NA,NA,Y,NA,A,07,0,0,1,0,0,0,0,0,0,-,-,34.5072,-117.3231,SAN BERNARDINO,VICTORVILLE,-117.32316187,34.5072166
90341133,2016,2016-12-09,9860,2016-11-26,1455,017018,NA,6,2,6,3610,0,1,3,NA,2,259,SR-259 SOUTHBOUND,BASELINE ST,1584,N,N,B,C,Y,NA,NA,NA,NA,NA,NA,NA,NA,NA,Y,4,0,1,1,A,-,08,22107,NA,N,E,I,A,B,H,-,A,D,0,NA,NA,NA,NA,Y,NA,A,07,0,0,1,0,0,0,0,0,0,-,-,34.12534,-117.30276,SAN BERNARDINO,SAN BERNARDINO,NA,NA
90341773,2016,2016-12-12,9865,2016-12-08,1950,020822,NA,4,2,9,3600,0,1,3,NA,1,039,SR-38,BALDWIN LN,0,NA,Y,A,-,Y,NA,NA,38,NA,NA,NA,NA,NA,NA,Y,2,0,3,2,A,-,09,21801,A,N,D,C,A,A,H,-,D,D,0,NA,NA,NA,NA,Y,NA,A,01,1,2,0,0,0,0,0,0,0,-,-,34.25051,-116.81574,SAN BERNARDINO,UNINCORPORATED,-116.81564988,34.25060124
90341891,2016,2016-12-12,9860,2016-09-16,0740,017919,NA,5,1,9,3600,0,3,5,NA,2,002,ELMWOOD RD.,19TH ST.,0,NA,Y,A,-,N,NA,NA,NA,NA,NA,NA,NA,NA,NA,N,4,0,1,3,A,-,09,21801,A,F,D,C,A,A,H,-,A,D,0,NA,NA,NA,NA,Y,NA,A,01,0,0,1,0,0,0,0,0,0,-,-,34.13311,-117.25092,SAN BERNARDINO,UNINCORPORATED,-117.25094008,34.1331001
90288848,2016,2016-10-11,9860,2016-10-04,0138,017784,NA,2,3,6,3610,0,1,1,NA,2,216,INTERSTATE 215 NORTHBOUND,UNIVERSITY PKY,1584,S,N,A,-,Y,NA,NA,215,NA,NA,NA,NA,NA,N,Y,2,0,3,1,A,-,08,22107,NA,N,E,I,A,A,H,-,D,D,0,NA,NA,NA,NA,Y,NA,A,01,1,2,0,0,0,0,0,0,0,-,-,34.16046,-117.32965,SAN BERNARDINO,SAN BERNARDINO,-117.32965842,34.16045293
90264788,2016,2016-09-09,9855,2016-09-08,0753,013381,NA,4,1,4,3605,0,1,1,NA,2,103,I-10 E/B (SAN BERNARDINO FWY),CENTRAL AVE.,959,E,N,A,-,Y,NA,NA,NA,NA,NA,NA,NA,NA,NA,Y,4,0,1,3,A,-,03,22350,NA,N,C,C,A,A,H,-,A,D,0,NA,NA,NA,NA,Y,NA,A,01,0,0,1,0,0,0,0,0,0,-,-,NA,NA,SAN BERNARDINO,MONTCLAIR,-117.6894,34.08546
9029115,2019,2020-02-04,3608,2019-12-17,1306,3905,NA,2,5,5,3608,0,0,0,NA,0,NA,SAN TIMOTEO CANYON RD,ALESSANDRO RD,0,NA,Y,A,-,N,NA,NA,NA,NA,NA,NA,NA,NA,NA,Y,3,0,2,2,A,-,12,22450,A,N,D,C,A,A,H,-,A,A,0,NA,NA,NA,NA,Y,NA,A,08,0,1,1,0,0,0,0,0,0,-,-,NA,NA,SAN BERNARDINO,REDLANDS,-117.1819076538086,34.01179885864258
90291181,2016,2016-10-13,9835,2016-08-30,1736,021176,NA,2,2,9,3600,0,1,1,NA,2,072,I-15 S/B,OLD HIGHWAY 58,2746,N,N,A,-,Y,NA,NA,15,NA,NA,NA,NA,NA,S,Y,1,1,0,1,A,-,08,22107,NA,N,E,I,A,A,H,-,A,D,0,NA,NA,Y,NA,Y,NA,C,02,0,0,0,0,0,0,0,1,0,-,-,34.90724,-116.96045,SAN BERNARDINO,UNINCORPORATED,-116.96045346,34.90722016
9034543,2019,2020-02-04,3607,2019-12-09,1822,20132,NA,1,5,6,3607,0,0,0,NA,0,032,4TH ST,ARCHIBALD AV,450,W,N,A,-,N,NA,NA,NA,NA,NA,NA,NA,NA,NA,Y,4,0,3,2,A,-,03,22350,NA,N,A,C,A,A,H,-,C,A,0,NA,NA,NA,NA,Y,NA,A,01,0,0,3,0,0,0,0,0,0,-,-,NA,NA,SAN BERNARDINO,ONTARIO,-117.59487915039063,34.0775032043457
9034572,2019,2020-02-08,3607,2019-12-01,1542,19974,860,7,5,6,3607,0,0,0,NA,0,081,ARCHIBALD AV,PARKVIEW ST,100,N,N,A,-,N,NA,NA,NA,NA,NA,NA,NA,NA,NA,N,4,0,1,3,A,-,03,22350,NA,N,C,C,A,A,H,-,A,D,0,NA,NA,NA,NA,Y,NA,A,01,0,0,1,0,0,0,0,0,0,-,-,NA,NA,SAN BERNARDINO,ONTARIO,-117.5933074951172,33.98667907714844
9034608,2019,2020-02-08,3607,2019-12-23,0736,80515,197,1,5,6,3607,0,0,0,NA,0,052,MONTEZUMA ST,OAKLAND PL,0,NA,Y,C,-,N,NA,NA,NA,NA,NA,NA,NA,NA,NA,N,4,0,1,2,A,-,09,21802,A,N,D,C,A,B,H,-,A,D,0,NA,NA,NA,NA,Y,NA,A,01,0,0,1,0,0,0,0,0,0,-,-,NA,NA,SAN BERNARDINO,ONTARIO,-117.65763854980467,34.048091888427734
90294305,2016,2016-10-18,9870,2016-10-14,1640,018842,NA,5,2,9,3600,0,2,4,NA,2,032,ALTA LOMA DRIVE,SHERWOOD ROAD,0,NA,Y,A,-,N,NA,NA,NA,NA,NA,NA,NA,NA,NA,Y,3,0,1,2,A,-,05,21752,D,N,B,C,A,A,H,-,A,A,0,NA,NA,NA,NA,Y,NA,A,01,0,1,0,0,0,0,0,0,0,-,-,34.12045,-116.34419,SAN BERNARDINO,UNINCORPORATED,-116.34418009,34.12046008
90294309,2016,2016-10-18,9860,2016-10-06,2020,019485,NA,4,2,5,3608,0,1,1,NA,2,104,I-10 E/B,ALABAMA ST,1056,W,N,A,-,Y,NA,NA,10,NA,NA,NA,NA,NA,E,Y,4,0,4,3,A,-,03,22350,NA,N,C,C,A,A,H,-,C,D,0,NA,NA,NA,NA,Y,NA,I,10,0,0,4,0,0,0,0,0,0,-,-,34.06648,-117.21275,SAN BERNARDINO,REDLANDS,-117.21275001,34.06648202
9034734,2019,2020-06-11,3607,2019-12-27,0817,19964,279,5,5,6,3607,0,0,0,NA,0,072,HAVEN AV,RT 60,0,NA,Y,A,-,Y,SBD,8,60,-,R,8.704,R,4,W,Y,4,0,1,2,A,-,12,21453,A,N,D,C,A,A,H,-,A,A,0,NA,NA,NA,NA,Y,NA,A,08,0,0,1,0,0,0,0,0,0,-,WO,NA,NA,SAN BERNARDINO,ONTARIO,-117.5791015625,34.02995681762695
9034821,2019,2020-02-01,3607,2019-11-30,1022,80395,179,6,5,6,3607,0,0,0,NA,0,051,MOUNTAIN AV,MOUNTAIN ACCESS,345,N,N,A,-,N,NA,NA,NA,NA,NA,NA,NA,NA,NA,Y,3,0,1,1,A,-,01,23152,A,N,E,I,A,A,H,-,A,D,0,NA,NA,NA,NA,Y,Y,A,01,0,1,0,0,0,0,0,0,0,-,-,NA,NA,SAN BERNARDINO,ONTARIO,-117.6677703857422,34.0318603515625
90348363,2016,2016-12-19,9860,2016-12-10,1315,016646,NA,6,1,9,3600,0,3,5,NA,2,004,N/B ALDER AVENUE,SAN BERNARDINO AVE,5,S,N,A,-,N,NA,NA,NA,NA,NA,NA,NA,NA,NA,N,4,0,1,2,A,-,03,22350,NA,N,C,C,A,A,H,-,A,A,0,NA,NA,NA,NA,Y,NA,D,22,0,0,1,0,0,0,0,0,0,-,-,34.07746,-117.41817,SAN BERNARDINO,UNINCORPORATED,-117.41825312,34.07756003
90350628,2016,2017-02-01,9855,2016-09-05,1950,017313,NA,1,2,6,3616,0,1,1,NA,2,152,I-15 S/B (ONTARIO FWY),BASE LINE RD.,1056,S,N,A,-,Y,NA,NA,15,NA,NA,NA,NA,NA,S,Y,1,1,3,3,A,-,03,22350,NA,N,C,C,A,A,H,-,D,D,0,NA,NA,Y,NA,Y,NA,A,07,0,0,3,0,0,0,0,1,0,-,-,34.11909,-117.51693,SAN BERNARDINO,RANCHO CUCAMONGA,-117.51700313,34.11917983
9035118,2019,2020-05-20,3607,2019-09-14,2002,19974,293,6,5,6,3607,0,0,0,NA,0,062,EUCLID AV,RT 60,0,NA,Y,A,-,Y,SBD,8,83,-,-,7.24,H,-,S,NA,4,0,1,2,A,-,03,22350,NA,M,C,C,A,A,H,-,C,A,0,NA,NA,NA,NA,Y,Y,A,01,0,0,1,0,0,0,0,0,0,-,WO,NA,NA,SAN BERNARDINO,ONTARIO,-117.65103912353516,34.031280517578125
90331750,2016,2016-11-29,9855,2016-11-21,1708,015337,NA,1,2,6,3616,0,1,1,NA,2,201,SR-210 E/B (FOOTHILL FWY),MILLIKEN AVE.,2640,W,N,A,-,Y,NA,NA,210,NA,NA,NA,NA,NA,E,N,4,0,1,2,A,-,03,22350,NA,N,C,C,A,A,H,-,D,D,0,NA,NA,NA,NA,Y,NA,D,22,0,0,1,0,0,0,0,0,0,-,-,34.13637,-117.56617,SAN BERNARDINO,RANCHO CUCAMONGA,-117.56617478,34.13654547
9030096,2019,2020-02-03,3600,2019-12-20,1922,E2055,HE115,5,5,5,3619,0,0,0,NA,0,HE1,11TH AV,MAUNA LOA ST,773,N,N,A,-,N,NA,NA,NA,NA,NA,NA,NA,NA,NA,Y,4,0,1,2,A,-,01,23152,A,N,C,C,A,A,H,-,C,A,0,NA,NA,NA,NA,Y,Y,D,22,0,0,1,0,0,0,0,0,0,-,-,NA,NA,SAN BERNARDINO,HESPERIA,-117.3209228515625,34.4444580078125
90333420,2016,2016-11-30,9850,2016-11-20,0837,020559,NA,7,1,9,3600,0,3,5,NA,2,004,FOOTHILL RD,MESA RD,250,E,N,A,-,N,NA,NA,NA,NA,NA,NA,NA,NA,NA,Y,1,1,0,2,A,-,08,22107,NA,N,E,I,A,A,H,-,A,D,0,NA,NA,NA,NA,Y,NA,A,01,0,0,0,0,0,0,0,0,0,-,-,34.4295,-116.9538,SAN BERNARDINO,UNINCORPORATED,-116.95380382,34.4293462
90302950,2016,2016-10-27,9855,2016-10-21,1520,017808,NA,5,2,5,3611,0,1,1,NA,2,203,SR-210 E/B (FOOTHILL FWY),CAMPUS AVE.,302,W,N,A,-,Y,NA,NA,210,NA,NA,NA,NA,NA,E,Y,4,0,2,3,A,-,03,22350,NA,N,C,C,A,A,H,-,A,D,0,NA,NA,NA,NA,Y,NA,A,01,0,0,2,0,0,0,0,0,0,-,-,34.13471,-117.63605,SAN BERNARDINO,UPLAND,-117.63605,34.13471241
90353679,2016,2016-12-27,9855,2016-12-15,1350,014973,NA,4,1,5,3602,0,1,3,NA,2,071,SR-71 N/B (CHINO FWY),RIVERSIDE DR.,1150,S,N,B,-,Y,NA,NA,NA,NA,NA,NA,NA,NA,NA,Y,4,0,1,2,A,-,03,22350,NA,N,C,C,A,A,H,-,A,D,0,NA,NA,NA,NA,Y,NA,A,01,0,0,1,0,0,0,0,0,0,-,-,34.01649,-117.74035,SAN BERNARDINO,CHINO,-117.37045,34.13635
9030301,2019,2020-02-04,3600,2019-09-13,0708,H7621,AP003,5,5,5,3621,0,0,0,NA,0,AP4,SITTING BULL RD,RINCON RD,0,NA,Y,A,-,N,NA,NA,NA,NA,NA,NA,NA,NA,NA,Y,4,0,2,5,A,-,03,22350,NA,N,A,C,E,A,H,-,A,D,0,Y,NA,NA,NA,Y,NA,A,01,0,0,2,0,1,0,0,0,0,-,-,NA,NA,SAN BERNARDINO,APPLE VALLEY,-117.22440338134766,34.4859504699707
9030969,2019,2020-01-25,3610,2019-11-22,0759,50789,NA,5,5,6,3610,0,0,0,NA,0,NA,W KENDALL DR,H ST,450,E,N,A,-,N,NA,NA,NA,NA,NA,NA,NA,NA,NA,Y,4,0,2,2,A,-,00,22107,I,N,D,C,A,A,H,-,A,D,0,NA,NA,NA,NA,Y,NA,A,01,0,0,2,0,0,0,0,0,0,-,-,34.16236114501953,-117.30072784423828,SAN BERNARDINO,SAN BERNARDINO,-117.29924774169922,34.161251068115234
9031097,2019,2020-01-30,3610,2019-12-12,1140,51181,NA,4,5,6,3610,0,0,0,NA,0,NA,N LUGO AV,HIGHLAND AV,5,S,N,A,-,N,NA,NA,NA,NA,NA,NA,NA,NA,NA,N,4,0,1,2,A,-,00,22106,I,N,C,C,A,A,H,-,A,A,0,NA,NA,NA,NA,Y,NA,A,01,0,0,1,0,0,0,0,0,0,-,-,NA,NA,SAN BERNARDINO,SAN BERNARDINO,-117.28390502929688,34.13593673706055
90312776,2016,2017-05-17,9860,2016-10-21,1923,020758,NA,5,2,9,3600,0,1,S,NA,2,904,I-15 S/B,OAK HILL RD,13200,S,N,A,-,Y,NA,NA,15,NA,NA,NA,NA,NA,S,Y,3,0,2,2,A,-,07,21658,A,F,B,C,A,A,H,-,D,D,0,NA,NA,NA,NA,Y,NA,A,01,0,1,1,0,0,0,0,0,0,-,-,34.34601,-117.46649,SAN BERNARDINO,UNINCORPORATED,-117.4664963,34.34600024
90313794,2016,2016-11-08,9855,2016-10-19,0834,013860,NA,3,1,4,3605,0,1,1,NA,2,103,I-10 E/B (SAN BERNARDINO FWY),CENTRAL AVE.,900,W,N,A,-,Y,NA,NA,10,NA,NA,NA,NA,NA,E,Y,4,0,1,2,A,-,03,22350,NA,N,C,C,A,A,H,-,A,D,0,NA,NA,NA,NA,Y,NA,A,01,0,0,1,0,0,0,0,0,0,-,-,34.0841,-117.6923,SAN BERNARDINO,MONTCLAIR,-117.69234584,34.08421231
90334742,2016,2016-12-01,9860,2016-11-28,1322,016575,NA,1,1,9,3600,0,2,4,NA,2,411,CEDAR AVE. S/B,7TH ST.,185,N,N,B,-,N,NA,NA,NA,NA,NA,NA,NA,NA,NA,Y,4,0,1,3,A,-,03,22350,NA,N,C,C,A,A,H,-,A,A,0,NA,NA,NA,NA,Y,NA,A,01,0,0,1,0,0,0,0,0,0,-,-,34.04089,-117.39643,SAN BERNARDINO,UNINCORPORATED,-117.39638,34.04079688
90316415,2016,2016-11-10,9855,2016-11-06,0207,020460,NA,7,3,6,3616,0,1,1,NA,2,203,SR-210 E/B (FOOTHILL FWY),ARCHIBALD AVE.,1056,E,N,A,-,Y,NA,NA,210,NA,NA,NA,NA,NA,E,Y,3,0,1,2,A,-,01,23152,A,N,A,C,A,A,H,-,C,D,0,NA,NA,NA,NA,Y,Y,A,01,0,1,0,0,0,0,0,0,0,-,-,34.13557,-117.58667,SAN BERNARDINO,RANCHO CUCAMONGA,-117.58666387,34.13540593
90360849,2016,2017-03-09,9855,2016-12-22,1320,016375,NA,4,1,5,3611,0,1,1,NA,2,203,SR-210 W/B (FOOTHILL FWY),CAMPUS AVE.,1056,E,N,B,-,Y,NA,NA,210,NA,NA,NA,NA,NA,W,Y,4,0,1,1,C,-,18,NA,NA,N,E,I,A,A,H,-,A,D,0,NA,NA,NA,NA,Y,NA,-,-,0,0,1,0,0,0,0,0,0,-,-,34.13512,-117.63114,SAN BERNARDINO,UPLAND,-117.63113982,34.1349986
90361014,2016,2017-01-04,9860,2016-12-25,0155,020626,NA,7,3,9,3600,0,1,1,NA,2,216,I-215 S/B,LITTLE LEAGUE DR,1780,N,N,A,-,Y,NA,NA,215,NA,NA,NA,NA,NA,S,Y,3,0,1,1,A,-,08,22107,NA,N,E,I,A,A,H,-,D,D,0,NA,NA,NA,NA,Y,NA,A,01,0,1,0,0,0,0,0,0,0,-,-,34.20084,-117.37476,SAN BERNARDINO,UNINCORPORATED,-117.37463618,34.20099963
90336709,2016,2016-12-05,9860,2016-11-25,1910,020856,NA,5,2,9,3600,0,1,3,NA,1,010,SR-138 E/B,KRUSE RD,50,W,N,A,-,Y,NA,NA,138,NA,NA,NA,NA,NA,E,N,4,0,1,2,A,-,03,22350,NA,N,C,C,A,A,H,-,D,D,0,NA,NA,NA,Y,Y,NA,G,25,0,0,1,0,0,0,0,0,0,-,-,34.33607,-117.52154,SAN BERNARDINO,UNINCORPORATED,-117.52157721,34.33605443
9036171,2019,2020-01-28,3610,2019-11-14,1131,51165,NA,4,5,6,3610,0,0,0,NA,0,NA,N MERIDIAN AV,POWER LINE POLE 2254434F,60,N,N,A,-,N,NA,NA,NA,NA,NA,NA,NA,NA,NA,N,4,0,1,2,A,-,08,22107,NA,N,B,C,A,A,H,-,A,D,0,NA,NA,NA,NA,Y,NA,A,01,0,0,1,0,0,0,0,0,0,-,-,NA,NA,SAN BERNARDINO,SAN BERNARDINO,NA,NA