CASE_ID,ACCIDENT_YEAR,PROC_DATE,JURIS,COLLISION_DATE,COLLISION_TIME,OFFICER_ID,REPORTING_DISTRICT,DAY_OF_WEEK,CHP_SHIFT,POPULATION,CNTY_CITY_LOC,SPECIAL_COND,BEAT_TYPE,CHP_BEAT_TYPE,CITY_DIVISION_LAPD,CHP_BEAT_CLASS,BEAT_NUMBER,PRIMARY_RD,SECONDARY_RD,DISTANCE,DIRECTION,INTERSECTION,WEATHER_1,WEATHER_2,STATE_HWY_IND,CALTRANS_COUNTY,CALTRANS_DISTRICT,STATE_ROUTE,ROUTE_SUFFIX,POSTMILE_PREFIX,POSTMILE,LOCATION_TYPE,RAMP_INTERSECTION,SIDE_OF_HWY,TOW_AWAY,COLLISION_SEVERITY,NUMBER_KILLED,NUMBER_INJURED,PARTY_COUNT,PRIMARY_COLL_FACTOR,PCF_CODE_OF_VIOL,PCF_VIOL_CATEGORY,PCF_VIOLATION,PCF_VIOL_SUBSECTION,HIT_AND_RUN,TYPE_OF_COLLISION,MVIW,PED_ACTION,ROAD_SURFACE,ROAD_COND_1,ROAD_COND_2,LIGHTING,CONTROL_DEVICE,CHP_ROAD_TYPE,PEDESTRIAN_ACCIDENT,BICYCLE_ACCIDENT,MOTORCYCLE_ACCIDENT,TRUCK_ACCIDENT,NOT_PRIVATE_PROPERTY,ALCOHOL_INVOLVED,STWD_VEHTYPE_AT_FAULT,CHP_VEHTYPE_AT_FAULT,COUNT_SEVERE_INJ,COUNT_VISIBLE_INJ,COUNT_COMPLAINT_PAIN,COUNT_PED_KILLED,COUNT_PED_INJURED,COUNT_BICYCLIST_KILLED,COUNT_BICYCLIST_INJURED,COUNT_MC_KILLED,COUNT_MC_INJURED,PRIMARY_RAMP,SECONDARY_RAMP,LATITUDE,LONGITUDE,COUNTY,CITY,POINT_X,POINT_Y
90405712,2017,2017-03-06,9860,2017-02-25,1530,017204,NA,6,2,9,3600,0,1,3,NA,1,012,SR-138,KRUSE RD,600,W,N,B,-,Y,NA,NA,138,NA,NA,NA,NA,NA,NA,Y,4,0,2,2,A,-,03,22350,NA,N,C,C,A,A,H,-,A,D,0,NA,NA,NA,NA,Y,NA,A,07,0,0,2,0,0,0,0,0,0,-,-,34.3396,-117.52292,SAN BERNARDINO,UNINCORPORATED,-117.52304519,34.33954969
90382937,2017,2017-01-31,9865,2017-01-19,0735,020438,NA,4,1,9,3600,0,1,3,NA,1,034,SR-18,SMARTS RANCH RD,5280,S,N,A,-,N,NA,NA,18,NA,NA,NA,NA,NA,NA,Y,4,0,1,2,A,-,03,22350,NA,N,B,C,A,C,H,-,A,D,0,NA,NA,NA,NA,Y,NA,A,01,0,0,1,0,0,0,0,0,0,-,-,34.30448,-116.80449,SAN BERNARDINO,UNINCORPORATED,-116.8044607,34.30446885
90409162,2017,2017-03-09,9855,2017-03-04,0900,019165,NA,6,1,6,3607,0,1,3,NA,2,603,SR-60 W/B FROM MOUNTAIN AVE.,MOUNTAIN AVE.,750,W,N,A,-,Y,NA,NA,60,NA,NA,NA,R,NA,W,Y,4,0,1,2,A,-,03,22350,NA,N,C,C,A,A,H,-,A,D,0,NA,NA,NA,NA,Y,NA,A,07,0,0,1,0,0,0,0,0,0,-,-,34.03067,-117.67044,SAN BERNARDINO,ONTARIO,-117.67044,34.03067
90409811,2017,2017-03-10,9870,2017-02-09,1811,020890,NA,4,2,9,3600,0,2,4,NA,2,042,AMBOY ROAD,SAMPSON LANE,85,E,N,A,-,N,NA,NA,NA,NA,NA,NA,NA,NA,NA,Y,1,1,1,2,A,-,16,24002,A,N,A,C,A,A,H,-,D,D,0,NA,NA,Y,NA,Y,NA,C,02,0,1,0,0,0,0,0,1,0,-,-,34.16549,-115.76293,SAN BERNARDINO,UNINCORPORATED,-115.7629323,34.16545939
90383072,2017,2017-01-31,9860,2017-01-19,0719,019251,NA,4,1,4,3603,0,1,1,NA,2,103,I-10 E/B TO I-215 S/B,I-215,1377,W,N,C,-,Y,NA,NA,10,NA,NA,NA,R,NA,E,Y,2,0,1,1,A,-,08,22107,NA,N,E,I,A,B,H,-,A,D,0,NA,NA,NA,Y,Y,NA,G,25,1,0,0,0,0,0,0,0,0,-,-,34.06421,-117.30142,SAN BERNARDINO,COLTON,-117.30142,34.06421
9036865,2019,2020-01-30,3602,2019-10-05,1726,4010,74,6,5,5,3602,0,0,0,NA,0,NA,CHINO AV,CYPRESS AV,0,NA,Y,A,-,N,NA,NA,NA,NA,NA,NA,NA,NA,NA,Y,2,0,1,2,A,-,12,21453,A,N,D,C,A,A,H,-,A,A,0,NA,NA,NA,NA,Y,Y,A,01,1,0,0,0,0,0,0,0,0,-,-,NA,NA,SAN BERNARDINO,CHINO,-117.66310119628906,34.012001037597656
90412882,2017,2017-03-15,9855,2017-03-09,0955,018313,NA,4,1,6,3607,0,1,1,NA,2,101,I-10 E/B (SAN BERNARDINO FWY),HAVEN AVE.,2000,E,N,A,-,Y,NA,NA,10,NA,NA,NA,NA,NA,E,Y,4,0,2,4,A,-,07,21658,A,N,B,C,A,A,H,-,A,D,0,NA,NA,NA,Y,Y,NA,A,01,0,0,2,0,0,0,0,0,0,-,-,34.06738,-117.56935,SAN BERNARDINO,ONTARIO,-117.56934981,34.06742005
9036900,2019,2020-01-30,3600,2019-10-23,1715,F5489,VV267,3,5,3,3613,0,0,0,NA,0,PH2,JONATHAN ST,CACTUS RD,0,NA,Y,A,-,N,NA,NA,NA,NA,NA,NA,NA,NA,NA,Y,4,0,2,2,A,-,09,21801,A,N,D,C,A,A,H,-,A,A,0,NA,NA,NA,NA,Y,NA,-,-,0,0,2,0,0,0,0,0,0,-,-,NA,NA,SAN BERNARDINO,ADELANTO,-117.408203125,34.535789489746094
90385928,2017,2017-02-06,9860,2017-01-19,0650,016646,NA,4,1,9,3600,0,3,5,NA,2,002,DUFFY STREET,2ND STREET,100,S,N,B,C,N,NA,NA,NA,NA,NA,NA,NA,NA,NA,N,2,0,1,2,A,-,03,22350,NA,N,G,B,E,B,F,-,B,D,0,Y,NA,NA,NA,Y,NA,D,22,1,0,0,0,1,0,0,0,0,-,-,34.16157,-117.34425,SAN BERNARDINO,UNINCORPORATED,-117.34420919,34.16287603
90385960,2017,2017-02-06,9860,2017-01-28,1703,017018,NA,6,2,6,3610,0,1,1,NA,2,104,I-10 WESTBOUND,TIPPECANOE AVE,2112,W,N,A,-,Y,NA,NA,10,NA,NA,NA,NA,NA,W,Y,4,0,3,3,A,-,03,22350,NA,N,C,C,A,A,H,-,A,D,0,NA,NA,NA,NA,Y,NA,A,08,0,0,3,0,0,0,0,0,0,-,-,34.06405,-117.26926,SAN BERNARDINO,SAN BERNARDINO,-117.26925893,34.0639418
90386386,2017,2017-02-06,9835,2017-01-29,1706,021482,NA,7,2,9,3600,0,1,1,NA,2,072,I-15 S/B,MINNEOLA RD,3168,S,N,A,-,Y,NA,NA,15,NA,NA,NA,NA,NA,S,Y,4,0,3,3,A,-,03,22350,NA,N,C,C,A,A,H,-,A,D,0,NA,NA,NA,NA,Y,NA,A,07,0,0,3,0,0,0,0,0,0,-,-,34.91616,-116.7809,SAN BERNARDINO,UNINCORPORATED,-116.78092567,34.91627882
90387187,2017,2017-02-07,9860,2017-01-26,1630,016658,NA,4,2,4,3603,0,1,1,NA,2,214,I-215 S/B,BARTON RD,1836,S,N,A,-,Y,NA,NA,215,NA,NA,NA,NA,NA,S,Y,4,0,2,3,A,-,03,22350,NA,N,C,C,A,A,H,-,A,D,0,NA,NA,NA,NA,Y,NA,E,22,0,0,2,0,0,0,0,0,0,-,-,34.03,-117.32941,SAN BERNARDINO,COLTON,-117.32944303,34.03003726
9040175,2019,2020-02-11,3607,2019-07-13,2206,20142,108,6,5,6,3607,0,0,0,NA,0,022,CAMPUS AVE,E ST,0,NA,Y,A,-,N,NA,NA,NA,NA,NA,NA,NA,NA,NA,Y,4,0,2,3,A,-,09,21802,A,N,D,C,A,A,H,-,C,A,0,NA,NA,NA,NA,Y,Y,A,01,0,0,2,0,0,0,0,0,0,-,-,NA,NA,SAN BERNARDINO,ONTARIO,-117.64134979248048,34.06822967529297
9042027,2019,2020-02-10,3600,2019-12-13,0801,A8310,R012,5,5,6,3616,0,0,0,NA,0,RC3,SIERRA CREST VIEW LOOP,VINTAGE DR,0,NA,Y,A,-,N,NA,NA,NA,NA,NA,NA,NA,NA,NA,N,3,0,1,2,A,-,17,2815,NA,N,D,G,B,A,H,-,A,A,0,Y,NA,NA,NA,Y,NA,A,07,0,1,0,0,1,0,0,0,0,-,-,NA,NA,SAN BERNARDINO,RANCHO CUCAMONGA,-117.55072021484376,34.14012145996094
90403416,2017,2017-03-01,9860,2017-02-23,2210,020626,NA,4,3,4,3603,0,1,1,NA,2,103,I-10 E/B,PEPPER AVE,1600,E,N,A,-,Y,NA,NA,10,NA,NA,NA,NA,NA,E,Y,2,0,1,2,A,-,08,22107,NA,N,C,C,A,A,H,-,D,D,0,NA,NA,NA,NA,Y,NA,A,01,1,0,0,0,0,0,0,0,0,-,-,34.06862,-117.34756,SAN BERNARDINO,COLTON,-117.34755482,34.06874125
90420590,2017,2017-03-24,9860,2017-03-15,1745,016658,NA,3,2,4,3603,0,1,1,NA,2,214,I-215 S/B,WASHINGTON ST. O/C,1584,N,N,A,-,Y,NA,NA,215,NA,NA,NA,NA,NA,S,Y,3,0,1,2,A,-,07,21658,A,N,B,C,A,A,H,-,A,D,0,NA,NA,Y,NA,Y,NA,C,02,0,1,0,0,0,0,0,0,1,-,-,34.05122,-117.30246,SAN BERNARDINO,COLTON,-117.30253544,34.05132166
9042077,2019,2020-02-05,3600,2019-12-28,1122,F1596,RC020,6,5,6,3616,0,0,0,NA,0,005,CHURCH ST,TERRA VISTA PKWY,0,NA,Y,A,-,N,NA,NA,NA,NA,NA,NA,NA,NA,NA,Y,4,0,3,3,A,-,12,21453,A,N,D,C,A,A,H,-,A,A,0,NA,NA,NA,NA,Y,NA,A,01,0,0,3,0,0,0,0,0,0,-,-,NA,NA,SAN BERNARDINO,RANCHO CUCAMONGA,-117.57259368896484,34.113609313964844
90420887,2017,2017-03-27,9860,2017-03-22,1615,021587,NA,3,2,4,3603,0,1,1,NA,2,214,I-215 S/B,IOWA AVE,25,S,N,B,-,Y,NA,NA,215,NA,NA,NA,NA,NA,S,N,4,0,2,2,A,-,21,22106,NA,N,C,C,A,A,H,-,A,D,0,NA,NA,NA,NA,Y,NA,A,01,0,0,2,0,0,0,0,0,0,-,-,34.02393,-117.33533,SAN BERNARDINO,COLTON,-117.33549695,34.02408473
90390082,2017,2017-02-10,9860,2017-01-31,2054,020626,NA,2,2,9,3600,0,1,1,NA,2,152,I-15 S/B,SR-138,9504,N,N,A,-,Y,NA,NA,15,NA,NA,NA,NA,NA,S,Y,4,0,1,3,A,-,04,21703,NA,N,C,C,A,A,H,-,D,D,0,NA,NA,NA,NA,Y,NA,A,07,0,0,1,0,0,0,0,0,0,-,-,34.3378,-117.48244,SAN BERNARDINO,UNINCORPORATED,-117.48253749,34.33779921
90405093,2017,2017-03-03,9865,2017-02-24,1030,014729,NA,5,1,9,3600,0,3,5,NA,2,003,FOREST ROUTE 2E22,CACTUS RD.,169,W,N,A,-,N,NA,NA,NA,NA,NA,NA,NA,NA,NA,N,2,0,1,1,B,-,22,NA,NA,N,F,I,A,A,H,-,A,D,0,NA,NA,Y,NA,Y,NA,C,02,1,0,0,0,0,0,0,0,1,-,-,34.299,-116.79626,SAN BERNARDINO,UNINCORPORATED,NA,NA
90407532,2017,2017-03-07,9855,2017-03-06,0710,015919,NA,1,1,6,3607,0,1,1,NA,2,101,I-10 W/B (SAN BERNARDINO FWY),ETIWANDA AVE.,2500,W,N,A,-,Y,NA,NA,10,NA,NA,NA,NA,NA,W,Y,4,0,1,1,A,-,08,22107,NA,N,E,I,A,A,H,-,A,D,0,NA,NA,NA,NA,Y,NA,D,22,0,0,1,0,0,0,0,0,0,-,-,34.06734,-117.52999,SAN BERNARDINO,ONTARIO,-117.52999226,34.06746372
90423743,2016,2017-03-29,9835,2016-08-25,2500,019300,NA,4,4,9,3600,0,1,1,NA,2,075,I-15 N/B,HALLORAN SPRINGS RD,20434,S,N,A,-,Y,NA,NA,15,NA,NA,NA,NA,NA,N,Y,1,1,0,1,A,-,08,22107,NA,N,E,I,A,A,H,-,D,D,0,NA,NA,NA,NA,Y,NA,A,01,0,0,0,0,0,0,0,0,0,-,-,35.34631,-115.94644,SAN BERNARDINO,UNINCORPORATED,-115.94649631,35.34640129
9042382,2019,2020-02-11,3600,2019-12-05,1718,F8945,VC029,4,5,5,3612,0,0,0,NA,0,VC2,RODEO DR,HUGHES RD,0,NA,Y,A,-,N,NA,NA,NA,NA,NA,NA,NA,NA,NA,Y,4,0,1,2,A,-,06,21755,NA,N,B,C,A,A,H,-,A,D,0,NA,NA,NA,NA,Y,NA,A,01,0,0,1,0,0,0,0,0,0,-,-,NA,NA,SAN BERNARDINO,VICTORVILLE,-117.30391693115234,34.51087188720703
90390510,2017,2017-02-10,9860,2017-02-09,1600,017098,NA,4,2,4,3603,0,1,1,NA,2,214,I-215 S/B,IOWA AVE,1320,S,N,A,-,Y,NA,NA,215,NA,NA,NA,NA,NA,S,N,4,0,1,2,A,-,03,22350,NA,N,C,C,A,A,H,-,A,D,0,NA,NA,NA,NA,Y,NA,D,23,0,0,1,0,0,0,0,0,0,-,-,34.02205,-117.33725,SAN BERNARDINO,COLTON,-117.33731835,34.02211242
90425106,2017,2017-03-31,9860,2017-03-24,1200,019251,NA,5,1,9,3600,0,1,1,NA,2,151,I-15 S/B,CLEGHORN RD,9874,S,N,A,-,Y,NA,NA,15,NA,NA,NA,NA,NA,S,Y,3,0,1,1,A,-,08,22107,NA,N,F,A,A,A,H,-,A,D,0,NA,NA,NA,NA,Y,NA,A,08,0,1,0,0,0,0,0,0,0,-,-,34.27249,-117.45014,SAN BERNARDINO,UNINCORPORATED,-117.44979757,34.27251275
9042534,2020,2020-02-19,3600,2020-01-19,2205,H2968,YC403,7,5,4,3640,0,0,0,NA,0,YC3,AVENUE E,13TH ST,236,E,N,A,-,N,NA,NA,NA,NA,NA,NA,NA,NA,NA,Y,4,0,1,2,A,-,03,22350,NA,N,A,E,A,A,H,-,C,A,0,NA,NA,NA,NA,Y,NA,D,22,0,0,1,0,0,0,0,0,0,-,-,NA,NA,SAN BERNARDINO,YUCAIPA,-117.0902862548828,34.02661895751953
9041008,2020,2020-10-15,3610,2020-01-20,0751,50584,NA,1,5,6,3610,0,0,0,NA,0,POLICE,W ORANGE SHOW RD,RT 215,0,NA,Y,B,-,Y,SBD,8,215,-,-,4.903,R,4,N,Y,4,0,2,2,A,-,12,21453,A,F,D,C,A,A,H,-,A,A,0,NA,NA,NA,NA,Y,Y,A,01,0,0,2,0,0,0,0,0,0,-,NF,34.07960891723633,-117.29415893554688,SAN BERNARDINO,SAN BERNARDINO,-117.295654296875,34.076515197753906
9042645,2020,2020-02-28,3600,2020-01-01,1507,G6918,VC059,3,5,5,3612,0,0,0,NA,0,VC4,BEAR VALLEY RD,AMETHYST RD,406,E,N,A,-,N,NA,NA,NA,NA,NA,NA,NA,NA,NA,Y,4,0,2,2,A,-,09,21804,A,N,D,A,A,A,H,-,A,D,0,NA,NA,NA,NA,Y,NA,A,01,0,0,2,0,0,0,0,0,0,-,-,NA,NA,SAN BERNARDINO,VICTORVILLE,-117.36297607421876,34.47040939331055
90427844,2017,2017-04-05,9855,2017-03-22,1925,016889,NA,3,2,5,3611,0,1,1,NA,2,103,I-10 W/B (SAN BERNARDINO FWY),SAN ANTONIO AVE.,50,W,N,B,-,Y,NA,NA,10,NA,NA,NA,NA,NA,W,Y,4,0,2,2,A,-,07,21658,A,N,B,C,A,A,H,-,C,D,0,NA,NA,NA,Y,Y,NA,F,25,0,0,2,0,0,0,0,0,0,-,-,34.08747,-117.66109,SAN BERNARDINO,UPLAND,-117.66108995,34.08743687
90428348,2017,2017-04-05,9860,2017-03-29,1130,021587,NA,3,1,3,3615,0,1,1,NA,2,104,I-10 W/B,RICHARDSON AVE,500,E,N,A,-,Y,NA,NA,10,NA,NA,NA,NA,NA,W,Y,3,0,2,2,A,-,03,22350,NA,N,C,C,A,A,H,-,A,D,0,NA,NA,NA,NA,Y,NA,A,01,0,1,1,0,0,0,0,0,0,-,-,34.06662,-117.25076,SAN BERNARDINO,LOMA LINDA,-117.2507675,34.06671159
90391519,2017,2017-02-13,9850,2017-02-06,0652,017237,NA,1,1,5,3619,0,1,1,NA,2,081,I-15 SOUTHBOUND,RANCHERO RD.,450,N,N,B,-,Y,NA,NA,15,NA,NA,NA,NA,NA,S,Y,4,0,2,2,A,-,07,21658,A,N,B,C,A,A,H,-,A,D,0,NA,NA,NA,NA,Y,NA,A,01,0,0,2,0,0,0,0,0,0,-,-,34.38397,-117.41469,SAN BERNARDINO,HESPERIA,-117.41473914,34.3840099
9042979,2020,2020-02-20,3610,2020-01-11,1811,50803,NA,6,5,6,3610,0,0,0,NA,0,ADAM,N MT VERNON AV,W 16TH ST,56,S,N,A,-,N,NA,NA,NA,NA,NA,NA,NA,NA,NA,N,3,0,1,2,A,-,11,21955,NA,F,G,B,D,A,H,-,C,A,0,Y,NA,NA,NA,Y,NA,N,60,0,1,0,0,1,0,0,0,0,-,-,34.12871170043945,-117.31381225585938,SAN BERNARDINO,SAN BERNARDINO,-117.31381225585938,34.128597259521484
9042983,2020,2020-02-20,3610,2020-01-12,2055,51165,NA,7,5,6,3610,0,0,0,NA,0,ADAM,WEST HIGHLAND AV,N RAMONA AV,150,W,N,A,-,N,NA,NA,NA,NA,NA,NA,NA,NA,NA,Y,2,0,1,1,A,-,08,22107,NA,N,E,I,A,A,H,-,C,D,0,NA,NA,NA,NA,Y,NA,A,01,1,0,0,0,0,0,0,0,0,-,-,34.13608169555664,-117.32257080078124,SAN BERNARDINO,SAN BERNARDINO,-117.32191467285156,34.13610076904297
90393506,2017,2017-02-15,9860,2017-02-07,2305,019027,NA,2,3,5,3608,0,1,1,NA,2,104,I-10 W/B TO ALABAMA ST.,ALABAMA ST.,80,E,N,B,-,Y,NA,NA,NA,NA,NA,NA,NA,NA,NA,N,3,0,1,2,A,-,03,22350,NA,N,C,C,A,B,H,-,D,D,0,NA,NA,NA,Y,Y,NA,A,01,0,1,0,0,0,0,0,0,0,-,-,34.04024,-117.12301,SAN BERNARDINO,REDLANDS,-117.20847668,34.06674
90395479,2017,2017-02-17,9855,2017-02-09,1135,019947,NA,4,1,5,3602,0,1,3,NA,2,601,SR-60 W/B (POMONA FWY),HAVEN AVE.,629,E,N,A,-,Y,NA,NA,NA,NA,NA,NA,NA,NA,NA,Y,4,0,1,2,A,-,07,21658,A,F,B,C,A,A,H,-,A,D,0,NA,NA,NA,NA,Y,NA,-,99,0,0,1,0,0,0,0,0,0,-,-,34.03074,-117.61833,SAN BERNARDINO,CHINO,-117.57375633,34.02850386
90395492,2017,2017-02-17,9860,2017-02-11,0640,019251,NA,6,1,6,3610,0,1,1,NA,2,216,I-215 S/B,UNIVERSITY PKY,739,N,N,B,C,Y,NA,NA,215,NA,NA,NA,NA,NA,S,Y,4,0,1,2,A,-,03,22350,NA,M,C,C,A,B,H,-,A,D,0,NA,NA,NA,Y,Y,NA,D,22,0,0,1,0,0,0,0,0,0,-,-,34.16592,-117.33475,SAN BERNARDINO,SAN BERNARDINO,-117.33472794,34.16593865
90395643,2017,2017-02-17,9855,2017-01-28,0355,020690,NA,6,3,6,3616,0,1,1,NA,2,203,SR-210 E/B (FOOTHILL FWY),ROCHESTER AVE.,1816,W,N,A,-,Y,NA,NA,210,NA,NA,NA,NA,NA,E,N,3,0,1,2,A,-,03,22350,NA,F,C,C,A,A,H,-,D,D,0,NA,NA,NA,NA,Y,NA,D,22,0,1,0,0,0,0,0,0,0,-,-,34.13638,-117.55168,SAN BERNARDINO,RANCHO CUCAMONGA,-117.55168126,34.13647483
90397341,2016,2017-02-21,9835,2016-12-30,0620,021448,NA,5,1,9,3600,0,1,1,NA,2,074,I-15 S/B,ZZYZX RD,14203,N,N,B,-,Y,NA,NA,15,NA,NA,NA,NA,NA,S,Y,1,1,0,1,A,-,08,22107,NA,N,E,I,A,A,H,-,D,D,0,NA,NA,NA,NA,Y,NA,A,01,0,0,0,0,0,0,0,0,0,-,-,35.21981,-116.10965,SAN BERNARDINO,UNINCORPORATED,-116.10959883,35.21977966
90398943,2017,2017-02-23,9860,2017-02-14,1555,017098,NA,2,2,6,3610,0,1,1,NA,2,214,I-215 N/B,INLAND CENTER DR,200,S,N,A,-,Y,NA,NA,215,NA,NA,NA,NA,NA,N,Y,4,0,2,4,A,-,03,22350,NA,N,C,C,A,A,H,-,A,D,0,NA,NA,NA,NA,Y,NA,A,01,0,0,2,0,0,0,0,0,0,-,-,34.08457,-117.30054,SAN BERNARDINO,SAN BERNARDINO,-117.30052921,34.08457743
90412103,2017,2017-03-14,9855,2017-03-06,1521,014973,NA,1,2,6,3616,0,1,1,NA,2,153,I-15 N/B (ONTARIO FWY),SR-66 E/B (FOOTHILL BLVD.),1400,N,N,A,-,Y,NA,NA,15,NA,NA,NA,NA,NA,N,Y,4,0,5,4,A,-,03,22350,NA,N,C,C,A,A,H,-,A,D,0,NA,NA,Y,NA,Y,NA,A,07,0,0,5,0,0,0,0,0,1,-,-,34.10029,-117.53899,SAN BERNARDINO,RANCHO CUCAMONGA,-117.53895961,34.10026332
90434830,2017,2017-04-17,9860,2017-04-08,1635,014777,NA,6,2,9,3600,0,3,5,NA,2,002,ARDEN AVENUE,PUMALO STREET,0,NA,Y,A,-,N,NA,NA,NA,NA,NA,NA,NA,NA,NA,Y,3,0,2,2,A,-,03,22350,NA,N,C,C,A,A,H,-,A,D,0,NA,NA,NA,NA,Y,NA,D,22,0,1,1,0,0,0,0,0,0,-,-,34.13856,-117.23497,SAN BERNARDINO,UNINCORPORATED,-117.23493,34.13853008
90414621,2017,2017-03-17,9855,2017-03-09,1005,019121,NA,4,1,5,3630,0,1,3,NA,2,071,SR-71 (CHINO FREEWAY) N/B,PINE AVENUE,1056,S,N,A,-,Y,NA,NA,71,NA,NA,NA,NA,NA,N,Y,4,0,1,2,A,-,03,22350,NA,N,C,C,A,A,H,-,A,D,0,NA,NA,NA,NA,Y,NA,A,01,0,0,1,0,0,0,0,0,0,-,-,33.94054,-117.66821,SAN BERNARDINO,CHINO HILLS,-117.66824366,33.94050823
90383912,2017,2017-02-01,9855,2017-01-26,0910,017112,NA,4,1,6,3607,0,1,1,NA,2,103,I-10 W/B (SAN BERNARDINO FWY),ARCHIBALD AVENUE,2500,W,N,A,-,Y,NA,NA,10,NA,NA,NA,NA,NA,W,Y,4,0,2,2,A,-,03,22350,NA,N,C,C,A,A,H,-,A,D,0,NA,NA,NA,NA,Y,NA,A,01,0,0,2,0,0,0,0,0,0,-,-,34.06852,-117.60373,SAN BERNARDINO,ONTARIO,-117.60373914,34.06846059
90414635,2017,2017-03-17,9860,2017-03-11,1850,020387,NA,6,2,6,3610,0,1,1,NA,2,202,SR-210 EASTBOUND,SIERRA WAY,100,W,N,A,-,Y,NA,NA,210,NA,NA,NA,NA,NA,E,N,4,0,6,3,A,-,03,22350,NA,N,C,C,A,A,H,-,D,D,0,NA,NA,NA,NA,Y,NA,A,07,0,0,6,0,0,0,0,0,0,-,-,34.14524,-117.28535,SAN BERNARDINO,SAN BERNARDINO,-117.28534901,34.14529838
90437610,2017,2017-04-19,9855,2017-04-10,0008,020664,NA,1,3,6,3604,0,1,1,NA,2,201,SR-210 E/B (FOOTHILL FWY),SIERRA AVE.,2000,W,N,A,-,Y,NA,NA,210,NA,NA,NA,NA,NA,E,Y,4,0,1,2,A,-,03,22350,NA,N,C,C,A,A,H,-,C,D,0,NA,NA,NA,NA,Y,NA,A,01,0,0,1,0,0,0,0,0,0,-,-,34.13617,-117.443,SAN BERNARDINO,FONTANA,-117.44299992,34.13625999
90399923,2017,2017-02-27,9835,2017-02-19,1251,21176,NA,7,1,9,3600,0,3,5,NA,2,034,RIMROCK RD,K ST,27,E,N,A,-,N,NA,NA,NA,NA,NA,NA,NA,NA,NA,Y,4,0,1,2,A,-,09,21802,A,N,B,C,A,A,H,-,A,A,0,NA,NA,NA,Y,Y,NA,F,26,0,0,1,0,0,0,0,0,0,-,-,34.87747,-117.05382,SAN BERNARDINO,UNINCORPORATED,-117.05401034,34.87737201
90441606,2017,2017-04-25,9860,2017-04-14,2110,020135,NA,5,2,9,3600,0,3,5,NA,2,004,LOCUST AVE.,8TH ST.,0,NA,Y,A,-,N,NA,NA,NA,NA,NA,NA,NA,NA,NA,Y,3,0,1,2,A,-,01,23152,A,N,A,C,A,A,H,-,D,D,0,NA,NA,NA,NA,Y,Y,A,01,0,1,0,0,0,0,0,0,0,-,-,34.04148,-117.40947,SAN BERNARDINO,UNINCORPORATED,-117.40945013,34.04141003
90415694,2017,2017-03-20,9855,2017-03-13,0740,015919,NA,1,1,6,3607,0,1,1,NA,2,103,I-10 E/B (SAN BERNARDINO FWY),MOUNTAIN AVE.,850,E,N,A,-,Y,NA,NA,10,NA,NA,NA,NA,NA,E,Y,4,0,2,2,A,-,07,21658,A,N,B,C,A,A,H,-,A,D,0,NA,NA,NA,NA,Y,NA,A,07,0,0,2,0,0,0,0,0,0,-,-,34.08709,-117.66513,SAN BERNARDINO,ONTARIO,-117.66513151,34.08722326
90401227,2017,2017-02-28,9860,2017-02-22,0425,020626,NA,3,3,9,3600,0,1,3,NA,1,012,SR-138,MANTOVA DR.,1450,E,N,A,-,Y,NA,NA,138,NA,NA,NA,NA,NA,NA,Y,2,0,1,3,A,-,05,21460,A,F,B,C,A,A,H,-,D,D,0,NA,NA,NA,NA,Y,NA,-,99,1,0,0,0,0,0,0,0,0,-,-,34.32174,-117.50828,SAN BERNARDINO,UNINCORPORATED,-117.50826075,34.32176451
90443817,2017,2017-04-27,9865,2017-04-23,1719,016806,NA,7,2,9,3600,0,1,3,NA,2,021,STATE ROUTE 330,LIVE OAK DRIVE,6864,S,N,A,-,Y,NA,NA,330,NA,NA,NA,NA,NA,NA,Y,3,0,1,1,A,-,08,22107,NA,N,E,I,A,A,H,-,A,D,0,NA,NA,NA,NA,Y,NA,A,01,0,1,0,0,0,0,0,0,0,-,-,34.20218,-117.15205,SAN BERNARDINO,UNINCORPORATED,-117.15201933,34.20214123
90443843,2017,2017-04-27,9855,2017-04-19,1735,019121,NA,3,2,6,3607,0,1,1,NA,2,152,I-15 (ONTARIO FREEWAY) N/B,I-10,500,N,N,A,-,Y,NA,NA,15,NA,NA,NA,NA,NA,N,Y,3,0,1,2,A,-,07,21658,A,N,C,C,A,A,H,-,A,D,0,NA,NA,Y,NA,Y,NA,A,01,0,1,0,0,0,0,0,0,1,-,-,34.0717,-117.5447,SAN BERNARDINO,ONTARIO,-117.54471175,34.0717003
90401699,2017,2017-02-28,9860,2017-02-21,1258,012988,NA,2,1,3,3615,0,1,1,NA,2,104,I-10 WESTBOUND,TIPPECANOE AVE,1584,W,N,B,-,Y,NA,NA,10,NA,NA,NA,NA,NA,W,N,4,0,1,2,A,-,03,22350,NA,N,C,C,A,A,H,-,A,D,0,NA,NA,NA,NA,Y,NA,D,22,0,0,1,0,0,0,0,0,0,-,-,34.06414,-117.26526,SAN BERNARDINO,LOMA LINDA,-117.26525464,34.06406
90445904,2017,2017-05-01,9860,2017-04-14,1719,016646,NA,5,2,6,3610,0,1,1,NA,2,214,I-215 N/B FROM INLAND CENTER DRIVE,INLAND CENTER DRIVE,300,N,N,A,-,Y,NA,NA,215,NA,NA,NA,R,NA,N,Y,3,0,2,2,A,-,03,22350,NA,N,C,C,A,A,H,-,A,A,0,NA,NA,NA,NA,Y,NA,A,07,0,1,1,0,0,0,0,0,0,-,-,34.0894,-117.3015,SAN BERNARDINO,SAN BERNARDINO,-117.3015,34.0894