CASE_ID,ACCIDENT_YEAR,PROC_DATE,JURIS,COLLISION_DATE,COLLISION_TIME,OFFICER_ID,REPORTING_DISTRICT,DAY_OF_WEEK,CHP_SHIFT,POPULATION,CNTY_CITY_LOC,SPECIAL_COND,BEAT_TYPE,CHP_BEAT_TYPE,CITY_DIVISION_LAPD,CHP_BEAT_CLASS,BEAT_NUMBER,PRIMARY_RD,SECONDARY_RD,DISTANCE,DIRECTION,INTERSECTION,WEATHER_1,WEATHER_2,STATE_HWY_IND,CALTRANS_COUNTY,CALTRANS_DISTRICT,STATE_ROUTE,ROUTE_SUFFIX,POSTMILE_PREFIX,POSTMILE,LOCATION_TYPE,RAMP_INTERSECTION,SIDE_OF_HWY,TOW_AWAY,COLLISION_SEVERITY,NUMBER_KILLED,NUMBER_INJURED,PARTY_COUNT,PRIMARY_COLL_FACTOR,PCF_CODE_OF_VIOL,PCF_VIOL_CATEGORY,PCF_VIOLATION,PCF_VIOL_SUBSECTION,HIT_AND_RUN,TYPE_OF_COLLISION,MVIW,PED_ACTION,ROAD_SURFACE,ROAD_COND_1,ROAD_COND_2,LIGHTING,CONTROL_DEVICE,CHP_ROAD_TYPE,PEDESTRIAN_ACCIDENT,BICYCLE_ACCIDENT,MOTORCYCLE_ACCIDENT,TRUCK_ACCIDENT,NOT_PRIVATE_PROPERTY,ALCOHOL_INVOLVED,STWD_VEHTYPE_AT_FAULT,CHP_VEHTYPE_AT_FAULT,COUNT_SEVERE_INJ,COUNT_VISIBLE_INJ,COUNT_COMPLAINT_PAIN,COUNT_PED_KILLED,COUNT_PED_INJURED,COUNT_BICYCLIST_KILLED,COUNT_BICYCLIST_INJURED,COUNT_MC_KILLED,COUNT_MC_INJURED,PRIMARY_RAMP,SECONDARY_RAMP,LATITUDE,LONGITUDE,COUNTY,CITY,POINT_X,POINT_Y
90446282,2017,2017-05-01,9860,2017-04-19,1629,016651,NA,3,2,9,3600,0,3,5,NA,2,002,7000 BLOCK OF CONEJO DRIVE,PACIFIC ST,1212,S,N,A,-,N,NA,NA,NA,NA,NA,NA,NA,NA,NA,Y,3,0,2,2,A,-,21,22106,NA,N,D,C,A,A,H,-,A,D,0,NA,NA,NA,NA,Y,NA,A,01,0,1,1,0,0,0,0,0,0,-,-,34.12521,-117.25899,SAN BERNARDINO,UNINCORPORATED,-117.25893259,34.12520851
90446939,2017,2017-05-02,9835,2017-04-24,1700,21448,NA,1,2,9,3600,0,2,4,NA,1,018,FORT IRWIN RD,I-15,10560,N,N,A,-,N,NA,NA,NA,NA,NA,NA,NA,NA,NA,Y,4,0,1,1,A,-,06,21750,NA,N,E,J,A,A,H,-,A,D,0,NA,NA,NA,NA,Y,NA,A,01,0,0,1,0,0,0,0,0,0,-,-,34.92757,-116.91158,SAN BERNARDINO,UNINCORPORATED,-116.92617,34.90186
90420361,2017,2017-03-24,9860,2017-03-17,1730,019706,NA,5,2,4,3603,0,1,1,NA,2,214,I-215 NORTHBOUND TO I-10 EASTBOUND,STEEL RD.,100,N,N,A,-,Y,NA,NA,215,NA,NA,NA,R,NA,N,N,4,0,1,2,A,-,03,22350,NA,N,C,C,A,A,H,-,A,D,0,NA,NA,NA,NA,Y,NA,A,07,0,0,1,0,0,0,0,0,0,-,-,34.06141,-117.29609,SAN BERNARDINO,COLTON,-117.29609,34.06141
90423148,2017,2017-03-29,9870,2017-03-21,1910,018236,NA,2,2,9,3600,0,1,3,NA,1,031,STATE ROUTE 62 (29 PALMS HIGHWAY),OLYMPIC ROAD,1059,E,N,A,-,Y,NA,NA,62,NA,NA,NA,NA,NA,NA,Y,3,0,1,1,A,-,01,23152,F,N,E,I,A,A,H,-,D,D,0,NA,NA,NA,NA,Y,NA,A,07,0,1,0,0,0,0,0,0,0,-,-,34.13502,-116.35485,SAN BERNARDINO,UNINCORPORATED,-116.35484916,34.13492101
90449631,2017,2017-05-05,9860,2017-05-03,1245,012530,NA,3,1,6,3610,0,1,1,NA,2,214,I-215 S/B,MILL STREET U/C.,2423,N,N,A,-,Y,NA,NA,215,NA,NA,NA,NA,NA,S,Y,3,0,4,3,A,-,07,21658,A,F,B,C,A,A,H,-,A,D,0,NA,NA,NA,NA,Y,NA,A,01,0,2,2,0,0,0,0,0,0,-,-,34.09905,-117.30217,SAN BERNARDINO,SAN BERNARDINO,-117.30205006,34.09905103
9042326,2019,2020-02-11,3608,2019-12-21,2353,4759,3608,6,5,5,3608,0,0,0,NA,0,NA,W CITRUS AV,4TH ST,51,W,N,A,-,N,NA,NA,NA,NA,NA,NA,NA,NA,NA,Y,3,0,1,1,A,-,01,23152,A,N,E,I,A,A,H,-,C,D,0,NA,NA,Y,NA,Y,Y,C,02,0,1,0,0,0,0,0,0,1,-,-,NA,NA,SAN BERNARDINO,REDLANDS,-117.1838607788086,34.05562973022461
90450567,2017,2017-05-08,9860,2017-04-28,1910,020626,NA,5,2,9,3600,0,3,5,NA,2,003,MENTONE AVE.,SAPPHIRE AVE,0,NA,Y,A,-,N,NA,NA,NA,NA,NA,NA,NA,NA,NA,Y,3,0,1,2,A,-,09,21802,A,N,D,D,A,A,H,-,D,D,0,NA,NA,NA,NA,Y,NA,A,01,0,1,0,0,0,0,0,0,0,-,-,34.06969,-117.11263,SAN BERNARDINO,UNINCORPORATED,-117.11267011,34.06971003
90453498,2017,2017-05-10,9860,2017-03-11,0346,020596,NA,6,3,4,3603,0,1,1,NA,2,214,INTERSTATE 215 NORTHBOUND,WASHINGTON STREET,2587,N,N,A,-,Y,NA,NA,215,NA,NA,NA,NA,NA,N,Y,1,1,0,1,A,-,08,22107,NA,N,E,I,A,A,H,-,D,D,0,NA,NA,NA,NA,Y,NA,A,01,0,0,0,0,0,0,0,0,0,-,-,34.05218,-117.30075,SAN BERNARDINO,COLTON,-117.30091576,34.05234526
9045474,2019,2020-02-13,3607,2019-03-13,2208,80508,54,3,5,6,3607,0,0,0,NA,0,011,I ST,ELDERBERRY AV,50,E,N,A,-,N,NA,NA,NA,NA,NA,NA,NA,NA,NA,Y,3,0,1,4,A,-,03,22350,NA,N,C,C,A,A,H,-,C,D,0,NA,NA,NA,NA,Y,NA,A,07,0,1,0,0,0,0,0,0,0,-,-,NA,NA,SAN BERNARDINO,ONTARIO,-117.67467498779295,34.074180603027344
90454958,2017,2017-05-12,9860,2017-05-08,1730,021620,NA,1,2,5,3609,0,1,1,NA,2,201,SR-210 W/B,AYALA DR,1584,E,N,A,-,Y,NA,NA,210,NA,NA,NA,NA,NA,W,Y,4,0,1,2,A,-,03,22350,NA,N,C,C,A,A,H,-,A,D,0,NA,NA,NA,NA,Y,NA,D,22,0,0,1,0,0,0,0,0,0,-,-,34.1365,-117.3914,SAN BERNARDINO,RIALTO,-117.3914053,34.13599633
90454975,2017,2017-05-12,9860,2017-05-11,2158,019725,NA,4,2,9,3600,0,3,5,NA,2,003,POTATO CANYON RD,BAUMANN OAKS RD,1056,W,N,A,-,N,NA,NA,NA,NA,NA,NA,NA,NA,NA,Y,3,0,1,1,A,-,08,22107,NA,N,E,I,A,A,H,-,D,D,0,NA,NA,NA,NA,Y,Y,A,07,0,1,0,0,0,0,0,0,0,-,-,34.05454,-116.97073,SAN BERNARDINO,UNINCORPORATED,-116.9707337,34.05447722
9045802,2019,2020-02-19,3602,2019-08-25,1815,3955,NA,7,5,5,3602,0,0,0,NA,0,004,RIVERSIDE DR,MAGNOLIA AV,0,NA,Y,A,-,N,NA,NA,NA,NA,NA,NA,NA,NA,NA,Y,3,0,2,2,A,-,01,23152,A,N,D,C,A,A,H,-,A,A,0,NA,NA,NA,NA,Y,Y,A,01,0,2,0,0,0,0,0,0,0,-,-,NA,NA,SAN BERNARDINO,CHINO,-117.6718978881836,34.01918029785156
90458035,2017,2017-05-17,9865,2017-05-10,1135,015158,NA,3,1,9,3600,0,1,3,NA,2,020,SR-330,HIGHLAND AVENUE,23232,N,N,B,C,Y,NA,NA,330,NA,NA,NA,NA,NA,NA,Y,3,0,1,1,A,-,08,22107,NA,N,E,I,A,B,H,-,A,D,0,NA,NA,NA,NA,Y,NA,A,07,0,1,0,0,0,0,0,0,0,-,-,34.18339,-117.17521,SAN BERNARDINO,UNINCORPORATED,-117.17520264,34.18340419
90423482,2017,2017-03-29,9855,2017-03-21,0122,020006,NA,2,3,6,3607,0,1,1,NA,2,101,I-10 W/B (SAN BERNARDINO FWY),MILLIKEN AVE.,1000,W,N,A,-,Y,NA,NA,10,NA,NA,NA,NA,NA,W,Y,3,0,1,1,A,-,01,23152,A,N,E,I,A,A,H,-,C,D,0,NA,NA,NA,NA,Y,Y,A,01,0,1,0,0,0,0,0,0,0,-,-,34.06756,-117.56463,SAN BERNARDINO,ONTARIO,-117.56462959,34.06761258
90460215,2017,2017-05-22,9860,2017-05-14,1635,016646,NA,7,2,9,3600,0,1,3,NA,1,012,SR-138 W/B,I-15 FREEWAY,300,W,N,A,-,N,NA,NA,138,NA,NA,NA,NA,NA,W,Y,3,0,4,2,A,-,09,21804,A,N,D,C,A,A,H,-,A,D,0,NA,NA,NA,NA,Y,NA,A,01,0,1,3,0,0,0,0,0,0,-,-,34.31164,-117.4778,SAN BERNARDINO,UNINCORPORATED,-117.47779881,34.31162631
9042501,2019,2020-02-12,3600,2019-11-07,0131,F6913,RC027,4,5,6,3616,0,0,0,NA,0,002,HAVEN AV,ALTA LOMA DR,286,S,N,A,-,N,NA,NA,NA,NA,NA,NA,NA,NA,NA,Y,3,0,1,2,A,-,01,23152,A,N,C,C,A,A,H,-,C,A,0,NA,NA,NA,NA,Y,Y,A,07,0,1,0,0,0,0,0,0,0,-,-,NA,NA,SAN BERNARDINO,RANCHO CUCAMONGA,-117.57598876953124,34.137027740478516
9042572,2020,2020-10-16,3608,2020-01-23,0743,3675,NA,4,5,5,3608,0,0,0,NA,0,NA,LUGONIA AV,UNIVERSITY ST,0,NA,Y,A,-,Y,SBD,8,38,-,-,1.445,I,5,W,Y,4,0,2,2,A,-,08,22107,NA,N,A,C,A,A,H,-,A,A,0,NA,NA,NA,NA,Y,NA,A,01,0,0,2,0,0,0,0,0,0,-,-,NA,NA,SAN BERNARDINO,REDLANDS,-117.16722106933594,34.07005310058594
90428893,2017,2017-04-06,9860,2017-03-29,1925,019725,NA,3,2,9,3600,0,1,1,NA,2,152,I-15 S/B,CLEGHORN RD,2640,N,N,A,-,Y,NA,NA,15,NA,NA,NA,NA,NA,S,Y,4,0,1,2,A,-,03,22350,NA,N,C,C,A,A,H,-,D,D,0,NA,NA,NA,NA,Y,NA,A,01,0,0,1,0,0,0,0,0,0,-,-,34.30382,-117.46296,SAN BERNARDINO,UNINCORPORATED,-117.4629958,34.30375463
90430009,2017,2017-04-07,9855,2017-04-03,1507,016051,NA,1,2,5,3602,0,1,3,NA,2,603,SR-60 E/B (POMONA FWY),MONTE VISTA AVENUE,628,E,N,A,-,Y,NA,NA,60,NA,NA,NA,NA,NA,E,Y,4,0,3,3,A,-,03,22350,NA,F,C,C,A,A,H,-,A,D,0,NA,NA,NA,NA,Y,NA,A,08,0,0,3,0,0,0,0,0,0,-,-,34.03009,-117.69599,SAN BERNARDINO,CHINO,-117.69599028,34.03011458
90469336,2017,2017-06-01,9860,2017-05-30,1535,016658,NA,2,2,9,3600,0,1,3,NA,1,380,SR-38 (MENTONE BLVD),JASPER AVE,22,W,N,A,-,Y,NA,NA,38,NA,NA,NA,NA,NA,NA,Y,4,0,1,2,A,-,03,22350,NA,N,C,C,A,A,H,-,A,D,0,NA,NA,NA,NA,Y,NA,D,22,0,0,1,0,0,0,0,0,0,-,-,34.07044,-117.13635,SAN BERNARDINO,UNINCORPORATED,-117.13635131,34.07011207
90430485,2017,2017-04-10,9865,2017-04-01,1835,020872,NA,6,2,9,3600,0,1,3,NA,1,010,SR-18,SR-138,4752,S,N,A,-,Y,NA,NA,18,NA,NA,NA,NA,NA,NA,Y,4,0,1,1,A,-,03,22350,NA,N,E,I,A,A,H,-,A,D,0,NA,NA,NA,NA,Y,NA,A,01,0,0,1,0,0,0,0,0,0,-,-,34.23011,-117.3012,SAN BERNARDINO,UNINCORPORATED,-117.30111004,34.23005193
90433080,2017,2017-04-12,9850,2017-04-04,1420,019278,NA,2,2,9,3600,0,3,5,NA,2,002,CATABA RD,RANCHERO RD,1262,N,N,A,-,N,NA,NA,NA,NA,NA,NA,NA,NA,NA,Y,4,0,1,2,A,-,09,21804,A,N,D,C,A,A,H,-,A,A,0,NA,NA,NA,NA,Y,NA,A,07,0,0,1,0,0,0,0,0,0,-,-,34.3866,-117.3857,SAN BERNARDINO,UNINCORPORATED,-117.38626,34.3831
90433113,2016,2017-04-12,9860,2016-12-16,2237,020614,NA,5,3,4,3603,0,1,1,NA,2,103,INTERSTATE 10 WESTBOUND,RANCHO AVENUE,66,W,N,B,C,Y,NA,NA,10,NA,NA,NA,NA,NA,W,Y,1,1,0,3,A,-,08,22107,NA,N,G,B,E,B,H,-,D,D,0,Y,NA,NA,Y,Y,NA,G,24,0,0,0,1,0,0,0,0,0,-,-,34.06738,-117.33583,SAN BERNARDINO,COLTON,-117.33576056,34.0675671
90434133,2017,2017-04-13,9835,2017-03-30,1440,20743,NA,4,2,9,3600,0,1,1,NA,2,043,I-40 W/B,FORT CADY RD,11616,E,N,F,G,Y,NA,NA,40,NA,NA,NA,NA,NA,W,Y,2,0,2,7,A,-,03,22350,NA,N,C,C,A,A,B,-,A,D,0,NA,NA,NA,Y,Y,NA,G,25,1,1,0,0,0,0,0,0,0,-,-,34.81034,-116.5753,SAN BERNARDINO,UNINCORPORATED,-116.57530782,34.8102959
90415731,2017,2017-03-20,9860,2017-03-09,0445,012988,NA,4,3,9,3600,0,3,5,NA,2,001,LONE PINE CANYON RD,SWARTHOUT CANYON RD,3168,W,N,A,-,N,NA,NA,NA,NA,NA,NA,NA,NA,NA,Y,4,0,1,1,A,-,08,22107,NA,N,E,I,A,A,H,-,D,D,0,NA,NA,NA,NA,Y,NA,A,01,0,0,1,0,0,0,0,0,0,-,-,34.30492,-117.52275,SAN BERNARDINO,UNINCORPORATED,-117.5216822,34.30468544
90418846,2017,2017-03-23,9860,2017-03-15,1621,016575,NA,3,2,5,3609,0,1,1,NA,2,102,I-10 W/B,RIVERSIDE AVE.,1468,E,N,A,-,Y,NA,NA,10,NA,NA,NA,NA,NA,W,Y,3,0,1,2,A,-,08,22107,NA,N,C,E,A,A,H,-,A,D,0,NA,NA,NA,NA,Y,NA,D,22,0,1,0,0,0,0,0,0,0,-,-,34.06902,-117.36521,SAN BERNARDINO,RIALTO,-117.36520747,34.06890566
9042011,2019,2020-02-10,3600,2019-12-15,0916,E3370,RC007,7,5,6,3616,0,0,0,NA,0,003,VICTORIA ST,EAST AV,1534,E,N,A,-,N,NA,NA,NA,NA,NA,NA,NA,NA,NA,Y,4,0,2,2,A,-,09,21801,A,N,D,C,A,A,H,-,A,D,0,NA,NA,NA,NA,Y,NA,A,01,0,0,2,0,0,0,0,0,0,-,-,NA,NA,SAN BERNARDINO,RANCHO CUCAMONGA,-117.50944519042967,34.128299713134766
90473951,2017,2017-06-08,9835,2017-05-29,2355,020109,NA,1,3,9,3600,0,1,1,NA,2,074,I-15 S/B,BASIN ROAD,2165,S,N,A,-,Y,NA,NA,15,NA,NA,NA,NA,NA,S,Y,4,0,2,3,A,-,08,22107,NA,N,B,C,A,A,H,-,D,D,0,NA,NA,NA,Y,Y,NA,A,01,0,0,2,0,0,0,0,0,0,-,-,35.10025,-116.27144,SAN BERNARDINO,UNINCORPORATED,-116.2714441,35.10030795
90474923,2017,2017-06-09,9860,2017-06-01,1648,016651,NA,4,2,6,3604,0,1,1,NA,2,102,I-10 E/B,SIERRA AVE,1700,E,N,A,-,Y,NA,NA,10,NA,NA,NA,NA,NA,E,Y,3,0,1,2,A,-,03,22350,NA,N,C,C,A,A,H,-,A,D,0,NA,NA,Y,NA,Y,NA,C,02,0,1,0,0,0,0,0,0,1,-,-,34.06715,-117.42989,SAN BERNARDINO,FONTANA,-117.42989013,34.06716155
90450395,2017,2017-05-08,9860,2017-04-30,0303,020614,NA,7,3,6,3610,0,1,1,NA,2,201,SR-210 W/B,HIGHLAND AVE,10,W,N,A,-,Y,NA,NA,210,NA,NA,NA,NA,NA,W,Y,3,0,1,1,A,-,08,22107,NA,N,E,I,A,A,H,-,D,D,0,NA,NA,NA,NA,Y,NA,A,01,0,1,0,0,0,0,0,0,0,-,-,34.1362,-117.32904,SAN BERNARDINO,SAN BERNARDINO,-117.32910362,34.13632901
90459162,2017,2017-05-19,9870,2017-05-14,1450,019593,NA,7,2,9,3600,0,1,3,NA,1,041,SR 62 (TWENTYNINE PALMS HIGHWAY),IRONAGE ROAD,38016,E,N,A,-,Y,NA,NA,62,NA,NA,NA,NA,NA,NA,Y,3,0,1,1,A,-,08,22107,NA,N,E,I,A,A,H,-,A,D,0,NA,NA,NA,NA,Y,NA,A,01,0,1,0,0,0,0,0,0,0,-,-,34.07683,-115.56771,SAN BERNARDINO,UNINCORPORATED,-115.56769296,34.07689277
90431711,2017,2017-04-11,9855,2017-04-06,1902,016051,NA,4,2,9,3600,0,3,5,NA,2,004,NAPA AVENUE,ETIWANDA AVE.,567,E,N,A,-,N,NA,NA,NA,NA,NA,NA,NA,NA,NA,Y,3,0,1,1,A,-,08,22107,NA,N,E,I,A,A,H,-,A,D,0,NA,NA,NA,NA,Y,NA,A,01,0,1,0,0,0,0,0,0,0,-,-,34.08981,-117.52183,SAN BERNARDINO,UNINCORPORATED,-117.52197079,34.08972
90478871,2017,2017-06-15,9835,2017-06-11,0111,21307,NA,7,3,9,3600,0,1,1,NA,2,075,INTERSTATE 15 N/B,E. BAKER BLVD,7973,N,N,A,-,Y,NA,NA,NA,NA,NA,NA,NA,NA,NA,Y,4,0,2,2,A,-,21,22106,NA,N,C,C,A,A,H,-,D,D,0,NA,NA,NA,Y,Y,NA,A,01,0,0,2,0,0,0,0,0,0,-,-,35.29489,-115.8294,SAN BERNARDINO,UNINCORPORATED,NA,NA
90479257,2017,2017-06-15,9860,2017-06-08,0930,016590,NA,4,1,5,3608,0,1,1,NA,2,104,I-10 E/B,NEVADA ST.,576,E,N,B,-,Y,NA,NA,10,NA,NA,NA,NA,NA,E,Y,4,0,2,2,A,-,03,22350,NA,N,C,C,A,A,H,-,A,D,0,NA,NA,NA,NA,Y,NA,A,01,0,0,2,0,0,0,0,0,0,-,-,34.06638,-117.21524,SAN BERNARDINO,REDLANDS,-117.21524019,34.06647717
90432032,2017,2017-04-11,9855,2017-04-05,1558,019121,NA,3,2,4,3605,0,1,1,NA,2,103,I-10 (SAN BERNARDINO FREEWAY) E/B,MOUNTAIN AVENUE,1056,W,N,A,-,Y,NA,NA,NA,NA,NA,NA,NA,NA,NA,Y,4,0,1,3,A,-,03,22350,NA,F,C,C,A,A,H,-,A,D,0,NA,NA,NA,NA,Y,NA,-,99,0,0,1,0,0,0,0,0,0,-,-,34.0871,-117.67777,SAN BERNARDINO,MONTCLAIR,-117.67361856,34.08717
90435707,2017,2017-04-17,9865,2017-04-09,1715,016806,NA,7,2,9,3600,0,1,3,NA,2,020,STATE HIGHWAY 330,LIVE OAK DR,44352,S,N,A,-,Y,NA,NA,330,NA,NA,NA,NA,NA,NA,Y,2,0,1,1,A,-,08,22107,NA,N,F,A,A,A,H,-,A,D,0,NA,NA,NA,NA,Y,Y,A,01,1,0,0,0,0,0,0,0,0,-,-,34.18227,-117.18372,SAN BERNARDINO,UNINCORPORATED,-117.18364137,34.18223355
90436002,2017,2017-04-17,9855,2017-04-09,1432,020231,NA,7,2,6,3607,0,1,1,NA,2,152,I-15 S/B (ONTARIO FWY),JURUPA ST.,400,S,N,A,-,Y,NA,NA,15,NA,NA,NA,NA,NA,S,Y,3,0,1,3,A,-,06,21751,NA,N,B,C,A,A,H,-,A,D,0,NA,NA,Y,Y,Y,NA,C,02,0,1,0,0,0,0,0,0,1,-,-,34.04746,-117.55029,SAN BERNARDINO,ONTARIO,-117.55024171,34.04745159
90482338,2017,2017-06-21,9860,2017-06-10,2350,020626,NA,6,3,9,3600,0,3,5,NA,2,004,LOCUST AVE,MARYGOLD AVE,50,S,N,A,-,N,NA,NA,NA,NA,NA,NA,NA,NA,NA,Y,2,0,2,2,A,-,05,21460,A,N,A,C,A,A,H,-,D,D,0,NA,NA,NA,NA,Y,NA,D,22,1,0,1,0,0,0,0,0,0,-,-,34.07392,-117.40948,SAN BERNARDINO,UNINCORPORATED,-117.40953924,34.073903
90483263,2017,2017-06-22,9860,2017-06-13,1410,016821,NA,2,2,9,3600,0,3,5,NA,2,004,7TH STREET,LINDEN AVENUE,25,W,N,A,-,N,NA,NA,NA,NA,NA,NA,NA,NA,NA,Y,4,0,1,2,A,-,05,21460,A,F,A,C,A,A,H,-,A,D,0,NA,NA,NA,NA,Y,NA,A,01,0,0,1,0,0,0,0,0,0,-,-,34.04032,-117.40091,SAN BERNARDINO,UNINCORPORATED,-117.40085228,34.04031
90436538,2017,2017-07-21,9860,2017-04-07,1500,019419,NA,5,2,5,3608,0,1,1,NA,2,104,I-10 E/B,ALABAMA ST,1000,W,N,A,-,Y,NA,NA,10,NA,NA,NA,NA,NA,E,N,3,0,1,2,A,-,08,22107,NA,N,B,C,A,A,H,-,A,D,0,NA,NA,NA,Y,Y,NA,-,-,0,1,0,0,0,0,0,0,0,-,-,34.06649,-117.21386,SAN BERNARDINO,REDLANDS,-117.21385998,34.06647983
90440646,2017,2017-04-24,9870,2017-04-13,1430,017420,NA,4,2,9,3600,0,1,3,NA,1,031,STATE ROUTE 62 (29 PALMS HIGHWAY),OLYMPIC ROAD,263,W,N,A,-,Y,NA,NA,62,NA,NA,NA,NA,NA,NA,Y,3,0,3,2,A,-,03,22350,NA,N,C,C,A,A,H,-,A,A,0,NA,NA,NA,NA,Y,NA,A,01,0,2,1,0,0,0,0,0,0,-,-,34.13497,-116.35185,SAN BERNARDINO,UNINCORPORATED,-116.35184992,34.13493488
90489257,2017,2017-06-28,9834,2017-06-21,0240,015771,NA,3,3,9,3600,0,1,1,NA,2,040,I-40 E/B,KELBAKER ROAD,40656,E,N,A,G,Y,NA,NA,40,NA,NA,NA,NA,NA,E,Y,4,0,2,1,A,-,08,22107,NA,N,F,A,A,A,H,-,D,D,0,NA,NA,NA,Y,Y,NA,G,25,0,0,2,0,0,0,0,0,0,-,-,34.73807,-115.54407,SAN BERNARDINO,UNINCORPORATED,-115.54407173,34.73807458
90442626,2017,2017-04-26,9860,2017-04-18,1540,016575,NA,2,2,9,3600,0,3,5,NA,2,004,SAN BERNARDINO AVE.,GRACE ST.,0,NA,Y,B,-,N,NA,NA,NA,NA,NA,NA,NA,NA,NA,Y,4,0,1,2,A,-,21,22106,NA,N,D,C,A,A,H,-,A,A,0,NA,NA,NA,NA,Y,NA,A,08,0,0,1,0,0,0,0,0,0,-,-,34.07767,-117.412,SAN BERNARDINO,UNINCORPORATED,-117.4122701,34.07765005
90489919,2017,2017-06-28,9860,2017-06-20,1810,021587,NA,2,2,5,3609,0,1,1,NA,2,102,I-10 W/B,CEDAR AVE,3168,E,N,A,-,Y,NA,NA,10,NA,NA,NA,NA,NA,W,Y,4,0,1,1,C,-,18,NA,NA,N,E,I,A,A,H,-,A,D,0,NA,NA,NA,NA,Y,NA,-,-,0,0,1,0,0,0,0,0,0,-,-,34.06857,-117.38471,SAN BERNARDINO,RIALTO,-117.38470702,34.06845409
90442677,2017,2017-04-26,9850,2017-04-26,0612,017730,NA,3,1,5,3619,0,1,1,NA,2,081,I-15 S/B,RANCHERO RD,5280,S,N,A,-,Y,NA,NA,15,NA,NA,NA,NA,NA,S,N,4,0,1,2,A,-,03,22350,NA,N,C,C,A,A,H,-,A,D,0,NA,NA,NA,NA,Y,NA,D,22,0,0,1,0,0,0,0,0,0,-,-,34.37256,-117.42403,SAN BERNARDINO,HESPERIA,-117.42409763,34.37262054
90445457,2017,2017-04-28,9860,2017-04-14,1730,019617,NA,5,2,9,3600,0,1,1,NA,2,102,I-10 E/B,CEDAR AVE,100,E,N,A,-,Y,NA,NA,10,NA,NA,NA,NA,NA,E,N,4,0,1,3,A,-,03,22350,NA,M,C,C,A,A,H,-,A,D,0,NA,NA,NA,NA,Y,NA,A,01,0,0,1,0,0,0,0,0,0,-,-,34.0684,-117.3949,SAN BERNARDINO,UNINCORPORATED,-117.3948995,34.06842208
90447849,2017,2017-05-02,9860,2017-04-23,1943,017784,NA,7,2,4,3603,0,1,1,NA,2,214,INTERSTATE 215 NORTHBOUND,IOWA AVENUE,1730,S,N,A,-,Y,NA,NA,215,NA,NA,NA,NA,NA,N,Y,4,0,1,2,A,-,07,21658,A,N,B,C,A,A,H,-,D,D,0,NA,NA,NA,NA,Y,NA,A,01,0,0,1,0,0,0,0,0,0,-,-,34.02013,-117.33882,SAN BERNARDINO,COLTON,-117.33883787,34.02014676
90495012,2017,2017-07-06,9834,2017-06-29,0904,016267,NA,4,1,9,3600,0,1,1,NA,2,042,I-40 E/B,GOFFS RD,19853,E,N,A,-,Y,NA,NA,40,NA,NA,NA,NA,NA,E,Y,2,0,1,2,A,-,03,22350,NA,N,C,C,A,A,H,-,A,D,0,NA,NA,NA,NA,Y,NA,A,07,1,0,0,0,0,0,0,0,0,-,-,34.81997,-115.12538,SAN BERNARDINO,UNINCORPORATED,-115.12538271,34.81999173
90496547,2017,2017-07-10,9860,2017-07-01,0005,020135,NA,6,3,3,3615,0,1,1,NA,2,104,I-10 E/B,MOUNTAIN VIEW AVE,1056,W,N,A,-,Y,NA,NA,10,NA,NA,NA,NA,NA,E,Y,3,0,1,1,A,-,08,22107,NA,N,E,I,A,A,H,-,D,D,0,NA,NA,NA,NA,Y,NA,A,01,0,1,0,0,0,0,0,0,0,-,-,34.06633,-117.24782,SAN BERNARDINO,LOMA LINDA,-117.24781861,34.06650124
90449550,2017,2017-05-04,9855,2017-04-27,0740,012923,NA,4,1,6,3604,0,1,1,NA,2,201,SR-210 W/B (FOOTHILL FWY),CHERRY AVE.,245,E,N,A,-,Y,NA,NA,210,NA,NA,NA,NA,NA,W,N,4,0,1,2,A,-,03,22350,NA,F,C,C,A,A,H,-,A,D,0,NA,NA,NA,NA,Y,NA,A,01,0,0,1,0,0,0,0,0,0,-,-,34.13664,-117.4864,SAN BERNARDINO,FONTANA,-117.48639963,34.136562670000004
9046174,2020,2020-02-21,3604,2020-01-17,0714,743,NA,5,5,6,3604,0,0,0,NA,0,NA,ARROW BL,CYPRESS AV,459,W,N,A,-,N,NA,NA,NA,NA,NA,NA,NA,NA,NA,Y,4,0,2,3,A,-,09,21801,A,N,D,C,A,B,H,-,A,D,0,NA,NA,NA,NA,Y,NA,A,01,0,0,2,0,0,0,0,0,0,-,-,NA,NA,SAN BERNARDINO,FONTANA,-117.4459991455078,34.09931945800781
9049701,2020,2020-05-21,3604,2020-02-06,1401,769,NA,4,5,6,3604,0,0,0,NA,0,004,SIERRA AV,SLOVER AV,1180,N,N,A,-,N,NA,NA,NA,NA,NA,NA,NA,NA,NA,Y,4,0,2,3,A,-,03,22350,NA,N,C,C,A,A,H,-,A,A,0,NA,NA,NA,NA,Y,NA,D,22,0,0,2,0,0,0,0,0,0,-,-,NA,NA,SAN BERNARDINO,FONTANA,-117.43576049804688,34.06633377075195
90499040,2017,2017-07-12,9834,2017-07-05,1230,016253,NA,3,1,9,3600,0,1,1,NA,2,042,I-40 E/B,GOFFS RD,13728,W,N,B,-,Y,NA,NA,40,NA,NA,NA,NA,NA,E,Y,4,0,1,2,A,-,03,22350,NA,N,C,C,A,A,H,-,A,D,0,NA,NA,NA,NA,Y,NA,A,01,0,0,1,0,0,0,0,0,0,-,-,34.80768,-115.23588,SAN BERNARDINO,UNINCORPORATED,-115.23587563,34.80762819
9046187,2019,2020-02-20,3601,2019-12-06,1534,P-92,BARST,5,5,3,3601,0,0,0,NA,0,003,ARMORY RD,DESERT AV,0,NA,Y,A,-,N,NA,NA,NA,NA,NA,NA,NA,NA,NA,N,4,0,1,2,A,-,03,22350,NA,F,G,G,A,A,H,-,-,-,0,NA,Y,NA,NA,Y,NA,-,NA,0,0,1,0,0,0,1,0,0,-,-,NA,NA,SAN BERNARDINO,BARSTOW,-117.02194213867188,34.88412094116211