CASE_ID,ACCIDENT_YEAR,PROC_DATE,JURIS,COLLISION_DATE,COLLISION_TIME,OFFICER_ID,REPORTING_DISTRICT,DAY_OF_WEEK,CHP_SHIFT,POPULATION,CNTY_CITY_LOC,SPECIAL_COND,BEAT_TYPE,CHP_BEAT_TYPE,CITY_DIVISION_LAPD,CHP_BEAT_CLASS,BEAT_NUMBER,PRIMARY_RD,SECONDARY_RD,DISTANCE,DIRECTION,INTERSECTION,WEATHER_1,WEATHER_2,STATE_HWY_IND,CALTRANS_COUNTY,CALTRANS_DISTRICT,STATE_ROUTE,ROUTE_SUFFIX,POSTMILE_PREFIX,POSTMILE,LOCATION_TYPE,RAMP_INTERSECTION,SIDE_OF_HWY,TOW_AWAY,COLLISION_SEVERITY,NUMBER_KILLED,NUMBER_INJURED,PARTY_COUNT,PRIMARY_COLL_FACTOR,PCF_CODE_OF_VIOL,PCF_VIOL_CATEGORY,PCF_VIOLATION,PCF_VIOL_SUBSECTION,HIT_AND_RUN,TYPE_OF_COLLISION,MVIW,PED_ACTION,ROAD_SURFACE,ROAD_COND_1,ROAD_COND_2,LIGHTING,CONTROL_DEVICE,CHP_ROAD_TYPE,PEDESTRIAN_ACCIDENT,BICYCLE_ACCIDENT,MOTORCYCLE_ACCIDENT,TRUCK_ACCIDENT,NOT_PRIVATE_PROPERTY,ALCOHOL_INVOLVED,STWD_VEHTYPE_AT_FAULT,CHP_VEHTYPE_AT_FAULT,COUNT_SEVERE_INJ,COUNT_VISIBLE_INJ,COUNT_COMPLAINT_PAIN,COUNT_PED_KILLED,COUNT_PED_INJURED,COUNT_BICYCLIST_KILLED,COUNT_BICYCLIST_INJURED,COUNT_MC_KILLED,COUNT_MC_INJURED,PRIMARY_RAMP,SECONDARY_RAMP,LATITUDE,LONGITUDE,COUNTY,CITY,POINT_X,POINT_Y
90500415,2017,2017-07-13,9860,2017-07-06,0415,019027,NA,4,3,6,3610,0,1,1,NA,2,202,SR-210 W/B,SIERRA WAY,350,W,N,A,-,Y,NA,NA,210,NA,NA,NA,NA,NA,W,Y,4,0,1,3,A,-,03,22350,NA,N,C,C,A,A,H,-,C,D,0,NA,NA,Y,NA,Y,NA,A,01,0,0,1,0,0,0,0,0,1,-,-,34.14562,-117.28595,SAN BERNARDINO,SAN BERNARDINO,-117.28595092,34.14556567
90500445,2017,2017-07-14,9860,2017-07-03,1300,012530,NA,1,1,4,3618,0,1,3,NA,2,330,SR-330 N/B,HIGHLAND AVENUE,578,S,N,A,-,Y,NA,NA,330,NA,NA,NA,NA,NA,N,N,3,0,2,2,A,-,03,22350,NA,N,C,C,A,A,H,-,A,A,0,NA,NA,NA,NA,Y,NA,A,01,0,1,1,0,0,0,0,0,0,-,-,34.13404,-117.19246,SAN BERNARDINO,HIGHLAND,-117.19266096,34.13421353
90500526,2017,2017-07-14,9835,2017-06-25,1655,021160,NA,7,2,9,3600,0,3,5,NA,2,032,NATIONAL TRAILS HWY,SORREL TRL,50,S,N,A,-,N,NA,NA,NA,NA,NA,NA,NA,NA,NA,Y,2,0,1,2,A,-,05,21650,NA,N,B,C,A,A,D,-,A,D,0,NA,NA,NA,NA,Y,NA,A,01,1,0,0,0,0,0,0,0,0,-,-,34.75,-117.2953,SAN BERNARDINO,UNINCORPORATED,-117.29532391,34.75000217
90465275,2017,2017-05-26,9855,2017-05-19,1050,020161,NA,5,1,5,3602,0,1,3,NA,2,603,SR-60 E/B (POMONA FWY),MOUNTAIN AVE.,550,W,N,A,-,Y,NA,NA,60,NA,NA,NA,NA,NA,E,Y,4,0,1,2,A,-,03,22350,NA,N,C,C,A,A,H,-,A,A,0,NA,NA,NA,Y,Y,NA,F,55,0,0,1,0,0,0,0,0,0,-,-,34.03011,-117.67623,SAN BERNARDINO,CHINO,-117.67623063,34.03025638
90506311,2017,2017-07-24,9860,2017-07-15,0440,021534,NA,6,3,9,3600,0,1,1,NA,2,151,I-15 S/B,KENWOOD AVE,5280,N,N,A,-,Y,NA,NA,15,NA,NA,NA,NA,NA,S,Y,4,0,1,1,A,-,08,22107,NA,N,F,A,A,A,H,-,D,D,0,NA,NA,NA,NA,Y,NA,D,22,0,0,1,0,0,0,0,0,0,-,-,34.24025,-117.43014,SAN BERNARDINO,UNINCORPORATED,-117.4301408,34.24024901
90468408,2017,2017-05-31,9855,2017-05-23,2125,020460,NA,2,2,6,3607,0,1,1,NA,2,101,I-10 E/B (SAN BERNARDINO FWY),MILLIKEN AVE.,848,W,N,A,-,Y,NA,NA,10,NA,NA,NA,NA,NA,E,Y,4,0,1,5,A,-,03,22350,NA,N,C,C,A,A,H,-,C,D,0,NA,NA,NA,NA,Y,NA,A,01,0,0,1,0,0,0,0,0,0,-,-,34.06718,-117.56091,SAN BERNARDINO,ONTARIO,-117.56090942,34.06738557
90469485,2017,2017-06-01,9855,2017-05-25,1852,018212,NA,4,2,6,3616,0,1,1,NA,2,153,I-15 S/B (ONTARIO FWY),SR-210 E/B,1584,N,N,A,-,Y,NA,NA,15,NA,NA,NA,NA,NA,S,Y,4,0,2,2,A,-,17,21658,NA,N,B,C,A,A,H,-,A,D,0,NA,NA,NA,NA,Y,NA,A,01,0,0,2,0,0,0,0,0,0,-,-,34.14131,-117.49067,SAN BERNARDINO,RANCHO CUCAMONGA,-117.49049732,34.14109794
90471361,2017,2017-06-05,9860,2017-06-01,1450,016651,NA,4,2,4,3603,0,1,1,NA,2,103,I-10 E/B FROM RANCHO AVENUE,RANCHO AVENUE,590,E,N,A,-,Y,NA,NA,10,NA,NA,NA,R,NA,E,Y,4,0,1,2,A,-,03,22350,NA,N,C,C,A,A,H,-,A,A,0,NA,NA,NA,NA,Y,NA,A,07,0,0,1,0,0,0,0,0,0,-,-,34.06662,-117.33382,SAN BERNARDINO,COLTON,-117.33382,34.06662
90509472,2017,2017-07-27,9860,2017-07-20,1735,020426,NA,4,2,4,3640,0,1,1,NA,2,106,I-10 E/B,LIVE OAK CANYON RD,5280,E,N,A,-,Y,NA,NA,10,NA,NA,NA,NA,NA,E,N,4,0,2,2,A,-,03,22350,NA,N,C,C,A,A,D,H,A,D,0,NA,NA,NA,NA,Y,NA,A,01,0,0,2,0,0,0,0,0,0,-,-,34.01309,-117.07714,SAN BERNARDINO,YUCAIPA,-117.07715219,34.01303212
90473017,2017,2017-06-07,9835,2017-05-26,0323,015354,NA,5,3,9,3600,0,1,1,NA,2,075,INTERSTATE 15 NORTHBOUND,HALLORAN SPRINGS RD.,22810,S,N,A,-,Y,NA,NA,NA,NA,NA,NA,NA,NA,NA,Y,3,0,5,2,C,-,18,NA,NA,N,D,C,A,D,H,-,D,D,0,NA,NA,NA,Y,Y,NA,-,-,0,1,4,0,0,0,0,0,0,-,-,35.2021,-115.573,SAN BERNARDINO,UNINCORPORATED,-115.95482616,35.34116866
90512198,2017,2017-07-31,9860,2017-07-16,1830,021169,NA,7,2,9,3600,0,3,5,NA,2,001,CAJON BLVD,OAKIE FLAT RD,1046,S,N,A,-,N,NA,NA,NA,NA,NA,NA,NA,NA,NA,Y,2,0,1,2,A,-,11,21954,A,F,G,B,D,A,H,-,A,D,0,Y,NA,NA,NA,Y,NA,N,60,1,0,0,0,1,0,0,0,0,-,-,34.26707,-117.45749,SAN BERNARDINO,UNINCORPORATED,-117.45749,34.26707
90496674,2017,2017-07-10,9860,2017-06-30,1350,016646,NA,5,1,6,3610,0,1,1,NA,2,214,I-215 N/B,INLAND CENTER DRIVE,80,N,N,A,-,Y,NA,NA,215,NA,NA,NA,NA,NA,N,N,4,0,1,2,A,-,03,22350,NA,F,C,C,A,A,H,-,A,D,0,NA,NA,NA,Y,Y,NA,G,25,0,0,1,0,0,0,0,0,0,-,-,34.08649,-117.30141,SAN BERNARDINO,SAN BERNARDINO,-117.30151525,34.08645689
9051476,2019,2020-02-28,3607,2019-04-15,2154,80523,267,1,5,6,3607,0,0,0,NA,0,062,SAINT ANDREWS ST,HOLMES AV,90,E,N,A,-,N,NA,NA,NA,NA,NA,NA,NA,NA,NA,N,2,0,1,3,A,-,03,22350,NA,N,B,E,A,A,H,-,C,D,0,NA,NA,Y,NA,Y,NA,A,01,1,0,0,0,0,0,0,0,0,-,-,NA,NA,SAN BERNARDINO,ONTARIO,-117.63339233398438,34.023433685302734
90476147,2017,2017-06-12,9865,2017-06-05,1945,016179,NA,1,2,9,3600,0,3,5,NA,2,002,LIVE OAK DR.,FERNDALE DR,158,S,N,A,-,N,NA,NA,NA,NA,NA,NA,NA,NA,NA,Y,4,0,2,1,C,-,18,NA,NA,N,H,A,A,A,H,-,B,D,0,NA,NA,NA,NA,Y,NA,-,-,0,0,2,0,0,0,0,0,0,-,-,34.20751,-117.13617,SAN BERNARDINO,UNINCORPORATED,-117.13621544,34.20749051
90476680,2017,2017-06-13,9850,2017-05-31,0001,019176,NA,3,3,9,3600,0,3,5,NA,2,005,LAKEVIEW DRIVE,AUTUMN LN.,528,N,N,A,-,N,NA,NA,NA,NA,NA,NA,NA,NA,NA,N,3,0,1,2,A,-,08,22107,NA,N,C,E,A,A,H,-,D,D,0,NA,NA,NA,NA,Y,NA,M,96,0,1,0,0,0,0,0,0,0,-,-,34.74909,-117.34111,SAN BERNARDINO,UNINCORPORATED,-117.34072124,34.74807398
90499692,2017,2017-07-13,9835,2017-07-04,1124,21307,NA,2,1,9,3600,0,1,1,NA,2,073,INTERSTATE 15 S/B,MINNEOLA RD,528,N,N,A,-,Y,NA,NA,15,NA,NA,NA,NA,NA,S,Y,4,0,1,2,A,-,03,22350,NA,N,C,C,A,A,H,-,A,D,0,NA,NA,NA,NA,Y,NA,A,01,0,0,1,0,0,0,0,0,0,-,-,34.91827,-116.77078,SAN BERNARDINO,UNINCORPORATED,-116.77080222,34.91837572
90503240,2017,2017-07-18,9860,2017-07-12,1010,016658,NA,3,1,9,3600,0,3,5,NA,2,002,5TH ST,PEDLEY RD,0,NA,Y,A,-,N,NA,NA,NA,NA,NA,NA,NA,NA,NA,Y,4,0,1,2,A,-,12,22450,A,N,D,C,A,A,H,-,A,A,0,NA,NA,NA,NA,Y,NA,D,22,0,0,1,0,0,0,0,0,0,-,-,34.10837,-117.26682,SAN BERNARDINO,UNINCORPORATED,-117.2668201,34.10833008
90470795,2017,2017-06-05,9865,2017-06-01,1830,021096,NA,4,2,9,3600,0,1,3,NA,1,010,SR-18,SR-138,11088,S,N,A,-,Y,NA,NA,18,NA,NA,NA,NA,NA,NA,Y,4,0,1,1,A,-,08,22107,NA,N,E,I,A,A,H,-,A,D,0,NA,NA,NA,NA,Y,NA,A,01,0,0,1,0,0,0,0,0,0,-,-,34.22634,-117.30604,SAN BERNARDINO,UNINCORPORATED,-117.30608272,34.22632869
9051726,2019,2020-03-06,3607,2019-09-08,0447,80440,156,7,5,6,3607,0,0,0,NA,0,051,VINE AV,CALIFORNIA ST,50,N,N,A,-,N,NA,NA,NA,NA,NA,NA,NA,NA,NA,N,3,0,1,2,A,-,08,22107,NA,N,D,E,A,A,H,-,C,D,0,NA,NA,NA,NA,Y,NA,A,01,0,1,0,0,0,0,0,0,0,-,-,NA,NA,SAN BERNARDINO,ONTARIO,-117.65586853027344,34.05584716796875
90480428,2017,2017-06-19,9865,2017-06-12,1217,014729,NA,1,1,9,3600,0,1,3,NA,2,032,SR-18,SR-38 (EAST END),3696,N,N,A,-,Y,NA,NA,18,NA,NA,NA,NA,NA,NA,Y,4,0,1,1,A,-,01,23152,F,N,E,I,A,A,H,-,A,A,0,NA,NA,NA,NA,Y,NA,A,01,0,0,1,0,0,0,0,0,0,-,-,34.23997,-116.96763,SAN BERNARDINO,UNINCORPORATED,-116.96762863,34.24002423
90517358,2017,2017-11-03,9860,2017-07-29,0930,021587,NA,6,1,3,3615,0,1,1,NA,2,104,I-10 E/B,MOUNTAIN VIEW AVE,1810,W,N,A,-,Y,NA,NA,10,NA,NA,NA,NA,NA,E,Y,3,0,1,3,A,-,07,21658,A,N,B,C,A,A,H,-,A,D,0,NA,NA,NA,Y,Y,NA,A,01,0,1,0,0,0,0,0,0,0,-,-,34.06646,-117.24836,SAN BERNARDINO,LOMA LINDA,-117.24835963,34.06650563
90481580,2017,2017-06-20,9855,2017-06-02,1645,020769,NA,5,2,6,3604,0,1,1,NA,2,101,I-10 W/B (SAN BERNARDINO FWY),CITRUS AVE.,1320,W,N,A,-,Y,NA,NA,10,NA,NA,NA,NA,NA,W,Y,4,0,1,3,A,-,03,22350,NA,N,C,C,A,A,H,-,A,D,0,NA,NA,NA,NA,Y,NA,A,01,0,0,1,0,0,0,0,0,0,-,-,34.06659,-117.46171,SAN BERNARDINO,FONTANA,-117.46171123,34.06664095
90518449,2017,2017-08-08,9835,2017-07-22,2205,021647,NA,6,3,3,3601,0,3,5,NA,2,034,GHOST TOWN ROAD,CALICO BLVD,106,N,N,A,-,N,NA,NA,NA,NA,NA,NA,NA,NA,NA,Y,3,0,2,1,A,-,08,22107,NA,N,E,I,A,A,H,-,D,D,0,NA,NA,NA,NA,Y,NA,A,01,0,1,1,0,0,0,0,0,0,-,-,34.9148,-116.887,SAN BERNARDINO,BARSTOW,-116.88697,34.90936023
90470908,2017,2017-06-05,9860,2017-05-26,1500,018262,NA,5,2,9,3600,0,3,5,NA,2,003,RECHE CANYON RD,PRADO LN,311,N,N,A,-,N,NA,NA,NA,NA,NA,NA,NA,NA,NA,Y,4,0,1,2,A,-,03,22350,NA,F,C,C,A,A,H,-,A,D,0,NA,NA,NA,NA,Y,NA,A,01,0,0,1,0,0,0,0,0,0,-,-,34.04227,-117.28475,SAN BERNARDINO,UNINCORPORATED,-117.28469881,34.04218403
90518745,2017,2017-08-08,9850,2017-07-29,1243,021758,NA,6,1,5,3619,0,1,1,NA,2,082,INTERSTATE 15 N/B,MAIN ST,1056,N,N,A,-,Y,NA,NA,15,NA,NA,NA,NA,NA,N,N,2,0,1,1,C,-,18,NA,NA,N,H,A,A,A,H,-,A,D,0,NA,NA,Y,NA,Y,NA,-,-,1,0,0,0,0,0,0,0,1,-,-,34.4336,-117.3747,SAN BERNARDINO,HESPERIA,-117.37481385,34.43368942
90472908,2017,2017-06-07,9835,2017-05-31,1718,020053,NA,3,2,9,3600,0,1,1,NA,2,070,I-15 S/B,OUTLET CENTER DR,11352,S,N,A,-,Y,NA,NA,15,NA,NA,NA,NA,NA,S,Y,2,0,1,1,A,-,08,22107,NA,N,E,I,A,A,H,-,A,D,0,NA,NA,NA,NA,Y,NA,D,22,1,0,0,0,0,0,0,0,0,-,-,34.78891,-117.12199,SAN BERNARDINO,UNINCORPORATED,-117.12221001,34.7891827
90482034,2017,2017-06-20,9870,2017-06-09,0947,017675,NA,5,1,9,3600,0,1,3,NA,2,021,SR-247 (OLD WOMAN SPRINGS ROAD),COYOTE TRAIL,528,S,N,A,-,Y,NA,NA,247,NA,NA,NA,NA,NA,NA,Y,3,0,3,4,A,-,03,22350,NA,N,C,C,A,A,D,-,A,D,0,NA,NA,NA,NA,Y,NA,A,08,0,1,2,0,0,0,0,0,0,-,-,34.34201,-116.50467,SAN BERNARDINO,UNINCORPORATED,-116.50465083,34.34205108
90488166,2017,2017-06-27,9855,2017-06-20,1345,019121,NA,2,1,6,3616,0,1,1,NA,2,153,I-15 (ONTARIO FREEWAY) S/B,VICTORIA STREET,300,S,N,A,-,Y,NA,NA,15,NA,NA,NA,NA,NA,S,Y,4,0,1,1,A,-,08,22107,NA,N,E,I,A,A,H,-,A,D,0,NA,NA,NA,NA,Y,NA,A,01,0,0,1,0,0,0,0,0,0,-,-,34.12757,-117.50682,SAN BERNARDINO,RANCHO CUCAMONGA,-117.50684442,34.12759955
90522843,2017,2017-08-14,9855,2017-08-07,0530,15763,NA,1,3,6,3604,0,1,1,NA,2,101,I-10 W/B (SAN BERNARDINO FWY),CITRUS AVENUE,1453,W,N,A,-,Y,NA,NA,10,NA,NA,NA,NA,NA,W,Y,4,0,1,3,A,-,03,22350,NA,N,C,C,A,A,H,-,C,D,0,NA,NA,NA,Y,Y,NA,G,25,0,0,1,0,0,0,0,0,0,-,-,34.06672,-117.45994,SAN BERNARDINO,FONTANA,-117.45993913,34.06668558
90488958,2017,2017-06-27,9860,2017-06-16,1505,019429,NA,5,2,6,3610,0,1,1,NA,2,214,I-215 S/B,INLAND CENTER DR,100,N,N,A,-,Y,NA,NA,215,NA,NA,NA,NA,NA,S,Y,4,0,4,3,A,-,08,22107,NA,N,C,C,A,A,H,-,A,D,0,NA,NA,NA,NA,Y,NA,A,01,0,0,4,0,0,0,0,0,0,-,-,34.08563,-117.30144,SAN BERNARDINO,SAN BERNARDINO,-117.30137901,34.0856606
90526673,2017,2017-08-21,9860,2017-08-12,2030,021030,NA,6,2,9,3600,0,1,1,NA,2,202,SR-210 E/B,DEL ROSA AVE,200,E,N,A,-,Y,NA,NA,210,NA,NA,NA,NA,NA,E,Y,4,0,1,3,A,-,03,22350,NA,N,C,C,A,A,H,-,D,D,0,NA,NA,NA,Y,Y,NA,G,27,0,0,1,0,0,0,0,0,0,-,-,34.1417,-117.2508,SAN BERNARDINO,UNINCORPORATED,-117.25076777,34.14178584
90489866,2017,2017-06-28,9855,2017-06-19,1418,019732,NA,1,2,6,3607,0,1,1,NA,2,152,I-15 S/B (ONTARIO FWY),FOURTH ST.,400,S,N,A,-,Y,NA,NA,15,NA,NA,NA,NA,NA,S,Y,4,0,1,3,A,-,07,21658,A,N,B,C,A,A,H,-,A,D,0,NA,NA,NA,NA,Y,NA,A,01,0,0,1,0,0,0,0,0,0,-,-,34.07484,-117.54514,SAN BERNARDINO,ONTARIO,-117.54502954,34.07483804
90490469,2017,2017-07-26,9835,2017-06-26,0725,021482,NA,1,1,3,3601,0,1,1,NA,2,075,I-15 S/B,EAST BAKER BLVD,32314,N,N,A,-,Y,NA,NA,NA,NA,NA,NA,NA,NA,NA,Y,3,0,1,2,A,-,03,22350,NA,N,C,C,A,A,H,-,A,D,0,NA,NA,NA,NA,Y,NA,A,01,0,1,0,0,0,0,0,0,0,-,-,35.08033,-114.72981,SAN BERNARDINO,BARSTOW,NA,NA
90492479,2017,2017-07-03,9860,2017-06-21,0154,021587,NA,3,3,9,3600,0,3,5,NA,2,004,MARYGOLD AVE,WILLIAMS AVE,144,W,N,A,-,N,NA,NA,NA,NA,NA,NA,NA,NA,NA,Y,3,0,1,2,A,-,08,22107,NA,N,B,E,A,A,H,-,C,D,0,NA,NA,NA,NA,Y,NA,A,01,0,1,0,0,0,0,0,0,0,-,-,34.07407,-117.40729,SAN BERNARDINO,UNINCORPORATED,-117.40727413,34.07404827
90492939,2017,2017-07-03,9835,2017-06-24,1840,021082,NA,6,2,9,3600,0,1,1,NA,2,074,I-15 N/B,AFTON RD.,24341,N,N,A,-,Y,NA,NA,15,NA,NA,NA,NA,NA,N,Y,3,0,1,1,A,-,08,22107,NA,N,F,A,A,A,H,-,A,D,0,NA,NA,Y,NA,Y,NA,C,02,0,1,0,0,0,0,0,0,1,-,-,35.08773,-116.33483,SAN BERNARDINO,UNINCORPORATED,-116.33482258,35.08777677
90530600,2017,2017-08-24,9860,2017-08-10,1620,016651,NA,4,2,6,3610,0,1,1,NA,2,103,I-10 W/B,WATERMAN AVE,750,W,N,A,-,Y,NA,NA,10,NA,NA,NA,NA,NA,W,Y,4,0,1,7,A,-,03,22350,NA,N,C,C,A,A,H,-,A,D,0,NA,NA,NA,NA,Y,NA,A,01,0,0,1,0,0,0,0,0,0,-,-,34.06424,-117.28133,SAN BERNARDINO,SAN BERNARDINO,-117.28132995,34.06423934
90496626,2017,2017-07-10,9860,2017-06-30,1647,017018,NA,5,2,9,3600,0,1,1,NA,2,151,CAJON BLVD,CLEGHORN RD,3696,S,N,A,-,N,NA,NA,NA,NA,NA,NA,NA,NA,NA,Y,3,0,1,3,A,-,03,22350,NA,N,C,C,A,A,H,-,A,D,0,NA,NA,NA,NA,Y,NA,D,22,0,1,0,0,0,0,0,0,0,-,-,34.2898,-117.453,SAN BERNARDINO,UNINCORPORATED,-117.45299054,34.28967984
90473023,2017,2017-06-07,9855,2017-06-01,1820,020367,NA,4,2,6,3616,0,1,1,NA,2,203,SR-210 E/B (FOOTHILL FWY),CARNELIAN ST.,500,E,N,A,-,Y,NA,NA,210,NA,NA,NA,NA,NA,E,Y,4,0,1,2,A,-,03,22350,NA,N,C,C,A,A,H,-,A,D,0,NA,NA,NA,NA,Y,NA,A,07,0,0,1,0,0,0,0,0,0,-,-,34.13471,-117.61533,SAN BERNARDINO,RANCHO CUCAMONGA,-117.61533104,34.13480857
90534962,2017,2017-08-28,9860,2017-07-08,1428,017018,NA,6,2,5,3608,0,1,1,NA,2,105,INTERSTATE 10 WESTBOUND,NEW YORK STREET,34,W,N,A,-,Y,NA,NA,10,NA,NA,NA,NA,NA,W,Y,1,1,0,3,A,-,08,22107,NA,N,C,E,E,A,H,-,A,D,0,Y,NA,NA,Y,Y,NA,F,55,0,0,0,1,0,0,0,0,0,-,-,34.06319,-117.19591,SAN BERNARDINO,REDLANDS,-117.19597929,34.06306984
90475628,2017,2017-06-12,9860,2017-06-02,1915,020135,NA,5,2,4,3603,0,1,1,NA,2,103,I-10 W/B TO I-215 N/B,HUNTS LN,840,W,N,A,-,Y,NA,NA,10,NA,NA,NA,R,NA,W,Y,3,0,1,3,A,-,07,21658,A,F,C,C,A,A,H,-,A,D,0,NA,NA,Y,Y,Y,NA,G,25,0,1,0,0,0,0,0,0,1,-,-,34.064,-117.29018,SAN BERNARDINO,COLTON,-117.29018,34.064
90515331,2017,2017-08-03,9860,2017-08-01,1810,019419,NA,2,2,9,3600,0,1,1,NA,2,151,I-15 N/B,SIERRA AVE,5280,N,N,A,-,Y,NA,NA,15,NA,NA,NA,NA,NA,N,N,4,0,1,3,A,-,03,22350,NA,N,C,C,A,A,H,-,A,D,0,NA,NA,NA,NA,Y,NA,D,22,0,0,1,0,0,0,0,0,0,-,-,34.18891,-117.4279,SAN BERNARDINO,UNINCORPORATED,-117.42776422,34.18871426
9051552,2020,2020-05-15,3600,2020-01-31,1258,G3225,AP003,5,5,5,3621,0,0,0,NA,0,AP1,RT 18,ACOMA RD,508,W,N,A,-,N,NA,NA,NA,NA,NA,NA,NA,NA,NA,Y,3,0,2,2,A,-,09,21801,A,N,D,C,A,A,H,-,A,D,0,NA,NA,NA,NA,Y,NA,A,07,0,1,1,0,0,0,0,0,0,-,-,NA,NA,SAN BERNARDINO,APPLE VALLEY,-117.248913,34.537157
90515576,2017,2017-08-03,9855,2017-07-24,1804,018212,NA,1,2,6,3616,0,1,1,NA,2,201,SR-210 E/B (FOOTHILL FWY),EAST AVENUE,1489,E,N,A,-,Y,NA,NA,210,NA,NA,NA,NA,NA,E,Y,2,0,1,2,A,-,03,22350,NA,N,C,C,A,A,H,-,A,D,0,NA,NA,Y,Y,Y,NA,C,02,1,0,0,0,0,0,0,0,1,-,-,34.13604,-117.50926,SAN BERNARDINO,RANCHO CUCAMONGA,-117.50926129,34.13616553
90517153,2017,2017-08-07,9860,2017-08-03,1750,020856,NA,4,2,9,3600,0,1,1,NA,2,151,I-15 S/B,CLEGHORN ROAD,2600,S,N,A,-,Y,NA,NA,15,NA,NA,NA,NA,NA,S,N,3,0,1,1,A,-,08,22107,NA,N,F,A,A,A,H,-,A,D,0,NA,NA,Y,NA,Y,NA,C,02,0,1,0,0,0,0,0,0,1,-,-,34.27105,-117.44939,SAN BERNARDINO,UNINCORPORATED,-117.4498165,34.27107053
90507771,2017,2017-07-25,9860,2017-07-18,1609,012988,NA,2,2,6,3610,0,1,1,NA,2,104,I-10 WESTBOUND,TIPPECANOE AVE,2400,W,N,A,-,Y,NA,NA,10,NA,NA,NA,NA,NA,W,Y,4,0,3,4,A,-,03,22350,NA,F,C,C,A,A,H,-,A,D,0,NA,NA,NA,NA,Y,NA,A,07,0,0,3,0,0,0,0,0,0,-,-,34.06399,-117.2692,SAN BERNARDINO,SAN BERNARDINO,-117.26919953,34.06394239
90508824,2017,2017-07-26,9835,2017-04-29,1820,21647,NA,6,2,9,3600,0,3,5,NA,2,032,COPPER CITY ROAD,VIA DE LA ROSA,16896,N,N,A,-,N,NA,NA,NA,NA,NA,NA,NA,NA,NA,Y,1,1,1,1,A,-,08,22107,NA,N,E,I,A,A,H,-,A,D,0,NA,NA,NA,NA,Y,Y,A,07,0,0,1,0,0,0,0,0,0,-,-,35.1421,-117.0188,SAN BERNARDINO,UNINCORPORATED,-117.01832787,35.14096925
90509120,2017,2017-07-26,9860,2017-07-26,0655,015495,NA,3,1,9,3600,0,1,1,NA,2,102,I-10 W/B,CEDAR AVE,2640,W,N,A,-,Y,NA,NA,10,NA,NA,NA,NA,NA,W,N,4,0,1,2,A,-,03,22350,NA,N,C,C,A,A,H,-,A,D,0,NA,NA,NA,NA,Y,NA,A,01,0,0,1,0,0,0,0,0,0,-,-,34.06792,-117.40413,SAN BERNARDINO,UNINCORPORATED,-117.40413447,34.06800005
9051730,2019,2020-03-03,3607,2019-09-07,1751,80326,197,6,5,6,3607,0,0,0,NA,0,052,SAN ANTONIO AV,PHILLIPS ST,0,NA,Y,-,-,N,NA,NA,NA,NA,NA,NA,NA,NA,NA,N,3,0,1,2,A,-,05,21650,NA,N,H,G,A,A,H,-,A,A,0,NA,Y,NA,NA,Y,NA,L,04,0,1,0,0,0,0,1,0,0,-,-,NA,NA,SAN BERNARDINO,ONTARIO,-117.6605224609375,34.049659729003906
90548791,2017,2017-09-15,9865,2017-09-08,1125,021139,NA,5,1,9,3600,0,1,3,NA,1,034,SR-18,MARBLE CANYON ROAD,7392,S,N,A,-,Y,NA,NA,18,NA,NA,NA,NA,NA,NA,Y,3,0,1,1,A,-,03,22350,NA,N,E,I,A,A,H,-,A,D,0,NA,NA,Y,NA,Y,NA,C,02,0,1,0,0,0,0,0,0,1,-,-,34.34326,-116.84202,SAN BERNARDINO,UNINCORPORATED,-116.84198717,34.34328859
90549181,2017,2017-09-18,9855,2017-09-13,1349,018727,NA,3,1,9,3600,0,3,5,NA,2,001,VALLEY BLVD.,LOGISTICS WAY,0,NA,Y,A,-,N,NA,NA,NA,NA,NA,NA,NA,NA,NA,Y,4,0,1,2,A,-,09,21453,C,N,D,C,A,A,H,-,A,A,0,NA,NA,NA,Y,Y,NA,D,22,0,0,1,0,0,0,0,0,0,-,-,34.07089,-117.51865,SAN BERNARDINO,UNINCORPORATED,-117.51883012,34.07111001
90549360,2017,2017-09-18,9855,2017-09-14,1250,018313,NA,4,1,6,3607,0,1,1,NA,2,103,I-10 W/B (SAN BERNARDINO FWY),ARCHIBALD AVE.,1500,E,N,A,-,Y,NA,NA,10,NA,NA,NA,NA,NA,W,N,4,0,1,2,A,-,03,22350,NA,N,C,C,A,A,H,-,A,D,0,NA,NA,NA,NA,Y,NA,A,01,0,0,1,0,0,0,0,0,0,-,-,34.06726,-117.59036,SAN BERNARDINO,ONTARIO,-117.590361,34.06774016
90549381,2017,2017-09-18,9865,2017-09-09,1700,019929,NA,6,2,9,3600,0,1,3,NA,1,034,SR-18,PARADISE WAY,3168,N,N,A,-,Y,NA,NA,18,NA,NA,NA,NA,NA,NA,N,4,0,1,2,A,-,00,21760,B,F,H,G,A,A,H,-,A,D,0,NA,Y,NA,NA,Y,NA,D,22,0,0,1,0,0,0,1,0,0,-,-,34.27345,-116.8301,SAN BERNARDINO,UNINCORPORATED,-116.83010192,34.27343545
90518576,2017,2017-09-01,9855,2017-07-29,1825,020533,NA,6,2,5,3611,0,1,1,NA,2,103,I-10 E/B (SAN BERNARDINO FWY),MOUNTAIN AVE.,1775,E,N,A,-,Y,NA,NA,10,NA,NA,NA,NA,NA,E,Y,3,0,1,1,A,-,03,22350,NA,N,F,A,A,A,H,-,A,D,0,NA,NA,Y,NA,Y,NA,C,02,0,1,0,0,0,0,0,0,1,-,-,34.08713,-117.66404,SAN BERNARDINO,UPLAND,-117.66404012,34.08723317