CASE_ID,ACCIDENT_YEAR,PROC_DATE,JURIS,COLLISION_DATE,COLLISION_TIME,OFFICER_ID,REPORTING_DISTRICT,DAY_OF_WEEK,CHP_SHIFT,POPULATION,CNTY_CITY_LOC,SPECIAL_COND,BEAT_TYPE,CHP_BEAT_TYPE,CITY_DIVISION_LAPD,CHP_BEAT_CLASS,BEAT_NUMBER,PRIMARY_RD,SECONDARY_RD,DISTANCE,DIRECTION,INTERSECTION,WEATHER_1,WEATHER_2,STATE_HWY_IND,CALTRANS_COUNTY,CALTRANS_DISTRICT,STATE_ROUTE,ROUTE_SUFFIX,POSTMILE_PREFIX,POSTMILE,LOCATION_TYPE,RAMP_INTERSECTION,SIDE_OF_HWY,TOW_AWAY,COLLISION_SEVERITY,NUMBER_KILLED,NUMBER_INJURED,PARTY_COUNT,PRIMARY_COLL_FACTOR,PCF_CODE_OF_VIOL,PCF_VIOL_CATEGORY,PCF_VIOLATION,PCF_VIOL_SUBSECTION,HIT_AND_RUN,TYPE_OF_COLLISION,MVIW,PED_ACTION,ROAD_SURFACE,ROAD_COND_1,ROAD_COND_2,LIGHTING,CONTROL_DEVICE,CHP_ROAD_TYPE,PEDESTRIAN_ACCIDENT,BICYCLE_ACCIDENT,MOTORCYCLE_ACCIDENT,TRUCK_ACCIDENT,NOT_PRIVATE_PROPERTY,ALCOHOL_INVOLVED,STWD_VEHTYPE_AT_FAULT,CHP_VEHTYPE_AT_FAULT,COUNT_SEVERE_INJ,COUNT_VISIBLE_INJ,COUNT_COMPLAINT_PAIN,COUNT_PED_KILLED,COUNT_PED_INJURED,COUNT_BICYCLIST_KILLED,COUNT_BICYCLIST_INJURED,COUNT_MC_KILLED,COUNT_MC_INJURED,PRIMARY_RAMP,SECONDARY_RAMP,LATITUDE,LONGITUDE,COUNTY,CITY,POINT_X,POINT_Y
90519269,2017,2017-08-08,9834,2017-08-06,1740,019916,NA,7,2,9,3600,0,1,3,NA,1,062,SR-62,CADIZ RD,10560,E,N,A,-,Y,NA,NA,62,NA,NA,NA,NA,NA,NA,Y,3,0,1,1,A,-,08,22107,NA,N,F,A,A,A,H,-,A,D,0,NA,NA,NA,NA,Y,NA,A,07,0,1,0,0,0,0,0,0,0,-,-,34.09696,-114.90065,SAN BERNARDINO,UNINCORPORATED,-114.90063276,34.09702715
90526372,2017,2017-08-18,9855,2017-08-11,1505,020533,NA,5,2,6,3607,0,1,1,NA,2,101,I-10 W/B (SAN BERNARDINO FWY),I-15,300,W,N,A,-,Y,NA,NA,10,NA,NA,NA,NA,NA,W,N,4,0,1,2,A,-,03,22350,NA,N,C,C,A,A,H,-,A,D,0,NA,NA,NA,NA,Y,NA,D,22,0,0,1,0,0,0,0,0,0,-,-,34.06744,-117.54612,SAN BERNARDINO,ONTARIO,-117.54611983,34.06749804
90552642,2017,2017-09-20,9855,2017-09-11,1730,013591,NA,1,2,5,3611,0,1,1,NA,2,203,SR-210 E/B (FOOTHILL FWY),BENSON AVE.,1056,W,N,A,-,Y,NA,NA,210,NA,NA,NA,NA,NA,E,Y,3,0,1,2,A,-,03,22350,NA,N,C,C,A,A,H,-,A,D,0,NA,NA,Y,NA,Y,NA,C,02,0,1,0,0,0,0,0,0,1,-,-,34.12786,-117.68704,SAN BERNARDINO,UPLAND,-117.68714526,34.12800888
90513912,2017,2017-08-01,9850,2017-07-23,1002,018211,NA,7,1,9,3600,0,3,5,NA,2,006,LONE PINE CANYON RD,SHEEP CREEK DR,93,E,N,A,-,N,NA,NA,NA,NA,NA,NA,NA,NA,NA,N,3,0,1,1,A,-,03,22350,NA,N,F,A,A,A,H,-,A,D,0,NA,NA,Y,NA,Y,NA,C,02,0,1,0,0,0,0,0,0,1,-,-,34.34997,-117.61682,SAN BERNARDINO,UNINCORPORATED,-117.616836,34.34992663
90554181,2017,2017-09-22,9855,2017-09-21,1135,018313,NA,4,1,6,3607,0,1,1,NA,2,101,I-10 W/B TO MILLIKEN AVE,MILLIKEN AVE.,50,W,N,A,-,Y,NA,NA,10,NA,NA,NA,R,NA,W,Y,4,0,1,3,A,-,17,21711,NA,N,B,C,A,A,H,-,A,D,0,NA,NA,NA,Y,Y,NA,G,25,0,0,1,0,0,0,0,0,0,-,-,34.06877,-117.55881,SAN BERNARDINO,ONTARIO,-117.55881,34.06877
90537978,2017,2017-08-31,9835,2017-08-28,0925,16820,NA,1,1,9,3600,0,1,3,NA,1,019,SR-247,STODDARD MOUNTAIN ROAD,2640,N,N,A,-,Y,NA,NA,247,NA,NA,NA,NA,NA,NA,Y,3,0,1,1,A,-,08,22107,NA,N,F,A,A,A,H,-,A,D,0,NA,NA,NA,NA,Y,NA,A,01,0,1,0,0,0,0,0,0,0,-,-,34.82636,-117.02843,SAN BERNARDINO,UNINCORPORATED,-117.0284397,34.82636356
90538190,2017,2017-08-31,9865,2017-08-29,2130,014696,NA,2,2,9,3600,0,3,5,NA,2,002,KELLER PEAK ROAD (USFS ROAD 1N96),SR-18,620,S,N,A,-,N,NA,NA,NA,NA,NA,NA,NA,NA,NA,Y,3,0,1,1,A,-,03,22350,NA,N,E,I,A,A,H,-,D,D,0,NA,NA,NA,NA,Y,NA,A,01,0,1,0,0,0,0,0,0,0,-,-,34.20227,-117.08721,SAN BERNARDINO,UNINCORPORATED,-117.08715062,34.20226765
90557415,2017,2017-09-27,9835,2017-07-05,1006,21256,NA,3,1,9,3600,0,1,1,NA,2,075,I-15 N/B,HALLORAN SUMMIT RD,1742,S,N,A,-,Y,NA,NA,NA,NA,NA,NA,NA,NA,NA,Y,1,1,5,1,C,-,18,NA,NA,N,F,A,A,A,H,-,A,D,0,NA,NA,NA,NA,Y,NA,-,-,0,5,0,0,0,0,0,0,0,-,-,35.24413,-115.47492,SAN BERNARDINO,UNINCORPORATED,-115.79681727,35.40109125
90557905,2017,2017-09-28,9855,2017-09-25,1255,016983,NA,1,1,6,3607,0,1,1,NA,2,101,I-10 WB TO I-15 SB,ETIWANDA AVE.,1584,W,N,A,-,Y,NA,NA,10,NA,NA,NA,R,NA,W,Y,4,0,1,3,A,-,03,22350,NA,N,C,C,A,A,H,-,A,D,0,NA,NA,NA,NA,Y,NA,A,01,0,0,1,0,0,0,0,0,0,-,-,34.06763,-117.53839,SAN BERNARDINO,ONTARIO,-117.53839,34.06763
90516289,2017,2017-10-02,9860,2017-07-20,0643,017018,NA,4,1,9,3600,0,1,1,NA,2,152,INTERSTATE 15 NORTHBOUND,SANTA FE ROAD,1056,N,N,A,-,Y,NA,NA,15,NA,NA,NA,NA,NA,N,Y,1,1,0,1,A,-,08,22107,NA,N,F,A,A,A,H,-,A,D,0,NA,NA,Y,NA,Y,NA,C,02,0,0,0,0,0,0,0,1,0,-,-,34.34011,-117.47427,SAN BERNARDINO,UNINCORPORATED,-117.47427755,34.34015245
90518115,2017,2017-08-07,9860,2017-08-01,1445,016651,NA,2,2,9,3600,0,1,1,NA,2,151,I-15 N/B,OAKIE FLAT RD,6336,N,N,B,-,Y,NA,NA,15,NA,NA,NA,NA,NA,N,N,4,0,1,2,A,-,03,22350,NA,N,C,C,A,A,H,-,A,D,0,NA,NA,NA,NA,Y,NA,A,01,0,0,1,0,0,0,0,0,0,-,-,34.28181,-117.4521,SAN BERNARDINO,UNINCORPORATED,-117.45200221,34.28181309
90511797,2017,2017-09-12,9855,2017-05-12,2130,020690,NA,5,2,6,3616,0,1,1,NA,2,201,SR-210 W/B (FOOTHILL FWY),ARCHIBALD AVE.,1170,E,N,A,-,Y,NA,NA,210,NA,NA,NA,NA,NA,W,Y,1,1,1,1,A,-,08,22107,NA,N,E,I,A,A,H,-,C,D,0,NA,NA,NA,NA,Y,Y,A,01,1,0,0,0,0,0,0,0,0,-,-,34.1357,-117.58826,SAN BERNARDINO,RANCHO CUCAMONGA,-117.5882495,34.13555247
90560063,2017,2017-09-29,9855,2017-09-26,0518,017204,NA,2,3,6,3607,0,1,1,NA,2,101,I-10 W/B (SAN BERNARDINO FWY),MILLIKEN AVE.,1320,E,N,A,-,Y,NA,NA,10,NA,NA,NA,NA,NA,W,Y,2,0,1,2,A,-,07,21658,A,F,C,C,A,A,H,-,C,D,0,NA,NA,Y,NA,Y,NA,A,01,1,0,0,0,0,0,0,0,1,-,-,34.0675,-117.55398,SAN BERNARDINO,ONTARIO,-117.55398022,34.06754859
90521153,2017,2017-08-10,9860,2017-07-27,0947,012988,NA,4,1,9,3600,0,1,1,NA,2,152,I-15 SOUTHBOUND,SR-138,5808,N,N,A,-,Y,NA,NA,15,NA,NA,NA,NA,NA,S,Y,2,0,3,4,A,-,08,22107,NA,N,B,C,A,A,H,-,A,D,0,NA,NA,Y,NA,Y,NA,A,01,2,1,0,0,0,0,0,0,2,-,-,34.32657,-117.4824,SAN BERNARDINO,UNINCORPORATED,-117.48239859,34.32657001
90521671,2017,2017-08-11,9860,2017-08-09,2015,019484,NA,3,2,9,3600,0,3,5,NA,2,002,DUFFY ST,DARBY ST,528,N,N,A,-,N,NA,NA,NA,NA,NA,NA,NA,NA,NA,N,3,0,1,2,A,-,11,21954,A,F,G,B,D,A,H,-,A,D,0,Y,NA,NA,NA,Y,Y,N,60,0,1,0,0,1,0,0,0,0,-,-,34.14819,-117.3442,SAN BERNARDINO,UNINCORPORATED,-117.3442,34.14837656
9052723,2019,2020-07-08,3607,2019-02-19,2041,20109,123,2,5,6,3607,0,0,0,NA,0,012,HAVEN AV,RIVERSIDE DR,100,S,N,A,-,N,NA,NA,NA,NA,NA,NA,NA,NA,NA,NA,3,0,1,2,A,-,11,21956,A,N,G,B,E,A,H,-,D,D,0,Y,NA,NA,NA,Y,NA,N,60,0,1,0,0,1,0,0,0,0,-,-,NA,NA,SAN BERNARDINO,ONTARIO,-117.57582092285156,34.0187873840332
90564252,2017,2017-10-05,9855,2017-10-02,0625,012480,NA,1,1,6,3616,0,1,1,NA,2,201,SR-210 W/B (FOOTHILL FWY),HAVEN AVE.,1056,E,N,A,-,Y,NA,NA,210,NA,NA,NA,NA,NA,W,N,4,0,1,3,A,-,03,22350,NA,N,C,C,A,A,H,-,A,D,0,NA,NA,NA,NA,Y,NA,A,07,0,0,1,0,0,0,0,0,0,-,-,34.13643,-117.57084,SAN BERNARDINO,RANCHO CUCAMONGA,-117.57084486,34.13649891
90528034,2017,2017-08-22,9855,2017-08-09,0116,016215,NA,3,3,6,3607,0,1,3,NA,2,601,SR-60 W/B (POMONA FWY),ARCHIBALD AVE.,1178,E,N,A,-,Y,NA,NA,60,NA,NA,NA,NA,NA,W,Y,4,0,1,2,A,-,07,21658,A,N,B,C,A,A,H,-,C,D,0,NA,NA,NA,Y,Y,NA,A,01,0,0,1,0,0,0,0,0,0,-,-,34.0308,-117.58908,SAN BERNARDINO,ONTARIO,-117.58907997,34.03073163
90529272,2017,2017-08-23,9860,2017-08-22,0735,016651,NA,2,1,6,3610,0,1,1,NA,2,214,I-215 S/B,MILL ST,650,N,N,A,-,Y,NA,NA,215,NA,NA,NA,NA,NA,S,N,4,0,1,2,A,-,03,22350,NA,M,C,C,A,A,H,-,A,D,0,NA,NA,NA,NA,Y,NA,A,01,0,0,1,0,0,0,0,0,0,-,-,34.09407,-117.30197,SAN BERNARDINO,SAN BERNARDINO,-117.30200655,34.09406957
90530415,2017,2017-08-24,9855,2017-08-10,2340,016215,NA,4,3,6,3607,0,1,3,NA,2,601,SR-60 E/B (POMONA FWY),EUCLID AVE.,1265,E,N,A,-,Y,NA,NA,60,NA,NA,NA,NA,NA,E,Y,4,0,1,2,A,-,01,23152,A,F,B,C,A,A,H,-,C,D,0,NA,NA,NA,NA,Y,Y,A,01,0,0,1,0,0,0,0,0,0,-,-,34.03031,-117.64645,SAN BERNARDINO,ONTARIO,-117.64645021,34.03033542
90533689,2017,2017-08-25,9835,2017-08-11,0455,020109,NA,5,3,9,3600,0,3,5,NA,2,032,NATIONAL TRAILS HWY,VISTA RD,4224,E,N,A,-,N,NA,NA,NA,NA,NA,NA,NA,NA,NA,Y,4,0,1,2,A,-,09,21801,A,N,F,A,A,A,H,-,C,D,0,NA,NA,Y,NA,Y,NA,D,22,0,0,1,0,0,0,0,0,1,-,-,34.74318,-117.32259,SAN BERNARDINO,UNINCORPORATED,-117.3224602,34.74306918
90566063,2017,2017-10-09,9855,2017-10-05,0545,015919,NA,4,3,6,3607,0,1,1,NA,2,152,I-15 S/B TO I-10 E/B,ONTARIO MILLS PKWY,615,N,N,A,-,Y,NA,NA,15,NA,NA,NA,R,NA,S,Y,3,0,2,1,A,-,08,22107,NA,N,F,A,A,A,H,-,C,D,0,NA,NA,NA,NA,Y,NA,A,07,0,2,0,0,0,0,0,0,0,-,-,34.07175,-117.54555,SAN BERNARDINO,ONTARIO,-117.54555,34.07175
90534317,2017,2017-08-25,9860,2017-08-22,2030,019484,NA,2,2,4,3603,0,1,1,NA,2,214,I-215 S/B,IOWA AVE,1056,N,N,A,-,Y,NA,NA,215,NA,NA,NA,NA,NA,S,N,4,0,1,2,A,-,07,21658,A,N,B,C,A,A,H,-,D,D,0,NA,NA,NA,NA,Y,NA,A,01,0,0,1,0,0,0,0,0,0,-,-,34.0262,-117.3334,SAN BERNARDINO,COLTON,-117.33348591,34.02628277
90535477,2017,2017-08-28,9835,2017-08-14,1250,016644,NA,1,1,9,3600,0,1,1,NA,2,074,I-15 S/B,W BAKER BLVD,17371,S,N,A,-,Y,NA,NA,15,NA,NA,NA,NA,NA,S,Y,4,0,1,2,A,-,03,22350,NA,N,C,C,A,A,H,-,A,D,0,NA,NA,Y,NA,Y,NA,C,02,0,0,1,0,0,0,0,0,1,-,-,35.2154,-116.11207,SAN BERNARDINO,UNINCORPORATED,-116.1121507,35.2154473
90570908,2017,2017-10-16,9855,2017-10-05,0835,015299,NA,4,1,6,3616,0,1,1,NA,2,201,SR-210 W/B (FOOTHILL FWY),DAY CREEK BLVD.,980,W,N,A,-,Y,NA,NA,210,NA,NA,NA,NA,NA,W,Y,3,0,2,2,A,-,03,22350,NA,N,C,C,A,A,H,-,A,D,0,NA,NA,NA,NA,Y,NA,A,01,0,1,1,0,0,0,0,0,0,-,-,34.13665,-117.54032,SAN BERNARDINO,RANCHO CUCAMONGA,-117.54031871,34.13670647
90571461,2017,2017-10-16,9850,2017-10-08,1530,017237,NA,7,2,5,3612,0,1,1,NA,2,083,I-15 SOUTHBOUND,BEAR VALLEY RD,2800,N,N,A,-,Y,NA,NA,15,NA,NA,NA,NA,NA,S,N,2,0,1,3,A,-,03,22350,NA,N,B,C,A,A,H,-,A,D,0,NA,NA,Y,NA,Y,NA,C,02,1,0,0,0,0,0,0,0,1,-,-,34.47699,-117.34117,SAN BERNARDINO,VICTORVILLE,-117.3412004,34.47701385
90571836,2017,2017-10-18,9855,2017-10-10,0550,012480,NA,2,3,5,3611,0,1,1,NA,2,203,SR-210 W/B (FOOTHILL FWY),SAN ANTONIO AVE.,1056,W,N,A,-,Y,NA,NA,210,NA,NA,NA,NA,NA,W,Y,4,0,1,2,A,-,03,22350,NA,N,C,C,A,A,H,-,C,D,0,NA,NA,NA,NA,Y,NA,A,01,0,0,1,0,0,0,0,0,0,-,-,34.13472,-117.66276,SAN BERNARDINO,UPLAND,-117.66276019,34.13479954
90573971,2017,2017-10-19,9860,2017-10-10,1840,019466,NA,2,2,5,3608,0,1,1,NA,2,105,I-10 W/B,WABASH AVENUE,1584,W,N,A,-,Y,NA,NA,10,NA,NA,NA,NA,NA,W,Y,3,0,3,1,A,-,03,22350,NA,N,E,I,A,A,H,-,B,D,0,NA,NA,NA,NA,Y,NA,A,01,0,1,2,0,0,0,0,0,0,-,-,34.03517,-117.14395,SAN BERNARDINO,REDLANDS,-117.14401797,34.03492028
9057432,2020,2020-10-06,3611,2020-01-23,1150,3176,3611,4,5,5,3611,0,0,0,NA,0,001,MOUNTAIN AV,RT 210,60,S,N,A,-,Y,RIV,8,10,-,R,56.749,R,4,E,NA,4,0,2,2,A,-,03,22350,NA,N,C,C,A,A,H,-,A,A,0,NA,NA,NA,NA,Y,NA,I,11,0,0,2,0,0,0,0,0,0,-,SF,NA,NA,SAN BERNARDINO,UPLAND,-116.20423889160156,33.72782897949219
90575146,2017,2017-10-20,9860,2017-10-16,1500,013945,NA,1,2,3,3690,0,1,1,NA,2,214,I-215 S/B,BARTON RD,2112,S,N,A,-,Y,NA,NA,215,NA,NA,NA,NA,NA,S,Y,3,0,2,3,A,-,03,22350,NA,N,C,C,A,A,H,-,A,D,0,NA,NA,NA,NA,Y,NA,A,01,0,2,0,0,0,0,0,0,0,-,-,34.02978,-117.32965,SAN BERNARDINO,GRAND TERRACE,-117.32968661,34.02982129
90556167,2017,2017-09-26,9860,2017-09-25,0850,012530,NA,1,1,6,3610,0,1,1,NA,2,216,I-215 N/B,SR-210,3023,N,N,A,-,Y,NA,NA,NA,NA,NA,NA,NA,NA,NA,N,4,0,1,2,A,-,03,22350,NA,N,C,C,A,A,H,-,A,D,0,NA,NA,NA,NA,Y,NA,A,01,0,0,1,0,0,0,0,0,0,-,-,34.15232,-117.3261,SAN BERNARDINO,SAN BERNARDINO,-117.32373641,34.1520804
90539096,2017,2017-09-01,9855,2017-08-27,1153,015513,NA,7,1,6,3616,0,1,1,NA,2,201,SR-210 W/B (FOOTHILL FWY),EAST AVE.,140,W,N,A,-,Y,NA,NA,210,NA,NA,NA,NA,NA,W,Y,4,0,1,2,A,-,03,22350,NA,N,C,C,A,A,H,-,A,D,0,NA,NA,NA,NA,Y,NA,A,01,0,0,1,0,0,0,0,0,0,-,-,34.13637,-117.51378,SAN BERNARDINO,RANCHO CUCAMONGA,-117.51378015,34.13646007
90576973,2017,2017-10-24,9855,2017-10-18,0640,012923,NA,3,1,6,3607,0,1,1,NA,2,152,I-15 S/B (ONTARIO FWY),JURUPA ST.,862,N,N,A,-,Y,NA,NA,15,NA,NA,NA,NA,NA,S,Y,4,0,1,2,A,-,03,22350,NA,N,C,C,A,A,H,-,A,D,0,NA,NA,NA,NA,Y,NA,D,22,0,0,1,0,0,0,0,0,0,-,-,34.056,-117.5471,SAN BERNARDINO,ONTARIO,-117.54675447,34.05582295
90541170,2017,2017-09-05,9860,2017-08-24,1318,012988,NA,4,1,6,3610,0,1,1,NA,2,103,I-10 WESTBOUND,WATERMAN AVE,528,W,N,A,-,Y,NA,NA,10,NA,NA,NA,NA,NA,W,N,4,0,2,3,A,-,03,22350,NA,N,C,C,A,A,H,-,A,D,0,NA,NA,NA,NA,Y,NA,A,01,0,0,2,0,0,0,0,0,0,-,-,34.06419,-117.28144,SAN BERNARDINO,SAN BERNARDINO,-117.28144295,34.06423127
90543577,2017,2017-09-08,9855,2017-08-31,1451,018727,NA,4,2,6,3607,0,1,1,NA,2,152,I-15 N/B (ONTARIO FWY),FOURTH ST.,625,S,N,B,-,Y,NA,NA,15,NA,NA,NA,NA,NA,N,Y,4,0,2,4,A,-,03,22350,NA,N,C,C,A,A,H,-,A,D,0,NA,NA,NA,NA,Y,NA,D,22,0,0,2,0,0,0,0,0,0,-,-,34.07178,-117.5448,SAN BERNARDINO,ONTARIO,-117.54470978,34.07177771
90544813,2017,2017-09-11,9855,2017-09-01,1603,020659,NA,5,2,5,3602,0,1,3,NA,2,603,SR-60 E/B (POMONA FWY),RAMONA AVE.,200,E,N,A,-,Y,NA,NA,60,NA,NA,NA,NA,NA,E,Y,4,0,1,2,A,-,03,22350,NA,N,B,C,A,A,H,-,A,D,0,NA,NA,Y,NA,Y,NA,C,02,0,0,1,0,0,0,0,0,1,-,-,34.03007,-117.69805,SAN BERNARDINO,CHINO,-117.69805024,34.03009103
90587894,2017,2017-11-06,9855,2017-10-27,1355,020533,NA,5,1,6,3607,0,1,3,NA,2,601,SR-60 E/B (POMONA FWY),VINEYARD AVE.,675,W,N,A,-,Y,NA,NA,60,NA,NA,NA,NA,NA,E,Y,4,0,3,2,A,-,08,22107,NA,N,D,C,A,A,H,-,A,D,0,NA,NA,NA,NA,Y,NA,A,01,0,0,3,0,0,0,0,0,0,-,-,34.03037,-117.61334,SAN BERNARDINO,ONTARIO,-117.61334032,34.03045296
9054526,2020,2020-05-27,3600,2020-02-04,1309,C8664,AP008,2,5,5,3621,0,0,0,NA,0,AP3,BEAR VALLEY RD,ITOYA VISTA RD,0,NA,Y,A,-,N,NA,NA,NA,NA,NA,NA,NA,NA,NA,N,4,0,1,2,A,-,09,21802,A,N,D,C,A,A,H,-,A,A,0,NA,NA,NA,NA,Y,NA,A,01,0,0,1,0,0,0,0,0,0,-,-,34.471378326416016,-117.2165298461914,SAN BERNARDINO,APPLE VALLEY,-117.2164306640625,34.47140121459961
9058848,2019,2020-03-12,3611,2019-12-16,1304,2297,3611,1,5,5,3611,0,0,0,NA,0,002,7TH ST,MOUNTAIN AV,315,W,N,A,-,N,NA,NA,NA,NA,NA,NA,NA,NA,NA,N,4,0,1,2,A,-,09,21804,A,N,D,C,A,A,H,-,A,D,0,NA,NA,NA,NA,Y,NA,A,01,0,0,1,0,0,0,0,0,0,-,-,NA,NA,SAN BERNARDINO,UPLAND,-117.6711654663086,34.088768005371094
9058860,2019,2020-03-12,3600,2019-12-07,0233,G7662,RC035,6,5,6,3616,0,0,0,NA,0,RC5,6TH ST,ARCHIBALD AV,231,W,N,A,C,N,NA,NA,NA,NA,NA,NA,NA,NA,NA,Y,3,0,1,2,A,-,01,23152,A,N,B,C,A,B,H,-,C,A,0,NA,NA,NA,NA,Y,Y,A,01,0,1,0,0,0,0,0,0,0,-,-,NA,NA,SAN BERNARDINO,RANCHO CUCAMONGA,-117.5941925048828,34.08478546142578
9055981,2020,2020-05-20,3602,2020-02-24,1227,3628,148,1,5,5,3602,0,0,0,NA,0,005,QUIET WOODS ST,MEADOW VALLEY AV,335,E,N,A,-,N,NA,NA,NA,NA,NA,NA,NA,NA,NA,Y,4,0,3,2,A,-,08,22107,NA,N,B,C,A,A,H,-,A,A,0,NA,NA,NA,NA,Y,NA,A,01,0,0,3,0,0,0,0,0,0,-,-,33.58055114746094,-117.36540222167967,SAN BERNARDINO,CHINO,-117.61505889892578,33.968238830566406
9055258,2020,2020-05-29,3602,2020-02-04,1142,3495,NA,2,5,5,3602,0,0,0,NA,0,002,RIVERSIDE AV,BENSON AV,0,NA,Y,A,-,N,NA,NA,NA,NA,NA,NA,NA,NA,NA,Y,3,0,2,2,A,-,12,21453,A,N,D,C,A,A,H,-,A,A,0,NA,NA,NA,NA,Y,NA,A,01,0,2,0,0,0,0,0,0,0,-,-,NA,NA,SAN BERNARDINO,CHINO,-117.68060302734376,34.01913070678711
90592150,2017,2017-11-10,9860,2017-11-03,1910,021587,NA,5,2,5,3608,0,1,1,NA,2,104,I-10 E/B,ANDERSON ST,400,E,N,A,-,Y,NA,NA,NA,NA,NA,NA,NA,NA,NA,N,4,0,2,2,A,-,03,22350,NA,N,C,C,A,A,H,-,D,D,0,NA,NA,NA,NA,Y,NA,A,01,0,0,2,0,0,0,0,0,0,-,-,34.06461,-117.25982,SAN BERNARDINO,REDLANDS,-117.25989949,34.0646544
90555741,2017,2017-09-26,9865,2017-09-19,2030,021720,NA,2,2,9,3600,0,1,3,NA,2,020,SR-330,FORREST SERVICE ROAD 1N09,7392,N,N,A,-,Y,NA,NA,330,NA,NA,NA,NA,NA,NA,Y,2,0,2,2,A,-,03,22350,NA,N,A,C,A,A,H,-,D,A,0,NA,NA,NA,NA,Y,NA,E,22,2,0,0,0,0,0,0,0,0,-,-,34.18519,-117.14148,SAN BERNARDINO,UNINCORPORATED,-117.14148426,34.18517091
90536430,2017,2017-08-29,9855,2017-08-23,1733,017808,NA,3,2,6,3604,0,1,1,NA,2,101,I-10 W/B (SAN BERNARDINO FWY),CHERRY AVE.,528,E,N,A,-,Y,NA,NA,10,NA,NA,NA,NA,NA,W,Y,4,0,3,2,A,-,03,22350,NA,N,B,C,A,A,H,-,A,D,0,NA,NA,NA,NA,Y,NA,D,22,0,0,3,0,0,0,0,0,0,-,-,34.0665,-117.46685,SAN BERNARDINO,FONTANA,-117.46685052,34.06652312
9057610,2020,2020-07-29,3600,2020-04-09,2040,H6841,HE104,4,5,5,3619,0,0,0,NA,0,HE1,BEAR BVALEY RD,SECOND AV,0,NA,Y,B,C,N,NA,NA,NA,NA,NA,NA,NA,NA,NA,Y,3,0,2,2,A,-,09,21453,C,N,D,C,A,B,H,-,A,A,0,NA,NA,NA,Y,Y,NA,F,27,0,1,1,0,0,0,0,0,0,-,-,NA,NA,SAN BERNARDINO,HESPERIA,-117.299215,34.470877
9055885,2020,2020-06-11,3600,2020-02-21,1613,E3818,RC002,5,5,6,3616,0,0,0,NA,0,RC6,ARROW RTE,YELLOWWOOD ST,1464,W,N,A,-,N,NA,NA,NA,NA,NA,NA,NA,NA,NA,Y,3,0,3,2,A,-,09,21801,A,N,D,C,A,A,H,-,A,D,0,NA,NA,NA,Y,Y,NA,F,25,0,1,2,0,0,0,0,0,0,-,-,NA,NA,SAN BERNARDINO,RANCHO CUCAMONGA,-117.5374,34.099083
9055893,2020,2020-05-14,3600,2020-02-21,1844,F7786,1844,5,5,6,3616,0,0,0,NA,0,006,CHRUCH ST,FENNEL RD,0,NA,Y,A,-,N,NA,NA,NA,NA,NA,NA,NA,NA,NA,Y,4,0,1,2,A,-,09,21802,A,N,D,C,A,A,H,-,C,D,0,NA,NA,NA,Y,Y,NA,F,26,0,0,1,0,0,0,0,0,0,-,-,NA,NA,SAN BERNARDINO,RANCHO CUCAMONGA,-117.54383850097656,34.11391067504883
90551441,2017,2017-09-19,9860,2017-09-07,0745,016821,NA,4,1,4,3603,0,1,1,NA,2,103,I-10 E/B TO I-215 S/B,COOLEY DRIVE,500,S,N,A,-,Y,NA,NA,NA,NA,NA,NA,NA,NA,NA,N,4,0,1,3,C,-,18,NA,NA,N,E,I,A,A,H,-,A,D,0,NA,NA,NA,NA,Y,NA,-,-,0,0,1,0,0,0,0,0,0,-,-,34.058,-117.29825,SAN BERNARDINO,COLTON,-117.21262,34.11677
9055228,2020,2020-03-04,3602,2020-01-01,0656,4067,NA,3,5,5,3602,0,0,0,NA,0,004,MONTE VISTA AV,D ST,0,NA,Y,A,-,N,NA,NA,NA,NA,NA,NA,NA,NA,NA,Y,3,0,3,2,A,-,01,23152,B,F,D,C,A,A,H,-,A,A,0,NA,NA,NA,NA,Y,Y,A,01,0,3,0,0,0,0,0,0,0,-,-,NA,NA,SAN BERNARDINO,CHINO,-117.69801330566406,34.01359176635742
90560739,2017,2017-10-02,9850,2017-09-03,2325,019176,NA,7,3,5,3619,0,1,1,NA,2,081,I-15 N/B,US-395 OVERCROSSING,1055,S,N,C,-,Y,NA,NA,15,NA,NA,NA,NA,NA,N,Y,4,0,1,1,A,-,08,22107,NA,N,E,I,A,B,H,-,D,D,0,NA,NA,NA,NA,Y,NA,A,07,0,0,1,0,0,0,0,0,0,-,-,34.39714,-117.40315,SAN BERNARDINO,HESPERIA,-117.40326715,34.39722928
90604398,2017,2017-11-28,9835,2017-11-25,1435,21205,NA,6,2,9,3600,0,1,2,NA,1,014,US-395,CUDDEBACK RD,22,S,N,A,-,Y,NA,NA,395,NA,NA,NA,NA,NA,NA,Y,3,0,2,2,A,-,05,21460,C,N,B,C,A,A,H,-,A,D,0,NA,NA,NA,NA,Y,NA,D,22,0,2,0,0,0,0,0,0,0,-,-,35.25351,-117.61192,SAN BERNARDINO,UNINCORPORATED,-117.61191833,35.25351026
9056082,2020,2020-03-12,3602,2020-01-28,1112,3628,NA,2,5,5,3602,0,0,0,NA,0,004,SCHAEFER AV,OAKS AV,0,NA,Y,A,-,N,NA,NA,NA,NA,NA,NA,NA,NA,NA,Y,3,0,2,2,A,-,12,21457,A,N,D,C,A,A,H,-,A,A,0,NA,NA,NA,NA,Y,NA,A,01,0,2,0,0,0,0,0,0,0,-,-,34.001670837402344,-117.40338134765624,SAN BERNARDINO,CHINO,-117.67607879638672,34.00461196899414