CASE_ID,ACCIDENT_YEAR,PROC_DATE,JURIS,COLLISION_DATE,COLLISION_TIME,OFFICER_ID,REPORTING_DISTRICT,DAY_OF_WEEK,CHP_SHIFT,POPULATION,CNTY_CITY_LOC,SPECIAL_COND,BEAT_TYPE,CHP_BEAT_TYPE,CITY_DIVISION_LAPD,CHP_BEAT_CLASS,BEAT_NUMBER,PRIMARY_RD,SECONDARY_RD,DISTANCE,DIRECTION,INTERSECTION,WEATHER_1,WEATHER_2,STATE_HWY_IND,CALTRANS_COUNTY,CALTRANS_DISTRICT,STATE_ROUTE,ROUTE_SUFFIX,POSTMILE_PREFIX,POSTMILE,LOCATION_TYPE,RAMP_INTERSECTION,SIDE_OF_HWY,TOW_AWAY,COLLISION_SEVERITY,NUMBER_KILLED,NUMBER_INJURED,PARTY_COUNT,PRIMARY_COLL_FACTOR,PCF_CODE_OF_VIOL,PCF_VIOL_CATEGORY,PCF_VIOLATION,PCF_VIOL_SUBSECTION,HIT_AND_RUN,TYPE_OF_COLLISION,MVIW,PED_ACTION,ROAD_SURFACE,ROAD_COND_1,ROAD_COND_2,LIGHTING,CONTROL_DEVICE,CHP_ROAD_TYPE,PEDESTRIAN_ACCIDENT,BICYCLE_ACCIDENT,MOTORCYCLE_ACCIDENT,TRUCK_ACCIDENT,NOT_PRIVATE_PROPERTY,ALCOHOL_INVOLVED,STWD_VEHTYPE_AT_FAULT,CHP_VEHTYPE_AT_FAULT,COUNT_SEVERE_INJ,COUNT_VISIBLE_INJ,COUNT_COMPLAINT_PAIN,COUNT_PED_KILLED,COUNT_PED_INJURED,COUNT_BICYCLIST_KILLED,COUNT_BICYCLIST_INJURED,COUNT_MC_KILLED,COUNT_MC_INJURED,PRIMARY_RAMP,SECONDARY_RAMP,LATITUDE,LONGITUDE,COUNTY,CITY,POINT_X,POINT_Y
90710219,2018,2018-04-23,9860,2018-04-13,1215,016590,NA,5,1,4,3603,0,1,1,NA,2,214,I-215 S/B,THE SANTA FE RXR O/C,300,N,N,A,-,Y,NA,NA,215,NA,NA,NA,NA,NA,S,Y,3,0,3,5,A,-,08,22107,NA,F,B,C,A,A,D,E,A,D,0,NA,NA,NA,NA,Y,NA,-,99,0,1,2,0,0,0,0,0,0,-,-,34.02727127075195,-117.33238220214844,SAN BERNARDINO,COLTON,-117.33245086669922,34.02735137939453
90710231,2018,2018-04-23,9860,2018-04-16,0310,020856,NA,1,3,6,3610,0,1,1,NA,2,216,I-215 N/B,UNIVERSITY PARKWAY,1800,N,N,A,-,Y,NA,NA,215,NA,NA,NA,NA,NA,N,Y,4,0,1,1,A,-,01,23152,A,N,E,J,A,A,H,-,D,D,0,NA,NA,NA,NA,Y,Y,A,01,0,0,1,0,0,0,0,0,0,-,-,34.17422103881836,-117.34137725830078,SAN BERNARDINO,SAN BERNARDINO,-117.34148406982422,34.17413330078125
9071026,2020,2020-11-03,3600,2020-02-15,0230,F8945,VC070,6,5,5,3612,0,0,0,NA,0,VC4,RT 395,LUNA RD,1146,S,N,A,-,Y,SBD,8,395,-,-,9.95,H,-,N,Y,4,0,1,1,A,-,03,22350,NA,N,F,I,A,A,H,-,C,D,0,NA,NA,NA,NA,Y,NA,A,01,0,0,1,0,0,0,0,0,0,-,-,NA,NA,SAN BERNARDINO,VICTORVILLE,-117.39950561523438,34.48945999145508
90710359,2018,2018-04-23,9860,2018-04-20,2310,020766,NA,5,3,3,3690,0,1,1,NA,2,214,I-215 S/B,BARTON RD,500,S,N,A,-,Y,NA,NA,215,NA,NA,NA,NA,NA,S,N,4,0,1,2,A,-,03,22350,NA,F,C,C,A,A,D,E,C,D,0,NA,NA,NA,NA,Y,NA,A,01,0,0,1,0,0,0,0,0,0,-,-,34.03057098388672,-117.32874298095705,SAN BERNARDINO,GRAND TERRACE,-117.32878112792967,34.03062057495117
90710888,2018,2018-04-23,9850,2018-04-13,1130,017034,NA,5,1,9,3600,0,3,5,NA,2,002,RANCHERO ROAD,OUTPOST ROAD,0,NA,Y,A,-,N,NA,NA,NA,NA,NA,NA,NA,NA,NA,N,4,0,1,2,A,-,03,22350,NA,N,C,C,A,A,H,-,A,D,0,NA,NA,NA,NA,Y,NA,D,22,0,0,1,0,0,0,0,0,0,-,-,34.383140563964844,-117.39871215820313,SAN BERNARDINO,UNINCORPORATED,-117.39864349365234,34.38309860229492
90711235,2018,2018-04-23,9855,2018-04-11,1515,016889,NA,3,2,6,3604,0,1,1,NA,2,201,SR-210 E/B (FOOTHILL FWY),CHERRY AVE.,600,E,N,A,-,Y,NA,NA,210,NA,NA,NA,NA,NA,E,Y,4,0,1,2,A,-,03,22350,NA,N,C,C,A,A,H,-,A,D,0,NA,NA,NA,NA,Y,NA,A,01,0,0,1,0,0,0,0,0,0,-,-,34.136260986328125,-117.48628997802734,SAN BERNARDINO,FONTANA,-117.48628997802734,34.13627624511719
90711295,2018,2018-04-23,9835,2018-04-14,1450,21001,NA,6,2,9,3600,0,3,5,NA,2,034,YERMO ROAD,GHOST TOWN RD,700,E,N,A,-,N,NA,NA,NA,NA,NA,NA,NA,NA,NA,N,3,0,1,2,A,-,09,21801,A,N,B,C,A,A,H,-,A,D,0,NA,NA,Y,NA,Y,NA,C,02,0,1,0,0,0,0,0,0,1,-,-,34.90116882324219,-116.88421630859376,SAN BERNARDINO,UNINCORPORATED,-116.88540649414063,34.93587112426758
90712580,2018,2018-04-25,9855,2018-04-23,1505,019303,NA,1,2,6,3607,0,1,1,NA,2,103,I-10 W/B (SAN BERNARDINO FWY),FOURTH ST.,100,E,N,A,-,Y,NA,NA,10,NA,NA,NA,NA,NA,W,N,4,0,2,2,A,-,03,22350,NA,N,C,C,A,A,H,-,A,D,0,NA,NA,NA,NA,Y,NA,A,07,0,0,2,0,0,0,0,0,0,-,-,34.07720184326172,-117.6227569580078,SAN BERNARDINO,ONTARIO,-117.62265014648438,34.07738494873047
90713098,2018,2018-04-25,9855,2018-04-14,2244,020913,NA,6,3,6,3607,0,1,1,NA,2,103,I-10 E/B (SAN BERNARDINO FWY),VINEYARD AVE.,380,W,N,A,-,Y,NA,NA,10,NA,NA,NA,NA,NA,E,Y,2,0,2,2,A,-,01,23152,G,N,B,C,A,A,H,-,D,D,0,NA,NA,NA,NA,Y,Y,D,22,1,0,1,0,0,0,0,0,0,-,-,34.071189880371094,-117.61234283447266,SAN BERNARDINO,ONTARIO,-117.61234283447266,34.07118606567383
90713817,2018,2018-04-26,9855,2018-04-25,1506,017808,NA,3,2,6,3604,0,1,1,NA,2,101,I-15 NB TO SR-210 EB,SR-210 E/B (FOOTHILL FWY),3168,S,N,A,-,Y,NA,NA,NA,NA,NA,NA,NA,NA,NA,N,4,0,3,2,A,-,03,22350,NA,F,C,C,A,A,H,-,A,D,0,NA,NA,NA,NA,Y,NA,-,99,0,0,3,0,0,0,0,0,0,-,-,34.13508987426758,-117.49154663085938,SAN BERNARDINO,FONTANA,NA,NA
90715794,2018,2018-04-30,9860,2018-01-15,0256,020626,NA,1,3,4,3603,0,1,1,NA,2,214,INTERSTATE 215 SOUTHBOUND,WASHINGTON STREET,56,S,N,A,-,Y,NA,NA,215,NA,NA,NA,NA,NA,S,Y,1,1,0,2,A,-,11,21954,A,N,G,B,E,A,H,-,D,D,0,Y,NA,NA,NA,Y,Y,N,60,0,0,0,1,0,0,0,0,0,-,-,34.04747009277344,-117.30782318115234,SAN BERNARDINO,COLTON,-117.30786895751952,34.04753494262695
90715799,2018,2018-04-30,9860,2018-04-22,2105,020387,NA,7,2,4,3603,0,1,1,NA,2,103,I-10 EASTBOUND TO I-215 SOUTHBOUND,STEEL RD.,150,N,N,A,-,Y,NA,NA,10,NA,NA,NA,R,NA,E,Y,4,0,1,1,A,-,03,22350,NA,N,F,A,A,A,H,-,D,D,0,NA,NA,Y,NA,Y,NA,C,02,0,0,1,0,0,0,0,0,1,-,-,34.06175994873047,-117.2975616455078,SAN BERNARDINO,COLTON,-117.2975616455078,34.06175994873047
90668915,2018,2018-02-26,9865,2018-02-22,1030,019929,NA,4,1,9,3600,0,1,3,NA,2,011,SR-18,SR-173,147,S,N,D,-,Y,NA,NA,18,NA,NA,NA,NA,NA,NA,Y,3,0,1,3,A,-,08,22107,NA,N,C,E,E,C,H,-,A,D,0,Y,NA,NA,NA,Y,NA,A,01,0,1,0,0,1,0,0,0,0,-,-,34.233760833740234,-117.19708251953124,SAN BERNARDINO,UNINCORPORATED,-117.19700622558594,34.233665466308594
90716843,2018,2018-04-30,9855,2018-04-27,1910,019675,NA,5,2,9,3600,0,3,5,NA,2,001,BEECH AVENUE,SAN BERNARDINO AVE.,0,NA,Y,A,-,N,NA,NA,NA,NA,NA,NA,NA,NA,NA,N,4,0,1,2,A,-,21,22106,NA,N,C,C,A,A,H,-,B,D,0,NA,NA,NA,NA,Y,NA,D,22,0,0,1,0,0,0,0,0,0,-,-,34.07754898071289,-117.47126007080078,SAN BERNARDINO,UNINCORPORATED,-117.47122955322266,34.07746887207031
90717741,2018,2018-05-01,9855,2018-04-25,0745,012923,NA,3,1,6,3604,0,1,1,NA,2,201,SR-210 E/B (FOOTHILL FWY),CITRUS AVE.,245,W,N,A,-,Y,NA,NA,210,NA,NA,NA,NA,NA,E,N,4,0,1,2,A,-,03,22350,NA,N,C,C,A,A,H,-,A,D,0,NA,NA,NA,NA,Y,NA,A,08,0,0,1,0,0,0,0,0,0,-,-,34.1363410949707,-117.4580078125,SAN BERNARDINO,FONTANA,-117.4580078125,34.13629150390625
90717941,2018,2018-05-02,9860,2018-04-24,0757,016651,NA,2,1,4,3640,0,1,1,NA,2,106,I-10 W/B,LIVE OAK CANYON RD,3854,E,N,A,-,Y,NA,NA,10,NA,NA,NA,NA,NA,W,Y,3,0,1,5,A,-,03,22350,NA,N,C,C,A,A,H,-,A,D,0,NA,NA,NA,Y,Y,NA,F,25,0,1,0,0,0,0,0,0,0,-,-,34.014488220214844,-117.0834732055664,SAN BERNARDINO,YUCAIPA,-117.08344268798828,34.01463317871094
90718905,2018,2018-05-03,9835,2018-04-27,1435,021083,NA,5,2,9,3600,0,1,1,NA,2,074,I-15 N/B,ZZYZX RD,5174,S,N,A,-,Y,NA,NA,15,NA,NA,NA,NA,NA,N,Y,3,0,2,2,A,-,03,22350,NA,N,C,C,A,A,H,-,A,D,0,NA,NA,NA,NA,Y,NA,A,01,0,1,1,0,0,0,0,0,0,-,-,35.189300537109375,-116.15850067138672,SAN BERNARDINO,UNINCORPORATED,-116.1586456298828,35.18948745727539
90718947,2018,2018-05-03,9855,2018-04-30,0540,015337,NA,1,3,6,3616,0,1,1,NA,2,153,I-15 S/B (ONTARIO FWY),SR-210 E/B (FOOTHILL FWY),1056,S,N,A,-,Y,NA,NA,15,NA,NA,NA,NA,NA,S,Y,4,0,1,2,A,-,04,21703,NA,N,C,C,A,A,H,-,A,D,0,NA,NA,NA,NA,Y,NA,A,01,0,0,1,0,0,0,0,0,0,-,-,34.13309097290039,-117.49981689453124,SAN BERNARDINO,RANCHO CUCAMONGA,-117.49996185302734,34.13325881958008
90718976,2018,2018-05-03,9855,2018-04-30,1650,019303,NA,1,2,6,3607,0,1,1,NA,2,103,I-10 W/B (SAN BERNARDINO FWY),ARCHIBALD AVE.,700,W,N,A,-,Y,NA,NA,10,NA,NA,NA,NA,NA,W,N,4,0,1,2,A,-,03,22350,NA,N,C,C,A,A,H,-,A,D,0,NA,NA,NA,NA,Y,NA,A,01,0,0,1,0,0,0,0,0,0,-,-,34.06795883178711,-117.59902191162108,SAN BERNARDINO,ONTARIO,-117.59901428222656,34.068031311035156
90720125,2018,2018-05-04,9855,2018-05-01,0745,016375,NA,2,1,6,3616,0,1,1,NA,2,201,SR-210 W/B (FOOTHILL FWY),MILLIKEN AVE.,276,E,N,B,-,Y,NA,NA,210,NA,NA,NA,NA,NA,W,Y,4,0,1,2,A,-,03,22350,NA,N,C,C,A,A,H,-,A,D,0,NA,NA,NA,NA,Y,NA,A,01,0,0,1,0,0,0,0,0,0,-,-,34.136741638183594,-117.55828094482422,SAN BERNARDINO,RANCHO CUCAMONGA,-117.55828094482422,34.13666534423828
9072164,2020,2020-05-15,3602,2020-02-19,1815,3172,NA,3,5,5,3602,0,0,0,NA,0,005,OAKS AV,EDISON AV,0,NA,Y,A,-,N,NA,NA,NA,NA,NA,NA,NA,NA,NA,N,4,0,1,2,A,-,17,21451,A,N,G,G,A,A,H,-,B,A,0,NA,Y,NA,NA,Y,NA,A,07,0,0,1,0,0,0,1,0,0,-,-,NA,NA,SAN BERNARDINO,CHINO,-117.67601776123048,33.997371673583984
9072166,2020,2020-05-15,3602,2020-02-19,1149,4035,NA,3,5,5,3602,0,0,0,NA,0,001,SHOLANDER AV,WALNUT AV,25,S,N,A,-,N,NA,NA,NA,NA,NA,NA,NA,NA,NA,Y,3,0,2,3,A,-,08,22107,NA,N,D,C,A,A,H,-,A,D,0,NA,NA,NA,NA,Y,NA,A,07,0,2,0,0,0,0,0,0,0,-,-,34.013370513916016,-117.42489624023438,SAN BERNARDINO,CHINO,-117.71380615234376,34.02606201171875
9072178,2020,2020-05-15,3602,2020-02-29,0901,4009,NA,6,5,5,3602,0,0,0,NA,0,003,PIPELINE AV,GRAND AV,0,NA,Y,A,-,N,NA,NA,NA,NA,NA,NA,NA,NA,NA,N,4,0,1,2,A,-,05,21650,1,N,D,G,A,A,H,-,A,A,0,NA,Y,NA,NA,Y,NA,L,04,0,0,1,0,0,0,1,0,0,-,-,NA,NA,SAN BERNARDINO,CHINO,-117.71524810791016,33.99721908569336
90723045,2018,2018-05-09,9855,2018-05-07,0801,15763,NA,1,1,5,3602,0,1,3,NA,2,603,SR-60 E/B (POMONA FWY),CENTRAL AVENUE,557,W,N,A,-,Y,NA,NA,60,NA,NA,NA,NA,NA,E,Y,2,0,1,2,A,-,03,22350,NA,N,C,C,A,A,H,-,A,D,0,NA,NA,Y,Y,Y,NA,C,02,1,0,0,0,0,0,0,0,1,-,-,34.030189514160156,-117.6914291381836,SAN BERNARDINO,CHINO,-117.6914291381836,34.030174255371094
90723296,2018,2018-05-09,9855,2018-05-07,0650,012923,NA,1,1,6,3616,0,1,1,NA,2,153,I-15 S/B (ONTARIO FWY),BASELINE ROAD,545,N,N,A,-,Y,NA,NA,NA,NA,NA,NA,NA,NA,NA,N,4,0,1,2,A,-,03,22350,NA,N,C,C,A,A,H,-,A,D,0,NA,NA,NA,NA,Y,NA,D,22,0,0,1,0,0,0,0,0,0,-,-,34.15224838256836,-117.50982666015624,SAN BERNARDINO,RANCHO CUCAMONGA,-117.51279449462892,34.12259292602539
90723683,2018,2018-05-10,9830,2018-05-05,1415,019883,NA,6,2,9,3600,0,3,5,NA,2,006,TRONA RD,LAKE VIEW AVE,5280,N,N,A,-,N,NA,NA,NA,NA,NA,NA,NA,NA,NA,N,3,0,1,1,A,-,08,22107,NA,N,F,A,A,A,H,-,A,D,0,NA,NA,NA,NA,Y,NA,D,22,0,1,0,0,0,0,0,0,0,-,-,35.43584060668945,-117.24083709716795,SAN BERNARDINO,UNINCORPORATED,-117.40142822265624,35.72627258300781
90724110,2018,2018-05-10,9855,2018-05-04,0750,017570,NA,5,1,6,3604,0,1,1,NA,2,201,SR-210 W/B (FOOTHILL FWY),CHERRY AVE.,400,W,N,A,-,Y,NA,NA,NA,NA,NA,NA,NA,NA,NA,Y,2,0,1,3,A,-,07,21658,A,N,B,C,A,A,H,-,A,D,0,NA,NA,Y,NA,Y,NA,A,01,1,0,0,0,0,0,0,0,1,-,-,34.136478424072266,-117.65411376953124,SAN BERNARDINO,FONTANA,-117.48973846435548,34.13653564453125
90724717,2018,2018-05-11,9860,2018-05-02,2125,020282,NA,3,2,4,3603,0,1,1,NA,2,214,I-215 N/B,IOWA AVE,1584,N,N,A,-,Y,NA,NA,215,NA,NA,NA,NA,NA,N,N,4,0,1,2,A,-,03,22350,NA,N,C,C,A,A,D,-,C,A,0,NA,NA,NA,NA,Y,NA,A,01,0,0,1,0,0,0,0,0,0,-,-,34.02714920043945,-117.3320770263672,SAN BERNARDINO,COLTON,-117.3322296142578,34.02730941772461
90725212,2018,2018-05-14,9860,2018-05-11,1425,020654,NA,5,2,6,3610,0,1,1,NA,2,216,I-215 N/B,UNIVERSITY PKY,1800,S,N,B,-,Y,NA,NA,215,NA,NA,NA,NA,NA,N,Y,4,0,3,4,A,-,03,22350,NA,N,C,C,A,A,H,-,A,D,0,NA,NA,NA,NA,Y,NA,A,08,0,0,3,0,0,0,0,0,0,-,-,34.16033935546875,-117.32948303222656,SAN BERNARDINO,SAN BERNARDINO,-117.32952880859376,34.16029739379883
90725834,2018,2019-09-30,9850,2018-04-28,0015,021991,NA,6,3,9,3600,0,1,3,NA,2,060,SR-138 W/B,AVALON ROAD,593,W,N,A,-,Y,NA,NA,138,NA,NA,NA,NA,NA,W,Y,1,1,4,3,A,-,05,21650,NA,N,A,C,A,A,H,-,D,D,0,NA,NA,NA,NA,Y,NA,A,01,1,1,2,0,0,0,0,0,0,-,-,34.41699981689453,-117.60044860839844,SAN BERNARDINO,UNINCORPORATED,-117.60042572021484,34.41704559326172
90726550,2018,2018-05-15,9850,2018-05-04,1425,013554,NA,5,2,9,3600,0,2,4,NA,2,064,LONE PINE CANYON RD,SWARTHOUT CANYON RD,25344,N,N,A,-,N,NA,NA,NA,NA,NA,NA,NA,NA,NA,Y,3,0,1,1,A,-,08,22107,NA,N,F,A,A,A,H,-,A,D,0,NA,NA,NA,NA,Y,NA,A,01,0,1,0,0,0,0,0,0,0,-,-,34.333858489990234,-117.58673858642578,SAN BERNARDINO,UNINCORPORATED,-117.58573150634766,34.3333854675293
90726642,2018,2018-05-15,9860,2018-05-08,1610,015495,NA,2,2,9,3600,0,3,5,NA,2,003,NEWPORT AVE,EMERALD AVE,0,NA,Y,A,-,N,NA,NA,NA,NA,NA,NA,NA,NA,NA,Y,4,0,2,1,A,-,03,22350,NA,N,E,I,A,A,H,-,A,A,0,NA,NA,NA,NA,Y,NA,A,01,0,0,2,0,0,0,0,0,0,-,-,34.08147048950195,-117.09493255615234,SAN BERNARDINO,UNINCORPORATED,-117.0948486328125,34.0813102722168
90727949,2018,2018-05-16,9855,2018-05-15,1530,016889,NA,2,2,6,3607,0,1,1,NA,2,101,I-10 E/B (SAN BERNARDINO FWY),MILLIKEN AVE.,2500,W,N,A,-,Y,NA,NA,10,NA,NA,NA,NA,NA,E,Y,4,0,1,3,A,-,03,22350,NA,N,C,C,A,A,H,-,A,D,0,NA,NA,NA,NA,Y,NA,A,07,0,0,1,0,0,0,0,0,0,-,-,34.067298889160156,-117.56674194335938,SAN BERNARDINO,ONTARIO,-117.56674194335938,34.067405700683594
90728033,2018,2018-05-16,9860,2018-05-10,1910,020387,NA,4,2,6,3610,0,1,1,NA,2,216,I-215 SOUTHBOUND,9TH ST.,100,N,N,A,-,Y,NA,NA,215,NA,NA,NA,NA,NA,S,Y,2,0,1,1,A,-,08,22107,NA,N,E,I,A,A,H,-,B,D,0,NA,NA,NA,NA,Y,NA,A,01,1,0,0,0,0,0,0,0,0,-,-,34.11614990234375,-117.30259704589844,SAN BERNARDINO,SAN BERNARDINO,-117.30297088623048,34.11614990234375
90733575,2018,2018-05-24,9865,2018-05-12,1442,020817,NA,6,2,9,3600,0,1,3,NA,1,022,SR-330,SR-18,0,NA,Y,E,-,Y,NA,NA,330,NA,NA,NA,NA,NA,NA,Y,3,0,2,2,A,-,09,21801,A,N,D,C,A,B,H,-,A,D,0,NA,NA,NA,NA,Y,NA,D,22,0,1,1,0,0,0,0,0,0,-,-,34.20486068725586,-117.10462951660156,SAN BERNARDINO,UNINCORPORATED,-117.10462951660156,34.20487976074219
90735105,2018,2018-05-25,9860,2018-05-19,0735,014777,NA,6,1,9,3600,0,1,1,NA,2,151,I-15 N/B,GLEN HELEN PARKWAY,4505,S,N,B,-,Y,NA,NA,15,NA,NA,NA,NA,NA,N,Y,4,0,1,1,A,-,01,23152,F,N,E,I,A,A,H,-,A,D,0,NA,NA,NA,NA,Y,NA,A,01,0,0,1,0,0,0,0,0,0,-,-,34.192108154296875,-117.42334747314452,SAN BERNARDINO,UNINCORPORATED,-117.42320251464844,34.19190216064453
90735692,2018,2018-05-28,9850,2018-05-18,2050,021405,NA,5,2,9,3600,0,1,3,NA,2,060,SR-138 W/B,SR-2,22,E,N,A,-,Y,NA,NA,138,NA,NA,NA,NA,NA,W,N,4,0,1,2,A,-,03,22350,NA,F,C,C,A,A,H,-,C,A,0,NA,NA,NA,NA,Y,NA,-,99,0,0,1,0,0,0,0,0,0,-,-,34.390708923339844,-117.57613372802734,SAN BERNARDINO,UNINCORPORATED,-117.57615661621094,34.39068603515625
90737018,2018,2018-05-30,9860,2018-05-10,0055,020282,NA,4,3,4,3640,0,1,1,NA,2,106,I-10 W/B,COUNTY LINE RD,3168,W,N,A,-,Y,NA,NA,10,NA,NA,NA,NA,NA,W,N,3,0,1,1,A,-,08,22107,NA,N,E,I,A,A,H,-,C,D,0,NA,NA,NA,NA,Y,NA,A,01,0,1,0,0,0,0,0,0,0,-,-,34.01123046875,-117.07009887695313,SAN BERNARDINO,YUCAIPA,-117.07014465332033,34.01115798950195
90738357,2018,2018-05-31,9860,2018-05-21,1347,019599,NA,1,1,9,3600,0,1,1,NA,2,102,I-10 W/B,CEDAR AVE.,2640,E,N,A,-,Y,NA,NA,10,NA,NA,NA,NA,NA,W,Y,4,0,1,2,A,-,03,22350,NA,N,C,C,A,A,H,-,A,D,0,NA,NA,NA,NA,Y,NA,A,01,0,0,1,0,0,0,0,0,0,-,-,34.068321228027344,-117.38506317138672,SAN BERNARDINO,UNINCORPORATED,-117.38506317138672,34.068443298339844
90738697,2018,2018-05-31,9850,2018-05-25,1450,017730,NA,5,2,9,3600,0,2,4,NA,2,053,EL MIRAGE ROAD,SAGE ROAD,75,E,N,A,-,N,NA,NA,NA,NA,NA,NA,NA,NA,NA,Y,4,0,2,1,A,-,08,22107,NA,N,F,A,A,A,H,-,A,D,0,NA,NA,NA,NA,Y,NA,A,01,0,0,2,0,0,0,0,0,0,-,-,34.60187911987305,-117.55789947509766,SAN BERNARDINO,UNINCORPORATED,-117.55789947509766,34.6019172668457
90739942,2018,2018-06-04,9860,2018-05-20,2120,020135,NA,7,2,9,3600,0,3,5,NA,2,004,SANTA ANA AVE,CEDAR AVE.,60,W,N,A,-,N,NA,NA,NA,NA,NA,NA,NA,NA,NA,N,4,0,1,2,A,-,21,22106,NA,M,H,C,A,A,H,-,D,D,0,NA,NA,NA,NA,Y,NA,A,01,0,0,1,0,0,0,0,0,0,-,-,34.05590057373047,-117.39656829833984,SAN BERNARDINO,UNINCORPORATED,-117.3966064453125,34.055870056152344
90741200,2018,2018-06-27,9855,2018-05-30,1810,019303,NA,3,2,5,3611,0,1,1,NA,2,103,I-10 E/B (SAN BERNARDINO FWY),SAN ANTONIO AVE.,200,W,N,A,-,Y,NA,NA,10,NA,NA,NA,NA,NA,E,N,4,0,1,2,A,-,03,22350,NA,F,C,C,A,A,H,-,A,D,0,NA,NA,NA,NA,Y,NA,A,01,0,0,1,0,0,0,0,0,0,-,-,34.0872688293457,-117.6627197265625,SAN BERNARDINO,UPLAND,-117.6627197265625,34.08723449707031
9074342,2020,2020-07-15,3602,2020-03-06,1640,3978,NA,5,5,5,3602,0,0,0,NA,0,003,SCHAEFER AV,RAMONA AV,0,NA,Y,A,-,N,NA,NA,NA,NA,NA,NA,NA,NA,NA,Y,3,0,3,3,A,-,09,21801,A,N,D,C,A,A,H,-,A,A,0,NA,NA,NA,NA,Y,NA,A,01,0,2,1,0,0,0,0,0,0,-,-,34.004398345947266,-117.70659637451172,SAN BERNARDINO,CHINO,-117.7065887451172,34.00444030761719
9074343,2020,2020-07-15,3602,2020-03-27,0105,3527,NA,5,5,5,3602,0,0,0,NA,0,002,MOUNTAIN AV,WALNUT AV,0,NA,Y,A,-,N,NA,NA,NA,NA,NA,NA,NA,NA,NA,Y,3,0,1,1,A,-,08,22107,NA,N,E,I,A,A,H,-,C,A,0,NA,NA,NA,NA,Y,NA,A,01,0,1,0,0,0,0,0,0,0,-,-,34.0265998840332,-117.6675033569336,SAN BERNARDINO,CHINO,-117.66761779785156,34.02642822265625
90743494,2018,2018-06-07,9855,2018-05-23,1600,016889,NA,3,2,6,3607,0,1,1,NA,2,101,I-10 W/B (SBF) TO I-15 N/B (ONF),I-15 N/B (ONTARIO FWY),1400,E,N,A,-,Y,NA,NA,10,NA,NA,NA,R,NA,W,Y,4,0,1,3,A,-,03,22350,NA,N,C,C,A,A,H,-,A,D,0,NA,NA,NA,NA,Y,NA,A,01,0,0,1,0,0,0,0,0,0,-,-,34.06782150268555,-117.5398178100586,SAN BERNARDINO,ONTARIO,-117.5398178100586,34.06782150268555
90662171,2017,2018-02-15,9835,2017-11-18,2254,21307,NA,6,3,9,3600,0,1,1,NA,2,073,INTERSTATE 15 N/B,FIELD RD,9768,S,N,A,-,Y,NA,NA,15,NA,NA,NA,NA,NA,N,Y,1,1,1,2,A,-,03,22350,NA,N,C,C,A,A,H,-,D,D,0,NA,NA,NA,NA,Y,NA,A,01,0,1,0,0,0,0,0,0,0,-,-,35.00088,-116.55969,SAN BERNARDINO,UNINCORPORATED,-116.55957691,35.00060754
90663111,2018,2018-02-16,9860,2018-02-13,1350,013665,NA,2,1,4,3603,0,1,1,NA,2,214,I-215 S/B,UNION PACIFIC RAILROAD,1600,N,N,A,-,Y,NA,NA,215,NA,NA,NA,NA,NA,S,Y,3,0,3,2,A,-,03,22350,NA,N,C,C,A,A,D,E,A,D,0,NA,NA,NA,NA,Y,NA,A,01,0,1,2,0,0,0,0,0,0,-,-,34.02981948852539,-117.32962036132813,SAN BERNARDINO,COLTON,-117.32965087890624,34.02985382080078
90663606,2018,2018-02-19,9860,2018-02-04,1740,016646,NA,7,2,6,3610,0,1,1,NA,2,214,I-215 S/B,MILL STREET,1000,N,N,A,-,Y,NA,NA,215,NA,NA,NA,NA,NA,S,N,4,0,1,3,A,-,08,22107,NA,F,B,C,A,A,H,-,C,D,0,NA,NA,Y,NA,Y,NA,A,01,0,0,1,0,0,0,0,0,1,-,-,34.096431732177734,-117.3019790649414,SAN BERNARDINO,SAN BERNARDINO,-117.3020248413086,34.09642791748047
9067828,2020,2020-05-20,3600,2020-02-19,0901,F8172,HE101,3,5,5,3619,0,0,0,NA,0,HE1,BEAR VALLEY RD,MARIPOSA RD,0,NA,Y,A,-,N,NA,NA,NA,NA,NA,NA,NA,NA,NA,Y,4,0,1,2,A,-,12,21453,A,N,A,C,A,A,H,-,A,A,0,NA,NA,NA,NA,Y,NA,D,22,0,0,1,0,0,0,0,0,0,-,-,NA,NA,SAN BERNARDINO,HESPERIA,-117.34287261962892,34.47045135498047