CASE_ID,ACCIDENT_YEAR,PROC_DATE,JURIS,COLLISION_DATE,COLLISION_TIME,OFFICER_ID,REPORTING_DISTRICT,DAY_OF_WEEK,CHP_SHIFT,POPULATION,CNTY_CITY_LOC,SPECIAL_COND,BEAT_TYPE,CHP_BEAT_TYPE,CITY_DIVISION_LAPD,CHP_BEAT_CLASS,BEAT_NUMBER,PRIMARY_RD,SECONDARY_RD,DISTANCE,DIRECTION,INTERSECTION,WEATHER_1,WEATHER_2,STATE_HWY_IND,CALTRANS_COUNTY,CALTRANS_DISTRICT,STATE_ROUTE,ROUTE_SUFFIX,POSTMILE_PREFIX,POSTMILE,LOCATION_TYPE,RAMP_INTERSECTION,SIDE_OF_HWY,TOW_AWAY,COLLISION_SEVERITY,NUMBER_KILLED,NUMBER_INJURED,PARTY_COUNT,PRIMARY_COLL_FACTOR,PCF_CODE_OF_VIOL,PCF_VIOL_CATEGORY,PCF_VIOLATION,PCF_VIOL_SUBSECTION,HIT_AND_RUN,TYPE_OF_COLLISION,MVIW,PED_ACTION,ROAD_SURFACE,ROAD_COND_1,ROAD_COND_2,LIGHTING,CONTROL_DEVICE,CHP_ROAD_TYPE,PEDESTRIAN_ACCIDENT,BICYCLE_ACCIDENT,MOTORCYCLE_ACCIDENT,TRUCK_ACCIDENT,NOT_PRIVATE_PROPERTY,ALCOHOL_INVOLVED,STWD_VEHTYPE_AT_FAULT,CHP_VEHTYPE_AT_FAULT,COUNT_SEVERE_INJ,COUNT_VISIBLE_INJ,COUNT_COMPLAINT_PAIN,COUNT_PED_KILLED,COUNT_PED_INJURED,COUNT_BICYCLIST_KILLED,COUNT_BICYCLIST_INJURED,COUNT_MC_KILLED,COUNT_MC_INJURED,PRIMARY_RAMP,SECONDARY_RAMP,LATITUDE,LONGITUDE,COUNTY,CITY,POINT_X,POINT_Y
90896236,2018,2019-01-02,9835,2018-12-28,0209,021448,NA,5,3,9,3600,0,1,1,NA,2,073,I-15 S/B,HARVARD RD,5808,N,N,A,-,Y,NA,NA,15,NA,NA,NA,NA,NA,S,Y,3,0,1,1,A,-,01,23152,A,N,E,I,A,A,H,-,D,D,0,NA,NA,NA,NA,Y,Y,A,01,0,1,0,0,0,0,0,0,0,-,-,34.96998977661133,-116.63062286376952,SAN BERNARDINO,UNINCORPORATED,-116.63064575195313,34.97004318237305
90896348,2018,2019-01-02,9855,2018-12-21,1815,019303,NA,5,2,6,3607,0,1,1,NA,2,101,I-10 E/B (SAN BERNARDINO FWY),I-15,1000,E,N,A,-,Y,NA,NA,10,NA,NA,NA,NA,NA,E,Y,3,0,1,2,A,-,03,22350,NA,N,C,C,A,A,H,-,C,D,0,NA,NA,NA,NA,Y,NA,A,01,0,1,0,0,0,0,0,0,0,-,-,34.06727981567383,-117.53707885742188,SAN BERNARDINO,ONTARIO,-117.53707885742188,34.067283630371094
90897569,2018,2019-01-04,9835,2018-12-31,0905,020883,NA,1,1,9,3600,0,1,1,NA,2,077,I-15 N/B,BAILEY RD,6758,N,N,B,D,Y,NA,NA,15,NA,NA,NA,NA,NA,N,Y,4,0,1,1,A,-,03,22350,NA,N,H,I,A,C,H,-,A,D,0,NA,NA,NA,NA,Y,NA,A,01,0,0,1,0,0,0,0,0,0,-,-,35.469871520996094,-115.50668334960938,SAN BERNARDINO,UNINCORPORATED,-115.50669860839844,35.469974517822266
90897628,2018,2019-01-04,9855,2018-12-24,1330,020151,NA,1,1,5,3611,0,1,1,NA,2,103,I-10 E/B (SAN BERNARDINO FWY),MOUNTAIN AVE.,300,E,N,A,-,Y,NA,NA,10,NA,NA,NA,NA,NA,E,Y,4,0,2,3,A,-,03,22350,NA,N,C,C,A,A,H,-,A,D,0,NA,NA,NA,NA,Y,NA,A,01,0,0,2,0,0,0,0,0,0,-,-,34.087188720703125,-117.66764831542967,SAN BERNARDINO,UPLAND,-117.66764831542967,34.08720016479492
90898285,2018,2019-01-07,9860,2018-12-27,1145,016590,NA,4,1,4,3618,0,1,1,NA,2,203,SR-210 E/B,BASELINE ST.,30,E,N,A,-,Y,NA,NA,210,NA,NA,NA,NA,NA,E,Y,3,0,2,3,A,-,03,22350,NA,N,C,C,A,A,H,-,A,D,0,NA,NA,NA,NA,Y,NA,D,22,0,1,1,0,0,0,0,0,0,-,-,34.120750427246094,-117.20079040527344,SAN BERNARDINO,HIGHLAND,-117.20089721679688,34.120750427246094
9089927,2020,2020-10-16,3600,2020-03-05,0857,G6918,VC066,4,5,5,3612,0,0,0,NA,0,VC4,RT 395,MILE POST 7,15,N,N,A,-,Y,SBD,8,395,-,-,7,H,-,S,Y,3,0,2,1,A,-,03,22350,NA,N,F,I,A,A,H,-,A,A,0,NA,NA,NA,NA,Y,NA,A,01,0,2,0,0,0,0,0,0,0,-,-,NA,NA,SAN BERNARDINO,VICTORVILLE,-117.39958190917967,34.44677734375
90899727,2018,2019-01-08,9855,2018-12-28,2323,020690,NA,5,3,6,3607,0,1,1,NA,2,152,I-15 N/B (ONTARIO FWY),JURUPA ST.,2800,N,N,A,-,Y,NA,NA,15,NA,NA,NA,NA,NA,N,Y,4,0,1,2,A,-,07,21658,A,N,B,C,A,A,H,-,D,D,0,NA,NA,NA,Y,Y,NA,-,-,0,0,1,0,0,0,0,0,0,-,-,34.055519104003906,-117.54637908935548,SAN BERNARDINO,ONTARIO,-117.54647064208984,34.055564880371094
90900520,2019,2019-01-09,9834,2019-01-06,0957,016267,NA,7,1,9,3600,0,1,1,NA,2,042,I-40 W/B,WATER RD,5122,W,N,B,-,Y,NA,NA,40,NA,NA,NA,NA,NA,W,Y,2,0,1,1,A,-,17,21711,NA,N,E,I,A,B,H,-,A,D,0,NA,NA,NA,NA,Y,NA,E,22,1,0,0,0,0,0,0,0,0,-,-,34.840579986572266,-114.98709869384766,SAN BERNARDINO,UNINCORPORATED,-114.98712158203124,34.840667724609375
90901539,2019,2019-01-10,9860,2019-01-04,1640,021502,NA,5,2,6,3610,0,1,1,NA,2,203,SR-210 W/B,BASELINE ST,2120,E,N,A,-,Y,NA,NA,NA,NA,NA,NA,NA,NA,NA,Y,4,0,1,2,A,-,03,22350,NA,N,C,C,A,A,H,-,A,D,0,NA,NA,NA,NA,Y,NA,A,01,0,0,1,0,0,0,0,0,0,-,-,34.115299224853516,-117.20010375976563,SAN BERNARDINO,SAN BERNARDINO,NA,NA
90903547,2019,2019-01-14,9855,2019-01-05,2229,020690,NA,6,3,5,3602,0,1,3,NA,2,603,SR-60 W/B (POMONA FWY),PIPELINE AVE.,1500,E,N,B,C,Y,NA,NA,60,NA,NA,NA,NA,NA,W,Y,3,0,3,1,A,-,08,22107,NA,N,E,I,A,B,H,-,D,D,0,NA,NA,NA,NA,Y,NA,A,07,0,1,2,0,0,0,0,0,0,-,-,34.03010177612305,-117.71285247802734,SAN BERNARDINO,CHINO,-117.71281433105467,34.02994155883789
90904381,2019,2019-01-15,9835,2019-01-06,0235,021160,NA,7,3,9,3600,0,1,1,NA,2,077,INTERSTATE 15 NORTHBOUND,BAILEY RD,7234,N,N,B,C,Y,NA,NA,NA,NA,NA,NA,NA,NA,NA,Y,4,0,1,1,A,-,03,22350,NA,N,E,J,A,B,H,-,D,D,0,NA,NA,NA,NA,Y,NA,A,01,0,0,1,0,0,0,0,0,0,-,-,35.28139877319336,-115.30130004882813,SAN BERNARDINO,UNINCORPORATED,-115.52873229980467,35.468048095703125
90906028,2019,2019-01-16,9855,2019-01-12,0138,020664,NA,6,3,6,3604,0,1,1,NA,2,201,SR-210 W/B (FOOTHILL FWY),CITRUS AVE.,900,W,N,B,-,Y,NA,NA,210,NA,NA,NA,NA,NA,W,Y,3,0,1,1,A,-,08,22107,NA,N,F,A,A,A,H,-,C,D,0,NA,NA,NA,NA,Y,NA,A,01,0,1,0,0,0,0,0,0,0,-,-,34.13684844970703,-117.45691680908205,SAN BERNARDINO,FONTANA,-117.45692443847656,34.13655471801758
90906313,2019,2019-01-17,9865,2019-01-12,1650,020388,NA,6,2,9,3600,0,1,3,NA,2,011,SR-18,SR-138,0,NA,N,B,-,Y,NA,NA,18,NA,NA,NA,NA,NA,NA,Y,4,0,1,2,A,-,05,21460,A,N,A,C,A,B,H,-,B,D,0,NA,NA,NA,NA,Y,NA,A,07,0,0,1,0,0,0,0,0,0,-,-,34.228031158447266,-117.28581237792967,SAN BERNARDINO,UNINCORPORATED,-117.28582763671876,34.22798538208008
90907341,2019,2019-01-18,9850,2019-01-12,1320,022148,NA,6,1,9,3600,0,1,3,NA,2,046,SR-247,MEANDER RD,14784,N,N,B,C,Y,NA,NA,247,NA,NA,NA,NA,NA,NA,Y,3,0,1,1,A,-,03,22350,NA,N,E,I,A,B,H,-,A,D,0,NA,NA,NA,NA,Y,NA,A,01,0,1,0,0,0,0,0,0,0,-,-,34.63800048828125,-116.9446029663086,SAN BERNARDINO,UNINCORPORATED,-116.94454193115234,34.63794708251953
90907927,2019,2019-01-21,9835,2019-01-12,0041,022192,NA,6,3,9,3600,0,1,1,NA,2,073,N/B I-15,AFTON CANYON ROAD,10930,S,N,A,-,Y,NA,NA,15,NA,NA,NA,NA,NA,NA,Y,4,0,1,1,A,-,08,22107,NA,N,F,A,A,A,H,-,D,D,0,NA,NA,NA,NA,Y,NA,A,01,0,0,1,0,0,0,0,0,0,-,-,35.04682159423828,-116.44896697998048,SAN BERNARDINO,UNINCORPORATED,-116.4489517211914,35.046791076660156
90908808,2019,2019-01-22,9860,2019-01-14,1520,020051,NA,1,2,6,3610,0,1,1,NA,2,201,SR-210 E/B,STATE ST,500,W,N,B,C,Y,NA,NA,210,NA,NA,NA,NA,NA,E,Y,4,0,2,2,A,-,08,22107,NA,N,E,I,A,B,H,-,A,D,0,NA,NA,NA,NA,Y,NA,A,07,0,0,2,0,0,0,0,0,0,-,-,34.1345100402832,-117.33744049072266,SAN BERNARDINO,SAN BERNARDINO,-117.33744049072266,34.13447570800781
9090884,2020,2020-06-25,3600,2020-03-09,1941,D3983,RC030,1,5,6,3616,0,0,0,NA,0,RC5,ARCHIBALD AV,CHURCH ST,0,NA,Y,B,-,N,NA,NA,NA,NA,NA,NA,NA,NA,NA,N,4,0,2,3,A,-,03,22350,NA,N,C,C,A,B,H,-,C,A,0,NA,NA,NA,NA,Y,NA,A,01,0,0,2,0,0,0,0,0,0,-,-,NA,NA,SAN BERNARDINO,RANCHO CUCAMONGA,-117.59349060058594,34.11405944824219
90910252,2019,2019-01-23,9855,2019-01-11,1840,018313,NA,5,2,5,3630,0,1,3,NA,2,071,SR-71 S/B (CHINO FWY),CENTRAL AVE.,1500,N,N,A,-,Y,NA,NA,71,NA,NA,NA,NA,NA,S,Y,3,0,2,4,A,-,03,22350,NA,N,C,C,A,A,H,-,C,D,0,NA,NA,NA,NA,Y,NA,A,07,0,1,1,0,0,0,0,0,0,-,-,33.97475814819336,-117.6965103149414,SAN BERNARDINO,CHINO HILLS,-117.69652557373048,33.9747428894043
90911096,2019,2019-01-24,9835,2019-01-18,1815,020327,NA,5,2,9,3600,0,2,4,NA,1,018,FORT IRWIN RD,PARADISE VIEW RD,115,N,N,A,-,N,NA,NA,NA,NA,NA,NA,NA,NA,NA,Y,3,0,3,2,A,-,03,22350,NA,N,C,C,A,A,H,-,D,D,0,NA,NA,NA,NA,Y,NA,D,22,0,1,2,0,0,0,0,0,0,-,-,35.1419792175293,-116.78150177001952,SAN BERNARDINO,UNINCORPORATED,-116.78350830078124,35.140220642089844
90911297,2019,2019-01-24,9860,2019-01-16,1850,021169,NA,3,2,6,3610,0,1,1,NA,2,216,I-215 S/B,MT VERNON AVE,845,S,N,B,C,Y,NA,NA,215,NA,NA,NA,NA,NA,S,Y,4,0,1,2,A,-,08,22107,NA,N,B,C,A,B,H,-,D,D,0,NA,NA,NA,NA,Y,NA,A,01,0,0,1,0,0,0,0,0,0,-,-,34.13779067993164,-117.31524658203124,SAN BERNARDINO,SAN BERNARDINO,-117.31520080566406,34.13783645629883
90912382,2019,2019-04-15,9860,2019-01-15,2129,020595,NA,2,2,4,3603,0,1,1,NA,2,103,I-10 W/B,HUNTS LANE,120,W,N,B,C,Y,NA,NA,10,NA,NA,NA,NA,NA,W,Y,3,0,1,4,A,-,03,22350,NA,F,C,C,A,B,H,-,C,D,0,NA,NA,NA,NA,Y,NA,-,99,0,1,0,0,0,0,0,0,0,-,-,34.06372833251953,-117.28801727294922,SAN BERNARDINO,COLTON,-117.28801727294922,34.063724517822266
90915273,2019,2019-01-30,9855,2019-01-18,1923,15498,NA,5,2,6,3607,0,1,3,NA,2,601,SR-60 E/B TO I-15,MILLIKEN AVE,390,W,N,A,-,Y,NA,NA,60,NA,NA,NA,R,NA,E,Y,4,0,2,2,A,-,07,21658,A,N,C,C,A,A,H,-,C,D,0,NA,NA,NA,NA,Y,NA,A,01,0,0,2,0,0,0,0,0,0,-,-,34.02421188354492,-117.55973815917967,SAN BERNARDINO,ONTARIO,-117.55973815917967,34.02421188354492
90916340,2019,2019-01-31,9855,2019-01-22,0710,012923,NA,2,1,6,3604,0,1,1,NA,2,153,I-15 S/B TO SR-210 W/B,SR-210 E/B,325,N,N,A,-,Y,NA,NA,15,NA,NA,NA,R,NA,S,N,3,0,1,2,A,-,03,22350,NA,N,C,C,A,A,H,-,A,D,0,NA,NA,NA,NA,Y,NA,A,01,0,1,0,0,0,0,0,0,0,-,-,34.13724136352539,-117.49862670898438,SAN BERNARDINO,FONTANA,-117.49862670898438,34.13724136352539
90917727,2019,2019-02-01,9870,2019-01-23,0720,020213,NA,3,1,9,3600,0,1,3,NA,1,031,SR-62 (TWENTYNINE PALMS HIGHWAY),SUNNY HILL ROAD,0,NA,Y,A,-,Y,NA,NA,62,NA,NA,NA,NA,NA,NA,Y,2,0,2,2,A,-,09,21801,A,N,A,C,A,A,H,-,A,D,0,NA,NA,NA,NA,Y,NA,A,07,1,0,1,0,0,0,0,0,0,-,-,34.134891510009766,-116.32820129394533,SAN BERNARDINO,UNINCORPORATED,-116.32820129394533,34.13494873046875
90919113,2018,2019-02-05,9834,2018-11-27,1554,018921,NA,2,2,9,3600,0,1,1,NA,2,040,INTERSTATE 40,KELBAKER ROAD,52272,E,N,A,-,Y,NA,NA,40,NA,NA,NA,NA,NA,NA,Y,1,1,1,1,A,-,08,22107,NA,N,F,A,A,A,H,-,A,D,0,NA,NA,NA,NA,Y,NA,A,01,0,1,0,0,0,0,0,0,0,-,-,34.750648498535156,-115.51265716552734,SAN BERNARDINO,UNINCORPORATED,-115.51265716552734,34.750640869140625
90919451,2019,2019-02-05,9860,2019-02-03,1415,021030,NA,7,2,5,3608,0,1,1,NA,2,203,STATE ROUTE 210 EASTBOUND,SAN BERNARDINO AVE,250,W,N,B,-,Y,NA,NA,210,NA,NA,NA,NA,NA,E,Y,4,0,1,2,A,-,08,22107,NA,F,D,C,A,B,H,-,A,D,0,NA,NA,NA,NA,Y,NA,D,22,0,0,1,0,0,0,0,0,0,-,-,34.07780838012695,-117.20082855224608,SAN BERNARDINO,REDLANDS,-117.20085144042967,34.07781219482422
90920722,2019,2019-02-06,9855,2019-01-16,2125,018000,NA,3,2,6,3607,0,1,3,NA,2,601,SR-60 W/B (POMONA FWY),ARCHIBALD AVE.,2705,E,N,B,C,Y,NA,NA,60,NA,NA,NA,NA,NA,W,Y,2,0,5,3,A,-,03,22350,NA,N,E,I,A,B,H,-,C,D,0,NA,NA,NA,Y,Y,NA,A,01,1,3,1,0,0,0,0,0,0,-,-,34.030601501464844,-117.5830078125,SAN BERNARDINO,ONTARIO,-117.5830078125,34.03060531616211
90921862,2019,2019-02-08,9835,2019-01-30,1705,021765,NA,3,2,9,3600,0,1,3,NA,1,013,SR-58 E/B,US-395,157,W,N,A,-,Y,NA,NA,58,NA,NA,NA,NA,NA,E,Y,4,0,1,2,A,-,09,21804,A,N,D,C,A,A,H,-,B,D,0,NA,NA,NA,NA,Y,NA,A,08,0,0,1,0,0,0,0,0,0,-,-,34.99248123168945,-117.5422592163086,SAN BERNARDINO,UNINCORPORATED,-117.54226684570313,34.99239730834961
90922703,2019,2019-02-11,9860,2019-02-09,1015,019269,NA,6,1,9,3600,0,1,1,NA,2,152,I-15 S/B,SR-138,5280,N,N,B,-,Y,NA,NA,15,NA,NA,NA,NA,NA,S,N,4,0,1,3,A,-,03,22350,NA,N,C,C,A,A,H,-,A,D,0,NA,NA,NA,Y,Y,NA,F,26,0,0,1,0,0,0,0,0,0,-,-,34.32426834106445,-117.48236083984376,SAN BERNARDINO,UNINCORPORATED,-117.48235321044922,34.32427215576172
90924103,2019,2019-02-12,9860,2019-02-07,1730,016651,NA,4,2,9,3600,0,2,4,NA,1,131,LYTLE CREEK RD,SYCAMORE DR,12672,W,N,A,-,Y,NA,NA,NA,NA,NA,NA,NA,NA,NA,Y,3,0,1,1,A,-,08,22107,NA,N,E,I,A,A,H,-,B,D,0,NA,NA,Y,NA,Y,NA,C,02,0,1,0,0,0,0,0,0,1,-,-,34.2817497253418,-117.53752899169922,SAN BERNARDINO,UNINCORPORATED,-117.53488159179688,34.28048324584961
90924132,2019,2019-02-12,9835,2019-02-04,1500,020743,NA,1,2,9,3600,0,1,1,NA,2,074,I-15 S/B,ZZYZX RD,13306,N,N,B,C,Y,NA,NA,15,NA,NA,NA,NA,NA,S,Y,2,0,9,7,A,-,03,22350,NA,N,C,C,A,B,H,-,A,D,0,NA,NA,NA,Y,Y,NA,F,26,1,2,6,0,0,0,0,0,0,-,-,35.217960357666016,-116.11061096191406,SAN BERNARDINO,UNINCORPORATED,-116.11065673828124,35.21799087524414
9092437,2020,2020-07-28,3603,2020-04-10,1801,4546,CPD,5,5,4,3603,0,0,0,NA,0,001,PEPPER AV,RANDALL AV,500,S,N,C,-,N,NA,NA,NA,NA,NA,NA,NA,NA,NA,Y,4,0,1,2,A,-,05,21650,NA,N,D,C,A,B,H,-,A,A,0,NA,NA,NA,NA,Y,NA,A,01,0,0,1,0,0,0,0,0,0,-,-,NA,NA,SAN BERNARDINO,COLTON,-117.35292816162108,34.0836296081543
90925196,2019,2019-02-13,9860,2019-02-03,1151,019251,NA,7,1,5,3609,0,1,1,NA,2,102,I-10 W/B,RIVERSIDE AVE,288,W,N,C,-,Y,NA,NA,10,NA,NA,NA,NA,NA,W,Y,2,0,3,4,A,-,08,22107,NA,N,C,E,E,B,H,-,A,D,0,Y,NA,NA,Y,Y,NA,A,01,1,0,2,0,2,0,0,0,0,-,-,34.0689697265625,-117.3711395263672,SAN BERNARDINO,RIALTO,-117.3711395263672,34.06891632080078
90926851,2019,2019-02-14,9860,2019-02-06,1445,021149,NA,3,2,9,3600,0,3,5,NA,2,002,TIPPECANOE AVE,6TH ST,0,NA,Y,A,-,N,NA,NA,NA,NA,NA,NA,NA,NA,NA,Y,4,0,2,2,A,-,09,21801,A,N,A,C,A,A,H,-,A,A,0,NA,NA,NA,NA,Y,NA,A,01,0,0,2,0,0,0,0,0,0,-,-,34.11016845703125,-117.26109313964844,SAN BERNARDINO,UNINCORPORATED,-117.26101684570313,34.110191345214844
90926996,2019,2019-02-14,9865,2019-02-09,0140,021064,NA,6,3,9,3600,0,1,3,NA,1,030,SR-18,ICE BOX LN,1056,S,N,A,-,Y,NA,NA,18,NA,NA,NA,NA,NA,NA,Y,3,0,1,1,A,-,01,23152,A,N,E,I,A,A,H,-,D,D,0,NA,NA,NA,NA,Y,Y,D,22,0,1,0,0,0,0,0,0,0,-,-,34.241519927978516,-116.97360229492188,SAN BERNARDINO,UNINCORPORATED,-116.9735870361328,34.24156951904297
90927772,2019,2019-02-18,9855,2019-02-07,1750,019303,NA,4,2,4,3605,0,1,1,NA,2,103,I-10 W/B (SAN BERNARDINO FWY),MONTE VISTA AVE.,100,E,N,A,-,Y,NA,NA,10,NA,NA,NA,NA,NA,W,Y,4,0,1,2,A,-,03,22350,NA,N,C,C,A,A,H,-,C,D,0,NA,NA,NA,Y,Y,NA,A,01,0,0,1,0,0,0,0,0,0,-,-,34.08235168457031,-117.69782257080078,SAN BERNARDINO,MONTCLAIR,-117.69782257080078,34.082366943359375
90928717,2019,2019-02-19,9860,2019-02-12,2044,021375,NA,2,2,5,3608,0,1,1,NA,2,105,I-10 W/B,FORD ST,700,W,N,A,-,Y,NA,NA,10,NA,NA,NA,NA,NA,W,Y,4,0,3,4,A,-,03,22350,NA,N,C,C,A,A,D,-,C,D,0,NA,NA,NA,NA,Y,NA,A,01,0,0,3,0,0,0,0,0,0,-,-,34.046199798583984,-117.15731048583984,SAN BERNARDINO,REDLANDS,-117.15732574462892,34.04619216918945
90928801,2019,2019-02-19,9855,2019-02-09,1450,018313,NA,6,2,6,3616,0,1,1,NA,2,153,I-15 S/B (ONTARIO FWY),BASELINE RD.,100,N,N,A,-,Y,NA,NA,15,NA,NA,NA,NA,NA,S,Y,4,0,1,2,A,-,07,21658,A,N,B,C,A,A,H,-,A,D,0,NA,NA,NA,NA,Y,NA,A,01,0,0,1,0,0,0,0,0,0,-,-,34.12255859375,-117.51303100585938,SAN BERNARDINO,RANCHO CUCAMONGA,-117.5129623413086,34.12247848510742
90929392,2019,2019-02-19,9855,2019-02-09,0410,020046,NA,6,3,4,3605,0,1,1,NA,2,103,I-10 E/B (SAN BERNARDINO FWY),MILLS AVE.,500,E,N,A,-,Y,NA,NA,10,NA,NA,NA,NA,NA,E,Y,4,0,2,2,A,-,07,21658,A,N,B,C,A,A,H,-,C,D,0,NA,NA,NA,NA,Y,NA,A,01,0,0,2,0,0,0,0,0,0,-,-,34.081748962402344,-117.70809173583984,SAN BERNARDINO,MONTCLAIR,-117.70809173583984,34.081790924072266
90937900,2019,2019-03-01,9860,2019-02-19,1137,017018,NA,2,1,4,3603,0,1,1,NA,2,214,I-215 NORTHBOUND,IOWA AVE,1584,S,N,A,-,Y,NA,NA,215,NA,NA,NA,NA,NA,N,Y,4,0,1,2,A,-,03,22350,NA,N,C,C,A,A,H,-,A,D,0,NA,NA,NA,NA,Y,NA,D,22,0,0,1,0,0,0,0,0,0,-,-,34.02048873901367,-117.33850860595705,SAN BERNARDINO,COLTON,-117.33851623535156,34.0204963684082
90940237,2019,2019-03-05,9855,2019-02-25,1632,016051,NA,1,2,5,3602,0,1,3,NA,2,603,SR-60 E/B (POMONA FWY),RAMONA AVE.,1809,W,N,A,-,Y,NA,NA,60,NA,NA,NA,NA,NA,E,Y,4,0,1,2,A,-,03,22350,NA,N,C,C,A,A,H,-,A,D,0,NA,NA,NA,NA,Y,NA,A,01,0,0,1,0,0,0,0,0,0,-,-,34.0296516418457,-117.71295166015624,SAN BERNARDINO,CHINO,-117.71296691894533,34.02973556518555
90940470,2019,2019-03-06,9860,2019-02-25,0555,014777,NA,1,3,9,3600,0,1,1,NA,2,152,I-15 S/B,SR-138,6184,N,N,A,-,Y,NA,NA,15,NA,NA,NA,NA,NA,S,Y,4,0,2,2,A,-,03,22350,NA,N,C,C,A,A,H,-,D,D,0,NA,NA,NA,NA,Y,NA,A,01,0,0,2,0,0,0,0,0,0,-,-,34.327701568603516,-117.48233032226563,SAN BERNARDINO,UNINCORPORATED,-117.48240661621094,34.32769775390625
90940865,2019,2019-03-06,9850,2019-03-02,2041,021758,NA,6,2,9,3600,0,1,3,NA,2,062,STATE ROUTE 2,DESERT FRONT RD,0,NA,Y,A,-,Y,NA,NA,2,NA,NA,NA,NA,NA,NA,Y,4,0,1,1,A,-,01,23152,A,N,F,A,A,A,H,-,D,D,0,NA,NA,NA,NA,Y,Y,D,22,0,0,1,0,0,0,0,0,0,-,-,34.37717056274414,-117.6072006225586,SAN BERNARDINO,UNINCORPORATED,-117.60704803466795,34.37704086303711
90941747,2019,2019-03-07,9835,2019-02-22,2341,022209,NA,5,3,9,3600,0,1,1,NA,2,070,I-15 N/B,OUTLET CENTER DR,4488,S,N,A,-,Y,NA,NA,15,NA,NA,NA,NA,NA,N,Y,2,0,1,2,A,-,03,22350,NA,M,C,C,A,A,H,-,D,D,0,NA,NA,NA,NA,Y,NA,D,22,1,0,0,0,0,0,0,0,0,-,-,34.80699920654297,-117.09970092773438,SAN BERNARDINO,UNINCORPORATED,-117.09976959228516,34.80706787109375
90942555,2018,2019-03-08,9855,2018-12-03,1458,018212,NA,1,2,6,3607,0,1,1,NA,2,103,I-10 E/B (SAN BERNARDINO FWY),VINEYARD AVE.,1056,E,N,A,-,Y,NA,NA,10,NA,NA,NA,NA,NA,E,Y,2,0,1,4,A,-,03,22350,NA,F,B,C,A,A,H,-,A,D,0,NA,NA,Y,NA,Y,NA,C,02,1,0,0,0,0,0,0,0,1,-,-,34.068851470947266,-117.60684204101563,SAN BERNARDINO,ONTARIO,-117.60684967041016,34.068824768066406
90942832,2019,2019-03-11,9860,2019-03-02,1310,018275,NA,6,1,9,3600,0,1,1,NA,2,102,I-10 E/B,CEDAR VE,1056,W,N,C,-,Y,NA,NA,10,NA,NA,NA,NA,NA,E,Y,4,0,1,2,A,-,03,22350,NA,N,C,C,A,B,H,-,A,D,0,NA,NA,NA,NA,Y,NA,A,01,0,0,1,0,0,0,0,0,0,-,-,34.06772994995117,-117.40438842773438,SAN BERNARDINO,UNINCORPORATED,-117.40438842773438,34.0677490234375
90944704,2019,2019-03-12,9860,2019-03-01,1600,020654,NA,5,2,5,3608,0,1,1,NA,2,105,I-10 E/B,FORD ST,528,E,N,A,-,Y,NA,NA,10,NA,NA,NA,NA,NA,E,N,4,0,1,2,A,-,03,22350,NA,N,C,C,A,A,D,-,A,D,0,NA,NA,NA,NA,Y,NA,A,07,0,0,1,0,0,0,0,0,0,-,-,34.03995895385742,-117.15454864501952,SAN BERNARDINO,REDLANDS,-117.15452575683594,34.03997802734375
90944790,2019,2019-03-12,9860,2019-03-02,1315,014777,NA,6,1,5,3608,0,1,1,NA,2,203,SR-210 E/B,SAN BERNARDINO AVENUE,317,W,N,B,-,Y,NA,NA,210,NA,NA,NA,NA,NA,E,Y,4,0,1,2,A,-,08,22107,NA,N,D,C,A,B,H,-,A,D,0,NA,NA,NA,NA,Y,NA,D,22,0,0,1,0,0,0,0,0,0,-,-,34.07836151123047,-117.20084381103516,SAN BERNARDINO,REDLANDS,-117.20084381103516,34.07836151123047
90947502,2019,2019-03-18,9860,2019-03-05,1440,019706,NA,2,2,6,3610,0,1,1,NA,2,104,I-10 EB FROM TIPPECANOE AVE.,TIPPECANOE AVE,1000,E,N,B,-,Y,NA,NA,10,NA,NA,NA,R,NA,E,Y,4,0,2,2,A,-,03,22350,NA,N,C,C,A,A,H,-,A,A,0,NA,NA,NA,NA,Y,NA,D,22,0,0,2,0,0,0,0,0,0,-,-,34.06486129760742,-117.25795745849608,SAN BERNARDINO,SAN BERNARDINO,-117.25795745849608,34.06486129760742