CASE_ID,ACCIDENT_YEAR,PROC_DATE,JURIS,COLLISION_DATE,COLLISION_TIME,OFFICER_ID,REPORTING_DISTRICT,DAY_OF_WEEK,CHP_SHIFT,POPULATION,CNTY_CITY_LOC,SPECIAL_COND,BEAT_TYPE,CHP_BEAT_TYPE,CITY_DIVISION_LAPD,CHP_BEAT_CLASS,BEAT_NUMBER,PRIMARY_RD,SECONDARY_RD,DISTANCE,DIRECTION,INTERSECTION,WEATHER_1,WEATHER_2,STATE_HWY_IND,CALTRANS_COUNTY,CALTRANS_DISTRICT,STATE_ROUTE,ROUTE_SUFFIX,POSTMILE_PREFIX,POSTMILE,LOCATION_TYPE,RAMP_INTERSECTION,SIDE_OF_HWY,TOW_AWAY,COLLISION_SEVERITY,NUMBER_KILLED,NUMBER_INJURED,PARTY_COUNT,PRIMARY_COLL_FACTOR,PCF_CODE_OF_VIOL,PCF_VIOL_CATEGORY,PCF_VIOLATION,PCF_VIOL_SUBSECTION,HIT_AND_RUN,TYPE_OF_COLLISION,MVIW,PED_ACTION,ROAD_SURFACE,ROAD_COND_1,ROAD_COND_2,LIGHTING,CONTROL_DEVICE,CHP_ROAD_TYPE,PEDESTRIAN_ACCIDENT,BICYCLE_ACCIDENT,MOTORCYCLE_ACCIDENT,TRUCK_ACCIDENT,NOT_PRIVATE_PROPERTY,ALCOHOL_INVOLVED,STWD_VEHTYPE_AT_FAULT,CHP_VEHTYPE_AT_FAULT,COUNT_SEVERE_INJ,COUNT_VISIBLE_INJ,COUNT_COMPLAINT_PAIN,COUNT_PED_KILLED,COUNT_PED_INJURED,COUNT_BICYCLIST_KILLED,COUNT_BICYCLIST_INJURED,COUNT_MC_KILLED,COUNT_MC_INJURED,PRIMARY_RAMP,SECONDARY_RAMP,LATITUDE,LONGITUDE,COUNTY,CITY,POINT_X,POINT_Y
91026940,2019,2019-07-09,9860,2019-06-27,1435,019725,NA,4,2,9,3600,0,3,5,NA,2,002,KENDALL DR,CAJON BLVD,14,S,N,A,-,N,NA,NA,NA,NA,NA,NA,NA,NA,NA,Y,3,0,1,2,C,-,18,NA,NA,N,A,C,A,A,H,-,A,D,0,NA,NA,NA,NA,Y,NA,-,-,0,1,0,0,0,0,0,0,0,-,-,34.20692825317383,-117.38494873046876,SAN BERNARDINO,UNINCORPORATED,-117.38584899902344,34.20762252807617
91028832,2019,2019-07-11,9855,2019-07-06,1930,019303,NA,6,2,6,3604,0,1,1,NA,2,101,I-10 E/B (SAN BERNARDINO FWY),CYPRESS AVE.,1000,W,N,A,-,Y,NA,NA,10,NA,NA,NA,NA,NA,E,Y,3,0,5,3,A,-,03,22350,NA,N,B,C,A,A,H,-,A,D,0,NA,NA,NA,NA,Y,NA,A,01,0,1,4,0,0,0,0,0,0,-,-,34.06679153442383,-117.44516754150392,SAN BERNARDINO,FONTANA,-117.44516754150392,34.066776275634766
91030230,2019,2019-07-15,9860,2019-07-06,0857,019269,NA,6,1,9,3600,0,1,1,NA,2,151,I-15 S/B,CAJON BLVD,1584,N,N,A,-,Y,NA,NA,15,NA,NA,NA,NA,NA,S,Y,3,0,3,2,A,-,07,21658,A,N,B,C,A,A,H,-,A,D,0,NA,NA,NA,NA,Y,NA,D,22,0,2,1,0,0,0,0,0,0,-,-,34.225730895996094,-117.41152954101563,SAN BERNARDINO,UNINCORPORATED,-117.41128540039063,34.22605895996094
91030312,2019,2019-07-15,9860,2019-07-13,0950,019321,NA,6,1,5,3609,0,1,1,NA,2,102,I-10 W/B,RIVERSIDE AVE.,2112,E,N,A,-,Y,NA,NA,10,NA,NA,NA,NA,NA,W,N,3,0,1,2,A,-,11,21954,A,N,G,B,D,A,H,-,A,D,0,Y,NA,NA,NA,Y,NA,N,60,0,1,0,0,1,0,0,0,0,-,-,34.068870544433594,-117.36461639404295,SAN BERNARDINO,RIALTO,-117.3646240234375,34.06892013549805
91031321,2019,2019-07-16,9855,2019-07-08,2220,020006,NA,1,3,6,3607,0,1,1,NA,2,103,I-10 E/B TO FOURTH STREET,FOURTH ST.,850,W,N,A,-,Y,NA,NA,10,NA,NA,NA,R,NA,E,Y,4,0,2,2,A,-,03,22350,NA,N,C,C,A,A,H,-,C,A,0,NA,NA,NA,NA,Y,NA,A,01,0,0,2,0,0,0,0,0,0,-,-,34.07925033569336,-117.6266632080078,SAN BERNARDINO,ONTARIO,-117.6266632080078,34.07925033569336
91031544,2019,2019-07-16,9855,2019-07-12,1550,017903,NA,5,2,6,3607,0,1,1,NA,2,152,I-15 N/B (ONTARIO FWY),FOURTH ST.,528,S,N,A,-,Y,NA,NA,15,NA,NA,NA,NA,NA,N,Y,4,0,1,2,A,-,07,21658,A,N,B,C,A,A,H,-,A,D,0,NA,NA,NA,Y,Y,NA,F,25,0,0,1,0,0,0,0,0,0,-,-,34.075801849365234,-117.54460144042967,SAN BERNARDINO,ONTARIO,-117.5446319580078,34.075801849365234
91031963,2019,2019-07-16,9865,2019-07-04,1615,016179,NA,4,2,9,3600,0,3,5,NA,2,003,MORENO LN.,MAGNOLIA LN,0,NA,Y,A,-,N,NA,NA,NA,NA,NA,NA,NA,NA,NA,N,3,0,1,2,A,-,03,22350,NA,N,F,G,A,A,H,-,A,D,0,NA,Y,NA,NA,Y,NA,L,04,0,1,0,0,0,0,1,0,0,-,-,34.24369812011719,-116.82672882080078,SAN BERNARDINO,UNINCORPORATED,-116.82675933837892,34.24372100830078
91033573,2019,2019-07-18,9855,2019-07-12,0835,017808,NA,5,1,4,3605,0,1,1,NA,2,103,I-10 EB TO MONTE VISTA AVE.,MONTE VISTA AVE.,130,W,N,A,-,Y,NA,NA,10,NA,NA,NA,R,NA,E,Y,3,0,3,5,A,-,06,21755,NA,N,B,C,A,A,H,-,A,A,0,NA,NA,NA,NA,Y,NA,A,01,0,1,2,0,0,0,0,0,0,-,-,34.08134841918945,-117.69882965087892,SAN BERNARDINO,MONTCLAIR,-117.69882965087892,34.08134841918945
9103412,2020,2020-11-12,3605,2020-05-07,0909,428,NA,4,5,4,3605,0,0,0,NA,0,NA,CENTRAL AV,ARROW HWY,0,NA,Y,A,-,N,NA,NA,NA,NA,NA,NA,NA,NA,NA,Y,3,0,1,2,A,-,12,21453,A,N,D,C,A,A,H,-,A,A,0,NA,NA,NA,Y,Y,NA,A,01,0,1,0,0,0,0,0,0,0,-,-,NA,NA,SAN BERNARDINO,MONTCLAIR,-117.68971252441406,34.09233093261719
91034672,2019,2019-07-22,9860,2019-07-16,0919,019251,NA,2,1,3,3690,0,1,1,NA,2,214,I-215 S/B,NEWPORT AVE,270,N,N,A,-,Y,NA,NA,215,NA,NA,NA,NA,NA,S,Y,4,0,1,2,A,-,03,22350,NA,N,C,C,A,A,H,-,A,D,0,NA,NA,NA,NA,Y,NA,A,01,0,0,1,0,0,0,0,0,0,-,-,34.03940963745117,-117.31874847412108,SAN BERNARDINO,GRAND TERRACE,-117.3188018798828,34.039466857910156
91037531,2019,2019-07-25,9855,2019-07-18,1910,017597,NA,4,2,5,3602,0,1,3,NA,2,603,SR-60 E/B (POMONA FWY),BENSON AVE.,300,E,N,A,-,Y,NA,NA,60,NA,NA,NA,NA,NA,E,N,4,0,1,2,C,-,18,NA,NA,N,C,C,A,A,H,-,A,D,0,NA,NA,NA,NA,Y,NA,-,-,0,0,1,0,0,0,0,0,0,-,-,34.030208587646484,-117.67891693115234,SAN BERNARDINO,CHINO,-117.67891693115234,34.030242919921875
91038063,2019,2019-07-25,9855,2019-07-21,1325,016375,NA,7,1,6,3604,0,1,1,NA,2,201,SR-210 W/B (FOOTHILL FWY),CITRUS AVE.,324,W,N,A,-,Y,NA,NA,210,NA,NA,NA,NA,NA,W,Y,3,0,1,1,A,-,08,22107,NA,N,E,I,A,A,H,-,A,D,0,NA,NA,NA,NA,Y,NA,A,01,0,1,0,0,0,0,0,0,0,-,-,34.13656997680664,-117.4550323486328,SAN BERNARDINO,FONTANA,-117.4550323486328,34.13652420043945
91039374,2019,2019-07-26,9855,2019-07-22,1310,016268,NA,1,1,6,3604,0,1,1,NA,2,101,I-10 E/B (SAN BERNARDINO FWY),CHERRY AVE.,300,E,N,A,-,Y,NA,NA,10,NA,NA,NA,NA,NA,E,Y,4,0,1,2,A,-,03,22350,NA,N,C,C,A,A,H,-,A,D,0,NA,NA,NA,NA,Y,NA,A,01,0,0,1,0,0,0,0,0,0,-,-,34.06589889526367,-117.48087310791016,SAN BERNARDINO,FONTANA,-117.48087310791016,34.06597137451172
91039513,2019,2019-07-26,9860,2019-07-19,0340,020518,NA,5,3,9,3600,0,3,5,NA,2,004,LINDEN AVE (9900 BLOCK),MARYGOLD AVE,70,S,N,A,-,N,NA,NA,NA,NA,NA,NA,NA,NA,NA,Y,4,0,2,3,C,-,18,NA,NA,N,D,C,A,A,C,-,D,D,0,NA,NA,NA,NA,Y,NA,-,-,0,0,2,0,0,0,0,0,0,-,-,34.07381057739258,-117.40086364746094,SAN BERNARDINO,UNINCORPORATED,-117.40080261230467,34.07386779785156
91041302,2019,2019-07-30,9860,2019-07-20,2100,021371,NA,6,2,9,3600,0,3,5,NA,2,001,WAGON TRAIN RD,SR-138,10,S,N,A,-,Y,NA,NA,NA,NA,NA,NA,NA,NA,NA,Y,3,0,1,2,A,-,01,23152,A,M,B,C,A,A,H,-,C,D,0,NA,NA,NA,NA,Y,Y,A,01,0,1,0,0,0,0,0,0,0,-,-,34.311771392822266,-117.47296142578124,SAN BERNARDINO,UNINCORPORATED,-117.47297668457033,34.31192398071289
91041477,2019,2019-07-30,9835,2019-06-26,0719,019992,NA,3,1,9,3600,0,1,1,NA,2,074,I-15 N/B,WEST BAKER BLVD,14784,S,N,A,-,Y,NA,NA,15,NA,NA,NA,NA,NA,N,Y,1,2,4,1,A,-,08,22107,NA,N,F,A,A,A,H,-,A,D,0,NA,NA,NA,NA,Y,NA,A,07,2,2,0,0,0,0,0,0,0,-,-,35.22222900390625,-116.10780334472656,SAN BERNARDINO,UNINCORPORATED,-116.10771942138672,35.2221794128418
91041554,2019,2019-07-30,9850,2019-07-15,1320,021343,NA,1,1,9,3600,0,3,5,NA,2,004,CANYON VIEW ROAD,LOVELACE CANYON RD,0,NA,Y,A,-,N,NA,NA,NA,NA,NA,NA,NA,NA,NA,Y,4,0,1,2,B,-,22,NA,NA,F,B,C,A,A,H,-,A,D,0,NA,NA,NA,NA,Y,NA,D,22,0,0,1,0,0,0,0,0,0,-,-,34.42898941040039,-117.068359375,SAN BERNARDINO,UNINCORPORATED,-117.07408142089844,34.40412139892578
91043413,2019,2019-08-01,9860,2019-07-24,1405,019429,NA,3,2,6,3610,0,1,1,NA,2,202,SR-210 E/B,DEL ROSA AVE,500,E,N,A,-,Y,NA,NA,210,NA,NA,NA,NA,NA,E,Y,4,0,1,3,A,-,03,22350,NA,N,C,C,A,A,H,-,A,D,0,NA,NA,NA,Y,Y,NA,G,25,0,0,1,0,0,0,0,0,0,-,-,34.14179992675781,-117.25092315673828,SAN BERNARDINO,SAN BERNARDINO,-117.25090789794922,34.14183807373047
9104524,2020,2020-06-29,3607,2020-01-19,2022,80536,122,7,5,6,3607,0,0,0,NA,0,012,MOUNTAIN AV,MOUNTAIN ACCESS,30,N,N,A,-,N,NA,NA,NA,NA,NA,NA,NA,NA,NA,Y,2,0,1,1,A,-,01,23152,A,N,E,I,A,A,H,-,C,D,0,NA,NA,NA,NA,Y,Y,A,07,1,0,0,0,0,0,0,0,0,-,-,NA,NA,SAN BERNARDINO,ONTARIO,-117.66764831542967,34.031124114990234
9104528,2020,2020-06-29,3607,2020-01-21,0713,20177,770,2,5,6,3607,0,0,0,NA,0,082,ONTARIO RANCH RD,TURNER AV,0,NA,Y,A,-,N,NA,NA,NA,NA,NA,NA,NA,NA,NA,N,4,0,2,2,D,-,00,NA,NA,N,D,C,A,A,H,-,A,A,0,NA,NA,NA,NA,Y,NA,-,-,0,0,2,0,0,0,0,0,0,-,-,NA,NA,SAN BERNARDINO,ONTARIO,-117.58424,33.99733
9104531,2020,2020-06-29,3607,2020-01-14,1229,20177,67,2,5,6,3607,0,0,0,NA,0,031,4TH ST,CORONA AV,0,NA,Y,A,-,N,NA,NA,NA,NA,NA,NA,NA,NA,NA,Y,2,0,1,2,A,-,09,21801,A,N,D,C,A,A,H,-,A,A,0,NA,NA,Y,NA,Y,NA,A,01,1,0,0,0,0,0,0,0,1,-,-,NA,NA,SAN BERNARDINO,ONTARIO,-117.61546325683594,34.07762145996094
91045737,2019,2019-08-05,9855,2019-07-31,0540,013860,NA,3,3,5,3611,0,1,1,NA,2,203,SR-210 E/B (FOOTHILL FWY),MOUNTAIN AVE.,1408,W,N,A,-,Y,NA,NA,210,NA,NA,NA,NA,NA,E,Y,4,0,1,1,A,-,08,22107,NA,N,E,I,A,A,H,-,A,D,0,NA,NA,NA,NA,Y,NA,A,01,0,0,1,0,0,0,0,0,0,-,-,34.13399887084961,-117.67510223388672,SAN BERNARDINO,UPLAND,-117.67515563964844,34.13423156738281
91047579,2019,2019-08-07,9855,2019-08-03,1420,019732,NA,6,2,9,3600,0,3,5,NA,2,001,WHITTRAM AVE.,CHERRY AVE.,150,W,N,A,-,N,NA,NA,NA,NA,NA,NA,NA,NA,NA,Y,3,0,6,2,A,-,01,23152,A,N,D,C,A,A,H,-,A,D,0,NA,NA,NA,NA,Y,Y,A,01,0,1,5,0,0,0,0,0,0,-,-,34.09579086303711,-117.4894790649414,SAN BERNARDINO,UNINCORPORATED,-117.48933410644533,34.095733642578125
91047786,2019,2019-08-08,9835,2019-07-29,1430,020109,NA,1,2,9,3600,0,1,1,NA,2,047,I-40 E/B,CRUCERO RD,62832,E,N,A,-,Y,NA,NA,40,NA,NA,NA,NA,NA,E,Y,1,2,2,1,A,-,08,22107,NA,N,F,A,A,A,D,-,A,D,0,NA,NA,NA,NA,Y,NA,A,07,1,1,0,0,0,0,0,0,0,-,-,34.731300354003906,-115.85389709472656,SAN BERNARDINO,UNINCORPORATED,-115.85391998291016,34.7311897277832
91048177,2019,2019-08-08,9855,2019-08-05,1645,015208,NA,1,2,5,3611,0,1,1,NA,2,203,SR-210 E/B (FOOTHILL FWY),CAMPUS AVE.,200,W,N,A,-,Y,NA,NA,210,NA,NA,NA,NA,NA,E,Y,4,0,2,3,A,-,03,22350,NA,N,C,C,A,A,H,-,A,D,0,NA,NA,NA,NA,Y,NA,A,07,0,0,2,0,0,0,0,0,0,-,-,34.13462829589844,-117.63829040527344,SAN BERNARDINO,UPLAND,-117.63829040527344,34.134708404541016
91049702,2019,2019-09-25,9855,2019-08-05,0809,013860,NA,1,1,6,3616,0,1,1,NA,2,201,SR-210 E/B (FOOTHILL FWY),MILLIKEN AVE.,3341,E,N,A,-,Y,NA,NA,210,NA,NA,NA,NA,NA,E,Y,4,0,1,4,A,-,03,22350,NA,N,C,C,A,A,H,-,A,D,0,NA,NA,NA,NA,Y,NA,A,01,0,0,1,0,0,0,0,0,0,-,-,34.13639831542969,-117.54730224609376,SAN BERNARDINO,RANCHO CUCAMONGA,-117.54730224609376,34.1364860534668
9105051,2020,2020-07-17,3607,2020-03-10,0531,20274,142,2,5,6,3607,0,0,0,NA,0,042,GUASTI RD,CENTRE LAKE DR,0,N,N,C,-,N,NA,NA,NA,NA,NA,NA,NA,NA,NA,Y,4,0,1,2,A,-,12,22450,A,N,D,C,A,B,H,-,C,A,0,NA,NA,NA,NA,Y,NA,A,01,0,0,1,0,0,0,0,0,0,-,-,NA,NA,SAN BERNARDINO,ONTARIO,-117.57769012451172,34.06483840942383
9105053,2020,2020-11-09,3607,2020-03-07,1926,80508,37,6,5,6,3607,0,0,0,NA,0,031,4TH ST,RT 10,50,E,N,A,-,Y,SBD,8,10,-,-,5.166,R,4,W,Y,4,0,2,2,A,-,08,22107,NA,N,A,C,A,A,H,-,C,D,0,NA,NA,NA,NA,Y,NA,A,01,0,0,2,0,0,0,0,0,0,-,WO,NA,NA,SAN BERNARDINO,ONTARIO,-117.6245574951172,34.0784912109375
9105054,2020,2020-07-17,3607,2020-03-06,2352,20177,336,5,5,6,3607,0,0,0,NA,0,041,HAVEN AV,INLAND EMPIRE BL,300,S,N,A,-,N,NA,NA,NA,NA,NA,NA,NA,NA,NA,NA,2,0,1,1,A,-,03,22350,NA,N,E,I,A,A,H,-,C,D,0,NA,NA,Y,NA,Y,NA,C,02,1,0,0,0,0,0,0,0,1,-,-,NA,NA,SAN BERNARDINO,ONTARIO,-117.5759506225586,34.07094955444336
9105060,2020,2020-07-17,3607,2020-03-02,0901,19968,196,1,5,6,3607,0,0,0,NA,0,052,SAN ANTONIO AV,SONOMA CT,0,NA,Y,A,-,N,NA,NA,NA,NA,NA,NA,NA,NA,NA,Y,4,0,1,2,A,-,09,21802,A,N,D,D,A,A,H,-,A,D,0,NA,NA,NA,NA,Y,NA,A,01,0,0,1,0,0,0,0,0,0,-,-,NA,NA,SAN BERNARDINO,ONTARIO,-117.65924835205078,34.04716110229492
91051160,2019,2019-08-13,9860,2019-08-04,2030,020051,NA,7,2,9,3600,0,3,5,NA,2,002,LILAC AVE,LURELANE ST,33,S,N,A,-,N,NA,NA,NA,NA,NA,NA,NA,NA,NA,N,3,0,1,2,A,-,11,21954,A,N,G,B,D,A,H,-,D,D,0,Y,NA,NA,NA,Y,NA,N,60,0,1,0,0,1,0,0,0,0,-,-,34.130699157714844,-117.3792724609375,SAN BERNARDINO,UNINCORPORATED,-117.37921905517578,34.13127136230469
91051809,2019,2019-08-14,9855,2019-08-06,2340,020006,NA,2,3,6,3607,0,1,1,NA,2,101,I-10 E/B TO ETIWANDA AVE,ETIWANDA AVE.,550,W,N,A,-,Y,NA,NA,10,NA,NA,NA,R,NA,E,Y,3,0,1,2,A,-,08,22107,NA,N,E,I,A,A,H,-,D,D,0,NA,NA,NA,NA,Y,NA,A,01,0,1,0,0,0,0,0,0,0,-,-,34.066551208496094,-117.52565002441406,SAN BERNARDINO,ONTARIO,-117.52565002441406,34.066551208496094
91052549,2019,2019-08-15,9850,2019-08-09,1425,021343,NA,5,2,9,3600,0,1,1,NA,2,081,I-15 NB,US-395 OVERCROSSING,2112,S,N,A,-,Y,NA,NA,NA,NA,NA,NA,NA,NA,NA,Y,2,0,2,1,A,-,07,21658,A,N,F,A,A,A,H,-,A,D,0,NA,NA,NA,NA,Y,NA,A,01,1,1,0,0,0,0,0,0,0,-,-,34.394371032714844,-117.40521240234376,SAN BERNARDINO,UNINCORPORATED,NA,NA
91053833,2019,2019-08-16,9860,2019-08-07,0600,016658,NA,3,1,4,3640,0,1,1,NA,2,106,I-10 W/B,LIVE OAK CANYON RD,2640,E,N,A,-,Y,NA,NA,10,NA,NA,NA,NA,NA,W,Y,3,0,1,3,A,-,03,22350,NA,N,C,C,A,A,D,-,B,D,0,NA,NA,NA,Y,Y,NA,A,07,0,1,0,0,0,0,0,0,0,-,-,34.0151481628418,-117.08603668212892,SAN BERNARDINO,YUCAIPA,-117.08603668212892,34.015167236328125
9105531,2020,2020-09-10,3600,2020-04-08,1048,E3926,RC008,3,5,6,3616,0,0,0,NA,0,RC6,BASE LINE RD,EAST AV,743,W,N,B,-,N,NA,NA,NA,NA,NA,NA,NA,NA,NA,N,4,0,1,1,C,-,18,NA,NA,N,E,I,A,B,H,-,A,-,0,NA,NA,NA,NA,Y,NA,-,-,0,0,1,0,0,0,0,0,0,-,-,NA,NA,SAN BERNARDINO,RANCHO CUCAMONGA,-117.51696014404295,34.12146759033203
91056999,2019,2019-08-22,9855,2019-08-11,0433,020690,NA,7,3,5,3602,0,1,3,NA,2,601,SR-60 W/B (POMONA FWY),PIPELINE AVE.,250,E,N,A,-,Y,NA,NA,60,NA,NA,NA,NA,NA,W,Y,4,0,1,1,A,-,08,22107,NA,N,E,I,A,A,H,-,D,D,0,NA,NA,NA,NA,Y,NA,A,01,0,0,1,0,0,0,0,0,0,-,-,34.029449462890625,-117.71468353271484,SAN BERNARDINO,CHINO,-117.71469116210938,34.02948760986328
91058493,2019,2019-08-23,9860,2019-08-14,1705,019429,NA,3,2,6,3610,0,1,1,NA,2,202,SR-210 E/B,STERLING AVE,528,E,N,A,-,Y,NA,NA,210,NA,NA,NA,NA,NA,E,N,4,0,3,2,A,-,03,22350,NA,N,C,C,A,A,H,-,A,D,0,NA,NA,NA,NA,Y,NA,A,07,0,0,3,0,0,0,0,0,0,-,-,34.13821029663086,-117.2419891357422,SAN BERNARDINO,SAN BERNARDINO,-117.24200439453124,34.1381721496582
91060105,2019,2019-08-27,9855,2019-08-20,1911,016051,NA,2,2,6,3607,0,1,3,NA,2,601,SR-60 E/B (POMONA FWY),EUCLID AVE.,2923,E,N,A,-,Y,NA,NA,60,NA,NA,NA,NA,NA,E,Y,3,0,1,2,A,-,03,22350,NA,N,C,C,A,A,H,-,A,D,0,NA,NA,NA,NA,Y,NA,A,01,0,1,0,0,0,0,0,0,0,-,-,34.030391693115234,-117.64083862304688,SAN BERNARDINO,ONTARIO,-117.64083862304688,34.03034973144531
91062515,2019,2019-08-29,9870,2019-08-28,1600,019208,NA,3,2,9,3600,0,3,5,NA,2,003,LEAR AVENUE,OLD CHISHOLM TRAIL,608,S,N,A,-,N,NA,NA,NA,NA,NA,NA,NA,NA,NA,N,3,0,1,2,A,-,01,23152,F,N,D,C,A,A,H,-,A,D,0,NA,NA,NA,NA,Y,NA,A,01,0,1,0,0,0,0,0,0,0,-,-,34.206050872802734,-116.1504364013672,SAN BERNARDINO,UNINCORPORATED,-116.15047454833984,34.206138610839844
91063999,2019,2019-08-30,9855,2019-08-22,2338,020690,NA,4,3,5,3602,0,1,3,NA,2,603,SR-60 W/B (POMONA FWY),BENSON AVE.,65,W,N,A,-,Y,NA,NA,60,NA,NA,NA,NA,NA,W,Y,2,0,2,2,A,-,01,23152,A,F,C,C,A,A,H,-,D,D,0,NA,NA,NA,Y,Y,Y,D,22,1,1,0,0,0,0,0,0,0,-,-,34.030418395996094,-117.68105316162108,SAN BERNARDINO,CHINO,-117.68105316162108,34.03044891357422
91064749,2019,2019-08-30,9860,2019-08-22,1955,020426,NA,4,2,9,3600,0,3,5,NA,2,002,40TH STREET,N STREET,15,W,N,A,-,Y,NA,NA,NA,NA,NA,NA,NA,NA,NA,Y,2,0,1,1,A,-,08,22107,NA,N,E,I,A,A,H,-,D,A,0,NA,NA,NA,NA,Y,NA,A,01,1,0,0,0,0,0,0,0,0,-,-,34.16476058959961,-117.30069732666016,SAN BERNARDINO,UNINCORPORATED,NA,NA
91065458,2019,2019-09-03,9855,2019-08-23,1550,018335,NA,5,2,6,3607,0,1,1,NA,2,101,I-10 W/B TO I-15 S/B,I-10 E/B,200,S,N,A,-,Y,NA,NA,10,NA,NA,NA,R,NA,W,N,4,0,1,2,A,-,03,22350,NA,N,C,C,A,A,H,-,A,D,0,NA,NA,NA,NA,Y,NA,D,22,0,0,1,0,0,0,0,0,0,-,-,34.06509017944336,-117.54566955566406,SAN BERNARDINO,ONTARIO,-117.54566955566406,34.06509017944336
91065738,2019,2019-09-03,9855,2019-08-24,1710,018335,NA,6,2,6,3604,0,1,1,NA,2,101,I-10 E/B (SAN BERNARDINO FWY),ETIWANDA AVE.,1056,E,N,A,-,Y,NA,NA,10,NA,NA,NA,NA,NA,E,Y,4,0,1,2,A,-,07,21658,A,N,B,C,A,A,H,-,A,D,0,NA,NA,Y,NA,Y,NA,A,01,0,0,1,0,0,0,0,0,1,-,-,34.06753158569336,-117.52047729492188,SAN BERNARDINO,FONTANA,-117.52047729492188,34.06746292114258
91070200,2019,2019-09-09,9855,2019-09-01,1205,016220,NA,7,1,9,3600,0,3,5,NA,2,001,SAN BERNARDINO AVENUE,CHERRY AVENUE,0,NA,Y,A,-,N,NA,NA,NA,NA,NA,NA,NA,NA,NA,Y,4,0,2,2,A,-,12,21453,A,N,D,C,A,A,H,-,A,A,0,NA,NA,NA,NA,Y,NA,-,-,0,0,2,0,0,0,0,0,0,-,-,34.0772590637207,-117.4887924194336,SAN BERNARDINO,UNINCORPORATED,-117.48889923095705,34.07741165161133
91070379,2019,2019-09-09,9860,2019-08-26,1430,020282,NA,1,2,9,3600,0,3,5,NA,2,002,ARDEN AVE,DATE ST,0,NA,Y,A,-,N,NA,NA,NA,NA,NA,NA,NA,NA,NA,Y,4,0,2,2,A,-,12,22450,A,N,D,C,A,A,H,-,A,A,0,NA,NA,NA,NA,Y,NA,A,01,0,0,2,0,0,0,0,0,0,-,-,34.14125061035156,-117.23490142822266,SAN BERNARDINO,UNINCORPORATED,-117.23493194580078,34.141239166259766
91070532,2019,2019-09-09,9865,2019-08-30,0200,015158,NA,5,3,9,3600,0,3,5,NA,2,001,PENINSULA DR,OLD TOLL ROAD,200,W,N,A,-,N,NA,NA,NA,NA,NA,NA,NA,NA,NA,N,3,0,1,1,A,-,03,22350,NA,N,F,A,A,A,H,-,C,D,0,NA,NA,Y,NA,Y,NA,C,02,0,1,0,0,0,0,0,0,1,-,-,34.26118087768555,-117.20979309082033,SAN BERNARDINO,UNINCORPORATED,-117.20960998535156,34.261234283447266
9107066,2020,2020-11-25,3600,2020-07-01,1311,F8945,VC070,3,5,5,3612,0,0,0,NA,0,VC5,RT 395,LUNA RD,0,NA,Y,A,-,Y,SBD,8,395,-,-,10.16,H,-,N,Y,4,0,2,3,A,-,03,22350,A,N,C,C,A,A,H,-,A,A,0,NA,NA,NA,NA,Y,NA,A,01,0,0,2,0,0,0,0,0,0,-,-,NA,NA,SAN BERNARDINO,VICTORVILLE,-117.39950561523438,34.492401123046875
91070739,2019,2019-09-09,9834,2019-09-07,0015,021525,NA,6,3,9,3600,0,1,2,NA,1,091,US-95,SR-62,58080,N,N,A,-,Y,NA,NA,95,NA,NA,NA,NA,NA,NA,Y,2,0,1,1,A,-,08,22107,NA,N,E,I,A,A,H,-,D,D,0,NA,NA,NA,NA,Y,NA,A,07,1,0,0,0,0,0,0,0,0,-,-,34.32223129272461,-114.65292358398438,SAN BERNARDINO,UNINCORPORATED,-114.65298461914063,34.322227478027344
91071093,2019,2019-09-10,9855,2019-09-01,0325,020161,NA,7,3,6,3604,0,1,1,NA,2,101,I-10 E/B (SAN BERNARDINO FWY),CITRUS AVE.,50,E,N,A,-,Y,NA,NA,10,NA,NA,NA,NA,NA,E,Y,2,0,2,2,A,-,01,23152,A,N,B,C,A,A,H,-,C,D,0,NA,NA,NA,NA,Y,Y,A,01,1,1,0,0,0,0,0,0,0,-,-,34.066810607910156,-117.4530029296875,SAN BERNARDINO,FONTANA,-117.4530029296875,34.066856384277344
91072288,2019,2019-09-11,9855,2019-09-06,1510,015208,NA,5,2,6,3607,0,1,1,NA,2,103,I-10 E/B (SAN BERNARDINO FWY),VINEYARD AVE.,1500,W,N,A,-,Y,NA,NA,NA,NA,NA,NA,NA,NA,NA,Y,4,0,1,3,A,-,03,22350,NA,N,C,C,A,A,H,-,A,D,0,NA,NA,NA,NA,Y,NA,A,01,0,0,1,0,0,0,0,0,0,-,-,34.068599700927734,-117.61173248291016,SAN BERNARDINO,ONTARIO,-117.61529541015624,34.07286071777344