CASE_ID,ACCIDENT_YEAR,PROC_DATE,JURIS,COLLISION_DATE,COLLISION_TIME,OFFICER_ID,REPORTING_DISTRICT,DAY_OF_WEEK,CHP_SHIFT,POPULATION,CNTY_CITY_LOC,SPECIAL_COND,BEAT_TYPE,CHP_BEAT_TYPE,CITY_DIVISION_LAPD,CHP_BEAT_CLASS,BEAT_NUMBER,PRIMARY_RD,SECONDARY_RD,DISTANCE,DIRECTION,INTERSECTION,WEATHER_1,WEATHER_2,STATE_HWY_IND,CALTRANS_COUNTY,CALTRANS_DISTRICT,STATE_ROUTE,ROUTE_SUFFIX,POSTMILE_PREFIX,POSTMILE,LOCATION_TYPE,RAMP_INTERSECTION,SIDE_OF_HWY,TOW_AWAY,COLLISION_SEVERITY,NUMBER_KILLED,NUMBER_INJURED,PARTY_COUNT,PRIMARY_COLL_FACTOR,PCF_CODE_OF_VIOL,PCF_VIOL_CATEGORY,PCF_VIOLATION,PCF_VIOL_SUBSECTION,HIT_AND_RUN,TYPE_OF_COLLISION,MVIW,PED_ACTION,ROAD_SURFACE,ROAD_COND_1,ROAD_COND_2,LIGHTING,CONTROL_DEVICE,CHP_ROAD_TYPE,PEDESTRIAN_ACCIDENT,BICYCLE_ACCIDENT,MOTORCYCLE_ACCIDENT,TRUCK_ACCIDENT,NOT_PRIVATE_PROPERTY,ALCOHOL_INVOLVED,STWD_VEHTYPE_AT_FAULT,CHP_VEHTYPE_AT_FAULT,COUNT_SEVERE_INJ,COUNT_VISIBLE_INJ,COUNT_COMPLAINT_PAIN,COUNT_PED_KILLED,COUNT_PED_INJURED,COUNT_BICYCLIST_KILLED,COUNT_BICYCLIST_INJURED,COUNT_MC_KILLED,COUNT_MC_INJURED,PRIMARY_RAMP,SECONDARY_RAMP,LATITUDE,LONGITUDE,COUNTY,CITY,POINT_X,POINT_Y
91157207,2019,2020-01-02,9865,2019-12-29,0845,018440,NA,7,1,9,3600,0,1,3,NA,2,045,SR-38 W/B,FOREST ROAD 1N01,1584,E,N,A,-,Y,NA,NA,38,NA,NA,NA,NA,NA,W,Y,3,0,2,2,A,-,03,22350,NA,N,B,C,A,B,H,-,A,D,0,NA,NA,NA,NA,Y,NA,A,01,0,2,0,0,0,0,0,0,0,-,-,34.189178466796875,-116.71704864501952,SAN BERNARDINO,UNINCORPORATED,-116.7170181274414,34.189212799072266
91157348,2019,2020-01-02,9855,2019-12-21,0150,019732,NA,6,3,5,3602,0,1,3,NA,2,603,SR-60 W/B (POMONA FWY),EUCLID AVE.,2000,W,N,B,-,Y,NA,NA,60,NA,NA,NA,NA,NA,W,Y,4,0,1,2,A,-,01,23152,A,N,C,C,A,A,H,-,C,D,0,NA,NA,NA,NA,Y,Y,A,01,0,0,1,0,0,0,0,0,0,-,-,34.03047180175781,-117.65750122070313,SAN BERNARDINO,CHINO,-117.65750122070313,34.03048324584961
91157438,2019,2020-01-02,9855,2019-12-24,1428,016051,NA,2,2,5,3602,0,1,3,NA,2,603,SR-60 E/B (POMONA FWY),MONTE VISTA AVE.,561,W,N,A,-,Y,NA,NA,60,NA,NA,NA,NA,NA,E,Y,4,0,1,2,A,-,03,22350,NA,N,C,C,A,A,H,-,A,D,0,NA,NA,NA,NA,Y,NA,A,01,0,0,1,0,0,0,0,0,0,-,-,34.03002166748047,-117.70018005371094,SAN BERNARDINO,CHINO,-117.70018005371094,34.03007888793945
9115857,2020,2020-07-01,3607,2020-02-03,1349,20270,163,1,5,6,3607,0,0,0,NA,0,061,MISSION BL,CAMPUS AV,0,NA,Y,A,-,N,NA,NA,NA,NA,NA,NA,NA,NA,NA,Y,3,0,2,2,A,-,09,21453,C,N,D,C,A,A,H,-,A,A,0,NA,NA,NA,NA,Y,NA,A,01,0,1,1,0,0,0,0,0,0,-,-,NA,NA,SAN BERNARDINO,ONTARIO,-117.64128875732422,34.055091857910156
91158884,2019,2020-01-03,9855,2019-12-27,1745,018335,NA,5,2,6,3616,0,1,1,NA,2,201,SR-210 E/B (FOOTHILL FWY),I-15 S/B,2287,W,N,A,-,Y,NA,NA,210,NA,NA,NA,NA,NA,E,Y,3,0,3,2,A,-,01,23152,A,N,C,C,A,A,H,-,C,D,0,NA,NA,NA,NA,Y,Y,A,01,0,1,2,0,0,0,0,0,0,-,-,34.13623809814453,-117.50405883789063,SAN BERNARDINO,RANCHO CUCAMONGA,-117.50405883789063,34.136268615722656
91159659,2019,2020-01-06,9855,2019-12-29,0145,020046,NA,7,3,6,3616,0,1,1,NA,2,201,SR-210 E/B (FOOTHILL FWY),ETIWANDA AVE.,260,W,N,A,-,Y,NA,NA,210,NA,NA,NA,NA,NA,E,Y,2,0,3,5,A,-,08,22107,NA,N,C,C,E,A,H,-,C,D,0,Y,NA,NA,NA,Y,NA,A,01,2,0,1,0,3,0,0,0,0,-,-,34.1362190246582,-117.52504730224608,SAN BERNARDINO,RANCHO CUCAMONGA,-117.52504730224608,34.13625717163086
9115996,2020,2020-07-13,3600,2020-06-02,1555,D8573,HE305,2,5,5,3619,0,0,0,NA,0,003,MAPLE AV,WILLOW ST,0,NA,Y,A,-,N,NA,NA,NA,NA,NA,NA,NA,NA,NA,Y,3,0,1,2,A,-,03,22350,NA,N,C,C,A,A,H,-,A,D,0,NA,NA,NA,NA,Y,NA,A,01,0,1,0,0,0,0,0,0,0,-,-,NA,NA,SAN BERNARDINO,HESPERIA,-117.34654235839844,34.43471908569336
91160412,2020,2020-01-06,9860,2020-01-04,1645,020426,NA,6,2,4,3603,0,1,1,NA,2,214,I-215 SB,SANTA FE RAILROAD OC,100,N,N,A,-,Y,NA,NA,215,NA,NA,NA,NA,NA,S,N,4,0,2,2,A,-,08,22107,NA,N,B,C,A,A,D,E,D,D,0,NA,NA,NA,NA,Y,NA,D,22,0,0,2,0,0,0,0,0,0,-,-,34.027191162109375,-117.33251953125,SAN BERNARDINO,COLTON,-117.33257293701172,34.027244567871094
91160795,2020,2020-01-07,9855,2020-01-02,1719,015919,NA,4,2,6,3607,0,1,1,NA,2,101,I-10 E/B (SAN BERNARDINO FWY),I-15,1320,E,N,A,-,Y,NA,NA,10,NA,NA,NA,NA,NA,E,Y,4,0,2,3,A,-,03,22350,NA,N,C,C,A,A,H,-,B,D,0,NA,NA,NA,NA,Y,NA,A,01,0,0,2,0,0,0,0,0,0,-,-,34.06734085083008,-117.53855895996094,SAN BERNARDINO,ONTARIO,-117.53855895996094,34.067298889160156
91161007,2020,2020-01-07,9855,2020-01-03,1517,020110,NA,5,2,6,3607,0,1,1,NA,2,103,I-10 E/B (SAN BERNARDINO FWY),VINEYARD AVE.,2000,W,N,A,-,Y,NA,NA,10,NA,NA,NA,NA,NA,E,N,4,0,1,2,A,-,03,22350,NA,N,C,C,A,A,H,-,A,D,0,NA,NA,NA,NA,Y,NA,A,01,0,0,1,0,0,0,0,0,0,-,-,34.07419967651367,-117.61756134033205,SAN BERNARDINO,ONTARIO,-117.61756896972656,34.07418441772461
9116353,2020,2020-08-20,3604,2020-06-07,1718,680,NA,7,5,6,3604,0,0,0,NA,0,NA,MARYGOLD AV,SIERRA AV,750,E,N,A,-,N,NA,NA,NA,NA,NA,NA,NA,NA,NA,N,4,0,2,2,A,-,09,21801,A,N,D,C,A,A,H,-,A,D,0,NA,NA,NA,NA,Y,NA,A,01,0,0,2,0,0,0,0,0,0,-,-,NA,NA,SAN BERNARDINO,FONTANA,-117.43321228027344,34.073974609375
9116356,2020,2020-08-20,3604,2020-06-06,1104,680,NA,6,5,6,3604,0,0,0,NA,0,NA,CITRUS AV,LOS CEDROS,0,NA,Y,B,-,N,NA,NA,NA,NA,NA,NA,NA,NA,NA,Y,2,0,3,2,A,-,09,21801,A,N,D,C,A,A,H,-,A,D,0,NA,NA,NA,NA,Y,NA,A,07,2,0,1,0,0,0,0,0,0,-,-,NA,NA,SAN BERNARDINO,FONTANA,-117.45362854003906,34.130619049072266
91164239,2020,2020-01-13,9855,2020-01-06,1645,15763,NA,1,2,5,3630,0,1,3,NA,2,071,SR-71 S/B (CHINO FWY),BUTTERFIELD RANCH ROAD,2112,N,N,A,-,Y,NA,NA,71,NA,NA,NA,NA,NA,S,Y,3,0,1,2,A,-,07,21658,A,N,B,C,A,A,H,-,A,D,0,NA,NA,Y,NA,Y,NA,A,01,0,1,0,0,0,0,0,0,1,-,-,33.93553924560547,-117.66390991210938,SAN BERNARDINO,CHINO HILLS,-117.66388702392578,33.9355583190918
91164561,2020,2020-01-13,9860,2020-01-04,2158,020553,NA,6,2,3,3615,0,1,1,NA,2,104,I-10 W/B,TIPPECANOE AVE,2000,E,N,A,-,Y,NA,NA,10,NA,NA,NA,NA,NA,W,Y,3,0,2,1,A,-,08,22107,NA,N,E,I,A,A,H,-,D,D,0,NA,NA,NA,NA,Y,NA,A,01,0,1,1,0,0,0,0,0,0,-,-,34.06666946411133,-117.25213623046876,SAN BERNARDINO,LOMA LINDA,-117.25212860107422,34.06658935546875
91165887,2019,2020-01-15,9860,2019-12-19,1710,019062,NA,4,2,6,3610,0,1,1,NA,2,103,I-10 W/B,HUNTS LN,135,E,N,A,-,Y,NA,NA,10,NA,NA,NA,NA,NA,W,Y,4,0,1,4,A,-,03,22350,NA,N,C,C,A,A,H,-,C,D,0,NA,NA,NA,NA,Y,NA,A,01,0,0,1,0,0,0,0,0,0,-,-,34.06373977661133,-117.28691864013672,SAN BERNARDINO,SAN BERNARDINO,-117.28692626953124,34.06379699707031
91166717,2020,2020-01-16,9850,2020-01-09,1418,021643,NA,4,2,9,3600,0,1,3,NA,2,042,SR-247,LINCOLN ROAD,0,NA,Y,A,-,Y,NA,NA,247,NA,NA,NA,NA,NA,NA,Y,2,0,3,2,A,-,05,21460,C,N,D,C,A,A,H,-,A,D,0,NA,NA,NA,NA,Y,NA,A,01,1,0,2,0,0,0,0,0,0,-,-,34.4439811706543,-116.89324951171876,SAN BERNARDINO,UNINCORPORATED,-116.89324951171876,34.44396209716797
9116784,2020,2020-07-20,3600,2020-06-15,1552,A8310,RC033,1,5,6,3616,0,0,0,NA,0,RC5,ARROW RT,HAVEN AV,50,W,N,A,-,N,NA,NA,NA,NA,NA,NA,NA,NA,NA,N,4,0,1,2,C,-,18,NA,NA,N,C,A,A,A,H,-,A,A,0,NA,NA,NA,NA,Y,NA,-,-,0,0,1,0,0,0,0,0,0,-,-,NA,NA,SAN BERNARDINO,RANCHO CUCAMONGA,-117.57610321044922,34.09920120239258
91169299,2019,2020-01-21,9860,2019-12-14,0250,021229,NA,6,3,9,3600,0,3,5,NA,2,002,MARSHALL BLVD,STERLING AVE,0,NA,Y,E,-,N,NA,NA,NA,NA,NA,NA,NA,NA,NA,N,3,0,1,2,A,-,01,23152,A,N,E,I,A,B,H,-,C,A,0,NA,NA,NA,NA,Y,Y,A,01,0,1,0,0,0,0,0,0,0,-,-,34.149478912353516,-117.2436065673828,SAN BERNARDINO,UNINCORPORATED,-117.24371337890624,34.14944076538086
91169540,2020,2020-01-21,9855,2020-01-13,0713,017781,NA,1,1,6,3616,0,1,1,NA,2,152,I-15 N/B (ONTARIO FWY),6TH ST.,60,S,N,B,-,Y,NA,NA,15,NA,NA,NA,NA,NA,N,Y,2,0,1,3,A,-,07,21658,A,N,B,C,A,A,H,-,B,D,0,NA,NA,NA,Y,Y,NA,A,07,1,0,0,0,0,0,0,0,0,-,-,34.087890625,-117.54457092285156,SAN BERNARDINO,RANCHO CUCAMONGA,-117.54451751708984,34.087886810302734
91170360,2020,2020-01-22,9850,2020-01-12,1335,018211,NA,7,1,9,3600,0,1,3,NA,2,046,SR-247 NORTHBOUND,MEANDER ROAD,14784,N,N,A,-,Y,NA,NA,247,NA,NA,NA,NA,NA,N,Y,3,0,1,1,A,-,03,22350,NA,N,F,A,A,A,H,-,A,D,0,NA,NA,Y,NA,Y,NA,C,02,0,1,0,0,0,0,0,0,1,-,-,34.638580322265625,-116.9440689086914,SAN BERNARDINO,UNINCORPORATED,-116.94414520263672,34.638614654541016
91170694,2020,2020-01-22,9850,2020-01-15,1730,021991,NA,3,2,5,3619,0,1,1,NA,2,082,I-15 N/B,MAIN STREET,3696,N,N,A,-,Y,NA,NA,15,NA,NA,NA,NA,NA,N,N,4,0,1,1,C,-,18,NA,NA,N,E,I,A,A,H,-,D,D,0,NA,NA,NA,NA,Y,NA,-,-,0,0,1,0,0,0,0,0,0,-,-,34.43608093261719,-117.3726806640625,SAN BERNARDINO,HESPERIA,-117.37284088134766,34.43620300292969
91170709,2020,2020-01-22,9855,2020-01-15,1800,017506,NA,3,2,6,3607,0,1,1,NA,2,103,I-10 E/B (SAN BERNARDINO FWY),FOURTH ST.,500,W,N,A,-,Y,NA,NA,10,NA,NA,NA,NA,NA,E,Y,4,0,3,3,A,-,03,22350,NA,N,C,C,A,A,H,-,C,D,0,NA,NA,NA,NA,Y,NA,A,01,0,0,3,0,0,0,0,0,0,-,-,34.07939910888672,-117.62670135498048,SAN BERNARDINO,ONTARIO,-117.62669372558594,34.07940673828125
9117229,2020,2020-08-12,3600,2020-05-22,1333,E3370,RC017,5,5,6,3616,0,0,0,NA,0,005,HAVEN AV,7TH ST,4,S,N,A,-,N,NA,NA,NA,NA,NA,NA,NA,NA,NA,Y,3,0,2,2,A,-,12,21453,A,N,D,C,A,A,H,-,A,A,0,NA,NA,NA,Y,Y,NA,A,07,0,1,1,0,0,0,0,0,0,-,-,NA,NA,SAN BERNARDINO,RANCHO CUCAMONGA,-117.57585906982422,34.088478088378906
91173832,2020,2020-01-27,9860,2020-01-11,0057,020572,NA,6,3,4,3603,0,1,1,NA,2,103,I-10 W/B,RANCHO AVE,1924,E,N,A,-,Y,NA,NA,10,NA,NA,NA,NA,NA,W,Y,2,0,1,1,A,-,08,22107,NA,N,E,I,A,A,H,-,C,D,0,NA,NA,Y,NA,Y,NA,C,02,1,0,0,0,0,0,0,0,1,-,-,34.06639099121094,-117.32949066162108,SAN BERNARDINO,COLTON,-117.32949066162108,34.06642532348633
91174320,2020,2020-01-27,9860,2020-01-23,1235,016658,NA,4,1,9,3600,0,3,5,NA,2,003,ALABAMA ST,SAN BERNARDINO AVE,213,N,N,A,-,N,NA,NA,NA,NA,NA,NA,NA,NA,NA,Y,4,0,2,2,A,-,03,22350,NA,F,C,C,A,A,H,-,A,A,0,NA,NA,NA,NA,Y,NA,A,01,0,0,2,0,0,0,0,0,0,-,-,34.07822036743164,-117.20886993408205,SAN BERNARDINO,UNINCORPORATED,-117.20877838134766,34.078102111816406
91175102,2020,2020-01-28,9855,2020-01-16,2305,016215,NA,4,3,5,3630,0,1,3,NA,2,071,SR-71 N/B (CHINO FWY),EUCLID AVE.,290,N,N,C,-,Y,NA,NA,71,NA,NA,NA,NA,NA,N,Y,3,0,2,3,A,-,07,21658,A,N,C,C,A,B,C,-,C,D,0,NA,NA,NA,NA,Y,NA,A,01,0,2,0,0,0,0,0,0,0,-,-,33.931610107421875,-117.66008758544922,SAN BERNARDINO,CHINO HILLS,-117.6601104736328,33.93159103393555
91175155,2020,2020-01-28,9855,2020-01-19,0122,020690,NA,7,3,6,3616,0,1,1,NA,2,201,SR-210 W/B (FOOTHILL FWY),DAY CREEK BLVD.,75,E,N,A,-,Y,NA,NA,210,NA,NA,NA,NA,NA,W,Y,4,0,1,2,A,-,03,22350,NA,N,C,C,A,A,H,-,D,D,0,NA,NA,NA,NA,Y,NA,A,01,0,0,1,0,0,0,0,0,0,-,-,34.13665008544922,-117.53668975830078,SAN BERNARDINO,RANCHO CUCAMONGA,-117.53668975830078,34.13662338256836
91175541,2020,2020-01-28,9855,2020-01-18,1030,017781,NA,6,1,6,3607,0,1,1,NA,2,101,I-10 E/B (SAN BERNARDINO FWY),MILLIKEN AVE.,1400,W,N,A,-,Y,NA,NA,10,NA,NA,NA,NA,NA,E,Y,3,0,2,2,A,-,07,21658,A,N,C,C,A,A,H,-,A,D,0,NA,NA,NA,NA,Y,NA,A,01,0,2,0,0,0,0,0,0,0,-,-,34.06739044189453,-117.56304931640624,SAN BERNARDINO,ONTARIO,-117.56304931640624,34.06739044189453
91175743,2020,2020-01-29,9835,2020-01-21,0014,022379,NA,2,3,9,3600,0,1,1,NA,2,074,I-15 N/B,15 SBD 130.18,2640,S,N,A,-,Y,NA,NA,15,NA,NA,NA,NA,NA,N,Y,3,0,1,2,A,-,01,23152,A,N,E,I,A,A,H,-,D,D,0,NA,NA,NA,NA,Y,Y,A,07,0,1,0,0,0,0,0,0,0,-,-,35.19382095336914,-116.15229034423828,SAN BERNARDINO,UNINCORPORATED,-116.15227508544922,35.193790435791016
91176186,2020,2020-01-29,9855,2020-01-21,0650,014980,NA,2,1,5,3602,0,1,3,NA,2,603,SR-60 W/B (POMONA FWY),MOUNTAIN AVE.,2000,W,N,A,-,Y,NA,NA,60,NA,NA,NA,NA,NA,W,N,4,0,1,2,A,-,03,22350,NA,N,C,C,A,A,H,-,A,D,0,NA,NA,NA,NA,Y,NA,A,01,0,0,1,0,0,0,0,0,0,-,-,34.03047180175781,-117.67455291748048,SAN BERNARDINO,CHINO,-117.67455291748048,34.03044891357422
91177806,2019,2020-01-31,9860,2019-11-16,2008,021371,NA,6,2,9,3600,0,1,1,NA,2,152,INTERSTATE 15 SOUTHBOUND,OAK HILL ROAD,1825,S,N,A,-,Y,NA,NA,15,NA,NA,NA,NA,NA,S,N,1,1,0,5,A,-,11,21954,A,N,G,B,D,A,H,-,C,D,0,Y,NA,NA,NA,Y,NA,N,60,0,0,0,1,0,0,0,0,0,-,-,34.35832977294922,-117.43678283691406,SAN BERNARDINO,UNINCORPORATED,-117.43682098388672,34.358360290527344
91178875,2020,2020-02-03,9850,2020-01-21,1109,017730,NA,2,1,9,3600,0,3,5,NA,2,005,GOSS ROAD,HEMLOCK STREET,0,NA,Y,A,-,N,NA,NA,NA,NA,NA,NA,NA,NA,NA,N,4,0,1,2,A,-,03,38305,NA,N,D,C,A,A,H,-,A,D,0,NA,NA,Y,NA,Y,NA,C,02,0,0,1,0,0,0,0,0,1,-,-,34.45526123046875,-117.64498901367188,SAN BERNARDINO,UNINCORPORATED,-117.64492034912108,34.45526123046875
91181598,2020,2020-02-06,9850,2020-02-02,0913,020758,NA,7,1,5,3612,0,1,1,NA,2,083,I-15 N/B TO PALMDALE RD,MARIPOSA RD,62,W,N,A,-,Y,NA,NA,15,NA,NA,NA,R,NA,N,N,4,0,1,1,A,-,03,22350,NA,N,E,I,A,A,H,-,A,D,0,NA,NA,Y,NA,Y,NA,C,02,0,0,1,0,0,0,0,0,1,-,-,34.506778717041016,-117.32219696044922,SAN BERNARDINO,VICTORVILLE,-117.32219696044922,34.506778717041016
91182637,2020,2020-02-07,9855,2020-02-01,0452,019732,NA,6,3,6,3604,0,1,1,NA,2,153,I-15 S/B (ONTARIO FWY),BEECH AVE.,1000,S,N,B,-,Y,NA,NA,15,NA,NA,NA,NA,NA,S,Y,3,0,1,2,A,-,03,22350,NA,N,C,C,A,A,H,-,C,D,0,NA,NA,NA,NA,Y,NA,A,01,0,1,0,0,0,0,0,0,0,-,-,34.14645004272461,-117.48416137695313,SAN BERNARDINO,FONTANA,-117.4841079711914,34.14638900756836
91183702,2020,2020-02-10,9860,2020-02-10,0743,019251,NA,1,1,6,3610,0,1,1,NA,2,214,I-215 S/B,MILL ST.,1056,N,N,A,-,Y,NA,NA,215,NA,NA,NA,NA,NA,S,N,4,0,1,2,A,-,03,22350,NA,N,C,C,A,A,H,-,A,D,0,NA,NA,NA,NA,Y,NA,A,01,0,0,1,0,0,0,0,0,0,-,-,34.095001220703125,-117.30196380615234,SAN BERNARDINO,SAN BERNARDINO,-117.30201721191406,34.095001220703125
9118376,2020,2020-09-11,3609,2020-06-14,1335,3251,RI192,7,5,5,3609,0,0,0,NA,0,004,RIVERSIDE AV,VALLEY BL,100,S,N,A,-,N,NA,NA,NA,NA,NA,NA,NA,NA,NA,Y,3,0,1,2,A,-,08,22103,NA,N,D,C,A,A,H,-,A,A,0,NA,NA,Y,NA,Y,NA,D,22,0,1,0,0,0,0,0,0,1,-,-,34.067100524902344,-117.37030029296876,SAN BERNARDINO,RIALTO,-117.37039184570313,34.07023620605469
91183996,2020,2020-02-10,9855,2020-02-02,1335,018212,NA,7,1,9,3600,0,3,5,NA,2,001,MERRILL AVE.,HEMLOCK AVE.,0,NA,Y,A,-,N,NA,NA,NA,NA,NA,NA,NA,NA,NA,Y,2,0,4,2,A,-,01,23152,A,F,D,C,A,A,H,-,A,A,0,NA,NA,NA,NA,Y,Y,D,22,1,2,1,0,0,0,0,0,0,-,-,34.092041015625,-117.4756317138672,SAN BERNARDINO,UNINCORPORATED,-117.47550964355467,34.092010498046875
91186977,2020,2020-02-14,9835,2020-01-27,0007,15354,NA,1,3,9,3600,0,1,1,NA,2,076,INTERSTATE 15 NORTHBOUND,VALLEY WELLS REST AREA,6864,S,N,A,-,Y,NA,NA,15,NA,NA,NA,NA,NA,N,Y,3,0,2,2,C,-,18,NA,NA,N,D,C,A,A,H,-,D,D,0,NA,NA,NA,Y,Y,Y,-,-,0,2,0,0,0,0,0,0,0,-,-,35.42707824707031,-115.72183227539063,SAN BERNARDINO,UNINCORPORATED,-115.72183227539063,35.42709732055664
9119089,2020,2020-09-08,3600,2020-06-19,1814,D4301,HE316,5,5,5,3619,0,0,0,NA,0,HE5,HESPERIA RD,LIME ST,920,N,N,A,-,N,NA,NA,NA,NA,NA,NA,NA,NA,NA,Y,3,0,1,2,A,-,03,22350,NA,N,C,C,A,A,H,-,A,D,0,NA,NA,NA,NA,Y,NA,A,01,0,1,0,0,0,0,0,0,0,-,-,NA,NA,SAN BERNARDINO,HESPERIA,-117.30481719970705,34.40890121459961
9119095,2020,2020-09-09,3600,2020-06-18,1614,G8526,HE102,4,5,5,3619,0,0,0,NA,0,HE1,COTTONWOOD AV,SYCAMORE ST,0,NA,Y,A,-,N,NA,NA,NA,NA,NA,NA,NA,NA,NA,Y,4,0,2,2,A,-,09,21802,A,N,D,C,A,A,H,-,A,D,0,NA,NA,NA,NA,Y,NA,A,01,0,0,2,0,0,0,0,0,0,-,-,NA,NA,SAN BERNARDINO,HESPERIA,-117.33863830566406,34.463279724121094
9119175,2020,2020-07-27,3610,2020-02-25,0655,51181,NA,2,5,6,3610,0,0,0,NA,0,DAVID,E HERITAGE LN,S FOXCROFT WY,12,S,N,A,-,N,NA,NA,NA,NA,NA,NA,NA,NA,NA,Y,3,0,1,2,A,-,09,21801,A,N,D,C,A,A,H,-,A,D,0,NA,NA,NA,NA,Y,NA,A,01,0,1,0,0,0,0,0,0,0,-,-,NA,NA,SAN BERNARDINO,SAN BERNARDINO,-117.28228759765624,34.055912017822266
9119185,2020,2020-08-13,3610,2020-02-18,1220,51013,NA,2,5,6,3610,0,0,0,NA,0,ADAM,W FOOTHILL BL,N MERIDIAN AV,0,NA,Y,A,-,N,NA,NA,NA,NA,NA,NA,NA,NA,NA,Y,4,0,1,1,C,-,18,NA,NA,N,E,I,A,A,H,-,A,A,0,NA,NA,NA,NA,Y,NA,-,-,0,0,1,0,0,0,0,0,0,-,-,34.10731887817383,-117.34999847412108,SAN BERNARDINO,SAN BERNARDINO,-117.34851837158205,34.106781005859375
9119187,2020,2020-09-03,3610,2020-02-17,1512,50985,NA,1,5,6,3610,0,0,0,NA,0,DAVID,N G ST,E RIALTO AV,0,NA,Y,A,-,N,NA,NA,NA,NA,NA,NA,NA,NA,NA,Y,3,0,2,2,A,-,12,21453,A,N,D,C,A,A,H,-,A,A,0,NA,NA,NA,NA,Y,NA,A,07,0,2,0,0,0,0,0,0,0,-,-,34.10084915161133,-117.29850006103516,SAN BERNARDINO,SAN BERNARDINO,-117.29865264892578,34.100860595703125
9119188,2020,2020-10-16,3610,2020-02-16,1258,50743,NA,7,5,6,3610,0,0,0,NA,0,CHARLI,EAST HIGHLAND AV,E RT 210,0,NA,Y,A,-,Y,SBD,8,210,-,R,26.524,R,4,E,Y,4,0,2,2,A,-,12,21453,A,N,D,C,A,A,H,-,A,A,0,NA,NA,NA,NA,Y,NA,A,01,0,0,2,0,0,0,0,0,0,-,EF,34.135860443115234,-117.23496246337892,SAN BERNARDINO,SAN BERNARDINO,-117.24015045166016,34.13741683959961
9119199,2020,2020-07-27,3610,2020-02-27,1921,51230,NA,4,5,6,3610,0,0,0,NA,0,CHARLI,E 11TH ST,NORTH WATERMAN AV,1066,E,N,A,-,N,NA,NA,NA,NA,NA,NA,NA,NA,NA,Y,3,0,4,2,A,-,03,22350,NA,N,F,C,A,-,H,-,C,A,0,NA,NA,NA,NA,Y,NA,A,07,0,1,3,0,0,0,0,0,0,-,-,NA,NA,SAN BERNARDINO,SAN BERNARDINO,-117.27879333496094,34.11949157714844
91199550,2020,2020-03-02,9855,2020-02-20,1820,020006,NA,4,2,6,3607,0,1,3,NA,2,601,SR-60 W/B (POMONA FWY),ARCHIBALD AVE.,2300,E,N,A,-,Y,NA,NA,60,NA,NA,NA,NA,NA,W,Y,4,0,1,2,A,-,03,22350,NA,N,C,C,A,A,H,-,D,D,0,NA,NA,NA,NA,Y,NA,A,01,0,0,1,0,0,0,0,0,0,-,-,34.0306510925293,-117.58428955078124,SAN BERNARDINO,ONTARIO,-117.58428955078124,34.03071594238281
91200398,2020,2020-03-03,9855,2020-02-24,0520,020913,NA,1,3,6,3607,0,1,1,NA,2,101,I-10 W/B (SAN BERNARDINO FWY),I-15,1000,W,N,A,-,Y,NA,NA,10,NA,NA,NA,NA,NA,W,Y,4,0,1,3,A,-,03,22350,NA,N,C,C,A,A,H,-,D,D,0,NA,NA,NA,NA,Y,NA,A,01,0,0,1,0,0,0,0,0,0,-,-,34.06740951538086,-117.54988861083984,SAN BERNARDINO,ONTARIO,-117.54988861083984,34.06752395629883
91201338,2020,2020-03-04,9850,2020-02-25,1300,018211,NA,2,1,9,3600,0,2,4,NA,2,066,PHELAN ROAD,WILSON RANCH ROAD,0,NA,Y,A,-,N,NA,NA,NA,NA,NA,NA,NA,NA,NA,Y,3,0,2,2,A,-,12,21453,A,N,A,C,A,A,H,-,A,A,0,NA,NA,NA,NA,Y,NA,A,01,0,2,0,0,0,0,0,0,0,-,-,34.42649841308594,-117.52082824707033,SAN BERNARDINO,UNINCORPORATED,-117.52092742919922,34.42654037475586
91202310,2020,2020-03-05,9855,2020-02-25,0701,013860,NA,2,1,6,3616,0,1,1,NA,2,201,SR-210 W/B (FOOTHILL FWY),HAVEN AVE.,1786,E,N,A,-,Y,NA,NA,210,NA,NA,NA,NA,NA,W,Y,4,0,2,3,A,-,03,22350,NA,N,C,C,A,A,H,-,A,D,0,NA,NA,NA,NA,Y,NA,-,99,0,0,2,0,0,0,0,0,0,-,-,34.13650131225586,-117.5698013305664,SAN BERNARDINO,RANCHO CUCAMONGA,-117.5698013305664,34.13657760620117