CASE_ID,ACCIDENT_YEAR,PROC_DATE,JURIS,COLLISION_DATE,COLLISION_TIME,OFFICER_ID,REPORTING_DISTRICT,DAY_OF_WEEK,CHP_SHIFT,POPULATION,CNTY_CITY_LOC,SPECIAL_COND,BEAT_TYPE,CHP_BEAT_TYPE,CITY_DIVISION_LAPD,CHP_BEAT_CLASS,BEAT_NUMBER,PRIMARY_RD,SECONDARY_RD,DISTANCE,DIRECTION,INTERSECTION,WEATHER_1,WEATHER_2,STATE_HWY_IND,CALTRANS_COUNTY,CALTRANS_DISTRICT,STATE_ROUTE,ROUTE_SUFFIX,POSTMILE_PREFIX,POSTMILE,LOCATION_TYPE,RAMP_INTERSECTION,SIDE_OF_HWY,TOW_AWAY,COLLISION_SEVERITY,NUMBER_KILLED,NUMBER_INJURED,PARTY_COUNT,PRIMARY_COLL_FACTOR,PCF_CODE_OF_VIOL,PCF_VIOL_CATEGORY,PCF_VIOLATION,PCF_VIOL_SUBSECTION,HIT_AND_RUN,TYPE_OF_COLLISION,MVIW,PED_ACTION,ROAD_SURFACE,ROAD_COND_1,ROAD_COND_2,LIGHTING,CONTROL_DEVICE,CHP_ROAD_TYPE,PEDESTRIAN_ACCIDENT,BICYCLE_ACCIDENT,MOTORCYCLE_ACCIDENT,TRUCK_ACCIDENT,NOT_PRIVATE_PROPERTY,ALCOHOL_INVOLVED,STWD_VEHTYPE_AT_FAULT,CHP_VEHTYPE_AT_FAULT,COUNT_SEVERE_INJ,COUNT_VISIBLE_INJ,COUNT_COMPLAINT_PAIN,COUNT_PED_KILLED,COUNT_PED_INJURED,COUNT_BICYCLIST_KILLED,COUNT_BICYCLIST_INJURED,COUNT_MC_KILLED,COUNT_MC_INJURED,PRIMARY_RAMP,SECONDARY_RAMP,LATITUDE,LONGITUDE,COUNTY,CITY,POINT_X,POINT_Y
9143759,2020,2020-09-25,3610,2020-07-24,0549,51206,NA,5,5,6,3610,0,0,0,NA,0,BAKER,N E ST,E BASELINE ST,0,NA,Y,A,-,N,NA,NA,NA,NA,NA,NA,NA,NA,NA,Y,4,0,1,2,D,-,00,NA,NA,N,A,C,A,A,H,-,A,A,0,NA,NA,NA,NA,Y,NA,-,-,0,0,1,0,0,0,0,0,0,-,-,NA,NA,SAN BERNARDINO,SAN BERNARDINO,-117.29415893554688,34.1213493347168
91437971,2021,2021-03-29,9855,2021-03-17,2245,020161,NA,3,3,6,3616,0,1,1,NA,2,153,I-15 S/B (ONTARIO FWY),BASE LINE RD.,800,N,N,A,-,Y,NA,NA,15,NA,NA,NA,NA,NA,S,Y,3,0,1,1,A,-,01,23152,A,N,H,A,A,A,H,-,D,D,0,NA,NA,NA,NA,Y,Y,A,07,0,1,0,0,0,0,0,0,0,-,-,34.12310028076172,-117.51251983642578,SAN BERNARDINO,RANCHO CUCAMONGA,-117.51239776611328,34.122947692871094
91438803,2021,2021-03-30,9860,2021-03-24,1017,016575,NA,3,1,9,3600,0,2,4,NA,2,411,SANTA ANA AVE.,CEDAR AVE.,0,NA,Y,A,-,N,NA,NA,NA,NA,NA,NA,NA,NA,NA,Y,4,0,1,2,A,-,12,21453,A,F,D,C,A,A,H,-,A,A,0,NA,NA,NA,NA,Y,NA,A,01,0,0,1,0,0,0,0,0,0,-,-,34.055938720703125,-117.39647674560548,SAN BERNARDINO,UNINCORPORATED,-117.39649963378906,34.05587387084961
91439098,2021,2021-09-29,9850,2021-03-19,1840,022510,NA,5,2,5,3619,0,1,1,NA,2,081,I-15 NB,RANCHERO RD,3907,N,N,A,-,Y,NA,NA,15,NA,NA,NA,NA,NA,N,Y,4,0,1,2,A,-,07,21658,A,M,B,C,A,A,H,-,A,D,0,NA,NA,NA,NA,Y,NA,A,01,0,0,1,0,0,0,0,0,0,-,-,34.39216995239258,-117.40779113769533,SAN BERNARDINO,HESPERIA,-117.40775299072266,34.39213943481445
9143940,2020,2020-09-14,3600,2020-06-09,1713,E3738,VC057,2,5,5,3612,0,0,0,NA,0,VC5,HOOK BL,RENO LOOP RD,0,NA,Y,A,-,N,NA,NA,NA,NA,NA,NA,NA,NA,NA,Y,3,0,1,2,A,-,12,22450,A,N,D,C,A,A,H,-,A,A,0,NA,NA,NA,NA,Y,Y,A,01,0,1,0,0,0,0,0,0,0,-,-,NA,NA,SAN BERNARDINO,VICTORVILLE,-117.36099243164063,34.521278381347656
91440857,2021,2021-04-01,9835,2021-03-23,1653,022303,NA,2,2,9,3600,0,1,1,NA,2,075,I-15 N/B,HALLORAN SPRINGS RD,15998,N,N,A,-,Y,NA,NA,15,NA,NA,NA,NA,NA,N,Y,2,0,2,2,A,-,03,22350,NA,N,C,A,A,A,H,-,A,D,0,NA,NA,NA,Y,Y,NA,G,25,1,1,0,0,0,0,0,0,0,-,-,35.389869689941406,-115.84052276611328,SAN BERNARDINO,UNINCORPORATED,-115.84052276611328,35.389892578125
9144114,2020,2020-09-23,3600,2020-07-20,2140,G6205,RC040,1,5,6,3616,0,0,0,NA,0,RC01,ETIWANDA AV,ARROW RTE,0,NA,Y,A,-,N,NA,NA,NA,NA,NA,NA,NA,NA,NA,Y,4,0,1,2,A,-,12,21453,NA,M,D,C,A,A,H,-,C,A,0,NA,NA,NA,NA,Y,Y,-,-,0,0,1,0,0,0,0,0,0,-,-,NA,NA,SAN BERNARDINO,RANCHO CUCAMONGA,-117.52377319335938,34.0990104675293
91442972,2021,2021-04-05,9860,2021-03-28,2230,021149,NA,7,3,4,3603,0,1,1,NA,2,103,I-10 EB TO RANCHO AVE,RANCHO AVE,450,W,N,A,-,Y,NA,NA,10,NA,NA,NA,R,NA,E,Y,3,0,1,1,A,-,01,23152,A,N,E,I,A,A,H,-,D,A,0,NA,NA,NA,NA,Y,Y,A,01,0,1,0,0,0,0,0,0,0,-,-,34.067691802978516,-117.33747863769533,SAN BERNARDINO,COLTON,-117.33747863769533,34.067691802978516
91444410,2021,2021-04-06,9855,2021-03-25,0500,018000,NA,4,3,6,3607,0,1,3,NA,2,601,SR-60 W/B (POMONA FWY),ARCHIBALD AVE.,101,E,N,A,-,Y,NA,NA,60,NA,NA,NA,NA,NA,W,Y,2,0,1,1,A,-,01,23152,A,N,E,I,A,A,H,-,C,D,0,NA,NA,NA,NA,Y,Y,A,01,1,0,0,0,0,0,0,0,0,-,-,34.03083038330078,-117.5927276611328,SAN BERNARDINO,ONTARIO,-117.5927276611328,34.030731201171875
9144494,2020,2020-10-20,3600,2020-08-24,0939,C8664,AP007,1,5,5,3621,0,0,0,NA,0,AP2,CENTRAL RD,STANDING ROCK AV,493,S,N,A,-,N,NA,NA,NA,NA,NA,NA,NA,NA,NA,Y,3,0,1,2,A,-,03,22350,NA,N,C,C,A,A,H,-,A,D,0,NA,NA,NA,NA,Y,NA,A,01,0,1,0,0,0,0,0,0,0,-,-,34.52098083496094,-117.17291259765624,SAN BERNARDINO,APPLE VALLEY,-117.1728973388672,34.52103805541992
91445187,2021,2021-04-07,9835,2021-04-04,1055,021113,NA,7,1,9,3600,0,1,1,NA,2,047,I-40 W/B,KELBAKER RD,2482,W,N,A,-,Y,NA,NA,40,NA,NA,NA,NA,NA,W,Y,4,0,1,1,C,-,18,NA,NA,N,E,I,A,A,H,-,A,D,0,NA,NA,NA,NA,Y,NA,-,-,0,0,1,0,0,0,0,0,0,-,-,34.72016143798828,-115.69487762451172,SAN BERNARDINO,UNINCORPORATED,-115.69487762451172,34.720115661621094
91447688,2021,2021-04-12,9860,2021-04-03,1240,019321,NA,6,1,9,3600,0,2,4,NA,2,411,CEDAR AVE.,VALLEY BLVD.,0,NA,Y,A,-,N,NA,NA,NA,NA,NA,NA,NA,NA,NA,Y,4,0,1,2,A,-,12,21453,A,N,D,C,A,A,H,-,A,A,0,NA,NA,NA,NA,Y,NA,A,01,0,0,1,0,0,0,0,0,0,-,-,34.07044982910156,-117.39617919921876,SAN BERNARDINO,UNINCORPORATED,-117.39609527587892,34.07048034667969
91447695,2021,2021-04-12,9860,2021-04-04,0650,016800,NA,7,1,6,3610,0,1,1,NA,2,214,I-215 S/B TO I-10 W/B,I-215,399,W,N,A,-,Y,NA,NA,NA,NA,NA,NA,NA,NA,NA,Y,3,0,1,1,A,-,03,22350,NA,N,F,A,A,A,H,-,A,D,0,NA,NA,NA,Y,Y,NA,G,26,0,1,0,0,0,0,0,0,0,-,-,34.06513977050781,-117.29805755615234,SAN BERNARDINO,SAN BERNARDINO,NA,NA
9144787,2020,2020-10-13,3600,2020-08-07,1216,E2055,133,5,5,5,3619,0,0,0,NA,0,005,3RD AV,JUNIPER ST,0,NA,Y,A,-,N,NA,NA,NA,NA,NA,NA,NA,NA,NA,Y,3,0,2,2,A,-,09,21802,A,N,D,C,A,A,H,-,A,A,0,NA,NA,NA,NA,Y,NA,A,01,0,2,0,0,0,0,0,0,0,-,-,NA,NA,SAN BERNARDINO,HESPERIA,-117.30629730224608,34.42414093017578
9145022,2020,2020-10-24,3600,2020-08-17,0932,D2561,VC063,1,5,5,3612,0,0,0,NA,0,VC3,BEAR VALLEY RD,7TH AV,0,NA,Y,A,-,N,NA,NA,NA,NA,NA,NA,NA,NA,NA,Y,4,0,1,2,A,-,12,21453,A,M,D,C,A,A,H,-,A,A,0,NA,NA,NA,NA,Y,NA,A,01,0,0,1,0,0,0,0,0,0,-,-,NA,NA,SAN BERNARDINO,VICTORVILLE,-117.31237030029295,34.47071838378906
91450224,2021,2021-04-14,9860,2021-03-26,1735,022539,NA,5,2,9,3600,0,3,5,NA,2,002,CALIFORNIA STREET,DARBY ST,0,NA,Y,A,-,N,NA,NA,NA,NA,NA,NA,NA,NA,NA,Y,4,0,1,2,A,-,09,21801,A,F,A,C,A,A,H,-,A,D,0,NA,NA,NA,NA,Y,NA,A,01,0,0,1,0,0,0,0,0,0,-,-,34.146881103515625,-117.33114624023438,SAN BERNARDINO,UNINCORPORATED,-117.33111572265624,34.14664077758789
91450332,2021,2021-04-14,9835,2021-04-08,2225,022308,NA,4,3,9,3600,0,2,4,NA,1,018,FT IRWIN ROAD,MADRUGADOR RD,113,S,N,A,-,N,NA,NA,NA,NA,NA,NA,NA,NA,NA,Y,2,0,1,1,A,-,08,22107,NA,N,F,A,A,A,H,-,D,D,0,NA,NA,NA,NA,Y,NA,A,01,1,0,0,0,0,0,0,0,0,-,-,35.05390167236328,-116.88105010986328,SAN BERNARDINO,UNINCORPORATED,-116.88075256347656,35.05420684814453
91450397,2021,2021-04-14,9855,2021-04-04,2025,019675,NA,7,2,6,3607,0,1,1,NA,2,101,I-10 W/B (SAN BERNARDINO FWY),I-15,3000,E,N,A,-,Y,NA,NA,10,NA,NA,NA,NA,NA,W,N,3,0,1,2,A,-,11,21954,A,N,G,B,E,A,D,-,D,D,0,Y,NA,NA,NA,Y,NA,N,60,0,1,0,0,1,0,0,0,0,-,-,34.06752014160156,-117.53460693359376,SAN BERNARDINO,ONTARIO,-117.53460693359376,34.06745147705078
9145245,2020,2020-10-26,3608,2020-08-04,2303,5007,CENTR,2,5,5,3608,0,0,0,NA,0,NA,E LUGONIA AV,TRIBUNE ST,0,NA,Y,A,-,N,NA,NA,NA,NA,NA,NA,NA,NA,NA,Y,4,0,2,2,A,-,09,21801,NA,N,B,C,A,A,H,-,C,D,0,NA,NA,NA,NA,Y,NA,A,01,0,0,2,0,0,0,0,0,0,-,-,NA,NA,SAN BERNARDINO,REDLANDS,-117.17803192138672,34.07004165649414
91453112,2021,2021-04-19,9855,2021-04-03,0259,021233,NA,6,3,5,3611,0,1,1,NA,2,103,I-10 E/B (SAN BERNARDINO FWY),MOUNTAIN AVE.,1292,W,N,A,-,Y,NA,NA,10,NA,NA,NA,NA,NA,E,Y,4,0,1,1,A,-,01,23152,A,N,E,I,A,A,D,-,C,D,0,NA,NA,NA,NA,Y,Y,A,01,0,0,1,0,0,0,0,0,0,-,-,34.0872688293457,-117.67472076416016,SAN BERNARDINO,UPLAND,-117.67472076416016,34.087162017822266
91453435,2021,2021-04-19,9850,2021-03-26,1210,017377,NA,5,1,9,3600,0,2,4,NA,2,057,SHEEP CREEK ROAD,DUNCAN ROAD,0,NA,Y,A,-,N,NA,NA,NA,NA,NA,NA,NA,NA,NA,Y,4,0,2,3,A,-,12,22450,A,F,D,C,A,A,H,-,A,A,0,NA,NA,NA,NA,Y,NA,A,01,0,0,2,0,0,0,0,0,0,-,-,34.46989059448242,-117.57272338867188,SAN BERNARDINO,UNINCORPORATED,-117.57273864746094,34.46989059448242
91453817,2021,2021-04-20,9855,2021-04-09,1246,013860,NA,5,1,4,3605,0,1,1,NA,2,103,I-10 E/B (SAN BERNARDINO FWY),MONTE VISTA AVE.,1196,W,N,A,-,Y,NA,NA,NA,NA,NA,NA,NA,NA,NA,N,4,0,1,2,A,-,03,22350,NA,N,C,C,A,A,D,H,A,D,0,NA,NA,NA,NA,Y,NA,D,22,0,0,1,0,0,0,0,0,0,-,-,34.08169937133789,-117.02278137207033,SAN BERNARDINO,MONTCLAIR,-117.70084381103516,34.08169174194336
91455265,2021,2021-04-21,9855,2021-04-10,1025,018313,NA,6,1,6,3607,0,1,3,NA,2,601,SR-60 E/B (POMONA FWY),GROVE AVE.,2500,W,N,A,-,Y,NA,NA,60,NA,NA,NA,NA,NA,E,Y,4,0,2,3,A,-,03,22350,NA,N,C,C,A,A,D,-,A,D,0,NA,NA,NA,NA,Y,NA,A,07,0,0,2,0,0,0,0,0,0,-,-,34.030330657958984,-117.63574981689452,SAN BERNARDINO,ONTARIO,-117.63574981689452,34.0303840637207
9145562,2020,2021-02-23,3600,2020-12-20,1433,R2484,YC110,7,5,4,3640,0,0,0,NA,0,YC1,OAK GLEN RD,10TH ST,0,NA,Y,A,-,N,NA,NA,NA,NA,NA,NA,NA,NA,NA,Y,3,0,1,1,A,-,08,22107,NA,N,E,I,A,A,H,-,A,A,0,NA,NA,NA,NA,Y,NA,A,01,0,1,0,0,0,0,0,0,0,-,-,NA,NA,SAN BERNARDINO,YUCAIPA,-117.07752990722656,34.02857971191406
9145733,2020,2020-11-25,3600,2020-07-20,1609,F6904,RC013,1,5,6,3616,0,0,0,NA,0,RC3,MILLIKEN AV,RT 210,0,NA,Y,A,-,Y,SBD,8,210,-,-,7.726,R,4,W,NA,4,0,1,2,D,-,00,NA,NA,N,A,C,A,A,H,-,A,A,0,NA,NA,NA,NA,Y,NA,-,-,0,0,1,0,0,0,0,0,0,-,WO,NA,NA,SAN BERNARDINO,RANCHO CUCAMONGA,-117.56179809570313,34.13675308227539
91458636,2021,2021-04-26,9835,2021-04-18,1845,021981,NA,7,2,9,3600,0,1,1,NA,2,072,I-15 SB,OLD HWY 58,4435,N,N,A,-,Y,NA,NA,15,NA,NA,NA,NA,NA,S,Y,4,0,1,3,A,-,03,22350,NA,N,C,C,A,A,H,-,B,D,0,NA,NA,NA,NA,Y,NA,A,01,0,0,1,0,0,0,0,0,0,-,-,34.90610122680664,-116.95401000976563,SAN BERNARDINO,UNINCORPORATED,-116.95399475097656,34.906211853027344
91459804,2021,2021-04-27,9855,2021-04-17,1220,017323,NA,6,1,6,3607,0,1,1,NA,2,103,I-10 E/B (SAN BERNARDINO FWY),ARCHIBALD AVE.,528,E,N,A,-,Y,NA,NA,10,NA,NA,NA,NA,NA,E,N,4,0,1,2,A,-,03,22350,NA,N,C,C,A,A,D,-,A,D,0,NA,NA,NA,NA,Y,NA,A,01,0,0,1,0,0,0,0,0,0,-,-,34.06745147705078,-117.5876007080078,SAN BERNARDINO,ONTARIO,-117.5876007080078,34.0675163269043
91460126,2021,2021-04-28,9855,2021-04-17,2228,021855,NA,6,3,6,3604,0,1,1,NA,2,153,I-15 S/B (ONTARIO FWY),DUNCAN CANYON RD.,2250,S,N,A,-,Y,NA,NA,15,NA,NA,NA,NA,NA,S,Y,3,0,2,2,A,-,03,22350,NA,N,C,C,A,A,H,-,C,D,0,NA,NA,NA,NA,Y,NA,D,22,0,1,1,0,0,0,0,0,0,-,-,34.160518646240234,-117.46704864501952,SAN BERNARDINO,FONTANA,-117.46704864501952,34.16051483154297
91460186,2021,2021-04-28,9865,2021-04-25,0025,021841,NA,7,3,9,3600,0,1,3,NA,2,020,SR-330,HIGHLAND AVENUE,4224,N,N,A,-,Y,NA,NA,330,NA,NA,NA,NA,NA,NA,Y,2,0,1,1,A,-,08,22107,NA,N,F,I,A,A,H,-,D,D,0,NA,NA,NA,NA,Y,NA,A,07,1,0,0,0,0,0,0,0,0,-,-,34.147029876708984,-117.18958282470705,SAN BERNARDINO,UNINCORPORATED,-117.18964385986328,34.14702224731445
91461238,2021,2021-05-24,9835,2021-04-10,2205,022218,NA,6,3,9,3600,0,3,5,NA,2,032,COPPER CITY ROAD,OLD YERMO CUTOFF,1300,N,N,A,-,N,NA,NA,NA,NA,NA,NA,NA,NA,NA,N,2,0,2,2,A,-,09,21804,A,F,D,C,A,A,H,-,D,D,0,NA,NA,Y,NA,Y,Y,C,06,2,0,0,0,0,0,0,0,2,-,-,35.038509368896484,-116.97186279296876,SAN BERNARDINO,UNINCORPORATED,-116.9721221923828,35.039268493652344
91463118,2021,2021-04-30,9865,2021-04-24,0200,021669,NA,6,3,9,3600,0,1,3,NA,2,014,SR-138,BYRON ROAD,70,W,N,A,-,Y,NA,NA,138,NA,NA,NA,NA,NA,NA,Y,4,0,1,1,A,-,01,23152,A,N,F,I,A,A,H,-,D,D,0,NA,NA,NA,NA,Y,Y,A,01,0,0,1,0,0,0,0,0,0,-,-,34.24911880493164,-117.3026885986328,SAN BERNARDINO,UNINCORPORATED,-117.30266571044922,34.24909591674805
91463497,2021,2021-04-30,9855,2021-04-23,1550,020046,NA,5,2,9,3600,0,3,5,NA,2,001,KAISER WAY (9600 BLOCK),SAN BERNARDINO AVE.,50,N,N,A,-,N,NA,NA,NA,NA,NA,NA,NA,NA,NA,Y,4,0,1,2,A,-,08,22107,NA,N,B,D,A,A,H,-,A,D,0,NA,NA,NA,NA,Y,NA,A,01,0,0,1,0,0,0,0,0,0,-,-,34.07754135131836,-117.5185089111328,SAN BERNARDINO,UNINCORPORATED,-117.51840209960938,34.07721710205078
91464550,2021,2021-05-03,9860,2021-04-21,2110,019706,NA,3,2,9,3600,0,1,1,NA,2,152,I-15 SOUTHBOUND,CLEGHORN RD,1702,N,N,A,-,Y,NA,NA,15,NA,NA,NA,NA,NA,S,Y,4,0,2,3,A,-,07,21658,A,N,B,C,A,A,H,-,D,D,0,NA,NA,NA,NA,Y,NA,D,22,0,0,2,0,0,0,0,0,0,-,-,34.30270004272461,-117.46119689941406,SAN BERNARDINO,UNINCORPORATED,-117.4612045288086,34.30269241333008
91464621,2021,2021-05-03,9855,2021-04-24,2205,021855,NA,6,3,4,3605,0,1,1,NA,2,103,I-10 W/B (SAN BERNARDINO FWY),MONTE VISTA AVE.,600,E,N,A,-,Y,NA,NA,10,NA,NA,NA,NA,NA,W,Y,2,0,4,4,A,-,07,21658,A,N,E,I,A,A,D,-,C,D,0,NA,NA,NA,NA,Y,NA,D,22,1,2,1,0,0,0,0,0,0,-,-,34.082889556884766,-117.69627380371094,SAN BERNARDINO,MONTCLAIR,-117.6962432861328,34.08280944824219
91464677,2021,2021-05-03,9855,2021-04-24,1851,019675,NA,6,2,9,3600,0,3,5,NA,2,001,MERRILL AVENUE E/B (14700 BLOCK),REDWOOD AVE.,125,E,N,B,-,N,NA,NA,NA,NA,NA,NA,NA,NA,NA,N,2,0,1,2,A,-,06,21750,NA,N,B,C,A,A,H,-,A,D,0,NA,NA,NA,NA,Y,NA,A,01,1,0,0,0,0,0,0,0,0,-,-,34.09199905395508,-117.48377227783205,SAN BERNARDINO,UNINCORPORATED,-117.48379516601563,34.091983795166016
91467625,2021,2021-05-07,9860,2021-04-28,0047,014777,NA,3,3,9,3600,0,1,1,NA,2,152,I-15 N/B,SR-138,3168,S,N,A,-,Y,NA,NA,15,NA,NA,NA,NA,NA,N,Y,4,0,2,2,A,-,08,22107,NA,N,B,C,A,A,H,-,D,D,0,NA,NA,NA,NA,Y,NA,A,01,0,0,2,0,0,0,0,0,0,-,-,34.30554962158203,-117.46678161621094,SAN BERNARDINO,UNINCORPORATED,-117.46678161621094,34.3055534362793
91467740,2021,2021-05-07,9860,2021-04-28,0805,016800,NA,3,1,6,3610,0,1,1,NA,2,214,I-215 S/B,MILL ST,447,S,N,A,-,Y,NA,NA,215,NA,NA,NA,NA,NA,S,Y,4,0,2,2,A,-,03,22350,NA,N,C,C,A,A,H,-,A,D,0,NA,NA,NA,NA,Y,NA,A,01,0,0,2,0,0,0,0,0,0,-,-,34.090858459472656,-117.3019790649414,SAN BERNARDINO,SAN BERNARDINO,-117.30200958251952,34.09086227416992
9146883,2020,2020-09-14,3611,2020-06-13,2027,3223,3611,6,5,5,3611,0,0,0,NA,0,002,CENTRAL AV,9TH ST,0,NA,Y,A,-,N,NA,NA,NA,NA,NA,NA,NA,NA,NA,NA,4,0,1,2,A,-,10,21950,A,N,G,B,B,A,H,-,C,A,0,Y,NA,NA,NA,Y,NA,-,NA,0,0,1,0,1,0,0,0,0,-,-,NA,NA,SAN BERNARDINO,UPLAND,-117.68953704833984,34.095211029052734
91470542,2021,2021-05-11,9855,2021-04-30,0304,021233,NA,5,3,6,3607,0,1,1,NA,2,103,I-10 W/B (SAN BERNARDINO FWY),ARCHIBALD AVE.,3100,E,N,A,-,Y,NA,NA,10,NA,NA,NA,NA,NA,W,Y,2,0,1,2,A,-,01,23152,A,N,C,C,A,A,D,-,C,D,0,NA,NA,Y,NA,Y,Y,A,08,1,0,0,0,0,0,0,0,1,-,-,34.06774139404297,-117.58611297607422,SAN BERNARDINO,ONTARIO,-117.58611297607422,34.06769943237305
91475207,2021,2021-05-18,9855,2021-05-07,1625,020046,NA,5,2,6,3607,0,1,1,NA,2,101,I-10 E/B (SAN BERNARDINO FWY),MILLIKEN AVE.,500,W,N,A,-,Y,NA,NA,10,NA,NA,NA,NA,NA,E,N,4,0,1,4,A,-,08,22107,NA,N,B,C,A,A,D,-,A,D,0,NA,NA,NA,NA,Y,NA,A,01,0,0,1,0,0,0,0,0,0,-,-,34.067359924316406,-117.56060791015624,SAN BERNARDINO,ONTARIO,-117.56060791015624,34.067386627197266
91475244,2021,2021-05-18,9850,2021-05-06,0355,021758,NA,4,3,5,3619,0,1,1,NA,2,082,I-15 S/B,JOSHUA ST,1979,N,N,A,-,Y,NA,NA,15,NA,NA,NA,NA,NA,S,Y,4,0,1,3,A,-,03,22350,NA,N,C,C,A,A,H,-,D,D,0,NA,NA,NA,NA,Y,NA,A,07,0,0,1,0,0,0,0,0,0,-,-,34.41083908081055,-117.39289855957033,SAN BERNARDINO,HESPERIA,-117.39293670654295,34.410865783691406
91476672,2021,2021-05-19,9860,2021-04-20,1350,019725,NA,2,1,9,3600,0,1,1,NA,2,152,I-15 N/B,SR-138,400,S,N,A,-,Y,NA,NA,15,NA,NA,NA,NA,NA,N,Y,4,0,1,2,A,-,03,22350,NA,N,C,C,A,A,H,-,A,D,0,NA,NA,NA,NA,Y,NA,D,22,0,0,1,0,0,0,0,0,0,-,-,34.310951232910156,-117.4736328125,SAN BERNARDINO,UNINCORPORATED,-117.47362518310548,34.31095886230469
91476964,2021,2021-05-19,9834,2021-05-13,2105,018343,NA,4,2,9,3600,0,2,4,NA,1,067,PARKER DAM ROAD,SR-62,11616,N,N,A,-,N,NA,NA,NA,NA,NA,NA,NA,NA,NA,Y,3,0,1,1,A,-,01,23152,A,N,E,I,A,A,H,-,D,D,0,NA,NA,NA,NA,Y,Y,D,22,0,1,0,0,0,0,0,0,0,-,-,34.178871154785156,-114.26756286621094,SAN BERNARDINO,UNINCORPORATED,-114.26925659179688,34.178409576416016
9147707,2020,2020-10-22,3610,2020-08-05,1311,51279,NA,3,5,6,3610,0,0,0,NA,0,CHARLI,NORTH SIERRA WY,BASELINE ST,0,NA,Y,A,-,N,NA,NA,NA,NA,NA,NA,NA,NA,NA,Y,3,0,2,2,A,-,09,21801,A,N,A,C,A,A,H,-,A,A,0,NA,NA,NA,NA,Y,NA,A,01,0,1,1,0,0,0,0,0,0,-,-,34.12133026123047,-117.28510284423828,SAN BERNARDINO,SAN BERNARDINO,-117.28514862060548,34.121341705322266
9147708,2020,2020-10-21,3610,2020-08-05,1620,51269,NA,3,5,6,3610,0,0,0,NA,0,ADAM,W 9TH ST,N CABRERA AV,0,NA,Y,A,-,N,NA,NA,NA,NA,NA,NA,NA,NA,NA,Y,4,0,1,2,A,-,09,21801,A,N,D,C,A,A,H,-,A,D,0,NA,NA,NA,NA,Y,NA,A,01,0,0,1,0,0,0,0,0,0,-,-,34.10411071777344,-117.34850311279295,SAN BERNARDINO,SAN BERNARDINO,-117.32047271728516,34.115760803222656
9147910,2020,2020-09-29,3600,2020-07-28,1712,E8923,HI007,2,5,4,3618,0,0,0,NA,0,HI2,MCKINLEY AV,CYPRESS AV,40,S,N,A,-,N,NA,NA,NA,NA,NA,NA,NA,NA,NA,Y,4,0,1,3,A,-,01,23152,A,N,A,C,A,A,H,-,A,B,0,NA,NA,NA,NA,Y,NA,A,01,0,0,1,0,0,0,0,0,0,-,-,34.113651275634766,-117.23639678955078,SAN BERNARDINO,HIGHLAND,-117.23741149902344,34.11405944824219
91479663,2021,2021-05-24,9834,2021-05-11,1118,020488,NA,2,1,2,3606,0,1,1,NA,2,046,I-40 E/B,E. BROADWAY,3960,E,N,A,-,Y,NA,NA,40,NA,NA,NA,NA,NA,E,Y,2,0,1,1,A,-,03,22350,NA,N,F,A,A,A,H,-,A,D,0,NA,NA,Y,NA,Y,NA,C,02,1,0,0,0,0,0,0,0,1,-,-,34.814640045166016,-114.59400177001952,SAN BERNARDINO,NEEDLES,-114.59400177001952,34.814640045166016
91480518,2021,2021-05-24,9835,2021-05-14,1835,022571,NA,5,2,9,3600,0,1,3,NA,1,020,SR-127,DUMONT DUNES RD,4066,S,N,A,-,Y,NA,NA,127,NA,NA,NA,NA,NA,NA,Y,3,0,2,1,A,-,08,22107,NA,N,E,I,A,A,H,-,A,D,0,NA,NA,NA,NA,Y,NA,D,22,0,2,0,0,0,0,0,0,0,-,-,35.68115997314453,-116.3006591796875,SAN BERNARDINO,UNINCORPORATED,-116.30066680908205,35.68115997314453
91480734,2021,2021-05-25,9855,2021-05-13,1524,017506,NA,4,2,5,3611,0,1,1,NA,2,203,SR-210 W/B (FOOTHILL FWY),MOUNTAIN AVE.,300,W,N,A,-,Y,NA,NA,210,NA,NA,NA,NA,NA,W,Y,2,0,1,2,A,-,07,21658,A,N,B,C,A,A,H,-,A,D,0,NA,NA,NA,NA,Y,NA,A,01,1,0,0,0,0,0,0,0,0,-,-,34.13481140136719,-117.67176818847656,SAN BERNARDINO,UPLAND,-117.67176818847656,34.13483428955078
91482840,2021,2021-05-27,9850,2021-05-19,1015,019908,NA,3,1,9,3600,0,1,3,NA,2,046,SR-247,RABBIT SPRINGS RD,0,NA,Y,A,-,Y,NA,NA,247,NA,NA,NA,NA,NA,NA,Y,4,0,1,2,A,-,12,22450,A,N,D,C,A,A,H,-,A,D,0,NA,NA,NA,NA,Y,NA,A,07,0,0,1,0,0,0,0,0,0,-,-,34.4564094543457,-116.9458236694336,SAN BERNARDINO,UNINCORPORATED,-116.94581604003906,34.4564094543457