CASE_ID,ACCIDENT_YEAR,PROC_DATE,JURIS,COLLISION_DATE,COLLISION_TIME,OFFICER_ID,REPORTING_DISTRICT,DAY_OF_WEEK,CHP_SHIFT,POPULATION,CNTY_CITY_LOC,SPECIAL_COND,BEAT_TYPE,CHP_BEAT_TYPE,CITY_DIVISION_LAPD,CHP_BEAT_CLASS,BEAT_NUMBER,PRIMARY_RD,SECONDARY_RD,DISTANCE,DIRECTION,INTERSECTION,WEATHER_1,WEATHER_2,STATE_HWY_IND,CALTRANS_COUNTY,CALTRANS_DISTRICT,STATE_ROUTE,ROUTE_SUFFIX,POSTMILE_PREFIX,POSTMILE,LOCATION_TYPE,RAMP_INTERSECTION,SIDE_OF_HWY,TOW_AWAY,COLLISION_SEVERITY,NUMBER_KILLED,NUMBER_INJURED,PARTY_COUNT,PRIMARY_COLL_FACTOR,PCF_CODE_OF_VIOL,PCF_VIOL_CATEGORY,PCF_VIOLATION,PCF_VIOL_SUBSECTION,HIT_AND_RUN,TYPE_OF_COLLISION,MVIW,PED_ACTION,ROAD_SURFACE,ROAD_COND_1,ROAD_COND_2,LIGHTING,CONTROL_DEVICE,CHP_ROAD_TYPE,PEDESTRIAN_ACCIDENT,BICYCLE_ACCIDENT,MOTORCYCLE_ACCIDENT,TRUCK_ACCIDENT,NOT_PRIVATE_PROPERTY,ALCOHOL_INVOLVED,STWD_VEHTYPE_AT_FAULT,CHP_VEHTYPE_AT_FAULT,COUNT_SEVERE_INJ,COUNT_VISIBLE_INJ,COUNT_COMPLAINT_PAIN,COUNT_PED_KILLED,COUNT_PED_INJURED,COUNT_BICYCLIST_KILLED,COUNT_BICYCLIST_INJURED,COUNT_MC_KILLED,COUNT_MC_INJURED,PRIMARY_RAMP,SECONDARY_RAMP,LATITUDE,LONGITUDE,COUNTY,CITY,POINT_X,POINT_Y
9174123,2020,2021-02-03,3602,2020-11-12,1751,3821,78,4,5,5,3602,0,0,0,NA,0,001,EAST END AV,CHINO AV,0,NA,Y,A,-,N,NA,NA,NA,NA,NA,NA,NA,NA,NA,Y,3,0,1,2,A,-,09,21801,A,N,A,C,A,A,H,-,C,A,0,NA,NA,Y,NA,Y,NA,A,01,0,1,0,0,0,0,0,0,1,-,-,34.01158905029297,-117.72412109375,SAN BERNARDINO,CHINO,-117.72411346435548,34.01158905029297
9174124,2020,2021-02-03,3602,2020-11-16,1128,1127,NA,1,5,5,3602,0,0,0,NA,0,NA,SCHAEFER AV,PIPELINE LILY GONZALES,0,NA,Y,A,-,N,NA,NA,NA,NA,NA,NA,NA,NA,NA,N,3,0,1,3,A,-,12,21453,A,N,D,C,A,A,H,-,A,A,0,NA,NA,NA,NA,Y,NA,A,01,0,1,0,0,0,0,0,0,0,-,-,NA,NA,SAN BERNARDINO,CHINO,-117.71529,34.00438
91741670,2022,2022-04-05,9855,2022-03-28,1355,018727,NA,1,1,5,3611,0,1,1,NA,2,103,I-10 W/B (SAN BERNARDINO FWY),MOUNTAIN AVE.,325,E,N,B,C,Y,SBD,NA,10,NA,NA,2.459,H,NA,L,Y,4,0,2,3,A,-,03,22350,NA,N,C,C,A,B,D,-,A,D,0,NA,NA,NA,NA,Y,NA,D,22,0,0,2,0,0,0,0,0,0,-,-,34.087379455566406,-117.66883850097656,SAN BERNARDINO,UPLAND,-117.66883850097656,34.08739471435547
91742367,2022,2022-04-27,9855,2022-03-26,1110,016375,NA,6,1,6,3607,0,1,1,NA,2,101,I-10 W/B (SAN BERNARDINO FWY),MILLIKEN AVE.,528,E,N,A,-,Y,SBD,NA,10,NA,NA,9.29,H,NA,L,N,3,0,1,2,A,-,03,22350,NA,N,B,C,A,A,H,-,A,D,0,NA,NA,Y,NA,Y,NA,C,02,0,1,0,0,0,0,0,0,1,-,-,34.06753158569336,-117.55621337890624,SAN BERNARDINO,ONTARIO,-117.55621337890624,34.06755828857422
91744383,2022,2022-04-08,9855,2022-04-01,1606,019675,NA,5,2,9,3600,0,3,5,NA,2,001,ARROW ROUTE,MULBERRY AVENUE,0,NA,Y,A,-,N,NA,NA,NA,NA,NA,NA,NA,NA,NA,Y,3,0,3,3,A,-,09,21802,A,N,D,C,A,A,H,-,A,A,0,NA,NA,NA,NA,Y,NA,A,08,0,1,2,0,0,0,0,0,0,-,-,34.099178314208984,-117.50621032714844,SAN BERNARDINO,UNINCORPORATED,-117.50623321533205,34.09916305541992
91744957,2022,2022-04-11,9850,2022-03-31,0723,021162,NA,4,1,9,3600,0,1,3,NA,2,044,SR-247,FAIRLANE ROAD,445,W,N,A,-,N,NA,NA,NA,NA,NA,NA,NA,NA,NA,Y,3,0,4,2,A,-,08,22107,NA,N,D,C,A,A,H,-,A,D,0,NA,NA,NA,NA,Y,NA,A,01,0,4,0,0,0,0,0,0,0,-,-,34.44377136230469,-116.87721252441406,SAN BERNARDINO,UNINCORPORATED,-116.87721252441406,34.44383239746094
91746120,2022,2022-04-12,9850,2022-04-08,0910,019278,NA,5,1,5,3619,0,1,1,NA,2,081,I-15 S/B,JOSHUA STREET,340,S,N,A,-,Y,SBD,NA,15,NA,NA,32.209,H,NA,R,N,4,0,1,2,A,-,03,22350,NA,N,C,C,A,A,H,-,A,D,0,NA,NA,NA,NA,Y,NA,A,01,0,0,1,0,0,0,0,0,0,-,-,34.404598236083984,-117.39714813232422,SAN BERNARDINO,HESPERIA,-117.3974151611328,34.40473937988281
91747189,2022,2022-04-13,9835,2022-03-31,0651,015354,NA,4,1,9,3600,0,3,5,NA,2,034,STATE ROUTE 127,BAKER BLVD.,192350,N,N,A,-,Y,SBD,NA,127,NA,NA,36.384,H,NA,R,Y,2,0,1,1,A,-,08,22107,NA,N,F,A,A,A,H,-,A,D,0,NA,NA,NA,NA,Y,NA,A,01,1,0,0,0,0,0,0,0,0,-,-,35.72850036621094,-116.31060028076172,SAN BERNARDINO,UNINCORPORATED,-116.31057739257813,35.7285041809082
91747461,2022,2022-04-13,9835,2022-03-31,1245,021035,NA,4,1,9,3600,0,1,1,NA,2,077,I-15 S/B,YATES WELL RD,387,S,N,A,-,Y,SBD,NA,15,NA,NA,181.319,H,NA,L,Y,3,0,2,1,A,-,01,23152,A,N,E,J,A,A,H,-,A,D,0,NA,NA,NA,NA,Y,Y,A,01,0,2,0,0,0,0,0,0,0,-,-,35.539859771728516,-115.42041778564452,SAN BERNARDINO,UNINCORPORATED,-115.4203872680664,35.539852142333984
9174845,2020,2020-12-12,3600,2020-10-15,1558,C9499,YC404,4,5,4,3640,0,0,0,NA,0,YC3,YUCAIPA BL,11TH ST,0,NA,Y,A,-,N,NA,NA,NA,NA,NA,NA,NA,NA,NA,N,4,0,1,2,A,-,09,21801,A,N,B,C,A,A,H,-,A,A,0,NA,NA,NA,NA,Y,NA,A,01,0,0,1,0,0,0,0,0,0,-,-,NA,NA,SAN BERNARDINO,YUCAIPA,-117.08235931396484,34.033939361572266
91749019,2022,2022-04-15,9855,2022-04-09,1950,021156,NA,6,2,9,3600,0,3,5,NA,2,001,ARROW RTE.,ALMOND AVE.,0,NA,Y,A,-,N,NA,NA,NA,NA,NA,NA,NA,NA,NA,Y,4,0,2,2,A,-,12,22450,A,N,D,C,A,A,H,-,C,A,0,NA,NA,NA,NA,Y,NA,A,01,0,0,2,0,0,0,0,0,0,-,-,34.09928894042969,-117.49315643310548,SAN BERNARDINO,UNINCORPORATED,-117.49317169189452,34.099281311035156
9175223,2020,2020-11-25,3600,2020-08-22,1237,H8299,VC013,6,5,5,3612,0,0,0,NA,0,VC4,AMARGOSA RD,DESERT ESCAPE,0,NA,Y,A,-,N,NA,NA,NA,NA,NA,NA,NA,NA,NA,Y,3,0,2,2,A,-,03,22350,NA,N,C,C,A,A,H,-,A,A,0,NA,NA,NA,NA,Y,NA,A,07,0,1,1,0,0,0,0,0,0,-,-,NA,NA,SAN BERNARDINO,VICTORVILLE,-117.35028076171876,34.4659309387207
91753533,2022,2022-04-21,9855,2022-04-13,1015,016375,NA,3,1,6,3607,0,1,1,NA,2,103,I-10 E/B (SAN BERNARDINO FWY),SULTANA AVE,100,W,N,A,-,Y,SBD,NA,10,NA,NA,3.745,H,NA,R,N,4,0,2,3,A,-,03,22350,NA,N,C,C,A,A,D,E,A,D,0,NA,NA,NA,NA,Y,NA,A,01,0,0,2,0,0,0,0,0,0,-,-,34.08723831176758,-117.64630889892578,SAN BERNARDINO,ONTARIO,-117.64630889892578,34.087284088134766
91755015,2022,2022-04-25,9860,2022-04-18,2200,020856,NA,1,3,9,3600,0,1,1,NA,2,105,I-15 NORTHBOUND,KENWOOD AVENUE,5280,N,N,A,-,Y,SBD,NA,15,NA,R,16.086,H,NA,R,Y,4,0,1,2,A,-,03,22350,NA,N,C,C,A,A,H,-,D,D,0,NA,NA,NA,NA,Y,NA,A,01,0,0,1,0,0,0,0,0,0,-,-,34.24769973754883,-117.43830108642578,SAN BERNARDINO,UNINCORPORATED,-117.43831634521484,34.2476806640625
91756139,2022,2022-04-25,9860,2022-04-17,1200,018275,NA,7,1,9,3600,0,1,3,NA,1,380,MILL CREEK ROAD (SR-38),JULIAN DR  E,250,W,N,A,-,N,NA,NA,NA,NA,NA,NA,NA,NA,NA,Y,4,0,1,2,A,-,21,22106,NA,N,D,C,A,A,H,-,C,D,0,NA,NA,NA,NA,Y,NA,D,22,0,0,1,0,0,0,0,0,0,-,-,34.073448181152344,-117.07971954345705,SAN BERNARDINO,UNINCORPORATED,-117.07971954345705,34.07345199584961
91756160,2022,2022-04-26,9860,2022-04-15,1945,022439,NA,5,2,9,3600,0,3,5,NA,2,002,STATE STREET,SHORT STREET,40,N,N,A,-,N,NA,NA,NA,NA,NA,NA,NA,NA,NA,N,3,0,1,1,A,-,03,22350,NA,N,F,A,A,A,H,-,C,D,0,NA,Y,NA,NA,Y,NA,L,04,0,1,0,0,0,0,1,0,0,-,-,34.15386962890625,-117.33525848388672,SAN BERNARDINO,UNINCORPORATED,-117.33534240722656,34.15400695800781
91757490,2022,2022-04-27,9855,2022-03-06,0105,021483,NA,7,3,5,3602,0,1,3,NA,2,603,SR-60 E/B (POMONA FWY),CENTRAL AVENUE,315,E,N,A,-,Y,SBD,NA,60,NA,R,2.481,H,NA,R,Y,3,0,1,2,A,-,01,23152,A,N,E,8,A,A,D,-,C,D,0,NA,NA,NA,NA,Y,Y,D,22,0,1,0,0,0,0,0,0,0,-,-,34.030250549316406,-117.68746948242188,SAN BERNARDINO,CHINO,-117.68746948242188,34.03021240234375
91758769,2022,2022-04-28,9850,2022-04-21,0115,022148,NA,4,3,9,3600,0,3,5,NA,2,003,KOURIE WAY,JENNY ST,0,NA,Y,A,-,N,NA,NA,NA,NA,NA,NA,NA,NA,NA,Y,3,0,1,1,A,-,01,23152,A,N,E,I,A,A,H,-,D,D,0,NA,NA,NA,NA,Y,Y,A,01,0,1,0,0,0,0,0,0,0,-,-,34.37705993652344,-117.40338134765624,SAN BERNARDINO,UNINCORPORATED,-117.40312957763672,34.37228775024414
91758818,2022,2022-04-28,9865,2022-04-23,1420,020725,NA,6,2,9,3600,0,1,3,NA,1,030,SR-18,SIBERIA CREEK TRAIL,6336,N,N,A,-,Y,SBD,NA,18,NA,NA,39.189,H,NA,R,Y,3,0,1,1,A,-,03,22350,NA,N,E,I,A,A,H,-,A,D,0,NA,NA,NA,NA,Y,NA,A,01,0,1,0,0,0,0,0,0,0,-,-,34.23543167114258,-117.02754974365234,SAN BERNARDINO,UNINCORPORATED,-117.02751159667967,34.235443115234375
91760508,2022,2022-04-29,9860,2022-04-17,1545,022539,NA,7,2,9,3600,0,1,1,NA,2,102,I-10 E/B TO CEDAR AVENUE,CEDAR AVENUE,135,W,N,A,-,Y,NA,NA,NA,NA,NA,NA,NA,NA,NA,N,4,0,2,2,A,-,03,22350,NA,N,C,C,A,A,H,-,A,D,0,NA,NA,NA,NA,Y,NA,A,01,0,0,2,0,0,0,0,0,0,-,-,34.06789016723633,-117.39669036865234,SAN BERNARDINO,UNINCORPORATED,-117.39669036865234,34.06789016723633
91764516,2022,2022-05-04,9860,2022-01-22,2045,022319,NA,6,2,6,3610,0,1,1,NA,2,216,I-215 S/B,5TH ST.,900,N,N,A,-,Y,SBD,NA,215,NA,NA,7.381,H,NA,L,Y,2,0,1,4,A,-,03,22350,NA,F,C,2,E,A,H,-,C,D,0,Y,NA,NA,NA,Y,NA,A,01,1,0,0,0,1,0,0,0,0,-,-,34.11109924316406,-117.30274200439452,SAN BERNARDINO,SAN BERNARDINO,-117.30281829833984,34.11109924316406
9176462,2020,2020-11-23,3611,2020-08-06,1203,2297,3611,4,5,5,3611,0,0,0,NA,0,003,FOOTHILL BL,CAMPUS AV,0,NA,Y,A,-,N,NA,NA,NA,NA,NA,NA,NA,NA,NA,Y,3,0,1,2,D,-,00,NA,NA,N,D,C,A,A,H,-,A,A,0,NA,NA,NA,NA,Y,NA,-,-,0,1,0,0,0,0,0,0,0,-,-,NA,NA,SAN BERNARDINO,UPLAND,-117.64151763916016,34.10704040527344
91765399,2022,2022-05-05,9855,2022-02-13,2310,021959,NA,7,3,6,3607,0,1,1,NA,2,203,STATE ROUTE 210,MILLIKEN AVENUE,377,E,N,A,-,Y,SBD,NA,210,NA,NA,7.991,H,NA,R,Y,3,0,1,1,A,-,01,23152,A,N,E,I,A,A,H,-,D,D,0,NA,NA,NA,NA,Y,Y,A,01,0,1,0,0,0,0,0,0,0,-,-,34.13650894165039,-117.55709838867188,SAN BERNARDINO,ONTARIO,-117.55709838867188,34.13642883300781
91765609,2022,2022-05-05,9850,2022-04-28,1735,022386,NA,4,2,5,3619,0,1,1,NA,2,082,I-15 N/B,MAIN ST,654,S,N,A,-,Y,SBD,NA,15,NA,NA,33.857,H,NA,R,N,4,0,1,2,A,-,03,22350,NA,N,C,C,A,A,D,-,A,D,0,NA,NA,NA,NA,Y,NA,A,01,0,0,1,0,0,0,0,0,0,-,-,34.425010681152344,-117.38159942626952,SAN BERNARDINO,HESPERIA,-117.38159942626952,34.42500686645508
91765720,2022,2022-05-05,9860,2022-04-28,1420,019706,NA,4,2,5,3608,0,1,1,NA,2,106,I-10 EASTBOUND,WABASH AVE,253,W,N,A,-,Y,SBD,NA,10,NA,NA,34.234,H,NA,R,N,4,0,1,2,A,-,03,22350,NA,N,C,C,A,A,H,-,A,D,0,NA,NA,NA,NA,Y,NA,A,01,0,0,1,0,0,0,0,0,0,-,-,34.03348159790039,-117.13967895507813,SAN BERNARDINO,REDLANDS,-117.13970947265624,34.033424377441406
91767062,2022,2022-05-09,9860,2022-04-15,1013,019009,NA,5,1,9,3600,0,3,5,NA,2,001,KENWOOD AVE.,KENWOOD AVE. FROM I-15 S/B,0,NA,Y,A,-,N,NA,NA,NA,NA,NA,NA,NA,NA,NA,Y,3,0,3,2,A,-,12,22450,A,N,D,C,A,A,H,-,A,A,0,NA,NA,NA,NA,Y,NA,A,07,0,1,2,0,0,0,0,0,0,-,-,34.23612976074219,-117.42546081542967,SAN BERNARDINO,UNINCORPORATED,-117.4252700805664,34.23648452758789
91767077,2022,2022-05-09,9860,2022-05-06,0750,018275,NA,5,1,5,3609,0,1,1,NA,2,201,SR-210 W/B,CACTUS AVE,800,W,N,A,-,Y,SBD,NA,210,NA,NA,17.78,H,NA,L,Y,3,0,1,2,A,-,03,22350,NA,N,C,C,A,A,H,-,A,D,0,NA,NA,NA,NA,Y,NA,A,01,0,1,0,0,0,0,0,0,0,-,-,34.13587951660156,-117.38632965087892,SAN BERNARDINO,RIALTO,-117.38632965087892,34.13591003417969
91767102,2022,2022-05-09,9860,2022-05-03,2110,021638,NA,2,2,4,3603,0,1,1,NA,2,214,I-215 N/B,WASHINGTON STREET,600,S,N,A,-,Y,SBD,NA,215,NA,NA,2.566,H,NA,R,N,4,0,1,2,A,-,03,22350,NA,N,C,C,A,A,D,E,D,A,0,NA,NA,NA,NA,Y,NA,A,01,0,0,1,0,0,0,0,0,0,-,-,34.0463981628418,-117.30905151367188,SAN BERNARDINO,COLTON,-117.30908966064452,34.046443939208984
91767170,2022,2022-05-09,9860,2022-04-25,1515,019706,NA,1,2,4,3640,0,1,1,NA,2,106,I-10 WESTBOUND,OAK GLEN RD.,1868,E,N,A,-,Y,SBD,NA,10,NA,R,37.387,H,NA,L,Y,3,0,1,2,A,-,07,21658,A,N,B,C,A,A,H,-,A,D,0,NA,NA,Y,NA,Y,NA,A,07,0,1,0,0,0,0,0,0,1,-,-,34.01530075073242,-117.08997344970705,SAN BERNARDINO,YUCAIPA,-117.08997344970705,34.01536178588867
9176925,2020,2021-01-22,3600,2020-08-30,0154,G8529,3600,7,5,5,3621,0,0,0,NA,0,004,BEAR VALLEY RD,JOSHUA RD,0,NA,Y,A,-,N,NA,NA,NA,NA,NA,NA,NA,NA,NA,Y,4,0,1,2,A,-,12,22450,A,N,D,D,A,A,H,-,D,A,0,NA,NA,NA,NA,Y,Y,-,-,0,0,1,0,0,0,0,0,0,-,-,NA,NA,SAN BERNARDINO,APPLE VALLEY,-117.1550521850586,34.471778869628906
91769680,2022,2022-05-11,9835,2022-04-29,1415,022649,NA,5,2,9,3600,0,1,1,NA,2,074,I-15 S/B,BASIN RD,9504,S,N,A,-,Y,SBD,NA,15,NA,R,118.622,H,NA,L,Y,3,0,1,1,A,-,08,22107,NA,N,E,I,A,A,H,-,A,D,0,NA,NA,NA,NA,Y,NA,A,01,0,1,0,0,0,0,0,0,0,-,-,35.09735870361328,-116.29605102539063,SAN BERNARDINO,UNINCORPORATED,-116.29610443115234,35.09744644165039
91775235,2022,2022-05-18,9850,2022-05-11,0800,022256,NA,3,1,5,3619,0,1,A,NA,2,711,I-15 SOUTHBOUND,RANCHERO ROAD,2640,N,N,A,-,Y,SBD,NA,15,NA,NA,30.892,H,NA,L,N,2,0,1,3,C,-,18,NA,NA,N,C,C,A,A,H,-,B,D,0,NA,NA,Y,NA,Y,NA,-,-,1,0,0,0,0,0,0,0,1,-,-,34.38911819458008,-117.41049957275392,SAN BERNARDINO,HESPERIA,-117.41056060791016,34.389156341552734
91775954,2022,2022-05-19,9855,2022-05-07,2000,018313,NA,6,2,9,3600,0,2,4,NA,2,031,MT BALDY ROAD,ICE HOUSE CANYON ROAD,1100,N,N,A,-,N,NA,NA,NA,NA,NA,NA,NA,NA,NA,Y,2,0,1,1,A,-,08,22107,NA,N,E,I,A,A,H,-,D,D,0,NA,NA,NA,NA,Y,NA,A,01,1,0,0,0,0,0,0,0,0,-,-,34.252689361572266,-117.6396026611328,SAN BERNARDINO,UNINCORPORATED,-117.6408233642578,34.25214385986328
91776311,2022,2022-05-19,9855,2022-05-09,1530,015919,NA,1,2,9,3600,0,2,4,NA,2,031,MT. BALDY ROAD,IRON GATE ROAD,80,S,N,A,-,N,NA,NA,NA,NA,NA,NA,NA,NA,NA,Y,3,0,1,1,A,-,01,23152,A,M,F,I,A,A,H,-,A,D,0,NA,NA,NA,NA,Y,Y,A,01,0,1,0,0,0,0,0,0,0,-,-,34.2565803527832,-117.63945770263672,SAN BERNARDINO,UNINCORPORATED,-117.63934326171876,34.25663375854492
91777297,2022,2022-05-23,9860,2022-05-18,1620,020346,NA,3,2,5,3608,0,1,1,NA,2,104,I-10 E/B,NEVADA ST,500,E,N,A,-,Y,SBD,NA,10,NA,NA,28.956,H,NA,R,Y,3,0,1,2,A,-,03,22350,NA,N,C,C,A,A,H,-,A,D,0,NA,NA,NA,NA,Y,NA,D,22,0,1,0,0,0,0,0,0,0,-,-,34.066490173339844,-117.21498107910156,SAN BERNARDINO,REDLANDS,-117.21498107910156,34.06647872924805
91779046,2022,2022-05-24,9855,2022-04-18,1800,015826,NA,1,2,6,3604,0,3,5,NA,2,001,ARROW RTE.,CHERRY AVE.,700,W,N,A,-,N,NA,NA,NA,NA,NA,NA,NA,NA,NA,N,3,0,2,3,A,-,03,22350,NA,N,C,C,A,A,H,-,A,D,0,NA,NA,NA,NA,Y,NA,A,01,0,1,1,0,0,0,0,0,0,-,-,34.099281311035156,-117.49127960205078,SAN BERNARDINO,FONTANA,-117.49109649658205,34.09929656982422
9177941,2020,2020-12-11,3603,2020-10-16,0850,4861,CPD,5,5,4,3603,0,0,0,NA,0,001,W RANDALL AV,N PEPPER AV,0,NA,Y,A,-,N,NA,NA,NA,NA,NA,NA,NA,NA,NA,Y,4,0,1,2,A,-,09,21801,A,N,D,C,A,A,H,-,A,A,0,NA,NA,NA,Y,Y,NA,F,21,0,0,1,0,0,0,0,0,0,-,-,34.08502960205078,-117.35288238525392,SAN BERNARDINO,COLTON,-117.35292053222656,34.084999084472656
91781092,2022,2022-05-26,9860,2022-05-20,0120,020572,NA,5,3,9,3600,0,1,1,NA,2,152,I-15 NORTHBOUND,OAK HILL ROAD,1600,S,N,E,-,Y,SBD,NA,15,NA,R,26.475,H,NA,R,Y,3,0,1,3,A,-,08,22107,NA,F,B,C,A,A,H,-,D,D,0,NA,NA,NA,NA,Y,NA,A,01,0,1,0,0,0,0,0,0,0,-,-,34.3585090637207,-117.4362564086914,SAN BERNARDINO,UNINCORPORATED,-117.43626403808594,34.3585090637207
91781129,2022,2022-05-26,9860,2022-05-21,1040,019495,NA,6,1,9,3600,0,2,4,NA,1,410,VALLEY BLVD. W/B,LOCUST AVE.,528,W,N,A,-,N,NA,NA,NA,NA,NA,NA,NA,NA,NA,N,4,0,4,3,A,-,03,22350,NA,N,C,C,A,A,H,-,A,A,0,NA,NA,NA,NA,Y,NA,A,01,0,0,4,0,0,0,0,0,0,-,-,34.07048034667969,-117.07048034667967,SAN BERNARDINO,UNINCORPORATED,-117.4112548828125,34.07044982910156
91781287,2022,2022-05-26,9855,2022-05-14,1827,018335,NA,6,2,6,3604,0,1,1,NA,2,201,SR-210 E/B (FOOTHILL FWY),SIERRA AVENUE,1500,W,N,A,-,Y,SBD,NA,210,NA,NA,13.53,H,NA,R,Y,3,0,2,1,A,-,03,22350,NA,N,F,A,A,A,H,-,A,D,0,NA,NA,Y,NA,Y,NA,C,02,0,2,0,0,0,0,0,0,2,-,-,34.13629150390625,-117.46050262451172,SAN BERNARDINO,FONTANA,-117.46050262451172,34.13631820678711
91783432,2022,2022-05-27,9860,2022-05-27,0731,016575,NA,5,1,9,3600,0,2,4,NA,2,411,CEDAR AVE.,SAN BERNARDINO AVE.,0,NA,Y,B,-,N,NA,NA,NA,NA,NA,NA,NA,NA,NA,Y,4,0,1,2,A,-,12,21453,A,N,D,C,A,A,H,-,A,A,0,NA,NA,NA,NA,Y,NA,D,22,0,0,1,0,0,0,0,0,0,-,-,34.077701568603516,-117.39644622802734,SAN BERNARDINO,UNINCORPORATED,-117.396484375,34.07768249511719
91785263,2022,2022-05-31,9850,2022-05-23,1140,017377,NA,1,1,9,3600,0,1,3,NA,2,060,STATE ROUTE 138,OASIS ROAD,739,E,N,A,-,Y,SBD,NA,138,NA,NA,1.386,H,NA,R,N,3,0,1,1,A,-,08,22107,NA,N,F,A,A,A,D,-,A,D,0,NA,NA,Y,NA,Y,NA,C,02,0,1,0,0,0,0,0,0,1,-,-,34.438880920410156,-117.64013671875,SAN BERNARDINO,UNINCORPORATED,-117.64016723632813,34.43885040283203
91785724,2022,2022-06-01,9860,2022-05-19,1422,020002,NA,4,2,9,3600,0,3,5,NA,2,002,CAJON BLVD,3RD AVE,300,S,N,A,-,N,NA,NA,NA,NA,NA,NA,NA,NA,NA,N,3,0,2,2,A,-,09,21804,A,N,D,C,A,A,H,-,A,D,0,NA,NA,NA,NA,Y,NA,A,01,0,2,0,0,0,0,0,0,0,-,-,34.165191650390625,-117.34294891357422,SAN BERNARDINO,UNINCORPORATED,-117.34269714355467,34.16498947143555
91786035,2022,2022-06-01,9835,2022-05-22,0945,021448,NA,7,1,9,3600,0,1,3,NA,1,019,SR-247,CANDLEBERRY RD,1954,N,N,A,-,Y,SBD,NA,247,NA,NA,66.169,H,NA,R,Y,3,0,1,1,A,-,08,22107,NA,N,F,A,A,A,H,-,A,D,0,NA,NA,NA,NA,Y,NA,A,01,0,1,0,0,0,0,0,0,0,-,-,34.72319030761719,-116.98956298828124,SAN BERNARDINO,UNINCORPORATED,-116.98963928222656,34.72315979003906
91786193,2021,2022-06-01,9860,2021-11-05,2235,020572,NA,5,3,6,3610,0,1,1,NA,2,104,INTERSTATE 10 WESTBOUND,TIPPECANOE AVENUE,1590,W,N,A,-,Y,NA,NA,10,NA,NA,NA,NA,NA,W,Y,1,1,0,2,A,-,03,22350,NA,N,C,2,A,A,H,-,C,D,0,NA,NA,NA,Y,Y,NA,G,25,0,0,0,0,0,0,0,0,0,-,-,34.06398010253906,-117.26696014404295,SAN BERNARDINO,SAN BERNARDINO,-117.26696014404295,34.06396484375
91786827,2022,2022-06-02,9860,2022-05-25,0940,016575,NA,3,1,6,3610,0,1,1,NA,2,104,I-10 W/B,WATERMAN AVE U/C,1000,E,N,A,-,Y,SBD,NA,10,NA,NA,25.493,H,NA,L,Y,4,0,3,2,A,-,07,21658,A,F,B,C,A,A,H,-,A,D,0,NA,NA,NA,NA,Y,NA,D,22,0,0,3,0,0,0,0,0,0,-,-,34.064048767089844,-117.2751693725586,SAN BERNARDINO,SAN BERNARDINO,-117.2751693725586,34.06405258178711
91788203,2022,2022-06-03,9835,2022-05-28,1300,022612,NA,6,1,9,3600,0,1,3,NA,1,019,STATE ROUTE 247 NORTHBOUND,VETERANS PKY,6970,S,N,A,-,Y,NA,NA,NA,NA,NA,NA,NA,NA,NA,Y,3,0,2,1,A,-,08,22107,NA,N,F,A,A,A,H,-,A,D,0,NA,NA,NA,NA,Y,NA,A,01,0,2,0,0,0,0,0,0,0,-,-,34.512630462646484,-117.0507583618164,SAN BERNARDINO,UNINCORPORATED,-117.01429748535156,34.85091018676758
91788823,2022,2022-06-06,9855,2022-05-26,0233,021941,NA,4,3,6,3607,0,1,1,NA,2,103,I-10 E/B (SAN BERNARDINO FWY),SULTANA AVE.,100,W,N,A,-,Y,SBD,NA,10,NA,NA,3.727,H,NA,R,Y,3,0,1,2,A,-,03,22350,NA,N,C,C,A,A,D,-,C,A,0,NA,NA,NA,Y,Y,NA,A,07,0,1,0,0,0,0,0,0,0,-,-,34.08721923828125,-117.64662933349608,SAN BERNARDINO,ONTARIO,-117.64662933349608,34.08728790283203
91789024,2022,2022-06-06,9860,2022-05-27,1515,020533,NA,5,2,6,3610,0,1,1,NA,2,103,I-10 W/B,WATERMAN AVE,1000,W,N,A,-,Y,SBD,NA,10,NA,NA,25.082,H,NA,L,Y,4,0,1,3,A,-,03,22350,NA,F,C,C,A,A,H,-,A,D,0,NA,NA,Y,NA,Y,NA,C,02,0,0,1,0,0,0,0,0,1,-,-,34.0642204284668,-117.28211212158205,SAN BERNARDINO,SAN BERNARDINO,-117.2821044921875,34.064186096191406