CASE_ID,ACCIDENT_YEAR,PROC_DATE,JURIS,COLLISION_DATE,COLLISION_TIME,OFFICER_ID,REPORTING_DISTRICT,DAY_OF_WEEK,CHP_SHIFT,POPULATION,CNTY_CITY_LOC,SPECIAL_COND,BEAT_TYPE,CHP_BEAT_TYPE,CITY_DIVISION_LAPD,CHP_BEAT_CLASS,BEAT_NUMBER,PRIMARY_RD,SECONDARY_RD,DISTANCE,DIRECTION,INTERSECTION,WEATHER_1,WEATHER_2,STATE_HWY_IND,CALTRANS_COUNTY,CALTRANS_DISTRICT,STATE_ROUTE,ROUTE_SUFFIX,POSTMILE_PREFIX,POSTMILE,LOCATION_TYPE,RAMP_INTERSECTION,SIDE_OF_HWY,TOW_AWAY,COLLISION_SEVERITY,NUMBER_KILLED,NUMBER_INJURED,PARTY_COUNT,PRIMARY_COLL_FACTOR,PCF_CODE_OF_VIOL,PCF_VIOL_CATEGORY,PCF_VIOLATION,PCF_VIOL_SUBSECTION,HIT_AND_RUN,TYPE_OF_COLLISION,MVIW,PED_ACTION,ROAD_SURFACE,ROAD_COND_1,ROAD_COND_2,LIGHTING,CONTROL_DEVICE,CHP_ROAD_TYPE,PEDESTRIAN_ACCIDENT,BICYCLE_ACCIDENT,MOTORCYCLE_ACCIDENT,TRUCK_ACCIDENT,NOT_PRIVATE_PROPERTY,ALCOHOL_INVOLVED,STWD_VEHTYPE_AT_FAULT,CHP_VEHTYPE_AT_FAULT,COUNT_SEVERE_INJ,COUNT_VISIBLE_INJ,COUNT_COMPLAINT_PAIN,COUNT_PED_KILLED,COUNT_PED_INJURED,COUNT_BICYCLIST_KILLED,COUNT_BICYCLIST_INJURED,COUNT_MC_KILLED,COUNT_MC_INJURED,PRIMARY_RAMP,SECONDARY_RAMP,LATITUDE,LONGITUDE,COUNTY,CITY,POINT_X,POINT_Y
91789475,2022,2022-06-07,9860,2022-05-30,2015,020346,NA,1,2,5,3608,0,1,1,NA,2,104,I-10 E/B TO TENNESSEE ST,TENNESSEE ST,100,W,N,A,-,Y,NA,NA,NA,NA,NA,NA,NA,NA,NA,N,4,0,1,2,A,-,03,22350,NA,N,C,C,A,A,H,-,B,A,0,NA,NA,NA,NA,Y,NA,A,07,0,0,1,0,0,0,0,0,0,-,-,34.06486892700195,-117.20075988769533,SAN BERNARDINO,REDLANDS,-117.20075988769533,34.06486892700195
91791663,2022,2022-06-09,9835,2022-05-30,2000,022619,NA,1,2,9,3600,0,1,1,NA,2,073,I-15,FIELD ROAD,6336,S,N,A,-,Y,NA,NA,NA,NA,NA,NA,NA,NA,NA,Y,4,0,1,2,A,-,08,22107,NA,N,D,C,A,A,H,-,B,D,0,NA,NA,NA,Y,Y,NA,A,01,0,0,1,0,0,0,0,0,0,-,-,35.00149917602539,-116.3302001953125,SAN BERNARDINO,UNINCORPORATED,-116.53353881835938,35.01039123535156
91792935,2021,2022-06-10,9860,2021-10-30,1239,017098,NA,6,1,9,3600,0,1,3,NA,1,010,SR-138,LITTLE HORSETHIEF CANYON ROAD,265,W,N,A,-,Y,NA,NA,138,NA,NA,NA,NA,NA,NA,N,3,0,1,1,A,-,08,22107,NA,N,F,A,A,A,H,-,A,D,0,NA,NA,Y,NA,Y,NA,C,02,0,1,0,0,0,0,0,0,1,-,-,34.324440002441406,-117.40895080566406,SAN BERNARDINO,UNINCORPORATED,-117.40895080566406,34.32445526123047
91793121,2022,2022-06-13,9860,2022-06-09,1035,020518,NA,4,1,4,3603,0,1,1,NA,2,216,I-215 S/B,WASHINGTON STREET,400,N,N,A,-,Y,SBD,NA,215,NA,NA,2.77,H,NA,L,Y,4,0,4,3,A,-,03,22350,NA,N,C,C,A,A,H,-,A,D,0,NA,NA,NA,NA,Y,NA,D,22,0,0,4,0,0,0,0,0,0,-,-,34.04846954345703,-117.30661010742188,SAN BERNARDINO,COLTON,-117.30657196044922,34.048431396484375
91794633,2022,2022-06-14,9834,2022-06-11,0845,016043,NA,6,1,9,3600,0,1,1,NA,2,042,I-40 E/B,GOFFS ROAD,15312,E,N,A,-,Y,SBD,NA,40,NA,R,109.788,H,NA,L,Y,4,0,1,1,A,-,08,22107,NA,N,E,I,A,A,H,-,A,D,0,NA,NA,NA,NA,Y,NA,A,01,0,0,1,0,0,0,0,0,0,-,-,34.81808853149414,-115.14498901367188,SAN BERNARDINO,UNINCORPORATED,-115.14500427246094,34.818180084228516
9179593,2020,2020-12-14,3609,2020-10-10,1819,8439,RI073,6,5,5,3609,0,0,0,NA,0,001,AYALA DR,RENAISSANCE PKWY,0,NA,Y,A,-,N,NA,NA,NA,NA,NA,NA,NA,NA,NA,Y,4,0,1,4,A,-,12,21453,A,N,D,C,A,A,H,-,B,A,0,NA,NA,NA,NA,Y,NA,A,01,0,0,1,0,0,0,0,0,0,-,-,NA,NA,SAN BERNARDINO,RIALTO,-117.39234161376952,34.133548736572266
91796741,2022,2023-07-26,9855,2022-06-07,1158,014637,NA,2,1,6,3616,0,1,1,NA,2,203,SR-210 W/B (FOOTHILL FWY),ARCHIBALD AVE,750,E,N,A,-,Y,SBD,NA,210,NA,NA,6.339,H,NA,L,N,4,0,1,4,A,-,03,22350,NA,N,C,C,A,A,H,-,A,D,0,NA,NA,NA,NA,Y,NA,D,22,0,0,1,0,0,0,0,0,0,-,-,34.13557815551758,-117.58586120605467,SAN BERNARDINO,RANCHO CUCAMONGA,-117.58586883544922,34.135704040527344
91797909,2022,2022-06-17,9860,2022-05-31,1705,018275,NA,2,2,6,3610,0,1,1,NA,2,216,I-215 N/B,BASELINE STREET,1056,S,N,A,-,Y,SBD,NA,215,NA,NA,7.713,H,NA,R,Y,4,0,1,3,A,-,08,22107,NA,F,B,C,A,A,H,-,A,D,0,NA,NA,NA,NA,Y,NA,-,99,0,0,1,0,0,0,0,0,0,-,-,34.11606979370117,-117.30239105224608,SAN BERNARDINO,SAN BERNARDINO,-117.30243682861328,34.11606979370117
91799991,2022,2022-06-21,9865,2022-06-20,0755,014829,NA,1,1,9,3600,0,3,5,NA,2,002,LIVE OAK DRIVE,FERNDALE DR,1056,S,N,A,-,N,NA,NA,NA,NA,NA,NA,NA,NA,NA,N,4,0,1,2,A,-,05,21460,A,N,A,C,A,A,H,-,A,D,0,NA,NA,NA,NA,Y,NA,A,01,0,0,1,0,0,0,0,0,0,-,-,34.20909881591797,-117.13378143310548,SAN BERNARDINO,UNINCORPORATED,-117.13814544677734,34.206172943115234
9180062,2021,2021-01-28,3602,2021-01-03,0214,4067,NA,7,5,5,3602,0,0,0,NA,0,003,EUCLID AV,POMONA RINCON RD,54,S,N,A,-,Y,SBD,8,83,-,R,0.558,I,5,S,Y,3,0,2,1,A,-,03,22350,NA,F,A,I,A,A,H,-,C,A,0,NA,NA,NA,NA,Y,Y,A,07,0,2,0,0,0,0,0,0,0,-,-,33.934871673583984,-117.65666198730467,SAN BERNARDINO,CHINO,-117.65559387207033,33.9368896484375
91800851,2022,2022-06-22,9855,2022-04-13,1708,018335,NA,3,2,9,3600,0,3,5,NA,2,001,CHERRY AVENUE,WHITTRAM AVENUE,0,NA,Y,A,-,N,NA,NA,NA,NA,NA,NA,NA,NA,NA,Y,3,0,1,4,A,-,12,21453,A,N,D,C,A,A,H,-,A,A,0,NA,NA,NA,NA,Y,NA,A,01,0,1,0,0,0,0,0,0,0,-,-,34.09574890136719,-117.48887634277344,SAN BERNARDINO,UNINCORPORATED,-117.48883819580078,34.09574508666992
91802368,2022,2022-06-24,9860,2022-06-23,0704,019467,NA,4,1,5,3609,0,1,1,NA,2,201,SR-210 W/B,RIVERSIDE AVE.,2112,W,N,A,-,Y,SBD,NA,210,NA,NA,18.233,H,NA,L,Y,4,0,1,3,A,-,03,22350,NA,N,C,C,A,A,H,-,A,D,0,NA,NA,NA,NA,Y,NA,A,07,0,0,1,0,0,0,0,0,0,-,-,34.13595962524414,-117.37841033935548,SAN BERNARDINO,RIALTO,-117.37841033935548,34.13595199584961
91802385,2022,2022-06-24,9860,2022-06-23,1647,020533,NA,4,2,9,3600,0,1,1,NA,2,102,I-10 E/B,CEDAR AVE,3000,E,N,A,-,Y,SBD,NA,10,NA,NA,19.061,H,NA,R,Y,3,0,2,2,A,-,03,22350,NA,N,C,C,A,A,H,-,A,D,0,NA,NA,NA,NA,Y,NA,A,01,0,1,1,0,0,0,0,0,0,-,-,34.06821823120117,-117.38619232177734,SAN BERNARDINO,UNINCORPORATED,-117.38619232177734,34.068180084228516
9180312,2020,2020-12-07,3609,2020-11-01,0329,8439,RI128,7,5,5,3609,0,0,0,NA,0,002,FOOTHILL BL,LIGHT POLE R2946,36,S,N,A,-,N,NA,NA,NA,NA,NA,NA,NA,NA,NA,Y,2,0,2,2,A,-,01,23152,G,N,-,C,A,A,H,-,C,A,0,NA,NA,NA,NA,Y,Y,A,01,2,0,0,0,0,0,0,0,0,-,-,34.10688018798828,-117.36530303955078,SAN BERNARDINO,RIALTO,NA,NA
91803120,2022,2022-06-27,9860,2022-02-13,0358,020553,NA,7,3,9,3600,0,1,1,NA,2,214,INTERSTATE 215 NORTHBOUND,9TH STREET,93,S,N,A,-,Y,SBD,NA,215,NA,NA,7.669,H,NA,R,Y,1,1,1,2,A,-,01,23152,A,N,C,C,A,A,H,-,C,D,0,NA,NA,NA,Y,Y,Y,A,01,0,1,0,0,0,0,0,0,0,-,-,34.11540985107422,-117.30225372314452,SAN BERNARDINO,UNINCORPORATED,-117.3024444580078,34.115413665771484
91804867,2022,2022-06-28,9835,2022-06-19,1918,022428,NA,7,2,9,3600,0,1,1,NA,2,043,I-40 W/B,A ST,8448,E,N,A,-,Y,SBD,NA,40,NA,R,8.78,H,NA,L,N,3,0,1,1,A,-,08,22107,NA,N,E,A,A,A,H,-,A,D,0,NA,NA,NA,NA,Y,NA,A,01,0,1,0,0,0,0,0,0,0,-,-,34.84954833984375,-116.86267852783205,SAN BERNARDINO,UNINCORPORATED,-116.86268615722656,34.84953689575195
91805270,2022,2022-06-28,9850,2022-06-14,2140,021878,NA,2,2,5,3612,0,1,1,NA,2,083,I-15 S/B FROM PALMDALE ROAD,PALMDALE ROAD,197,S,N,A,-,Y,SBD,NA,15,NA,NA,40.459,H,NA,L,Y,4,0,1,1,A,-,08,22107,NA,N,E,I,A,A,H,-,C,D,0,NA,NA,NA,NA,Y,NA,A,01,0,0,1,0,0,0,0,0,0,-,-,34.50693893432617,-117.32341003417967,SAN BERNARDINO,VICTORVILLE,-117.32318115234376,34.50689697265625
9180748,2020,2021-01-07,3608,2020-10-22,1645,4824,NA,4,5,5,3608,0,0,0,NA,0,NA,LUGONIA AV,HOME DEPOT,0,NA,Y,A,-,N,NA,NA,NA,NA,NA,NA,NA,NA,NA,N,4,0,1,3,A,-,04,21703,NA,N,C,C,A,A,H,-,A,A,0,NA,NA,NA,NA,Y,NA,A,07,0,0,1,0,0,0,0,0,0,-,-,34.06999969482422,-117.197998046875,SAN BERNARDINO,REDLANDS,NA,NA
91808576,2022,2022-07-01,9855,2022-06-22,2210,020690,NA,3,3,5,3611,0,2,4,NA,2,030,VISTA DR. (2500 BLOCK),PROSPECT DR.,473,W,N,A,-,N,NA,NA,NA,NA,NA,NA,NA,NA,NA,N,3,0,1,1,A,-,01,23152,A,M,E,I,A,A,H,-,C,D,0,NA,NA,NA,NA,Y,Y,A,01,0,1,0,0,0,0,0,0,0,-,-,34.15768051147461,-117.6499481201172,SAN BERNARDINO,UPLAND,-117.64972686767578,34.15766143798828
91809118,2022,2022-07-01,9865,2022-06-25,1820,020725,NA,6,2,9,3600,0,1,3,NA,2,031,SR-38,BEAR LOOP,1584,W,N,A,-,Y,SBD,NA,38,NA,NA,51.032,H,NA,R,Y,3,0,3,1,A,-,03,22350,NA,N,E,I,A,A,H,-,A,A,0,NA,NA,NA,NA,Y,NA,A,07,0,3,0,0,0,0,0,0,0,-,-,34.26580810546875,-116.87113189697266,SAN BERNARDINO,UNINCORPORATED,-116.8711166381836,34.26578903198242
9180932,2020,2020-12-15,3604,2020-10-24,2017,1302,FONTA,6,5,6,3604,0,0,0,NA,0,003,SIERRA AV,VALLEY BL,0,NA,Y,A,-,N,NA,NA,NA,NA,NA,NA,NA,NA,NA,N,4,0,1,2,A,-,05,21202,A,F,E,G,A,A,H,-,C,A,0,NA,Y,NA,NA,Y,NA,L,04,0,0,1,0,0,0,1,0,0,-,-,NA,NA,SAN BERNARDINO,FONTANA,-117.43567657470705,34.070369720458984
91810920,2022,2022-07-06,9860,2022-06-30,1623,020533,NA,4,2,6,3604,0,1,1,NA,2,102,I-10 E/B,SIERRA AVE,3960,E,N,A,-,Y,SBD,NA,10,NA,NA,17.005,H,NA,R,N,4,0,1,2,A,-,03,22350,NA,N,B,C,A,A,H,-,A,D,0,NA,NA,NA,NA,Y,NA,D,22,0,0,1,0,0,0,0,0,0,-,-,34.06739044189453,-117.422119140625,SAN BERNARDINO,FONTANA,-117.422119140625,34.06731414794922
91813093,2022,2022-07-08,9865,2022-07-01,0902,014829,NA,5,1,9,3600,0,1,3,NA,2,021,SR-330,LIVE OAK DR,23232,S,N,A,-,Y,SBD,NA,330,NA,NA,36.793,H,NA,R,Y,4,0,2,2,A,-,08,22107,NA,N,E,I,A,A,H,-,A,D,0,NA,NA,NA,Y,Y,NA,F,27,0,0,2,0,0,0,0,0,0,-,-,34.18006134033203,-117.14317321777344,SAN BERNARDINO,UNINCORPORATED,-117.14337921142578,34.18012619018555
91813362,2021,2022-07-08,9860,2021-11-18,1900,020533,NA,4,2,6,3610,0,1,1,NA,2,103,INTERSTATE 10 EASTBOUND TO WATERMAN AVENUE (SOUTH),WATERMAN AVENUE,875,W,N,A,-,Y,NA,NA,10,NA,NA,NA,R,NA,E,Y,1,1,0,1,A,-,03,22350,NA,N,E,I,A,A,H,-,C,D,0,NA,NA,NA,NA,Y,NA,A,07,0,0,0,0,0,0,0,0,0,-,-,34.063499450683594,-117.28176879882813,SAN BERNARDINO,SAN BERNARDINO,-117.28176879882813,34.063499450683594
9181344,2020,2020-12-03,3608,2020-10-31,1959,4903,SB,6,5,5,3608,0,0,0,NA,0,SUPERI,TEXAS ST,WEST STUART AV,0,NA,Y,A,-,N,NA,NA,NA,NA,NA,NA,NA,NA,NA,N,4,0,1,2,A,-,12,22450,A,F,D,C,A,A,H,-,C,D,0,NA,NA,NA,NA,Y,NA,A,01,0,0,1,0,0,0,0,0,0,-,-,NA,NA,SAN BERNARDINO,REDLANDS,-117.1913604736328,34.05963897705078
91813915,2022,2022-07-11,9860,2022-06-29,1954,022890,NA,3,2,6,3610,0,1,1,NA,2,216,I-215 S/B,PALM AVENUE,2640,S,N,A,-,Y,SBD,NA,215,NA,NA,13.62,H,NA,L,Y,3,0,2,1,A,-,01,23152,A,N,E,I,A,A,H,-,A,D,0,NA,NA,NA,NA,Y,Y,A,01,0,2,0,0,0,0,0,0,0,-,-,34.18635177612305,-117.35498046875,SAN BERNARDINO,SAN BERNARDINO,-117.35489654541016,34.186431884765625
91813955,2022,2022-07-11,9855,2022-06-25,2330,021715,NA,6,3,9,3600,0,3,5,NA,2,001,FOOTHILL BLVD E/B (15300 BLOCK),BEECH AVE,750,E,N,A,-,N,NA,NA,NA,NA,NA,NA,NA,NA,NA,N,3,0,1,3,A,-,08,22107,NA,F,B,B,F,A,H,-,D,D,0,Y,NA,NA,NA,Y,NA,-,99,0,1,0,0,1,0,0,0,0,-,-,34.10639953613281,-117.47055053710938,SAN BERNARDINO,UNINCORPORATED,-117.46874237060548,34.106510162353516
91816129,2022,2022-07-13,9855,2022-07-01,0540,019675,NA,5,3,5,3602,0,1,3,NA,2,603,SR-60 W/B (POMONA FWY),PIPELINE AVENUE,1000,W,N,A,-,Y,SBD,NA,60,NA,R,0.667,H,NA,L,Y,4,0,4,4,A,-,03,22350,NA,F,C,C,A,A,H,-,A,D,0,NA,NA,NA,Y,Y,NA,A,01,0,0,4,0,0,0,0,0,0,-,-,34.028011322021484,-117.71865844726563,SAN BERNARDINO,CHINO,-117.71863555908205,34.0279655456543
91816497,2022,2022-07-13,9835,2022-07-05,1730,022612,NA,2,2,9,3600,0,1,3,NA,1,013,STATE ROUTE 58 EASTBOUND,UNITED STATES HIGHWAY 395,33950,E,N,A,-,Y,NA,NA,NA,NA,NA,NA,NA,NA,NA,Y,3,0,1,1,A,-,08,22107,NA,N,F,A,A,A,H,-,A,D,0,NA,NA,NA,NA,Y,NA,A,08,0,1,0,0,0,0,0,0,0,-,-,34.573089599609375,-117.2698974609375,SAN BERNARDINO,UNINCORPORATED,NA,NA
91817068,2022,2022-07-14,9855,2022-07-01,1426,022021,NA,5,2,6,3610,0,1,3,NA,2,603,SR-60 E/B (POMONA FWY),SAN ANTONIO AVE,130,E,N,A,-,Y,SBD,NA,60,NA,R,4.145,H,NA,R,Y,3,0,2,4,A,-,03,22350,NA,N,C,C,A,A,H,-,A,D,0,NA,NA,NA,NA,Y,NA,A,01,0,1,1,0,0,0,0,0,0,-,-,34.030330657958984,-117.65843200683594,SAN BERNARDINO,SAN BERNARDINO,-117.65843200683594,34.03029251098633
91818909,2022,2022-07-18,9860,2022-07-14,1135,017098,NA,4,1,9,3600,0,1,1,NA,2,216,I-215 S/B,LITTLE LEAGUE DRIVE,1000,S,N,B,-,Y,SBD,NA,215,NA,NA,14.731,H,NA,L,N,3,0,1,1,A,-,08,22107,NA,N,E,I,A,A,H,-,A,D,0,NA,NA,Y,NA,Y,NA,C,02,0,1,0,0,0,0,0,0,1,-,-,34.197059631347656,-117.36946105957033,SAN BERNARDINO,UNINCORPORATED,-117.3695068359375,34.197021484375
91821587,2022,2022-07-20,9855,2022-07-11,0715,017781,NA,1,1,6,3616,0,1,1,NA,2,201,SR-210 W/B (FOOTHILL FWY),EAST AVE.,970,E,N,A,-,Y,NA,NA,NA,NA,NA,NA,NA,NA,NA,Y,4,0,1,2,A,-,03,22350,NA,N,C,C,A,A,H,-,A,D,0,NA,NA,NA,NA,Y,NA,A,01,0,0,1,0,0,0,0,0,0,-,-,34.08110046386719,-117.3040008544922,SAN BERNARDINO,RANCHO CUCAMONGA,-117.51293182373048,34.13645935058594
91823744,2022,2022-07-25,9860,2022-07-21,1458,020533,NA,4,2,9,3600,0,3,5,NA,2,004,LINDEN AVE,SANTA ANA AVE,0,NA,Y,A,-,N,NA,NA,NA,NA,NA,NA,NA,NA,NA,Y,4,0,1,2,A,-,12,22450,A,N,D,C,A,A,H,-,A,A,0,NA,NA,NA,NA,Y,NA,A,01,0,0,1,0,0,0,0,0,0,-,-,34.055931091308594,-117.40078735351563,SAN BERNARDINO,UNINCORPORATED,-117.40076446533205,34.05587387084961
91824200,2022,2022-07-25,9855,2022-07-16,1625,021978,NA,6,2,9,3600,0,3,5,NA,2,004,CHINO AVENUE,ROSWELL AVENUE,80,W,N,A,-,N,NA,NA,NA,NA,NA,NA,NA,NA,NA,N,4,0,1,2,A,-,08,22107,NA,N,D,C,A,A,H,-,A,D,0,NA,NA,NA,NA,Y,NA,A,07,0,0,1,0,0,0,0,0,0,-,-,34.011680603027344,-117.72010040283205,SAN BERNARDINO,UNINCORPORATED,-117.7199935913086,34.011619567871094
91825027,2022,2022-07-26,9850,2022-07-14,1444,020572,NA,4,2,5,3619,0,1,1,NA,2,082,I-15 N/B,MAIN ST,2640,S,N,A,-,Y,SBD,NA,15,NA,NA,33.024,H,NA,R,Y,4,0,1,2,A,-,08,22107,NA,N,E,J,A,A,D,E,A,D,0,NA,NA,NA,NA,Y,NA,A,01,0,0,1,0,0,0,0,0,0,-,-,34.414730072021484,-117.38948059082033,SAN BERNARDINO,HESPERIA,-117.38958740234376,34.41478729248047
91825373,2022,2022-07-26,9850,2022-07-16,0410,022494,NA,6,3,5,3612,0,1,1,NA,2,082,I-15 S/B,BEAR VALLEY ROAD,275,S,N,A,-,Y,SBD,NA,15,NA,NA,37.528,H,NA,L,Y,3,0,1,1,A,-,01,23152,A,N,E,I,A,A,D,-,D,D,0,NA,NA,NA,NA,Y,Y,A,01,0,1,0,0,0,0,0,0,0,-,-,34.46963882446289,-117.34689331054688,SAN BERNARDINO,VICTORVILLE,-117.34695434570313,34.46967697143555
91825531,2022,2022-07-26,9855,2022-07-18,1740,015826,NA,1,2,6,3607,0,1,1,NA,2,152,I-15 S/B (ONTARIO FWY),JURUPA AVE.,2400,N,N,A,-,Y,SBD,NA,15,NA,NA,1.714,H,NA,L,N,4,0,1,2,A,-,03,22350,NA,N,C,C,A,A,H,-,A,D,0,NA,NA,NA,NA,Y,NA,A,01,0,0,1,0,0,0,0,0,0,-,-,34.057621002197266,-117.54588317871094,SAN BERNARDINO,ONTARIO,-117.54591369628906,34.0576286315918
9182584,2020,2020-11-24,3609,2020-09-19,2225,02284,RI540,6,5,5,3609,0,0,0,NA,0,003,RIVERSIDE AV,SAN BERNARDINO AV,0,NA,Y,A,-,N,NA,NA,NA,NA,NA,NA,NA,NA,NA,Y,3,0,2,2,A,-,01,23152,NA,N,D,C,A,A,H,-,C,A,0,NA,NA,NA,NA,Y,Y,A,01,0,2,0,0,0,0,0,0,0,-,-,34.077701568603516,-117.37030029296876,SAN BERNARDINO,RIALTO,-117.37030029296876,34.077728271484375
91826219,2022,2022-07-27,9855,2022-05-31,0225,020690,NA,2,3,5,3611,0,1,1,NA,2,203,SR-210 E/B (FOOTHILL FWY),EUCLID AVE.,140,W,N,A,-,Y,SBD,NA,210,NA,NA,2.543,H,NA,R,N,4,0,1,1,A,-,08,22107,NA,F,E,I,A,A,H,-,D,A,0,NA,NA,NA,NA,Y,NA,A,01,0,0,1,0,0,0,0,0,0,-,-,34.13446044921875,-117.65213012695313,SAN BERNARDINO,UPLAND,-117.65213012695313,34.13458251953125
91826332,2022,2022-07-27,9850,2022-07-16,0933,022949,NA,6,1,9,3600,0,1,3,NA,2,040,SR-18,HORSEMANS CENTER DRIVE,1056,N,N,A,-,Y,SBD,NA,18,NA,NA,85.392,H,NA,R,Y,3,0,1,1,A,-,01,23152,A,N,F,I,A,A,H,-,A,D,0,NA,NA,NA,NA,Y,Y,D,22,0,1,0,0,0,0,0,0,0,-,-,34.48543167114258,-117.13697052001952,SAN BERNARDINO,UNINCORPORATED,-117.13712310791016,34.48535919189453
91829199,2022,2022-07-29,9860,2022-07-25,1106,016575,NA,1,1,6,3610,0,1,1,NA,2,214,I-215 S/B,ORANGE SHOW ROAD,1295,N,N,A,-,Y,SBD,NA,215,NA,NA,5.281,H,NA,L,Y,3,0,2,3,A,-,07,21658,A,F,B,C,A,A,H,-,A,D,0,NA,NA,NA,NA,Y,NA,-,99,0,1,1,0,0,0,0,0,0,-,-,34.081268310546875,-117.29871368408205,SAN BERNARDINO,SAN BERNARDINO,-117.29863739013672,34.08130645751953
91830210,2022,2022-08-01,9860,2022-07-01,1640,020282,NA,5,2,4,3603,0,1,1,NA,2,214,I-215 S/B,COOLEY DR,1584,S,N,A,-,Y,SBD,NA,215,NA,NA,3.389,H,NA,L,N,4,0,2,2,A,-,07,21658,A,N,C,C,A,A,H,-,A,D,0,NA,NA,NA,NA,Y,NA,-,-,0,0,2,0,0,0,0,0,0,-,-,34.054771423339844,-117.29898071289063,SAN BERNARDINO,COLTON,-117.29923248291016,34.05486297607422
91832338,2022,2022-08-03,9835,2022-07-25,1153,020976,NA,1,1,9,3600,0,1,1,NA,2,077,I-15 N/B,NIPTON RD,1584,S,N,B,C,Y,SBD,NA,15,NA,NA,170.709,H,NA,L,Y,3,0,2,3,A,-,03,22350,NA,N,E,8,A,B,H,-,A,D,0,NA,NA,NA,NA,Y,NA,-,-,0,2,0,0,0,0,0,0,0,-,-,35.4698486328125,-115.54209136962892,SAN BERNARDINO,UNINCORPORATED,-115.5421142578125,35.46971893310547
91833485,2022,2022-08-04,9855,2022-07-24,1345,021978,NA,7,1,6,3607,0,1,3,NA,2,601,SR-60 E/B (POMONA FWY),MILLIKEN AVENUE,1065,W,N,A,-,Y,SBD,NA,60,NA,R,9.748,H,NA,R,Y,4,0,5,5,A,-,07,21658,A,N,B,C,A,A,H,-,A,D,0,NA,NA,NA,NA,Y,Y,A,01,0,0,5,0,0,0,0,0,0,-,-,34.0247917175293,-117.56188201904295,SAN BERNARDINO,ONTARIO,-117.56182861328124,34.02490997314453
91835059,2022,2022-08-08,9834,2022-07-31,1511,018163,NA,7,2,9,3600,0,1,1,NA,2,044,I-40 WESTBOUND,WATER ROAD,15840,E,N,C,-,Y,SBD,NA,40,NA,R,122.931,H,NA,L,Y,4,0,1,1,A,-,08,22107,NA,N,F,A,A,B,H,-,A,D,0,NA,NA,NA,NA,Y,NA,D,22,0,0,1,0,0,0,0,0,0,-,-,34.85824966430664,-114.92082214355467,SAN BERNARDINO,UNINCORPORATED,-114.92082214355467,34.858367919921875
91836174,2022,2022-08-09,9855,2022-07-29,1450,022055,NA,5,2,4,3605,0,1,1,NA,2,103,I-10 E/B (SAN BERNARDINO FWY),MONTE VISTA AVE.,600,W,N,A,-,Y,SBD,NA,10,NA,NA,0.292,H,NA,R,Y,4,0,1,4,A,-,03,22350,NA,N,C,C,A,A,D,-,A,D,0,NA,NA,NA,NA,Y,NA,A,01,0,0,1,0,0,0,0,0,0,-,-,34.081729888916016,-117.70517730712892,SAN BERNARDINO,MONTCLAIR,-117.70517730712892,34.081748962402344
91837099,2022,2022-08-10,9850,2022-08-02,1910,021675,NA,2,2,5,3612,0,1,1,NA,2,083,I-15 S/B TO PALMDALE ROAD,PALMDALE RD.,528,N,N,A,-,Y,NA,NA,NA,NA,NA,NA,NA,NA,NA,Y,2,0,1,1,A,-,03,22350,NA,N,F,A,A,A,H,-,A,D,0,NA,NA,Y,NA,Y,NA,C,02,1,0,0,0,0,0,0,0,1,-,-,34.50920104980469,-117.32334899902344,SAN BERNARDINO,VICTORVILLE,-117.32334899902344,34.50920104980469
91839548,2022,2022-08-15,9850,2022-07-01,1840,021675,NA,5,2,9,3600,0,1,3,NA,2,060,STATE ROUTE 138,OASIS ROAD,1056,E,N,A,-,Y,SBD,NA,138,NA,NA,1.404,H,NA,R,Y,1,1,1,2,A,-,08,22107,NA,N,D,C,A,A,H,-,A,D,0,NA,NA,NA,Y,Y,NA,A,01,0,0,1,0,0,0,0,0,0,-,-,34.4387092590332,-117.63990783691406,SAN BERNARDINO,UNINCORPORATED,-117.63992309570313,34.43869400024414
91840438,2022,2022-08-15,9865,2022-08-07,0925,018392,NA,7,1,9,3600,0,1,3,NA,2,014,SR-330,CLEGHORN RD,1056,W,N,A,-,N,NA,NA,NA,NA,NA,NA,NA,NA,NA,Y,4,0,4,2,A,-,06,21750,NA,N,B,C,A,A,H,-,A,D,0,NA,NA,NA,NA,Y,NA,D,22,0,0,4,0,0,0,0,0,0,-,-,34.29079055786133,-117.34828948974608,SAN BERNARDINO,UNINCORPORATED,NA,NA