CASE_ID,ACCIDENT_YEAR,PROC_DATE,JURIS,COLLISION_DATE,COLLISION_TIME,OFFICER_ID,REPORTING_DISTRICT,DAY_OF_WEEK,CHP_SHIFT,POPULATION,CNTY_CITY_LOC,SPECIAL_COND,BEAT_TYPE,CHP_BEAT_TYPE,CITY_DIVISION_LAPD,CHP_BEAT_CLASS,BEAT_NUMBER,PRIMARY_RD,SECONDARY_RD,DISTANCE,DIRECTION,INTERSECTION,WEATHER_1,WEATHER_2,STATE_HWY_IND,CALTRANS_COUNTY,CALTRANS_DISTRICT,STATE_ROUTE,ROUTE_SUFFIX,POSTMILE_PREFIX,POSTMILE,LOCATION_TYPE,RAMP_INTERSECTION,SIDE_OF_HWY,TOW_AWAY,COLLISION_SEVERITY,NUMBER_KILLED,NUMBER_INJURED,PARTY_COUNT,PRIMARY_COLL_FACTOR,PCF_CODE_OF_VIOL,PCF_VIOL_CATEGORY,PCF_VIOLATION,PCF_VIOL_SUBSECTION,HIT_AND_RUN,TYPE_OF_COLLISION,MVIW,PED_ACTION,ROAD_SURFACE,ROAD_COND_1,ROAD_COND_2,LIGHTING,CONTROL_DEVICE,CHP_ROAD_TYPE,PEDESTRIAN_ACCIDENT,BICYCLE_ACCIDENT,MOTORCYCLE_ACCIDENT,TRUCK_ACCIDENT,NOT_PRIVATE_PROPERTY,ALCOHOL_INVOLVED,STWD_VEHTYPE_AT_FAULT,CHP_VEHTYPE_AT_FAULT,COUNT_SEVERE_INJ,COUNT_VISIBLE_INJ,COUNT_COMPLAINT_PAIN,COUNT_PED_KILLED,COUNT_PED_INJURED,COUNT_BICYCLIST_KILLED,COUNT_BICYCLIST_INJURED,COUNT_MC_KILLED,COUNT_MC_INJURED,PRIMARY_RAMP,SECONDARY_RAMP,LATITUDE,LONGITUDE,COUNTY,CITY,POINT_X,POINT_Y
92050729,2023,2023-04-21,9860,2023-04-11,1650,022439,NA,2,2,6,3610,0,1,1,NA,2,104,I-10 W/B,TIPPECANOE AVE,600,W,N,A,-,Y,SBD,NA,10,NA,NA,26.039,H,NA,L,Y,4,0,1,3,A,-,03,22350,NA,N,C,C,A,A,H,-,A,D,0,NA,NA,NA,NA,Y,NA,D,22,0,0,1,0,0,0,0,0,0,-,-,34.06398010253906,-117.26554870605467,SAN BERNARDINO,SAN BERNARDINO,-117.26555633544922,34.06404113769531
92051590,2023,2023-04-24,9850,2023-04-18,1200,021342,NA,2,1,9,3600,0,1,3,NA,2,040,DALE EVAN'S PRKY,STODDARD WELLS RD,0,NA,Y,A,-,N,NA,NA,NA,NA,NA,NA,NA,NA,NA,N,4,0,1,2,A,-,21,22106,NA,N,D,2,A,A,H,-,A,A,0,NA,NA,NA,Y,Y,NA,A,01,0,0,1,0,0,0,0,0,0,-,-,34.624141693115234,-117.20713806152344,SAN BERNARDINO,UNINCORPORATED,-117.20710754394533,34.624114990234375
92053871,2023,2023-04-26,9850,2023-04-07,940,019176,NA,5,1,9,3600,0,1,3,NA,2,040,SR-18,MILPAS RD,15,E,N,A,-,Y,SBD,NA,18,NA,NA,83.023,H,NA,R,N,4,0,1,2,A,-,03,22350,NA,N,C,C,A,A,H,-,A,D,0,NA,NA,NA,NA,Y,NA,A,07,0,0,1,0,0,0,0,0,0,-,-,34.47196960449219,-117.10288238525392,SAN BERNARDINO,UNINCORPORATED,-117.10288238525392,34.47196578979492
92053970,2023,2023-04-26,9855,2023-04-19,1728,023010,NA,3,2,6,3604,0,1,1,NA,2,101,I-10 E/B (SAN BERNARDINO FREEWAY),CHERRY AVE.,5500,W,N,A,-,Y,SBD,NA,10,NA,NA,12.087,H,NA,R,N,3,0,1,4,A,-,03,22350,NA,N,C,C,A,A,H,-,A,D,0,NA,NA,Y,NA,Y,NA,C,02,0,1,0,0,0,0,0,0,1,-,-,34.065860748291016,-117.50762176513672,SAN BERNARDINO,FONTANA,-117.50762176513672,34.06584167480469
92054571,2023,2023-04-27,9860,2023-04-17,1313,021980,NA,1,1,9,3600,0,3,5,NA,2,002,OGDEN ST,BRONSON ST,0,NA,Y,A,-,N,NA,NA,NA,NA,NA,NA,NA,NA,NA,N,4,0,1,3,A,-,09,21802,A,N,D,C,A,A,H,-,A,A,0,NA,NA,NA,NA,Y,NA,D,22,0,0,1,0,0,0,0,0,0,-,-,34.15789031982422,-117.35735321044922,SAN BERNARDINO,UNINCORPORATED,-117.3572998046875,34.15786361694336
92054796,2023,2023-04-27,9860,2023-02-07,1238,014963,NA,2,1,4,3603,0,1,1,NA,2,214,I-215 S/B,WASHINGTON ST.,95,N,N,A,-,Y,SBD,NA,215,NA,NA,2.711,H,NA,L,Y,4,0,1,5,A,-,03,22350,NA,N,C,C,A,A,D,-,A,D,0,NA,NA,NA,Y,Y,NA,A,01,0,0,1,0,0,0,0,0,0,-,-,34.047908782958984,-117.30738830566406,SAN BERNARDINO,COLTON,-117.30736541748048,34.047882080078125
92056100,2023,2023-04-27,9860,2023-04-14,1630,022641,NA,5,2,6,3610,0,1,1,NA,2,202,SR-210 EASTBOUND,I-215,1320,E,N,A,-,Y,SBD,NA,210,NA,R,22.247,H,NA,R,N,3,0,1,5,A,-,03,22350,NA,N,C,C,A,A,H,-,A,D,0,NA,NA,NA,NA,Y,NA,A,01,0,1,0,0,0,0,0,0,0,-,-,34.1456413269043,-117.31301879882813,SAN BERNARDINO,SAN BERNARDINO,-117.31301879882813,34.1456184387207
9205631,2020,2021-02-02,3605,2020-11-24,1733,399,NA,2,5,4,3605,0,0,0,NA,0,NA,RAMONA AV,GRAND AV,9,N,N,A,-,N,NA,NA,NA,NA,NA,NA,NA,NA,NA,Y,4,0,3,3,A,-,03,22350,NA,N,C,C,A,A,H,-,C,A,0,NA,NA,NA,NA,Y,NA,A,01,0,0,3,0,0,0,0,0,0,-,-,NA,NA,SAN BERNARDINO,MONTCLAIR,-117.7067413330078,34.048545837402344
92060468,2023,2023-05-03,9855,2023-04-29,1440,023007,NA,6,2,6,3607,0,1,3,NA,2,601,SR-60 E/B (POMONA FWY),MILLIKEN AVE.,1900,W,N,A,-,Y,SBD,NA,60,NA,R,9.582,H,NA,R,N,4,0,1,2,A,-,07,21658,A,N,B,C,A,A,H,-,A,D,0,NA,NA,NA,NA,Y,NA,A,08,0,0,1,0,0,0,0,0,0,-,-,34.02555847167969,-117.56462860107422,SAN BERNARDINO,ONTARIO,-117.5645751953125,34.025691986083984
92062502,2023,2023-05-05,9835,2023-04-25,1508,020976,NA,2,2,9,3600,0,1,1,NA,2,075,I-15 S/B,HALLORAN SUMMIT RD,384,S,N,A,-,Y,SBD,NA,15,NA,NA,155.571,H,NA,L,N,4,0,1,2,A,-,07,21658,A,F,B,C,A,A,H,-,A,D,0,NA,NA,NA,NA,Y,NA,-,99,0,0,1,0,0,0,0,0,0,-,-,35.40288162231445,-115.79145050048828,SAN BERNARDINO,UNINCORPORATED,-115.79145050048828,35.40287399291992
92063409,2023,2023-05-08,9855,2023-04-01,1110,015299,NA,6,1,4,3605,0,1,1,NA,2,103,I-10 W/B (SAN BERNARDINO FWY),INDIAN HILL BOULEVARD,5000,E,N,A,-,Y,SBD,NA,10,NA,NA,0.66,H,NA,L,N,4,0,1,3,A,-,03,22350,NA,F,C,C,A,A,D,-,A,D,0,NA,NA,NA,NA,Y,NA,-,-,0,0,1,0,0,0,0,0,0,-,-,34.08232116699219,-117.69879913330078,SAN BERNARDINO,MONTCLAIR,-117.69876098632813,34.08218765258789
92063505,2023,2023-05-08,9850,2023-04-25,605,019176,NA,2,1,9,3600,0,3,5,NA,2,003,ROUNDUP WAY,CENTRAL RD,0,NA,Y,A,-,N,NA,NA,NA,NA,NA,NA,NA,NA,NA,Y,4,0,2,2,A,-,09,21804,A,N,D,2,A,A,H,-,A,A,0,NA,NA,NA,NA,Y,NA,A,07,0,0,2,0,0,0,0,0,0,-,-,34.42097091674805,-117.1725616455078,SAN BERNARDINO,UNINCORPORATED,-117.17253875732422,34.42095184326172
92065133,2023,2023-05-09,9834,2023-04-29,1835,020488,NA,6,2,9,3600,0,1,2,NA,1,091,US-95,95 SBD 19.50,100,S,N,A,-,Y,SBD,NA,95,NA,NA,19.769,H,NA,R,N,4,0,1,2,A,-,05,21460,A,N,B,C,A,A,H,-,A,A,0,NA,NA,NA,NA,Y,NA,D,22,0,0,1,0,0,0,0,0,0,-,-,34.29893112182617,-114.6519775390625,SAN BERNARDINO,UNINCORPORATED,-114.65198516845705,34.29893112182617
92065865,2023,2023-05-10,9860,2023-05-10,615,017098,NA,3,1,9,3600,0,1,1,NA,2,152,I-15 S/B,OAK HILL ROAD,7920,S,N,B,E,Y,SBD,NA,15,NA,R,25.353,H,NA,L,N,4,0,2,3,A,-,03,22350,NA,N,C,C,A,A,H,-,A,D,0,NA,NA,NA,NA,Y,NA,D,22,0,0,2,0,0,0,0,0,0,-,-,34.34463882446289,-117.45525360107422,SAN BERNARDINO,UNINCORPORATED,-117.45526123046876,34.34468460083008
92068310,2023,2023-05-15,9860,2023-05-07,948,021980,NA,7,1,6,3610,0,1,1,NA,2,104,I-10 W/B,WATERMAN AVE,2376,E,N,A,-,Y,SBD,NA,10,NA,NA,25.751,H,NA,L,Y,2,0,1,2,A,-,01,23152,A,N,D,2,A,A,H,-,A,D,0,NA,NA,NA,NA,Y,Y,A,07,1,0,0,0,0,0,0,0,0,-,-,34.06399917602539,-117.27063751220705,SAN BERNARDINO,SAN BERNARDINO,-117.27063751220705,34.063926696777344
92069929,2023,2023-05-16,9835,2023-05-05,655,022078,NA,5,1,9,3600,0,1,1,NA,2,075,I-15 N/B,E. BAKER BLVD,3062,N,N,A,-,Y,SBD,NA,15,NA,NA,139.24,H,NA,R,N,3,0,2,1,A,-,08,22107,NA,N,E,I,A,A,H,-,A,D,0,NA,NA,NA,NA,Y,NA,A,07,0,2,0,0,0,0,0,0,0,-,-,35.287498474121094,-116.03986358642578,SAN BERNARDINO,UNINCORPORATED,-116.03990173339844,35.28754806518555
92070989,2023,2023-05-17,9835,2023-05-16,20,022619,NA,2,3,9,3600,0,1,1,NA,2,071,S/B I-15,CALICO ROAD,1085,S,N,A,-,Y,NA,NA,NA,NA,NA,NA,NA,NA,NA,Y,3,0,1,1,A,-,08,22107,NA,N,F,A,A,A,H,-,D,D,0,NA,NA,NA,NA,Y,Y,A,01,0,1,0,0,0,0,0,0,0,-,-,34.909080505371094,-116.8425064086914,SAN BERNARDINO,UNINCORPORATED,-116.84247589111328,34.90883255004883
92072977,2023,2023-05-19,9860,2023-05-15,750,019419,NA,1,1,9,3600,0,1,1,NA,2,151,I-15 SB FROM SR-138 E/B,I-15,475,W,N,A,-,Y,SBD,NA,138,NA,R,15.098,H,NA,R,N,4,0,1,2,A,-,03,22350,NA,N,C,C,A,A,H,-,A,D,0,NA,NA,NA,NA,Y,NA,A,01,0,0,1,0,0,0,0,0,0,-,-,34.31153106689453,-117.47669982910156,SAN BERNARDINO,UNINCORPORATED,-117.47672271728516,34.31171417236328
92073104,2023,2023-05-19,9835,2023-05-10,1605,020976,NA,3,2,9,3600,0,1,1,NA,2,077,I-15 N/B,NIPTON RD,7392,S,N,A,-,Y,SBD,NA,15,NA,NA,175.024,H,NA,R,Y,3,0,1,1,A,-,08,22107,NA,N,F,A,A,A,H,-,A,D,0,NA,NA,Y,NA,Y,NA,C,02,0,1,0,0,0,0,0,0,1,-,-,35.46120071411133,-115.46900177001952,SAN BERNARDINO,UNINCORPORATED,-115.46898651123048,35.461143493652344
92073333,2023,2023-05-19,9860,2023-05-18,703,018275,NA,4,1,9,3600,0,3,5,NA,2,002,STERLING AVENUE,DATE STREET,0,NA,Y,A,-,N,NA,NA,NA,NA,NA,NA,NA,NA,NA,N,4,0,2,3,A,-,10,21950,A,N,G,B,B,A,H,-,A,A,0,Y,NA,NA,NA,Y,NA,D,22,0,0,2,0,2,0,0,0,0,-,-,34.14139938354492,-117.24365234375,SAN BERNARDINO,UNINCORPORATED,-117.24369049072266,34.141300201416016
9207468,2020,2021-02-08,3600,2020-12-19,1446,F5717,HE410,6,5,5,3619,0,0,0,NA,0,HE4,DANBURY AV,ARROWHEAD LAKE RD,0,NA,Y,A,-,N,NA,NA,NA,NA,NA,NA,NA,NA,NA,Y,4,0,4,2,A,-,09,21800,A,N,D,C,A,A,H,-,A,A,0,NA,NA,NA,NA,Y,NA,A,01,0,0,4,0,0,0,0,0,0,-,-,34.402069091796875,-117.24935913085938,SAN BERNARDINO,HESPERIA,-117.24935150146484,34.4021110534668
92077091,2023,2023-05-25,9855,2023-05-17,1430,023007,NA,3,2,6,3607,0,1,3,NA,2,601,SR-60 E/B (POMONA FWY),MILLIKEN AVE.,1580,W,N,A,-,Y,SBD,NA,60,NA,R,9.645,H,NA,R,N,4,0,1,2,A,-,08,22107,NA,N,B,C,A,A,H,-,A,D,0,NA,NA,NA,Y,Y,NA,-,-,0,0,1,0,0,0,0,0,0,-,-,34.0252799987793,-117.56358337402344,SAN BERNARDINO,ONTARIO,-117.56352996826172,34.02539825439453
92077633,2023,2023-05-25,9834,2023-05-14,1730,018755,NA,7,2,9,3600,0,2,4,NA,1,031,NEEDLES HWY,AHA MACAV PKWY,5280,S,N,A,-,N,NA,NA,NA,NA,NA,NA,NA,NA,NA,Y,2,0,5,2,A,-,05,21460,A,N,A,C,A,A,H,-,A,D,0,NA,NA,NA,NA,Y,NA,A,01,1,1,3,0,0,0,0,0,0,-,-,35.002410888671875,-114.66111755371094,SAN BERNARDINO,UNINCORPORATED,-114.66100311279295,35.0033073425293
92079197,2023,2023-05-26,9860,2023-05-22,1304,019495,NA,1,1,6,3610,0,1,1,NA,2,202,SR-210 E/B,WATERMAN AVE,2957,W,N,A,-,Y,SBD,NA,210,NA,R,23.644,H,NA,R,Y,2,0,3,2,A,-,07,21658,A,N,C,2,A,A,H,-,A,D,0,NA,NA,NA,NA,Y,NA,B,08,1,1,1,0,0,0,0,0,0,-,-,34.145328521728516,-117.2886199951172,SAN BERNARDINO,SAN BERNARDINO,-117.2886199951172,34.145355224609375
92079351,2023,2023-05-26,9870,2023-05-24,845,017675,NA,3,1,9,3600,0,1,3,NA,1,011,SR-62 (TWENTYNINE PALMS HWY.),ROSE EDEN DRIVE,0,NA,Y,A,-,Y,SBD,NA,62,NA,NA,5.778,H,NA,R,N,4,0,1,1,A,-,08,22107,NA,N,E,J,A,A,H,-,A,D,0,NA,NA,NA,NA,Y,NA,-,-,0,0,1,0,0,0,0,0,0,-,-,34.089141845703125,-116.5197525024414,SAN BERNARDINO,UNINCORPORATED,-116.51984405517578,34.089256286621094
9208333,2020,2021-02-01,3611,2020-10-23,1650,3295,3611,5,5,5,3611,0,0,0,NA,0,002,SAN ANTONIO AV,7TH ST,0,NA,Y,A,-,NA,NA,NA,NA,NA,NA,NA,NA,NA,NA,NA,2,0,1,2,D,-,00,NA,NA,N,D,C,A,A,H,-,A,A,0,NA,NA,Y,NA,Y,NA,-,-,1,0,0,0,0,0,0,0,0,-,-,NA,NA,SAN BERNARDINO,UPLAND,-117.66072082519533,34.08879089355469
92084526,2023,2023-06-02,9860,2023-05-27,1930,022641,NA,6,2,9,3600,0,3,5,NA,2,002,3RD AVE,48TH ST,528,S,N,A,-,N,NA,NA,NA,NA,NA,NA,NA,NA,NA,N,4,0,1,2,A,-,21,22106,NA,N,H,C,A,A,H,-,A,D,0,NA,NA,Y,NA,Y,NA,A,01,0,0,1,0,0,0,0,0,1,-,-,34.17036056518555,-117.30487823486328,SAN BERNARDINO,UNINCORPORATED,-117.30487823486328,34.170352935791016
92084932,2023,2023-06-02,9860,2023-05-29,2020,022875,NA,1,2,9,3600,0,1,1,NA,2,102,I-10 E/B,CEDAR AVE,5280,E,N,A,-,Y,SBD,NA,10,NA,R,18.628,H,NA,R,N,4,0,1,3,A,-,03,22350,NA,N,C,C,A,A,H,-,A,D,0,NA,NA,NA,NA,Y,NA,A,01,0,0,1,0,0,0,0,0,0,-,-,34.068321228027344,-117.3937530517578,SAN BERNARDINO,UNINCORPORATED,-117.39374542236328,34.06839370727539
92085233,2023,2023-06-05,9860,2023-06-02,1615,022641,NA,5,2,5,3609,0,1,1,NA,2,201,SR-210 WESTBOUND,AYALA DR,1320,W,N,A,-,Y,SBD,NA,210,NA,NA,17.044,H,NA,L,N,4,0,1,2,A,-,01,23152,A,N,C,C,A,A,H,-,A,D,0,NA,NA,NA,NA,Y,Y,D,22,0,0,1,0,0,0,0,0,0,-,-,34.1362190246582,-117.3991470336914,SAN BERNARDINO,RIALTO,-117.39915466308594,34.13616180419922
92086133,2023,2023-06-05,9835,2023-05-23,35,020389,NA,2,3,9,3600,0,1,1,NA,2,073,INTERSTATE 15 NORTHBOUND,FIELD ROAD,15998,N,N,A,-,Y,SBD,NA,15,NA,R,106.562,H,NA,R,Y,2,0,2,2,A,-,03,22350,NA,N,C,C,A,A,H,-,D,D,0,NA,NA,NA,Y,Y,NA,G,25,1,1,0,0,0,0,0,0,0,-,-,35.027870178222656,-116.48374938964844,SAN BERNARDINO,UNINCORPORATED,-116.48375701904295,35.02788543701172
9208926,2021,2021-03-16,3600,2021-01-12,1622,G9467,AP026,2,5,5,3621,0,0,0,NA,0,AP3,JESS RANCH PKWY,BEAR VALLEY RD,0,NA,Y,A,-,N,NA,NA,NA,NA,NA,NA,NA,NA,NA,N,4,0,1,2,A,-,03,22350,NA,N,C,C,A,A,H,-,A,A,0,NA,NA,NA,NA,Y,NA,A,01,0,0,1,0,0,0,0,0,0,-,-,NA,NA,SAN BERNARDINO,APPLE VALLEY,-117.24916076660156,34.470970153808594
9209076,2020,2021-05-21,3610,2020-12-11,1625,51197,NA,5,5,6,3610,0,0,0,NA,0,POLICE,E CENTRAL AV,NORTH ARROWHEAD AV,0,NA,-,A,-,N,NA,NA,NA,NA,NA,NA,NA,NA,NA,N,4,0,1,2,A,-,04,21703,NA,N,C,C,A,A,H,-,A,A,0,NA,NA,NA,NA,Y,NA,A,01,0,0,1,0,0,0,0,0,0,-,-,NA,NA,SAN BERNARDINO,SAN BERNARDINO,-117.28971862792967,34.086021423339844
9209078,2020,2021-02-19,3610,2020-12-23,2500,51282,NA,3,5,6,3610,0,0,0,NA,0,POLICE,W MILL ST,S GRAPE ST,0,NA,Y,A,-,N,NA,NA,NA,NA,NA,NA,NA,NA,NA,N,2,0,1,2,A,-,08,22107,NA,F,A,B,A,A,H,-,C,D,0,NA,Y,NA,NA,Y,Y,L,04,1,0,0,0,0,0,1,0,0,-,-,34.09238815307617,-117.31555938720705,SAN BERNARDINO,SAN BERNARDINO,-117.31537628173828,34.0921516418457
9209105,2020,2021-02-22,3604,2020-12-17,1949,1276,NA,4,5,6,3604,0,0,0,NA,0,NA,BEECH AV,JURUPA AV,100,S,N,A,-,N,NA,NA,NA,NA,NA,NA,NA,NA,NA,N,3,0,1,2,A,-,08,22107,NA,F,G,G,A,A,H,-,C,D,0,NA,Y,NA,NA,Y,NA,A,01,0,1,0,0,0,0,1,0,0,-,-,NA,NA,SAN BERNARDINO,FONTANA,-117.47125244140624,34.04770278930664
92091875,2022,2023-06-12,9860,2022-12-29,0115,021451,NA,4,3,6,3610,0,1,1,NA,2,216,INTERSTATE 215 SOUTHBOUND TO STATE ROUTE 210 EASTB,STATE ROUTE 210,1045,N,N,A,-,Y,SBD,NA,215,NA,NA,10.267,H,NA,L,Y,1,1,0,2,A,-,05,21202,A,N,H,G,A,A,H,-,C,D,0,NA,Y,NA,NA,Y,NA,L,04,0,0,0,0,0,1,0,0,0,-,-,34.14720153808594,-117.32125854492188,SAN BERNARDINO,SAN BERNARDINO,-117.32105255126952,34.14728546142578
92093249,2023,2023-06-14,9860,2023-06-05,1114,021980,NA,1,1,9,3600,0,1,1,NA,2,152,I-15 S/B,SR-138,2640,N,N,A,-,Y,SBD,NA,15,NA,R,21.879,H,NA,L,Y,4,0,1,2,A,-,08,22107,NA,N,B,C,A,A,H,-,A,D,0,NA,NA,NA,Y,Y,NA,G,25,0,0,1,0,0,0,0,0,0,-,-,34.31752014160156,-117.48033905029295,SAN BERNARDINO,UNINCORPORATED,-117.48025512695313,34.31755447387695
92095909,2023,2023-06-16,9835,2023-06-14,1848,022428,NA,3,2,9,3600,0,1,1,NA,2,070,I-15 S/B,OUTLET CENTER DR,3274,N,N,A,-,Y,SBD,NA,15,NA,NA,66.456,H,NA,L,N,4,0,1,2,A,-,03,22350,NA,N,C,C,A,A,H,-,A,D,0,NA,NA,NA,NA,Y,NA,A,01,0,0,1,0,0,0,0,0,0,-,-,34.820518493652344,-117.09465789794922,SAN BERNARDINO,UNINCORPORATED,-117.09462738037108,34.82051467895508
9209615,2020,2021-01-12,3610,2020-11-19,1530,51271,NA,4,5,6,3610,0,0,0,NA,0,DAVID,S E ST,SOUTH MALL DR,48,N,N,A,-,N,NA,NA,NA,NA,NA,NA,NA,NA,NA,N,3,0,1,2,A,-,03,22350,NA,N,C,C,A,A,H,-,A,D,0,NA,NA,NA,NA,Y,NA,A,01,0,1,0,0,0,0,0,0,0,-,-,34.08386993408203,-117.29302978515624,SAN BERNARDINO,SAN BERNARDINO,-117.29386901855467,34.08367156982422
92097324,2023,2023-06-19,9860,2023-06-11,905,021149,NA,7,1,9,3600,0,1,1,NA,2,102,I-10 WB,CEDAR AVE,2112,E,N,B,C,Y,SBD,NA,10,NA,R,18.934,H,NA,L,Y,2,0,1,2,A,-,08,22107,NA,N,F,0,A,B,H,-,A,D,0,NA,NA,Y,NA,Y,NA,C,02,1,0,0,0,0,0,0,0,1,-,-,34.06834030151367,-117.38842010498048,SAN BERNARDINO,UNINCORPORATED,-117.38842010498048,34.06837463378906
92099319,2023,2023-06-21,9865,2023-06-14,1440,021587,NA,3,2,9,3600,0,3,5,NA,2,003,PARADISE WAY,MALTABY BLVD,3,N,N,A,-,N,NA,NA,NA,NA,NA,NA,NA,NA,NA,Y,4,0,1,1,A,-,08,22107,NA,N,E,8,A,A,H,-,A,D,0,NA,NA,NA,NA,Y,NA,A,01,0,0,1,0,0,0,0,0,0,-,-,34.266510009765625,-116.84002685546876,SAN BERNARDINO,UNINCORPORATED,-116.8400421142578,34.2664680480957
9210007,2020,2021-01-19,3600,2020-10-25,0015,G8529,3600,7,5,5,3621,0,0,0,NA,0,004,BEAR VALLEY RD,CENTRAL RD,0,NA,Y,A,-,N,NA,NA,NA,NA,NA,NA,NA,NA,NA,Y,4,0,1,2,A,-,00,22651,NA,N,C,C,A,-,H,-,D,A,0,NA,NA,NA,NA,Y,Y,-,NA,0,0,1,0,0,0,0,0,0,-,-,NA,NA,SAN BERNARDINO,APPLE VALLEY,-117.1726531982422,34.47161102294922
92102286,2023,2023-06-26,9850,2023-06-12,930,018211,NA,1,1,9,3600,0,2,4,NA,2,055,NATIONAL TRAILS HWY,ROBINSON RANCH RD,470,N,N,A,-,N,NA,NA,NA,NA,NA,NA,NA,NA,NA,Y,4,0,2,3,A,-,06,21751,NA,N,A,C,A,A,H,-,A,D,0,NA,NA,NA,NA,Y,NA,A,01,0,0,2,0,0,0,0,0,0,-,-,34.64054870605469,-117.34504699707033,SAN BERNARDINO,UNINCORPORATED,-117.1423568725586,34.85417175292969
92102442,2023,2023-06-26,9855,2023-06-18,1540,023010,NA,7,2,6,3607,0,1,1,NA,2,103,I-10 E/B (SAN BERNARDINO FWY),4TH STREET,800,W,N,A,-,Y,SBD,NA,10,NA,NA,5.117,H,NA,R,Y,4,0,1,2,A,-,08,22107,NA,N,B,C,A,A,D,-,A,D,0,NA,NA,NA,NA,Y,NA,A,08,0,0,1,0,0,0,0,0,0,-,-,34.07876968383789,-117.62541198730467,SAN BERNARDINO,ONTARIO,-117.6254653930664,34.07870101928711
92105202,2023,2023-06-29,9855,2023-06-21,1701,019732,NA,3,2,6,3604,0,3,5,NA,2,001,BEECH AVE.,SAN  BERNARDINO AVE.,0,NA,Y,A,-,N,NA,NA,NA,NA,NA,NA,NA,NA,NA,N,3,0,1,2,A,-,08,22100,NA,N,D,D,A,A,H,-,A,A,0,NA,NA,NA,NA,Y,NA,A,07,0,1,0,0,0,0,0,0,0,-,-,34.077430725097656,-117.47120666503906,SAN BERNARDINO,FONTANA,-117.4712142944336,34.06659698486328
92107800,2023,2023-07-03,9860,2023-06-25,1455,022617,NA,7,2,9,3600,0,1,3,NA,1,012,SR-138,I-15,815,W,N,A,-,Y,SBD,NA,138,NA,R,15.024,H,NA,R,Y,3,0,2,3,A,-,07,21658,A,N,C,C,A,A,H,-,A,D,0,NA,NA,NA,NA,Y,NA,A,07,0,1,1,0,0,0,0,0,0,-,-,34.31159973144531,-117.47796630859376,SAN BERNARDINO,UNINCORPORATED,-117.47797393798828,34.31161117553711
92108607,2023,2023-07-03,9855,2023-06-27,1150,015299,NA,2,1,6,3607,0,1,1,NA,2,103,I-10 E/B (SAN BERNARDINO FWY),ARCHIBALD AVENUE,1100,W,N,A,-,Y,SBD,NA,10,NA,NA,6.954,H,NA,R,N,4,0,1,2,A,-,03,22350,NA,N,C,C,A,A,D,-,A,D,0,NA,NA,NA,NA,Y,NA,A,01,0,0,1,0,0,0,0,0,0,-,-,34.06755065917969,-117.59706115722656,SAN BERNARDINO,ONTARIO,-117.59706115722656,34.06755828857422
92108750,2023,2023-07-03,9855,2023-06-22,1630,021006,NA,4,2,5,3630,0,1,3,NA,2,071,SR-71 S/B (CORONA FWY) FROM PINE AVENUE,PINE AVENUE,1025,S,N,A,-,Y,SBD,NA,71,NA,R,6.704,H,NA,L,Y,3,0,1,1,A,-,01,23152,A,N,E,I,A,A,H,-,A,A,0,NA,NA,NA,NA,Y,Y,A,07,0,1,0,0,0,0,0,0,0,-,-,33.94533920288086,-117.6731185913086,SAN BERNARDINO,CHINO HILLS,-117.67286682128906,33.94547653198242
9210958,2020,2021-02-10,3600,2020-12-22,1553,G6641,AP018,2,5,5,3621,0,0,0,NA,0,AP4,POWATAN RD,QUINNAULT RD,0,NA,Y,A,-,N,NA,NA,NA,NA,NA,NA,NA,NA,NA,Y,3,0,1,3,A,-,09,21802,A,N,A,C,A,A,H,-,A,A,0,NA,NA,NA,NA,Y,NA,-,NA,0,1,0,0,0,0,0,0,0,-,-,NA,NA,SAN BERNARDINO,APPLE VALLEY,-117.18151092529295,34.4969482421875
92109735,2023,2023-07-05,9855,2023-06-25,20,023023,NA,7,3,6,3616,0,1,1,NA,2,152,I-15 N/B (ONTARIO FWY),BASELINE ROAD,1200,S,N,A,-,Y,SBD,NA,15,NA,NA,6.445,H,NA,R,Y,3,0,3,1,C,-,18,NA,NA,N,E,J,A,A,H,-,C,D,0,NA,NA,NA,NA,Y,NA,-,-,0,1,2,0,0,0,0,0,0,-,-,34.11785125732422,-117.51805114746094,SAN BERNARDINO,RANCHO CUCAMONGA,-117.5180206298828,34.11782455444336