CASE_ID,ACCIDENT_YEAR,PROC_DATE,JURIS,COLLISION_DATE,COLLISION_TIME,OFFICER_ID,REPORTING_DISTRICT,DAY_OF_WEEK,CHP_SHIFT,POPULATION,CNTY_CITY_LOC,SPECIAL_COND,BEAT_TYPE,CHP_BEAT_TYPE,CITY_DIVISION_LAPD,CHP_BEAT_CLASS,BEAT_NUMBER,PRIMARY_RD,SECONDARY_RD,DISTANCE,DIRECTION,INTERSECTION,WEATHER_1,WEATHER_2,STATE_HWY_IND,CALTRANS_COUNTY,CALTRANS_DISTRICT,STATE_ROUTE,ROUTE_SUFFIX,POSTMILE_PREFIX,POSTMILE,LOCATION_TYPE,RAMP_INTERSECTION,SIDE_OF_HWY,TOW_AWAY,COLLISION_SEVERITY,NUMBER_KILLED,NUMBER_INJURED,PARTY_COUNT,PRIMARY_COLL_FACTOR,PCF_CODE_OF_VIOL,PCF_VIOL_CATEGORY,PCF_VIOLATION,PCF_VIOL_SUBSECTION,HIT_AND_RUN,TYPE_OF_COLLISION,MVIW,PED_ACTION,ROAD_SURFACE,ROAD_COND_1,ROAD_COND_2,LIGHTING,CONTROL_DEVICE,CHP_ROAD_TYPE,PEDESTRIAN_ACCIDENT,BICYCLE_ACCIDENT,MOTORCYCLE_ACCIDENT,TRUCK_ACCIDENT,NOT_PRIVATE_PROPERTY,ALCOHOL_INVOLVED,STWD_VEHTYPE_AT_FAULT,CHP_VEHTYPE_AT_FAULT,COUNT_SEVERE_INJ,COUNT_VISIBLE_INJ,COUNT_COMPLAINT_PAIN,COUNT_PED_KILLED,COUNT_PED_INJURED,COUNT_BICYCLIST_KILLED,COUNT_BICYCLIST_INJURED,COUNT_MC_KILLED,COUNT_MC_INJURED,PRIMARY_RAMP,SECONDARY_RAMP,LATITUDE,LONGITUDE,COUNTY,CITY,POINT_X,POINT_Y
94468669,2024,2024-11-13,9850,2024-11-12,1535,023336,NA,2,2,9,3600,0,1,1,NA,2,082,I-15 S/B,BEAR VALLEY RD.,2640,S,N,A,-,Y,SBD,NA,15,NA,NA,36.718,H,NA,L,Y,4,0,1,2,A,-,07,21658,A,N,B,C,A,A,H,-,A,D,0,NA,NA,NA,Y,Y,NA,A,01,0,0,1,0,0,0,0,0,0,-,-,34.45977020263672,-117.35462188720705,SAN BERNARDINO,UNINCORPORATED,-117.35468292236328,34.459800720214844
94469621,2024,2024-11-14,9855,2024-11-09,830,021006,NA,6,1,6,3604,0,1,1,NA,2,101,I-10 E/B TO CHERRY AVENUE,CHERRY AVENUE,500,W,N,A,-,Y,NA,NA,NA,NA,NA,NA,NA,NA,NA,N,4,0,1,2,A,-,21,22106,NA,N,C,C,A,A,H,-,A,A,0,NA,NA,NA,Y,Y,NA,F,26,0,0,1,0,0,0,0,0,0,-,-,34.06565856933594,-117.48960876464844,SAN BERNARDINO,FONTANA,-117.49050903320313,34.0659065246582
94470758,2024,2024-11-15,9855,2024-11-02,432,021403,NA,6,3,6,3616,0,1,1,NA,2,203,SR-210 W/B (FOOTHILL FWY),ARCHIBALD AVE.,1530,E,N,B,-,Y,SBD,NA,210,NA,NA,6.201,H,NA,L,Y,4,0,1,3,A,-,01,23152,A,N,E,I,A,A,H,-,C,D,0,NA,NA,NA,NA,Y,Y,A,01,0,0,1,0,0,0,0,0,0,-,-,34.13568878173828,-117.58828735351563,SAN BERNARDINO,RANCHO CUCAMONGA,-117.58827209472656,34.13554763793945
94472727,2024,2024-11-18,9860,2024-09-06,1155,022723,NA,5,1,4,3640,0,1,1,NA,2,106,I-10 E/B,OAK GLEN RD,8448,E,N,A,-,Y,SBD,NA,10,NA,R,37.849,H,NA,R,N,4,0,2,3,A,-,07,21658,A,N,B,C,A,A,D,E,A,D,0,NA,NA,NA,Y,Y,NA,G,25,0,0,2,0,0,0,0,0,0,-,-,34.01414108276367,-117.08244323730467,SAN BERNARDINO,YUCAIPA,-117.08243560791016,34.0141487121582
9447404,2022,2022-06-16,3600,2022-05-13,1314,J2651,VC020,5,5,5,3612,0,0,0,NA,0,VC03,COTTONWOOD AV,BEARVALLEY RD,0,NA,Y,A,-,N,NA,NA,NA,NA,NA,NA,NA,NA,NA,Y,4,0,2,3,A,-,09,21801,NA,N,D,C,A,A,H,-,A,A,0,NA,NA,NA,NA,Y,NA,D,22,0,0,2,0,0,0,0,0,0,-,-,34.47053146362305,-117.335693359375,SAN BERNARDINO,VICTORVILLE,-117.33869934082033,34.47048568725586
9447476,2022,2022-08-18,3600,2022-02-21,2326,C8720,AD107,1,5,3,3613,0,0,0,NA,0,AD1,RT 395,AIR EXPRESS WY,0,NA,Y,A,-,Y,SBD,8,18,-,-,15.707,I,5,N,Y,4,0,1,2,A,-,12,21453,A,N,D,C,A,A,H,-,C,A,0,NA,NA,NA,NA,Y,NA,E,22,0,0,1,0,0,0,0,0,0,-,-,NA,NA,SAN BERNARDINO,ADELANTO,-117.30916595458984,34.226654052734375
94474848,2024,2024-11-19,9860,2024-11-08,1945,022906,NA,5,2,4,3603,0,1,1,NA,2,214,I-215 N/B,IOWA AVE,792,N,N,A,-,Y,SBD,NA,215,NA,NA,0.564,H,NA,R,Y,4,0,1,2,A,-,03,22350,NA,N,C,C,A,A,H,-,C,D,0,NA,NA,NA,NA,Y,NA,A,01,0,0,1,0,0,0,0,0,0,-,-,34.025821685791016,-117.33361053466795,SAN BERNARDINO,COLTON,-117.33364105224608,34.025840759277344
94475000,2024,2024-11-19,9860,2024-11-09,315,022679,NA,6,3,4,3640,0,1,1,NA,2,106,I-10 W/B,16TH STREET,475,E,N,A,-,Y,SBD,NA,10,NA,NA,36.542,H,NA,L,Y,3,0,1,1,A,-,08,22107,NA,N,E,I,A,A,D,-,D,D,0,NA,NA,NA,NA,Y,NA,D,22,0,1,0,0,0,0,0,0,0,-,-,34.021148681640625,-117.10272216796876,SAN BERNARDINO,YUCAIPA,-117.10275268554688,34.021114349365234
94475780,2024,2024-11-19,9835,2024-11-13,1255,019189,NA,3,1,9,3600,1,3,5,NA,2,032,K STREET,PANAMINT RD,0,NA,Y,B,-,N,NA,NA,NA,NA,NA,NA,NA,NA,NA,Y,4,0,1,2,A,-,05,21752,D,N,B,C,A,D,H,-,A,D,0,NA,NA,NA,NA,Y,NA,A,07,0,0,1,0,0,0,0,0,0,-,-,34.870121002197266,-117.05404663085938,SAN BERNARDINO,UNINCORPORATED,-117.05404663085938,34.870121002197266
94476933,2024,2024-11-20,9860,2024-11-08,1705,023004,NA,5,2,9,3600,0,2,4,NA,2,066,CAJON BLVD,KEENBROOK RD,1848,N,N,A,-,N,NA,NA,NA,NA,NA,NA,NA,NA,NA,N,4,0,6,2,A,-,09,21804,A,N,C,C,A,A,H,-,D,D,0,NA,NA,NA,NA,Y,NA,A,01,0,0,6,0,0,0,0,0,0,-,-,34.253990173339844,-117.4598388671875,SAN BERNARDINO,UNINCORPORATED,-117.46002197265624,34.254085540771484
9447698,2022,2022-11-04,3610,2022-09-17,1016,50733,NA,6,5,6,3610,0,0,0,NA,0,POLICE,NORTH ARROWHEAD AV,W 8TH ST,0,NA,Y,A,-,N,NA,NA,NA,NA,NA,NA,NA,NA,NA,N,3,0,1,2,A,-,03,22350,NA,F,G,B,D,A,H,-,A,D,0,Y,NA,NA,NA,Y,NA,A,01,0,1,0,0,1,0,0,0,0,-,-,34.11397171020508,-117.2895965576172,SAN BERNARDINO,SAN BERNARDINO,-117.28964996337892,34.113922119140625
9447852,2022,2022-09-16,3600,2022-08-16,1755,J2651,VC016,2,5,5,3612,0,0,0,NA,0,VC02,VALLEY CENTER DR,LORENE DR,0,NA,Y,A,-,N,NA,NA,NA,NA,NA,NA,NA,NA,NA,Y,4,0,1,2,A,-,06,21750,A,N,B,C,A,A,H,-,A,A,0,NA,NA,Y,NA,Y,NA,C,02,0,0,1,0,0,0,0,0,1,-,-,34.51517105102539,-117.3199462890625,SAN BERNARDINO,VICTORVILLE,-117.32018280029295,34.51429748535156
9448097,2022,2022-06-21,3600,2022-03-29,1339,D3381,VC046,2,5,5,3612,0,0,0,NA,0,VC6,NATIONAL TRAILS HWY,AIR EXPRESS WY,166,S,N,A,-,N,NA,NA,NA,NA,NA,NA,NA,NA,NA,Y,4,0,1,2,A,-,08,22107,NA,N,D,C,A,A,H,-,A,D,0,NA,NA,NA,Y,Y,NA,F,27,0,0,1,0,0,0,0,0,0,-,-,NA,NA,SAN BERNARDINO,VICTORVILLE,-117.3180694580078,34.56595993041992
94481200,2024,2024-11-25,9860,2024-11-13,925,019495,NA,3,1,9,3600,0,1,1,NA,2,151,I-15 N/B,KENWOOD AVE,11088,N,N,A,-,Y,SBD,NA,15,NA,R,17.187,H,NA,R,Y,3,0,1,3,A,-,08,22107,NA,M,B,C,A,A,H,-,A,D,0,NA,NA,NA,Y,Y,NA,-,99,0,1,0,0,0,0,0,0,0,-,-,34.259429931640625,-117.44985198974608,SAN BERNARDINO,UNINCORPORATED,-117.44987487792967,34.25943374633789
94481688,2024,2024-11-25,9860,2024-11-14,925,024096,NA,4,1,9,3600,0,3,5,NA,2,004,SLOVER AVE.,LOCUST AVE,10,W,N,A,-,N,NA,NA,NA,NA,NA,NA,NA,NA,NA,N,4,0,1,2,A,-,03,22350,NA,N,C,C,A,A,H,-,A,A,0,NA,NA,NA,NA,Y,NA,A,01,0,0,1,0,0,0,0,0,0,-,-,34.06317901611328,-117.40962982177734,SAN BERNARDINO,UNINCORPORATED,-117.4095458984375,34.063148498535156
94482449,2024,2024-11-25,9855,2024-11-22,1335,020564,NA,5,1,6,3607,0,1,1,NA,2,103,I-10 E/B (SAN BERNARDINO FWY),4TH ST,330,E,N,A,-,Y,SBD,NA,10,NA,NA,5.322,H,NA,R,Y,4,0,1,2,A,-,03,22350,NA,N,C,C,A,A,H,-,A,D,0,NA,NA,NA,NA,Y,NA,A,01,0,0,1,0,0,0,0,0,0,-,-,34.077030181884766,-117.62258911132813,SAN BERNARDINO,ONTARIO,-117.62257385253906,34.07704544067383
94482839,2024,2024-11-25,9850,2024-11-17,1415,023336,NA,7,2,5,3619,0,1,1,NA,2,081,I-15 S/B,OAK HILLS,2633,N,N,A,-,Y,SBD,NA,15,NA,R,29.121,H,NA,L,Y,4,0,2,3,A,-,03,22350,NA,N,C,C,A,A,H,-,A,D,0,NA,NA,NA,NA,Y,NA,A,07,0,0,2,0,0,0,0,0,0,-,-,34.368080139160156,-117.42810821533205,SAN BERNARDINO,HESPERIA,-117.42816925048828,34.36811828613281
94484061,2024,2024-11-26,9850,2024-11-19,1450,021675,NA,2,2,9,3600,0,3,5,NA,2,005,OASIS RD,DEL ROSA RD,0,NA,Y,A,-,N,NA,NA,NA,NA,NA,NA,NA,NA,NA,N,3,0,2,2,A,-,09,21801,A,N,D,C,A,A,H,-,A,A,0,NA,NA,NA,NA,Y,NA,A,07,0,2,0,0,0,0,0,0,0,-,-,34.46247100830078,-117.6430435180664,SAN BERNARDINO,UNINCORPORATED,-117.6430435180664,34.46247482299805
94487696,2024,2024-12-02,9855,2024-11-20,1240,015763,NA,3,1,5,3602,0,1,3,NA,2,603,SR-60 W/B (POMONA FWY),RAMONA AVENUE,528,E,N,A,-,Y,SBD,NA,60,NA,R,1.397,H,NA,L,Y,3,0,1,3,A,-,03,22350,NA,N,C,C,A,A,H,-,A,D,0,NA,NA,NA,NA,Y,NA,A,07,0,1,0,0,0,0,0,0,0,-,-,34.030189514160156,-117.70632934570313,SAN BERNARDINO,CHINO,-117.70632934570313,34.030235290527344
94489159,2024,2024-12-02,9850,2024-11-21,1630,023006,NA,4,2,9,3600,0,1,3,NA,2,060,SR-138,MOUNTAIN RD,0,NA,Y,B,-,Y,SBD,NA,138,NA,NA,0.918,H,NA,R,Y,4,0,1,2,A,-,09,21802,A,N,D,C,A,A,H,-,A,D,0,NA,NA,NA,Y,Y,NA,D,22,0,0,1,0,0,0,0,0,0,-,-,34.44343185424805,-117.64707183837892,SAN BERNARDINO,UNINCORPORATED,-117.64710235595705,34.443397521972656
94491186,2024,2024-12-04,9855,2024-11-23,1620,021543,NA,6,2,5,3611,0,1,1,NA,2,203,SR-210 W/B TO CAMPUS AVE.,CAMPUS AVE.,65,E,N,A,-,Y,NA,NA,NA,NA,NA,NA,NA,NA,NA,N,4,0,4,2,A,-,03,22350,NA,N,C,C,A,A,H,-,B,D,0,NA,NA,NA,NA,Y,NA,A,01,0,0,4,0,0,0,0,0,0,-,-,34.13534927368164,-117.63532257080078,SAN BERNARDINO,UPLAND,-117.64012908935548,34.13496017456055
94493645,2024,2024-12-05,9860,2024-11-27,940,019495,NA,3,1,4,3603,0,1,1,NA,2,214,I-215 N/B,WASHINGTON ST,845,N,N,A,-,Y,SBD,NA,215,NA,NA,2.859,H,NA,R,N,4,0,1,2,A,-,03,22350,NA,N,C,C,A,A,H,-,A,D,0,NA,NA,NA,NA,Y,NA,A,01,0,0,1,0,0,0,0,0,0,-,-,34.04914093017578,-117.3051300048828,SAN BERNARDINO,COLTON,-117.30518341064452,34.049190521240234
9449416,2022,2022-06-02,3600,2022-04-08,1948,H8337,VC064,5,5,5,3612,0,0,0,NA,0,VC5,AMARGOSA RD,MARICOPA RD,215,NA,N,A,-,N,NA,NA,NA,NA,NA,NA,NA,NA,NA,N,4,0,1,2,A,-,03,22350,NA,M,B,C,A,A,H,-,C,A,0,NA,NA,NA,NA,Y,NA,-,NA,0,0,1,0,0,0,0,0,0,-,-,NA,NA,SAN BERNARDINO,VICTORVILLE,-117.33004760742188,34.4960823059082
9449631,2022,2022-06-07,3600,2022-05-10,1158,H7585,HE129,2,5,5,3619,0,0,0,NA,0,HE5,MAIN ST,9TH AV,82,W,N,A,-,N,NA,NA,NA,NA,NA,NA,NA,NA,NA,N,4,0,1,3,A,-,03,22350,NA,N,C,C,A,A,H,-,A,A,0,NA,NA,NA,NA,Y,Y,A,01,0,0,1,0,0,0,0,0,0,-,-,NA,NA,SAN BERNARDINO,HESPERIA,-117.32065582275392,34.42435836791992
9449731,2022,2022-06-08,3608,2022-04-23,1216,4866,NA,6,5,5,3608,0,0,0,NA,0,NA,TEXAS ST,SUN AV,0,NA,Y,A,-,N,NA,NA,NA,NA,NA,NA,NA,NA,NA,N,4,0,1,2,A,-,09,21802,A,N,D,C,A,A,H,-,A,A,0,NA,NA,NA,NA,Y,NA,A,01,0,0,1,0,0,0,0,0,0,-,-,NA,NA,SAN BERNARDINO,REDLANDS,-117.19121551513672,34.06385803222656
94497566,2024,2024-12-13,9835,2024-12-04,530,021001,NA,3,3,9,3600,0,2,4,NA,1,018,FT IRWIN RD,SAENZ DR,1056,N,N,A,-,N,NA,NA,NA,NA,NA,NA,NA,NA,NA,Y,4,0,1,1,C,-,18,NA,NA,N,E,H,A,A,H,-,D,D,0,NA,NA,NA,NA,Y,NA,-,-,0,0,1,0,0,0,0,0,0,-,-,35.11594009399414,-116.81089782714844,SAN BERNARDINO,UNINCORPORATED,-116.81122589111328,35.115699768066406
94498383,2024,2024-12-13,9860,2024-12-02,1830,022347,NA,1,2,9,3600,0,2,4,NA,1,131,LYTLE CREEK ROAD,MAXWELL ROAD,120,S,N,A,-,N,NA,NA,NA,NA,NA,NA,NA,NA,NA,Y,3,0,1,2,A,-,09,21804,A,N,F,A,A,A,H,-,D,D,0,NA,NA,Y,NA,Y,NA,D,22,0,1,0,0,0,0,0,0,1,-,-,34.243690490722656,-117.4969482421875,SAN BERNARDINO,UNINCORPORATED,-117.49730682373048,34.24314498901367
94498481,2024,2024-12-13,9835,2024-12-08,1848,022218,NA,7,2,9,3600,0,1,2,NA,1,014,RT 395,CUDDEBACK ROAD,1850,N,N,A,-,Y,SBD,NA,395,NA,NA,64.826,H,NA,R,Y,2,0,2,1,A,-,08,22107,NA,N,E,I,A,A,H,-,D,D,0,NA,NA,NA,NA,Y,NA,D,22,1,1,0,0,0,0,0,0,0,-,-,35.25857925415039,-117.61269378662108,SAN BERNARDINO,UNINCORPORATED,-117.61273193359376,35.258575439453125
94498569,2024,2024-12-13,9860,2024-12-09,1750,020282,NA,1,2,4,3603,0,1,1,NA,2,214,I-215 N/B,IOWA AVE,312,N,N,A,-,Y,SBD,NA,215,NA,NA,0.461,H,NA,R,N,4,0,3,3,A,-,03,22350,NA,N,C,C,A,A,H,-,C,D,0,NA,NA,NA,NA,Y,NA,A,01,0,0,3,0,0,0,0,0,0,-,-,34.02458953857422,-117.33464813232422,SAN BERNARDINO,COLTON,-117.3347396850586,34.0246467590332
9449915,2022,2022-07-15,3600,2022-04-10,1225,H8225,3600,7,5,5,3630,0,0,0,NA,0,CH3,PEYTON DR,EUCALYPTUS AV,0,NA,Y,A,-,N,NA,NA,NA,NA,NA,NA,NA,NA,NA,Y,3,0,3,2,D,-,00,NA,NA,N,A,C,A,A,H,-,A,A,0,NA,NA,NA,NA,Y,NA,-,-,0,3,0,0,0,0,0,0,0,-,-,NA,NA,SAN BERNARDINO,CHINO HILLS,-117.73258972167967,33.989013671875
94501689,2024,2024-12-13,9860,2024-12-02,2250,022944,NA,1,3,5,3608,0,1,1,NA,2,203,SR-210 E/B TO I-10 W/B,LUGONIA AVENUE,605,E,N,A,-,Y,NA,NA,NA,NA,NA,NA,NA,NA,NA,Y,3,0,1,1,A,-,08,22107,NA,N,E,8,A,A,H,-,C,D,0,NA,NA,NA,Y,Y,NA,F,26,0,1,0,0,0,0,0,0,0,-,-,34.06848907470703,-117.20191192626952,SAN BERNARDINO,REDLANDS,-117.22630310058594,34.07033157348633
94504821,2024,2024-12-16,9860,2024-12-01,1730,022906,NA,7,2,6,3610,0,1,1,NA,2,104,I-10 W/B,WATERMAN AVE,2640,E,N,A,-,Y,SBD,NA,10,NA,NA,25.829,H,NA,L,Y,4,0,1,2,A,-,03,22350,NA,N,C,C,A,A,H,-,C,D,0,NA,NA,NA,NA,Y,NA,A,01,0,0,1,0,0,0,0,0,0,-,-,34.06394958496094,-117.26927185058594,SAN BERNARDINO,SAN BERNARDINO,-117.26927185058594,34.063941955566406
94505081,2024,2024-12-16,9855,2024-12-05,1858,021403,NA,4,2,4,3605,0,1,1,NA,2,103,I-10 E/B (SAN BERNARDINO FWY),MONTE VISTA AVE.,135,E,N,A,-,Y,SBD,NA,10,NA,NA,0.716,H,NA,R,N,4,0,1,2,A,-,03,22350,NA,N,C,C,A,A,C,-,C,D,0,NA,NA,NA,NA,Y,NA,A,01,0,0,1,0,0,0,0,0,0,-,-,34.08208084106445,-117.6977996826172,SAN BERNARDINO,MONTCLAIR,-117.69783020019533,34.08217239379883
94506740,2024,2024-12-17,9855,2024-12-07,240,023010,NA,6,3,6,3607,0,1,1,NA,2,152,I-15 S/B (ONTARIO FWY),AIRPORT DR.,600,S,N,A,-,Y,SBD,NA,15,NA,NA,1.948,H,NA,L,Y,4,0,1,1,A,-,01,23152,A,N,E,I,A,A,H,-,D,D,0,NA,NA,NA,NA,Y,Y,A,07,0,0,1,0,0,0,0,0,0,-,-,34.06098175048828,-117.54537200927734,SAN BERNARDINO,ONTARIO,-117.545166015625,34.060970306396484
94507368,2024,2024-12-17,9850,2024-12-07,1730,022591,NA,6,2,9,3600,0,2,4,NA,2,057,SHEEP CREEK RD,KREUER RD,15,N,N,A,-,N,NA,NA,NA,NA,NA,NA,NA,NA,NA,Y,4,0,1,1,A,-,08,22107,NA,N,E,J,A,A,H,-,D,D,0,NA,NA,NA,NA,Y,NA,A,01,0,0,1,0,0,0,0,0,0,-,-,34.49551010131836,-117.57299041748048,SAN BERNARDINO,UNINCORPORATED,-117.57291412353516,34.49542236328125
94508537,2024,2024-12-18,9870,2024-12-17,1100,016935,NA,2,1,9,3600,0,1,3,NA,1,031,STATE ROUTE 62 (TWENTYNINE PALMS HIGHWAY),YUCCA MESA ROAD,40,E,N,A,-,Y,SBD,NA,62,NA,NA,15.159,H,NA,R,N,3,0,1,2,A,-,21,22106,NA,N,C,C,A,A,H,-,A,A,0,NA,NA,NA,NA,Y,NA,A,01,0,1,0,0,0,0,0,0,0,-,-,34.13494873046875,-116.36949157714844,SAN BERNARDINO,UNINCORPORATED,-116.36949157714844,34.13487243652344
94511355,2024,2024-12-20,9855,2024-12-10,2154,021233,NA,2,2,6,3604,0,1,1,NA,2,101,I-10 E/B (SAN BERNARDINO FWY),SIERRA AVE,1500,W,N,A,-,Y,SBD,NA,10,NA,NA,15.907,H,NA,R,N,4,0,1,2,A,-,07,21658,A,N,C,C,A,A,H,-,C,D,0,NA,NA,NA,NA,Y,NA,-,-,0,0,1,0,0,0,0,0,0,-,-,34.06684112548828,-117.4411163330078,SAN BERNARDINO,FONTANA,-117.44112396240234,34.06687545776367
9451192,2022,2022-06-22,3604,2022-05-23,1425,1086,NA,1,5,6,3604,0,0,0,NA,0,002,CITRUS AV,BARBEE ST,0,NA,Y,A,-,N,NA,NA,NA,NA,NA,NA,NA,NA,NA,N,4,0,1,2,D,-,00,NA,NA,N,D,C,A,A,D,-,A,A,0,NA,NA,NA,NA,Y,NA,-,-,0,0,1,0,0,0,0,0,0,-,-,NA,NA,SAN BERNARDINO,FONTANA,-117.45362091064452,34.1086311340332
9451352,2022,2022-07-06,3610,2022-05-10,1440,51108,NA,2,5,6,3610,0,0,0,NA,0,ADAM,W BASELINE ST,N MOUNT VERNON AV,0,NA,Y,A,-,N,NA,NA,NA,NA,NA,NA,NA,NA,NA,Y,4,0,1,1,A,-,03,22350,NA,N,H,-,A,-,H,-,A,A,0,NA,NA,Y,NA,Y,NA,C,02,0,0,1,0,0,0,0,0,1,-,-,34.121341705322266,-117.31381988525392,SAN BERNARDINO,SAN BERNARDINO,-117.3138427734375,34.12133026123047
9451354,2022,2022-06-24,3610,2022-05-11,1531,51104,NA,3,5,6,3610,0,0,0,NA,0,DAVID,S ALLEN ST,VALLEY ST,417,S,N,A,-,N,NA,NA,NA,NA,NA,NA,NA,NA,NA,N,4,0,1,2,A,-,03,22350,NA,N,B,C,A,A,H,-,A,D,0,NA,NA,NA,NA,Y,NA,A,01,0,0,1,0,0,0,0,0,0,-,-,34.094879150390625,-117.28278350830078,SAN BERNARDINO,SAN BERNARDINO,-117.28189086914063,34.09470748901367
9451379,2022,2022-08-15,3604,2022-05-22,1258,1186,NA,7,5,6,3604,0,0,0,NA,0,NA,SAN BERNARDINO AV,CATAWBA AV,0,NA,Y,A,-,N,NA,NA,NA,NA,NA,NA,NA,NA,NA,N,4,0,2,2,A,-,12,22450,A,N,D,C,A,A,H,-,A,A,0,NA,NA,NA,NA,Y,NA,-,-,0,0,2,0,0,0,0,0,0,-,-,NA,NA,SAN BERNARDINO,FONTANA,-117.45809173583984,34.077510833740234
9451451,2022,2022-07-06,3610,2022-05-16,0730,51370,NA,1,5,6,3610,0,0,0,NA,0,POLICE,N MEDICAL CENTER DR,W 5TH ST,0,NA,Y,A,-,N,NA,NA,NA,NA,NA,NA,NA,NA,NA,N,4,0,1,2,A,-,12,21453,A,N,D,C,A,A,H,-,A,A,0,NA,NA,NA,NA,Y,NA,D,72,0,0,1,0,0,0,0,0,0,-,-,34.10834884643555,-117.3230209350586,SAN BERNARDINO,SAN BERNARDINO,-117.32301330566406,34.10835266113281
9451463,2022,2022-07-06,3610,2022-05-13,1516,51326,NA,5,5,6,3610,0,0,0,NA,0,POLICE,E 9TH ST,N TIPPICANOE AV,0,NA,Y,A,-,N,NA,NA,NA,NA,NA,NA,NA,NA,NA,Y,3,0,1,1,A,-,03,22350,1,N,F,J,A,A,H,-,A,A,0,NA,NA,NA,NA,Y,NA,D,22,0,1,0,0,0,0,0,0,0,-,-,NA,NA,SAN BERNARDINO,SAN BERNARDINO,-117.26099395751952,34.11574172973633
94516529,2024,2024-12-26,9850,2024-11-30,823,021639,NA,6,1,5,3619,0,1,1,NA,2,081,I-15 S/B,RANCHERO RD,5280,N,N,A,-,Y,SBD,NA,15,NA,NA,31.436,H,NA,L,Y,4,0,1,3,A,-,07,21658,A,N,B,C,A,A,D,-,A,D,0,NA,NA,NA,Y,Y,NA,A,01,0,0,1,0,0,0,0,0,0,-,-,34.395538330078125,-117.40495300292967,SAN BERNARDINO,HESPERIA,-117.40495300292967,34.39554214477539
94516740,2024,2024-12-26,9860,2024-12-13,1630,022359,NA,5,2,9,3600,0,1,1,NA,2,151,I-15 N/B,KENWOOD AVE,6336,N,N,A,-,Y,SBD,NA,15,NA,R,16.209,H,NA,R,Y,4,0,3,3,A,-,07,21658,A,N,B,C,A,A,H,-,A,D,0,NA,NA,Y,Y,Y,NA,A,01,0,0,3,0,0,0,0,0,1,-,-,34.24869155883789,-117.44014739990234,SAN BERNARDINO,UNINCORPORATED,-117.44013214111328,34.24871826171875
94516996,2024,2024-12-26,9855,2024-12-18,748,021006,NA,3,1,6,3607,0,1,1,NA,2,103,I-10 W/B (SAN BERNARDINO FWY),ARCHIBALD AVENUE,1000,W,N,A,-,Y,SBD,NA,10,NA,NA,7.071,H,NA,L,Y,4,0,2,2,A,-,03,22350,NA,N,C,C,A,A,H,-,A,D,0,NA,NA,NA,NA,Y,NA,A,01,0,0,2,0,0,0,0,0,0,-,-,34.0676383972168,-117.59485626220705,SAN BERNARDINO,ONTARIO,-117.59486389160156,34.067718505859375
94517796,2024,2024-12-27,9855,2024-12-16,510,015763,NA,1,3,9,3600,0,3,5,NA,2,004,CHINO AVENUE,EAST END AVENUE,0,NA,Y,A,-,N,NA,NA,NA,NA,NA,NA,NA,NA,NA,N,4,0,2,2,A,-,12,21453,A,F,D,C,A,A,H,-,C,A,0,NA,NA,NA,NA,Y,NA,A,01,0,0,2,0,0,0,0,0,0,-,-,34.011661529541016,-117.72418212890624,SAN BERNARDINO,UNINCORPORATED,-117.72410583496094,34.011592864990234
94518549,2024,2024-12-27,9855,2024-12-22,1145,019183,NA,7,1,6,3616,0,1,1,NA,2,152,I-15 S/B (ONTARIO FWY),6TH ST,375,S,N,B,-,Y,SBD,NA,15,NA,NA,3.898,H,NA,L,Y,4,0,3,2,A,-,03,22350,NA,N,C,C,A,A,H,-,A,D,0,NA,NA,NA,NA,Y,NA,A,01,0,0,3,0,0,0,0,0,0,-,-,34.08932113647461,-117.5447998046875,SAN BERNARDINO,RANCHO CUCAMONGA,-117.5447006225586,34.08930969238281
94519876,2024,2024-12-30,9855,2024-12-16,1900,022840,NA,1,2,9,3600,0,3,5,NA,2,004,EAST END AVE.,FRANCIS AVE.,0,NA,Y,A,-,N,NA,NA,NA,NA,NA,NA,NA,NA,NA,Y,4,0,3,2,A,-,12,22450,A,N,D,C,A,A,H,-,D,D,0,NA,NA,NA,NA,Y,NA,A,01,0,0,3,0,0,0,0,0,0,-,-,34.04063034057617,-117.72440338134766,SAN BERNARDINO,UNINCORPORATED,-117.72437286376952,34.040618896484375