CASE_ID,ACCIDENT_YEAR,PROC_DATE,JURIS,COLLISION_DATE,COLLISION_TIME,OFFICER_ID,REPORTING_DISTRICT,DAY_OF_WEEK,CHP_SHIFT,POPULATION,CNTY_CITY_LOC,SPECIAL_COND,BEAT_TYPE,CHP_BEAT_TYPE,CITY_DIVISION_LAPD,CHP_BEAT_CLASS,BEAT_NUMBER,PRIMARY_RD,SECONDARY_RD,DISTANCE,DIRECTION,INTERSECTION,WEATHER_1,WEATHER_2,STATE_HWY_IND,CALTRANS_COUNTY,CALTRANS_DISTRICT,STATE_ROUTE,ROUTE_SUFFIX,POSTMILE_PREFIX,POSTMILE,LOCATION_TYPE,RAMP_INTERSECTION,SIDE_OF_HWY,TOW_AWAY,COLLISION_SEVERITY,NUMBER_KILLED,NUMBER_INJURED,PARTY_COUNT,PRIMARY_COLL_FACTOR,PCF_CODE_OF_VIOL,PCF_VIOL_CATEGORY,PCF_VIOLATION,PCF_VIOL_SUBSECTION,HIT_AND_RUN,TYPE_OF_COLLISION,MVIW,PED_ACTION,ROAD_SURFACE,ROAD_COND_1,ROAD_COND_2,LIGHTING,CONTROL_DEVICE,CHP_ROAD_TYPE,PEDESTRIAN_ACCIDENT,BICYCLE_ACCIDENT,MOTORCYCLE_ACCIDENT,TRUCK_ACCIDENT,NOT_PRIVATE_PROPERTY,ALCOHOL_INVOLVED,STWD_VEHTYPE_AT_FAULT,CHP_VEHTYPE_AT_FAULT,COUNT_SEVERE_INJ,COUNT_VISIBLE_INJ,COUNT_COMPLAINT_PAIN,COUNT_PED_KILLED,COUNT_PED_INJURED,COUNT_BICYCLIST_KILLED,COUNT_BICYCLIST_INJURED,COUNT_MC_KILLED,COUNT_MC_INJURED,PRIMARY_RAMP,SECONDARY_RAMP,LATITUDE,LONGITUDE,COUNTY,CITY,POINT_X,POINT_Y
94765641,2025,2025-07-17,9855,2025-07-05,545,021006,NA,6,3,6,3607,0,1,1,NA,2,101,I-10 W/B (SAN BERNARDINO FWY),I-15 S/B (ONTARIO FWY),750,W,N,A,-,Y,SBD,NA,10,NA,NA,9.925,H,NA,L,Y,3,0,2,1,A,-,08,22107,NA,N,E,8,A,A,H,-,A,D,0,NA,NA,NA,NA,Y,NA,A,01,0,1,1,0,0,0,0,0,0,-,-,34.06742858886719,-117.5451431274414,SAN BERNARDINO,ONTARIO,-117.5451431274414,34.0674934387207
9476797,2022,2022-07-19,3610,2022-06-09,0748,51003,NA,4,5,6,3610,0,0,0,NA,0,POLICE,S INLAND CENTER DR,W I ST,0,NA,Y,A,-,N,NA,NA,NA,NA,NA,NA,NA,NA,NA,Y,3,0,1,2,A,-,09,21801,A,N,A,C,A,A,H,-,A,A,0,NA,NA,NA,NA,Y,NA,A,01,0,1,0,0,0,0,0,0,0,-,-,34.083648681640625,-117.30252838134766,SAN BERNARDINO,SAN BERNARDINO,-117.30298614501952,34.083187103271484
94768004,2025,2025-07-18,9850,2025-07-06,100,023144,NA,7,3,9,3600,0,1,1,NA,2,084,I-15 N/B,WILD WASH RD,13200,S,N,A,-,Y,SBD,NA,15,NA,NA,53.457,H,NA,R,N,3,0,1,1,A,-,01,23152,A,N,F,I,A,A,H,-,D,D,0,NA,NA,NA,NA,Y,Y,A,07,0,1,0,0,0,0,0,0,0,-,-,34.666648864746094,-117.20983123779295,SAN BERNARDINO,UNINCORPORATED,-117.21012878417967,34.66670608520508
9476989,2022,2022-07-25,3610,2022-06-17,1114,51382,NA,5,5,6,3610,0,0,0,NA,0,DAVID,W 21ST ST,NORTH SIERRA WY,0,NA,Y,A,-,N,NA,NA,NA,NA,NA,NA,NA,NA,NA,Y,4,0,3,2,A,-,09,21802,A,N,D,C,A,A,H,-,A,A,0,NA,NA,NA,NA,Y,NA,A,01,0,0,3,0,0,0,0,0,0,-,-,34.13407897949219,-117.28514099121094,SAN BERNARDINO,SAN BERNARDINO,-117.28514862060548,34.134056091308594
94771175,2025,2025-07-21,9860,2025-07-09,1830,023641,NA,3,2,9,3600,0,1,1,NA,2,151,I-15 N/B,MATHEWS RANCH RD,3274,N,N,A,-,Y,SBD,NA,15,NA,R,16.53,H,NA,R,N,3,0,1,3,A,-,07,21658,A,N,B,C,A,A,H,-,A,D,0,NA,NA,Y,NA,Y,NA,-,-,0,1,0,0,0,0,0,0,1,-,-,34.25107955932617,-117.44510650634766,SAN BERNARDINO,UNINCORPORATED,-117.44506072998048,34.25114822387695
9477122,2022,2022-08-22,3600,2022-06-24,1130,D7727,YC106,5,5,4,3640,0,0,0,NA,0,YC1,YUCAIPA BL,4TH ST,0,NA,Y,A,-,N,NA,NA,NA,NA,NA,NA,NA,NA,NA,Y,3,0,1,2,A,-,04,21703,NA,N,C,C,A,A,H,-,A,A,0,NA,NA,NA,NA,Y,NA,A,01,0,1,0,0,0,0,0,0,0,-,-,NA,NA,SAN BERNARDINO,YUCAIPA,-117.05188751220705,34.033870697021484
94771863,2025,2025-07-22,9855,2025-07-15,755,021838,NA,2,1,6,3604,0,1,1,NA,2,101,I-10 W/B (SAN BERNARDINO FWY),CHERRY AVE.,2112,E,N,A,-,Y,SBD,NA,10,NA,NA,13.805,H,NA,L,N,4,0,3,4,A,-,03,22350,NA,N,C,C,A,A,H,-,A,D,0,NA,NA,NA,NA,Y,NA,A,01,0,0,3,0,0,0,0,0,0,-,-,34.066200256347656,-117.47775268554688,SAN BERNARDINO,FONTANA,-117.47775268554688,34.06626892089844
94773039,2025,2025-07-22,9870,2025-07-16,918,021128,NA,3,1,9,3600,0,3,5,NA,2,003,YUCCA MESA RD,CAMPANULA ST,0,NA,Y,A,-,N,NA,NA,NA,NA,NA,NA,NA,NA,NA,N,4,0,1,2,A,-,21,22106,NA,N,H,B,F,A,H,-,A,D,0,Y,NA,NA,NA,Y,NA,A,07,0,0,1,0,1,0,0,0,0,-,-,34.185768127441406,-116.36956787109376,SAN BERNARDINO,UNINCORPORATED,-116.36949920654295,34.18581771850586
94773926,2025,2025-07-23,9850,2025-07-10,1805,021384,NA,4,2,9,3600,0,3,5,NA,2,005,OASIS RD,BEAR VALLEY RD,512,N,N,A,-,N,NA,NA,NA,NA,NA,NA,NA,NA,NA,Y,4,0,1,3,A,-,08,22107,NA,N,B,C,A,A,H,-,A,D,0,NA,NA,NA,Y,Y,NA,A,01,0,0,1,0,0,0,0,0,0,-,-,34.47121810913086,-117.64322662353516,SAN BERNARDINO,UNINCORPORATED,-117.64322662353516,34.471221923828125
94776716,2025,2025-07-25,9855,2025-07-24,1120,021006,NA,4,1,6,3607,0,1,1,NA,2,103,I-10 W/B (SAN BERNARDINO FWY),CAMPUS AVENUE,500,W,N,A,-,Y,SBD,NA,10,NA,NA,3.999,H,NA,L,Y,4,0,1,2,A,-,08,22107,NA,F,E,8,A,A,H,-,A,D,0,NA,NA,NA,NA,Y,NA,-,99,0,0,1,0,0,0,0,0,0,-,-,34.087120056152344,-117.64189910888672,SAN BERNARDINO,ONTARIO,-117.64188385009766,34.08717346191406
9477801,2022,2022-07-26,3610,2022-05-27,1030,51350,NA,5,5,6,3610,0,0,0,NA,0,POLICE,N VALARIA DR,EAST HIGHLAND AV,0,NA,Y,A,-,N,NA,NA,NA,NA,NA,NA,NA,NA,NA,N,4,0,1,3,A,-,09,21801,A,N,D,C,A,A,H,-,A,D,0,NA,NA,NA,NA,Y,NA,A,01,0,0,1,0,0,0,0,0,0,-,-,34.13582992553711,-117.23016357421876,SAN BERNARDINO,SAN BERNARDINO,-117.23014831542967,34.13583755493164
9477808,2022,2022-07-26,3610,2022-05-25,1240,51369,NA,3,5,6,3610,0,0,0,NA,0,POLICE,WEST HIGHLAND AV,N MOUNTAIN VIEW AV,0,NA,Y,A,-,N,NA,NA,NA,NA,NA,NA,NA,NA,NA,Y,4,0,1,2,A,-,09,21801,A,N,D,C,A,A,H,-,A,A,0,NA,NA,NA,NA,Y,NA,A,01,0,0,1,0,0,0,0,0,0,-,-,34.135948181152344,-117.28733825683594,SAN BERNARDINO,SAN BERNARDINO,-117.287353515625,34.135955810546875
94779568,2025,2025-07-28,9850,2025-07-24,405,024350,NA,4,3,5,3619,0,3,5,NA,2,002,RANCHERO RD,MESA AVE,108,W,N,A,-,N,NA,NA,NA,NA,NA,NA,NA,NA,NA,Y,4,0,1,2,A,-,08,22107,NA,M,B,C,A,A,H,-,A,D,0,NA,NA,NA,NA,Y,NA,-,99,0,0,1,0,0,0,0,0,0,-,-,34.383148193359375,-117.36859893798828,SAN BERNARDINO,HESPERIA,-117.368599,34.383148
94782695,2025,2025-07-30,9855,2025-07-29,725,020216,NA,2,1,6,3607,0,1,1,NA,2,101,I-10 E/B (SAN BERNARDINO FWY),MILLIKEN AVE.,1056,E,N,A,-,Y,SBD,NA,10,NA,NA,9.401,H,NA,R,Y,4,0,1,2,A,-,07,21658,A,N,B,C,A,A,H,-,A,D,0,NA,NA,NA,NA,Y,NA,A,01,0,0,1,0,0,0,0,0,0,-,-,34.067161560058594,-117.55428314208984,SAN BERNARDINO,ONTARIO,-117.55427551269533,34.06734848022461
94783526,2025,2025-07-31,9860,2025-07-21,1715,022906,NA,1,2,4,3603,0,1,1,NA,2,214,I-215 S/B,IOWA AVE,2270,N,N,A,-,Y,SBD,NA,215,NA,NA,0.861,H,NA,L,Y,4,0,1,3,A,-,03,22350,NA,N,C,C,A,A,H,-,A,D,0,NA,NA,NA,NA,Y,NA,A,01,0,0,1,0,0,0,0,0,0,-,-,34.02915954589844,-117.3303680419922,SAN BERNARDINO,COLTON,-117.33040618896484,34.0291862487793
94784676,2025,2025-07-31,9855,2025-07-30,720,020620,NA,3,1,9,3600,0,3,5,NA,2,001,CERES AVENUE,BEECH AVENUE,0,NA,Y,A,-,N,NA,NA,NA,NA,NA,NA,NA,NA,NA,N,3,0,1,2,A,-,09,21802,A,N,D,C,A,A,H,-,A,A,0,NA,NA,NA,NA,Y,NA,A,01,0,1,0,0,0,0,0,0,0,-,-,34.092979431152344,-117.4711685180664,SAN BERNARDINO,UNINCORPORATED,-117.4711685180664,34.09297180175781
94784755,2025,2025-07-31,9860,2025-07-22,645,020654,NA,2,1,9,3600,0,3,5,NA,2,003,RECHE CANYON RD,PLACID LN,155,S,N,A,-,N,NA,NA,NA,NA,NA,NA,NA,NA,NA,Y,4,0,1,2,A,-,03,22350,NA,N,C,C,A,A,H,-,A,D,0,NA,NA,NA,NA,Y,NA,A,01,0,0,1,0,0,0,0,0,0,-,-,34.04267120361328,-117.28475952148438,SAN BERNARDINO,UNINCORPORATED,-117.28478240966795,34.042640686035156
9478748,2022,2022-08-11,3604,2022-07-02,1931,989,NA,6,5,6,3604,0,0,0,NA,0,NA,BANANA AV,JURUPA AV,25,S,N,A,-,N,NA,NA,NA,NA,NA,NA,NA,NA,NA,N,3,0,1,1,A,-,03,22350,NA,N,E,I,A,A,H,-,A,A,0,NA,NA,NA,NA,Y,NA,A,01,0,1,0,0,0,0,0,0,0,-,-,NA,NA,SAN BERNARDINO,FONTANA,-117.4977569580078,34.0479621887207
9478750,2022,2022-08-11,3604,2022-07-07,1151,769,3604,4,5,6,3604,0,0,0,NA,0,002,BEECH AV,RANCHO FONTAN VILLAGE PKWY,0,NA,Y,A,-,N,NA,NA,NA,NA,NA,NA,NA,NA,NA,Y,4,0,2,2,A,-,09,21802,A,N,A,C,A,A,H,-,A,A,0,NA,NA,NA,NA,Y,NA,A,07,0,0,2,0,0,0,0,0,0,-,-,NA,NA,SAN BERNARDINO,FONTANA,-117.47110748291016,34.117774963378906
94788697,2025,2025-08-04,9865,2025-07-21,245,024041,NA,1,3,9,3600,0,1,3,NA,2,045,RT 38,SUGAR PINES CIR,5280,E,N,A,-,Y,SBD,NA,38,NA,NA,18.366,H,NA,R,Y,4,0,1,1,A,-,08,22107,NA,N,F,I,A,A,H,-,D,D,0,NA,NA,NA,NA,Y,NA,A,07,0,0,1,0,0,0,0,0,0,-,-,34.12696838378906,-116.98403930664063,SAN BERNARDINO,UNINCORPORATED,-116.98403930664063,34.12696838378906
94788958,2025,2025-08-04,9850,2025-07-23,1200,018211,NA,3,1,5,3619,0,1,1,NA,2,081,I-15 S/B,RANCHERO RD,444,S,N,A,-,Y,SBD,NA,15,NA,NA,30.279,H,NA,L,Y,3,0,1,2,A,-,03,22350,NA,N,C,C,A,A,H,-,A,D,0,NA,NA,NA,NA,Y,NA,A,01,0,1,0,0,0,0,0,0,0,-,-,34.381778717041016,-117.4164810180664,SAN BERNARDINO,HESPERIA,-117.4165267944336,34.381805419921875
94790465,2025,2025-08-05,9855,2025-07-25,540,022430,NA,5,3,9,3600,0,2,4,NA,1,012,ARROW ROUTE,HEMLOCK AVENUE,110,E,N,A,-,N,NA,NA,NA,NA,NA,NA,NA,NA,NA,Y,4,0,2,2,A,-,08,22107,NA,N,A,C,A,A,H,-,B,D,0,NA,NA,NA,NA,Y,NA,A,01,0,0,2,0,0,0,0,0,0,-,-,34.09926986694336,-117.4753189086914,SAN BERNARDINO,UNINCORPORATED,-117.4753646850586,34.099281311035156
9479184,2022,2022-08-11,3600,2022-07-14,2140,H6129,GT005,4,5,3,3690,0,0,0,NA,0,GT1,BARTON RD,HONEY HILL DR,0,NA,Y,A,-,N,NA,NA,NA,NA,NA,NA,NA,NA,NA,Y,3,0,3,2,A,-,09,21801,A,N,D,C,A,A,H,-,C,A,0,NA,NA,NA,NA,Y,NA,A,01,0,2,1,0,0,0,0,0,0,-,-,NA,NA,SAN BERNARDINO,GRAND TERRACE,-117.3017120361328,34.03889083862305
94798945,2025,2025-08-12,9865,2025-08-04,2340,021732,NA,1,3,9,3600,0,1,3,NA,1,030,SR-18,MPM 35.27,3,W,N,A,-,N,NA,NA,NA,NA,NA,NA,NA,NA,NA,Y,4,0,1,1,A,-,01,23152,A,N,E,I,A,A,H,-,A,D,0,NA,NA,NA,NA,Y,Y,A,01,0,0,1,0,0,0,0,0,0,-,-,34.224788665771484,-117.0623016357422,SAN BERNARDINO,UNINCORPORATED,NA,NA
94799620,2025,2025-08-12,9855,2025-08-10,510,021838,NA,7,3,9,3600,0,3,5,NA,2,001,ARROW RTE.,LIME AVE,1584,W,N,A,-,N,NA,NA,NA,NA,NA,NA,NA,NA,NA,Y,3,0,1,1,A,-,08,22107,NA,N,E,I,A,A,H,-,C,D,0,NA,NA,NA,NA,Y,NA,A,01,0,1,0,0,0,0,0,0,0,-,-,34.09920120239258,-117.46659088134766,SAN BERNARDINO,UNINCORPORATED,-117.46986389160156,34.09929656982422
94800610,2025,2025-08-13,9860,2025-08-04,720,022539,NA,1,1,6,3610,0,1,1,NA,2,202,SR-210 W/B,WATERMAN AVE,1584,W,N,A,-,Y,SBD,NA,210,NA,R,23.886,H,NA,L,N,4,0,1,2,A,-,03,22350,NA,N,C,C,A,A,H,-,A,A,0,NA,NA,NA,NA,Y,NA,D,22,0,0,1,0,0,0,0,0,0,-,-,34.145591735839844,-117.28439331054688,SAN BERNARDINO,SAN BERNARDINO,-117.28439331054688,34.14552307128906
94800965,2025,2025-08-13,9835,2025-08-09,753,023749,NA,6,1,9,3600,0,1,1,NA,2,075,I-15 N/B,HALLORAN SPRINGS ROAD,13200,S,N,A,-,Y,SBD,NA,15,NA,NA,147.011,H,NA,R,Y,3,0,1,2,C,-,18,NA,NA,N,E,9,A,A,H,-,A,D,0,NA,NA,NA,Y,Y,NA,-,-,0,1,0,0,0,0,0,0,0,-,-,35.356239318847656,-115.93087005615234,SAN BERNARDINO,UNINCORPORATED,-115.93085479736328,35.35622787475586
94801256,2025,2025-08-13,9860,2025-08-05,1025,022617,NA,2,1,4,3640,0,1,1,NA,2,106,I-10 W/B,COUNTY LINE RD,120,W,N,A,-,Y,RIV,NA,10,NA,R,0.005,H,NA,L,N,3,0,2,2,A,-,03,22350,NA,N,C,C,A,A,H,-,A,D,0,NA,NA,NA,Y,Y,NA,A,01,0,2,0,0,0,0,0,0,0,-,-,34.00392150878906,-117.06488037109376,SAN BERNARDINO,YUCAIPA,-117.06486511230467,34.00392532348633
94806989,2025,2025-08-18,9850,2025-08-07,1035,018211,NA,4,1,9,3600,0,3,5,NA,2,005,BEEKLEY RD,ARCADIA ST,93,S,N,A,-,N,NA,NA,NA,NA,NA,NA,NA,NA,NA,Y,3,0,1,1,A,-,03,38305,NA,N,E,I,A,A,H,-,A,D,0,NA,NA,Y,NA,Y,NA,C,02,0,1,0,0,0,0,0,0,1,-,-,34.48167037963867,-117.59046173095705,SAN BERNARDINO,UNINCORPORATED,-117.59047698974608,34.48165512084961
94809531,2025,2025-08-19,9830,2025-08-10,245,024289,NA,7,3,9,3600,0,1,3,NA,1,061,E/B SR-178,TRONA RD,15206,E,N,A,-,Y,SBD,NA,178,NA,R,10.299,H,NA,R,Y,3,0,2,1,A,-,01,23152,A,N,E,I,A,A,H,-,D,D,0,NA,NA,NA,NA,Y,Y,A,01,0,2,0,0,0,0,0,0,0,-,-,35.65483093261719,-117.46101379394533,SAN BERNARDINO,UNINCORPORATED,-117.46101379394533,35.65480422973633
9481448,2022,2022-08-05,3600,2022-07-17,1506,G9467,AP008,7,5,5,3621,0,0,0,NA,0,AP3,BEAR VALLEY RD,DEEP CREEK RD,0,NA,Y,A,-,N,NA,NA,NA,NA,NA,NA,NA,NA,NA,Y,2,0,2,2,A,-,01,23152,B,N,D,C,A,A,H,-,A,A,0,NA,NA,NA,NA,Y,Y,A,01,1,1,0,0,0,0,0,0,0,-,-,34.471351623535156,-117.22524261474608,SAN BERNARDINO,APPLE VALLEY,-117.22527313232422,34.471351623535156
9481554,2022,2022-08-09,3600,2022-06-20,1608,G3234,HI022,1,5,4,3618,0,0,0,NA,0,HI3,BOULDER AV,BOULDER AV 7281,0,NA,N,A,-,N,NA,NA,NA,NA,NA,NA,NA,NA,NA,N,3,0,1,2,D,-,00,NA,NA,N,D,B,E,A,H,-,A,D,0,Y,NA,NA,NA,Y,NA,-,-,0,1,0,0,1,0,0,0,0,-,-,34.12443161010742,-117.1952667236328,SAN BERNARDINO,HIGHLAND,-116.63497161865234,33.029605865478516
9481638,2022,2022-08-10,3600,2022-07-19,1908,J2651,VC064,2,5,5,3612,0,0,0,NA,0,VC05,DEL GADO RD,LA MESA RD,0,NA,Y,A,-,N,NA,NA,NA,NA,NA,NA,NA,NA,NA,Y,4,0,1,2,A,-,01,23152,NA,N,D,C,A,A,H,-,A,A,0,NA,NA,NA,NA,Y,NA,A,01,0,0,1,0,0,0,0,0,0,-,-,34.484901428222656,-117.342529296875,SAN BERNARDINO,VICTORVILLE,-117.3425750732422,34.48499298095703
94816533,2025,2025-08-25,9855,2025-08-10,631,021838,NA,7,1,6,3604,0,1,1,NA,2,153,I-15 S/B (ONTARIO FWY),DUNCAN CANYON RD,2640,N,N,A,-,Y,SBD,NA,15,NA,NA,11.837,H,NA,L,N,4,0,1,2,A,-,03,22350,NA,F,C,C,A,A,H,-,A,D,0,NA,NA,NA,NA,Y,NA,A,01,0,0,1,0,0,0,0,0,0,-,-,34.1727294921875,-117.45108795166016,SAN BERNARDINO,FONTANA,-117.45108032226563,34.1727180480957
94818387,2025,2025-08-26,9835,2025-08-16,847,024405,NA,6,1,9,3600,0,1,1,NA,2,073,I-15 NORTHBOUND,AFTON CANYON RD,6864,S,N,A,-,Y,SBD,NA,15,NA,R,110.291,H,NA,R,Y,3,0,3,2,A,-,03,22350,NA,N,C,C,A,A,H,-,A,D,0,NA,NA,NA,Y,Y,NA,A,01,0,3,0,0,0,0,0,0,0,-,-,35.059051513671875,-116.4301986694336,SAN BERNARDINO,UNINCORPORATED,-116.43021392822266,35.059059143066406
94818690,2025,2025-08-26,9855,2025-08-20,414,021543,NA,3,3,6,3607,0,1,1,NA,2,101,I-10 W/B TO ETIWANDA AVE.,ETIWANDA AVE.,390,E,N,A,-,Y,NA,NA,NA,NA,NA,NA,NA,NA,NA,Y,3,0,1,1,A,-,08,22107,NA,N,E,I,A,A,H,-,C,D,0,NA,NA,NA,NA,Y,NA,A,01,0,1,0,0,0,0,0,0,0,-,-,34.068660736083984,-117.5226593017578,SAN BERNARDINO,ONTARIO,-117.5228271484375,34.0677375793457
94823284,2025,2025-08-29,9860,2025-08-19,1515,022719,NA,2,2,6,3604,0,1,1,NA,2,102,I-10 E/B,SIERRA AVE.,2400,E,N,A,-,Y,SBD,NA,10,NA,NA,16.791,H,NA,R,N,4,0,1,2,A,-,03,22350,NA,N,C,C,A,A,H,-,A,D,0,NA,NA,NA,NA,Y,NA,A,01,0,0,1,0,0,0,0,0,0,-,-,34.0672607421875,-117.42581176757813,SAN BERNARDINO,FONTANA,-117.42581176757813,34.06722640991211
94823350,2025,2025-08-29,9860,2025-08-26,623,020654,NA,2,1,9,3600,0,3,5,NA,2,003,FLORIDA AVE,GREENSPOT ROAD,460,E,N,A,-,N,NA,NA,NA,NA,NA,NA,NA,NA,NA,Y,3,0,1,1,A,-,08,22107,NA,N,E,I,A,A,H,-,A,D,0,NA,NA,NA,NA,Y,NA,A,01,0,1,0,0,0,0,0,0,0,-,-,34.085731506347656,-117.11129760742188,SAN BERNARDINO,UNINCORPORATED,-117.10976409912108,34.085758209228516
9482355,2022,2022-08-23,3603,2022-08-02,1500,4861,CPD,2,5,4,3603,0,0,0,NA,0,002,N MT VERNON AV,E D ST,0,NA,Y,A,-,N,NA,NA,NA,NA,NA,NA,NA,NA,NA,N,4,0,3,2,A,-,09,21801,A,N,D,C,A,A,H,-,A,A,0,NA,NA,NA,NA,Y,NA,A,01,0,0,3,0,0,0,0,0,0,-,-,NA,NA,SAN BERNARDINO,COLTON,-117.31385040283205,34.07078552246094
94823798,2025,2025-08-29,9860,2025-08-25,2230,022539,NA,1,3,6,3610,0,1,1,NA,2,202,I-215 N/B FROM SR-210 W/B,UNIVERSITY PKWY,7920,S,N,A,-,Y,NA,NA,NA,NA,NA,NA,NA,NA,NA,Y,2,0,1,1,A,-,08,22107,NA,N,E,I,A,A,H,-,C,D,0,NA,NA,NA,NA,Y,Y,A,07,1,0,0,0,0,0,0,0,0,-,-,34.14588165283203,-117.3180923461914,SAN BERNARDINO,SAN BERNARDINO,-117.32000732421876,34.145912170410156
94824742,2025,2025-09-01,9860,2025-08-18,1840,022906,NA,1,2,9,3600,0,3,5,NA,2,004,SAN BERNARDINO AVE,CITRUS PLAZA DR,475,E,N,A,-,N,NA,NA,NA,NA,NA,NA,NA,NA,NA,N,3,0,1,2,A,-,03,22350,NA,N,D,G,A,A,H,-,A,D,0,NA,Y,NA,NA,Y,NA,-,-,0,1,0,0,0,0,1,0,0,-,-,34.07752990722656,-117.20368194580078,SAN BERNARDINO,UNINCORPORATED,-117.20023345947266,34.0773811340332
94826358,2025,2025-09-02,9855,2025-08-24,2208,021403,NA,7,3,6,3616,0,1,1,NA,2,201,SR-210 E/B (FOOTHILL FWY),HAVEN AVE.,180,E,N,A,-,Y,SBD,NA,210,NA,NA,6.958,H,NA,R,Y,4,0,1,2,A,-,01,23152,A,N,C,C,A,A,H,-,C,D,0,NA,NA,NA,NA,Y,Y,A,01,0,0,1,0,0,0,0,0,0,-,-,34.13594055175781,-117.57511138916016,SAN BERNARDINO,RANCHO CUCAMONGA,-117.57511138916016,34.1359748840332
94826522,2025,2025-09-02,9865,2025-08-23,1314,021327,NA,6,1,9,3600,0,3,5,NA,2,001,WILLOW CREEK JEEP TRAIL,SR-173 W/B,6072,E,N,B,-,N,NA,NA,NA,NA,NA,NA,NA,NA,NA,N,2,0,1,1,A,-,03,38305,NA,N,F,I,A,A,H,-,A,D,0,NA,NA,Y,NA,Y,NA,C,02,1,0,0,0,0,0,0,0,1,-,-,34.296531677246094,-117.19203948974608,SAN BERNARDINO,UNINCORPORATED,-117.18666839599608,34.29978561401367
9482830,2022,2022-07-28,3600,2022-07-03,1745,H9747,VC025,7,5,5,3612,0,0,0,NA,0,VC3,KOOTENAY ST,CABAZON PL,330,W,N,A,-,N,NA,NA,NA,NA,NA,NA,NA,NA,NA,N,4,0,1,2,A,-,08,22107,A,N,C,E,A,A,H,-,A,D,0,NA,NA,Y,NA,Y,NA,C,06,0,0,1,0,0,0,0,0,1,-,-,34.49169158935547,-117.32449340820313,SAN BERNARDINO,VICTORVILLE,-117.32453155517578,34.49174880981445
94828369,2025,2025-09-03,9855,2025-08-27,1900,021978,NA,3,2,6,3616,0,1,1,NA,2,152,I-15 N/B (ONTARIO FWY),FOOTHILL BLVD,1870,N,N,A,-,Y,SBD,NA,15,NA,NA,5.685,H,NA,R,N,4,0,3,2,A,-,03,22350,NA,N,C,C,A,A,D,-,A,D,0,NA,NA,NA,NA,Y,NA,A,01,0,0,3,0,0,0,0,0,0,-,-,34.11008071899414,-117.52728271484376,SAN BERNARDINO,RANCHO CUCAMONGA,-117.52733612060548,34.11012649536133
94828492,2024,2025-09-03,9860,2024-10-27,645,021169,NA,7,1,6,3610,0,1,1,NA,2,201,STATE ROUTE 210 WESTBOUND,STATE STREET,223,E,N,A,-,Y,SBD,NA,210,NA,NA,20.766,H,NA,L,Y,1,1,1,2,A,-,08,22107,NA,N,C,4,A,A,H,-,B,D,0,NA,NA,NA,NA,Y,NA,A,01,0,1,0,0,0,0,0,0,0,-,-,34.13465881347656,-117.33448028564452,SAN BERNARDINO,SAN BERNARDINO,-117.33448791503906,34.13473892211914
94828980,2024,2025-09-03,9860,2024-12-28,315,022950,NA,6,3,6,3610,0,1,1,NA,2,214,INTERSTATE 215 NORTHBOUND,ORANGE SHOW ROAD,1862,S,N,A,-,Y,SBD,NA,215,NA,NA,4.666,H,NA,R,Y,1,1,0,2,A,-,21,22106,NA,N,C,C,A,A,H,-,C,D,0,NA,NA,NA,Y,Y,NA,G,25,0,0,0,0,0,0,0,0,0,-,-,34.073020935058594,-117.29532623291016,SAN BERNARDINO,SAN BERNARDINO,-117.2954559326172,34.07302474975586
9483066,2022,2022-08-03,3604,2022-06-22,1352,1086,NA,3,5,6,3604,0,0,0,NA,0,NA,LAUREL AV,BASELINE AV,0,NA,Y,A,-,N,NA,NA,NA,NA,NA,NA,NA,NA,NA,N,4,0,1,1,A,-,03,22350,NA,N,F,A,A,A,H,-,A,A,0,NA,NA,NA,NA,Y,NA,D,22,0,0,1,0,0,0,0,0,0,-,-,NA,NA,SAN BERNARDINO,FONTANA,-117.41404724121094,34.12133026123047
94833865,2025,2025-09-08,9860,2025-08-16,2345,022645,NA,6,3,9,3600,0,1,1,NA,2,152,I-15 S/B,SR-138,11722,N,N,A,-,Y,SBD,NA,15,NA,R,23.7,H,NA,L,Y,4,0,3,2,A,-,08,22107,NA,F,B,C,A,A,H,-,D,D,0,NA,NA,NA,NA,Y,NA,-,99,0,0,3,0,0,0,0,0,0,-,-,34.34360885620117,-117.48127746582033,SAN BERNARDINO,UNINCORPORATED,-117.48128509521484,34.34361267089844