CASE_ID,ACCIDENT_YEAR,PROC_DATE,JURIS,COLLISION_DATE,COLLISION_TIME,OFFICER_ID,REPORTING_DISTRICT,DAY_OF_WEEK,CHP_SHIFT,POPULATION,CNTY_CITY_LOC,SPECIAL_COND,BEAT_TYPE,CHP_BEAT_TYPE,CITY_DIVISION_LAPD,CHP_BEAT_CLASS,BEAT_NUMBER,PRIMARY_RD,SECONDARY_RD,DISTANCE,DIRECTION,INTERSECTION,WEATHER_1,WEATHER_2,STATE_HWY_IND,CALTRANS_COUNTY,CALTRANS_DISTRICT,STATE_ROUTE,ROUTE_SUFFIX,POSTMILE_PREFIX,POSTMILE,LOCATION_TYPE,RAMP_INTERSECTION,SIDE_OF_HWY,TOW_AWAY,COLLISION_SEVERITY,NUMBER_KILLED,NUMBER_INJURED,PARTY_COUNT,PRIMARY_COLL_FACTOR,PCF_CODE_OF_VIOL,PCF_VIOL_CATEGORY,PCF_VIOLATION,PCF_VIOL_SUBSECTION,HIT_AND_RUN,TYPE_OF_COLLISION,MVIW,PED_ACTION,ROAD_SURFACE,ROAD_COND_1,ROAD_COND_2,LIGHTING,CONTROL_DEVICE,CHP_ROAD_TYPE,PEDESTRIAN_ACCIDENT,BICYCLE_ACCIDENT,MOTORCYCLE_ACCIDENT,TRUCK_ACCIDENT,NOT_PRIVATE_PROPERTY,ALCOHOL_INVOLVED,STWD_VEHTYPE_AT_FAULT,CHP_VEHTYPE_AT_FAULT,COUNT_SEVERE_INJ,COUNT_VISIBLE_INJ,COUNT_COMPLAINT_PAIN,COUNT_PED_KILLED,COUNT_PED_INJURED,COUNT_BICYCLIST_KILLED,COUNT_BICYCLIST_INJURED,COUNT_MC_KILLED,COUNT_MC_INJURED,PRIMARY_RAMP,SECONDARY_RAMP,LATITUDE,LONGITUDE,COUNTY,CITY,POINT_X,POINT_Y
94837169,2025,2025-09-09,9850,2025-08-27,650,018211,NA,3,1,9,3600,0,2,4,NA,2,066,PHELAN RD,BEEKLEY RD,0,NA,Y,A,-,N,NA,NA,NA,NA,NA,NA,NA,NA,NA,Y,3,0,2,4,A,-,12,21453,A,N,D,C,A,A,H,-,A,A,0,NA,NA,NA,NA,Y,NA,E,22,0,2,0,0,0,0,0,0,0,-,-,34.42641830444336,-117.59004974365234,SAN BERNARDINO,UNINCORPORATED,-117.5900421142578,34.42635726928711
94838511,2025,2025-09-10,9855,2025-09-05,720,015371,NA,5,1,6,3616,0,1,1,NA,2,103,I-10 E/B (SAN BERNARDINO FWY),HAVEN AVENUE,2640,W,N,A,-,Y,SBD,NA,10,NA,NA,7.664,H,NA,R,N,3,0,1,2,A,-,03,22350,NA,N,C,C,A,A,H,-,A,D,0,NA,NA,NA,NA,Y,NA,D,22,0,1,0,0,0,0,0,0,0,-,-,34.06747055053711,-117.58457183837892,SAN BERNARDINO,RANCHO CUCAMONGA,-117.58457183837892,34.06749725341797
9484333,2022,2022-08-26,3600,2022-07-24,1526,D3381,VC042,7,5,5,3612,0,0,0,NA,0,VC1,STODDARD WELLS RD,RT 15,0,NA,Y,A,-,Y,SBD,8,15,-,-,44.583,R,4,S,Y,4,0,1,1,A,-,03,22350,NA,N,E,I,A,A,H,-,A,A,0,NA,NA,NA,NA,Y,NA,A,07,0,0,1,0,0,0,0,0,0,-,SF,34.554290771484375,-117.28929901123048,SAN BERNARDINO,VICTORVILLE,-117.28823852539063,34.55685806274414
94845849,2025,2025-09-16,9855,2025-09-09,1620,016590,NA,2,2,6,3604,0,1,1,NA,2,201,SR-210 W/B FROM SIERRA AVE S/B,SIERRA AVE.,579,W,N,A,-,Y,SBD,NA,210,NA,NA,14.817,H,NA,L,Y,4,0,1,3,A,-,03,22350,NA,N,C,C,A,A,H,-,A,A,0,NA,NA,NA,NA,Y,NA,D,22,0,0,1,0,0,0,0,0,0,-,-,34.136749267578125,-117.43804168701172,SAN BERNARDINO,FONTANA,-117.43804168701172,34.13649368286133
9484638,2022,2022-08-22,3603,2022-07-07,0559,4813,CPD,4,5,4,3603,0,0,0,NA,0,001,N PEPPER AV,BLUE DR,0,NA,Y,A,-,N,NA,NA,NA,NA,NA,NA,NA,NA,NA,N,4,0,1,2,A,-,04,21703,NA,N,C,C,A,A,H,-,A,A,0,NA,NA,NA,NA,Y,NA,A,01,0,0,1,0,0,0,0,0,0,-,-,34.072879791259766,-117.3529815673828,SAN BERNARDINO,COLTON,-117.35298919677734,34.07280349731445
94846649,2025,2025-09-16,9835,2025-09-13,1230,023749,NA,6,1,9,3600,0,1,1,NA,2,075,I-15 NB,HALLORAN SPRINGS RD,500,S,N,A,-,Y,SBD,NA,15,NA,NA,149.572,H,NA,R,Y,3,0,2,2,A,-,03,22350,NA,N,C,C,A,A,H,-,A,D,0,NA,NA,NA,Y,Y,NA,A,07,0,1,1,0,0,0,0,0,0,-,-,35.374149322509766,-115.89163970947266,SAN BERNARDINO,UNINCORPORATED,-115.89165496826172,35.374183654785156
9484764,2022,2022-08-31,3608,2022-07-23,1715,4523,3608,6,5,5,3608,0,0,0,NA,0,NA,CHURCH ST,STATE ST,0,NA,Y,A,-,N,NA,NA,NA,NA,NA,NA,NA,NA,NA,Y,4,0,2,2,A,-,08,22107,NA,N,A,C,A,A,H,-,A,A,0,NA,NA,NA,NA,Y,NA,A,01,0,0,2,0,0,0,0,0,0,-,-,NA,NA,SAN BERNARDINO,REDLANDS,-117.1738739013672,34.056396484375
94847783,2025,2025-09-17,9860,2025-06-22,930,023695,NA,7,1,5,3609,0,1,1,NA,2,102,I-10 W/B,RIVERSIDE AVE,2112,W,N,A,-,Y,SBD,NA,10,NA,NA,19.532,H,NA,L,Y,4,0,2,3,A,-,08,22107,NA,N,B,C,A,A,H,-,A,D,0,NA,NA,NA,NA,Y,NA,A,01,0,0,2,0,0,0,0,0,0,-,-,34.06861114501953,-117.37801361083984,SAN BERNARDINO,RIALTO,-117.37801361083984,34.068626403808594
94848577,2025,2025-09-17,9835,2025-09-11,1430,019908,NA,4,2,9,3600,0,3,5,NA,2,032,OLD HWY 58,DOBBS RD,10,E,N,A,-,Y,NA,NA,NA,NA,NA,NA,NA,NA,NA,N,3,0,1,2,A,-,08,22107,NA,N,B,G,A,A,H,-,A,D,0,NA,Y,NA,NA,Y,NA,L,04,0,1,0,0,0,0,1,0,0,-,-,34.91434860229492,-117.02880859375,SAN BERNARDINO,UNINCORPORATED,-117.03190612792967,34.914100646972656
9484933,2022,2022-08-26,3608,2022-08-04,0855,5159,NA,4,5,5,3608,0,0,0,NA,0,NA,FERN AV,CAJON ST,0,NA,Y,A,-,N,NA,NA,NA,NA,NA,NA,NA,NA,NA,Y,4,0,1,2,A,-,12,21453,NA,N,D,C,A,A,H,-,A,A,0,NA,NA,NA,NA,Y,NA,A,01,0,0,1,0,0,0,0,0,0,-,-,NA,NA,SAN BERNARDINO,REDLANDS,-117.17888641357422,34.050392150878906
9485106,2022,2022-08-24,3603,2022-06-15,1336,4871,CPD,3,5,4,3603,0,0,0,NA,0,004,STEEL RD,HUNTS LN,600,W,N,A,-,N,NA,NA,NA,NA,NA,NA,NA,NA,NA,Y,3,0,1,2,A,-,09,21801,A,N,A,C,A,A,H,-,A,D,0,NA,NA,NA,NA,Y,NA,A,01,0,1,0,0,0,0,0,0,0,-,-,NA,NA,SAN BERNARDINO,COLTON,-117.28936767578124,34.06308364868164
94853577,2025,2025-11-07,9860,2025-06-08,442,023372,NA,7,3,4,3603,0,1,1,NA,2,214,I-215 N/B,IOWA AVE,530,S,N,A,-,Y,SBD,NA,215,NA,NA,0.298,H,NA,R,Y,4,0,1,2,C,-,18,NA,NA,N,E,J,A,A,H,-,C,D,0,NA,NA,NA,NA,Y,NA,-,-,0,0,1,0,0,0,0,0,0,-,-,34.02273178100586,-117.33634948730467,SAN BERNARDINO,COLTON,-117.3364486694336,34.022789001464844
94855109,2025,2025-09-22,9860,2025-09-09,715,022719,NA,2,1,6,3610,0,1,3,NA,2,259,SR-259 S/B,HIGHLAND AVE.,1300,S,N,A,-,Y,SBD,NA,259,NA,R,0.236,H,NA,L,N,4,0,4,2,A,-,03,22350,NA,N,C,C,A,A,H,-,A,D,0,NA,NA,NA,NA,Y,NA,A,01,0,0,4,0,0,0,0,0,0,-,-,34.13222885131836,-117.30280303955078,SAN BERNARDINO,SAN BERNARDINO,-117.30289459228516,34.132232666015625
94855179,2025,2025-09-22,9860,2025-09-05,210,023355,NA,5,3,6,3610,0,1,1,NA,2,201,SR-210 W/B,27TH,115,W,N,A,-,Y,SBD,NA,210,NA,NA,21.496,H,NA,L,Y,4,0,1,1,A,-,08,22107,NA,N,E,I,A,A,H,-,D,D,0,NA,NA,NA,NA,Y,NA,A,01,0,0,1,0,0,0,0,0,0,-,-,34.14033889770508,-117.324462890625,SAN BERNARDINO,SAN BERNARDINO,-117.3245086669922,34.14037322998047
94856505,2025,2025-10-09,9855,2025-09-17,1747,021543,NA,3,2,6,3607,0,1,1,NA,2,101,I-10 E/B (SAN BERNARDINO FWY),MILLIKEN AVE.,2112,W,N,A,-,Y,SBD,NA,10,NA,NA,8.696,H,NA,R,Y,3,0,1,2,A,-,07,21658,A,N,B,C,A,A,H,-,A,D,0,NA,NA,Y,NA,Y,NA,A,01,0,1,0,0,0,0,0,0,1,-,-,34.067359924316406,-117.56658172607422,SAN BERNARDINO,ONTARIO,-117.56658172607422,34.067405700683594
9485706,2022,2022-09-02,3600,2022-08-10,1400,F8172,HE327,3,5,5,3619,0,0,0,NA,0,HE3,MAIN ST,KEY POINTE DR,235,W,N,A,-,N,NA,NA,NA,NA,NA,NA,NA,NA,NA,N,4,0,3,2,A,-,03,22350,NA,N,C,C,A,A,H,-,A,D,0,NA,NA,NA,NA,Y,NA,A,01,0,0,3,0,0,0,0,0,0,-,-,NA,NA,SAN BERNARDINO,HESPERIA,-117.38457489013672,34.42660903930664
9485731,2022,2022-08-31,3600,2022-07-01,1714,F5234,HI007,5,5,4,3618,0,0,0,NA,0,HI1,5TH ST,LANKERSHIM AV,0,NA,Y,A,-,N,NA,NA,NA,NA,NA,NA,NA,NA,NA,N,3,0,3,3,A,-,12,22450,NA,N,D,C,A,A,H,-,A,D,0,NA,NA,NA,NA,Y,NA,A,01,0,1,2,0,0,0,0,0,0,-,-,NA,NA,SAN BERNARDINO,HIGHLAND,-117.23491668701172,34.10845947265625
9485742,2022,2022-09-30,3600,2022-06-29,1230,H8224,RC030,3,5,6,3616,0,0,0,NA,0,RC5,RAMONA AV,NORWICK ST,0,NA,Y,A,-,N,NA,NA,NA,NA,NA,NA,NA,NA,NA,N,4,0,1,2,A,-,08,22100,NA,N,B,C,A,A,H,-,A,A,0,NA,NA,NA,NA,Y,NA,A,01,0,0,1,0,0,0,0,0,0,-,-,NA,NA,SAN BERNARDINO,RANCHO CUCAMONGA,-117.58905792236328,34.11068344116211
94857843,2025,2025-09-24,9860,2025-09-08,945,024498,NA,1,1,9,3600,0,1,1,NA,2,152,I-15 S/B,OAK HILL RD,9504,S,N,A,-,Y,SBD,NA,15,NA,R,25.376,H,NA,L,N,4,0,1,2,A,-,03,22350,NA,N,C,C,A,A,H,-,A,D,0,NA,NA,NA,NA,Y,NA,A,01,0,0,1,0,0,0,0,0,0,-,-,34.34471130371094,-117.45484924316406,SAN BERNARDINO,UNINCORPORATED,-117.45487213134766,34.34477233886719
94859740,2025,2025-09-25,9855,2025-09-19,1825,021403,NA,5,2,6,3607,0,1,1,NA,2,101,I-10 W/B (SAN BERNARDINO FWY),I-15 S/B (ONTARIO FWY),528,W,N,A,-,Y,SBD,NA,10,NA,NA,9.759,H,NA,L,Y,4,0,1,2,A,-,03,22350,NA,N,C,C,A,A,H,-,A,D,0,NA,NA,NA,NA,Y,NA,A,01,0,0,1,0,0,0,0,0,0,-,-,34.06753921508789,-117.54802703857422,SAN BERNARDINO,ONTARIO,-117.54802703857422,34.0675048828125
94860250,2025,2025-09-25,9870,2025-09-20,2135,021782,NA,6,2,9,3600,0,3,5,NA,2,003,LAMBERT LANE,WINTERS ROAD,1285,N,N,A,-,N,NA,NA,NA,NA,NA,NA,NA,NA,NA,N,4,0,1,1,A,-,21,22106,NA,N,E,I,A,A,H,-,D,D,0,NA,NA,NA,NA,Y,NA,A,01,0,0,1,0,0,0,0,0,0,-,-,34.24039077758789,-116.3405303955078,SAN BERNARDINO,UNINCORPORATED,-116.33852386474608,34.24036407470703
94860314,2025,2025-09-25,9834,2025-09-18,1130,018343,NA,4,1,9,3600,0,1,1,NA,2,044,I-40 E/B,040 SBD 126.50,30,W,N,C,-,Y,SBD,NA,40,NA,R,126.506,H,NA,R,Y,4,0,2,1,A,-,03,22350,NA,N,E,I,A,B,H,-,A,D,0,NA,NA,NA,NA,Y,NA,D,22,0,0,2,0,0,0,0,0,0,-,-,34.8603401184082,-114.85891723632813,SAN BERNARDINO,UNINCORPORATED,-114.85890197753906,34.86030197143555
94861464,2025,2025-09-26,9870,2025-09-17,157,022580,NA,3,3,9,3600,0,1,3,NA,1,031,SR-62 (TWENTYNINE PALMS HWY.),FRAN LOU LN.,100,E,N,A,-,Y,SBD,NA,62,NA,NA,23.565,H,NA,R,Y,4,0,1,1,C,-,18,NA,NA,N,H,H,A,A,H,-,D,D,0,NA,NA,NA,NA,Y,NA,-,-,0,0,1,0,0,0,0,0,0,-,-,34.13521957397461,-116.22264862060548,SAN BERNARDINO,UNINCORPORATED,-116.22264862060548,34.13513946533203
94861504,2025,2025-09-26,9855,2025-09-18,258,022510,NA,4,3,6,3604,0,1,1,NA,2,153,I-15 N/B (ONTARIO FWY),BEECH AVE,2112,N,N,C,-,Y,SBD,NA,15,NA,NA,10.039,H,NA,R,Y,3,0,1,1,A,-,01,23152,A,N,E,I,A,B,H,-,D,D,0,NA,NA,NA,NA,Y,NA,A,01,0,1,0,0,0,0,0,0,0,-,-,34.154850006103516,-117.4736328125,SAN BERNARDINO,FONTANA,-117.47349548339844,34.15473556518555
94862023,2025,2025-09-26,9850,2025-09-06,1800,023503,NA,6,2,9,3600,0,3,5,NA,2,005,EL MIRAGE DRY LAKE BED,MOUNTAIN VIEW RD,30,E,N,A,-,N,NA,NA,NA,NA,NA,NA,NA,NA,NA,N,3,0,1,1,A,-,03,38305,NA,N,F,A,A,A,H,-,A,D,0,NA,NA,Y,NA,Y,NA,C,02,0,1,0,0,0,0,0,0,1,-,-,34.63993835449219,-117.54344177246094,SAN BERNARDINO,UNINCORPORATED,NA,NA
94863417,2025,2025-09-29,9860,2025-09-16,1435,022843,NA,2,2,4,3603,0,1,1,NA,2,214,I-215 S/B,BARTON RD.,1056,S,N,A,-,Y,SBD,NA,215,NA,NA,1.101,H,NA,L,Y,4,0,1,3,A,-,03,22350,NA,N,C,C,A,A,H,-,A,D,0,NA,NA,NA,NA,Y,NA,A,07,0,0,1,0,0,0,0,0,0,-,-,34.03165054321289,-117.32755279541016,SAN BERNARDINO,COLTON,-117.32758331298828,34.031673431396484
94863439,2025,2025-09-29,9860,2025-09-17,1405,020533,NA,3,2,4,3603,0,1,1,NA,2,102,I-10 E/B,PEPPER AVE,1901,W,N,A,-,Y,SBD,NA,10,NA,NA,20.583,H,NA,R,N,4,0,1,2,A,-,03,22350,NA,N,C,C,A,A,H,-,A,D,0,NA,NA,NA,NA,Y,NA,A,01,0,0,1,0,0,0,0,0,0,-,-,34.068790435791016,-117.35964965820313,SAN BERNARDINO,COLTON,-117.35964965820313,34.068817138671875
94864801,2025,2025-09-29,9860,2025-09-19,735,022105,NA,5,1,6,3610,0,1,1,NA,2,202,SR-210 E/B,WATERMAN AVE,500,W,N,A,-,Y,SBD,NA,210,NA,R,24.116,H,NA,R,Y,3,0,1,2,A,-,03,22350,NA,N,C,C,A,A,H,-,A,D,0,NA,NA,NA,NA,Y,NA,A,01,0,1,0,0,0,0,0,0,0,-,-,34.145050048828125,-117.28041839599608,SAN BERNARDINO,SAN BERNARDINO,-117.28041839599608,34.145118713378906
94868823,2025,2025-10-01,9835,2025-09-12,520,023749,NA,5,3,9,3600,0,1,1,NA,2,070,I-15 N/B,OUTLET CENTER DR,5280,S,N,A,-,Y,SBD,NA,15,NA,NA,64.864,H,NA,R,Y,4,0,1,2,A,-,01,23152,A,M,B,C,A,A,H,-,D,D,0,NA,NA,NA,Y,Y,Y,A,07,0,0,1,0,0,0,0,0,0,-,-,34.8007698059082,-117.10724639892578,SAN BERNARDINO,UNINCORPORATED,-117.1072998046875,34.80081558227539
9486885,2022,2022-09-20,3608,2022-08-23,2058,4629,NA,2,5,5,3608,0,0,0,NA,0,NA,ORANGE ST,E REDLANDS BL,0,NA,Y,A,-,N,NA,NA,NA,NA,NA,NA,NA,NA,NA,Y,4,0,1,2,A,-,01,23152,A,F,D,C,A,A,H,-,C,A,0,NA,NA,NA,NA,Y,Y,A,01,0,0,1,0,0,0,0,0,0,-,-,NA,NA,SAN BERNARDINO,REDLANDS,-117.18257904052734,34.05729675292969
94869741,2025,2025-10-02,9850,2025-09-25,705,021342,NA,4,1,9,3600,0,3,5,NA,2,002,RANCHERO RD,COYOTE TRL,0,NA,Y,A,-,N,NA,NA,NA,NA,NA,NA,NA,NA,NA,Y,4,0,2,2,A,-,09,21801,A,N,A,C,A,A,H,-,A,D,0,NA,NA,NA,NA,Y,NA,A,01,0,0,2,0,0,0,0,0,0,-,-,34.38315963745117,-117.38150787353516,SAN BERNARDINO,UNINCORPORATED,-117.38137817382813,34.383113861083984
94869833,2025,2025-10-02,9860,2025-09-11,2040,020282,NA,4,2,4,3603,0,1,1,NA,2,214,I-215 N/B,WASHINGTON ST,1584,S,N,A,-,Y,SBD,NA,215,NA,NA,2.374,H,NA,R,Y,3,0,2,2,A,-,01,23152,A,F,C,C,A,A,H,-,C,D,0,NA,NA,NA,NA,Y,Y,A,01,0,1,1,0,0,0,0,0,0,-,-,34.04465866088867,-117.31166839599608,SAN BERNARDINO,COLTON,-117.31166839599608,34.044654846191406
9487288,2022,2022-10-24,3608,2022-08-17,0726,3675,NA,3,5,5,3608,0,0,0,NA,0,NA,BROOKSIDE AV,EUREKA ST,0,NA,Y,A,-,N,NA,NA,NA,NA,NA,NA,NA,NA,NA,Y,3,0,1,2,A,-,12,21453,A,N,D,C,A,A,H,-,A,A,0,NA,NA,NA,NA,Y,NA,A,01,0,1,0,0,0,0,0,0,0,-,-,NA,NA,SAN BERNARDINO,REDLANDS,-117.18547821044922,34.05537796020508
9487716,2022,2022-10-12,3608,2022-09-16,2325,3905,NA,5,5,5,3608,0,0,0,NA,0,NA,MARIGOLD DR,W SAN BERNARDINO AV,1584,N,N,A,-,N,NA,NA,NA,NA,NA,NA,NA,NA,NA,Y,4,0,1,2,A,-,09,21801,NA,N,D,C,A,A,H,-,C,D,0,NA,NA,Y,NA,Y,NA,A,01,0,0,1,0,0,0,0,0,1,-,-,NA,NA,SAN BERNARDINO,REDLANDS,-117.23302459716795,34.0819091796875
94879179,2025,2025-10-09,9860,2025-09-28,2350,024096,NA,7,3,5,3608,0,1,1,NA,2,203,SR-210 W/B FROM SAN BERNARDINO AVE.,SAN BERNARDINO AVE.,440,W,N,A,-,Y,NA,NA,NA,NA,NA,NA,NA,NA,NA,Y,4,0,1,2,A,-,08,22107,NA,N,B,C,A,A,H,-,C,D,0,NA,NA,NA,NA,Y,NA,A,01,0,0,1,0,0,0,0,0,0,-,-,34.07868957519531,-117.19936370849608,SAN BERNARDINO,REDLANDS,-117.20050811767578,34.0776481628418
94879258,2025,2025-10-09,9855,2025-09-30,2037,021233,NA,2,2,6,3607,0,1,1,NA,2,101,I-10 E/B (SAN BERNARDINO FWY),MILLIKEN AVE.,1100,E,N,A,-,Y,SBD,NA,10,NA,NA,9.398,H,NA,R,Y,2,0,1,2,A,-,03,22350,NA,N,C,C,A,A,H,-,C,D,0,NA,NA,Y,NA,Y,NA,C,02,1,0,0,0,0,0,0,0,1,-,-,34.06721115112305,-117.55432891845705,SAN BERNARDINO,ONTARIO,-117.55432891845705,34.067352294921875
9488076,2022,2022-08-22,3604,2022-07-06,2239,1163,NA,3,5,6,3604,0,0,0,NA,0,NA,JUNIPER AV,UPLAND AV,0,NA,Y,A,-,N,NA,NA,NA,NA,NA,NA,NA,NA,NA,N,4,0,3,2,A,-,03,22350,NA,F,C,C,A,A,H,-,C,A,0,NA,NA,NA,NA,Y,NA,D,22,0,0,3,0,0,0,0,0,0,-,-,NA,NA,SAN BERNARDINO,FONTANA,-117.4401397705078,34.10287094116211
9488136,2022,2022-08-23,3600,2022-07-12,1947,I4720,HE103,2,5,5,3619,0,0,0,NA,0,HE1,BEAR VALLEY RD,11TH AV,0,NA,Y,A,-,N,NA,NA,NA,NA,NA,NA,NA,NA,NA,N,3,0,1,2,D,-,00,NA,NA,N,D,C,A,A,H,-,B,A,0,NA,NA,NA,NA,Y,NA,-,-,0,1,0,0,0,0,0,0,0,-,-,NA,NA,SAN BERNARDINO,HESPERIA,-117.32115173339844,34.470638275146484
94881504,2025,2025-10-10,9855,2025-10-08,1320,020216,NA,3,1,6,3607,0,1,1,NA,2,152,I-15 N/B (ONTARIO FWY),I-10,2640,S,N,A,-,Y,SBD,NA,15,NA,NA,1.876,H,NA,R,Y,4,0,2,2,A,-,03,22350,NA,N,C,C,A,A,D,-,A,D,0,NA,NA,NA,NA,Y,NA,A,01,0,0,2,0,0,0,0,0,0,-,-,34.05992889404297,-117.54498291015624,SAN BERNARDINO,ONTARIO,-117.544921875,34.0599250793457
94881668,2025,2025-10-10,9835,2025-10-02,910,024686,NA,4,1,3,3601,0,3,5,NA,2,032,OLD HIGHWAY 58,SOAPMINE RD,0,NA,Y,A,-,Y,NA,NA,NA,NA,NA,NA,NA,NA,NA,Y,2,0,2,2,A,-,09,21801,A,N,A,C,A,A,H,-,A,D,0,NA,NA,NA,NA,Y,NA,A,01,2,0,0,0,0,0,0,0,0,-,-,34.914100646972656,-116.98845672607422,SAN BERNARDINO,BARSTOW,-116.98849487304688,34.91414260864258
9488182,2022,2022-08-18,3605,2022-07-28,0845,443,NA,4,5,4,3605,0,0,0,NA,0,NA,CENTRAL AV,RT 10,0,NA,Y,A,-,N,NA,NA,NA,NA,NA,NA,NA,NA,NA,Y,3,0,1,2,A,-,12,21453,A,N,D,C,A,A,H,-,A,A,0,NA,NA,Y,NA,Y,NA,C,02,0,1,0,0,0,0,0,0,1,-,-,NA,NA,SAN BERNARDINO,MONTCLAIR,-117.68972778320313,34.085323333740234
9488189,2022,2022-08-18,3604,2022-07-19,1316,958,NA,2,5,6,3604,0,0,0,NA,0,NA,SAN BERNARDINO AV,JUNIPER AV,0,NA,Y,A,-,N,NA,NA,NA,NA,NA,NA,NA,NA,NA,Y,4,0,1,2,A,-,12,21453,A,N,B,C,A,A,H,-,A,A,0,NA,NA,NA,NA,Y,NA,-,-,0,0,1,0,0,0,0,0,0,-,-,NA,NA,SAN BERNARDINO,FONTANA,-117.44005584716795,34.077545166015625
94884301,2025,2025-10-13,9855,2025-10-05,824,023655,NA,7,1,5,3602,0,1,3,NA,2,603,SR-60 E/B (POMONA FWY),RAMONA AVE.,1320,W,N,A,-,Y,SBD,NA,60,NA,R,1.096,H,NA,R,N,4,0,4,2,D,-,00,NA,NA,N,C,C,A,A,H,-,A,D,0,NA,NA,NA,NA,Y,NA,-,-,0,0,4,0,0,0,0,0,0,-,-,34.02988052368164,-117.71157836914063,SAN BERNARDINO,CHINO,-117.71159362792967,34.029937744140625
94889062,2025,2025-10-16,9860,2025-10-09,1505,022982,NA,4,2,4,3603,0,1,1,NA,2,103,I-10 W/B,LA CADENA AVE,100,W,N,B,-,Y,SBD,NA,10,NA,R,22.571,H,NA,L,Y,4,0,1,2,A,-,03,22350,NA,N,C,C,A,A,H,-,A,D,0,NA,NA,NA,NA,Y,NA,A,01,0,0,1,0,0,0,0,0,0,-,-,34.06623840332031,-117.32537841796876,SAN BERNARDINO,COLTON,-117.32537841796876,34.06624984741211
94889214,2025,2025-10-16,9855,2025-10-14,1144,023085,NA,2,1,6,3607,0,1,1,NA,2,152,I-15 S/B (ONTARIO FWY),JURUPA STREET,413,N,N,C,-,Y,SBD,NA,15,NA,NA,1.105,H,NA,L,Y,4,0,1,1,A,-,03,22350,NA,N,E,8,A,B,H,-,A,D,0,NA,NA,NA,NA,Y,NA,D,22,0,0,1,0,0,0,0,0,0,-,-,34.04935073852539,-117.54962921142578,SAN BERNARDINO,ONTARIO,-117.54981231689452,34.04938888549805
9489137,2022,2022-08-25,3604,2022-07-31,2214,680,NA,7,5,6,3604,0,0,0,NA,0,NA,MERRILL AV,TAMARIND AV,20,W,N,A,-,N,NA,NA,NA,NA,NA,NA,NA,NA,NA,N,4,0,1,2,A,-,03,22350,NA,N,C,C,A,A,H,-,C,A,0,NA,NA,NA,NA,Y,NA,A,07,0,0,1,0,0,0,0,0,0,-,-,NA,NA,SAN BERNARDINO,FONTANA,-117.42274475097656,34.09217834472656
94893724,2025,2025-10-20,9855,2025-10-14,1412,020620,NA,2,2,6,3607,0,1,3,NA,2,601,SR-60 E/B (POMONA FWY),HAVEN AVE.,1056,E,N,B,C,Y,SBD,NA,60,NA,R,9.187,H,NA,R,Y,3,0,1,2,A,-,08,22107,NA,N,B,C,A,B,H,-,A,D,0,NA,NA,NA,NA,Y,NA,D,22,0,1,0,0,0,0,0,0,0,-,-,34.02751922607422,-117.57108306884766,SAN BERNARDINO,ONTARIO,-117.57107543945313,34.02753448486328
94893981,2025,2025-10-20,9860,2025-05-19,1850,022875,NA,1,2,6,3604,0,1,1,NA,2,102,INTERSTATE 10 WESTBOUND TO SIERRA AVENUE,SIERRA AVENUE,124,E,N,A,-,Y,NA,NA,NA,NA,NA,NA,NA,NA,NA,Y,1,1,0,4,A,-,03,22350,NA,M,C,C,A,A,H,-,A,A,0,NA,NA,NA,Y,Y,NA,A,08,0,0,0,0,0,0,0,0,0,-,-,34.06772994995117,-117.43508911132813,SAN BERNARDINO,FONTANA,-117.43534088134766,34.06745147705078
9489612,2022,2023-12-22,3600,2022-08-16,1535,G3599,HE113,2,5,5,3619,0,0,0,NA,0,HE1,OAKWOOD AV,PENDLETON ST,0,S,N,B,-,N,NA,NA,NA,NA,NA,NA,NA,NA,NA,Y,4,0,2,2,A,-,08,22107,NA,N,C,E,A,A,H,-,A,D,0,NA,NA,NA,Y,Y,NA,A,07,0,0,2,0,0,0,0,0,0,-,-,NA,NA,SAN BERNARDINO,HESPERIA,-117.34272003173828,34.44734573364258
9489621,2022,2022-09-07,3610,2022-08-13,2200,51280,NA,6,5,6,3610,0,0,0,NA,0,POLICE,EAST HIGHLAND AV,N VALARIA DR,0,NA,Y,A,-,N,NA,NA,NA,NA,NA,NA,NA,NA,NA,N,4,0,1,2,A,-,03,22350,NA,N,C,C,A,A,H,-,C,D,0,NA,NA,NA,NA,Y,NA,I,11,0,0,1,0,0,0,0,0,0,-,-,34.135841369628906,-117.23493194580078,SAN BERNARDINO,SAN BERNARDINO,-117.23014831542967,34.13583755493164