CASE_ID,ACCIDENT_YEAR,PROC_DATE,JURIS,COLLISION_DATE,COLLISION_TIME,OFFICER_ID,REPORTING_DISTRICT,DAY_OF_WEEK,CHP_SHIFT,POPULATION,CNTY_CITY_LOC,SPECIAL_COND,BEAT_TYPE,CHP_BEAT_TYPE,CITY_DIVISION_LAPD,CHP_BEAT_CLASS,BEAT_NUMBER,PRIMARY_RD,SECONDARY_RD,DISTANCE,DIRECTION,INTERSECTION,WEATHER_1,WEATHER_2,STATE_HWY_IND,CALTRANS_COUNTY,CALTRANS_DISTRICT,STATE_ROUTE,ROUTE_SUFFIX,POSTMILE_PREFIX,POSTMILE,LOCATION_TYPE,RAMP_INTERSECTION,SIDE_OF_HWY,TOW_AWAY,COLLISION_SEVERITY,NUMBER_KILLED,NUMBER_INJURED,PARTY_COUNT,PRIMARY_COLL_FACTOR,PCF_CODE_OF_VIOL,PCF_VIOL_CATEGORY,PCF_VIOLATION,PCF_VIOL_SUBSECTION,HIT_AND_RUN,TYPE_OF_COLLISION,MVIW,PED_ACTION,ROAD_SURFACE,ROAD_COND_1,ROAD_COND_2,LIGHTING,CONTROL_DEVICE,CHP_ROAD_TYPE,PEDESTRIAN_ACCIDENT,BICYCLE_ACCIDENT,MOTORCYCLE_ACCIDENT,TRUCK_ACCIDENT,NOT_PRIVATE_PROPERTY,ALCOHOL_INVOLVED,STWD_VEHTYPE_AT_FAULT,CHP_VEHTYPE_AT_FAULT,COUNT_SEVERE_INJ,COUNT_VISIBLE_INJ,COUNT_COMPLAINT_PAIN,COUNT_PED_KILLED,COUNT_PED_INJURED,COUNT_BICYCLIST_KILLED,COUNT_BICYCLIST_INJURED,COUNT_MC_KILLED,COUNT_MC_INJURED,PRIMARY_RAMP,SECONDARY_RAMP,LATITUDE,LONGITUDE,COUNTY,CITY,POINT_X,POINT_Y
9489675,2022,2022-09-09,3600,2022-08-15,0500,I4716,HE307,1,5,5,3619,0,0,0,NA,0,HE5,MAPLE AV,MAIN ST,0,NA,Y,A,-,N,NA,NA,NA,NA,NA,NA,NA,NA,NA,N,3,0,1,2,A,-,21,22106,NA,F,H,G,A,A,H,-,C,D,0,NA,Y,NA,Y,Y,NA,G,25,0,1,0,0,0,0,1,0,0,-,-,NA,NA,SAN BERNARDINO,HESPERIA,-117.34648895263672,34.42679214477539
94897504,2025,2025-10-22,9860,2025-10-14,1335,022723,NA,2,1,4,3640,0,1,1,NA,2,106,I-10 W/B,COUNTY LINE RD,455,W,N,B,C,Y,SBD,NA,10,NA,R,38.813,H,NA,L,Y,4,0,1,2,A,-,03,22350,NA,N,E,8,A,B,H,-,A,D,0,NA,NA,NA,NA,Y,NA,A,07,0,0,1,0,0,0,0,0,0,-,-,34.00843811035156,-117.06745147705078,SAN BERNARDINO,YUCAIPA,-117.0673828125,34.00846862792969
94898200,2025,2025-11-13,9850,2025-10-14,1330,021342,NA,2,1,9,3600,0,1,1,NA,2,083,I-15 S/B,STODDARD WELLS RD,1478,N,N,C,-,Y,SBD,NA,15,NA,NA,44.693,H,NA,L,Y,3,0,1,2,A,-,03,22350,NA,N,E,I,A,B,H,-,A,D,0,NA,NA,NA,Y,Y,NA,A,01,0,1,0,0,0,0,0,0,0,-,-,34.55828857421875,-117.2873992919922,SAN BERNARDINO,UNINCORPORATED,-117.28746795654295,34.55831527709961
94903623,2025,2025-10-27,9850,2025-10-04,1125,022591,NA,6,1,5,3621,0,3,5,NA,2,003,CENTRAL RD,HOUSTON ST,108,N,N,A,-,N,NA,NA,NA,NA,NA,NA,NA,NA,NA,Y,2,0,3,2,A,-,01,23152,A,N,A,C,A,A,H,-,A,D,0,NA,NA,NA,NA,Y,Y,A,01,1,1,1,0,0,0,0,0,0,-,-,34.444679260253906,-117.1726303100586,SAN BERNARDINO,APPLE VALLEY,-117.17263793945313,34.44479751586914
94904630,2025,2025-10-28,9860,2025-10-08,1317,022539,NA,3,1,9,3600,0,3,5,NA,2,001,GLEN HELEN PKWY,CLEARWATER PKWY,0,NA,Y,A,-,N,NA,NA,NA,NA,NA,NA,NA,NA,NA,N,4,0,1,1,A,-,01,23152,A,N,E,I,A,A,H,-,A,A,0,NA,NA,NA,NA,Y,Y,A,01,0,0,1,0,0,0,0,0,0,-,-,34.202308654785156,-117.41172027587892,SAN BERNARDINO,UNINCORPORATED,-117.4116668701172,34.20219421386719
94907657,2025,2025-10-30,9835,2025-10-20,913,022192,NA,1,1,9,3600,0,1,1,NA,2,043,INTERSTATE 40 WESTBOUND,NATIONAL TRAILS HIGHWAY,3696,E,N,A,-,Y,SBD,NA,40,NA,R,19.219,H,NA,L,Y,1,1,0,1,A,-,08,22107,NA,N,F,A,A,A,H,-,A,D,0,NA,NA,NA,NA,Y,NA,A,07,0,0,0,0,0,0,0,0,0,-,-,34.82857894897461,-116.68108367919922,SAN BERNARDINO,UNINCORPORATED,-116.68105316162108,34.82872772216797
94909121,2025,2025-10-30,9860,2025-03-25,2151,022876,NA,2,2,4,3603,0,1,1,NA,2,214,INTERSTATE 215 SOUTHBOUND,BARTON ROAD,2899,S,N,B,-,Y,SBD,NA,215,NA,NA,0.751,H,NA,L,N,1,1,0,2,C,-,18,NA,NA,F,G,B,E,A,C,-,D,D,0,Y,NA,NA,NA,Y,NA,-,-,0,0,0,1,0,0,0,0,0,-,-,34.028018951416016,-117.33167266845705,SAN BERNARDINO,COLTON,-117.33169555664063,34.02804183959961
9490949,2022,2022-09-12,3610,2022-08-01,1104,50584,NA,1,5,6,3610,0,0,0,NA,0,NA,E MARSHALL BL,DUNBARTON AV,18,E,N,A,-,N,NA,NA,NA,NA,NA,NA,NA,NA,NA,Y,4,0,1,1,A,-,08,22107,NA,N,E,I,A,A,H,-,A,A,0,NA,NA,NA,NA,Y,NA,A,07,0,0,1,0,0,0,0,0,0,-,-,34.14942169189453,-117.23594665527344,SAN BERNARDINO,SAN BERNARDINO,-117.23590087890624,34.14944839477539
94913892,2025,2025-11-13,9855,2025-10-24,1600,023227,NA,5,2,6,3607,0,1,1,NA,2,104,I-10 E/B (SAN BERNARDINO FWY),HAVEN AVE,40,W,N,A,-,Y,SBD,NA,10,NA,NA,8.144,H,NA,R,Y,4,0,2,3,A,-,03,22350,NA,N,C,C,A,A,H,-,A,D,0,NA,NA,NA,NA,Y,NA,A,01,0,0,2,0,0,0,0,0,0,-,-,34.06752014160156,-117.57621002197266,SAN BERNARDINO,ONTARIO,-117.57621002197266,34.06746292114258
9491616,2022,2022-09-02,3600,2022-04-09,1355,G4514,RC053,6,5,6,3616,0,0,0,NA,0,RC1,19TH ST,BAYWOOD WY,0,NA,Y,A,-,N,NA,NA,NA,NA,NA,NA,NA,NA,NA,Y,3,0,2,4,A,-,07,21658,NA,N,A,D,A,A,H,-,A,A,0,NA,NA,NA,NA,Y,NA,A,08,0,2,0,0,0,0,0,0,0,-,-,NA,NA,SAN BERNARDINO,RANCHO CUCAMONGA,-117.5864715576172,34.132633209228516
94917086,2025,2025-11-10,9855,2025-10-26,410,022900,NA,7,3,6,3604,0,1,1,NA,2,153,I-15 N/B (ONTARIO FWY),SIERRA AVENUE,4130,S,N,A,-,Y,SBD,NA,15,NA,NA,12.061,H,NA,R,Y,3,0,1,1,A,-,01,23152,A,N,E,I,A,A,H,-,C,D,0,NA,NA,NA,NA,Y,Y,A,01,0,1,0,0,0,0,0,0,0,-,-,34.17449188232422,-117.44757080078124,SAN BERNARDINO,FONTANA,-117.44747161865234,34.174373626708984
94917116,2025,2025-11-10,9860,2025-10-29,1707,022477,NA,3,2,4,3618,0,1,1,NA,2,202,STATE ROUTE 210 E/B,VICTORIA AVENUE,950,E,N,A,-,Y,SBD,NA,210,NA,R,27.578,H,NA,R,N,4,0,2,2,A,-,03,22350,NA,N,C,C,A,A,H,-,A,D,0,NA,NA,NA,NA,Y,NA,A,07,0,0,2,0,0,0,0,0,0,-,-,34.131771087646484,-117.22303771972656,SAN BERNARDINO,HIGHLAND,-117.22303771972656,34.13180160522461
94917166,2025,2025-11-10,9855,2025-10-27,150,021403,NA,1,3,5,3611,0,1,1,NA,2,203,SR-210 W/B (FOOTHILL FWY),BASELINE RD.,1700,E,N,A,-,Y,SBD,NA,210,NA,NA,0.108,H,NA,L,Y,4,0,1,2,A,-,03,22350,NA,N,C,C,A,A,H,-,C,D,0,NA,NA,NA,NA,Y,NA,A,07,0,0,1,0,0,0,0,0,0,-,-,34.12565994262695,-117.69098663330078,SAN BERNARDINO,UPLAND,-117.6909408569336,34.125614166259766
94919213,2025,2025-11-11,9850,2025-11-02,1150,023055,NA,7,1,5,3619,0,3,5,NA,2,002,SR-173,ARROWHEAD LAKE ROAD,0,NA,Y,A,-,N,NA,NA,NA,NA,NA,NA,NA,NA,NA,Y,3,0,2,2,A,-,03,22350,NA,N,D,C,A,A,H,-,A,D,0,NA,NA,Y,NA,Y,NA,C,02,0,1,1,0,0,0,0,0,2,-,-,34.33694839477539,-117.25919342041016,SAN BERNARDINO,HESPERIA,-117.25916290283205,34.3369255065918
94919635,2025,2025-11-11,9855,2025-10-31,1926,022607,NA,5,2,6,3607,0,1,3,NA,2,601,SR-60 W/B (POMONA FWY),MILLIKEN AVE.,2112,W,N,A,-,Y,SBD,NA,60,NA,R,9.541,H,NA,L,Y,4,0,1,2,A,-,03,22350,NA,N,C,C,A,A,H,-,D,D,0,NA,NA,NA,NA,Y,NA,A,01,0,0,1,0,0,0,0,0,0,-,-,34.02614974975586,-117.56522369384766,SAN BERNARDINO,ONTARIO,-117.56523895263672,34.026100158691406
9491971,2022,2022-09-13,3600,2022-08-24,0125,I3314,AD,3,5,3,3613,0,0,0,NA,0,AD1,CHAMBERLANE WY,CHAMBERLAINE WY 11200,0,NA,Y,A,-,N,NA,NA,NA,NA,NA,NA,NA,NA,NA,Y,2,0,1,2,A,-,04,21703,NA,N,B,C,A,A,H,-,D,D,0,NA,NA,Y,NA,Y,Y,-,-,1,0,0,0,0,0,0,0,0,-,-,NA,NA,SAN BERNARDINO,ADELANTO,-117.420253,34.586444
94926088,2025,2025-11-12,9855,2025-10-26,1535,021838,NA,7,2,6,3607,0,1,1,NA,2,152,I-15 N/B (ONTARIO FWY),FOURTH ST,5280,S,N,A,-,Y,SBD,NA,15,NA,NA,3.006,H,NA,R,N,4,0,1,2,A,-,03,22350,NA,N,C,C,A,A,D,-,A,D,0,NA,NA,NA,NA,Y,NA,A,01,0,0,1,0,0,0,0,0,0,-,-,34.07630920410156,-117.5447006225586,SAN BERNARDINO,ONTARIO,-117.54475402832033,34.07630920410156
94926100,2025,2025-11-12,9855,2025-10-27,810,021838,NA,1,1,5,3602,0,1,3,NA,2,603,SR-60 W/B (POMONA FWY),MOUNTAIN AVE.,1056,E,N,B,-,Y,SBD,NA,60,NA,R,3.995,H,NA,L,N,3,0,1,3,A,-,03,22350,NA,N,C,C,A,A,H,-,A,D,0,NA,NA,NA,NA,Y,NA,A,07,0,1,0,0,0,0,0,0,0,-,-,34.03047180175781,-117.66101837158205,SAN BERNARDINO,CHINO,-117.66101837158205,34.030494689941406
94935938,2025,2025-11-18,9860,2025-10-30,1624,023602,NA,4,2,6,3610,0,1,1,NA,2,214,I-215 N/B,BASELINE STREET,1901,S,N,A,-,Y,SBD,NA,215,NA,NA,7.73,H,NA,R,N,4,0,1,2,A,-,03,22350,NA,N,C,C,A,A,H,-,A,D,0,NA,NA,NA,NA,Y,NA,A,01,0,0,1,0,0,0,0,0,0,-,-,34.116310119628906,-117.30233764648438,SAN BERNARDINO,SAN BERNARDINO,-117.30243682861328,34.116310119628906
94938238,2025,2025-11-19,9860,2025-11-01,1440,022105,NA,6,2,9,3600,0,3,5,NA,2,002,TIPPECANOE AVE,6TH STREET,0,NA,Y,A,-,N,NA,NA,NA,NA,NA,NA,NA,NA,NA,N,4,0,1,2,A,-,12,21453,A,N,D,C,A,A,H,-,A,A,0,NA,NA,NA,NA,Y,NA,-,-,0,0,1,0,0,0,0,0,0,-,-,34.11022186279297,-117.26103973388672,SAN BERNARDINO,UNINCORPORATED,-117.26101684570313,34.11018753051758
94939584,2025,2025-11-20,9860,2025-11-08,1730,023656,NA,6,2,4,3603,0,1,1,NA,2,214,I-215 SOUTHBOUND,I-10,3432,S,N,A,-,Y,SBD,NA,215,NA,NA,3.388,H,NA,L,Y,3,0,1,2,A,-,07,21658,A,N,B,C,A,A,H,-,A,D,0,NA,NA,Y,NA,Y,NA,A,01,0,1,0,0,0,0,0,0,1,-,-,34.054840087890625,-117.29920196533205,SAN BERNARDINO,COLTON,-117.29923248291016,34.05485534667969
94940306,2025,2025-11-20,9855,2025-11-03,1551,021926,NA,1,2,6,3616,0,1,1,NA,2,153,I-15 N/B (ONTARIO FWY),SR-210 (FOOTHILL FWY),2000,S,N,A,-,Y,SBD,NA,15,NA,NA,7.815,H,NA,R,N,3,0,1,2,A,-,07,21658,A,N,C,C,A,A,H,-,A,D,0,NA,NA,Y,NA,Y,NA,D,22,0,1,0,0,0,0,0,0,1,-,-,34.131858825683594,-117.5009994506836,SAN BERNARDINO,RANCHO CUCAMONGA,-117.50101470947266,34.13187026977539
94940318,2025,2025-11-20,9855,2025-10-24,755,021926,NA,5,1,6,3607,0,1,1,NA,2,152,I-15 S/B (ONTARIO FWY),JURUPA AVE.,2400,S,N,A,-,Y,SBD,NA,15,NA,NA,0.634,H,NA,L,Y,2,0,1,2,A,-,08,22107,NA,N,C,C,A,A,H,-,A,D,0,NA,NA,Y,NA,Y,NA,C,02,1,0,0,0,0,0,0,0,1,-,-,34.04262924194336,-117.5504913330078,SAN BERNARDINO,ONTARIO,-117.55042266845705,34.04262924194336
94941316,2025,2025-11-21,9855,2025-11-02,325,022261,NA,7,3,6,3616,0,1,1,NA,2,203,SR-210 W/B (FOOTHILL FWY),CARNELIAN ST,3100,E,N,A,-,Y,SBD,NA,210,NA,NA,5.224,H,NA,L,Y,3,0,1,2,A,-,01,23152,A,N,B,C,A,A,H,-,C,D,0,NA,NA,NA,NA,Y,Y,A,01,0,1,0,0,0,0,0,0,0,-,-,34.13513946533203,-117.60533142089844,SAN BERNARDINO,RANCHO CUCAMONGA,-117.60533142089844,34.1351318359375
94944566,2025,2025-11-24,9835,2025-11-15,1127,022308,NA,6,1,9,3600,0,1,1,NA,2,077,I-15 N/B,NIPTON RD,8448,N,N,B,C,Y,SBD,NA,15,NA,NA,178.074,H,NA,R,Y,3,0,1,1,A,-,03,22350,NA,N,F,A,A,B,H,-,A,D,0,NA,NA,NA,NA,Y,NA,D,22,0,1,0,0,0,0,0,0,0,-,-,35.495338439941406,-115.43894958496094,SAN BERNARDINO,UNINCORPORATED,-115.43898010253906,35.4953498840332
94945961,2025,2025-11-24,9835,2025-11-21,517,022308,NA,5,3,9,3600,0,1,1,NA,2,077,INTERSTATE 15,BAILEY RD,4435,N,N,C,-,Y,SBD,NA,15,NA,NA,172.324,H,NA,R,Y,4,0,1,1,A,-,03,22350,NA,N,F,A,A,B,H,-,D,D,0,NA,NA,NA,NA,Y,NA,A,08,0,0,1,0,0,0,0,0,0,-,-,35.46797180175781,-115.51355743408205,SAN BERNARDINO,UNINCORPORATED,-115.51358032226563,35.46805953979492
94946050,2025,2025-11-25,9860,2025-11-15,1515,019027,NA,6,2,6,3610,0,1,1,NA,2,202,SR-210 W/B,DEL ROSA AVE,0,NA,Y,C,-,Y,SBD,NA,210,NA,R,25.726,H,NA,L,Y,4,0,1,1,A,-,03,22350,NA,N,E,I,A,B,H,-,A,D,0,NA,NA,NA,NA,Y,NA,A,01,0,0,1,0,0,0,0,0,0,-,-,34.14274978637695,-117.25250244140624,SAN BERNARDINO,SAN BERNARDINO,-117.25251770019533,34.142704010009766
94946850,2025,2025-11-25,9860,2025-11-17,709,022539,NA,1,1,6,3610,0,1,1,NA,2,201,SR-210 E/B TO I-215,I-215,2112,W,N,B,-,Y,SBD,NA,210,NA,NA,21.462,H,NA,R,N,4,0,1,1,A,-,08,22107,NA,N,E,I,A,A,H,-,A,D,0,NA,NA,NA,NA,Y,NA,A,01,0,0,1,0,0,0,0,0,0,-,-,34.139610290527344,-117.32422637939452,SAN BERNARDINO,SAN BERNARDINO,-117.32447052001952,34.139766693115234
9494975,2022,2022-10-03,3610,2022-08-24,1730,5143,NA,3,5,6,3610,0,0,0,NA,0,POLICE,W MILL ST,S J ST,0,NA,Y,A,-,N,NA,NA,NA,NA,NA,NA,NA,NA,NA,N,3,0,2,2,A,-,03,22350,NA,N,C,C,A,A,H,-,A,D,0,NA,NA,NA,NA,Y,NA,A,01,0,1,1,0,0,0,0,0,0,-,-,NA,NA,SAN BERNARDINO,SAN BERNARDINO,-117.305419921875,34.0921630859375
94952418,2025,2025-12-01,9855,2025-11-14,1320,021926,NA,5,1,6,3616,0,1,1,NA,2,153,I-15 S/B (ONTARIO FWY),FOURTH STREET,2000,N,N,A,-,Y,SBD,NA,15,NA,NA,5.365,H,NA,L,N,3,0,1,2,A,-,08,22107,NA,N,B,C,A,A,H,-,A,D,0,NA,NA,NA,NA,Y,NA,D,22,0,1,0,0,0,0,0,0,0,-,-,34.10694885253906,-117.53166198730467,SAN BERNARDINO,RANCHO CUCAMONGA,-117.53166198730467,34.10695266723633
94952610,2025,2025-12-01,9855,2025-11-12,1530,024785,NA,3,2,6,3616,0,1,1,NA,2,153,I-15 S/B (ONTARIO FWY),BASELINE AVE,528,S,N,A,-,Y,SBD,NA,15,NA,NA,6.672,H,NA,L,N,3,0,1,2,A,-,07,21658,A,N,B,2,A,B,H,-,A,D,0,NA,NA,NA,NA,Y,NA,A,01,0,1,0,0,0,0,0,0,0,-,-,34.12059020996094,-117.51531982421876,SAN BERNARDINO,RANCHO CUCAMONGA,-117.51530456542967,34.120574951171875
94952779,2025,2025-12-01,9855,2025-11-17,1800,022055,NA,1,2,6,3607,0,1,1,NA,2,103,I-10 W/B (SAN BERNARDINO FWY),HAVEN AVE.,600,W,N,C,-,Y,SBD,NA,10,NA,NA,7.978,H,NA,L,N,4,0,1,4,A,-,08,22107,NA,N,B,C,A,B,H,-,C,D,0,NA,NA,NA,NA,Y,NA,A,07,0,0,1,0,0,0,0,0,0,-,-,34.06774139404297,-117.57908630371094,SAN BERNARDINO,ONTARIO,-117.57909393310548,34.06764602661133
94954280,2025,2025-12-02,9850,2025-11-21,720,022649,NA,5,1,9,3600,0,2,4,NA,2,057,SHEEP CREEK RD,SOLANO RD,100,S,N,B,C,N,NA,NA,NA,NA,NA,NA,NA,NA,NA,Y,3,0,2,2,A,-,08,22107,NA,N,A,C,A,B,H,-,A,D,0,NA,NA,NA,NA,Y,NA,A,01,0,2,0,0,0,0,0,0,0,-,-,34.45140838623047,-117.57274627685548,SAN BERNARDINO,UNINCORPORATED,-117.57274627685548,34.4515266418457
94956024,2025,2025-12-03,9855,2025-11-19,1435,021543,NA,3,2,5,3630,0,1,3,NA,2,071,SR-71 S/B (CHINO FWY),PINE AVE.,1584,S,N,A,-,Y,SBD,NA,71,NA,R,6.793,H,NA,L,N,4,0,1,2,A,-,03,22350,NA,N,C,C,A,A,H,-,A,D,0,NA,NA,NA,NA,Y,NA,A,01,0,0,1,0,0,0,0,0,0,-,-,33.94435119628906,-117.67208099365234,SAN BERNARDINO,CHINO HILLS,-117.67195129394533,33.944435119628906
9495604,2022,2022-11-18,3600,2022-07-04,1903,J0674,VC042,1,5,5,3612,0,0,0,NA,0,VC1,STODDARD WELLS RD,RT 15,0,NA,N,A,-,N,NA,NA,NA,NA,NA,NA,NA,NA,NA,Y,3,0,1,1,A,-,08,22107,NA,N,F,-,A,A,H,-,A,A,0,NA,NA,NA,NA,Y,NA,A,01,0,1,0,0,0,0,0,0,0,-,NO,34.55438995361328,-117.28943634033205,SAN BERNARDINO,VICTORVILLE,-117.28945922851563,34.55442810058594
94956453,2025,2025-12-03,9850,2025-11-23,753,023503,NA,7,1,9,3600,0,3,5,NA,2,005,CHOLLA RD,OLDSTONE RD,135,W,N,A,-,N,NA,NA,NA,NA,NA,NA,NA,NA,NA,N,3,0,1,1,A,-,03,22350,NA,N,E,I,A,A,H,-,A,D,0,NA,Y,NA,NA,Y,NA,M,91,0,1,0,0,0,0,1,0,0,-,-,34.433528900146484,-117.61905670166016,SAN BERNARDINO,UNINCORPORATED,-117.62003326416016,34.43349075317383
94957771,2025,2025-12-04,9860,2025-11-24,345,023695,NA,1,3,5,3608,0,1,1,NA,2,203,I-10 E/B FROM SR-210 E/B,LUGONIA AVE,425,S,N,B,-,Y,SBD,NA,210,NA,R,32.915,H,NA,R,Y,4,0,1,1,A,-,08,22107,NA,N,E,8,A,A,H,-,B,D,0,NA,NA,NA,NA,Y,NA,A,01,0,0,1,0,0,0,0,0,0,-,-,34.06932067871094,-117.20136260986328,SAN BERNARDINO,REDLANDS,-117.20127868652344,34.069313049316406
94962239,2025,2025-12-08,9850,2025-11-01,2258,023165,NA,6,3,9,3600,0,1,3,NA,2,042,SR-247 S/B,ALIENTO ROAD,5,N,N,A,-,N,NA,NA,NA,NA,NA,NA,NA,NA,NA,N,4,0,1,1,A,-,01,23152,A,N,E,I,A,A,H,-,D,D,0,NA,NA,NA,NA,Y,Y,A,01,0,0,1,0,0,0,0,0,0,-,-,34.44411849975586,-116.90428161621094,SAN BERNARDINO,UNINCORPORATED,NA,NA
94964409,2025,2025-12-09,9865,2025-08-18,1800,021229,NA,1,2,9,3600,0,1,3,NA,1,030,STATE ROUTE 18,STATE ROUTE 38,0,NA,Y,A,-,Y,SBD,NA,18,NA,NA,44.327,H,NA,R,Y,1,1,1,2,A,-,01,23152,A,N,D,C,A,A,H,-,A,A,0,NA,NA,Y,NA,Y,Y,A,07,0,1,0,0,0,0,0,1,0,-,-,34.241981506347656,-116.97799682617188,SAN BERNARDINO,UNINCORPORATED,-116.9780044555664,34.24196243286133
94964847,2025,2025-12-10,9860,2025-11-29,1140,022843,NA,6,1,9,3600,0,1,1,NA,2,152,I-15 S/B,SR-138,1584,N,N,A,-,Y,SBD,NA,15,NA,R,21.735,H,NA,L,N,4,0,2,4,A,-,03,22350,NA,N,C,C,A,A,H,-,A,D,0,NA,NA,NA,NA,Y,NA,A,07,0,0,2,0,0,0,0,0,0,-,-,34.31571960449219,-117.47914123535156,SAN BERNARDINO,UNINCORPORATED,-117.47907257080078,34.31575393676758
9496651,2022,2022-09-07,3600,2022-08-12,2008,D6683,RC008,5,5,6,3616,0,0,0,NA,0,RC3,EAST AV,HIGHLAND AV,0,NA,Y,A,-,N,NA,NA,NA,NA,NA,NA,NA,NA,NA,Y,3,0,5,2,A,-,01,23152,A,N,C,D,A,A,H,-,C,A,0,NA,NA,NA,NA,Y,Y,D,22,0,5,0,0,0,0,0,0,0,-,-,NA,NA,SAN BERNARDINO,RANCHO CUCAMONGA,-117.51447296142578,34.13246536254883
94966596,2025,2025-12-10,9834,2025-08-24,1950,018921,NA,7,2,9,3600,0,1,2,NA,1,095,UNITED STATES 95 (US-95),PADDLE MARKER AR(1) PES2 61.020,169,N,N,A,-,Y,SBD,NA,95,NA,NA,61.005,H,NA,R,Y,1,1,1,2,A,-,08,22107,NA,N,A,C,A,A,H,-,D,D,0,NA,NA,NA,NA,Y,NA,D,22,0,1,0,0,0,0,0,0,0,-,-,34.92380905151367,-114.77999114990234,SAN BERNARDINO,UNINCORPORATED,-114.77999114990234,34.92380905151367
9496781,2022,2022-09-07,3600,2022-07-10,1248,F3801,RC035,7,5,6,3616,0,0,0,NA,0,RC5,HERMOSA AV,6TH ST,0,NA,Y,A,-,N,NA,NA,NA,NA,NA,NA,NA,NA,NA,Y,3,0,1,3,A,-,09,21801,A,N,D,C,A,A,H,-,A,A,0,NA,NA,NA,NA,Y,NA,A,01,0,1,0,0,0,0,0,0,0,-,-,34.0847282409668,-117.58463287353516,SAN BERNARDINO,RANCHO CUCAMONGA,-117.58464050292967,34.08469009399414
94968523,2025,2025-12-11,9835,2025-12-09,2345,024813,NA,2,3,9,3600,0,3,5,NA,2,034,CALICO RD,GHOST TOWN ROAD,230,E,N,A,-,N,NA,NA,NA,NA,NA,NA,NA,NA,NA,Y,3,0,1,1,A,-,01,23152,A,N,H,J,A,A,H,-,D,D,0,NA,NA,NA,NA,Y,Y,A,01,0,1,0,0,0,0,0,0,0,-,-,34.941200256347656,-116.86602020263672,SAN BERNARDINO,UNINCORPORATED,-116.86612701416016,34.94125747680664
94969809,2025,2025-12-12,9855,2025-12-02,1835,021978,NA,2,2,6,3607,0,1,1,NA,2,152,I-15 S/B (ONTARIO FWY),JURUPA STREET,1410,S,N,A,-,Y,SBD,NA,15,NA,NA,0.736,H,NA,L,Y,4,0,2,2,A,-,03,22350,NA,N,C,C,A,A,D,-,D,D,0,NA,NA,NA,NA,Y,NA,A,01,0,0,2,0,0,0,0,0,0,-,-,34.04410171508789,-117.55050659179688,SAN BERNARDINO,ONTARIO,-117.5504150390625,34.044097900390625
94972399,2025,2025-12-15,9860,2025-11-09,1732,023372,NA,7,2,9,3600,0,3,5,NA,2,002,5TH STREET,PEDLEY RD,0,NA,Y,A,-,N,NA,NA,NA,NA,NA,NA,NA,NA,NA,N,4,0,1,2,A,-,12,22450,A,N,D,2,A,A,H,-,D,B,0,NA,NA,NA,NA,Y,NA,A,01,0,0,1,0,0,0,0,0,0,-,-,34.10837173461914,-117.26685333251952,SAN BERNARDINO,UNINCORPORATED,-117.26681518554688,34.10832595825195
94974500,2025,2025-12-16,9855,2025-11-26,1815,021978,NA,3,2,6,3607,0,1,1,NA,2,152,I-15 S/B (ONTARIO FWY),AIRPORT BLVD,1470,S,N,A,-,Y,SBD,NA,15,NA,NA,1.783,H,NA,L,N,4,0,1,2,A,-,01,23152,A,N,C,C,A,A,H,-,D,D,0,NA,NA,NA,NA,Y,Y,A,01,0,0,1,0,0,0,0,0,0,-,-,34.05860137939453,-117.54556274414063,SAN BERNARDINO,ONTARIO,-117.54559326171876,34.0586051940918
94974502,2025,2025-12-16,9855,2025-12-01,1236,020002,NA,1,1,6,3616,0,1,1,NA,2,152,I-15 S/B (ONTARIO FREEWAY),ARROW RTE.,1660,N,N,A,-,Y,SBD,NA,15,NA,NA,4.967,H,NA,L,Y,4,0,2,2,A,-,08,22107,NA,N,B,C,A,A,D,-,A,D,0,NA,NA,NA,Y,Y,NA,A,07,0,0,2,0,0,0,0,0,0,-,-,34.10289001464844,-117.53661346435548,SAN BERNARDINO,RANCHO CUCAMONGA,-117.53656768798828,34.10285186767578
9497566,2022,2022-09-28,3610,2022-08-25,1629,51159,NA,4,5,6,3610,0,0,0,NA,0,POLICE,RT 215,W 2ND ST,0,NA,Y,A,-,Y,SBD,8,215,-,-,6.547,R,4,N,Y,4,0,2,2,A,-,12,21453,A,N,D,C,A,A,H,-,A,A,0,NA,NA,NA,NA,Y,NA,A,01,0,0,2,0,0,0,0,0,0,-,-,34.10457992553711,-117.30190277099608,SAN BERNARDINO,SAN BERNARDINO,-117.30174255371094,34.09890365600586