CASE_ID,ACCIDENT_YEAR,PROC_DATE,JURIS,COLLISION_DATE,COLLISION_TIME,OFFICER_ID,REPORTING_DISTRICT,DAY_OF_WEEK,CHP_SHIFT,POPULATION,CNTY_CITY_LOC,SPECIAL_COND,BEAT_TYPE,CHP_BEAT_TYPE,CITY_DIVISION_LAPD,CHP_BEAT_CLASS,BEAT_NUMBER,PRIMARY_RD,SECONDARY_RD,DISTANCE,DIRECTION,INTERSECTION,WEATHER_1,WEATHER_2,STATE_HWY_IND,CALTRANS_COUNTY,CALTRANS_DISTRICT,STATE_ROUTE,ROUTE_SUFFIX,POSTMILE_PREFIX,POSTMILE,LOCATION_TYPE,RAMP_INTERSECTION,SIDE_OF_HWY,TOW_AWAY,COLLISION_SEVERITY,NUMBER_KILLED,NUMBER_INJURED,PARTY_COUNT,PRIMARY_COLL_FACTOR,PCF_CODE_OF_VIOL,PCF_VIOL_CATEGORY,PCF_VIOLATION,PCF_VIOL_SUBSECTION,HIT_AND_RUN,TYPE_OF_COLLISION,MVIW,PED_ACTION,ROAD_SURFACE,ROAD_COND_1,ROAD_COND_2,LIGHTING,CONTROL_DEVICE,CHP_ROAD_TYPE,PEDESTRIAN_ACCIDENT,BICYCLE_ACCIDENT,MOTORCYCLE_ACCIDENT,TRUCK_ACCIDENT,NOT_PRIVATE_PROPERTY,ALCOHOL_INVOLVED,STWD_VEHTYPE_AT_FAULT,CHP_VEHTYPE_AT_FAULT,COUNT_SEVERE_INJ,COUNT_VISIBLE_INJ,COUNT_COMPLAINT_PAIN,COUNT_PED_KILLED,COUNT_PED_INJURED,COUNT_BICYCLIST_KILLED,COUNT_BICYCLIST_INJURED,COUNT_MC_KILLED,COUNT_MC_INJURED,PRIMARY_RAMP,SECONDARY_RAMP,LATITUDE,LONGITUDE,COUNTY,CITY,POINT_X,POINT_Y
6350612,2016,2016-03-24,3610,2016-02-06,1116,50959,4033,6,5,6,3610,0,0,0,NA,0,POLICE,W RIALTO AV,N PEPPER AV,0,NA,Y,A,-,N,NA,NA,NA,NA,NA,NA,NA,NA,NA,Y,4,0,4,2,A,-,17,21451,A,N,B,C,A,A,H,-,A,A,0,NA,NA,NA,NA,Y,NA,A,01,0,0,4,0,0,0,0,0,0,-,-,34.09954,-117.35292,SAN BERNARDINO,SAN BERNARDINO,-117.35289007,34.09953007
6352122,2014,2014-06-17,3609,2014-01-01,0538,2493,126,3,5,5,3609,0,0,0,NA,0,002,RIVERSIDE,GROVE,75,S,N,A,-,N,NA,NA,NA,NA,NA,NA,NA,NA,NA,Y,4,0,3,1,A,-,08,22107,NA,N,E,I,A,A,H,-,B,D,0,NA,NA,NA,NA,Y,NA,A,01,0,0,3,0,0,0,0,0,0,-,-,NA,NA,SAN BERNARDINO,RIALTO,-117.37038871,34.10890452
6358037,2014,2014-06-09,9860,2014-01-23,1539,16646,NA,4,2,6,3610,0,1,3,NA,2,020,41ST ST,1ST ST,524,W,N,A,-,N,NA,NA,NA,NA,NA,NA,NA,NA,NA,Y,3,0,1,1,A,-,08,22107,NA,N,E,J,A,A,H,-,A,D,0,NA,NA,NA,NA,Y,NA,D,22,0,1,0,0,0,0,0,0,0,-,-,34.16802,-117.29781,SAN BERNARDINO,SAN BERNARDINO,-117.29789078,34.16820834
6360262,2014,2016-03-14,3600,2014-01-15,1814,S3887,VC013,3,5,5,3612,0,0,0,NA,0,004,BEAR VALLEY RD,RT 15,0,NA,Y,A,-,Y,SBD,8,15,-,-,37.736,R,4,S,Y,4,0,1,2,A,-,08,22107,NA,N,D,C,A,A,H,-,C,A,0,NA,NA,NA,NA,Y,NA,A,71,0,0,1,0,0,0,0,0,0,-,SF,NA,NA,SAN BERNARDINO,VICTORVILLE,-117.34498594,34.47218944
6364032,2014,2014-06-12,9830,2014-01-29,0515,15252,NA,3,3,9,3600,0,3,5,NA,2,006,TRONA RD,SEARLES STATION RD,29040,S,N,A,-,N,NA,NA,NA,NA,NA,NA,NA,NA,NA,Y,3,0,1,1,A,-,08,22107,NA,N,E,I,A,A,H,-,D,D,0,NA,NA,NA,NA,Y,NA,D,22,0,1,0,0,0,0,0,0,0,-,-,NA,NA,SAN BERNARDINO,UNINCORPORATED,-117.5945954,35.41008625
6366840,2014,2014-06-25,3605,2014-01-11,1416,272,NA,6,5,4,3605,0,0,0,NA,0,NA,KINGSLEY ST,CENTRAL AV,0,NA,Y,A,-,N,NA,NA,NA,NA,NA,NA,NA,NA,NA,N,3,0,1,2,A,-,12,21453,A,N,G,G,A,A,H,-,A,A,0,NA,Y,NA,NA,Y,NA,D,22,0,1,0,0,0,0,1,0,0,-,-,NA,NA,SAN BERNARDINO,MONTCLAIR,-117.68964002,34.06673005
6367471,2014,2014-06-09,3604,2014-01-13,1818,1043,NA,1,5,6,3604,0,0,0,NA,0,NA,SIERRA AV,SIERRA LAKES,855,S,N,A,-,N,NA,NA,NA,NA,NA,NA,NA,NA,NA,N,3,0,1,2,A,-,11,21956,A,F,G,B,E,A,H,-,B,A,0,Y,NA,NA,NA,Y,Y,N,60,0,1,0,0,1,0,0,0,0,-,-,NA,NA,SAN BERNARDINO,FONTANA,-117.43713983,34.18220402
6371159,2014,2014-06-12,3602,2014-01-20,1206,3172,NA,1,5,5,3602,0,0,0,NA,0,005,CHINO AV,FERN AV,0,NA,Y,A,-,N,NA,NA,NA,NA,NA,NA,NA,NA,NA,Y,3,0,5,2,A,-,-,NA,NA,N,D,C,A,A,H,-,A,A,0,NA,NA,NA,NA,Y,NA,A,01,0,2,3,0,0,0,0,0,0,-,-,NA,NA,SAN BERNARDINO,CHINO,-117.65442007,34.01201003
6375333,2014,2014-06-09,3600,2014-01-19,1938,G1047,YUCAI,7,5,4,3640,0,0,0,NA,0,YC303,WILDWOOD CANYON RD,MESA GRANDE DR,528,E,N,A,-,N,NA,NA,NA,NA,NA,NA,NA,NA,NA,Y,4,0,1,2,A,-,04,21703,NA,N,C,C,A,A,H,-,D,D,0,NA,NA,NA,NA,Y,NA,-,NA,0,0,1,0,0,0,0,0,0,-,-,NA,NA,SAN BERNARDINO,YUCAIPA,-117.00594383,34.01529445
6375979,2014,2014-06-09,3604,2014-01-16,0704,509,NA,4,5,6,3604,0,0,0,NA,0,NA,RT 66,MANGO AV,40,W,N,A,-,Y,NA,NA,NA,NA,NA,NA,NA,NA,NA,N,4,0,1,2,A,-,03,22350,NA,M,C,C,A,A,H,-,A,A,0,NA,NA,NA,NA,Y,NA,-,99,0,0,1,0,0,0,0,0,0,-,-,NA,NA,SAN BERNARDINO,FONTANA,NA,NA
6377656,2014,2014-06-10,9850,2014-01-18,0022,018619,NA,6,3,9,3600,0,3,5,NA,2,006,SONORA RD,ALBERTA RD,0,NA,Y,A,-,N,NA,NA,NA,NA,NA,NA,NA,NA,NA,Y,2,0,1,1,A,-,01,23152,A,N,E,I,A,A,H,-,D,D,0,NA,NA,NA,NA,Y,Y,A,01,1,0,0,0,0,0,0,0,0,-,-,34.42428,-117.51212,SAN BERNARDINO,UNINCORPORATED,-117.51220004,34.42416007
6380220,2014,2014-07-03,9850,2014-02-02,1155,017354,NA,7,1,9,3600,0,2,4,NA,2,055,NATIONAL TRAILS HWY,BRYMAN RD,1584,N,N,A,-,N,NA,NA,NA,NA,NA,NA,NA,NA,NA,Y,4,0,2,2,A,-,08,22107,NA,N,E,I,A,A,H,-,A,D,0,NA,NA,NA,Y,Y,NA,A,01,0,0,2,0,0,0,0,0,0,-,-,34.69815,-117.33872,SAN BERNARDINO,UNINCORPORATED,-117.33919,34.67896739
6383000,2014,2014-06-19,9860,2014-02-10,1145,12988,NA,1,1,9,3600,0,3,5,NA,2,003,SAN BERNARDINO AV,ALABAMA ST,0,NA,Y,A,-,N,NA,NA,NA,NA,NA,NA,NA,NA,NA,Y,3,0,1,2,-,-,-,NA,NA,N,D,C,A,A,H,-,A,A,0,NA,NA,NA,Y,Y,NA,-,-,0,1,0,0,0,0,0,0,0,-,-,34.07761,-117.2088,SAN BERNARDINO,UNINCORPORATED,-117.20879006,34.0775201
6385335,2014,2014-06-16,3600,2014-02-05,0855,A9113,RC035,3,5,6,3616,0,0,0,NA,0,003,6TH ST,KLUSMAN AV,405,W,N,A,-,N,NA,NA,NA,NA,NA,NA,NA,NA,NA,N,4,0,1,1,D,-,00,NA,NA,N,E,I,A,A,H,-,A,A,0,NA,Y,NA,NA,Y,NA,-,-,0,0,1,0,0,0,1,0,0,-,-,NA,NA,SAN BERNARDINO,RANCHO CUCAMONGA,-117.59659391,34.08480014
6387221,2014,2014-06-03,9860,2014-01-18,0200,019027,NA,6,3,4,3603,0,1,1,NA,2,103,RT 10,PEPPER AV,2640,E,N,A,-,Y,NA,NA,10,NA,NA,NA,NA,NA,NA,Y,3,0,1,1,A,-,01,23152,A,N,F,A,A,A,H,-,D,D,0,NA,NA,NA,NA,Y,Y,A,07,0,1,0,0,0,0,0,0,0,-,-,34.06843,-117.3437,SAN BERNARDINO,COLTON,-117.34369458,34.06852685
6388898,2014,2016-02-20,9860,2014-01-16,1240,17571,NA,4,1,4,3603,0,1,1,NA,2,214,RT 215,WASHINGTON ST,3262,S,N,A,-,Y,SBD,8,215,-,-,2.07,H,-,N,Y,4,0,1,2,A,-,08,22107,NA,N,B,C,A,A,D,E,A,A,1,NA,NA,NA,NA,Y,NA,A,01,0,0,1,0,0,0,0,0,0,-,-,34.04225,-117.31567,SAN BERNARDINO,COLTON,-117.31569169,34.04182826
6393670,2014,2014-06-17,3600,2014-02-17,1446,C9389,VC025,1,5,5,3612,0,0,0,NA,0,VC3,LA MESA RD,RT 15,0,NA,Y,A,-,Y,NA,NA,NA,NA,NA,NA,NA,NA,NA,Y,4,0,1,2,A,-,12,21453,A,N,D,C,A,A,H,-,A,A,0,NA,NA,NA,NA,Y,NA,-,NA,0,0,1,0,0,0,0,0,0,-,-,NA,NA,SAN BERNARDINO,VICTORVILLE,-117.33544012,34.48545004
6394355,2014,2016-02-23,9865,2014-02-13,1424,018564,NA,4,2,9,3600,0,1,3,NA,1,030,RT 18,LAKE VIEW POINT,1584,N,N,A,-,Y,SBD,8,18,-,-,39.34,H,-,N,N,3,0,7,2,A,-,03,22350,NA,N,A,C,A,A,H,-,A,D,0,NA,NA,NA,NA,Y,NA,A,01,0,3,4,0,0,0,0,0,0,-,-,34.23735,-117.02583,SAN BERNARDINO,UNINCORPORATED,-117.02608103,34.23709257
6395871,2014,2014-06-06,3607,2014-01-29,0729,15028,135,3,5,6,3607,0,0,0,NA,0,032,HOLT BL,IMPERIAL AV,0,NA,Y,B,-,N,NA,NA,NA,NA,NA,NA,NA,NA,NA,Y,4,0,2,2,A,-,09,21802,A,N,D,C,A,A,H,-,A,A,0,NA,NA,NA,NA,Y,NA,-,NA,0,0,2,0,0,0,0,0,0,-,-,NA,NA,SAN BERNARDINO,ONTARIO,-117.62285008,34.06345008
6395883,2014,2014-06-06,3607,2014-01-06,0836,14997,90,1,5,6,3607,0,0,0,NA,0,021,SULTANA AV,GRANADA ST,0,NA,Y,A,-,N,NA,NA,NA,NA,NA,NA,NA,NA,NA,N,4,0,1,2,A,-,09,21802,A,N,D,C,A,A,H,-,A,A,0,NA,NA,NA,NA,Y,NA,-,NA,0,0,1,0,0,0,0,0,0,-,-,NA,NA,SAN BERNARDINO,ONTARIO,-117.64608013,34.07337003
6403165,2014,2014-06-20,3604,2014-02-20,1743,768,NA,4,5,6,3604,0,0,0,NA,0,NA,CITRUS AV,VALLEY BL,26,N,N,A,-,N,NA,NA,NA,NA,NA,NA,NA,NA,NA,N,4,0,2,2,A,-,05,21650,NA,N,A,C,A,A,H,-,A,A,0,NA,NA,NA,NA,Y,NA,A,01,0,0,2,0,0,0,0,0,0,-,-,NA,NA,SAN BERNARDINO,FONTANA,-117.45377,34.07039124
6403183,2014,2014-06-24,3604,2014-02-17,1437,680,NA,1,5,6,3604,0,0,0,NA,0,NA,CITRUS,CHERIMOYA,0,NA,Y,A,-,N,NA,NA,NA,NA,NA,NA,NA,NA,NA,N,4,0,1,2,A,-,03,22350,NA,N,C,C,A,A,H,-,A,D,0,NA,NA,NA,NA,Y,NA,D,22,0,0,1,0,0,0,0,0,0,-,-,NA,NA,SAN BERNARDINO,FONTANA,-117.45364005,34.10183012
6407004,2014,2014-06-11,3609,2014-01-27,1402,6367,132,1,5,5,3609,0,0,0,NA,0,003,CEDAR AV,FOOTHILL BL,295,E,N,A,-,N,NA,NA,NA,NA,NA,NA,NA,NA,NA,N,4,0,1,2,A,-,09,21804,A,N,D,C,A,A,H,-,A,A,0,NA,NA,Y,NA,Y,NA,A,01,0,0,1,0,0,0,0,0,1,-,-,NA,NA,SAN BERNARDINO,RIALTO,-117.39657,34.10673
6407122,2014,2014-07-02,3609,2014-02-03,0335,9088,RIALT,1,5,5,3609,0,0,0,NA,0,001,BASELINE RD,CACTUS AV,0,NA,Y,A,F,N,NA,NA,NA,NA,NA,NA,NA,NA,NA,Y,3,0,1,1,A,-,08,22107,NA,N,E,I,A,A,H,-,C,A,0,NA,NA,NA,NA,Y,NA,A,01,0,1,0,0,0,0,0,0,0,-,-,NA,NA,SAN BERNARDINO,RIALTO,-117.38354006,34.12135004
6408575,2014,2014-06-12,9860,2014-02-22,1320,019429,NA,6,1,9,3600,0,3,5,NA,2,004,SANTA ANA AV,TAMARIND AV,612,E,N,A,-,N,NA,NA,NA,NA,NA,NA,NA,NA,NA,Y,3,0,2,2,A,-,03,22350,NA,N,C,C,A,A,H,-,A,D,0,NA,NA,NA,NA,Y,NA,A,01,0,1,1,0,0,0,0,0,0,-,-,34.05577,-117.42038,SAN BERNARDINO,UNINCORPORATED,-117.42054536,34.05580924
6408585,2014,2016-02-20,9860,2014-02-24,2212,017875,NA,1,3,6,3610,0,1,1,NA,2,214,RT 215,LYTLE CREEK,240,N,N,A,-,Y,SBD,8,215,-,-,6.36,H,-,S,Y,3,0,1,2,A,-,01,23152,A,F,C,C,A,A,D,-,D,A,1,NA,NA,NA,NA,Y,Y,D,22,0,1,0,0,0,0,0,0,0,-,-,34.00506,-117.30201,SAN BERNARDINO,SAN BERNARDINO,-117.30202755,34.09641694
6408606,2014,2016-03-15,9860,2014-02-25,1606,016575,NA,2,2,5,3608,0,1,1,NA,2,203,RT 210,SAN BERNARDINO AV,1123,E,N,A,-,Y,SBD,8,210,-,R,32.58,H,-,W,N,4,0,1,2,A,-,03,22350,NA,M,C,C,A,A,H,-,B,D,0,NA,NA,NA,NA,Y,Y,A,01,0,0,1,0,0,0,0,0,0,-,-,34.07155,-117.20059,SAN BERNARDINO,REDLANDS,-117.20054912,34.07414923
6408902,2014,2014-06-25,3608,2014-03-04,1713,3821,NA,2,5,5,3608,0,0,0,NA,0,NA,FERN AV,LA PALOMA ST,0,NA,Y,A,-,N,NA,NA,NA,NA,NA,NA,NA,NA,NA,N,3,0,1,2,A,-,09,21802,A,N,D,C,A,A,H,-,B,D,0,NA,NA,NA,NA,Y,NA,A,01,0,1,0,0,0,0,0,0,0,-,-,NA,NA,SAN BERNARDINO,REDLANDS,-117.17478008,34.05261001
6408973,2014,2014-06-10,3608,2014-02-26,1820,4345,NA,3,5,5,3608,0,0,0,NA,0,NA,NEW JERSEY ST,REDLANDS BL,18,N,N,A,-,N,NA,NA,NA,NA,NA,NA,NA,NA,NA,N,4,0,1,2,A,-,09,21804,NA,F,D,G,A,A,H,-,C,A,0,NA,Y,NA,NA,Y,Y,A,01,0,0,1,0,0,0,1,0,0,-,-,NA,NA,SAN BERNARDINO,REDLANDS,-117.22181,34.06312931
6412771,2014,2014-04-17,3607,2014-03-07,1712,80154,131,5,5,6,3607,0,0,0,NA,0,022,GROVE AV,HOLT BL,20,N,N,A,-,N,NA,NA,NA,NA,NA,NA,NA,NA,NA,N,4,0,2,2,A,-,03,22350,NA,N,C,C,A,A,H,-,A,A,0,NA,NA,NA,NA,Y,NA,J,48,0,0,2,0,0,0,0,0,0,-,-,NA,NA,SAN BERNARDINO,ONTARIO,-117.62849883,34.0634748
6413647,2014,2014-06-19,3600,2014-02-26,1344,B6927,AP006,3,5,5,3621,0,0,0,NA,0,AP3,RINCON RD,RED FEATHER,71,S,N,A,-,N,NA,NA,NA,NA,NA,NA,NA,NA,NA,N,3,0,1,2,A,-,-,NA,NA,N,G,B,D,A,H,-,A,D,0,Y,NA,NA,NA,Y,NA,N,60,0,1,0,0,1,0,0,0,0,-,-,NA,NA,SAN BERNARDINO,APPLE VALLEY,-117.22544892,34.51377552
6418892,2014,2014-07-03,3604,2014-02-27,0409,736,NA,4,5,6,3604,0,0,0,NA,0,NA,CITRUS AV,WALNUT AV,200,N,N,C,-,N,NA,NA,NA,NA,NA,NA,NA,NA,NA,Y,4,0,1,1,A,-,03,22350,NA,N,E,I,A,B,H,-,C,D,0,NA,NA,NA,NA,Y,NA,D,22,0,0,1,0,0,0,0,0,0,-,-,NA,NA,SAN BERNARDINO,FONTANA,-117.45363,34.12923801
6419528,2014,2014-06-28,3607,2014-02-26,0849,15035,104,3,5,6,3607,0,0,0,NA,0,022,G ST,LEMON AV,0,NA,Y,B,-,N,NA,NA,NA,NA,NA,NA,NA,NA,NA,Y,4,0,1,2,A,-,12,22450,A,N,D,C,A,A,H,-,A,D,0,NA,NA,NA,NA,Y,NA,-,NA,0,0,1,0,0,0,0,0,0,-,-,NA,NA,SAN BERNARDINO,ONTARIO,-117.64960011,34.07064003
6422780,2014,2014-06-25,3608,2014-03-08,1757,4342,NA,6,5,5,3608,0,0,0,NA,0,NA,COLTON AV,TEXAS ST,38,W,N,A,-,N,NA,NA,NA,NA,NA,NA,NA,NA,NA,N,4,0,1,2,A,-,03,22350,NA,N,C,C,A,A,H,-,C,A,0,NA,NA,NA,NA,Y,NA,A,01,0,0,1,0,0,0,0,0,0,-,-,NA,NA,SAN BERNARDINO,REDLANDS,-117.19140507,34.06288
6424404,2014,2014-06-23,3605,2014-03-11,0735,131,NA,2,5,4,3605,0,0,0,NA,0,NA,PALO VERDE ST,FREMONT AV,0,NA,Y,A,-,N,NA,NA,NA,NA,NA,NA,NA,NA,NA,Y,4,0,1,2,A,-,09,21453,C,N,D,C,A,A,H,-,A,-,0,NA,NA,NA,NA,Y,NA,A,01,0,0,1,0,0,0,0,0,0,-,-,NA,NA,SAN BERNARDINO,MONTCLAIR,-117.69392012,34.08132006
6425339,2014,2014-07-08,3605,2014-02-21,1326,264,NA,5,5,4,3605,0,0,0,NA,0,NA,MONTE VISTA AV,RT 10,0,NA,Y,A,-,Y,NA,NA,NA,NA,NA,NA,NA,NA,NA,Y,3,0,2,2,A,-,09,21801,A,N,A,C,A,A,H,-,A,A,0,NA,NA,NA,NA,Y,NA,A,01,0,1,1,0,0,0,0,0,0,-,WO,NA,NA,SAN BERNARDINO,MONTCLAIR,-117.69826003,34.08223005
6425353,2014,2014-06-23,9835,2014-03-20,0145,020434,NA,4,3,9,3600,0,1,1,NA,2,077,RT 15,YATES WELL,1584,S,N,A,-,Y,NA,NA,NA,NA,NA,NA,NA,NA,NA,Y,3,0,1,1,A,-,08,22107,NA,N,F,A,A,A,H,-,D,D,0,NA,NA,NA,NA,Y,NA,A,01,0,1,0,0,0,0,0,0,0,-,-,35.4941,-115.2638,SAN BERNARDINO,UNINCORPORATED,-115.42168447,35.5368067
6425357,2014,2016-03-14,9835,2014-03-11,1710,018663,NA,2,2,9,3600,0,1,2,NA,1,014,RT 395,RT 58,11616,S,N,A,-,Y,SBD,8,395,-,-,43.75,H,-,N,Y,3,0,1,1,A,-,08,22107,NA,N,F,A,A,A,H,-,A,D,0,NA,NA,NA,NA,Y,NA,A,08,0,1,0,0,0,0,0,0,0,-,-,34.96514,-117.35112,SAN BERNARDINO,UNINCORPORATED,-117.53298771,34.96138269
6427284,2014,2014-06-28,3604,2014-02-15,1257,852,NA,6,5,6,3604,0,0,0,NA,0,NA,SIERRA AV,MARYGOLD AV,10,S,N,A,-,N,NA,NA,NA,NA,NA,NA,NA,NA,NA,N,4,0,1,2,A,-,08,22107,NA,N,D,C,A,A,H,-,A,A,0,NA,NA,NA,NA,Y,NA,A,01,0,0,1,0,0,0,0,0,0,-,-,NA,NA,SAN BERNARDINO,FONTANA,-117.43568,34.0739726
6433684,2014,2014-07-09,3607,2014-03-12,1341,14997,450,3,5,6,3607,0,0,0,NA,0,071,RIVERSIDE DR,DESERT FOREST AV,0,NA,Y,A,-,N,NA,NA,NA,NA,NA,NA,NA,NA,NA,Y,4,0,2,2,A,-,09,21804,A,N,D,C,A,A,H,-,A,D,0,NA,NA,NA,NA,Y,NA,-,NA,0,0,2,0,0,0,0,0,0,-,-,NA,NA,SAN BERNARDINO,ONTARIO,-117.58955003,34.01911009
6438501,2014,2016-01-14,9855,2014-03-17,0910,16051,NA,1,1,6,3604,0,1,1,NA,2,101,RT 10,CHERRY AV,820,W,N,A,-,Y,SBD,8,10,-,-,13.01,H,-,W,Y,4,0,4,4,A,-,03,22350,NA,N,C,C,A,A,H,-,A,D,1,NA,NA,NA,NA,Y,NA,A,01,0,0,4,0,0,0,0,0,0,-,-,NA,NA,SAN BERNARDINO,FONTANA,-117.49160006,34.0659899
6439750,2014,2014-06-30,3608,2014-03-18,1225,3821,NA,2,5,5,3608,0,0,0,NA,0,NA,CITRUS AV,IOWA ST,0,NA,Y,A,-,N,NA,NA,NA,NA,NA,NA,NA,NA,NA,Y,3,0,1,2,A,-,09,21802,A,N,D,C,A,A,H,-,A,D,0,NA,NA,NA,NA,Y,NA,A,07,0,1,0,0,0,0,0,0,0,-,-,NA,NA,SAN BERNARDINO,REDLANDS,-117.21311013,34.05554012
6439758,2014,2014-06-30,3608,2014-03-18,0823,3813,NA,2,5,5,3608,0,0,0,NA,0,NA,LUGONIA AV,ALABAMA ST,0,NA,Y,A,-,N,NA,NA,NA,NA,NA,NA,NA,NA,NA,Y,3,0,1,3,A,-,12,21453,A,N,D,C,A,A,H,-,A,A,0,NA,NA,NA,NA,Y,NA,-,NA,0,1,0,0,0,0,0,0,0,-,-,NA,NA,SAN BERNARDINO,REDLANDS,-117.20877001,34.07031004
6440258,2014,2014-07-02,3600,2014-03-08,1552,B3501,RC028,6,5,6,3616,0,0,0,NA,0,RC6,BASELINE RD,HERMOSA AV,0,NA,Y,A,-,N,NA,NA,NA,NA,NA,NA,NA,NA,NA,N,4,0,1,2,A,-,03,22350,NA,F,C,C,A,A,H,-,A,A,0,NA,NA,NA,NA,Y,Y,A,01,0,0,1,0,0,0,0,0,0,-,-,NA,NA,SAN BERNARDINO,RANCHO CUCAMONGA,-117.58469007,34.12153006
6440740,2014,2014-06-23,9855,2014-01-07,0755,011738,NA,2,1,6,3616,1,4,S,NA,2,901,EAST AV,DAY CANYON DR,0,NA,Y,A,-,N,NA,NA,NA,NA,NA,NA,NA,NA,NA,Y,3,0,3,6,A,-,09,21801,A,N,D,C,A,A,H,-,A,D,0,NA,NA,NA,NA,Y,NA,A,01,0,1,2,0,0,0,0,0,0,-,-,34.1178,-117.5145,SAN BERNARDINO,RANCHO CUCAMONGA,-117.51454002,34.11781005
6442544,2014,2016-03-21,9855,2014-01-23,1400,013381,NA,4,2,6,3607,0,1,3,NA,2,601,RT 60,HAVEN AV,100,E,N,A,-,Y,SBD,8,60,-,R,8.93,H,-,W,Y,4,0,1,2,A,-,03,22350,NA,N,C,C,A,A,H,-,A,D,1,NA,NA,NA,NA,Y,NA,A,01,0,0,1,0,0,0,0,0,0,-,-,NA,NA,SAN BERNARDINO,ONTARIO,-117.57533457,34.02895908
6442551,2014,2016-03-11,9855,2014-02-18,1505,014422,NA,2,2,5,3602,0,1,3,NA,2,603,RT 60,BENSON AV,672,E,N,B,-,Y,SBD,8,60,-,R,3,H,-,W,Y,3,0,1,1,C,-,18,NA,NA,N,F,A,A,A,H,-,A,D,1,NA,NA,Y,NA,Y,NA,-,-,0,1,0,0,0,0,0,0,1,-,-,NA,NA,SAN BERNARDINO,CHINO,-117.67839835,34.03045049
6442834,2014,2016-03-11,9855,2014-02-18,0840,013381,NA,2,1,5,3602,0,1,3,NA,2,603,RT 60,CENTRAL AV,800,W,N,A,-,Y,SBD,8,60,-,R,2.22,H,-,W,N,4,0,1,2,A,-,03,22350,NA,N,C,C,A,A,H,-,A,D,1,NA,NA,NA,NA,Y,NA,A,01,0,0,1,0,0,0,0,0,0,-,-,NA,NA,SAN BERNARDINO,CHINO,-117.6919775,34.03035128
6442854,2014,2016-02-23,9855,2014-02-15,1849,19420,NA,6,2,6,3607,0,1,1,NA,2,101,RT 15,RT 10,1000,E,N,A,-,Y,SBD,8,10,-,-,10.17,H,-,E,Y,4,0,1,4,A,-,07,21658,A,N,B,C,A,A,H,-,D,D,1,NA,NA,NA,NA,Y,NA,A,01,0,0,1,0,0,0,0,0,0,TO,-,34.06701,-117.54078,SAN BERNARDINO,ONTARIO,-117.54086462,34.06732466
6444139,2014,2014-06-26,3607,2014-02-13,1227,80205,311,4,5,6,3607,0,0,0,NA,0,MILL,ONTARIO MILLS PKWY,ONTARIO MILLS PW,0,NA,Y,A,-,N,NA,NA,NA,NA,NA,NA,NA,NA,NA,N,4,0,1,2,A,-,12,21453,A,N,D,C,A,A,H,-,A,A,0,NA,NA,NA,NA,Y,NA,-,NA,0,0,1,0,0,0,0,0,0,-,-,NA,NA,SAN BERNARDINO,ONTARIO,-117.55834012,34.06890004
6444706,2014,2014-07-09,3605,2014-03-11,0715,355,NA,2,5,4,3605,0,0,0,NA,0,NA,MONTE VISTA AV,HOLT BL,0,NA,Y,A,-,N,NA,NA,NA,NA,NA,NA,NA,NA,NA,Y,3,0,2,3,A,-,12,21453,A,N,D,C,A,A,H,-,A,A,0,NA,NA,NA,NA,Y,NA,A,01,0,2,0,0,0,0,0,0,0,-,-,NA,NA,SAN BERNARDINO,MONTCLAIR,-117.69829009,34.06321001
6444759,2014,2014-07-09,3607,2014-03-15,2240,80421,30,6,5,6,3607,0,0,0,NA,0,031,GROVE AV,4TH ST,0,N,N,A,-,N,NA,NA,NA,NA,NA,NA,NA,NA,NA,Y,4,0,1,2,A,-,03,22350,NA,F,C,C,A,A,H,-,C,D,0,NA,NA,NA,NA,Y,Y,-,NA,0,0,1,0,0,0,0,0,0,-,-,NA,NA,SAN BERNARDINO,ONTARIO,-117.628641,34.077816
6447784,2014,2016-03-14,9855,2014-02-28,1115,17112,NA,5,1,6,3616,0,1,1,NA,2,152,RT 15,RT 66,200,N,N,B,-,Y,SBD,8,15,-,-,5.37,H,-,S,Y,4,0,1,2,A,-,03,22350,NA,N,E,I,A,B,H,-,A,D,1,NA,NA,NA,NA,Y,NA,A,01,0,0,1,0,0,0,0,0,0,-,-,NA,NA,SAN BERNARDINO,RANCHO CUCAMONGA,-117.53146468,34.1071201
6450062,2014,2014-07-07,9855,2014-02-20,1320,015299,NA,4,1,6,3604,0,1,1,NA,2,101,RT 10,CHERRY AV,5280,E,N,A,-,Y,NA,NA,NA,NA,NA,NA,NA,NA,NA,N,4,0,1,3,A,-,03,22350,NA,N,C,C,A,A,H,-,A,D,0,NA,NA,NA,NA,Y,NA,A,01,0,0,1,0,0,0,0,0,0,-,-,NA,NA,SAN BERNARDINO,FONTANA,-117.47169249,34.06639021
6450145,2014,2014-07-03,9865,2014-03-27,2130,17673,NA,4,2,9,3600,0,3,5,NA,2,001,WATERS DR,SEELEY DR,294,W,N,B,-,N,NA,NA,NA,NA,NA,NA,NA,NA,NA,Y,3,0,2,1,A,-,03,22350,NA,N,E,I,A,A,H,-,D,D,0,NA,NA,NA,NA,Y,Y,A,01,0,2,0,0,0,0,0,0,0,-,-,34.24771,-117.31126,SAN BERNARDINO,UNINCORPORATED,-117.31126157,34.24777833
6420407,2014,2014-06-21,3607,2014-03-07,1727,14973,470,5,5,6,3607,0,0,0,NA,0,072,RIVERSIDE DR,HAVEN AV,100,W,N,A,-,N,NA,NA,NA,NA,NA,NA,NA,NA,NA,Y,3,0,2,4,A,-,03,22350,NA,N,C,C,A,A,H,-,A,A,0,NA,NA,NA,NA,Y,NA,-,NA,0,1,1,0,0,0,0,0,0,-,-,NA,NA,SAN BERNARDINO,ONTARIO,-117.57614911,34.01906
6415393,2014,2016-03-15,3607,2014-03-03,1653,00001,NA,1,5,6,3607,0,0,0,NA,0,NA,MILLIKEN AV,RT 10,75,N,N,A,-,Y,SBD,8,10,-,-,8.987,R,4,W,N,4,0,1,2,A,-,03,22350,NA,N,C,C,A,A,H,-,A,A,0,NA,NA,NA,NA,Y,NA,A,01,0,0,1,0,0,0,0,0,0,-,WO,NA,NA,SAN BERNARDINO,ONTARIO,-117.56149191,34.06758939
6408430,2014,2016-03-16,9835,2014-03-12,1535,019916,NA,3,2,9,3600,0,1,1,NA,2,047,RT 40,KELBAKER RD,13200,W,N,A,-,Y,SBD,8,40,-,R,75.67,H,-,W,Y,3,0,1,1,A,-,08,22107,NA,N,F,A,A,A,H,-,A,D,1,NA,NA,NA,NA,Y,NA,D,22,0,1,0,0,0,0,0,0,0,-,-,34.71689,-115.73023,SAN BERNARDINO,UNINCORPORATED,-115.72248422,34.71813154