CASE_ID,ACCIDENT_YEAR,PROC_DATE,JURIS,COLLISION_DATE,COLLISION_TIME,OFFICER_ID,REPORTING_DISTRICT,DAY_OF_WEEK,CHP_SHIFT,POPULATION,CNTY_CITY_LOC,SPECIAL_COND,BEAT_TYPE,CHP_BEAT_TYPE,CITY_DIVISION_LAPD,CHP_BEAT_CLASS,BEAT_NUMBER,PRIMARY_RD,SECONDARY_RD,DISTANCE,DIRECTION,INTERSECTION,WEATHER_1,WEATHER_2,STATE_HWY_IND,CALTRANS_COUNTY,CALTRANS_DISTRICT,STATE_ROUTE,ROUTE_SUFFIX,POSTMILE_PREFIX,POSTMILE,LOCATION_TYPE,RAMP_INTERSECTION,SIDE_OF_HWY,TOW_AWAY,COLLISION_SEVERITY,NUMBER_KILLED,NUMBER_INJURED,PARTY_COUNT,PRIMARY_COLL_FACTOR,PCF_CODE_OF_VIOL,PCF_VIOL_CATEGORY,PCF_VIOLATION,PCF_VIOL_SUBSECTION,HIT_AND_RUN,TYPE_OF_COLLISION,MVIW,PED_ACTION,ROAD_SURFACE,ROAD_COND_1,ROAD_COND_2,LIGHTING,CONTROL_DEVICE,CHP_ROAD_TYPE,PEDESTRIAN_ACCIDENT,BICYCLE_ACCIDENT,MOTORCYCLE_ACCIDENT,TRUCK_ACCIDENT,NOT_PRIVATE_PROPERTY,ALCOHOL_INVOLVED,STWD_VEHTYPE_AT_FAULT,CHP_VEHTYPE_AT_FAULT,COUNT_SEVERE_INJ,COUNT_VISIBLE_INJ,COUNT_COMPLAINT_PAIN,COUNT_PED_KILLED,COUNT_PED_INJURED,COUNT_BICYCLIST_KILLED,COUNT_BICYCLIST_INJURED,COUNT_MC_KILLED,COUNT_MC_INJURED,PRIMARY_RAMP,SECONDARY_RAMP,LATITUDE,LONGITUDE,COUNTY,CITY,POINT_X,POINT_Y
6821041,2015,2016-11-04,9870,2015-01-27,0753,18213,NA,2,1,9,3600,0,1,3,NA,1,031,RT 62,PARK BL,50,W,N,B,-,Y,SBD,8,62,-,-,18.26,H,-,E,Y,4,0,1,3,A,-,01,23152,E,N,C,C,A,B,H,-,A,A,0,NA,NA,NA,NA,Y,NA,A,01,0,0,1,0,0,0,0,0,0,-,-,34.13495,-116.31525,SAN BERNARDINO,UNINCORPORATED,-116.31533607,34.13497326
6822305,2014,2015-02-26,3607,2014-12-04,1054,14997,288,4,5,6,3607,0,0,0,NA,0,021,HOLT BL,SULTANA AV,0,NA,Y,B,-,N,NA,NA,NA,NA,NA,NA,NA,NA,NA,Y,4,0,1,2,A,-,12,21453,A,N,D,C,A,A,H,-,A,A,0,NA,NA,NA,NA,Y,NA,-,NA,0,0,1,0,0,0,0,0,0,-,-,NA,NA,SAN BERNARDINO,ONTARIO,-117.64604013,34.06338004
6822309,2014,2015-02-26,3607,2014-12-08,1742,14789,132,1,5,6,3607,0,0,0,NA,0,022,GROVE AV,D ST,0,NA,Y,A,-,N,NA,NA,NA,NA,NA,NA,NA,NA,NA,Y,4,0,1,2,A,-,09,21800,A,N,D,D,A,A,H,-,C,A,0,NA,NA,NA,NA,Y,NA,-,NA,0,0,1,0,0,0,0,0,0,-,-,NA,NA,SAN BERNARDINO,ONTARIO,-117.62853012,34.06704001
6824669,2015,2015-03-12,3609,2015-02-04,0327,0363,01,3,5,5,3609,0,0,0,NA,0,001,ALDER AV,CASMALIA AV,800,N,N,A,-,N,NA,NA,NA,NA,NA,NA,NA,NA,NA,Y,3,0,1,1,A,-,01,23152,A,N,F,I,A,A,H,-,C,D,0,NA,NA,NA,NA,Y,Y,A,01,0,1,0,0,0,0,0,0,0,-,-,NA,NA,SAN BERNARDINO,RIALTO,-117.41859968,34.14084278
6826123,2015,2015-03-13,3600,2015-02-17,2332,D3400,YC207,2,5,4,3640,0,0,0,NA,0,NA,BRYANT ST,DATE AV,1056,N,N,A,-,N,NA,NA,NA,NA,NA,NA,NA,NA,NA,Y,4,0,1,1,A,-,08,22107,NA,N,H,-,A,A,-,-,D,A,0,NA,NA,NA,NA,Y,Y,A,01,0,0,1,0,0,0,0,0,0,-,-,NA,NA,SAN BERNARDINO,YUCAIPA,-117.03446,34.04399205
6826367,2015,2016-09-15,9850,2015-02-12,1905,020899,NA,4,2,9,3600,0,1,3,NA,2,034,RT 18,BEAR VALLEY RD,0,NA,Y,A,-,Y,SBD,8,18,-,-,84.325,I,5,N,Y,4,0,1,1,A,-,03,22350,NA,N,E,I,A,A,H,-,D,A,0,NA,NA,NA,NA,Y,NA,A,01,0,0,1,0,0,0,0,0,0,-,-,NA,NA,SAN BERNARDINO,UNINCORPORATED,-117.1250847,34.47366079
6826548,2015,2015-03-20,3604,2015-02-23,1419,990,NA,1,5,6,3604,0,0,0,NA,0,003,JUNIPER AV,ATHOL ST,0,NA,Y,C,-,N,NA,NA,NA,NA,NA,NA,NA,NA,NA,Y,4,0,1,2,A,-,09,21802,A,N,D,C,A,B,H,-,A,A,0,NA,NA,NA,NA,Y,NA,D,22,0,0,1,0,0,0,0,0,0,-,-,NA,NA,SAN BERNARDINO,FONTANA,-117.44010001,34.08847
6826551,2015,2015-03-19,3605,2015-02-03,1541,318,NA,2,5,4,3605,0,0,0,NA,0,NA,MONTE VISTA AV,MISSION BL,2,N,N,A,-,N,NA,NA,NA,NA,NA,NA,NA,NA,NA,N,4,0,1,2,A,-,10,21950,A,N,G,B,B,A,H,-,A,A,0,Y,NA,NA,NA,Y,NA,D,22,0,0,1,0,1,0,0,0,0,-,-,NA,NA,SAN BERNARDINO,MONTCLAIR,-117.69819007,34.05599548
6827097,2015,2015-03-11,3604,2015-02-16,2212,680,NA,1,5,6,3604,0,0,0,NA,0,NA,SIERRA,MILLER,0,NA,Y,A,-,N,NA,NA,NA,NA,NA,NA,NA,NA,NA,N,4,0,1,2,A,-,12,21453,A,N,D,C,A,A,H,-,C,A,0,NA,NA,NA,NA,Y,NA,-,-,0,0,1,0,0,0,0,0,0,-,-,NA,NA,SAN BERNARDINO,FONTANA,-117.43585008,34.11391011
6827459,2014,2015-03-10,3607,2014-12-30,1318,80313,151,2,5,6,3607,0,0,0,NA,0,022,HOLT BL,CAMPUS AV,0,NA,Y,C,-,N,NA,NA,NA,NA,NA,NA,NA,NA,NA,Y,4,0,2,2,A,-,09,21804,A,N,C,C,A,B,H,-,A,A,0,NA,NA,NA,NA,Y,NA,-,NA,0,0,2,0,0,0,0,0,0,-,-,NA,NA,SAN BERNARDINO,ONTARIO,-117.64131003,34.06338006
6827550,2014,2015-03-11,3611,2014-12-06,1723,2407,WVMC,6,5,5,3611,0,0,0,NA,0,003,EUCLID AV,18TH ST,0,NA,Y,A,-,N,NA,NA,NA,NA,NA,NA,NA,NA,NA,Y,3,0,3,2,A,-,12,21453,A,N,D,C,A,A,H,-,C,A,0,NA,NA,NA,NA,Y,NA,A,01,0,2,1,0,0,0,0,0,0,-,-,NA,NA,SAN BERNARDINO,UPLAND,-117.6514201,34.12884002
6779860,2014,2015-07-15,3600,2014-12-27,0809,A7254,BL211,6,5,2,3680,0,0,0,NA,0,002,BIRCH ST,LA PLACIDA,0,NA,Y,A,-,N,NA,NA,NA,NA,NA,NA,NA,NA,NA,Y,4,0,3,2,A,-,03,22350,NA,N,D,C,A,A,B,-,A,D,0,NA,NA,NA,NA,Y,NA,A,08,0,0,3,0,0,0,0,0,0,-,-,NA,NA,SAN BERNARDINO,BIG BEAR LAKE,-116.87075001,34.23817002
6829781,2014,2015-05-05,3600,2014-11-16,1346,D7736,HI007,7,5,4,3618,0,0,0,NA,0,HI1,LANKERSHIM AV,5TH ST,0,NA,Y,A,-,N,NA,NA,NA,NA,NA,NA,NA,NA,NA,Y,3,0,1,2,A,-,09,21802,A,N,-,C,A,A,H,-,A,A,0,NA,NA,NA,NA,Y,NA,-,NA,0,1,0,0,0,0,0,0,0,-,-,NA,NA,SAN BERNARDINO,HIGHLAND,-117.23492001,34.1084601
6829785,2014,2015-05-05,3600,2014-11-25,1514,F8585,HI014,2,5,4,3618,0,0,0,NA,0,001,CYPRESS ST,COLE ST,67,E,N,A,-,N,NA,NA,NA,NA,NA,NA,NA,NA,NA,Y,3,0,1,1,A,-,01,23152,NA,N,A,I,A,A,H,-,A,A,0,NA,NA,NA,NA,Y,Y,A,01,0,1,0,0,0,0,0,0,0,-,-,NA,NA,SAN BERNARDINO,HIGHLAND,-117.21285962,34.11351082
6830052,2015,2016-10-11,9850,2015-02-21,2020,20884,NA,6,2,9,3600,0,1,3,NA,2,044,RT 247,SANTA FE FIRE ROAD,4752,E,N,A,-,Y,SBD,8,247,-,-,34.1,H,-,N,Y,4,0,1,1,A,-,08,22107,NA,N,F,A,A,A,H,-,D,D,0,NA,NA,NA,NA,Y,NA,A,01,0,0,1,0,0,0,0,0,0,-,-,34.42161,-116.766,SAN BERNARDINO,UNINCORPORATED,-116.75338233,34.41912019
6832511,2015,2015-03-10,9860,2015-01-14,1938,19391,NA,3,2,9,3600,0,3,5,NA,2,002,ARDEN AV,CITRUS ST,114,S,N,A,-,N,NA,NA,NA,NA,NA,NA,NA,NA,NA,Y,4,0,1,2,A,-,01,23152,A,N,C,E,A,A,H,-,C,D,0,NA,NA,NA,NA,Y,Y,A,01,0,0,1,0,0,0,0,0,0,-,-,34.14345,-117.235,SAN BERNARDINO,UNINCORPORATED,-117.23494,34.14364772
6832601,2015,2016-10-14,9860,2015-01-11,0640,19269,NA,7,1,9,3600,0,1,1,NA,2,151,RT 15,KENWOOD AV,3168,N,N,B,C,Y,SBD,8,15,-,R,20.61,H,-,S,Y,4,0,1,2,A,-,03,22350,NA,N,B,C,A,B,D,H,B,D,1,NA,NA,NA,NA,Y,NA,A,01,0,0,1,0,0,0,0,0,0,-,-,34.24125,-117.4313,SAN BERNARDINO,UNINCORPORATED,-117.46518808,34.30460193
6832664,2015,2016-10-24,9860,2015-01-13,2050,19132,NA,2,2,3,3690,0,1,1,NA,2,214,RT 215,BARTON RD,81,S,N,A,-,Y,SBD,8,215,-,-,1.29,H,-,S,Y,3,0,1,1,A,-,01,23152,A,N,E,I,A,A,D,-,D,D,1,NA,NA,NA,NA,Y,Y,A,01,0,1,0,0,0,0,0,0,0,-,-,34.03358,-117.32529,SAN BERNARDINO,GRAND TERRACE,-117.32535599,34.03365246
6832687,2015,2016-09-21,9860,2015-01-15,0835,13945,NA,4,1,9,3600,0,1,1,NA,2,151,RT 15,DEVORE RD,4224,N,N,A,-,Y,SBD,8,15,-,R,15.99,H,-,S,N,4,0,1,2,A,-,03,22350,NA,N,C,C,A,A,D,-,A,D,1,NA,NA,NA,NA,Y,NA,A,01,0,0,1,0,0,0,0,0,0,-,-,34.22861,-117.41462,SAN BERNARDINO,UNINCORPORATED,-117.43785352,34.246951610000004
6839508,2015,2015-03-13,3600,2015-02-27,1839,E5343,HE133,5,5,5,3619,0,0,0,NA,0,HE5,MAIN ST,2ND AV,418,E,N,A,-,N,NA,NA,NA,NA,NA,NA,NA,NA,NA,N,4,0,1,2,A,-,03,22350,NA,N,C,C,A,A,H,-,C,D,0,NA,NA,NA,NA,Y,NA,A,01,0,0,1,0,0,0,0,0,0,-,-,NA,NA,SAN BERNARDINO,HESPERIA,-117.30348693,34.42184201
6722032,2014,2015-01-08,9835,2014-10-28,1630,17180,NA,2,2,9,3600,0,1,1,NA,2,070,RT 15,OUTLET CENTER DR,2.6,S,N,A,-,Y,NA,NA,NA,NA,NA,NA,NA,NA,NA,Y,4,0,1,1,A,-,08,22107,NA,N,E,I,A,A,H,-,A,D,0,NA,NA,NA,NA,Y,NA,A,01,0,0,1,0,0,0,0,0,0,-,-,NA,NA,SAN BERNARDINO,UNINCORPORATED,-117.09712255,34.8118332
6780534,2014,2015-01-26,3600,2014-11-29,2110,D2687,RC014,6,5,6,3616,0,0,0,NA,0,004,CHURCH ST,MALAGA DR,27,W,N,A,-,N,NA,NA,NA,NA,NA,NA,NA,NA,NA,Y,4,0,1,2,A,-,09,21801,A,N,A,C,A,A,H,-,C,A,0,NA,NA,NA,NA,Y,Y,-,NA,0,0,1,0,0,0,0,0,0,-,-,NA,NA,SAN BERNARDINO,RANCHO CUCAMONGA,-117.55064487,34.11155176
6727766,2014,2015-01-14,9830,2014-11-24,0640,19883,NA,1,1,9,3600,0,1,3,NA,1,061,RT 178,TRONA RD,5280,W,N,A,-,Y,NA,NA,178,NA,NA,NA,NA,NA,NA,Y,2,0,2,1,A,-,08,22107,NA,N,E,I,A,A,H,-,B,D,0,NA,NA,NA,NA,Y,NA,A,01,1,1,0,0,0,0,0,0,0,-,-,35.645,-117.52797,SAN BERNARDINO,UNINCORPORATED,-117.52797474,35.64504761
6732133,2014,2016-04-06,3605,2014-11-04,1120,362,NA,2,5,4,3605,0,0,0,NA,0,NA,MONTE VISTA AV,BANDERA ST,0,NA,Y,A,-,N,NA,NA,NA,NA,NA,NA,NA,NA,NA,N,4,0,1,2,A,-,09,21800,E,M,D,C,A,A,H,-,A,D,0,NA,NA,NA,NA,Y,NA,A,07,0,0,1,0,0,0,0,0,0,-,-,NA,NA,SAN BERNARDINO,MONTCLAIR,-117.69830012,34.06490004
6843789,2015,2015-03-19,3608,2015-02-17,1603,3821,NA,2,5,5,3608,0,0,0,NA,0,NA,ALABAMA ST,ORANGE AV,42,N,N,A,-,N,NA,NA,NA,NA,NA,NA,NA,NA,NA,Y,3,0,3,4,A,-,03,22350,NA,N,B,C,A,A,H,-,A,A,0,NA,NA,NA,NA,Y,NA,A,08,0,1,2,0,0,0,0,0,0,-,-,NA,NA,SAN BERNARDINO,REDLANDS,-117.20871,34.05210505
6737291,2014,2016-04-16,9855,2014-09-19,1700,017213,NA,5,2,9,3600,0,1,1,NA,2,101,RT 10,CHERRY AV,200,W,N,A,-,Y,SBD,8,10,-,-,13.13,H,-,E,Y,3,0,2,3,A,-,03,22350,NA,N,C,C,A,A,H,-,A,D,1,NA,NA,NA,NA,Y,NA,A,01,0,2,0,0,0,0,0,0,0,-,-,34.06593,-117.49066,SAN BERNARDINO,UNINCORPORATED,-117.48952633,34.06602408
6742336,2014,2014-12-30,9860,2014-10-26,1153,16646,NA,7,1,9,3600,0,3,5,NA,2,002,BASELINE ST,DWIGHT WY,10,E,N,A,-,N,NA,NA,NA,NA,NA,NA,NA,NA,NA,N,3,0,1,2,A,-,09,21802,A,N,D,C,A,A,H,-,A,A,0,NA,NA,NA,NA,Y,NA,A,01,0,1,0,0,0,0,0,0,0,-,-,NA,NA,SAN BERNARDINO,UNINCORPORATED,-117.25593706,34.12131023
6846170,2015,2016-10-10,9860,2015-01-24,0415,014777,NA,6,3,6,3610,0,1,1,NA,2,202,RT 210,WATERMAN AV,340,E,N,A,-,Y,SBD,8,210,-,R,24.28,H,-,W,N,3,0,1,2,D,-,00,NA,NA,N,G,B,E,A,H,-,D,D,1,Y,NA,NA,NA,Y,Y,-,-,0,1,0,0,1,0,0,0,0,-,-,34.14529,-117.27734,SAN BERNARDINO,SAN BERNARDINO,-117.27755119,34.14523086
6847220,2015,2015-03-24,3611,2015-01-20,1310,2387,NA,2,5,5,3611,0,0,0,NA,0,003,EUCLID AV,22ND ST,409,N,N,A,-,N,NA,NA,NA,NA,NA,NA,NA,NA,NA,Y,3,0,1,1,C,-,18,NA,NA,N,E,I,A,A,H,-,A,D,0,NA,NA,NA,NA,Y,NA,-,-,0,1,0,0,0,0,0,0,0,-,-,NA,NA,SAN BERNARDINO,UPLAND,-117.65149,34.14449093
6748031,2014,2015-01-26,9835,2014-11-21,0521,019989,NA,5,3,9,3600,0,1,1,NA,2,077,RT 15,YATES WELL RD,8818,N,N,A,-,Y,NA,NA,NA,NA,NA,NA,NA,NA,NA,Y,3,0,1,1,A,-,08,22107,NA,N,F,A,A,A,H,-,D,D,0,NA,NA,NA,NA,Y,Y,A,07,0,1,0,0,0,0,0,0,0,-,-,NA,NA,SAN BERNARDINO,UNINCORPORATED,-115.41018871,35.56362944
6849817,2015,2015-03-24,3607,2015-02-09,1609,80248,333,1,5,6,3607,0,0,0,NA,0,004,CONCOURS ST,MERCEDES LN,0,NA,Y,A,-,N,NA,NA,NA,NA,NA,NA,NA,NA,NA,Y,4,0,2,2,A,-,09,21801,A,N,D,C,A,A,H,-,A,A,0,NA,NA,NA,NA,Y,NA,-,NA,0,0,2,0,0,0,0,0,0,-,-,NA,NA,SAN BERNARDINO,ONTARIO,-117.56931008,34.07174007
6749379,2014,2015-01-29,3609,2014-12-02,1653,0356,95,2,5,5,3609,0,0,0,NA,0,001,GLENWOOD AV,BASELINE,4,S,N,C,-,N,NA,NA,NA,NA,NA,NA,NA,NA,NA,N,4,0,1,2,A,-,03,22350,NA,N,D,C,A,B,F,-,C,A,0,NA,NA,NA,NA,Y,NA,A,08,0,0,1,0,0,0,0,0,0,-,-,NA,NA,SAN BERNARDINO,RIALTO,-117.39168084,34.12129906
6852625,2015,2015-12-30,9835,2015-02-17,0550,16200,NA,2,3,9,3600,0,1,1,NA,2,074,RT 15,RASOR RD,8448,S,N,A,-,Y,SBD,8,15,-,R,122.63,H,-,S,Y,1,1,1,1,A,-,08,22107,NA,N,F,A,A,A,H,-,D,D,1,NA,NA,NA,NA,Y,NA,A,07,1,0,0,0,0,0,0,0,0,-,-,35.11889,-116.23462,SAN BERNARDINO,UNINCORPORATED,-116.23311115,35.11968721
6749471,2014,2015-02-02,3605,2014-11-26,2020,284,NA,3,5,4,3605,0,0,0,NA,0,NA,KINGSLEY ST,VERNON AV,90,W,N,A,-,N,NA,NA,NA,NA,NA,NA,NA,NA,NA,Y,4,0,1,2,A,-,08,22107,NA,N,B,C,A,A,H,-,C,A,0,NA,NA,NA,NA,Y,NA,A,01,0,0,1,0,0,0,0,0,0,-,-,NA,NA,SAN BERNARDINO,MONTCLAIR,-117.68547639,34.06673723
6852860,2015,2015-03-23,3610,2015-02-11,1749,50682,NA,3,5,6,3610,0,0,0,NA,0,NA,N STERLING,E MARSHALL BL,0,NA,Y,A,-,N,NA,NA,NA,NA,NA,NA,NA,NA,NA,Y,3,0,1,2,A,-,06,21750,1,N,B,C,A,A,-,-,C,D,0,NA,NA,Y,NA,Y,NA,C,02,0,1,0,0,0,0,0,0,1,-,-,NA,NA,SAN BERNARDINO,SAN BERNARDINO,-117.24371008,34.14944002
6853487,2014,2015-03-26,9855,2014-10-23,0735,11738,NA,4,1,6,3616,0,1,1,NA,2,203,RT 210,CARNELIAN ST,800,E,N,A,-,Y,NA,NA,NA,NA,NA,NA,NA,NA,NA,Y,3,0,2,3,A,-,03,22350,NA,N,C,C,A,A,H,-,A,D,0,NA,NA,NA,NA,Y,NA,A,01,0,1,1,0,0,0,0,0,0,-,-,34.1385,-117.6158,SAN BERNARDINO,RANCHO CUCAMONGA,-117.61361343,34.13509263
6853643,2014,2015-03-20,9855,2014-10-25,0004,20006,NA,6,3,6,3607,0,1,1,NA,2,152,RT 15,AIRPORT DR,1500,N,N,A,-,Y,NA,NA,NA,NA,NA,NA,NA,NA,NA,Y,4,0,1,1,A,-,08,22107,NA,N,E,I,A,A,H,-,C,D,0,NA,NA,NA,NA,Y,NA,A,07,0,0,1,0,0,0,0,0,0,TO,-,34.06472,-117.54294,SAN BERNARDINO,ONTARIO,-117.54494955,34.06677054
6853651,2014,2015-03-20,9855,2014-10-23,0720,012480,NA,4,1,6,3607,0,1,1,NA,2,152,RT 15,PHILADELPHIA ST,1584,N,N,A,-,Y,NA,NA,15,NA,NA,NA,NA,NA,NA,N,4,0,1,2,A,-,04,21703,NA,N,C,C,A,A,H,-,A,D,0,NA,NA,NA,NA,Y,NA,A,01,0,0,1,0,0,0,0,0,0,-,-,34.03475,-117.55012,SAN BERNARDINO,ONTARIO,-117.54999366,34.03475055
6853659,2014,2015-03-20,9855,2014-10-27,0620,012923,NA,1,1,4,3605,0,1,1,NA,2,103,RT 10,MONTE VISTA AV,565,E,N,A,-,Y,NA,NA,10,NA,NA,NA,NA,NA,NA,N,4,0,1,2,A,-,03,22350,NA,N,C,C,A,A,H,-,D,D,0,NA,NA,NA,NA,Y,NA,A,01,0,0,1,0,0,0,0,0,0,-,-,34.08406,-117.69345,SAN BERNARDINO,MONTCLAIR,-117.69340621,34.08396023
6854032,2014,2015-03-20,3609,2014-12-29,1742,9632,151,1,5,5,3609,0,0,0,NA,0,004,RIVERSIDE AV,SOUTH ST,98,N,N,A,-,N,NA,NA,NA,NA,NA,NA,NA,NA,NA,Y,1,1,0,2,A,-,05,21650,1,N,H,G,A,A,H,-,C,D,0,NA,Y,NA,NA,Y,NA,L,04,0,0,0,0,0,1,0,0,0,-,-,NA,NA,SAN BERNARDINO,RIALTO,-117.37036,34.0943585
6854168,2014,2015-04-14,3610,2014-05-31,1546,50601,NA,6,5,6,3610,0,0,0,NA,0,NA,RT 18,MPM 10,0,NA,-,A,-,Y,SBD,8,18,-,R,13.31,H,-,N,Y,1,1,1,2,A,-,05,21651,B,N,A,C,A,A,C,-,A,D,0,NA,NA,NA,NA,Y,NA,A,07,1,0,0,0,0,0,0,0,0,-,-,NA,NA,SAN BERNARDINO,SAN BERNARDINO,-117.29116296,34.21731572
6854186,2014,2016-01-12,3610,2014-08-08,0935,50732,NA,5,5,6,3610,0,0,0,NA,0,NA,W BASELINE ST,MT VIEW AV,82,W,N,A,-,N,NA,NA,NA,NA,NA,NA,NA,NA,NA,Y,1,1,0,3,A,-,03,22350,NA,N,B,C,A,A,H,-,A,A,0,NA,NA,Y,NA,Y,NA,C,02,0,0,0,0,0,0,0,1,0,-,-,NA,NA,SAN BERNARDINO,SAN BERNARDINO,-117.28768011,34.121340000000004
6854203,2014,2016-01-12,3604,2014-10-17,2207,680,NA,5,5,6,3604,0,0,0,NA,0,NA,BEECH AV,DURANGO AV,125,N,N,A,-,N,NA,NA,NA,NA,NA,NA,NA,NA,NA,Y,1,1,1,1,A,-,03,22350,NA,N,E,I,A,A,H,-,C,D,0,NA,NA,NA,NA,Y,NA,A,01,1,0,0,0,0,0,0,0,0,-,-,NA,NA,SAN BERNARDINO,FONTANA,-117.46951855,34.14599565
6753116,2014,2015-01-23,9865,2014-11-16,1314,20822,NA,7,1,9,3600,0,3,5,NA,2,003,OAK LN,CYPRESS LN,0,NA,Y,A,-,N,NA,NA,NA,NA,NA,NA,NA,NA,NA,N,4,0,1,2,A,-,09,21800,A,N,D,C,A,A,H,-,A,D,0,NA,NA,NA,NA,Y,NA,D,22,0,0,1,0,0,0,0,0,0,-,-,34.24512,-116.79623,SAN BERNARDINO,UNINCORPORATED,-116.79625008,34.24509009
6854482,2015,2015-05-13,3610,2015-01-24,0205,50779,NA,6,5,6,3610,0,0,0,NA,0,NA,EAST HIGHLAND AV,GOLDEN AV N,0,NA,Y,A,-,N,NA,NA,NA,NA,NA,NA,NA,NA,NA,Y,1,1,1,1,A,-,08,22107,NA,N,F,I,A,A,H,-,C,A,0,NA,NA,NA,NA,Y,NA,A,01,1,0,0,0,0,0,0,0,0,-,-,NA,NA,SAN BERNARDINO,SAN BERNARDINO,-117.26112014,34.13587002
6854551,2015,2015-07-15,9860,2015-05-05,0750,020393,NA,2,1,9,3600,0,1,1,NA,2,216,RT 215,DEVORE RD,300,N,N,B,-,Y,SBD,8,215,-,-,17.14,H,-,N,Y,1,1,0,2,A,-,07,21658,A,N,B,C,A,A,D,-,A,D,1,NA,NA,NA,NA,Y,NA,A,01,0,0,0,0,0,0,0,0,0,-,-,34.22312,-117.40446,SAN BERNARDINO,UNINCORPORATED,-117.40025683,34.22122681
6809341,2015,2015-03-03,3610,2015-01-17,1204,50749,NA,6,5,6,3610,0,0,0,NA,0,NA,E 9TH ST,N VALENCIA AV,0,NA,N,A,-,N,NA,NA,NA,NA,NA,NA,NA,NA,NA,N,3,0,1,1,A,-,-,NA,NA,N,E,I,A,A,H,-,A,D,0,NA,NA,NA,NA,Y,NA,A,01,0,1,0,0,0,0,0,0,0,-,-,NA,NA,SAN BERNARDINO,SAN BERNARDINO,-117.27175011,34.11576011
6810891,2014,2015-02-17,3607,2014-11-25,1710,80474,62,2,5,6,3607,0,0,0,NA,0,001,CAMPUS AV,J ST,0,NA,Y,A,-,N,NA,NA,NA,NA,NA,NA,NA,NA,NA,Y,4,0,1,2,A,-,03,22350,NA,N,C,C,A,A,H,-,C,A,0,NA,NA,NA,NA,Y,NA,-,NA,0,0,1,0,0,0,0,0,0,-,-,NA,NA,SAN BERNARDINO,ONTARIO,-117.64138003,34.07612008
6859857,2015,2015-03-27,3611,2015-01-27,1803,2062,NA,2,5,5,3611,0,0,0,NA,0,001,EUCLID AV,16TH ST,30,N,N,C,-,N,NA,NA,NA,NA,NA,NA,NA,NA,NA,Y,3,0,1,2,A,-,03,22350,NA,N,C,C,A,B,H,-,C,A,0,NA,NA,NA,NA,Y,NA,A,01,0,1,0,0,0,0,0,0,0,-,-,NA,NA,SAN BERNARDINO,UPLAND,-117.6514,34.12163222
6861373,2015,2016-03-08,3608,2015-02-09,1730,3905,NA,1,5,5,3608,0,0,0,NA,0,NA,ALABAMA ST,CITRUS PL,0,NA,Y,A,-,N,NA,NA,NA,NA,NA,NA,NA,NA,NA,N,4,0,1,2,A,-,10,21950,A,M,D,G,A,A,H,-,A,D,0,NA,Y,NA,NA,Y,NA,A,01,0,0,1,0,0,0,1,0,0,-,-,NA,NA,SAN BERNARDINO,REDLANDS,-117.20875005,34.07190002
6861378,2015,2015-04-08,3600,2015-02-13,2320,E3900,VC055,5,5,5,3612,0,0,0,NA,0,005,ARLETTE DR,SENECA RD,0,N,N,A,-,N,NA,NA,NA,NA,NA,NA,NA,NA,NA,N,3,0,1,2,-,-,-,NA,NA,F,G,B,E,A,H,-,C,-,0,Y,NA,NA,NA,Y,NA,-,-,0,1,0,0,1,0,0,0,0,-,-,NA,NA,SAN BERNARDINO,VICTORVILLE,-117.33674014,34.51417003
6813925,2014,2015-03-09,3611,2014-10-28,1656,1629,NA,2,5,5,3611,0,0,0,NA,0,002,ARROW HWY,SAN ANTONIO AV,24,W,N,A,-,N,NA,NA,NA,NA,NA,NA,NA,NA,NA,N,4,0,1,2,A,-,03,22350,NA,N,C,C,A,A,H,-,A,A,0,NA,NA,NA,NA,Y,NA,A,01,0,0,1,0,0,0,0,0,0,-,-,NA,NA,SAN BERNARDINO,UPLAND,-117.66085904,34.09969832
6817298,2015,2015-03-02,9850,2015-01-31,1255,17730,NA,6,1,9,3600,0,2,4,NA,2,066,PHELAN RD,ANDERSON RANCH RD,0,NA,Y,B,-,N,NA,NA,NA,NA,NA,NA,NA,NA,NA,Y,4,0,6,4,A,-,03,22350,NA,N,C,C,A,A,H,-,A,D,0,NA,NA,NA,NA,Y,NA,A,01,0,0,6,0,0,0,0,0,0,-,-,34.42655,-117.53199,SAN BERNARDINO,UNINCORPORATED,-117.53191006,34.42654004
6817633,2014,2015-02-24,3607,2014-12-30,0830,80481,287,2,5,6,3607,0,0,0,NA,0,061,CAMPUS AV,STATE ST,150,S,N,B,-,N,NA,NA,NA,NA,NA,NA,NA,NA,NA,N,4,0,4,2,A,-,03,22350,NA,N,C,C,A,A,H,-,A,D,0,NA,NA,NA,NA,Y,NA,-,NA,0,0,4,0,0,0,0,0,0,-,-,NA,NA,SAN BERNARDINO,ONTARIO,-117.64132762,34.0597392
6869812,2015,2016-09-06,3602,2015-02-02,2007,3054,NA,1,5,5,3602,0,0,0,NA,0,002,CENTRAL AV,RT 60,50,S,N,A,-,Y,SBD,8,60,-,R,2.552,R,4,E,N,4,0,1,2,A,-,03,22350,NA,N,C,C,A,A,H,-,C,A,0,NA,NA,NA,NA,Y,NA,A,01,0,0,1,0,0,0,0,0,0,-,EO,NA,NA,SAN BERNARDINO,CHINO,-117.68619234,34.03022156
6869816,2015,2015-04-14,3602,2015-02-04,1744,2962,NA,3,5,5,3602,0,0,0,NA,0,001,RAMONA AV,WILSON AV,471,N,N,A,-,N,NA,NA,NA,NA,NA,NA,NA,NA,NA,Y,4,0,1,3,A,-,03,22350,NA,N,C,C,A,A,H,-,C,D,0,NA,NA,NA,NA,Y,NA,A,01,0,0,1,0,0,0,0,0,0,-,-,NA,NA,SAN BERNARDINO,CHINO,-117.70679943,34.02311083
6870742,2015,2016-10-13,3607,2015-03-05,1300,80131,311,4,5,6,3607,0,0,0,NA,0,MILL,MILLIKEN AV,RT 10,0,NA,Y,A,-,Y,SBD,8,10,-,-,8.987,R,4,W,Y,3,0,2,2,A,-,07,21658,A,N,C,C,A,A,H,-,A,A,0,NA,NA,NA,NA,Y,NA,-,NA,0,2,0,0,0,0,0,0,0,-,-,NA,NA,SAN BERNARDINO,ONTARIO,-117.56149191,34.06758939