CASE_ID,ACCIDENT_YEAR,PROC_DATE,JURIS,COLLISION_DATE,COLLISION_TIME,OFFICER_ID,REPORTING_DISTRICT,DAY_OF_WEEK,CHP_SHIFT,POPULATION,CNTY_CITY_LOC,SPECIAL_COND,BEAT_TYPE,CHP_BEAT_TYPE,CITY_DIVISION_LAPD,CHP_BEAT_CLASS,BEAT_NUMBER,PRIMARY_RD,SECONDARY_RD,DISTANCE,DIRECTION,INTERSECTION,WEATHER_1,WEATHER_2,STATE_HWY_IND,CALTRANS_COUNTY,CALTRANS_DISTRICT,STATE_ROUTE,ROUTE_SUFFIX,POSTMILE_PREFIX,POSTMILE,LOCATION_TYPE,RAMP_INTERSECTION,SIDE_OF_HWY,TOW_AWAY,COLLISION_SEVERITY,NUMBER_KILLED,NUMBER_INJURED,PARTY_COUNT,PRIMARY_COLL_FACTOR,PCF_CODE_OF_VIOL,PCF_VIOL_CATEGORY,PCF_VIOLATION,PCF_VIOL_SUBSECTION,HIT_AND_RUN,TYPE_OF_COLLISION,MVIW,PED_ACTION,ROAD_SURFACE,ROAD_COND_1,ROAD_COND_2,LIGHTING,CONTROL_DEVICE,CHP_ROAD_TYPE,PEDESTRIAN_ACCIDENT,BICYCLE_ACCIDENT,MOTORCYCLE_ACCIDENT,TRUCK_ACCIDENT,NOT_PRIVATE_PROPERTY,ALCOHOL_INVOLVED,STWD_VEHTYPE_AT_FAULT,CHP_VEHTYPE_AT_FAULT,COUNT_SEVERE_INJ,COUNT_VISIBLE_INJ,COUNT_COMPLAINT_PAIN,COUNT_PED_KILLED,COUNT_PED_INJURED,COUNT_BICYCLIST_KILLED,COUNT_BICYCLIST_INJURED,COUNT_MC_KILLED,COUNT_MC_INJURED,PRIMARY_RAMP,SECONDARY_RAMP,LATITUDE,LONGITUDE,COUNTY,CITY,POINT_X,POINT_Y
7044396,2015,2016-12-20,9860,2015-02-22,1645,1684,NA,7,2,5,3609,0,1,1,NA,2,102,RT 10,RIVERSIDE AV,1584,W,N,A,-,Y,SBD,8,10,-,-,19.63,H,-,E,Y,4,0,2,2,A,-,03,22350,NA,N,C,C,A,A,H,-,A,D,1,NA,NA,NA,NA,Y,NA,A,01,0,0,2,0,0,0,0,0,0,-,-,34.06851,-117.37602,SAN BERNARDINO,RIALTO,-117.376246,34.06842643
7044397,2015,2017-02-03,9860,2015-07-22,0950,16821,NA,3,1,3,3615,0,1,1,NA,2,104,RT 10,REDLANDS,100,E,N,B,-,Y,SBD,8,10,-,-,27.66,H,-,W,Y,4,0,1,4,A,-,03,22350,NA,N,C,C,A,A,H,-,A,D,1,NA,NA,NA,NA,Y,NA,A,01,0,0,1,0,0,0,0,0,0,-,-,34.06676,-117.23789,SAN BERNARDINO,LOMA LINDA,-117.23759547,34.06673931
7044732,2015,2017-01-14,9860,2015-08-01,1530,13665,NA,6,2,6,3610,0,1,1,NA,2,201,RT 210,STATE ST,2000,W,N,A,-,Y,SBD,8,210,-,-,20.34,H,-,E,N,4,0,1,3,A,-,04,21703,NA,N,C,C,A,A,C,-,A,D,1,NA,NA,NA,NA,Y,NA,D,22,0,0,1,0,0,0,0,0,0,-,-,34.13474,-117.34204,SAN BERNARDINO,SAN BERNARDINO,-117.34200242,34.13474618
6994264,2015,2015-07-30,3600,2015-06-29,0129,C9499,YC103,1,5,4,3640,0,0,0,NA,0,YC1,YUCAIPA BL,13TH ST,486,E,N,A,-,N,NA,NA,NA,NA,NA,NA,NA,NA,NA,N,4,0,1,1,A,-,01,23152,A,N,E,I,A,A,H,-,C,A,0,NA,NA,NA,NA,Y,Y,A,07,0,0,1,0,0,0,0,0,0,-,-,NA,NA,SAN BERNARDINO,YUCAIPA,-117.08946121,34.03394639
7044997,2015,2016-12-08,9860,2015-06-12,1501,20282,NA,5,2,4,3640,0,1,1,NA,2,106,RT 10,LIVE OAK CANYON RD,795,W,N,A,-,Y,SBD,8,10,-,R,36.88,H,-,E,Y,3,0,3,2,A,-,03,22350,NA,N,C,C,A,A,H,-,A,D,1,NA,NA,NA,NA,Y,NA,A,08,0,1,2,0,0,0,0,0,0,-,-,34.01779,-117.09839,SAN BERNARDINO,YUCAIPA,-117.09819584,34.01795613
7045171,2015,2015-09-09,3600,2015-08-14,2129,A3285,VC068,5,5,5,3612,0,0,0,NA,0,VC4,BEAR VALLEY RD,CANTINA RD,24,NA,N,A,-,N,NA,NA,NA,NA,NA,NA,NA,NA,NA,N,3,0,1,2,A,-,11,21954,A,N,G,-,E,-,H,-,D,D,0,Y,NA,NA,NA,Y,NA,N,60,0,1,0,0,1,0,0,0,0,-,-,NA,NA,SAN BERNARDINO,VICTORVILLE,-117.39507013,34.47035004
6995282,2015,2015-08-17,9855,2015-01-29,1410,17570,NA,4,2,9,3600,0,3,5,NA,2,001,CHERRY AV,ANDEL DR,0,NA,Y,B,-,N,NA,NA,NA,NA,NA,NA,NA,NA,NA,Y,4,0,2,2,A,-,09,21801,A,N,D,C,A,A,H,-,A,D,0,NA,NA,NA,NA,Y,NA,A,01,0,0,2,0,0,0,0,0,0,-,-,34.07542,-117.48858,SAN BERNARDINO,UNINCORPORATED,-117.48891005,34.07547011
6934008,2015,2015-06-04,3607,2015-04-26,1623,80491,98,7,5,6,3607,0,0,0,NA,0,012,MOUNTAIN AV,G ST,10,N,N,A,-,N,NA,NA,NA,NA,NA,NA,NA,NA,NA,N,4,0,1,2,A,-,03,22350,NA,N,C,C,A,A,H,-,A,A,0,NA,NA,NA,NA,Y,NA,-,NA,0,0,1,0,0,0,0,0,0,-,-,NA,NA,SAN BERNARDINO,ONTARIO,-117.67008,34.07059741
7045667,2015,2015-09-14,3607,2015-07-29,1331,80313,13,3,5,6,3607,0,0,0,NA,0,021,6TH ST,HOLMES AV,0,NA,Y,A,-,N,NA,NA,NA,NA,NA,NA,NA,NA,NA,Y,4,0,3,2,A,-,03,22350,NA,N,C,C,A,A,H,-,A,D,0,NA,NA,NA,NA,Y,NA,-,NA,0,0,3,0,0,0,0,0,0,-,-,NA,NA,SAN BERNARDINO,ONTARIO,-117.63330003,34.08523005
7045714,2015,2015-09-10,3607,2015-07-17,1546,80489,3607,5,5,6,3607,0,0,0,NA,0,031,5TH ST,GROVE AV,500,E,N,A,-,N,NA,NA,NA,NA,NA,NA,NA,NA,NA,N,4,0,1,2,A,-,08,22107,NA,N,B,C,A,A,H,-,A,-,0,NA,NA,NA,NA,Y,NA,-,NA,0,0,1,0,0,0,0,0,0,-,-,NA,NA,SAN BERNARDINO,ONTARIO,-117.62691321,34.08125001
7047161,2015,2015-09-15,3611,2015-06-19,1137,3009,3611,5,5,5,3611,0,0,0,NA,0,001,FOOTHILL BL,MOUNTAIN AV,368,E,N,A,-,N,NA,NA,NA,NA,NA,NA,NA,NA,NA,Y,4,0,1,2,A,-,09,21804,A,N,A,C,A,A,H,-,A,A,0,NA,NA,NA,NA,Y,NA,A,01,0,0,1,0,0,0,0,0,0,-,-,NA,NA,SAN BERNARDINO,UPLAND,-117.66898748,34.10696
7047291,2015,2016-11-14,9860,2015-06-12,1320,019269,NA,5,1,9,3600,0,1,1,NA,2,152,RT 15,OAK HILL RD,2640,S,N,A,-,Y,SBD,8,15,-,R,25.7,H,-,S,N,4,0,1,2,A,-,03,22350,NA,F,C,C,A,A,D,H,A,D,1,NA,NA,NA,NA,Y,NA,-,99,0,0,1,0,0,0,0,0,0,-,-,34.34443,-117.45716,SAN BERNARDINO,UNINCORPORATED,-117.45006963,34.34633903
7050056,2015,2015-12-30,3600,2015-08-11,0825,B5753,AP005,2,5,5,3621,0,0,0,NA,0,AP1,APPLE VALLEY RD,CHAMBER LN,0,NA,Y,A,-,N,NA,NA,NA,NA,NA,NA,NA,NA,NA,Y,4,0,1,2,A,-,03,22350,NA,N,C,C,A,A,H,-,A,A,0,NA,NA,NA,NA,Y,NA,A,01,0,0,1,0,0,0,0,0,0,-,-,NA,NA,SAN BERNARDINO,APPLE VALLEY,-117.25576005,34.52683007
7050272,2015,2017-01-13,9865,2015-08-22,0955,019929,NA,6,1,9,3600,0,1,3,NA,1,010,RT 18,USFS RD 2N40,1230,N,N,A,-,Y,SBD,8,18,-,-,15.2,H,-,N,Y,2,0,1,1,A,-,03,22350,NA,N,F,A,A,A,H,-,A,D,0,NA,NA,Y,NA,Y,NA,C,02,1,0,0,0,0,0,0,0,1,-,-,NA,NA,SAN BERNARDINO,UNINCORPORATED,-117.30101255,34.22489322
7050449,2015,2016-12-08,9860,2015-06-29,2330,16658,NA,1,3,4,3640,0,1,1,NA,2,106,RT 10,LIVE OAK CANYON RD,2640,E,N,A,-,Y,SBD,8,10,-,R,37.53,H,-,W,N,3,0,1,1,C,-,18,NA,NA,N,E,J,A,A,H,-,D,D,1,NA,NA,Y,NA,Y,NA,-,-,0,1,0,0,0,0,0,0,1,-,-,34.0151,-117.08566,SAN BERNARDINO,YUCAIPA,-117.08746357,34.01535523
7050520,2015,2015-09-19,3600,2015-08-20,1051,B6346,YC101,4,5,4,3640,0,0,0,NA,0,NA,SAND CANYON RD,CAMPUS DR,0,NA,Y,A,-,N,NA,NA,NA,NA,NA,NA,NA,NA,NA,N,4,0,1,2,A,-,03,22350,NA,N,C,C,A,A,H,-,A,A,0,NA,NA,NA,NA,Y,NA,A,01,0,0,1,0,0,0,0,0,0,-,-,NA,NA,SAN BERNARDINO,YUCAIPA,-117.10664001,34.04032003
7050556,2015,2015-09-19,3602,2015-08-20,1159,3172,NA,4,5,5,3602,0,0,0,NA,0,004,MOUNTAIN AV,RIVERSIDE DR,0,NA,N,A,-,N,NA,NA,NA,NA,NA,NA,NA,NA,NA,Y,4,0,2,2,D,-,00,NA,NA,N,D,C,A,A,H,-,A,A,0,NA,NA,NA,NA,Y,NA,-,-,0,0,2,0,0,0,0,0,0,-,-,NA,NA,SAN BERNARDINO,CHINO,-117.66755012,34.01920012
7050663,2015,2016-01-04,3600,2015-08-28,1254,D4321,AP008,5,5,5,3621,0,0,0,NA,0,AP3,SITTING BULL RD,RINCON RD,0,NA,Y,A,-,N,NA,NA,NA,NA,NA,NA,NA,NA,NA,N,4,0,1,2,A,-,09,21801,A,N,D,C,A,A,H,-,A,A,0,NA,NA,NA,NA,Y,NA,D,22,0,0,1,0,0,0,0,0,0,-,-,NA,NA,SAN BERNARDINO,APPLE VALLEY,-117.22440003,34.48595004
6934011,2015,2015-06-04,3607,2015-04-27,0655,15035,950,1,5,6,3607,0,0,0,NA,0,021,CAMPUS AV,DEODAR ST,200,N,N,A,-,N,NA,NA,NA,NA,NA,NA,NA,NA,NA,N,4,0,1,2,A,-,08,22107,NA,N,D,G,A,A,H,-,A,D,0,NA,Y,NA,NA,Y,NA,L,04,0,0,1,0,0,0,1,0,0,-,-,NA,NA,SAN BERNARDINO,ONTARIO,-117.64142712,34.0866381
6934019,2015,2015-06-04,3607,2015-04-19,2119,80482,149,7,5,6,3607,0,0,0,NA,0,012,HOLT BL,BONITA CT,20,W,N,A,-,N,NA,NA,NA,NA,NA,NA,NA,NA,NA,Y,4,0,1,2,A,-,04,21703,NA,N,C,C,A,A,H,-,C,D,0,NA,NA,NA,NA,Y,NA,-,NA,0,0,1,0,0,0,0,0,0,-,-,NA,NA,SAN BERNARDINO,ONTARIO,-117.65777586,34.06334
6935784,2015,2015-07-01,9850,2015-05-04,0530,19278,NA,1,3,9,3600,0,3,5,NA,2,005,ASTER RD,LUPIN RD,681,N,N,A,-,N,NA,NA,NA,NA,NA,NA,NA,NA,NA,Y,2,0,5,1,A,-,08,22107,NA,N,E,I,A,A,H,-,B,A,0,NA,NA,NA,NA,Y,NA,D,22,3,2,0,0,0,0,0,0,0,-,-,34.53403,-117.43471,SAN BERNARDINO,UNINCORPORATED,-117.43470083,34.53404585
7056134,2015,2015-09-30,3600,2015-09-07,1831,C2706,HI001,1,5,4,3618,0,0,0,NA,0,001,STERLING AV,6TH ST,0,NA,Y,A,-,N,NA,NA,NA,NA,NA,NA,NA,NA,NA,Y,4,0,1,2,A,-,09,21801,A,N,D,C,A,A,H,-,A,A,0,NA,NA,NA,NA,Y,NA,-,NA,0,0,1,0,0,0,0,0,0,-,-,NA,NA,SAN BERNARDINO,HIGHLAND,-117.24369014,34.11018004
7056885,2015,2015-12-01,3602,2015-09-28,0900,3663,2,1,5,5,3602,0,0,0,NA,0,003,CHINO AV,MCKINNEY AV,0,NA,Y,A,-,N,NA,NA,NA,NA,NA,NA,NA,NA,NA,Y,3,0,1,2,A,-,09,21801,A,N,D,C,A,A,H,-,A,A,0,NA,NA,Y,NA,Y,NA,A,01,0,1,0,0,0,0,0,0,1,-,-,NA,NA,SAN BERNARDINO,CHINO,-117.72847013,34.01157009
7057070,2015,2015-10-19,3604,2015-09-02,1809,907,NA,3,5,6,3604,0,0,0,NA,0,NA,SLOVER AV,BUSINESS DR,86,W,N,A,-,N,NA,NA,NA,NA,NA,NA,NA,NA,NA,Y,3,0,1,3,A,-,08,22107,NA,F,G,B,D,A,H,-,A,D,0,Y,NA,NA,NA,Y,NA,A,01,0,1,0,0,1,0,0,0,0,-,-,NA,NA,SAN BERNARDINO,FONTANA,-117.50958315,34.06275808
7057071,2015,2015-10-19,3609,2015-09-11,0715,1041,096,5,5,5,3609,0,0,0,NA,0,001,WALNUT AV,LILAC AV,0,NA,Y,A,-,N,NA,NA,NA,NA,NA,NA,NA,NA,NA,Y,3,0,2,3,A,-,03,22350,NA,N,D,C,A,A,H,-,A,A,0,NA,NA,NA,NA,Y,NA,A,07,0,1,1,0,0,0,0,0,0,-,-,NA,NA,SAN BERNARDINO,RIALTO,-117.3792,34.12863011
6939863,2015,2015-06-16,3600,2015-05-10,1955,D9572,GT005,7,5,3,3690,0,0,0,NA,0,GT1,BARTON RD,PALM AV,0,NA,Y,A,-,N,NA,NA,NA,NA,NA,NA,NA,NA,NA,Y,3,0,3,2,A,-,01,23152,A,N,D,C,A,A,H,-,C,A,0,NA,NA,NA,NA,Y,Y,A,01,0,2,1,0,0,0,0,0,0,-,-,NA,NA,SAN BERNARDINO,GRAND TERRACE,-117.31090005,34.03397004
7058257,2015,2016-12-12,9855,2015-05-31,1745,20664,NA,7,2,6,3607,0,1,1,NA,2,101,RT 10,MILLIKEN AV,500,E,N,A,-,Y,SBD,8,10,-,-,9.27,H,-,E,Y,3,0,5,3,A,-,03,22350,NA,N,C,C,A,A,H,-,A,D,1,NA,NA,NA,NA,Y,NA,A,01,0,1,4,0,0,0,0,0,0,-,-,34.0674,-117.55431,SAN BERNARDINO,ONTARIO,-117.55656243,34.06737262
6949501,2015,2016-10-05,9855,2015-02-28,2206,20460,NA,6,3,5,3630,0,1,3,NA,2,071,RT 71,RAMONA AV,201,S,N,C,-,Y,SBD,8,71,-,R,3.63,H,-,S,Y,4,0,1,1,A,-,03,22350,NA,N,E,I,A,B,H,-,C,D,1,NA,NA,NA,NA,Y,NA,A,01,0,0,1,0,0,0,0,0,0,-,-,33.97979,-117.70476,SAN BERNARDINO,CHINO HILLS,-117.70548677,33.98019611
7058567,2015,2016-12-12,9855,2015-05-31,1945,19462,NA,7,2,6,3607,0,1,1,NA,2,101,RT 10,MILLIKEN AV,1000,W,N,A,-,Y,SBD,8,10,-,-,8.99,H,-,E,N,4,0,2,2,A,-,03,22350,NA,F,C,C,A,A,H,-,B,D,1,NA,NA,NA,NA,Y,NA,A,01,0,0,2,0,0,0,0,0,0,-,-,34.06732,-117.56011,SAN BERNARDINO,ONTARIO,-117.56144805,34.06738712
7058750,2015,2016-11-18,9855,2015-06-03,1220,12923,NA,3,1,4,3605,0,1,1,NA,2,103,RT 10,MONTE VISTA AV,135,W,N,A,-,Y,SBD,8,10,-,-,0.65,H,-,W,N,4,0,1,2,A,-,07,21658,A,F,B,C,A,A,H,-,A,D,1,NA,NA,NA,NA,Y,NA,A,01,0,0,1,0,0,0,0,0,0,-,-,34.08215,-117.69949,SAN BERNARDINO,MONTCLAIR,-117.69916248,34.08212073
7013961,2015,2015-08-10,9855,2015-05-04,1143,012923,NA,1,1,9,3600,0,3,5,NA,2,001,ARROW BL,ALMERIA AV,150,W,N,A,-,N,NA,NA,NA,NA,NA,NA,NA,NA,NA,Y,4,0,2,2,A,-,09,21801,A,N,D,C,A,A,H,-,A,D,0,NA,NA,NA,NA,Y,NA,A,01,0,0,2,0,0,0,0,0,0,-,-,34.09923,-117.46106,SAN BERNARDINO,UNINCORPORATED,-117.46076406,34.09929731
7059285,2015,2015-10-08,3609,2015-09-19,2003,9632,158,6,5,5,3609,0,0,0,NA,0,003,MERRILL AV,SPRUCE AV,0,NA,Y,A,-,N,NA,NA,NA,NA,NA,NA,NA,NA,NA,Y,4,0,3,2,A,-,09,21802,A,N,A,C,A,A,H,-,C,A,0,NA,NA,NA,NA,Y,NA,A,07,0,0,3,0,0,0,0,0,0,-,-,NA,NA,SAN BERNARDINO,RIALTO,-117.38777005,34.09225
7059614,2015,2016-12-12,9855,2015-05-26,0740,12923,NA,2,1,6,3607,0,1,1,NA,2,103,RT 10,VINEYARD AV,426,W,N,B,-,Y,SBD,8,10,-,-,6.02,H,-,E,Y,4,0,1,3,A,-,03,22350,NA,N,C,C,A,A,H,-,A,D,1,NA,NA,NA,NA,Y,NA,A,01,0,0,1,0,0,0,0,0,0,-,-,34.07105,-117.61258,SAN BERNARDINO,ONTARIO,-117.61230055,34.0711598
7059756,2015,2015-10-20,3601,2015-09-12,1746,55,3601,6,5,3,3601,0,0,0,NA,0,NA,OPAL ST,ARMORY RD,0,NA,Y,A,-,N,NA,NA,NA,NA,NA,NA,NA,NA,NA,N,4,0,3,2,A,-,03,22350,NA,M,C,C,A,A,H,-,A,A,0,NA,NA,NA,NA,Y,NA,A,01,0,0,3,0,0,0,0,0,0,-,-,NA,NA,SAN BERNARDINO,BARSTOW,-117.00226002,34.88397009
7018325,2015,2015-12-03,3600,2015-07-14,1604,C3501,AP015,2,5,5,3621,0,0,0,NA,0,AP4,CENTRAL RD,OTTAWA RD,0,NA,Y,A,-,N,NA,NA,NA,NA,NA,NA,NA,NA,NA,Y,4,0,1,2,A,-,09,21800,B,N,D,C,A,A,H,-,A,A,0,NA,NA,NA,NA,Y,NA,A,01,0,0,1,0,0,0,0,0,0,-,-,NA,NA,SAN BERNARDINO,APPLE VALLEY,-117.17269008,34.49342008
7020251,2015,2015-08-28,3604,2015-07-11,0111,768,NA,6,5,6,3604,0,0,0,NA,0,NA,GRAND AV,WEST CONSTITUTION WY,680,N,N,A,-,N,NA,NA,NA,NA,NA,NA,NA,NA,NA,Y,4,0,1,1,A,-,03,22350,NA,N,H,J,A,A,H,-,C,D,0,NA,NA,Y,NA,Y,NA,C,02,0,0,1,0,0,0,0,0,1,-,-,NA,NA,SAN BERNARDINO,FONTANA,-117.5006021,34.11324577
7062303,2015,2017-01-11,9855,2015-08-31,0745,12923,NA,1,1,6,3604,0,1,1,NA,2,101,RT 10,RT 15,765,E,N,A,-,Y,SBD,8,10,-,-,10.08,H,-,W,N,4,0,1,2,A,-,03,22350,NA,N,C,C,A,A,H,-,A,D,1,NA,NA,NA,NA,Y,NA,D,23,0,0,1,0,0,0,0,0,0,-,-,34.0676,-117.54212,SAN BERNARDINO,FONTANA,-117.54242976,34.06748629
7023893,2015,2015-08-25,3604,2015-07-23,1653,683,NA,4,5,6,3604,0,0,0,NA,0,003,VALLEY,HEALTHCARE PKWY,353,E,N,A,-,N,NA,NA,NA,NA,NA,NA,NA,NA,NA,N,4,0,1,2,A,-,03,22350,NA,N,C,C,A,A,H,-,A,D,0,NA,NA,NA,NA,Y,NA,D,22,0,0,1,0,0,0,0,0,0,-,-,NA,NA,SAN BERNARDINO,FONTANA,-117.42816784,34.07041
7062879,2015,2017-01-10,9860,2015-08-14,0155,19251,NA,5,3,4,3618,0,1,1,NA,2,203,RT 210,5TH ST,1290,W,N,A,-,Y,SBD,8,210,-,R,29.99,H,-,E,Y,3,0,1,2,A,-,01,23152,A,N,B,C,A,A,H,-,D,D,1,NA,NA,NA,NA,Y,Y,A,01,0,1,0,0,0,0,0,0,0,-,-,34.11192,-117.19969,SAN BERNARDINO,HIGHLAND,-117.19956102,34.1117036
7063407,2015,2015-11-20,9860,2015-08-31,1830,017784,NA,1,2,9,3600,0,3,5,NA,2,003,TIPPECANOE AV,3RD ST,0,NA,Y,A,-,N,NA,NA,NA,NA,NA,NA,NA,NA,NA,Y,4,0,2,2,A,-,12,21453,A,N,D,C,A,A,H,-,A,A,0,NA,NA,NA,NA,Y,NA,A,01,0,0,2,0,0,0,0,0,0,-,-,34.10463,-117.2598,SAN BERNARDINO,UNINCORPORATED,-117.25965003,34.10456008
7023902,2015,2017-01-21,9834,2015-07-26,1415,019916,NA,7,2,9,3600,0,1,1,NA,2,044,RT 40,RT 95,21120,W,N,A,F,Y,SBD,8,40,-,R,126.73,H,-,W,Y,4,0,1,1,A,-,08,22107,NA,N,E,I,A,A,H,-,A,D,1,NA,NA,NA,Y,Y,NA,G,25,0,0,1,0,0,0,0,0,0,-,-,34.86865,-114.83585,SAN BERNARDINO,UNINCORPORATED,-114.85589843,34.86249329
7065767,2014,2015-09-16,9855,2014-12-25,0203,018000,NA,4,3,5,3611,0,1,1,NA,2,203,RT 210,SAPPHIRE ST,825,W,N,A,-,Y,NA,NA,210,NA,NA,NA,NA,NA,NA,Y,4,0,2,2,A,-,01,23152,A,F,C,C,A,A,H,-,C,D,0,NA,NA,NA,NA,Y,Y,A,01,0,0,2,0,0,0,0,0,0,-,-,34.13483,-117.6262,SAN BERNARDINO,UPLAND,-117.6261992,34.13476344
7065778,2014,2015-09-16,9855,2014-12-25,1525,016801,NA,4,2,6,3607,0,1,1,NA,2,152,RT 15,JURUPA ST,875,S,N,A,-,Y,NA,NA,15,NA,NA,NA,NA,NA,NA,Y,4,0,3,2,A,-,03,22350,NA,N,C,C,A,A,H,-,A,D,0,NA,NA,NA,NA,Y,NA,D,22,0,0,3,0,0,0,0,0,0,-,-,34.03815,-117.55055,SAN BERNARDINO,ONTARIO,-117.550441,34.03814962
7065780,2014,2015-09-16,9855,2014-12-24,1927,018335,NA,3,2,5,3611,0,1,1,NA,2,203,RT 210,MOUNTAIN AV,3168,W,N,A,-,Y,NA,NA,210,NA,NA,NA,NA,NA,NA,Y,4,0,1,2,A,-,07,21658,A,N,B,C,A,A,H,-,C,D,0,NA,NA,NA,NA,Y,NA,A,01,0,0,1,0,0,0,0,0,0,-,-,34.12952,-117.685,SAN BERNARDINO,UPLAND,-117.68500259,34.12952367
7065825,2014,2015-09-16,9855,2014-12-20,2335,018383,NA,6,3,6,3607,0,1,1,NA,2,103,RT 10,MILLIKEN AV,1500,E,N,A,-,Y,NA,NA,10,NA,NA,NA,NA,NA,NA,Y,3,0,3,2,A,-,08,22107,NA,N,B,C,A,A,H,-,C,D,0,NA,NA,NA,NA,Y,NA,A,01,0,3,0,0,0,0,0,0,0,TO,-,34.06721,-117.55187,SAN BERNARDINO,ONTARIO,-117.5518695,34.0673388
7065991,2015,2016-12-05,9855,2015-04-20,1720,016801,NA,1,2,5,3602,0,1,3,NA,2,603,RT 60,MONTE VISTA AV,100,W,N,A,-,Y,SBD,8,60,-,R,1.85,H,-,E,Y,4,0,4,2,A,-,03,22350,NA,N,C,C,A,A,H,-,A,D,1,NA,NA,NA,NA,Y,NA,A,01,0,0,4,0,0,0,0,0,0,-,-,34.02995,-117.69914,SAN BERNARDINO,CHINO,-117.69842876,34.03008829
7028273,2015,2017-02-01,3600,2015-05-18,2322,F3089,AD106,1,5,3,3613,0,0,0,NA,0,NA,RT 395,AIR EXPRESS WY,0,NA,Y,A,-,Y,SBD,8,395,-,-,15.707,I,5,N,Y,2,0,1,1,A,-,03,22350,NA,N,E,I,A,-,G,H,C,A,0,NA,NA,NA,NA,Y,NA,-,NA,1,0,0,0,0,0,0,0,0,-,-,NA,NA,SAN BERNARDINO,ADELANTO,-117.40963439,34.57209019
7030834,2015,2015-08-24,3600,2015-07-04,2012,D8554,AP015,6,5,5,3621,0,0,0,NA,0,AP4,CENTRAL RD,NISQUALLY RD,0,NA,Y,A,-,N,NA,NA,NA,NA,NA,NA,NA,NA,NA,N,3,0,2,1,A,-,03,22350,NA,N,F,A,A,A,H,-,B,-,0,NA,NA,NA,NA,Y,NA,-,NA,0,2,0,0,0,0,0,0,0,-,-,NA,NA,SAN BERNARDINO,APPLE VALLEY,-117.17265012,34.48617006
7069995,2014,2015-09-16,9855,2014-12-26,1325,015498,NA,5,1,6,3604,0,1,1,NA,2,101,RT 10,CHERRY AV,1056,W,N,A,-,Y,NA,NA,10,NA,NA,NA,NA,NA,NA,N,4,0,2,2,A,-,03,22350,NA,N,C,C,A,A,H,-,A,D,0,NA,NA,NA,NA,Y,NA,A,01,0,0,2,0,0,0,0,0,0,TO,-,34.06552,-117.49288,SAN BERNARDINO,FONTANA,-117.49288923,34.06571509
7072171,2014,2015-09-18,9855,2014-12-21,0645,17112,NA,7,1,6,3604,0,1,1,NA,2,101,RT 10,CHERRY AV,600,E,N,B,-,Y,NA,NA,NA,NA,NA,NA,NA,NA,NA,Y,4,0,1,2,A,-,07,21658,A,N,C,C,A,A,D,-,A,-,0,NA,NA,NA,Y,Y,NA,A,01,0,0,1,0,0,0,0,0,0,-,-,NA,NA,SAN BERNARDINO,FONTANA,-117.48709599,34.06616728
7073857,2015,2015-09-26,3600,2015-08-25,0801,A9600,HE130,2,5,5,3619,0,0,0,NA,0,001,3RD AV,CAJON ST,0,NA,Y,A,-,N,NA,NA,NA,NA,NA,NA,NA,NA,NA,Y,4,0,1,2,A,-,09,21802,A,N,D,C,A,A,H,-,A,A,0,NA,NA,NA,NA,Y,NA,A,07,0,0,1,0,0,0,0,0,0,-,-,NA,NA,SAN BERNARDINO,HESPERIA,-117.30546,34.42804004
7076002,2015,2015-10-08,3603,2015-08-05,0941,4251,COLTO,3,5,4,3603,0,0,0,NA,0,941,SAN BERNARDINO AV,EUCALYPTUS AV,0,NA,Y,A,-,N,NA,NA,NA,NA,NA,NA,NA,NA,NA,Y,3,0,1,2,A,-,03,22350,NA,N,C,C,A,A,H,-,A,D,0,NA,NA,NA,NA,Y,NA,D,22,0,1,0,0,0,0,0,0,0,-,-,NA,NA,SAN BERNARDINO,COLTON,-117.35722008,34.07776008
7078974,2015,2017-01-14,3607,2015-08-05,1153,14931,158,3,5,6,3607,0,0,0,NA,0,051,EUCLID AV,SUNKIST ST,0,NA,Y,A,-,Y,SBD,8,83,-,-,9.081,I,5,S,Y,3,0,2,2,A,-,09,21802,A,N,D,C,A,A,H,-,A,A,0,NA,NA,NA,NA,Y,NA,-,NA,0,1,1,0,0,0,0,0,0,-,-,NA,NA,SAN BERNARDINO,ONTARIO,-117.65115576,34.05789967
7035526,2015,2016-11-19,9855,2015-06-26,1525,020913,NA,5,2,6,3607,0,1,1,NA,2,101,RT 10,MILLIKEN AV,25,E,N,A,-,Y,SBD,8,10,-,-,9.18,H,-,E,Y,4,0,1,4,A,-,03,22350,NA,N,C,C,A,A,H,-,A,D,1,NA,NA,NA,Y,Y,NA,G,25,0,0,1,0,0,0,0,0,0,-,-,34.0673,-117.5583,SAN BERNARDINO,ONTARIO,-117.55813303,34.0673779
7035542,2015,2016-12-20,9855,2015-07-03,1545,018383,NA,5,2,5,3611,0,1,1,NA,2,103,RT 10,RT 83,1000,W,N,A,-,Y,SBD,8,10,-,-,3.35,H,-,W,Y,4,0,3,2,A,-,07,21658,A,N,B,C,A,A,H,-,A,D,1,NA,NA,NA,NA,Y,NA,D,22,0,0,3,0,0,0,0,0,0,-,-,34.08751,-117.65851,SAN BERNARDINO,UPLAND,-117.65319502,34.08744013
7035546,2015,2017-01-17,9855,2015-07-02,1500,015826,NA,4,2,6,3604,0,1,1,NA,2,201,RT 210,CITRUS AV,1200,E,N,A,-,Y,SBD,8,210,-,-,14.16,H,-,E,N,4,0,1,3,A,-,04,21703,NA,N,C,C,A,A,H,-,A,D,1,NA,NA,NA,NA,Y,NA,D,22,0,0,1,0,0,0,0,0,0,-,-,34.13625,-117.44933,SAN BERNARDINO,FONTANA,-117.4494921,34.13626707
7040408,2015,2015-09-14,9860,2015-07-23,1355,19429,NA,4,1,9,3600,0,2,4,NA,1,410,VALLEY BL,VIRGINIA GEIL WY,82,W,N,A,-,N,NA,NA,NA,NA,NA,NA,NA,NA,NA,Y,4,0,2,5,A,-,03,22350,NA,N,C,C,A,A,H,-,A,D,0,NA,NA,NA,NA,Y,NA,D,22,0,0,2,0,0,0,0,0,0,-,-,34.07051,-117.39909,SAN BERNARDINO,UNINCORPORATED,-117.39948124,34.07048091