CASE_ID,ACCIDENT_YEAR,PROC_DATE,JURIS,COLLISION_DATE,COLLISION_TIME,OFFICER_ID,REPORTING_DISTRICT,DAY_OF_WEEK,CHP_SHIFT,POPULATION,CNTY_CITY_LOC,SPECIAL_COND,BEAT_TYPE,CHP_BEAT_TYPE,CITY_DIVISION_LAPD,CHP_BEAT_CLASS,BEAT_NUMBER,PRIMARY_RD,SECONDARY_RD,DISTANCE,DIRECTION,INTERSECTION,WEATHER_1,WEATHER_2,STATE_HWY_IND,CALTRANS_COUNTY,CALTRANS_DISTRICT,STATE_ROUTE,ROUTE_SUFFIX,POSTMILE_PREFIX,POSTMILE,LOCATION_TYPE,RAMP_INTERSECTION,SIDE_OF_HWY,TOW_AWAY,COLLISION_SEVERITY,NUMBER_KILLED,NUMBER_INJURED,PARTY_COUNT,PRIMARY_COLL_FACTOR,PCF_CODE_OF_VIOL,PCF_VIOL_CATEGORY,PCF_VIOLATION,PCF_VIOL_SUBSECTION,HIT_AND_RUN,TYPE_OF_COLLISION,MVIW,PED_ACTION,ROAD_SURFACE,ROAD_COND_1,ROAD_COND_2,LIGHTING,CONTROL_DEVICE,CHP_ROAD_TYPE,PEDESTRIAN_ACCIDENT,BICYCLE_ACCIDENT,MOTORCYCLE_ACCIDENT,TRUCK_ACCIDENT,NOT_PRIVATE_PROPERTY,ALCOHOL_INVOLVED,STWD_VEHTYPE_AT_FAULT,CHP_VEHTYPE_AT_FAULT,COUNT_SEVERE_INJ,COUNT_VISIBLE_INJ,COUNT_COMPLAINT_PAIN,COUNT_PED_KILLED,COUNT_PED_INJURED,COUNT_BICYCLIST_KILLED,COUNT_BICYCLIST_INJURED,COUNT_MC_KILLED,COUNT_MC_INJURED,PRIMARY_RAMP,SECONDARY_RAMP,LATITUDE,LONGITUDE,COUNTY,CITY,POINT_X,POINT_Y
7045608,2015,2015-09-11,3600,2015-07-17,1907,D8559,HE129,5,5,5,3619,0,0,0,NA,0,HE1,7TH AV,MAIN ST,0,NA,Y,A,-,N,NA,NA,NA,NA,NA,NA,NA,NA,NA,Y,4,0,3,4,A,-,09,21453,C,N,D,C,A,A,H,-,A,A,0,NA,NA,NA,NA,Y,NA,A,07,0,0,3,0,0,0,0,0,0,-,-,NA,NA,SAN BERNARDINO,HESPERIA,-117.31565005,34.42362009
7087927,2015,2015-10-08,3608,2015-09-27,1421,4202,3608,7,5,5,3608,0,0,0,NA,0,NA,E COLTON AV,GROVE ST,670,W,N,A,-,N,NA,NA,NA,NA,NA,NA,NA,NA,NA,N,3,0,1,2,A,-,09,21804,A,N,-,A,A,A,H,-,A,D,0,NA,NA,NA,NA,Y,NA,A,01,0,1,0,0,0,0,0,0,0,-,-,NA,NA,SAN BERNARDINO,REDLANDS,-117.1626551,34.06281
7045655,2015,2015-09-11,3607,2015-07-24,1812,80330,261,5,5,6,3607,0,0,0,NA,0,072,WOODLARK DR,DUNCAN WY,0,NA,Y,A,-,N,NA,NA,NA,NA,NA,NA,NA,NA,NA,Y,4,0,2,3,A,-,08,22107,NA,N,A,C,A,A,H,-,A,A,0,NA,NA,NA,NA,Y,NA,-,NA,0,0,2,0,0,0,0,0,0,-,-,NA,NA,SAN BERNARDINO,ONTARIO,-117.58814693,34.02661039
6995689,2015,2016-12-10,9835,2015-06-18,1145,20976,NA,4,1,3,3601,0,1,1,NA,2,071,RT 15,BARSTOW RD,2904,S,N,A,-,Y,SBD,8,15,-,-,72.99,H,-,S,Y,3,0,2,1,A,-,08,22107,NA,N,E,I,A,A,H,-,A,D,1,NA,NA,NA,NA,Y,NA,A,01,0,2,0,0,0,0,0,0,0,-,-,NA,NA,SAN BERNARDINO,BARSTOW,-117.03253563,34.88622298
7089912,2015,2015-10-10,3600,2015-09-09,0739,B5753,AP023,3,5,5,3621,0,0,0,NA,0,AP1,DALE EVANS PKWY,BASS HILL RD,0,NA,Y,A,-,N,NA,NA,NA,NA,NA,NA,NA,NA,NA,Y,4,0,1,2,A,-,09,21801,A,N,D,A,A,A,H,-,A,A,0,NA,NA,NA,NA,Y,NA,A,01,0,0,1,0,0,0,0,0,0,-,-,NA,NA,SAN BERNARDINO,APPLE VALLEY,-117.21325011,34.52677003
7091758,2015,2015-10-30,3607,2015-09-14,1749,14600,264,1,5,6,3607,0,0,0,NA,0,062,RIVERSIDE DR,CAMPUS AV,100,W,N,A,-,N,NA,NA,NA,NA,NA,NA,NA,NA,NA,Y,4,0,3,5,A,-,03,22350,NA,N,C,C,A,A,H,-,A,A,0,NA,NA,NA,NA,Y,NA,D,22,0,0,3,0,0,0,0,0,0,-,-,NA,NA,SAN BERNARDINO,ONTARIO,-117.64173914,34.01938
7092180,2015,2015-10-19,3602,2015-09-18,1804,2894,NA,5,5,5,3602,0,0,0,NA,0,005,PINE AV,EUCLID AV,1062,E,N,A,-,N,NA,NA,NA,NA,NA,NA,NA,NA,NA,Y,4,0,1,3,A,-,03,22350,NA,N,C,C,A,A,H,-,A,D,0,NA,NA,NA,NA,Y,NA,A,01,0,0,1,0,0,0,0,0,0,-,-,NA,NA,SAN BERNARDINO,CHINO,-117.64718613,33.95418402
7092543,2015,2015-10-20,3609,2015-09-09,1526,5550,193,3,5,5,3609,0,0,0,NA,0,004,RIVERSIDE AV,VALLEY BL,0,NA,Y,A,-,N,NA,NA,NA,NA,NA,NA,NA,NA,NA,NA,4,0,1,2,A,-,12,21453,A,N,D,G,A,A,H,-,A,A,0,NA,Y,NA,NA,Y,NA,L,04,0,0,1,0,0,0,1,0,0,-,-,34.07081,-117.37252,SAN BERNARDINO,RIALTO,-117.37039003,34.07051009
7093759,2015,2015-11-23,9860,2015-09-05,2015,020596,NA,6,2,9,3600,0,2,4,NA,1,410,VALLEY BL,LINDEN AV,0,NA,Y,A,-,N,NA,NA,NA,NA,NA,NA,NA,NA,NA,N,3,0,1,2,A,-,11,21453,D,N,G,B,B,A,H,-,C,A,0,Y,NA,NA,NA,Y,NA,N,60,0,1,0,0,1,0,0,0,0,-,-,34.07044,-117.40067,SAN BERNARDINO,UNINCORPORATED,-117.40077001,34.07048008
7095026,2015,2015-10-13,3607,2015-09-04,1624,80349,153,5,5,6,3607,0,0,0,NA,0,051,MOUNTAIN AV,MOUNTAIN ACCESS RD,300,N,N,A,-,N,NA,NA,NA,NA,NA,NA,NA,NA,NA,Y,4,0,2,2,A,-,03,22350,NA,N,C,C,A,A,H,-,A,D,0,NA,NA,NA,NA,Y,NA,-,NA,0,0,2,0,0,0,0,0,0,-,-,NA,NA,SAN BERNARDINO,ONTARIO,-117.66762257,34.0305064
7095224,2015,2017-01-14,3607,2015-03-21,0400,80479,232,6,5,6,3607,0,0,0,NA,0,062,EUCLID AV,SPRUCE ST,0,NA,Y,A,-,Y,SBD,8,83,-,-,7.54,H,-,N,Y,4,0,1,4,A,-,01,23152,A,N,C,C,A,A,H,-,C,D,0,NA,NA,NA,NA,Y,Y,-,NA,0,0,1,0,0,0,0,0,0,-,-,NA,NA,SAN BERNARDINO,ONTARIO,-117.65073218,34.03562891
7095236,2015,2015-10-21,3607,2015-08-19,1847,80388,276,3,5,6,3607,0,0,0,NA,0,071,HARBOUR TOWN TRL,DUNES ST,500,N,N,A,-,N,NA,NA,NA,NA,NA,NA,NA,NA,NA,N,3,0,1,2,A,-,01,23152,A,N,D,C,A,A,H,-,A,D,0,NA,NA,NA,NA,Y,NA,-,NA,0,1,0,0,0,0,0,0,0,-,-,NA,NA,SAN BERNARDINO,ONTARIO,-117.59493,34.02273026
7095239,2015,2015-10-15,3600,2015-08-31,1331,D6174,RC072,1,5,6,3616,0,0,0,NA,0,RC4,MILLER AV,THREE VINES PL,0,NA,Y,A,-,N,NA,NA,NA,NA,NA,NA,NA,NA,NA,Y,4,0,1,2,A,-,09,21802,A,N,A,C,A,A,H,-,A,A,0,NA,NA,NA,NA,Y,NA,A,01,0,0,1,0,0,0,0,0,0,-,-,NA,NA,SAN BERNARDINO,RANCHO CUCAMONGA,-117.52176009,34.11344011
7095835,2015,2015-10-24,3600,2015-09-19,0121,E3900,VC025,6,5,5,3612,0,0,0,NA,0,003,NISQUALLI RD,BALSAM AV,82,W,N,A,-,N,NA,NA,NA,NA,NA,NA,NA,NA,NA,Y,4,0,1,1,A,-,08,22107,NA,N,E,I,A,A,H,-,C,A,0,NA,NA,NA,NA,Y,Y,A,01,0,0,1,0,0,0,0,0,0,-,-,NA,NA,SAN BERNARDINO,VICTORVILLE,-117.33030122,34.48516458
7096585,2015,2015-10-16,3608,2015-09-18,1539,4358,NA,5,5,5,3608,0,0,0,NA,0,NA,CENTRAL AV,E CITRUS AV,113,N,N,A,-,N,NA,NA,NA,NA,NA,NA,NA,NA,NA,Y,3,0,1,1,A,-,03,22350,NA,N,E,I,A,A,H,-,A,D,0,NA,NA,NA,NA,Y,NA,A,07,0,1,0,0,0,0,0,0,0,-,-,NA,NA,SAN BERNARDINO,REDLANDS,-117.16885595,34.05583948
7097321,2015,2017-02-02,3600,2015-10-09,2158,E3900,VC013,5,5,5,3612,0,0,0,NA,0,004,BEAR VALLEY RD,RT 15,0,NA,Y,A,-,Y,SBD,8,15,-,-,37.736,R,4,N,N,4,0,4,3,A,-,03,22350,NA,N,C,C,A,A,H,-,C,A,0,NA,NA,NA,NA,Y,NA,A,07,0,0,4,0,0,0,0,0,0,-,SF,NA,NA,SAN BERNARDINO,VICTORVILLE,-117.34468864,34.47217685
7097331,2015,2016-07-25,3600,2015-09-27,1308,F5115,HE119,7,5,5,3619,0,0,0,NA,0,001,MAIN ST,PYRITE AV,0,NA,Y,A,-,N,NA,NA,NA,NA,NA,NA,NA,NA,NA,Y,2,0,3,2,A,-,05,21650,NA,N,-,C,A,A,H,-,A,A,0,NA,NA,NA,NA,Y,NA,A,07,1,0,2,0,0,0,0,0,0,-,-,NA,NA,SAN BERNARDINO,HESPERIA,-117.36224011,34.42670007
6996777,2015,2016-04-26,3600,2015-02-28,1521,F7839,NE008,6,5,2,3606,0,0,0,NA,0,NA,RT 40,RT 95,5280,S,N,A,-,N,NA,NA,NA,NA,NA,NA,NA,NA,NA,N,3,0,1,1,A,-,03,22350,NA,N,H,A,A,A,H,-,A,D,0,NA,NA,Y,NA,Y,NA,C,02,0,1,0,0,0,0,0,0,1,-,-,NA,NA,SAN BERNARDINO,NEEDLES,-114.76397,34.87947
7098116,2015,2015-10-29,3609,2015-09-15,0945,6367,191,2,5,5,3609,0,0,0,NA,0,004,VALLEY BL,RIVERSIDE AV,637,W,N,C,-,N,NA,NA,NA,NA,NA,NA,NA,NA,NA,Y,4,0,1,2,A,-,03,22350,NA,N,D,C,A,B,H,-,A,D,0,NA,NA,NA,NA,Y,NA,D,22,0,0,1,0,0,0,0,0,0,-,-,34.0789,-117.73679,SAN BERNARDINO,RIALTO,-117.37248709,34.07052
7099623,2015,2015-10-28,3607,2015-09-10,1443,80313,68,4,5,6,3607,0,0,0,NA,0,031,VINEYARD AV,HARVARD PRIVADO,0,NA,Y,A,-,N,NA,NA,NA,NA,NA,NA,NA,NA,NA,Y,3,0,2,2,A,-,09,21801,A,N,D,C,A,A,H,-,A,D,0,NA,NA,NA,NA,Y,NA,-,NA,0,1,1,0,0,0,0,0,0,-,-,NA,NA,SAN BERNARDINO,ONTARIO,-117.61106551,34.07897889
7099741,2015,2016-03-25,3607,2015-10-19,1331,14997,149,1,5,6,3607,0,0,0,NA,0,012,HOLT BL,LAUREL AV,0,NA,Y,A,-,N,NA,NA,NA,NA,NA,NA,NA,NA,NA,Y,1,1,0,2,A,-,09,21802,A,N,D,-,A,A,D,E,A,A,0,NA,NA,NA,NA,Y,NA,-,NA,0,0,0,0,0,0,0,0,0,-,-,NA,NA,SAN BERNARDINO,ONTARIO,-117.65238005,34.06335003
7006324,2015,2015-11-25,3610,2015-06-10,1234,50732,NA,3,5,6,3610,0,0,0,NA,0,NA,N VALENCIA AV,W 30TH ST,0,NA,Y,-,-,N,NA,NA,NA,NA,NA,NA,NA,NA,NA,Y,1,1,2,2,A,-,12,21453,A,N,-,-,A,-,-,-,-,-,0,NA,NA,NA,NA,Y,NA,A,01,0,1,1,0,0,0,0,0,0,-,-,NA,NA,SAN BERNARDINO,SAN BERNARDINO,-117.2725101,34.14544009
7103168,2015,2015-11-04,3609,2015-09-30,0454,8510,2,3,5,5,3609,0,0,0,NA,0,001,TERRA VISTA DR,LIVE OAK AV,0,NA,Y,A,-,N,NA,NA,NA,NA,NA,NA,NA,NA,NA,Y,4,0,1,2,A,-,09,21802,B,N,F,C,A,A,H,-,C,A,0,NA,NA,NA,NA,Y,NA,D,22,0,0,1,0,0,0,0,0,0,-,-,NA,NA,SAN BERNARDINO,RIALTO,-117.42756011,34.16771005
7006571,2016,2016-04-26,3600,2016-04-02,1111,E5343,HE13,6,5,5,3619,0,0,0,NA,0,HE1,ARROWHEAD LAKE RD,EDISON POLE 472275E,1010,S,N,A,-,N,NA,NA,NA,NA,NA,NA,NA,NA,NA,Y,1,1,2,1,A,-,01,23152,A,N,F,J,A,A,H,-,A,D,0,NA,NA,NA,NA,Y,Y,A,01,0,1,1,0,0,0,0,0,0,-,-,NA,NA,SAN BERNARDINO,HESPERIA,NA,NA
7060089,2015,2015-10-08,3609,2015-09-21,1701,9632,180,1,5,5,3609,0,0,0,NA,0,003,CACTUS AV,SAN BERNARDINO AV,0,NA,Y,A,-,N,NA,NA,NA,NA,NA,NA,NA,NA,NA,Y,4,0,2,2,A,-,12,22450,A,N,D,C,A,A,H,-,A,A,0,NA,NA,NA,NA,Y,NA,A,01,0,0,2,0,0,0,0,0,0,-,-,NA,NA,SAN BERNARDINO,RIALTO,-117.38339013,34.07770006
7106834,2015,2015-10-30,3600,2015-10-03,1851,D2687,RC069,6,5,6,3616,0,0,0,NA,0,005,WOODLEY RIDGE DR,BRANDING IRON PL,200,W,N,A,-,N,NA,NA,NA,NA,NA,NA,NA,NA,NA,Y,4,0,2,2,A,-,21,22106,NA,N,H,C,A,A,H,-,B,D,0,NA,NA,NA,NA,Y,NA,A,01,0,0,2,0,0,0,0,0,0,-,-,NA,NA,SAN BERNARDINO,RANCHO CUCAMONGA,-117.50552932,34.16263637
7061311,2015,2015-11-20,9860,2015-08-26,1355,012988,NA,3,1,9,3600,0,3,5,NA,2,003,RECHE CANYON RD,WESTWOOD ST,15,N,N,A,-,N,NA,NA,NA,NA,NA,NA,NA,NA,NA,Y,3,0,2,2,A,-,09,21802,A,N,C,C,A,A,H,-,A,A,0,NA,NA,NA,NA,Y,NA,A,01,0,1,1,0,0,0,0,0,0,-,-,34.03927,-117.28435,SAN BERNARDINO,UNINCORPORATED,-117.28432445,34.03918093
7107984,2015,2016-01-27,3600,2015-10-14,1532,F5717,HE128,3,5,5,3619,0,0,0,NA,0,HE1,MAIN ST,COTTONWOOD AV,327,E,N,A,-,N,NA,NA,NA,NA,NA,NA,NA,NA,NA,N,4,0,2,3,A,-,03,22350,NA,N,C,C,A,A,D,-,A,A,0,NA,NA,NA,NA,Y,NA,A,01,0,0,2,0,0,0,0,0,0,-,-,NA,NA,SAN BERNARDINO,HESPERIA,-117.33736926,34.42696239
7108252,2015,2015-11-04,3600,2015-09-04,1942,F4486,YV014,5,5,3,3631,0,0,0,NA,0,0YV,AVALON AV,PAXTON RD,0,NA,Y,A,-,N,NA,NA,NA,NA,NA,NA,NA,NA,NA,Y,4,0,1,2,A,-,12,22450,NA,N,D,C,A,A,H,-,D,A,0,NA,NA,NA,NA,Y,NA,A,01,0,0,1,0,0,0,0,0,0,-,-,NA,NA,SAN BERNARDINO,YUCCA VALLEY,-116.38726011,34.13499001
7108271,2015,2015-11-03,3610,2015-09-30,2146,50675,NA,3,5,6,3610,0,0,0,NA,0,POLICE,N TIPPECANOE AV,HARRY SHEPPARD BL,0,NA,Y,A,-,N,NA,NA,NA,NA,NA,NA,NA,NA,NA,Y,3,0,1,2,A,-,11,21456,2,N,D,G,A,A,H,-,C,A,0,NA,Y,NA,NA,Y,NA,L,04,0,1,0,0,0,0,1,0,0,-,-,NA,NA,SAN BERNARDINO,SAN BERNARDINO,-117.25974,34.09808003
7108319,2015,2015-11-03,3610,2015-09-21,0430,50789,NA,1,5,6,3610,0,0,0,NA,0,POLICE,E 3RD ST,VICTORIA AV,200,E,N,A,-,N,NA,NA,NA,NA,NA,NA,NA,NA,NA,N,3,0,1,2,A,-,05,21202,A,F,C,G,A,A,D,-,D,D,0,NA,Y,NA,NA,Y,NA,L,04,0,1,0,0,0,0,1,0,0,-,-,34.10727,-117.234,SAN BERNARDINO,SAN BERNARDINO,-117.22553166,34.10674375
7108320,2015,2016-04-27,3610,2015-09-26,1813,50249,NA,6,5,6,3610,0,0,0,NA,0,POLICE,E 3RD ST,LANKERSHIM ST,0,NA,N,A,-,N,NA,NA,NA,NA,NA,NA,NA,NA,NA,Y,4,0,1,2,-,-,-,NA,NA,F,H,C,A,A,H,-,A,D,0,NA,NA,NA,NA,Y,Y,-,-,0,0,1,0,0,0,0,0,0,-,-,34.10675,-117.23494,SAN BERNARDINO,SAN BERNARDINO,-117.23490013,34.10675007
7062556,2015,2017-01-03,9855,2015-08-24,0840,15461,NA,1,1,6,3607,0,1,1,NA,2,101,RT 10,HAVEN AV,2173,E,N,A,-,Y,SBD,8,10,-,-,8.58,H,-,W,N,4,0,1,3,A,-,03,22350,NA,N,C,C,A,A,H,-,A,D,1,NA,NA,NA,NA,Y,NA,A,01,0,0,1,0,0,0,0,0,0,-,-,34.06774,-117.56837,SAN BERNARDINO,ONTARIO,-117.56859146,34.06762862
7110209,2015,2015-11-14,3600,2015-10-17,1230,M4079,RC055,6,5,6,3616,0,0,0,NA,0,RC02,VINEYARD AV,FOOTHILL BL,0,NA,Y,A,-,N,NA,NA,NA,NA,NA,NA,NA,NA,NA,Y,2,0,1,2,A,-,09,21453,C,N,A,C,A,A,H,-,A,A,0,NA,NA,NA,NA,Y,NA,A,01,1,0,0,0,0,0,0,0,0,-,-,NA,NA,SAN BERNARDINO,RANCHO CUCAMONGA,-117.61107011,34.10674007
7110285,2015,2016-06-20,3605,2015-10-18,1402,243,NA,7,5,4,3605,0,0,0,NA,0,15-514,HOLT BL,MONTE VISTA AV,0,NA,Y,B,-,N,NA,NA,NA,NA,NA,NA,NA,NA,NA,N,4,0,1,2,A,-,12,21453,A,N,D,C,A,A,H,-,A,A,0,NA,NA,NA,NA,Y,NA,A,01,0,0,1,0,0,0,0,0,0,-,-,NA,NA,SAN BERNARDINO,MONTCLAIR,-117.69829009,34.06321001
7063661,2015,2017-01-12,9860,2015-08-31,0724,013945,NA,1,1,6,3610,0,1,1,NA,2,214,RT 215,INLAND CENTER DR,1320,N,N,A,-,Y,SBD,8,215,-,-,65.83,H,-,S,N,4,0,1,2,A,-,07,21658,A,N,E,I,A,A,H,-,A,D,0,NA,NA,NA,NA,Y,NA,A,01,0,0,1,0,0,0,0,0,0,-,-,34.08905,-117.3019,SAN BERNARDINO,SAN BERNARDINO,-117.3019,34.08905
7112445,2015,2016-02-03,3600,2015-10-28,1144,F6798,HE128,3,5,5,3619,0,0,0,NA,0,HE1,MAIN ST,LOCUST AV,374,W,N,A,-,N,NA,NA,NA,NA,NA,NA,NA,NA,NA,Y,4,0,1,2,A,-,03,22350,NA,N,C,C,A,A,H,-,A,A,0,NA,NA,NA,NA,Y,NA,-,NA,0,0,1,0,0,0,0,0,0,-,-,NA,NA,SAN BERNARDINO,HESPERIA,-117.33510621,34.42699722
7114192,2015,2015-11-18,3607,2015-10-08,1010,15149,65,4,5,6,3607,0,0,0,NA,0,032,4TH ST,GROVE AV,10,E,N,A,-,N,NA,NA,NA,NA,NA,NA,NA,NA,NA,N,4,0,1,2,A,-,03,22350,NA,N,C,C,A,A,H,-,A,-,0,NA,NA,NA,NA,Y,NA,-,NA,0,0,1,0,0,0,0,0,0,-,-,NA,NA,SAN BERNARDINO,ONTARIO,-117.62860943,34.07780981
7114310,2015,2015-11-16,3609,2015-11-02,2009,9632,113,1,5,5,3609,0,0,0,NA,0,002,E ETIWANDA AV,N SYCAMORE AV,121,E,N,B,C,N,NA,NA,NA,NA,NA,NA,NA,NA,NA,Y,2,0,1,2,A,-,11,21954,A,F,G,B,E,B,H,-,D,D,0,Y,NA,NA,NA,Y,NA,N,60,1,0,0,0,1,0,0,0,0,-,-,NA,NA,SAN BERNARDINO,RIALTO,-117.36562142,34.11406
7069078,2015,2015-09-30,3600,2015-09-11,1945,B7126,AP006,5,5,5,3621,0,0,0,NA,0,AP1,YUCCA LOMA RD,RANCHERIAS RD,0,NA,Y,A,-,N,NA,NA,NA,NA,NA,NA,NA,NA,NA,Y,4,0,1,2,A,-,12,22450,A,N,-,C,A,A,H,-,B,-,0,NA,NA,NA,NA,Y,NA,A,07,0,0,1,0,0,0,0,0,0,-,-,NA,NA,SAN BERNARDINO,APPLE VALLEY,-117.19617002,34.50052008
7114670,2015,2015-11-09,3605,2015-10-26,2051,336,NA,1,5,4,3605,0,0,0,NA,0,NA,CENTRAL AV,TELEPHONE POLE #626241Y,120,N,N,A,-,N,NA,NA,NA,NA,NA,NA,NA,NA,NA,Y,4,0,1,1,C,-,18,NA,NA,N,E,J,A,A,H,-,C,D,0,NA,NA,Y,NA,Y,NA,-,-,0,0,1,0,0,0,0,0,1,-,-,NA,NA,SAN BERNARDINO,MONTCLAIR,NA,NA
7115130,2015,2015-11-10,3611,2015-09-17,2031,2387,3611,4,5,5,3611,0,0,0,NA,0,001,EUCLID AV,16TH ST,210,N,N,A,-,N,NA,NA,NA,NA,NA,NA,NA,NA,NA,N,3,0,1,1,A,-,03,22350,NA,N,E,J,A,A,H,-,D,D,0,NA,Y,NA,NA,Y,NA,L,04,0,1,0,0,0,0,1,0,0,-,-,NA,NA,SAN BERNARDINO,UPLAND,-117.6514,34.12212554
7116126,2015,2015-11-20,3604,2015-10-29,1724,683,NA,4,5,6,3604,0,0,0,NA,0,003,SIERRA,FONTLEE AV,0,NA,Y,A,-,N,NA,NA,NA,NA,NA,NA,NA,NA,NA,N,3,0,1,2,A,-,09,21801,A,N,D,C,A,A,H,-,B,D,0,NA,NA,NA,NA,Y,NA,D,22,0,1,0,0,0,0,0,0,0,-,-,NA,NA,SAN BERNARDINO,FONTANA,-117.43570009,34.08348001
7118395,2015,2015-11-24,3602,2015-09-30,1528,3663,NA,3,5,5,3602,0,0,0,NA,0,004,10TH ST,C ST,0,NA,Y,A,-,N,NA,NA,NA,NA,NA,NA,NA,NA,NA,Y,3,0,2,2,A,-,09,21802,A,N,D,C,A,A,H,-,A,A,0,NA,NA,NA,NA,Y,NA,A,01,0,1,1,0,0,0,0,0,0,-,-,NA,NA,SAN BERNARDINO,CHINO,-117.6867401,34.01553004
7118402,2015,2015-11-17,3602,2015-10-18,1508,3527,NA,7,5,5,3602,0,0,0,NA,0,002,CENTRAL AV,WALNUT AV,0,NA,Y,A,-,N,NA,NA,NA,NA,NA,NA,NA,NA,NA,Y,4,0,1,2,A,-,12,21453,A,N,D,C,A,A,H,-,A,A,0,NA,NA,NA,NA,Y,NA,A,01,0,0,1,0,0,0,0,0,0,-,-,NA,NA,SAN BERNARDINO,CHINO,-117.68948011,34.02629005
7118447,2015,2015-11-18,3602,2015-10-22,1731,3368,151,4,5,5,3602,0,0,0,NA,0,005,PINE AV,MEADOW HOUSE AV,201,W,N,A,-,N,NA,NA,NA,NA,NA,NA,NA,NA,NA,Y,4,0,1,3,A,-,03,22350,NA,N,C,C,A,A,H,-,A,A,0,NA,NA,NA,NA,Y,NA,A,01,0,0,1,0,0,0,0,0,0,-,-,NA,NA,SAN BERNARDINO,CHINO,-117.64187052,33.95561453
7119935,2015,2015-11-23,3600,2015-10-06,0802,F6915,HE123,2,5,5,3619,0,0,0,NA,0,HE1,HERCULES ST,7TH AV,0,NA,Y,A,-,N,NA,NA,NA,NA,NA,NA,NA,NA,NA,Y,4,0,1,2,A,-,09,21802,A,N,D,C,A,A,-,-,A,-,0,NA,NA,NA,NA,Y,NA,A,07,0,0,1,0,0,0,0,0,0,-,-,NA,NA,SAN BERNARDINO,HESPERIA,-117.31313014,34.43544003
7069079,2015,2017-01-21,9865,2015-09-04,1810,20725,NA,5,2,9,3600,0,1,3,NA,2,045,RT 38,BARTON FLATS CAMPGROUND,10,E,N,A,-,Y,SBD,8,38,-,-,27.86,H,-,W,Y,4,0,2,2,A,-,09,21804,A,N,D,C,A,A,H,-,D,A,0,NA,NA,NA,NA,Y,NA,A,08,0,0,2,0,0,0,0,0,0,-,-,34.17051,-116.87445,SAN BERNARDINO,UNINCORPORATED,-116.87424353,34.17047719
7079942,2015,2015-09-28,3605,2015-08-14,2314,341,NA,5,5,4,3605,0,0,0,NA,0,NA,ARROW HWY,ROSE AV,95,E,N,A,-,N,NA,NA,NA,NA,NA,NA,NA,NA,NA,N,4,0,1,2,A,-,07,21658,A,N,C,C,A,A,H,-,C,D,0,NA,NA,NA,NA,Y,NA,A,01,0,0,1,0,0,0,0,0,0,-,-,NA,NA,SAN BERNARDINO,MONTCLAIR,-117.68791704,34.09233038
7079977,2015,2015-09-28,3604,2015-08-22,1839,958,NA,6,5,6,3604,0,0,0,NA,0,NA,SIERRA AV,VALLEY BL,879,S,N,A,-,N,NA,NA,NA,NA,NA,NA,NA,NA,NA,N,4,0,1,2,A,-,03,22350,NA,N,C,C,A,A,H,-,A,A,0,NA,NA,NA,NA,Y,NA,A,01,0,0,1,0,0,0,0,0,0,-,-,NA,NA,SAN BERNARDINO,FONTANA,-117.43575,34.06796844
7079985,2015,2016-07-19,3604,2015-08-25,1810,765,NA,2,5,6,3604,0,0,0,NA,0,NA,RT 66,LAUREL AV,45,E,N,A,-,N,NA,NA,NA,NA,NA,NA,NA,NA,NA,N,4,0,1,2,A,-,01,23152,A,N,C,C,A,-,H,-,A,A,0,NA,NA,NA,NA,Y,Y,A,07,0,0,1,0,0,0,0,0,0,-,-,NA,NA,SAN BERNARDINO,FONTANA,-117.41384804,34.10669674
7087650,2015,2017-01-14,3608,2015-09-25,0800,4289,3608,5,5,5,3608,0,0,0,NA,0,NA,LUGONIA AV,TRIBUNE ST,0,NA,Y,A,-,Y,SBD,8,38,-,-,0.757,I,5,W,Y,4,0,1,2,A,-,03,22350,NA,N,C,C,A,A,H,-,A,D,0,NA,NA,NA,NA,Y,NA,D,22,0,0,1,0,0,0,0,0,0,-,-,34.07024,-117.17755,SAN BERNARDINO,REDLANDS,-117.17923501,34.07004392
7120997,2015,2015-12-04,3604,2015-11-16,0801,509,NA,1,5,6,3604,0,0,0,NA,0,NA,SLOVER AV,TOWER CT,0,NA,Y,A,-,N,NA,NA,NA,NA,NA,NA,NA,NA,NA,Y,4,0,1,2,A,-,12,21453,A,F,D,C,A,A,H,-,A,A,0,NA,NA,NA,NA,Y,NA,D,22,0,0,1,0,0,0,0,0,0,-,-,NA,NA,SAN BERNARDINO,FONTANA,-117.43189008,34.06311004
7121015,2015,2015-11-30,3609,2015-10-28,1936,2072,08,3,5,5,3609,0,0,0,NA,0,001,RIVERSIDE AV,LOCUST AV,1655,S,N,A,-,N,NA,NA,NA,NA,NA,NA,NA,NA,NA,N,2,0,1,2,A,-,00,21656,A,N,G,B,E,A,A,B,B,D,0,Y,NA,NA,NA,Y,NA,N,60,1,0,0,0,1,0,0,0,0,-,-,34.1594,-117.4049,SAN BERNARDINO,RIALTO,-117.40526894,34.15975725
7121227,2015,2015-12-04,3610,2015-10-06,1046,50347,NA,2,5,6,3610,0,0,0,NA,0,NA,NORTH SIERRA WY,E 16TH ST,315,S,N,A,-,N,NA,NA,NA,NA,NA,NA,NA,NA,NA,Y,4,0,2,2,A,-,09,21802,A,N,-,C,A,A,H,-,A,A,0,NA,NA,NA,Y,Y,NA,A,01,0,0,2,0,0,0,0,0,0,-,-,NA,NA,SAN BERNARDINO,SAN BERNARDINO,-117.28514599,34.12775707
7121331,2015,2015-12-07,3600,2015-11-03,1358,C9265,HE205,2,5,5,3619,0,0,0,NA,0,HE2,E AV,G AV,1065,W,N,B,C,N,NA,NA,NA,NA,NA,NA,NA,NA,NA,Y,3,0,1,2,A,-,09,21801,A,N,D,C,A,B,H,-,A,A,0,NA,NA,NA,NA,Y,NA,D,22,0,1,0,0,0,0,0,0,0,-,-,NA,NA,SAN BERNARDINO,HESPERIA,-117.28245999,34.44796786
7121514,2015,2015-12-04,3610,2015-10-01,1403,50732,NA,4,5,6,3610,0,0,0,NA,0,NA,SIERRA WY,PARKDALE DR,26,N,N,A,-,N,NA,NA,NA,NA,NA,NA,NA,NA,NA,N,4,0,1,2,A,-,03,22350,NA,N,C,C,A,A,H,-,A,A,0,NA,NA,NA,NA,Y,NA,A,01,0,0,1,0,0,0,0,0,0,-,-,NA,NA,SAN BERNARDINO,SAN BERNARDINO,-117.28504,34.15881123