CASE_ID,ACCIDENT_YEAR,PROC_DATE,JURIS,COLLISION_DATE,COLLISION_TIME,OFFICER_ID,REPORTING_DISTRICT,DAY_OF_WEEK,CHP_SHIFT,POPULATION,CNTY_CITY_LOC,SPECIAL_COND,BEAT_TYPE,CHP_BEAT_TYPE,CITY_DIVISION_LAPD,CHP_BEAT_CLASS,BEAT_NUMBER,PRIMARY_RD,SECONDARY_RD,DISTANCE,DIRECTION,INTERSECTION,WEATHER_1,WEATHER_2,STATE_HWY_IND,CALTRANS_COUNTY,CALTRANS_DISTRICT,STATE_ROUTE,ROUTE_SUFFIX,POSTMILE_PREFIX,POSTMILE,LOCATION_TYPE,RAMP_INTERSECTION,SIDE_OF_HWY,TOW_AWAY,COLLISION_SEVERITY,NUMBER_KILLED,NUMBER_INJURED,PARTY_COUNT,PRIMARY_COLL_FACTOR,PCF_CODE_OF_VIOL,PCF_VIOL_CATEGORY,PCF_VIOLATION,PCF_VIOL_SUBSECTION,HIT_AND_RUN,TYPE_OF_COLLISION,MVIW,PED_ACTION,ROAD_SURFACE,ROAD_COND_1,ROAD_COND_2,LIGHTING,CONTROL_DEVICE,CHP_ROAD_TYPE,PEDESTRIAN_ACCIDENT,BICYCLE_ACCIDENT,MOTORCYCLE_ACCIDENT,TRUCK_ACCIDENT,NOT_PRIVATE_PROPERTY,ALCOHOL_INVOLVED,STWD_VEHTYPE_AT_FAULT,CHP_VEHTYPE_AT_FAULT,COUNT_SEVERE_INJ,COUNT_VISIBLE_INJ,COUNT_COMPLAINT_PAIN,COUNT_PED_KILLED,COUNT_PED_INJURED,COUNT_BICYCLIST_KILLED,COUNT_BICYCLIST_INJURED,COUNT_MC_KILLED,COUNT_MC_INJURED,PRIMARY_RAMP,SECONDARY_RAMP,LATITUDE,LONGITUDE,COUNTY,CITY,POINT_X,POINT_Y
8570194,2018,2018-04-05,3600,2018-02-25,2011,G3596,HE304,7,5,5,3619,0,0,0,NA,0,HE3,MAIN ST,ESCONDIDO AV,0,W,N,A,-,N,NA,NA,NA,NA,NA,NA,NA,NA,NA,N,4,0,1,2,A,-,03,22350,NA,N,C,C,A,A,H,-,A,A,0,NA,NA,NA,NA,Y,NA,A,01,0,0,1,0,0,0,0,0,0,-,-,NA,NA,SAN BERNARDINO,HESPERIA,-117.37299346923828,34.42665100097656
8571350,2018,2018-03-13,3608,2018-02-26,2000,4358,NA,1,5,5,3608,0,0,0,NA,0,NA,COLTON AV,REDLANDS BL,96,N,N,A,-,N,NA,NA,NA,NA,NA,NA,NA,NA,NA,Y,3,0,1,1,A,-,01,23152,NA,N,A,I,A,A,H,-,C,A,0,NA,NA,NA,NA,Y,Y,D,22,0,1,0,0,0,0,0,0,0,-,-,NA,NA,SAN BERNARDINO,REDLANDS,-117.2058563232422,34.062591552734375
8571501,2018,2018-03-12,3600,2018-02-14,1432,D5273,LL004,3,5,3,3615,0,0,0,NA,0,LL1,COLOMA ST,REDLANDS BL,0,NA,Y,A,-,N,NA,NA,NA,NA,NA,NA,NA,NA,NA,Y,4,0,1,2,A,-,09,21802,A,N,D,C,A,A,H,-,A,A,0,NA,NA,NA,NA,Y,NA,A,01,0,0,1,0,0,0,0,0,0,-,-,NA,NA,SAN BERNARDINO,LOMA LINDA,-117.24984741210938,34.06304931640625
8571814,2018,2018-03-13,3602,2018-02-03,1452,1256,NA,6,5,5,3602,0,0,0,NA,0,002,MOUNTAIN AV,RT 60,325,S,N,A,-,N,NA,NA,NA,NA,NA,NA,NA,NA,NA,Y,4,0,1,2,A,-,08,22107,NA,N,D,C,A,A,H,-,A,D,0,NA,NA,NA,NA,Y,NA,A,01,0,0,1,0,0,0,0,0,0,-,EO,NA,NA,SAN BERNARDINO,CHINO,-117.66762542724608,34.029579162597656
8571947,2017,2018-03-13,3604,2017-12-29,0311,680,NA,5,5,6,3604,0,0,0,NA,0,NA,RANDALL AV,MAPLE AV,0,NA,Y,A,-,N,NA,NA,NA,NA,NA,NA,NA,NA,NA,Y,2,0,2,2,A,-,08,22107,NA,N,D,C,A,A,H,-,C,A,0,NA,NA,NA,NA,Y,NA,A,07,1,1,0,0,0,0,0,0,0,-,-,NA,NA,SAN BERNARDINO,FONTANA,-117.40520007,34.08495002
8572234,2018,2018-03-16,3605,2018-02-08,1340,318,NA,4,5,4,3605,0,0,0,NA,0,NA,CENTRAL AV,COSTCO DR,197,S,N,A,-,N,NA,NA,NA,NA,NA,NA,NA,NA,NA,N,4,0,1,2,A,-,09,21804,A,N,D,C,A,A,H,-,A,A,0,NA,NA,NA,Y,Y,NA,A,01,0,0,1,0,0,0,0,0,0,-,-,NA,NA,SAN BERNARDINO,MONTCLAIR,-117.68963623046876,34.08308410644531
8572626,2018,2018-03-15,3605,2018-02-19,0721,303,NA,1,5,4,3605,0,0,0,NA,0,NA,MISSION BL,ROSWELL AV,0,NA,Y,A,-,N,NA,NA,NA,NA,NA,NA,NA,NA,NA,Y,3,0,2,3,A,-,03,22350,NA,N,C,C,A,B,H,-,A,A,0,NA,NA,NA,NA,Y,NA,A,01,0,1,1,0,0,0,0,0,0,-,-,NA,NA,SAN BERNARDINO,MONTCLAIR,-117.71993255615234,34.055938720703125
8573042,2018,2018-03-26,3605,2018-02-22,2317,387,NA,4,5,4,3605,0,0,0,NA,0,NA,CENTRAL AV,ARROW HWY,0,NA,Y,A,-,Y,NA,NA,NA,NA,NA,NA,NA,NA,NA,Y,3,0,1,2,A,-,12,21453,A,N,A,C,A,A,H,-,C,A,0,NA,NA,NA,NA,Y,NA,-,-,0,1,0,0,0,0,0,0,0,-,-,NA,NA,SAN BERNARDINO,MONTCLAIR,-117.68971252441406,34.09233093261719
8573209,2018,2018-04-09,3600,2018-02-23,1044,D8569,HI017,5,5,4,3618,0,0,0,NA,0,HI2,PALM AV,PALM AV 6905,0,NA,Y,B,-,N,NA,NA,NA,NA,NA,NA,NA,NA,NA,Y,4,0,1,2,A,-,12,22450,A,N,D,D,A,A,H,-,A,A,0,NA,NA,NA,NA,Y,NA,-,NA,0,0,1,0,0,0,0,0,0,-,-,NA,NA,SAN BERNARDINO,HIGHLAND,-117.208746,34.128333
8573318,2018,2018-03-20,3605,2018-03-03,2230,361,NA,6,5,4,3605,0,0,0,NA,0,NA,MONTE VISTA AV,PALO VERDE ST,42,S,N,B,-,N,NA,NA,NA,NA,NA,NA,NA,NA,NA,N,4,0,1,2,A,-,01,23152,A,N,C,C,A,B,H,-,C,A,0,NA,NA,NA,NA,Y,Y,-,-,0,0,1,0,0,0,0,0,0,-,-,NA,NA,SAN BERNARDINO,MONTCLAIR,-117.69825744628906,34.08124542236328
8574284,2018,2018-03-15,3610,2018-03-04,1435,51035,NA,7,5,6,3610,0,0,0,NA,0,CHARLI,EAST HIGHLAND AV,N DEL ROSA AV,392,W,N,A,-,N,NA,NA,NA,NA,NA,NA,NA,NA,NA,Y,4,0,2,2,A,-,08,22107,NA,N,D,C,A,A,H,-,A,D,0,NA,NA,NA,NA,Y,NA,A,01,0,0,2,0,0,0,0,0,0,-,-,34.135841369628906,-117.25238800048828,SAN BERNARDINO,SAN BERNARDINO,-117.25369262695313,34.1358642578125
8575874,2018,2018-04-06,3609,2018-01-23,1810,0208,214,2,5,5,3609,0,0,0,NA,0,004,SANTA ANA AV,WILLOW AV,0,NA,Y,A,-,N,NA,NA,NA,NA,NA,NA,NA,NA,NA,Y,4,0,1,2,A,-,09,21802,A,N,D,D,A,A,H,-,C,A,0,NA,NA,Y,NA,Y,NA,D,22,0,0,1,0,0,0,0,0,1,-,-,NA,NA,SAN BERNARDINO,RIALTO,-117.37458801269533,34.05588912963867
8575990,2018,2018-03-22,3600,2018-02-16,1833,F6907,VC074,5,5,5,3612,0,0,0,NA,0,VC6,MOJAVE DR,JERALDO DR,280,E,N,A,-,N,NA,NA,NA,NA,NA,NA,NA,NA,NA,Y,4,0,1,3,A,-,06,21755,NA,N,C,C,A,A,H,-,C,D,0,NA,NA,NA,NA,Y,NA,A,71,0,0,1,0,0,0,0,0,0,-,-,NA,NA,SAN BERNARDINO,VICTORVILLE,-117.33444213867188,34.52864456176758
8577438,2018,2018-03-22,3600,2018-02-11,0904,S3887,VC059,7,5,5,3612,0,0,0,NA,0,004,BEAR VALLEY RD,AMETHYST RD,96,W,N,A,-,N,NA,NA,NA,NA,NA,NA,NA,NA,NA,N,3,0,1,2,A,-,03,22350,NA,N,-,C,A,A,H,-,A,A,0,NA,NA,Y,NA,Y,NA,A,01,0,1,0,0,0,0,0,0,1,-,-,NA,NA,SAN BERNARDINO,VICTORVILLE,-117.36463928222656,34.47040557861328
8578315,2018,2018-03-19,3600,2018-02-23,1824,G3596,HE326,5,5,5,3619,0,0,0,NA,0,HE3,MARIPOSA RD,RANCHERO RD,0,NA,Y,A,-,N,NA,NA,NA,NA,NA,NA,NA,NA,NA,N,4,0,2,2,A,-,09,21803,A,N,A,C,A,A,H,-,E,A,0,NA,NA,NA,NA,Y,NA,A,07,0,0,2,0,0,0,0,0,0,-,-,NA,NA,SAN BERNARDINO,HESPERIA,-117.41136932373048,34.383018493652344
8582168,2018,2018-04-05,3610,2018-03-16,2142,50986,NA,5,5,6,3610,0,0,0,NA,0,POLICE,W RIALTO AV,S G ST,0,NA,Y,A,-,N,NA,NA,NA,NA,NA,NA,NA,NA,NA,Y,4,0,1,2,A,-,12,21453,A,N,D,C,A,A,H,-,C,A,0,NA,NA,NA,NA,Y,NA,A,07,0,0,1,0,0,0,0,0,0,-,-,34.10084915161133,-117.29859924316406,SAN BERNARDINO,SAN BERNARDINO,-117.29865264892578,34.100860595703125
8582180,2018,2018-04-10,3610,2018-03-13,1959,50184,NA,2,5,6,3610,0,0,0,NA,0,POLICE,5TH ST,F ST,0,NA,Y,C,-,N,NA,NA,NA,NA,NA,NA,NA,NA,NA,Y,4,0,3,2,A,-,12,21453,A,N,D,C,A,B,H,-,C,A,0,NA,NA,NA,NA,Y,NA,-,-,0,0,3,0,0,0,0,0,0,-,-,NA,NA,SAN BERNARDINO,SAN BERNARDINO,-117.29640197753906,34.10831069946289
8582874,2018,2018-03-28,3600,2018-01-26,1729,D3311,RC051,5,5,6,3616,0,0,0,NA,0,RC4,ARROW RTE,BEAR GULCH PL,0,W,N,A,-,N,NA,NA,NA,NA,NA,NA,NA,NA,NA,Y,4,0,2,4,A,-,03,22350,NA,N,C,C,A,A,H,-,B,A,0,NA,NA,NA,NA,Y,Y,D,22,0,0,2,0,0,0,0,0,0,-,-,NA,NA,SAN BERNARDINO,RANCHO CUCAMONGA,-117.60784912109376,34.09933090209961
8582993,2018,2018-03-27,3610,2018-03-09,0938,51069,NA,5,5,6,3610,0,0,0,NA,0,POLICE,E 3RD ST,N PEDLEY RD,0,NA,Y,A,-,N,NA,NA,NA,NA,NA,NA,NA,NA,NA,Y,4,0,1,3,A,-,09,21802,A,M,D,C,A,A,H,-,A,A,0,NA,NA,NA,NA,Y,NA,A,01,0,0,1,0,0,0,0,0,0,-,-,NA,NA,SAN BERNARDINO,SAN BERNARDINO,-117.2667999267578,34.10430145263672
8583033,2018,2018-03-27,3610,2018-03-13,1850,50049,NA,2,5,6,3610,0,0,0,NA,0,POLICE,W BASELINE ST,MEDICAL CENTER DR,139,E,N,C,-,N,NA,NA,NA,NA,NA,NA,NA,NA,NA,Y,4,0,2,3,A,-,09,21801,A,N,D,C,A,B,H,-,B,D,0,NA,NA,NA,NA,Y,NA,A,01,0,0,2,0,0,0,0,0,0,-,-,34.12133026123047,-117.32257080078124,SAN BERNARDINO,SAN BERNARDINO,-117.32211303710938,34.12131881713867
8583056,2018,2018-03-27,3600,2018-03-03,0946,C9392,RC027,6,5,6,3616,0,0,0,NA,0,NA,ARCHIBALD AV,WILSON AV,0,NA,Y,C,-,N,NA,NA,NA,NA,NA,NA,NA,NA,NA,Y,4,0,1,1,A,-,03,22350,NA,N,E,I,A,B,H,-,A,D,0,NA,NA,NA,NA,Y,NA,A,01,0,0,1,0,0,0,0,0,0,-,-,NA,NA,SAN BERNARDINO,RANCHO CUCAMONGA,-117.59326934814452,34.150508880615234
8583199,2018,2018-03-27,3600,2018-03-14,0816,D3559,RC028,3,5,6,3616,0,0,0,NA,0,002,ARCHIBALD AV,VICTORIA ST,0,NA,Y,B,-,N,NA,NA,NA,NA,NA,NA,NA,NA,NA,Y,4,0,1,2,A,-,09,21802,A,N,D,C,A,B,H,-,A,A,0,NA,NA,NA,NA,Y,NA,A,01,0,0,1,0,0,0,0,0,0,-,-,NA,NA,SAN BERNARDINO,RANCHO CUCAMONGA,-117.59361267089844,34.128971099853516
8583895,2018,2018-04-04,3600,2018-03-11,1541,C8400,AP008,7,5,5,3621,0,0,0,NA,0,AP3,YUCCA LOMA RD,IROQUOIS RD,0,NA,Y,B,-,N,NA,NA,NA,NA,NA,NA,NA,NA,NA,Y,4,0,1,2,A,-,12,22450,A,N,D,C,A,A,H,-,A,A,0,NA,NA,NA,NA,Y,NA,A,01,0,0,1,0,0,0,0,0,0,-,-,NA,NA,SAN BERNARDINO,APPLE VALLEY,-117.2111587524414,34.50046920776367
8584000,2018,2018-04-06,3604,2018-02-07,2009,1196,NA,3,5,6,3604,0,0,0,NA,0,3604,SUMMIT AV,CITRUS AV,0,NA,Y,A,-,N,NA,NA,NA,NA,NA,NA,NA,NA,NA,Y,4,0,1,2,A,-,12,21453,A,N,D,C,A,A,H,-,C,A,0,NA,NA,NA,NA,Y,NA,A,01,0,0,1,0,0,0,0,0,0,-,-,NA,NA,SAN BERNARDINO,FONTANA,-117.45352935791016,34.15037155151367
8589782,2018,2018-08-07,3608,2018-03-05,1813,3821,NA,1,5,5,3608,0,0,0,NA,0,NA,TENNESSEE ST,RT 10,0,NA,Y,A,-,Y,SBD,8,10,-,-,29.663,R,4,W,Y,4,0,3,3,A,-,12,21453,A,N,D,C,A,A,H,-,C,A,0,NA,NA,NA,NA,Y,NA,A,01,0,0,3,0,0,0,0,0,0,-,-,NA,NA,SAN BERNARDINO,REDLANDS,-117.20295715332033,34.06649398803711
8589833,2018,2018-04-06,3600,2018-03-18,2017,C94999,YC308,7,5,4,3640,0,0,0,NA,0,NA,3RD ST,AVENUE G,538,S,N,A,-,N,NA,NA,NA,NA,NA,NA,NA,NA,NA,N,4,0,3,2,A,-,03,22350,A,N,D,C,A,A,H,-,C,A,0,NA,NA,NA,NA,Y,NA,A,01,0,0,3,0,0,0,0,0,0,-,-,NA,NA,SAN BERNARDINO,YUCAIPA,-117.0471420288086,34.012535095214844
8590547,2018,2018-04-10,3604,2018-03-16,1804,1147,NA,5,5,6,3604,0,0,0,NA,0,NA,BASELINE AV,CITRUS AV,3,W,N,B,-,N,NA,NA,NA,NA,NA,NA,NA,NA,NA,Y,3,0,2,1,A,-,03,22350,NA,N,E,I,A,A,H,-,A,A,0,NA,NA,NA,NA,Y,NA,M,91,0,1,1,0,0,0,0,0,0,-,-,NA,NA,SAN BERNARDINO,FONTANA,-117.45362854003906,34.12147903442383
8591005,2018,2018-07-31,3600,2018-03-21,1118,G8542,AP007,3,5,5,3621,0,0,0,NA,0,AP1,NAVAJO RD,RT 18,400,S,N,C,-,N,NA,NA,NA,NA,NA,NA,NA,NA,NA,Y,4,0,1,2,A,-,09,21801,A,N,D,C,A,B,H,-,A,D,0,NA,NA,NA,NA,Y,NA,A,01,0,0,1,0,0,0,0,0,0,-,-,NA,NA,SAN BERNARDINO,APPLE VALLEY,-117.190185546875,34.4991455078125
8591294,2018,2018-04-11,3600,2018-02-25,1223,S3887,VC030,7,5,5,3612,0,0,0,NA,0,003,HESPERIA RD,GREENTREE BL,37,S,N,A,-,N,NA,NA,NA,NA,NA,NA,NA,NA,NA,N,4,0,4,2,A,-,21,22106,NA,N,C,C,A,A,H,-,A,A,0,NA,NA,NA,NA,Y,NA,A,01,0,0,4,0,0,0,0,0,0,-,-,NA,NA,SAN BERNARDINO,VICTORVILLE,-117.29345703125,34.50017547607422
8594112,2018,2018-04-18,3604,2018-03-26,1419,641,NA,1,5,6,3604,0,0,0,NA,0,NA,SUMMIT AV,TURNBERRY WY,27,E,N,A,G,N,NA,NA,NA,NA,NA,NA,NA,NA,NA,Y,4,0,1,1,A,-,08,22107,NA,N,E,I,A,A,H,-,A,D,0,NA,NA,NA,NA,Y,NA,A,01,0,0,1,0,0,0,0,0,0,-,-,NA,NA,SAN BERNARDINO,FONTANA,-117.43900299072266,34.1504020690918
8595878,2018,2018-04-13,3602,2018-02-19,2139,3051,NA,1,5,5,3602,0,0,0,NA,0,001,YORBA AV,RIVERSIDE DR,338,N,N,A,-,N,NA,NA,NA,NA,NA,NA,NA,NA,NA,Y,4,0,2,2,A,-,09,21804,A,N,D,C,A,A,H,-,C,D,0,NA,NA,NA,NA,Y,Y,A,01,0,0,2,0,0,0,0,0,0,-,-,NA,NA,SAN BERNARDINO,CHINO,-117.702392578125,34.01990509033203
8598465,2018,2018-04-18,3600,2018-03-03,2046,G3596,HE113,6,5,5,3619,0,0,0,NA,0,HE1,MESA ST,COTTONWOOD AV,0,NA,Y,A,-,N,NA,NA,NA,NA,NA,NA,NA,NA,NA,N,4,0,1,2,A,-,09,21802,A,N,D,C,A,A,H,-,D,A,0,NA,NA,NA,NA,Y,NA,A,01,0,0,1,0,0,0,0,0,0,-,-,NA,NA,SAN BERNARDINO,HESPERIA,-117.33853149414063,34.44866943359375
8598989,2018,2018-04-23,3600,2018-03-26,1117,F5131,CH065,1,5,5,3630,0,0,0,NA,0,CH4,SOQUEL CANYON PKWY,CYPRESS POINT DR,328,W,N,A,-,N,NA,NA,NA,NA,NA,NA,NA,NA,NA,Y,4,0,1,3,A,-,08,22107,NA,N,B,E,A,A,H,-,A,D,0,NA,NA,NA,NA,Y,NA,-,NA,0,0,1,0,0,0,0,0,0,-,-,NA,NA,SAN BERNARDINO,CHINO HILLS,-117.70362091064452,33.95798110961914
8599337,2018,2018-04-26,3610,2018-03-22,1532,50184,NA,4,5,6,3610,0,0,0,NA,0,POLICE,HOSPITALITY LN,HUNTS LN,100,E,N,C,-,N,NA,NA,NA,NA,NA,NA,NA,NA,NA,N,4,0,1,3,A,-,03,22350,NA,N,C,C,A,B,H,-,A,A,0,NA,NA,NA,NA,Y,NA,A,07,0,0,1,0,0,0,0,0,0,-,-,NA,NA,SAN BERNARDINO,SAN BERNARDINO,-117.28725433349608,34.06584167480469
8599448,2018,2018-04-25,3608,2018-03-27,1722,3821,NA,2,5,5,3608,0,0,0,NA,0,NA,REDLANDS BL,CYPRESS AV,114,N,N,A,-,N,NA,NA,NA,NA,NA,NA,NA,NA,NA,N,4,0,1,2,A,-,03,22350,NA,N,C,C,A,A,H,-,A,A,0,NA,NA,NA,NA,Y,NA,A,01,0,0,1,0,0,0,0,0,0,-,-,NA,NA,SAN BERNARDINO,REDLANDS,-117.17151641845705,34.05051040649414
8599844,2018,2018-05-07,3611,2018-01-31,0702,626,3611,3,5,5,3611,0,0,0,NA,0,002,11TH ST,TULARE WY,0,NA,Y,A,-,N,NA,NA,NA,NA,NA,NA,NA,NA,NA,N,4,0,1,2,A,-,10,21950,A,N,G,B,-,A,H,-,A,A,0,Y,NA,NA,NA,Y,NA,N,60,0,0,1,0,1,0,0,0,0,-,-,NA,NA,SAN BERNARDINO,UPLAND,-117.65776824951172,34.10335922241211
8599908,2018,2018-05-07,3611,2018-01-12,1833,3002,3611,5,5,5,3611,0,0,0,NA,0,004,FOOTHILL BL,MONTE VISTA AV,0,NA,Y,A,-,N,NA,NA,NA,NA,NA,NA,NA,NA,NA,Y,4,0,2,2,A,-,12,21453,A,N,D,D,A,A,H,-,C,A,0,NA,NA,NA,NA,Y,NA,A,07,0,0,2,0,0,0,0,0,0,-,-,NA,NA,SAN BERNARDINO,UPLAND,-117.69841766357422,34.1068000793457
8601746,2018,2018-08-09,3600,2018-03-12,1940,G3596,HE301,1,5,5,3619,0,0,0,NA,0,HE3,RT 395,JOSHUA ST,0,NA,Y,A,-,Y,SBD,8,395,-,R,4.517,I,5,S,N,4,0,2,2,A,-,12,21453,A,N,D,C,A,A,H,-,C,A,0,NA,NA,NA,NA,Y,NA,D,22,0,0,2,0,0,0,0,0,0,-,-,NA,NA,SAN BERNARDINO,HESPERIA,-117.39952850341795,34.407554626464844
8601941,2018,2018-05-16,3604,2018-05-03,2359,1154,NA,4,5,6,3604,0,0,0,NA,0,NA,MANGO AV,SEVILLE AV,0,NA,Y,A,-,N,NA,NA,NA,NA,NA,NA,NA,NA,NA,Y,3,0,1,1,A,-,03,22350,NA,N,E,I,A,A,H,-,C,A,0,NA,NA,Y,NA,Y,NA,C,02,0,1,0,0,0,0,0,0,1,-,-,NA,NA,SAN BERNARDINO,FONTANA,-117.43142700195313,34.10160827636719
8602335,2018,2018-05-24,3600,2018-03-25,2028,D3381,VC020,7,5,5,3612,0,0,0,NA,0,VC3,NISQUALLI RD,MARIPOSA RD,0,NA,Y,A,-,N,NA,NA,NA,NA,NA,NA,NA,NA,NA,Y,3,0,3,2,A,-,12,21453,A,N,D,C,A,A,H,-,C,A,0,NA,NA,NA,NA,Y,NA,-,-,0,3,0,0,0,0,0,0,0,-,-,NA,NA,SAN BERNARDINO,VICTORVILLE,-117.33226013183594,34.48516082763672
8602499,2018,2018-05-17,3600,2018-03-24,1011,S3887,VC057,6,5,5,3612,0,0,0,NA,0,004,PALMDALE RD,BOREGO RD,356,W,N,A,-,N,NA,NA,NA,NA,NA,NA,NA,NA,NA,N,3,0,1,2,A,-,09,21801,A,N,D,C,A,A,H,-,A,D,0,NA,NA,Y,NA,Y,NA,A,01,0,1,0,0,0,0,0,0,1,-,-,NA,NA,SAN BERNARDINO,VICTORVILLE,-117.33599853515624,34.506813049316406
8603630,2018,2018-05-15,3610,2018-04-11,1501,51159,NA,3,5,6,3610,0,0,0,NA,0,CHARLI,NORTH WATERMAN AV,18TH ST,0,NA,Y,A,-,N,NA,NA,NA,NA,NA,NA,NA,NA,NA,N,4,0,1,2,C,-,18,NA,NA,N,G,B,D,A,H,-,A,D,0,Y,NA,NA,NA,Y,NA,-,-,0,0,1,0,1,0,0,0,0,-,-,34.1314582824707,-117.27877807617188,SAN BERNARDINO,SAN BERNARDINO,-117.27877044677734,34.13140869140625
8604148,2018,2018-08-17,3610,2018-04-17,2207,50700,NA,2,5,6,3610,0,0,0,NA,0,POLICE,W MILL ST,RT 215,0,NA,Y,A,-,Y,SBD,8,215,-,-,6.244,R,4,S,Y,4,0,1,2,A,-,01,23152,F,N,D,C,A,A,H,-,C,A,0,NA,NA,NA,NA,Y,NA,A,08,0,0,1,0,0,0,0,0,0,-,-,34.132930755615234,-117.2936782836914,SAN BERNARDINO,SAN BERNARDINO,-117.30200958251952,34.09478759765625
8604444,2018,2018-05-08,3604,2018-04-10,1618,641,NA,2,5,6,3604,0,0,0,NA,0,NA,SLOVER AV,BEECH AV,0,NA,Y,A,-,N,NA,NA,NA,NA,NA,NA,NA,NA,NA,Y,3,0,1,2,A,-,08,22100,A,N,D,C,A,A,H,-,A,A,0,NA,NA,NA,NA,Y,NA,A,01,0,1,0,0,0,0,0,0,0,-,-,NA,NA,SAN BERNARDINO,FONTANA,-117.47129058837892,34.062950134277344
8605023,2018,2018-05-17,3609,2018-04-27,1200,5403,82,5,5,5,3609,0,0,0,NA,0,002,PEPPER AV,HIGHLAND AV,5,S,N,A,-,N,NA,NA,NA,NA,NA,NA,NA,NA,NA,N,4,0,1,2,A,-,04,21703,NA,N,C,C,A,A,H,-,A,D,0,NA,NA,NA,NA,Y,NA,I,09,0,0,1,0,0,0,0,0,0,-,-,34.136009216308594,-117.40545654296876,SAN BERNARDINO,RIALTO,-117.35333251953124,34.13600540161133
8606808,2018,2018-05-09,3610,2018-04-17,0734,50569,NA,2,5,6,3610,0,0,0,NA,0,CHARLI,PACIFIC ST,ARDEN AV,574,E,N,A,-,N,NA,NA,NA,NA,NA,NA,NA,NA,NA,Y,4,0,2,2,A,-,09,21801,A,N,D,C,A,A,H,-,A,D,0,NA,NA,NA,NA,Y,NA,A,01,0,0,2,0,0,0,0,0,0,-,-,NA,NA,SAN BERNARDINO,SAN BERNARDINO,-117.23298645019533,34.12856674194336
8607115,2017,2018-06-05,3603,2017-11-13,0838,4866,308,1,5,4,3603,0,0,0,NA,0,003,RANCHO AV,LA CADENA DR,488,W,N,A,-,N,NA,NA,NA,NA,NA,NA,NA,NA,NA,Y,4,0,1,1,A,-,08,22107,NA,N,A,I,A,A,H,-,A,D,0,NA,NA,NA,NA,Y,NA,D,22,0,0,1,0,0,0,0,0,0,-,-,NA,NA,SAN BERNARDINO,COLTON,-117.33228859,34.05018635
8610175,2018,2018-05-07,3605,2018-04-05,0919,318,NA,4,5,4,3605,0,0,0,NA,0,NA,RAMONA AV,HOWARD ST,32,N,N,A,-,N,NA,NA,NA,NA,NA,NA,NA,NA,NA,N,4,0,1,2,A,-,03,22350,NA,N,C,C,A,A,H,-,A,A,0,NA,NA,NA,NA,Y,NA,A,01,0,0,1,0,0,0,0,0,0,-,-,NA,NA,SAN BERNARDINO,MONTCLAIR,-117.70684051513672,34.05224609375
8611247,2018,2018-05-10,3600,2018-04-05,0515,F5234,HI011,4,5,4,3618,0,0,0,NA,0,HI2,PACIFIC ST,SAN FRANCISCO ST,245,E,N,A,-,N,NA,NA,NA,NA,NA,NA,NA,NA,NA,Y,3,0,1,2,A,-,03,22350,NA,N,C,J,A,A,H,-,D,D,0,NA,NA,NA,NA,Y,NA,A,01,0,1,0,0,0,0,0,0,0,-,-,NA,NA,SAN BERNARDINO,HIGHLAND,-117.22272491455078,34.128543853759766
8612169,2018,2018-04-26,3609,2018-03-19,1555,3251,97,1,5,5,3609,0,0,0,NA,0,002,BASELINE RD,RIVERSIDE AV,500,E,N,A,-,N,NA,NA,NA,NA,NA,NA,NA,NA,NA,N,2,0,1,2,A,-,09,21804,A,N,D,C,A,A,H,-,A,D,0,NA,NA,NA,NA,Y,NA,A,01,1,0,0,0,0,0,0,0,0,-,-,34.12137985229492,-117.37346649169922,SAN BERNARDINO,RIALTO,-117.37042236328124,34.1213493347168
8616139,2018,2018-05-17,3600,2018-04-22,1334,E2055,HE108,7,5,5,3619,0,0,0,NA,0,HE1,3RD AV,SYCAMORE ST,13,N,N,A,-,N,NA,NA,NA,NA,NA,NA,NA,NA,NA,Y,4,0,1,2,A,-,09,21802,A,N,D,C,A,A,H,-,A,A,0,NA,NA,NA,NA,Y,NA,A,07,0,0,1,0,0,0,0,0,0,-,-,NA,NA,SAN BERNARDINO,HESPERIA,-117.30355072021484,34.463523864746094
8619422,2018,2018-05-25,3611,2018-02-12,1535,3164,3611,1,5,5,3611,0,0,0,NA,0,001,FOOTHILL BL,SAN ANTONIO AV,336,E,N,A,-,N,NA,NA,NA,NA,NA,NA,NA,NA,NA,Y,4,0,1,1,A,-,08,22107,NA,N,E,I,A,A,H,-,A,D,0,NA,NA,NA,NA,Y,NA,-,NA,0,0,1,0,0,0,0,0,0,-,-,NA,NA,SAN BERNARDINO,UPLAND,-117.65968322753906,34.10697937011719
8619430,2018,2018-05-22,3611,2018-02-25,1815,3024,3611,7,5,5,3611,0,0,0,NA,0,003,CAMPUS AV,14TH ST,21,S,N,A,-,N,NA,NA,NA,NA,NA,NA,NA,NA,NA,Y,4,0,2,2,A,-,09,21801,A,N,D,C,A,A,H,-,C,A,0,NA,NA,NA,NA,Y,NA,A,01,0,0,2,0,0,0,0,0,0,-,-,NA,NA,SAN BERNARDINO,UPLAND,-117.64154815673828,34.11424255371094
8622243,2018,2018-05-31,3600,2018-05-06,0125,D6180,HE201,7,5,5,3619,0,0,0,NA,0,HE2,I AV,DONERT ST,221,S,N,A,-,N,NA,NA,NA,NA,NA,NA,NA,NA,NA,Y,3,0,1,1,A,-,01,23152,G,M,E,I,A,A,H,-,C,A,0,NA,NA,NA,NA,Y,Y,A,01,0,1,0,0,0,0,0,0,0,-,-,NA,NA,SAN BERNARDINO,HESPERIA,-117.27701568603516,34.4660530090332