CASE_ID,ACCIDENT_YEAR,PROC_DATE,JURIS,COLLISION_DATE,COLLISION_TIME,OFFICER_ID,REPORTING_DISTRICT,DAY_OF_WEEK,CHP_SHIFT,POPULATION,CNTY_CITY_LOC,SPECIAL_COND,BEAT_TYPE,CHP_BEAT_TYPE,CITY_DIVISION_LAPD,CHP_BEAT_CLASS,BEAT_NUMBER,PRIMARY_RD,SECONDARY_RD,DISTANCE,DIRECTION,INTERSECTION,WEATHER_1,WEATHER_2,STATE_HWY_IND,CALTRANS_COUNTY,CALTRANS_DISTRICT,STATE_ROUTE,ROUTE_SUFFIX,POSTMILE_PREFIX,POSTMILE,LOCATION_TYPE,RAMP_INTERSECTION,SIDE_OF_HWY,TOW_AWAY,COLLISION_SEVERITY,NUMBER_KILLED,NUMBER_INJURED,PARTY_COUNT,PRIMARY_COLL_FACTOR,PCF_CODE_OF_VIOL,PCF_VIOL_CATEGORY,PCF_VIOLATION,PCF_VIOL_SUBSECTION,HIT_AND_RUN,TYPE_OF_COLLISION,MVIW,PED_ACTION,ROAD_SURFACE,ROAD_COND_1,ROAD_COND_2,LIGHTING,CONTROL_DEVICE,CHP_ROAD_TYPE,PEDESTRIAN_ACCIDENT,BICYCLE_ACCIDENT,MOTORCYCLE_ACCIDENT,TRUCK_ACCIDENT,NOT_PRIVATE_PROPERTY,ALCOHOL_INVOLVED,STWD_VEHTYPE_AT_FAULT,CHP_VEHTYPE_AT_FAULT,COUNT_SEVERE_INJ,COUNT_VISIBLE_INJ,COUNT_COMPLAINT_PAIN,COUNT_PED_KILLED,COUNT_PED_INJURED,COUNT_BICYCLIST_KILLED,COUNT_BICYCLIST_INJURED,COUNT_MC_KILLED,COUNT_MC_INJURED,PRIMARY_RAMP,SECONDARY_RAMP,LATITUDE,LONGITUDE,COUNTY,CITY,POINT_X,POINT_Y
8963488,2019,2019-10-31,3610,2019-09-07,2213,51197,NA,6,5,6,3610,0,0,0,NA,0,POLICE,E BASELINE ST,NORTH SIERRA WY,0,NA,Y,A,-,N,NA,NA,NA,NA,NA,NA,NA,NA,NA,Y,4,0,2,2,A,-,12,21453,A,N,B,C,A,A,H,-,C,A,0,NA,NA,NA,NA,Y,NA,A,01,0,0,2,0,0,0,0,0,0,-,-,NA,NA,SAN BERNARDINO,SAN BERNARDINO,-117.28514862060548,34.121341705322266
8922326,2019,2019-08-30,3610,2019-05-03,2500,51018,NA,5,5,6,3610,0,0,0,NA,0,ADAM,MT VERNON AV,5TH ST,60,N,N,A,-,N,NA,NA,NA,NA,NA,NA,NA,NA,NA,Y,4,0,1,2,A,-,03,22350,NA,N,C,C,A,A,H,-,A,D,0,NA,NA,NA,NA,Y,NA,A,01,0,0,1,0,0,0,0,0,0,-,-,34.109100341796875,-117.31410217285156,SAN BERNARDINO,SAN BERNARDINO,-117.31382751464844,34.10849380493164
8968592,2019,2019-11-13,3600,2019-08-19,0747,F6904,RC035,1,5,6,3616,0,0,0,NA,0,RC5,4TH ST,HERMOSA AV,0,NA,Y,A,-,N,NA,NA,NA,NA,NA,NA,NA,NA,NA,Y,4,0,2,2,A,-,09,21453,B,N,D,C,A,A,H,-,A,A,0,NA,NA,NA,NA,Y,NA,A,01,0,0,2,0,0,0,0,0,0,-,-,NA,NA,SAN BERNARDINO,RANCHO CUCAMONGA,-117.58460235595705,34.077449798583984
8968624,2019,2019-11-13,3600,2019-08-27,0859,G6918,VC067,2,5,5,3612,0,0,0,NA,0,VC6,AIR EXPRESS WY,GEORGE BL,91,E,N,A,-,N,NA,NA,NA,NA,NA,NA,NA,NA,NA,N,4,0,1,2,A,-,03,22350,NA,N,C,C,A,A,H,-,A,A,0,NA,NA,NA,NA,Y,NA,A,01,0,0,1,0,0,0,0,0,0,-,-,NA,NA,SAN BERNARDINO,VICTORVILLE,-117.3602294921875,34.57221603393555
8971929,2018,2019-12-18,3609,2018-02-20,2200,D456,RI134,2,5,5,3609,0,0,0,NA,0,004,RIVERSIDE AV,SANTA ANNA AV,0,NA,Y,A,-,N,NA,NA,NA,NA,NA,NA,NA,NA,NA,Y,4,0,1,2,A,-,03,22350,NA,N,C,C,A,A,H,-,C,A,0,NA,NA,NA,NA,Y,NA,A,01,0,0,1,0,0,0,0,0,0,-,-,34.05609893798828,-117.37030029296876,SAN BERNARDINO,RIALTO,-117.3702392578125,34.05590057373047
8921760,2019,2020-06-04,3602,2019-07-25,0829,2928,NA,4,5,5,3602,0,0,0,NA,0,003,EAST END AV,LETICIA WY,0,NA,Y,B,-,N,NA,NA,NA,NA,NA,NA,NA,NA,NA,N,3,0,1,2,C,-,18,NA,NA,N,E,I,A,A,H,-,A,D,0,NA,NA,NA,NA,Y,NA,-,-,0,1,0,0,0,0,0,0,0,-,-,NA,NA,SAN BERNARDINO,CHINO,-117.72402191162108,34.00735092163086
8973317,2019,2019-11-06,3600,2019-07-31,1711,F7786,RC008,3,5,6,3616,0,0,0,NA,0,003,BASE LINE RD,EAST AV,0,NA,Y,A,-,N,NA,NA,NA,NA,NA,NA,NA,NA,NA,Y,3,0,1,2,A,-,01,23152,A,N,D,C,A,A,H,-,A,A,0,NA,NA,Y,NA,Y,Y,C,02,0,1,0,0,0,0,0,0,1,-,-,NA,NA,SAN BERNARDINO,RANCHO CUCAMONGA,-117.51451873779295,34.121551513671875
8918259,2019,2019-08-28,3600,2019-07-14,0529,C9499,YC403,7,5,4,3640,0,0,0,NA,0,YC3,OAKGLEN RD,CALIMESA BL,0,NA,Y,A,-,N,NA,NA,NA,NA,NA,NA,NA,NA,NA,N,4,0,2,2,A,-,12,21453,A,N,D,C,A,A,H,-,B,A,0,NA,NA,NA,NA,Y,NA,A,01,0,0,2,0,0,0,0,0,0,-,-,NA,NA,SAN BERNARDINO,YUCAIPA,-117.09393310546876,34.018001556396484
8917828,2019,2019-08-20,3605,2019-07-20,1251,384,NA,6,5,4,3605,0,0,0,NA,0,NA,KINGSLEY ST,RAMONA AV,0,NA,Y,A,-,N,NA,NA,NA,NA,NA,NA,NA,NA,NA,N,4,0,1,2,A,-,12,22450,A,N,D,C,A,A,H,-,A,A,0,NA,NA,NA,NA,Y,NA,A,01,0,0,1,0,0,0,0,0,0,-,-,NA,NA,SAN BERNARDINO,MONTCLAIR,-117.70703125,34.06678009033203
8975582,2019,2019-11-25,3602,2019-10-22,1327,3368,43,2,5,5,3602,0,0,0,NA,0,003,RIVERSIDE DR,PIPELINE AV,0,NA,Y,A,-,N,NA,NA,NA,NA,NA,NA,NA,NA,NA,Y,4,0,1,2,D,-,00,NA,NA,N,D,C,A,A,H,-,A,A,0,NA,NA,NA,NA,Y,NA,-,-,0,0,1,0,0,0,0,0,0,-,-,NA,NA,SAN BERNARDINO,CHINO,-117.71546173095705,34.0189094543457
8914682,2019,2019-08-12,3602,2019-06-24,1416,3955,NA,1,5,5,3602,0,0,0,NA,0,003,NORTON AV,SCHAEFER AV,0,NA,Y,A,-,N,NA,NA,NA,NA,NA,NA,NA,NA,NA,Y,3,0,2,2,A,-,12,21453,A,N,D,C,A,A,H,-,A,A,0,NA,NA,NA,NA,Y,NA,A,08,0,1,1,0,0,0,0,0,0,-,-,NA,NA,SAN BERNARDINO,CHINO,-117.7109375,34.004390716552734
8911884,2020,2020-12-16,3600,2020-07-17,1743,G6918,VC048,5,5,5,3612,0,0,0,NA,0,1743,VILLAGE DR,CAMINO RD,0,NA,Y,A,-,N,NA,NA,NA,NA,NA,NA,NA,NA,NA,Y,1,1,1,2,A,-,09,21802,A,N,D,C,A,A,H,-,A,A,0,NA,NA,NA,NA,Y,NA,A,01,0,1,0,0,0,0,0,0,0,-,-,NA,NA,SAN BERNARDINO,VICTORVILLE,-117.31916809082033,34.53981018066406
8911828,2020,2020-11-20,3609,2020-09-29,1621,8510,RI111,2,5,5,3609,0,0,0,NA,0,002,RIVERSIDE AV,MADRONA ST,0,NA,Y,A,-,N,NA,NA,NA,NA,NA,NA,NA,NA,NA,Y,1,1,1,2,A,-,09,21801,B,N,D,C,A,A,H,-,A,D,0,NA,NA,NA,NA,Y,NA,A,01,1,0,0,0,0,0,0,0,0,-,-,NA,NA,SAN BERNARDINO,RIALTO,-117.37039184570313,34.11716842651367
8980521,2019,2019-12-18,3609,2019-10-31,1439,2493,RI097,4,5,5,3609,0,0,0,NA,0,002,WILLOW AV,SHAMROCK ST,0,NA,Y,A,-,N,NA,NA,NA,NA,NA,NA,NA,NA,NA,N,4,0,1,2,A,-,09,21802,A,N,D,C,A,A,H,-,A,A,0,NA,NA,NA,NA,Y,NA,-,-,0,0,1,0,0,0,0,0,0,-,-,NA,NA,SAN BERNARDINO,RIALTO,-117.3747787475586,34.119171142578125
8982342,2019,2019-12-13,3610,2019-10-31,1900,51159,NA,4,5,6,3610,0,0,0,NA,0,POLICE,SOUTH WATERMAN AV,CAROLINE ST,660,S,N,A,-,N,NA,NA,NA,NA,NA,NA,NA,NA,NA,N,4,0,1,3,A,-,03,22350,NA,N,C,C,A,A,H,-,C,D,0,NA,NA,NA,NA,Y,NA,A,08,0,0,1,0,0,0,0,0,0,-,-,34.06147003173828,-117.27871704101563,SAN BERNARDINO,SAN BERNARDINO,-117.27870941162108,34.05965042114258
8982354,2019,2019-12-12,3610,2019-10-25,1333,51155,NA,5,5,6,3610,0,0,0,NA,0,POLICE,W BASELINE ST,RT 215,0,NA,Y,A,-,N,NA,NA,NA,NA,NA,NA,NA,NA,NA,Y,3,0,1,2,A,-,12,21453,A,N,D,C,A,A,H,-,A,A,0,NA,NA,NA,NA,Y,NA,A,01,0,1,0,0,0,0,0,0,0,-,-,34.121299743652344,-117.3009033203125,SAN BERNARDINO,SAN BERNARDINO,-117.30268096923828,34.12133026123047
8983095,2019,2019-12-03,3600,2019-10-11,1246,E6889,HE221,5,5,5,3619,0,0,0,NA,0,HE2,C AV,MAIN ST,70,S,N,A,-,N,NA,NA,NA,NA,NA,NA,NA,NA,NA,N,4,0,1,2,A,-,09,21801,A,N,D,C,A,A,H,-,A,D,0,NA,NA,NA,NA,Y,NA,A,07,0,0,1,0,0,0,0,0,0,-,-,NA,NA,SAN BERNARDINO,HESPERIA,-117.29684448242188,34.42066955566406
8911236,2020,2022-06-13,3604,2020-05-27,2141,1147,NA,3,5,6,3604,0,0,0,NA,0,NA,FOOTHILL BL,BEECH AV,512,W,N,A,-,Y,SBD,8,210,-,-,12.82,H,-,W,Y,1,1,0,2,A,-,11,21954,A,F,G,B,E,A,H,-,C,D,0,Y,NA,NA,NA,Y,NA,N,60,0,0,0,1,0,0,0,0,0,-,-,NA,NA,SAN BERNARDINO,FONTANA,-117.47288513183594,34.136722564697266
8983900,2019,2019-12-02,3600,2019-07-30,1652,F7804,YC3,2,5,4,3640,0,0,0,NA,0,YC3,YUCAIPA BL,4TH ST,0,NA,Y,A,-,N,NA,NA,NA,NA,NA,NA,NA,NA,NA,Y,4,0,1,2,C,-,18,NA,NA,N,B,C,A,A,H,-,A,A,0,NA,NA,NA,NA,Y,NA,-,-,0,0,1,0,0,0,0,0,0,-,-,NA,NA,SAN BERNARDINO,YUCAIPA,-117.05188751220705,34.033870697021484
8984167,2018,2019-12-04,3607,2018-11-22,1403,80536276,276,4,5,6,3607,0,0,0,NA,0,071,RIVERSIDE DR,COLONIAL AV,515,W,N,A,-,N,NA,NA,NA,NA,NA,NA,NA,NA,NA,NA,4,0,1,2,A,-,09,21801,A,N,D,C,A,A,H,-,A,D,0,NA,NA,NA,NA,Y,NA,A,01,0,0,1,0,0,0,0,0,0,-,-,NA,NA,SAN BERNARDINO,ONTARIO,-117.5986557006836,34.01918029785156
8984431,2019,2020-02-10,3607,2019-03-14,0709,80515,NA,4,5,6,3607,0,0,0,NA,0,052,EUCLID AV,FRANCIS ST,0,NA,Y,A,-,Y,SBD,8,83,-,-,7.917,I,5,S,N,3,0,1,2,A,-,12,21453,A,N,H,G,A,A,H,-,A,A,0,NA,Y,NA,NA,Y,NA,L,04,0,1,0,0,0,0,1,0,0,-,-,NA,NA,SAN BERNARDINO,ONTARIO,-117.65108489990234,34.04106903076172
8984454,2019,2020-02-10,3607,2019-01-22,2500,80536,90,2,5,6,3607,0,0,0,NA,0,021,EUCLID AV,H ST,0,NA,Y,A,-,Y,SBD,8,83,-,-,10.089,I,5,S,NA,3,0,2,2,A,-,09,21802,A,N,D,C,A,A,H,-,A,A,0,NA,NA,NA,NA,Y,NA,A,01,0,2,0,0,0,0,0,0,0,-,-,NA,NA,SAN BERNARDINO,ONTARIO,-117.65122985839844,34.0724983215332
8984463,2019,2021-04-06,3607,2019-04-25,2338,80262,NA,4,5,6,3607,0,0,0,NA,0,NA,EUCLID AV,SUNKIST ST,50,N,N,A,-,Y,SBD,8,83,-,-,9.1,H,-,N,N,3,0,1,3,A,-,08,22107,NA,N,C,E,A,A,H,-,C,D,0,NA,NA,NA,NA,Y,NA,A,01,0,1,0,0,0,0,0,0,0,-,-,NA,NA,SAN BERNARDINO,ONTARIO,-117.6508331298828,34.058189392089844
8984471,2019,2020-01-10,3607,2019-04-18,0915,80522,950,4,5,6,3607,0,0,0,NA,0,032,ARCHIBALD AV,4TH ST,400,S,N,A,-,N,NA,NA,NA,NA,NA,NA,NA,NA,NA,N,4,0,1,1,A,-,08,22107,NA,N,E,I,A,A,H,-,A,D,0,NA,NA,NA,NA,Y,NA,A,07,0,0,1,0,0,0,0,0,0,-,-,NA,NA,SAN BERNARDINO,ONTARIO,-117.59339904785156,34.076393127441406
8984513,2018,2019-12-09,3607,2018-05-18,1617,80313,264,5,5,6,3607,0,0,0,NA,0,062,EUCLID AV,WALNUT ST,0,NA,Y,A,-,N,NA,NA,NA,NA,NA,NA,NA,NA,NA,N,4,0,4,2,A,-,12,21453,A,N,D,C,A,A,H,-,A,A,0,NA,NA,NA,NA,Y,NA,A,01,0,0,4,0,0,0,0,0,0,-,-,NA,NA,SAN BERNARDINO,ONTARIO,-117.65100860595705,34.02653884887695
8984526,2018,2019-12-07,3607,2018-02-01,1432,80313,82,4,5,6,3607,0,0,0,NA,0,041,4TH ST,RT 15,100,W,N,A,-,Y,NA,NA,NA,NA,NA,NA,NA,NA,NA,N,4,0,1,2,A,-,07,21658,A,N,B,C,A,A,H,-,A,A,0,NA,NA,NA,NA,Y,NA,A,07,0,0,1,0,0,0,0,0,0,-,NF,NA,NA,SAN BERNARDINO,ONTARIO,-117.54535675048828,34.07712936401367
8984578,2018,2019-12-11,3607,2018-09-02,1601,80554,230,7,5,6,3607,0,0,0,NA,0,052,EUCLID AV,CEDAR ST,0,NA,Y,A,-,N,NA,NA,NA,NA,NA,NA,NA,NA,NA,Y,4,0,1,2,A,-,09,21802,A,N,D,C,A,A,H,-,A,A,0,NA,NA,NA,NA,Y,NA,A,01,0,0,1,0,0,0,0,0,0,-,-,NA,NA,SAN BERNARDINO,ONTARIO,-117.65104675292967,34.037418365478516
8984595,2018,2019-12-07,3607,2018-11-29,2315,20041,126,4,5,6,3607,0,0,0,NA,0,022,EUCLID AV,HOLT BL,0,NA,Y,B,-,N,NA,NA,NA,NA,NA,NA,NA,NA,NA,Y,4,0,2,2,A,-,12,21453,A,N,D,C,A,B,H,-,C,A,0,NA,NA,NA,NA,Y,NA,A,01,0,0,2,0,0,0,0,0,0,-,-,NA,NA,SAN BERNARDINO,ONTARIO,-117.65119171142578,34.063358306884766
8984606,2018,2019-12-07,3607,2018-10-02,1338,80557,250,2,5,6,3607,0,0,0,NA,0,071,VINEYARD AV,RT 60,0,NA,Y,A,-,Y,NA,NA,NA,NA,NA,NA,NA,NA,NA,N,4,0,1,2,A,-,12,21453,A,N,D,C,A,A,H,-,A,A,0,NA,NA,Y,NA,Y,NA,-,-,0,0,1,0,0,0,0,0,1,-,EF,NA,NA,SAN BERNARDINO,ONTARIO,-117.61102294921876,34.0306510925293
8986551,2019,2019-12-20,3608,2019-10-14,1655,4943,CENTR,1,5,5,3608,0,0,0,NA,0,NA,SAN TIMOTEO CANYON RD,BEAUMONT AV,0,NA,Y,A,-,N,NA,NA,NA,NA,NA,NA,NA,NA,NA,N,4,0,2,2,A,-,08,22107,NA,N,D,C,A,A,H,-,A,A,0,NA,NA,NA,NA,Y,NA,A,01,0,0,2,0,0,0,0,0,0,-,-,NA,NA,SAN BERNARDINO,REDLANDS,-117.20957183837892,34.037418365478516
8986665,2019,2020-02-10,3608,2019-10-20,1522,2898,NA,7,5,5,3608,0,0,0,NA,0,NA,RT 38,BERKELEY DR,0,NA,Y,A,-,Y,SBD,8,38,-,-,1.204,I,5,W,Y,4,0,2,3,A,-,09,21801,A,N,D,C,A,A,H,-,A,D,0,NA,NA,NA,NA,Y,NA,A,01,0,0,2,0,0,0,0,0,0,-,-,NA,NA,SAN BERNARDINO,REDLANDS,-117.1714324951172,34.07004928588867
8988355,2019,2020-01-06,3607,2019-09-06,0538,80534,175,5,5,6,3607,0,0,0,NA,0,042,JURUPA AV,ETIWANDA AV,300,W,N,A,-,N,NA,NA,NA,NA,NA,NA,NA,NA,NA,Y,4,0,2,2,A,-,08,22107,NA,N,D,C,A,A,H,-,C,D,0,NA,NA,NA,NA,Y,NA,A,01,0,0,2,0,0,0,0,0,0,-,-,NA,NA,SAN BERNARDINO,ONTARIO,-117.52527618408205,34.04682922363281
8988374,2019,2020-02-10,3607,2019-04-30,0858,15060,260,2,5,6,3607,0,0,0,NA,0,071,ARCHIBALD AV,RT 60,0,NA,Y,B,-,Y,SBD,8,60,-,R,7.702,R,4,W,Y,4,0,1,2,A,-,12,21453,A,N,D,C,A,A,H,-,A,A,0,NA,NA,NA,NA,Y,NA,D,22,0,0,1,0,0,0,0,0,0,-,-,NA,NA,SAN BERNARDINO,ONTARIO,-117.59646606445313,34.03071594238281
8988398,2019,2020-02-07,3607,2019-04-22,1543,80388,NA,1,5,6,3607,0,0,0,NA,0,NA,MOUNTAIN VIEW,RT 60,150,N,N,A,-,N,NA,NA,NA,NA,NA,NA,NA,NA,NA,NA,4,0,1,2,A,-,09,21804,A,N,D,C,A,A,H,-,A,A,0,NA,NA,NA,NA,Y,NA,A,01,0,0,1,0,0,0,0,0,0,-,WO,NA,NA,SAN BERNARDINO,ONTARIO,-117.66764068603516,34.030879974365234
8911031,2020,2022-06-13,3600,2020-01-05,1744,W2741,HI003,7,5,4,3618,0,0,0,NA,0,001,BASELINE,GOLONDRINA,44,W,N,A,-,N,NA,NA,NA,NA,NA,NA,NA,NA,NA,Y,1,1,0,2,A,-,11,21954,A,N,G,B,D,A,H,-,D,D,0,Y,NA,NA,NA,Y,Y,N,60,0,0,0,1,0,0,0,0,0,-,-,NA,NA,SAN BERNARDINO,HIGHLAND,-117.2471160888672,34.12131118774414
8989336,2019,2019-12-20,3600,2019-10-09,1522,3905,004,3,5,3,3615,0,0,0,NA,0,LL1,REDLANDS BL,POPLAR ST,0,NA,Y,A,-,N,NA,NA,NA,NA,NA,NA,NA,NA,NA,Y,2,0,1,2,A,-,09,21801,A,N,D,C,A,A,D,-,A,D,0,NA,NA,NA,NA,Y,Y,A,01,1,0,0,0,0,0,0,0,0,-,-,NA,NA,SAN BERNARDINO,LOMA LINDA,-117.25453186035156,34.06306076049805
8909672,2019,2019-11-20,3610,2019-09-12,0810,51198,NA,4,5,6,3610,0,0,0,NA,0,POLICE,W 2ND ST,E ST,92,E,N,A,-,N,NA,NA,NA,NA,NA,NA,NA,NA,NA,Y,4,0,4,3,A,-,03,22350,NA,N,C,C,A,A,H,-,A,B,0,NA,NA,NA,NA,Y,NA,A,01,0,0,4,0,0,0,0,0,0,-,-,34.102699279785156,-117.29405212402344,SAN BERNARDINO,SAN BERNARDINO,-117.2938995361328,34.10280990600586
8990494,2019,2020-01-16,3600,2019-11-18,0930,C8664,AP018,1,5,5,3621,0,0,0,NA,0,AP4,PAHUTE RD,CENTRAL RD,25,E,N,A,-,N,NA,NA,NA,NA,NA,NA,NA,NA,NA,N,4,0,1,2,A,-,03,22350,NA,N,C,C,A,A,H,-,A,A,0,NA,NA,NA,NA,Y,NA,D,22,0,0,1,0,0,0,0,0,0,-,-,NA,NA,SAN BERNARDINO,APPLE VALLEY,-117.17256927490234,34.47896194458008
8963063,2019,2019-11-12,3605,2019-10-07,1821,406,NA,1,5,4,3605,0,0,0,NA,0,NA,CENTRAL AV,MORENO ST,0,NA,Y,A,-,N,NA,NA,NA,NA,NA,NA,NA,NA,NA,Y,4,0,2,2,A,-,21,22106,NA,N,D,C,A,A,H,-,B,A,0,NA,NA,NA,NA,Y,NA,A,07,0,0,2,0,0,0,0,0,0,-,-,NA,NA,SAN BERNARDINO,MONTCLAIR,-117.68971252441406,34.08877182006836
8991915,2019,2019-12-28,3607,2019-02-06,0751,80537,139,3,5,6,3607,0,0,0,NA,0,032,AIRPORT DR,ARCHIBALD AV,0,NA,Y,A,-,N,NA,NA,NA,NA,NA,NA,NA,NA,NA,N,4,0,3,2,A,-,12,21453,A,N,D,C,A,A,H,-,-,A,0,NA,NA,NA,NA,Y,NA,D,22,0,0,3,0,0,0,0,0,0,-,-,NA,NA,SAN BERNARDINO,ONTARIO,-117.5934829711914,34.06262969970703
8992503,2018,2019-12-14,3607,2018-05-29,2057,80473,327,2,5,6,3607,0,0,0,NA,0,NA,HAVEN AV,INLAND EMPIRE BL,500,N,N,A,-,N,NA,NA,NA,NA,NA,NA,NA,NA,NA,Y,4,0,1,4,A,-,03,22350,NA,N,C,C,A,A,H,-,C,A,0,NA,NA,NA,Y,Y,NA,A,01,0,0,1,0,0,0,0,0,0,-,-,NA,NA,SAN BERNARDINO,ONTARIO,-117.5759048461914,34.07313919067383
8992523,2018,2019-12-11,3607,2018-05-25,1200,80313,620,5,5,6,3607,0,0,0,NA,0,082,WALKER AV,EDISON AV,0,NA,Y,A,-,N,NA,NA,NA,NA,NA,NA,NA,NA,NA,Y,4,0,1,2,A,-,09,21802,A,N,D,C,A,A,H,-,A,A,0,NA,NA,NA,NA,Y,NA,A,01,0,0,1,0,0,0,0,0,0,-,-,NA,NA,SAN BERNARDINO,ONTARIO,-117.6194076538086,33.99774169921875
8961467,2019,2019-10-22,3604,2019-09-16,0852,769,NA,1,5,6,3604,0,0,0,NA,0,002,BASELINE AV,LOCUST AV,69,E,N,A,-,N,NA,NA,NA,NA,NA,NA,NA,NA,NA,Y,3,0,1,2,A,-,12,21453,A,N,B,C,A,A,H,-,A,A,0,NA,NA,Y,NA,Y,NA,C,02,0,1,0,0,0,0,0,0,1,-,-,NA,NA,SAN BERNARDINO,FONTANA,-117.40950012207033,34.12133026123047
8957457,2019,2019-10-18,3600,2019-08-14,1427,D2557,065,3,5,5,3630,0,0,0,NA,0,004,PICASSO DR,VERMEER DR,0,NA,N,A,-,N,NA,NA,NA,NA,NA,NA,NA,NA,NA,Y,2,0,2,3,A,-,09,21804,A,N,A,G,A,A,H,-,A,D,0,NA,Y,NA,NA,Y,NA,A,01,1,0,1,0,0,0,1,0,0,-,-,NA,NA,SAN BERNARDINO,CHINO HILLS,-117.68760681152344,33.95758056640625
8957409,2019,2019-10-18,3600,2019-06-13,1433,G4519,VC019,4,5,5,3612,0,0,0,NA,0,VC2,7TH ST,DESERT KNOLL DR,0,NA,Y,A,-,N,NA,NA,NA,NA,NA,NA,NA,NA,NA,Y,4,0,3,3,A,-,04,21703,NA,N,C,C,A,A,H,-,A,A,0,NA,NA,NA,NA,Y,NA,A,01,0,0,3,0,0,0,0,0,0,-,-,NA,NA,SAN BERNARDINO,VICTORVILLE,-117.30998229980467,34.519378662109375
8956833,2019,2019-10-17,3610,2019-09-06,1447,NA,NA,5,5,6,3610,0,0,0,NA,0,POLICE,WEST HIGHLAND AV,N CALIFORNIA ST,180,E,N,A,-,N,NA,NA,NA,NA,NA,NA,NA,NA,NA,Y,4,0,1,2,A,-,09,21804,A,F,D,C,A,A,H,-,A,D,0,NA,NA,NA,NA,Y,NA,A,01,0,0,1,0,0,0,0,0,0,-,-,34.13608932495117,-117.33113861083984,SAN BERNARDINO,SAN BERNARDINO,-117.33052825927734,34.136138916015625
8995876,2019,2020-01-07,3600,2019-09-16,1218,F8172,HE218,1,5,5,3619,0,0,0,NA,0,HE2,MAIN ST,G AV,121,W,N,A,-,N,NA,NA,NA,NA,NA,NA,NA,NA,NA,Y,4,0,1,4,A,-,07,21658,A,N,D,C,A,A,H,-,A,A,0,NA,NA,NA,NA,Y,NA,D,22,0,0,1,0,0,0,0,0,0,-,-,NA,NA,SAN BERNARDINO,HESPERIA,-117.28820037841795,34.419578552246094
8956466,2019,2019-11-07,3600,2019-09-05,1618,F5443,VC013,4,5,5,3612,0,0,0,NA,0,004,AMARGOSA RD,BEAR VALLEY RD,507,S,N,A,-,N,NA,NA,NA,NA,NA,NA,NA,NA,NA,Y,4,0,1,2,A,-,08,22107,NA,N,B,C,A,A,H,-,A,D,0,NA,NA,NA,NA,Y,NA,-,NA,0,0,1,0,0,0,0,0,0,-,-,NA,NA,SAN BERNARDINO,VICTORVILLE,-117.34846496582033,34.46902084350586
8996984,2019,2020-01-23,3600,2019-11-13,1703,G5408,AP004,3,5,5,3621,0,0,0,NA,0,AP1,OUTER HWY 18,MONDAMON RD,277,W,N,A,-,N,NA,NA,NA,NA,NA,NA,NA,NA,NA,Y,4,0,1,3,A,-,09,21801,A,N,D,C,A,A,H,-,D,D,0,NA,NA,NA,NA,Y,NA,A,07,0,0,1,0,0,0,0,0,0,-,-,NA,NA,SAN BERNARDINO,APPLE VALLEY,-117.26181793212892,34.53941345214844
8997482,2018,2019-12-21,3607,2018-11-02,0908,80536,430,5,5,6,3607,0,0,0,NA,0,071,RIVERSIDE DR,WALKER AV,0,NA,Y,A,-,N,NA,NA,NA,NA,NA,NA,NA,NA,NA,Y,3,0,2,2,A,-,09,21802,A,N,D,C,A,A,H,-,A,A,0,NA,NA,NA,NA,Y,NA,A,01,0,1,1,0,0,0,0,0,0,-,-,NA,NA,SAN BERNARDINO,ONTARIO,-117.61962127685548,34.0195198059082
8997489,2018,2019-12-21,3607,2018-09-10,0550,80447,19,1,5,6,3607,0,0,0,NA,0,041,6TH ST,VINEYARD AV,0,NA,Y,A,-,N,NA,NA,NA,NA,NA,NA,NA,NA,NA,Y,4,0,1,2,A,-,09,21801,A,M,A,C,A,A,H,-,A,A,0,NA,NA,NA,NA,Y,NA,D,22,0,0,1,0,0,0,0,0,0,-,-,NA,NA,SAN BERNARDINO,ONTARIO,-117.61121368408205,34.08488845825195
8997501,2018,2020-03-11,3607,2018-09-07,0349,19792,164,5,5,6,3607,0,0,0,NA,0,061,BON VIEW AV,WASHINGTON ST,87,N,N,A,-,N,NA,NA,NA,NA,NA,NA,NA,NA,NA,N,3,0,1,5,A,-,08,22107,NA,N,C,E,A,A,H,-,C,D,0,NA,NA,NA,Y,Y,NA,A,07,0,1,0,0,0,0,0,0,0,-,-,NA,NA,SAN BERNARDINO,ONTARIO,-117.63661193847656,34.05942916870117
8997583,2018,2019-12-21,3607,2018-09-20,1052,80313,131,4,5,6,3607,0,0,0,NA,0,022,GROVE AV,HOLT BL,150,S,N,A,-,N,NA,NA,NA,NA,NA,NA,NA,NA,NA,N,3,0,1,2,A,-,03,22350,NA,N,C,C,A,A,H,-,A,A,0,NA,NA,NA,NA,Y,NA,A,01,0,1,0,0,0,0,0,0,0,-,-,NA,NA,SAN BERNARDINO,ONTARIO,-117.62850189208984,34.063419342041016
8997706,2018,2019-12-21,3607,2018-11-24,1521,19832,49,6,5,6,3607,0,0,0,NA,0,032,GROVE AV,PRINCETON ST,50,N,N,A,-,N,NA,NA,NA,NA,NA,NA,NA,NA,NA,N,4,0,1,2,A,-,03,22350,NA,M,C,C,A,A,H,-,A,A,0,NA,NA,NA,NA,Y,Y,D,22,0,0,1,0,0,0,0,0,0,-,-,NA,NA,SAN BERNARDINO,ONTARIO,-117.62857055664063,34.07990646362305
8997815,2018,2020-06-29,3607,2018-03-27,1921,19965,173,2,5,6,3607,0,0,0,NA,0,042,JURUPA ST,RT 15,0,NA,Y,A,-,Y,SBD,8,15,-,-,0.816,R,4,N,Y,4,0,1,2,A,-,12,21453,A,N,D,C,A,A,H,-,A,A,0,NA,NA,NA,Y,Y,NA,A,01,0,0,1,0,0,0,0,0,0,-,NF,NA,NA,SAN BERNARDINO,ONTARIO,-117.550048828125,34.04550552368164