CASE_ID,ACCIDENT_YEAR,PROC_DATE,JURIS,COLLISION_DATE,COLLISION_TIME,OFFICER_ID,REPORTING_DISTRICT,DAY_OF_WEEK,CHP_SHIFT,POPULATION,CNTY_CITY_LOC,SPECIAL_COND,BEAT_TYPE,CHP_BEAT_TYPE,CITY_DIVISION_LAPD,CHP_BEAT_CLASS,BEAT_NUMBER,PRIMARY_RD,SECONDARY_RD,DISTANCE,DIRECTION,INTERSECTION,WEATHER_1,WEATHER_2,STATE_HWY_IND,CALTRANS_COUNTY,CALTRANS_DISTRICT,STATE_ROUTE,ROUTE_SUFFIX,POSTMILE_PREFIX,POSTMILE,LOCATION_TYPE,RAMP_INTERSECTION,SIDE_OF_HWY,TOW_AWAY,COLLISION_SEVERITY,NUMBER_KILLED,NUMBER_INJURED,PARTY_COUNT,PRIMARY_COLL_FACTOR,PCF_CODE_OF_VIOL,PCF_VIOL_CATEGORY,PCF_VIOLATION,PCF_VIOL_SUBSECTION,HIT_AND_RUN,TYPE_OF_COLLISION,MVIW,PED_ACTION,ROAD_SURFACE,ROAD_COND_1,ROAD_COND_2,LIGHTING,CONTROL_DEVICE,CHP_ROAD_TYPE,PEDESTRIAN_ACCIDENT,BICYCLE_ACCIDENT,MOTORCYCLE_ACCIDENT,TRUCK_ACCIDENT,NOT_PRIVATE_PROPERTY,ALCOHOL_INVOLVED,STWD_VEHTYPE_AT_FAULT,CHP_VEHTYPE_AT_FAULT,COUNT_SEVERE_INJ,COUNT_VISIBLE_INJ,COUNT_COMPLAINT_PAIN,COUNT_PED_KILLED,COUNT_PED_INJURED,COUNT_BICYCLIST_KILLED,COUNT_BICYCLIST_INJURED,COUNT_MC_KILLED,COUNT_MC_INJURED,PRIMARY_RAMP,SECONDARY_RAMP,LATITUDE,LONGITUDE,COUNTY,CITY,POINT_X,POINT_Y
90157144,2016,2016-04-13,9860,2016-04-06,1458,015940,NA,3,2,9,3600,0,1,1,NA,2,152,I-15 S/B (MOJAVE FREEWAY),OAK HILL RD.,1320,S,N,A,-,Y,NA,NA,15,NA,NA,NA,NA,NA,S,N,4,0,3,2,A,-,08,22107,NA,N,C,C,A,A,H,-,A,D,0,NA,NA,NA,NA,Y,NA,A,08,0,0,3,0,0,0,0,0,0,-,-,34.35659,-117.43807,SAN BERNARDINO,UNINCORPORATED,-117.43809142,34.35660556
90157524,2016,2016-04-14,9860,2016-04-05,0325,019027,NA,2,3,4,3640,0,1,1,NA,2,106,I-10 W/B,LIVE OAK CANYON RD.,1000,W,N,A,-,Y,NA,NA,NA,NA,NA,NA,NA,NA,NA,Y,3,0,4,2,A,-,03,22350,NA,N,C,C,A,A,D,-,D,D,0,NA,NA,NA,NA,Y,Y,A,07,0,1,3,0,0,0,0,0,0,-,-,34.01075,-117.05565,SAN BERNARDINO,YUCAIPA,-117.09851502,34.01840993
90121157,2016,2016-02-22,9855,2016-01-27,0718,016829,NA,3,1,6,3607,0,1,1,NA,2,152,I-15 N/B (ONTARIO FWY),JURUPA ST.,850,N,N,A,-,Y,NA,NA,NA,NA,NA,NA,NA,NA,NA,Y,3,0,1,2,A,-,03,22350,NA,N,C,C,A,A,H,-,A,D,0,NA,NA,NA,NA,Y,NA,D,22,0,1,0,0,0,0,0,0,0,-,-,34.08032,-117.55759,SAN BERNARDINO,ONTARIO,-117.54979,34.04816
90121921,2016,2016-02-23,9855,2016-02-16,1525,014973,NA,2,2,6,3607,0,1,1,NA,2,102,I-10 E/B (SAN BERNARDINO FWY),VINEYARD AVE.,450,E,N,A,-,Y,NA,NA,10,NA,NA,NA,NA,NA,E,Y,4,0,1,4,A,-,03,22350,NA,N,C,C,A,A,H,-,A,D,0,NA,NA,NA,NA,Y,NA,A,01,0,0,1,0,0,0,0,0,0,-,-,34.0697,-117.60898,SAN BERNARDINO,ONTARIO,-117.60903223,34.06957457
90160927,2016,2016-04-19,9855,2016-04-11,0745,014973,NA,1,1,6,3604,0,1,1,NA,2,101,I-10 E/B TO CHERRY AVENUE,CHERRY AVE.,27,W,N,B,-,Y,NA,NA,10,NA,NA,NA,R,NA,E,Y,4,0,1,3,A,-,03,22350,NA,N,C,C,A,A,H,-,A,A,0,NA,NA,NA,NA,Y,NA,A,01,0,0,1,0,0,0,0,0,0,-,-,34.06566,-117.4892,SAN BERNARDINO,FONTANA,-117.4892,34.06566
90161451,2016,2016-04-20,9855,2016-04-12,1413,017808,NA,2,2,6,3607,0,1,3,NA,2,601,SR-60 E/B (POMONA FWY),EUCLID AVE.,883,E,N,A,-,Y,NA,NA,60,NA,NA,NA,NA,NA,E,N,4,0,2,4,A,-,03,22350,NA,N,C,C,A,A,H,-,A,D,0,NA,NA,NA,NA,Y,NA,A,01,0,0,2,0,0,0,0,0,0,-,-,34.03038,-117.64468,SAN BERNARDINO,ONTARIO,-117.64468,34.03034789
90162179,2016,2016-04-21,9865,2016-04-08,1430,019929,NA,5,2,9,3600,0,1,3,NA,1,022,SR-18,RUNNING SPRINGS SCHOOL RD,491,N,N,E,-,Y,NA,NA,18,NA,NA,NA,NA,NA,NA,N,3,0,1,2,D,-,00,NA,NA,N,B,C,A,B,H,-,A,D,0,NA,NA,NA,NA,Y,NA,-,-,0,1,0,0,0,0,0,0,0,-,-,34.20315,-117.09148,SAN BERNARDINO,UNINCORPORATED,-117.09148202,34.20315714
90122755,2016,2016-02-24,9870,2016-02-17,1215,013751,NA,3,1,9,3600,0,1,3,NA,1,031,STATE ROUTE 62 (TWENTYNINE PALMS HWY),HILL VIEW ROAD,0,NA,Y,A,-,Y,NA,NA,62,NA,NA,NA,NA,NA,NA,Y,4,0,3,2,A,-,09,21802,A,N,D,C,A,A,H,-,A,A,0,NA,NA,NA,NA,Y,NA,A,01,0,0,3,0,0,0,0,0,0,-,-,34.13481,-116.32037,SAN BERNARDINO,UNINCORPORATED,-116.32036986,34.13496497
90164868,2016,2016-04-25,9860,2016-04-20,1200,012988,NA,3,1,9,3600,0,1,1,NA,2,152,I-15 S/B,SR-138,8976,N,N,A,-,Y,NA,NA,15,NA,NA,NA,NA,NA,S,N,3,0,1,2,A,-,17,23114,A,F,H,C,A,A,H,-,A,D,0,NA,NA,NA,Y,Y,NA,D,22,0,1,0,0,0,0,0,0,0,-,-,34.33591,-117.48266,SAN BERNARDINO,UNINCORPORATED,-117.48250631,34.33591142
90166013,2016,2016-04-26,9860,2016-04-26,0800,016651,NA,2,1,6,3610,0,1,1,NA,2,214,I-215 S/B,RIALTO AVE,25,S,N,A,-,Y,NA,NA,215,NA,NA,NA,NA,NA,S,Y,4,0,1,3,A,-,03,22350,NA,N,C,C,A,A,H,-,A,D,0,NA,NA,NA,NA,Y,NA,A,01,0,0,1,0,0,0,0,0,0,-,-,34.10089,-117.30199,SAN BERNARDINO,SAN BERNARDINO,-117.30206516,34.10089203
90124938,2016,2016-02-29,9860,2016-02-21,1755,019725,NA,7,2,9,3600,0,1,1,NA,2,151,I-15 S/B,CLEGHORN RD,600,S,N,A,-,Y,NA,NA,NA,NA,NA,NA,NA,NA,NA,Y,4,0,3,4,A,-,03,22350,NA,N,C,C,A,A,D,-,D,D,0,NA,NA,NA,NA,Y,NA,A,01,0,0,3,0,0,0,0,0,0,-,-,34.29727,-118.4565,SAN BERNARDINO,UNINCORPORATED,NA,NA
90127096,2016,2016-03-01,9850,2016-02-21,2300,019197,NA,7,3,9,3600,0,2,4,NA,2,053,EL MIRAGE RD,OASIS RD,1000,E,N,A,-,N,NA,NA,NA,NA,NA,NA,NA,NA,NA,Y,4,0,2,1,A,-,08,22107,NA,N,F,A,A,A,H,-,D,D,0,NA,NA,NA,NA,Y,NA,A,01,0,0,2,0,0,0,0,0,0,-,-,34.60226,-117.64553,SAN BERNARDINO,UNINCORPORATED,-117.64575565,34.60220001
90127718,2016,2016-03-02,9835,2016-02-13,2030,021175,NA,6,2,9,3600,0,1,1,NA,2,043,I-40 W/B,FORT CADY RD,3590,E,N,A,-,Y,NA,NA,40,NA,NA,NA,NA,NA,W,Y,4,0,1,2,A,-,03,22350,NA,N,C,C,A,A,H,-,D,D,0,NA,NA,NA,Y,Y,NA,A,01,0,0,1,0,0,0,0,0,0,-,-,34.81323,-116.59217,SAN BERNARDINO,UNINCORPORATED,-116.59215711,34.81330239
90147443,2016,2016-03-29,9870,2016-03-16,1830,017420,NA,3,2,9,3600,0,1,3,NA,2,021,STATE ROUTE 247 (OLD WOMAN SPRINGS RD),BODICK ROAD,738,N,N,A,-,Y,NA,NA,247,NA,NA,NA,NA,NA,NA,Y,3,0,1,1,A,-,08,22107,NA,N,E,I,A,A,H,-,A,D,0,NA,NA,NA,NA,Y,NA,A,01,0,1,0,0,0,0,0,0,0,-,-,34.33492,-116.49038,SAN BERNARDINO,UNINCORPORATED,-116.49037093,34.33493596
9017525,2020,2020-03-03,3608,2020-01-30,0242,3675,NA,4,5,5,3608,0,0,0,NA,0,NA,ALABAMA ST,RIVER BLUFF AV,1584,N,N,A,-,N,NA,NA,NA,NA,NA,NA,NA,NA,NA,N,2,0,1,2,A,-,03,22350,NA,F,C,G,A,A,H,-,D,D,0,NA,Y,NA,NA,Y,NA,A,01,1,0,0,0,0,0,1,0,0,-,-,NA,NA,SAN BERNARDINO,REDLANDS,-117.20874786376952,34.09125900268555
90176155,2016,2016-05-10,9850,2016-05-02,1835,019487,NA,1,2,9,3600,0,1,3,NA,2,034,SR-18,NISQUALLY RD,510,N,N,A,-,Y,NA,NA,18,NA,NA,NA,NA,NA,NA,N,4,0,2,2,A,-,03,22350,NA,N,C,C,A,A,H,-,A,D,0,NA,NA,NA,NA,Y,NA,E,22,0,0,2,0,0,0,0,0,0,-,-,34.48934,-117.14113,SAN BERNARDINO,UNINCORPORATED,-117.14117128,34.48928991
90149480,2016,2016-04-04,9860,2016-03-26,2240,019725,NA,6,3,5,3608,0,1,1,NA,2,203,SR-210 W/B,PIONEER AVE,1000,N,N,A,-,Y,NA,NA,210,NA,NA,NA,NA,NA,W,Y,3,0,1,1,A,-,01,23152,A,N,E,J,A,A,H,-,C,D,0,NA,NA,NA,NA,Y,Y,D,22,0,1,0,0,0,0,0,0,0,-,-,34.0839,-117.20048,SAN BERNARDINO,REDLANDS,-117.20053428,34.08390034
90151377,2016,2016-04-05,9835,2016-03-23,1527,016787,NA,3,2,9,3600,0,1,1,NA,2,073,I-15 N/B,CLYDE V KANE REST AREA,3115,N,N,A,-,Y,NA,NA,15,NA,NA,NA,NA,NA,N,Y,3,0,2,1,A,-,08,22107,NA,N,F,A,A,A,H,-,A,D,0,NA,NA,NA,NA,Y,NA,A,01,0,1,1,0,0,0,0,0,0,-,-,35.03813,-116.46212,SAN BERNARDINO,UNINCORPORATED,-116.46213279,35.03814957
90178223,2016,2016-05-12,9855,2016-05-06,0810,016853,NA,5,1,6,3604,0,3,5,NA,2,001,ARROW RTE.,COTTONWOOD AVE,0,NA,Y,B,-,N,NA,NA,NA,NA,NA,NA,NA,NA,NA,Y,4,0,1,3,A,-,03,22350,NA,N,C,C,A,A,H,-,A,D,0,NA,NA,NA,NA,Y,NA,D,22,0,0,1,0,0,0,0,0,0,-,-,34.1026,-117.5163,SAN BERNARDINO,FONTANA,-117.51062004,34.09912011
90151997,2016,2016-04-06,9855,2016-03-30,1650,017313,NA,3,2,6,3607,0,1,1,NA,2,103,I-10 E/B (SAN BERNARDINO FWY),VINEYARD AVE.,2640,W,N,A,-,Y,NA,NA,10,NA,NA,NA,NA,NA,E,N,4,0,1,2,A,-,03,22350,NA,N,C,C,A,A,H,-,A,D,0,NA,NA,NA,NA,Y,NA,A,01,0,0,1,0,0,0,0,0,0,-,-,34.0747,-117.61894,SAN BERNARDINO,ONTARIO,-117.61882198,34.07490548
90179541,2016,2016-05-16,9860,2016-05-08,0457,018223,NA,7,3,5,3609,0,1,1,NA,2,201,SR-210 E/B,LINDEN AVE,500,W,N,B,-,Y,NA,NA,210,NA,NA,NA,NA,NA,E,Y,4,0,1,2,A,-,03,22350,NA,N,B,C,A,A,H,-,D,D,0,NA,NA,NA,NA,Y,NA,A,07,0,0,1,0,0,0,0,0,0,-,-,34.13614,-117.40307,SAN BERNARDINO,RIALTO,-117.40307279,34.13602428
90131483,2016,2016-03-08,9855,2016-02-03,0950,014980,NA,3,1,6,3607,0,1,1,NA,2,103,I-10 E/B (SAN BERNARDINO FWY),VINEYARD AVE.,300,E,N,A,-,Y,NA,NA,10,NA,NA,NA,NA,NA,E,Y,4,0,1,3,C,-,18,NA,NA,N,H,A,A,A,H,-,A,D,0,NA,NA,NA,Y,Y,NA,-,-,0,0,1,0,0,0,0,0,0,-,-,34.07025,-117.61091,SAN BERNARDINO,ONTARIO,-117.61085031,34.07037031
9015424,2019,2020-02-18,3600,2019-12-14,0919,G6208,AP005,6,5,5,3621,0,0,0,NA,0,AP1,APPLE VALLEY RD,MONDAMON RD,0,NA,Y,A,-,N,NA,NA,NA,NA,NA,NA,NA,NA,NA,N,4,0,1,2,A,-,03,22350,NA,N,C,C,A,A,H,-,A,A,0,NA,NA,NA,NA,Y,NA,-,-,0,0,1,0,0,0,0,0,0,-,-,NA,NA,SAN BERNARDINO,APPLE VALLEY,-117.26384735107422,34.532470703125
90180830,2016,2016-05-17,9855,2016-05-10,1649,017808,NA,2,2,6,3607,0,1,1,NA,2,101,I-10 E/B (SAN BERNARDINO FWY),I-15 S/B (ONTARIO FWY),1825,W,N,A,-,Y,NA,NA,10,NA,NA,NA,NA,NA,E,Y,4,0,1,3,A,-,03,22350,NA,N,C,C,A,A,H,-,A,D,0,NA,NA,NA,NA,Y,NA,A,01,0,0,1,0,0,0,0,0,0,-,-,34.06723,-117.55121,SAN BERNARDINO,ONTARIO,-117.55120959,34.06733625
9018101,2019,2020-01-25,3609,2019-12-22,2024,6421,RI182,7,5,5,3609,0,0,0,NA,0,003,BLOOMINGTON AV,SAN BERNARDINO AV,528,N,N,A,-,N,NA,NA,NA,NA,NA,NA,NA,NA,NA,N,4,0,1,2,A,-,01,23152,A,M,C,C,A,A,H,-,C,A,0,NA,NA,NA,NA,Y,Y,A,01,0,0,1,0,0,0,0,0,0,-,-,34.07912063598633,-117.38604736328124,SAN BERNARDINO,RIALTO,-117.38671112060548,34.07870864868164
90134183,2016,2016-03-10,9860,2016-03-07,1205,014686,NA,1,1,9,3600,0,3,5,NA,2,002,CAJON BLVD,KENDALL AVE,0,NA,Y,C,-,N,NA,NA,NA,NA,NA,NA,NA,NA,NA,Y,3,0,4,2,A,-,09,21801,A,N,A,C,A,B,H,-,A,A,0,NA,NA,NA,NA,Y,NA,A,01,0,3,1,0,0,0,0,0,0,-,-,34.20734,-117.38567,SAN BERNARDINO,UNINCORPORATED,-117.38588006,34.20765006
9013526,2019,2020-01-10,3600,2019-10-04,1431,G9464,TW001,5,5,3,3617,0,0,0,NA,0,TW1,SPLIT ROCK AV,EL PASEO DR,500,S,N,A,-,N,NA,NA,NA,NA,NA,NA,NA,NA,NA,Y,3,0,1,2,A,-,00,23104,B,N,G,B,G,A,H,-,A,D,0,Y,NA,Y,NA,Y,NA,C,06,0,1,0,0,1,0,0,0,0,-,-,34.14067077636719,-116.06365966796876,SAN BERNARDINO,TWENTYNINE PALMS,-116.0641632080078,34.14144515991211
90182281,2016,2016-05-18,9860,2016-05-15,0700,018223,NA,7,1,5,3609,0,1,1,NA,2,201,SR-210 E/B,PEPPER AVE,500,W,N,B,-,Y,NA,NA,210,NA,NA,NA,NA,NA,E,Y,3,0,1,1,A,-,08,22107,NA,N,E,I,A,A,H,-,A,D,0,NA,NA,NA,NA,Y,NA,A,08,0,1,0,0,0,0,0,0,0,-,-,34.13467,-117.3551,SAN BERNARDINO,RIALTO,-117.3551231,34.13456347
90182303,2016,2016-05-18,9860,2016-05-11,1504,013945,NA,3,2,6,3610,0,3,5,NA,2,002,JUNE ST,JUNE WAY,49,N,N,A,-,N,NA,NA,NA,NA,NA,NA,NA,NA,NA,N,4,0,2,2,A,-,06,21755,NA,N,B,C,A,A,H,-,A,D,0,NA,NA,NA,NA,Y,NA,A,08,0,0,2,0,0,0,0,0,0,-,-,34.16191,-117.34856,SAN BERNARDINO,SAN BERNARDINO,-117.34803299,34.16871293
90135747,2016,2016-03-14,9855,2016-02-23,0327,017323,NA,2,3,6,3607,0,1,1,NA,2,103,I-10 E/B (SAN BERNARDINO FWY),CAMPUS AVE.,600,W,N,A,-,Y,NA,NA,10,NA,NA,NA,NA,NA,E,Y,4,0,1,2,A,-,03,22350,NA,N,A,C,A,A,H,-,D,D,0,NA,NA,NA,NA,Y,NA,A,07,0,0,1,0,0,0,0,0,0,-,-,34.08694,-117.64188,SAN BERNARDINO,ONTARIO,-117.64187907,34.08694452
90137551,2016,2016-03-16,9860,2016-03-08,1525,014829,NA,2,2,9,3600,0,1,1,NA,2,151,I-15 N/B,SIERRA AVE,5808,N,N,A,-,Y,NA,NA,NA,NA,NA,NA,NA,NA,NA,Y,4,0,2,4,A,-,07,21658,A,N,B,C,A,A,H,-,A,D,0,NA,NA,NA,Y,Y,NA,A,01,0,0,2,0,0,0,0,0,0,-,-,NA,NA,SAN BERNARDINO,UNINCORPORATED,-117.4297,34.18738
9013926,2019,2020-01-15,3603,2019-07-29,1819,4817,CPD,1,5,4,3603,0,0,0,NA,0,002,LAUREL ST,REDLANDS AV,0,NA,Y,A,-,N,NA,NA,NA,NA,NA,NA,NA,NA,NA,N,3,0,2,2,A,-,09,21804,A,N,D,C,A,A,H,-,A,A,0,NA,NA,NA,NA,Y,NA,A,01,0,2,0,0,0,0,0,0,0,-,-,34.081241607666016,-117.3163833618164,SAN BERNARDINO,COLTON,-117.3161392211914,34.08121109008789
90187060,2016,2016-05-25,9855,2016-05-16,1439,016051,NA,1,2,9,3600,0,3,5,NA,2,004,5611 MISSION BOULEVARD,BENSON AVENUE,378,W,N,A,-,N,NA,NA,NA,NA,NA,NA,NA,NA,NA,N,4,0,1,2,A,-,05,21650,NA,N,D,G,A,A,H,-,A,D,0,NA,Y,NA,NA,Y,NA,L,04,0,0,1,0,0,0,1,0,0,-,-,34.05577,-117.68218,SAN BERNARDINO,UNINCORPORATED,-117.68204473,34.05604
9018721,2019,2020-02-05,3604,2019-12-13,1440,473,NA,5,5,6,3604,0,0,0,NA,0,NA,DATE ST,ATHOL ST,0,NA,Y,A,-,N,NA,NA,NA,NA,NA,NA,NA,NA,NA,N,4,0,1,2,A,-,09,21801,A,M,D,C,A,A,H,-,A,A,0,NA,NA,NA,NA,Y,NA,D,22,0,0,1,0,0,0,0,0,0,-,-,NA,NA,SAN BERNARDINO,FONTANA,-117.44663238525392,34.08852005004883
90187441,2016,2016-05-25,9860,2016-05-20,1400,018905,NA,5,2,4,3603,0,1,1,NA,2,214,I-215 S/B FROM BARTON RD,BARTON RD,112,S,N,B,-,Y,NA,NA,215,NA,NA,NA,R,NA,S,N,4,0,1,2,A,-,03,22350,NA,N,C,C,A,A,H,-,A,D,0,NA,NA,NA,NA,Y,NA,A,01,0,0,1,0,0,0,0,0,0,-,-,34.03292,-117.3263,SAN BERNARDINO,COLTON,-117.3263,34.03292
90190039,2016,2016-05-31,9855,2016-05-23,1400,017313,NA,1,2,6,3607,0,1,1,NA,2,103,I-10 E/B (SAN BERNARDINO FWY),HAVEN AVE.,528,W,N,A,-,Y,NA,NA,10,NA,NA,NA,NA,NA,E,Y,4,0,1,2,A,-,03,22350,NA,N,C,C,A,A,H,-,A,D,0,NA,NA,NA,NA,Y,NA,A,01,0,0,1,0,0,0,0,0,0,-,-,34.06784,-117.57993,SAN BERNARDINO,ONTARIO,-117.5799273,34.06747882
90190157,2016,2016-05-31,9860,2016-05-13,2009,019449,NA,5,2,6,3610,0,1,1,NA,2,214,I-215 S/B,RIALTO AVE,848,S,N,A,-,Y,NA,NA,215,NA,NA,NA,NA,NA,S,Y,4,0,3,3,C,-,18,NA,NA,N,C,C,A,A,C,-,C,D,0,NA,NA,NA,NA,Y,NA,-,-,0,0,3,0,0,0,0,0,0,-,-,34.09971,-117.30191,SAN BERNARDINO,SAN BERNARDINO,-117.30205572,34.09970875
90191449,2016,2016-05-31,9855,2016-05-24,1540,015299,NA,2,2,6,3607,0,1,1,NA,2,101,I-10 W/B TO MILLIKEN AVENUE,MILLIKEN AVE.,245,W,N,A,-,Y,NA,NA,10,NA,NA,NA,R,NA,W,Y,3,0,1,1,A,-,03,22350,NA,N,F,A,A,A,H,-,A,D,0,NA,NA,Y,NA,Y,NA,C,02,0,1,0,0,0,0,0,0,1,-,-,34.068,-117.5592,SAN BERNARDINO,ONTARIO,-117.5592,34.068
90192304,2016,2016-06-01,9860,2016-05-24,0745,15763,NA,2,1,4,3603,0,1,1,NA,2,103,I-10 W/B,MOUNT VERNON AVENUE,1643,W,N,B,-,Y,NA,NA,10,NA,NA,NA,NA,NA,W,Y,2,0,1,2,A,-,08,22107,NA,N,E,I,A,A,H,-,A,D,0,NA,NA,NA,NA,Y,NA,A,01,1,0,0,0,0,0,0,0,0,-,-,34.06538,-117.31902,SAN BERNARDINO,COLTON,-117.31901591,34.06542687
90140054,2016,2016-03-21,9835,2016-03-15,0020,021186,NA,2,3,9,3600,0,1,3,NA,1,012,SR-58,LENWOOD RD,1056,E,N,A,-,Y,NA,NA,58,NA,NA,NA,NA,NA,NA,Y,3,0,2,2,A,-,05,21460,A,N,A,C,A,A,H,-,D,D,0,NA,NA,NA,Y,Y,NA,A,08,0,1,1,0,0,0,0,0,0,-,-,34.91582,-117.11453,SAN BERNARDINO,UNINCORPORATED,-117.11451203,34.91590243
90141789,2016,2016-03-23,9860,2016-03-14,1255,012988,NA,1,1,4,3618,0,1,1,NA,2,203,SR-210 EASTBOUND,BASELINE ST,300,E,N,B,-,Y,NA,NA,210,NA,NA,NA,NA,NA,E,N,4,0,3,2,A,-,03,22350,NA,N,C,C,A,A,H,-,A,D,0,NA,NA,NA,NA,Y,NA,D,22,0,0,3,0,0,0,0,0,0,-,-,34.12022,-117.2011,SAN BERNARDINO,HIGHLAND,-117.20090016,34.12021933
90145267,2016,2016-03-28,9835,2016-03-17,2109,021176,NA,4,2,9,3600,0,1,1,NA,2,073,I-15 S/B,FIELD RD,15682,N,N,A,-,Y,NA,NA,15,NA,NA,NA,NA,NA,S,Y,4,0,1,1,A,-,08,22107,NA,N,E,I,A,A,H,-,D,D,0,NA,NA,NA,NA,Y,NA,A,01,0,0,1,0,0,0,0,0,0,-,-,34.99308,-116.5779,SAN BERNARDINO,UNINCORPORATED,-116.57788307,34.9930429
90145760,2016,2016-03-28,9850,2016-03-17,1325,021159,NA,4,1,9,3600,0,1,3,NA,2,060,RT 138,SOLEDAD RD,210,W,N,A,-,Y,NA,NA,138,NA,NA,NA,NA,NA,NA,Y,2,0,2,3,A,-,05,21460,A,N,B,C,A,A,H,-,A,D,0,NA,NA,NA,NA,Y,NA,A,08,1,1,0,0,0,0,0,0,0,-,-,34.44923,-117.65598,SAN BERNARDINO,UNINCORPORATED,-117.65599347,34.4492093
90158011,2016,2016-04-14,9855,2016-03-27,1210,020769,NA,7,1,6,3607,0,1,3,NA,2,601,SR-60 W/B (POMONA FWY),HAVEN AVE.,1500,W,N,A,-,Y,NA,NA,60,NA,NA,NA,NA,NA,W,Y,3,0,1,5,A,-,07,21658,A,N,B,C,A,A,H,-,A,D,0,NA,NA,NA,NA,Y,NA,D,22,0,1,0,0,0,0,0,0,0,-,-,34.03021,-117.58071,SAN BERNARDINO,ONTARIO,-117.58069714,34.03028497
90124756,2016,2016-02-26,9855,2016-02-23,1710,014973,NA,2,2,5,3611,0,1,1,NA,2,103,I-10 E/B (SAN BERNARDINO FWY),MOUNTAIN AVE.,980,W,N,A,-,Y,NA,NA,10,NA,NA,NA,NA,NA,E,Y,4,0,1,2,A,-,03,22350,NA,N,C,C,A,A,H,-,B,D,0,NA,NA,NA,NA,Y,NA,A,01,0,0,1,0,0,0,0,0,0,-,-,34.08737,-117.67471,SAN BERNARDINO,UPLAND,-117.67471023,34.08716317
90196215,2016,2016-06-07,9855,2016-05-19,1205,017704,NA,4,1,5,3602,0,1,3,NA,2,603,SR-60 E/B (POMONA FWY),RAMONA AVE.,2000,E,N,A,-,Y,NA,NA,60,NA,NA,NA,NA,NA,E,Y,4,0,2,4,A,-,03,22350,NA,N,C,C,A,A,H,-,A,D,0,NA,NA,NA,NA,Y,NA,A,07,0,0,2,0,0,0,0,0,0,-,-,34.0301,-117.70165,SAN BERNARDINO,CHINO,-117.70164983,34.0300698
90124799,2016,2016-02-29,9860,2016-02-18,1745,020626,NA,4,2,6,3610,0,1,1,NA,2,104,I-10 W/B,TIPPECANOE AVE,2000,W,N,A,-,Y,NA,NA,10,NA,NA,NA,NA,NA,W,Y,2,0,3,5,A,-,03,22350,NA,N,C,C,A,A,H,-,B,D,0,NA,NA,NA,NA,Y,NA,D,22,1,0,2,0,0,0,0,0,0,-,-,34.06405,-117.26788,SAN BERNARDINO,SAN BERNARDINO,-117.26787906,34.06395547
9017387,2020,2020-05-29,3608,2020-02-07,1228,4825,NA,5,5,5,3608,0,0,0,NA,0,NA,ORANGE ST,LUGONIA AV,80,N,N,A,-,N,NA,NA,NA,NA,NA,NA,NA,NA,NA,N,4,0,1,2,A,-,04,21703,NA,N,C,C,A,A,H,-,A,A,0,NA,NA,NA,NA,Y,NA,A,01,0,0,1,0,0,0,0,0,0,-,-,NA,NA,SAN BERNARDINO,REDLANDS,-117.18247222900392,34.070247650146484
90175099,2016,2016-05-09,9855,2016-04-22,1903,017808,NA,5,2,6,3616,0,1,1,NA,2,152,I-15 S/B (ONTARIO FWY),FOURTH ST.,36,N,N,A,-,Y,NA,NA,15,NA,NA,NA,NA,NA,S,Y,4,0,1,1,A,-,08,22107,NA,N,E,I,A,A,H,-,A,D,0,NA,NA,Y,NA,Y,NA,C,02,0,0,1,0,0,0,0,0,1,-,-,34.07727,-117.54512,SAN BERNARDINO,RANCHO CUCAMONGA,-117.54498188,34.07726915
90176693,2016,2016-05-10,9850,2016-05-08,1530,017237,NA,7,2,9,3600,0,3,5,NA,2,003,OPEN DESERT,BOWEN RANCH RD,0,NA,N,A,-,N,NA,NA,NA,NA,NA,NA,NA,NA,NA,Y,4,0,2,1,B,-,22,NA,NA,N,F,A,A,A,H,-,A,D,0,NA,NA,NA,NA,Y,NA,A,07,0,0,2,0,0,0,0,0,0,-,-,NA,NA,SAN BERNARDINO,UNINCORPORATED,NA,NA
90204329,2016,2016-06-17,9860,2016-06-16,1420,019599,NA,4,2,4,3603,0,1,1,NA,2,214,I-215 S/B,IOWA AVE.,1584,N,N,A,-,Y,NA,NA,215,NA,NA,NA,NA,NA,S,Y,4,0,2,2,A,-,07,21658,A,N,B,C,A,A,H,-,A,D,0,NA,NA,NA,NA,Y,NA,A,01,0,0,2,0,0,0,0,0,0,-,-,34.02709,-117.33258,SAN BERNARDINO,COLTON,-117.33265652,34.0271639
9020436,2019,2020-07-09,3607,2019-10-24,0916,19968,142,4,5,6,3607,0,0,0,NA,0,041,HAVEN AV,RT 10,0,NA,Y,A,-,Y,SBD,8,10,-,-,8.002,R,4,E,Y,4,0,1,2,A,-,12,21453,A,N,D,C,A,A,H,-,A,A,0,NA,NA,NA,NA,Y,NA,A,07,0,0,1,0,0,0,0,0,0,-,EF,NA,NA,SAN BERNARDINO,ONTARIO,-117.57868194580078,34.067474365234375
90204776,2016,2016-06-20,9850,2016-06-02,2338,020898,NA,4,3,9,3600,0,1,1,NA,2,084,I-15 S/B,STODDARD WELLS RD,3379,S,N,A,-,Y,NA,NA,15,NA,NA,NA,NA,NA,S,Y,3,0,6,3,A,-,03,22350,NA,N,C,C,A,A,D,-,D,D,0,NA,NA,NA,NA,Y,NA,A,01,0,3,3,0,0,0,0,0,0,-,-,34.58451,-117.2653,SAN BERNARDINO,UNINCORPORATED,-117.26527451,34.58448688
9017680,2020,2020-03-03,3608,2020-01-31,1628,3372,NA,5,5,5,3608,0,0,0,NA,0,NA,E COLTON AV,N WABASH AV,0,NA,Y,A,-,N,NA,NA,NA,NA,NA,NA,NA,NA,NA,N,4,0,2,2,D,-,00,NA,NA,N,D,C,A,A,H,-,A,A,0,NA,NA,NA,NA,Y,NA,-,-,0,0,2,0,0,0,0,0,0,-,-,NA,NA,SAN BERNARDINO,REDLANDS,-117.13899993896484,34.06285095214844