CASE_ID,ACCIDENT_YEAR,PROC_DATE,JURIS,COLLISION_DATE,COLLISION_TIME,OFFICER_ID,REPORTING_DISTRICT,DAY_OF_WEEK,CHP_SHIFT,POPULATION,CNTY_CITY_LOC,SPECIAL_COND,BEAT_TYPE,CHP_BEAT_TYPE,CITY_DIVISION_LAPD,CHP_BEAT_CLASS,BEAT_NUMBER,PRIMARY_RD,SECONDARY_RD,DISTANCE,DIRECTION,INTERSECTION,WEATHER_1,WEATHER_2,STATE_HWY_IND,CALTRANS_COUNTY,CALTRANS_DISTRICT,STATE_ROUTE,ROUTE_SUFFIX,POSTMILE_PREFIX,POSTMILE,LOCATION_TYPE,RAMP_INTERSECTION,SIDE_OF_HWY,TOW_AWAY,COLLISION_SEVERITY,NUMBER_KILLED,NUMBER_INJURED,PARTY_COUNT,PRIMARY_COLL_FACTOR,PCF_CODE_OF_VIOL,PCF_VIOL_CATEGORY,PCF_VIOLATION,PCF_VIOL_SUBSECTION,HIT_AND_RUN,TYPE_OF_COLLISION,MVIW,PED_ACTION,ROAD_SURFACE,ROAD_COND_1,ROAD_COND_2,LIGHTING,CONTROL_DEVICE,CHP_ROAD_TYPE,PEDESTRIAN_ACCIDENT,BICYCLE_ACCIDENT,MOTORCYCLE_ACCIDENT,TRUCK_ACCIDENT,NOT_PRIVATE_PROPERTY,ALCOHOL_INVOLVED,STWD_VEHTYPE_AT_FAULT,CHP_VEHTYPE_AT_FAULT,COUNT_SEVERE_INJ,COUNT_VISIBLE_INJ,COUNT_COMPLAINT_PAIN,COUNT_PED_KILLED,COUNT_PED_INJURED,COUNT_BICYCLIST_KILLED,COUNT_BICYCLIST_INJURED,COUNT_MC_KILLED,COUNT_MC_INJURED,PRIMARY_RAMP,SECONDARY_RAMP,LATITUDE,LONGITUDE,COUNTY,CITY,POINT_X,POINT_Y
90620679,2017,2017-12-19,9855,2017-12-12,0700,015337,NA,2,1,6,3607,0,1,1,NA,2,103,I-10 EB FROM FOURTH STREET,FOURTH ST.,100,E,N,A,-,Y,NA,NA,10,NA,NA,NA,R,NA,E,N,4,0,1,2,A,-,03,22350,NA,N,C,C,A,A,H,-,A,D,0,NA,NA,NA,NA,Y,NA,A,01,0,0,1,0,0,0,0,0,0,-,-,34.0863,-117.63577,SAN BERNARDINO,ONTARIO,-117.63577,34.0863
90620811,2017,2017-12-19,9860,2017-12-14,0820,017098,NA,4,1,9,3600,0,3,5,NA,2,002,STERLING AVE,MARSHALL BLVD,0,NA,Y,A,G,N,NA,NA,NA,NA,NA,NA,NA,NA,NA,Y,4,0,1,2,A,-,12,22450,A,N,D,C,A,A,H,-,A,A,0,NA,NA,NA,NA,Y,NA,A,08,0,0,1,0,0,0,0,0,0,-,-,34.14951,-117.24373,SAN BERNARDINO,UNINCORPORATED,-117.24371008,34.14944002
90622601,2017,2017-12-21,9860,2017-12-19,1140,014777,NA,2,1,6,3610,0,1,1,NA,2,216,I-215 S/B TO SR-210 E/B,LITTLE MOUNTAIN ROAD,220,W,N,A,-,Y,NA,NA,215,NA,NA,NA,R,NA,S,Y,4,0,3,2,A,-,03,22350,NA,N,C,C,A,A,H,-,A,D,0,NA,NA,NA,NA,Y,NA,A,01,0,0,3,0,0,0,0,0,0,-,-,34.14473,-117.31812,SAN BERNARDINO,SAN BERNARDINO,-117.31812,34.14473
90626807,2017,2017-12-26,9855,2017-12-18,1250,017808,NA,1,1,6,3616,0,1,1,NA,2,152,I-15 N/B (ONTARIO FWY),FOOTHILL BLVD.,1320,S,N,A,-,Y,NA,NA,15,NA,NA,NA,NA,NA,N,N,4,0,1,2,A,-,03,22350,NA,N,C,C,A,A,H,-,A,D,0,NA,NA,NA,NA,Y,NA,A,01,0,0,1,0,0,0,0,0,0,-,-,34.10003,-117.5391,SAN BERNARDINO,RANCHO CUCAMONGA,-117.53913653,34.10006216
90628912,2017,2017-12-28,9860,2017-12-25,2039,019269,NA,1,2,9,3600,0,1,1,NA,2,152,I-15 S/B,SR-138,15840,N,N,A,-,Y,NA,NA,15,NA,NA,NA,NA,NA,S,Y,3,0,2,3,A,-,03,22350,NA,N,C,C,A,A,H,-,D,D,0,NA,NA,NA,NA,Y,NA,A,01,0,1,1,0,0,0,0,0,0,-,-,34.3467,-117.4675,SAN BERNARDINO,UNINCORPORATED,-117.46753656,34.34662414
9062985,2020,2020-07-07,3600,2020-03-23,0744,E6889,HE304,1,5,5,3619,0,0,0,NA,0,HE3,MARIPOSA RD,MAIN ST,1003,S,N,B,-,N,NA,NA,NA,NA,NA,NA,NA,NA,NA,Y,4,0,1,1,A,-,03,22350,NA,M,E,I,A,B,H,-,A,D,0,NA,NA,NA,NA,Y,NA,A,01,0,0,1,0,0,0,0,0,0,-,-,NA,NA,SAN BERNARDINO,HESPERIA,-117.3796157836914,34.425174713134766
90635267,2018,2018-01-08,9855,2018-01-02,1450,018727,NA,2,2,6,3616,0,1,1,NA,2,152,I-15 N/B (ONTARIO FWY),FOURTH ST.,2640,N,N,A,-,Y,NA,NA,NA,NA,NA,NA,NA,NA,NA,Y,4,0,1,2,A,-,03,22350,NA,N,C,C,A,A,H,-,A,D,0,NA,NA,NA,NA,Y,NA,A,01,0,0,1,0,0,0,0,0,0,-,-,34.0536994934082,-117.32659912109376,SAN BERNARDINO,RANCHO CUCAMONGA,-117.54460906982422,34.08455276489258
9063622,2020,2020-11-20,3610,2020-04-16,1358,50700,NA,4,5,6,3610,0,0,0,NA,0,POLICE,W MILL ST,RT 215,0,NA,Y,A,-,Y,SBD,8,215,-,-,6.244,R,4,S,Y,3,0,2,2,A,-,12,21453,A,N,D,C,A,A,H,-,A,A,0,NA,NA,NA,NA,Y,NA,D,22,0,1,1,0,0,0,0,0,0,-,-,34.092159271240234,-117.30313110351563,SAN BERNARDINO,SAN BERNARDINO,-117.30200958251952,34.09478759765625
90637588,2018,2018-01-10,9860,2018-01-08,1344,017098,NA,1,1,9,3600,0,1,1,NA,2,151,I-15 S/B,KENWOOD AVE,1584,S,N,B,C,Y,NA,NA,15,NA,NA,NA,NA,NA,S,Y,4,0,1,2,A,-,08,22107,NA,N,D,C,A,B,H,-,A,D,0,NA,NA,NA,NA,Y,NA,A,01,0,0,1,0,0,0,0,0,0,-,-,34.23405075073242,-117.42198944091795,SAN BERNARDINO,UNINCORPORATED,-117.42198944091795,34.23405075073242
90650100,2018,2018-06-28,9855,2018-01-19,2340,020367,NA,5,3,6,3616,0,1,1,NA,2,203,SR-210 E/B (FOOTHILL FWY),HAVEN AVE.,800,W,N,B,-,Y,NA,NA,210,NA,NA,NA,NA,NA,E,Y,4,0,4,2,A,-,01,23152,A,N,C,C,A,B,H,-,C,D,0,NA,NA,NA,NA,Y,Y,A,01,0,0,4,0,0,0,0,0,0,-,-,34.135738372802734,-117.5783920288086,SAN BERNARDINO,RANCHO CUCAMONGA,-117.5783920288086,34.13578414916992
90639576,2018,2018-01-15,9860,2018-01-06,0353,021149,NA,6,3,4,3603,0,1,1,NA,2,214,I-215 N/B,IOWA AVE,860,S,N,A,-,Y,NA,NA,215,NA,NA,NA,NA,NA,N,Y,3,0,1,2,A,-,01,23152,A,N,D,C,A,A,H,-,C,D,0,NA,NA,NA,NA,Y,Y,A,01,0,1,0,0,0,0,0,0,0,-,-,34.02193832397461,-117.33714294433594,SAN BERNARDINO,COLTON,-117.3371810913086,34.02197265625
90628117,2017,2017-12-27,9855,2017-12-19,1845,016889,NA,2,2,6,3607,0,1,1,NA,2,101,I-10 W/B (SBF) TO MILLIKEN AVE.,MILLIKEN AVE.,320,E,N,A,-,Y,NA,NA,10,NA,NA,NA,R,NA,W,Y,3,0,3,2,A,-,03,22350,NA,N,C,C,A,A,H,-,C,D,0,NA,NA,NA,NA,Y,NA,A,07,0,1,2,0,0,0,0,0,0,-,-,34.06772,-117.55693,SAN BERNARDINO,ONTARIO,-117.55693,34.06772
90632731,2017,2018-01-04,9855,2017-12-31,0700,018313,NA,7,1,6,3604,0,1,1,NA,2,201,SR-210 W/B TO BEECH AVE,BEECH AVE.,20,E,N,A,-,Y,NA,NA,210,NA,NA,NA,R,NA,W,Y,3,0,1,2,A,-,03,22350,NA,N,C,C,A,A,H,-,A,D,0,NA,NA,NA,NA,Y,NA,A,01,0,1,0,0,0,0,0,0,0,-,-,34.13655,-117.47016,SAN BERNARDINO,FONTANA,-117.47016,34.13655
90665237,2018,2018-02-21,9850,2018-02-12,1435,022028,NA,1,2,9,3600,0,2,4,NA,2,057,CHOLAME RD,SHEEP CREEK RD,0,NA,Y,A,-,N,NA,NA,NA,NA,NA,NA,NA,NA,NA,Y,4,0,1,2,A,-,09,21801,A,N,D,C,A,A,H,-,A,D,0,NA,NA,NA,NA,Y,NA,D,22,0,0,1,0,0,0,0,0,0,-,-,34.501258850097656,-117.57285308837892,SAN BERNARDINO,UNINCORPORATED,-117.57289886474608,34.501258850097656
90665709,2018,2018-02-21,9855,2018-02-11,0310,020367,NA,7,3,6,3607,0,1,1,NA,2,103,I-10 W/B (SAN BERNARDINO FWY),VINEYARD AVE.,1865,E,N,A,-,Y,NA,NA,10,NA,NA,NA,NA,NA,W,Y,3,0,4,2,A,-,07,21658,A,N,B,C,A,A,H,-,C,D,0,NA,NA,NA,NA,Y,NA,A,01,0,2,2,0,0,0,0,0,0,-,-,34.06856155395508,-117.60478973388672,SAN BERNARDINO,ONTARIO,-117.60477447509766,34.06863784790039
90634976,2017,2018-01-08,9855,2017-12-21,2103,020081,NA,4,2,6,3604,0,1,1,NA,2,101,I-10 W/B (SAN BERNARDINO FWY),ETIWANDA AVE.,2000,E,N,A,-,Y,NA,NA,10,NA,NA,NA,NA,NA,W,Y,3,0,1,2,A,-,03,22350,NA,N,A,C,A,A,H,-,C,D,0,NA,NA,NA,NA,Y,NA,A,07,0,1,0,0,0,0,0,0,0,-,-,34.06795,-117.51733,SAN BERNARDINO,FONTANA,-117.51733333,34.06788178
90645096,2018,2018-01-22,9860,2018-01-16,1630,016575,NA,2,2,9,3600,0,3,5,NA,2,002,BLAKE ST,STATE ST,0,NA,Y,A,-,N,NA,NA,NA,NA,NA,NA,NA,NA,NA,Y,4,0,2,2,A,-,09,21802,A,N,D,C,A,A,H,-,B,A,0,NA,NA,NA,NA,Y,NA,A,01,0,0,2,0,0,0,0,0,0,-,-,34.15053939819336,-117.33553314208984,SAN BERNARDINO,UNINCORPORATED,-117.33547973632813,34.15053939819336
90647191,2018,2018-01-25,9855,2018-01-17,1720,013591,NA,3,2,9,3600,0,1,3,NA,1,011,ARROW RTE.,HICKORY AVENUE,120,E,N,A,-,N,NA,NA,NA,NA,NA,NA,NA,NA,NA,Y,4,0,1,2,A,-,03,22350,NA,N,C,C,A,A,H,-,D,D,0,NA,NA,NA,NA,Y,NA,A,08,0,0,1,0,0,0,0,0,0,-,-,34.099098205566406,-117.51467895507813,SAN BERNARDINO,UNINCORPORATED,-117.51463317871094,34.099082946777344
90650778,2018,2018-01-30,9860,2018-01-23,1730,017919,NA,2,2,5,3608,0,1,1,NA,2,104,I-10 W/B,TENNESSEE ST,1545,W,N,A,-,Y,NA,NA,10,NA,NA,NA,NA,NA,W,Y,4,0,1,1,A,-,08,22107,NA,N,E,I,A,A,H,-,A,D,0,NA,NA,NA,NA,Y,NA,A,01,0,0,1,0,0,0,0,0,0,-,-,34.06687927246094,-117.20540618896484,SAN BERNARDINO,REDLANDS,-117.20541381835938,34.06675338745117
90651654,2018,2018-01-30,9860,2018-01-25,0700,013945,NA,4,1,4,3603,0,1,1,NA,2,214,I-215 N/B,IOWA AVE,150,S,N,A,-,Y,NA,NA,215,NA,NA,NA,NA,NA,N,Y,3,0,2,3,A,-,03,22350,NA,N,C,C,A,A,H,-,A,D,0,NA,NA,NA,NA,Y,NA,D,22,0,1,1,0,0,0,0,0,0,-,-,34.023529052734375,-117.3357162475586,SAN BERNARDINO,COLTON,-117.33574676513672,34.0235481262207
90653989,2018,2018-02-02,9860,2018-01-27,1515,020654,NA,6,2,9,3600,0,3,5,NA,2,004,11TH ST,LINDEN AVE,0,NA,Y,A,-,N,NA,NA,NA,NA,NA,NA,NA,NA,NA,Y,4,0,1,2,A,-,09,21802,A,N,D,D,A,A,H,-,A,D,0,NA,NA,NA,NA,Y,NA,A,07,0,0,1,0,0,0,0,0,0,-,-,34.044551849365234,-117.40074157714844,SAN BERNARDINO,UNINCORPORATED,-117.40074157714844,34.04452133178711
90658242,2018,2018-02-09,9855,2018-01-31,0744,015919,NA,3,1,6,3607,0,1,1,NA,2,103,I-10 W/B (SAN BERNARDINO FWY),GROVE AVE.,620,E,N,B,-,Y,NA,NA,10,NA,NA,NA,NA,NA,W,Y,4,0,2,3,A,-,03,22350,NA,N,C,C,A,A,H,-,A,D,0,NA,NA,NA,NA,Y,NA,A,01,0,0,2,0,0,0,0,0,0,-,-,34.0795783996582,-117.62667846679688,SAN BERNARDINO,ONTARIO,-117.62662506103516,34.079673767089844
90639911,2018,2018-01-15,9835,2018-01-06,0850,21399,NA,6,1,9,3600,0,1,1,NA,2,074,I-15 S/B,ZZYZX RD,2112,S,N,A,-,Y,NA,NA,15,NA,NA,NA,NA,NA,S,Y,4,0,1,1,A,-,08,22107,NA,N,F,A,A,A,H,-,A,D,0,NA,NA,NA,NA,Y,NA,A,01,0,0,1,0,0,0,0,0,0,-,-,35.19449996948242,-116.14910125732422,SAN BERNARDINO,UNINCORPORATED,-116.14915466308594,35.194889068603516
90640636,2018,2018-01-16,9850,2018-01-10,0735,019278,NA,3,1,9,3600,0,1,1,NA,2,081,LUNA RD,CAHUENGA RD,0,NA,Y,A,-,N,NA,NA,NA,NA,NA,NA,NA,NA,NA,N,4,0,1,2,A,-,09,21800,A,N,D,C,A,A,H,-,A,A,0,NA,NA,NA,NA,Y,NA,A,01,0,0,1,0,0,0,0,0,0,-,-,34.4922981262207,-117.33869934082033,SAN BERNARDINO,UNINCORPORATED,-117.33876800537108,34.4923095703125
90644543,2018,2018-01-22,9855,2018-01-12,1240,020002,NA,5,1,6,3604,0,1,1,NA,2,201,SR-210 E/B (FOOTHILL FWY),CITRUS AVE.,100,E,N,A,-,Y,NA,NA,210,NA,NA,NA,NA,NA,E,Y,4,0,1,1,A,-,08,22107,NA,N,F,I,A,A,H,-,A,D,0,NA,NA,NA,NA,Y,NA,A,01,0,0,1,0,0,0,0,0,0,-,-,34.136138916015625,-117.45604705810548,SAN BERNARDINO,FONTANA,-117.45604705810548,34.13628387451172
9064865,2020,2020-05-20,3610,2020-01-22,2205,51181,NA,3,5,6,3610,0,0,0,NA,0,DAVID,LENA RD,MILL ST,800,N,N,A,-,N,NA,NA,NA,NA,NA,NA,NA,NA,NA,N,4,0,1,2,A,-,11,21954,A,F,G,B,E,A,H,-,D,D,0,Y,NA,NA,NA,Y,NA,N,60,0,0,1,0,1,0,0,0,0,-,-,NA,NA,SAN BERNARDINO,SAN BERNARDINO,-117.27043914794922,34.09434127807617
90677401,2018,2018-03-08,9855,2018-02-23,0336,021048,NA,5,3,6,3616,0,1,1,NA,2,201,SR-210 W/B (FOOTHILL FWY),I-15 S/B (ONTARIO FWY),237,W,N,B,C,Y,NA,NA,210,NA,NA,NA,NA,NA,W,Y,4,0,1,2,C,-,18,NA,NA,N,C,C,A,B,H,-,D,D,0,NA,NA,NA,NA,Y,NA,-,-,0,0,1,0,0,0,0,0,0,-,-,34.13650131225586,-117.4968032836914,SAN BERNARDINO,RANCHO CUCAMONGA,-117.4968032836914,34.13653564453125
90654369,2018,2018-02-05,9834,2018-01-26,0747,016267,NA,5,1,9,3600,0,3,5,NA,2,003,GOFFS RD,US-95 N/B,58080,W,N,B,-,N,NA,NA,NA,NA,NA,NA,NA,NA,NA,Y,3,0,2,1,A,-,08,22107,NA,N,F,A,A,A,H,-,A,D,0,NA,NA,NA,NA,Y,NA,A,01,0,2,0,0,0,0,0,0,0,-,-,34.915138244628906,-115.0078582763672,SAN BERNARDINO,UNINCORPORATED,-115.0078582763672,34.9151725769043
90658633,2018,2018-02-09,9860,2018-02-06,1540,017875,NA,2,2,9,3600,0,1,3,NA,1,382,MENTONE BLVD,TURQUOISE AVE,0,NA,Y,A,-,Y,NA,NA,NA,NA,NA,NA,NA,NA,NA,N,4,0,1,2,A,-,09,21800,B,N,H,G,A,A,H,-,A,A,0,NA,Y,NA,NA,Y,Y,L,04,0,0,1,0,0,0,1,0,0,-,-,34.06999969482422,-117.13240814208984,SAN BERNARDINO,UNINCORPORATED,-117.13246154785156,34.07004165649414
90658757,2018,2018-02-12,9850,2018-01-25,0710,018211,NA,4,1,9,3600,0,1,1,NA,2,084,I-15 S/B,DALE EVANS PKY,7392,S,N,A,-,Y,NA,NA,15,NA,NA,NA,NA,NA,S,Y,4,0,2,1,A,-,08,22107,NA,N,F,A,A,A,H,-,A,D,0,NA,NA,NA,NA,Y,NA,A,07,0,0,2,0,0,0,0,0,0,-,-,34.6280517578125,-117.23062133789063,SAN BERNARDINO,UNINCORPORATED,-117.23052215576172,34.62797546386719
90640199,2017,2018-05-10,9855,2017-12-22,0055,021048,NA,5,3,5,3611,0,1,1,NA,2,203,SR-210 E/B (FOOTHILL FWY),BASELINE RD.,3047,E,N,A,-,Y,NA,NA,210,NA,NA,NA,NA,NA,E,Y,2,0,1,2,A,-,08,22107,NA,F,G,B,E,A,C,H,D,D,0,Y,NA,NA,NA,Y,NA,A,01,1,0,0,0,1,0,0,0,0,-,-,34.12715,-117.68815,SAN BERNARDINO,UPLAND,-117.68822003,34.12724906
9064165,2020,2020-03-17,3600,2020-01-11,1320,8229,028,6,5,5,3612,0,0,0,NA,0,002,PEBBLE BEACH DR,RIVIERA DR,0,NA,Y,A,-,N,NA,NA,NA,NA,NA,NA,NA,NA,NA,N,4,0,1,2,A,-,00,21954,NA,N,G,B,D,A,H,-,A,A,0,Y,NA,NA,NA,Y,NA,N,60,0,0,1,0,1,0,0,0,0,-,-,34.50688934326172,-117.3052978515625,SAN BERNARDINO,VICTORVILLE,-117.30584716796876,34.5070686340332
90641727,2018,2018-01-17,9860,2018-01-09,0300,020346,NA,2,3,4,3603,0,1,1,NA,2,214,I-215 S/B,IOWA AVE,1500,N,N,C,-,Y,NA,NA,215,NA,NA,NA,NA,NA,S,Y,4,0,1,1,A,-,03,22350,NA,N,E,I,A,B,H,-,D,D,0,NA,NA,NA,NA,Y,NA,D,22,0,0,1,0,0,0,0,0,0,-,-,34.02690887451172,-117.33280181884766,SAN BERNARDINO,COLTON,-117.33285522460938,34.02696228027344
90683559,2018,2018-03-16,9855,2018-03-01,1830,020002,NA,4,2,6,3604,0,1,1,NA,2,201,SR-210 E/B (FOOTHILL FWY),I-15,300,E,N,A,-,Y,NA,NA,210,NA,NA,NA,NA,NA,E,Y,4,0,1,2,A,-,07,21658,A,N,B,C,A,A,H,-,C,D,0,NA,NA,Y,NA,Y,NA,A,01,0,0,1,0,0,0,0,0,1,-,-,34.13621139526367,-117.49571228027344,SAN BERNARDINO,FONTANA,-117.49571228027344,34.13623809814453
90660296,2018,2018-02-13,9835,2018-01-30,2230,015807,NA,2,3,9,3600,0,1,1,NA,2,077,INTERSTATE 15 NORTHBOUND,NIPTON RD,8712,N,N,A,-,Y,NA,NA,NA,NA,NA,NA,NA,NA,NA,Y,4,0,1,1,A,-,08,22107,NA,N,F,A,A,A,H,-,D,D,0,NA,NA,NA,NA,Y,NA,A,01,0,0,1,0,0,0,0,0,0,-,-,35.145198822021484,-115.2313995361328,SAN BERNARDINO,UNINCORPORATED,-115.43885040283205,35.4956169128418
90661918,2018,2018-02-15,9860,2018-02-08,0254,021138,NA,4,3,9,3600,0,3,5,NA,2,004,CEDAR AVE (10400 BLOCK),ORANGE ST,106,N,N,A,-,N,NA,NA,NA,NA,NA,NA,NA,NA,NA,Y,3,0,2,1,A,-,08,22107,NA,N,E,I,A,A,H,-,C,D,0,NA,NA,NA,NA,Y,NA,A,01,0,1,1,0,0,0,0,0,0,-,-,34.065338134765625,-117.39653778076172,SAN BERNARDINO,UNINCORPORATED,-117.39641571044922,34.06528091430664
90661920,2018,2018-02-26,9850,2018-02-03,2237,014858,NA,6,3,9,3600,0,2,4,NA,2,066,PHELAN RD,ARROWHEAD ROAD,616,W,N,A,-,N,NA,NA,NA,NA,NA,NA,NA,NA,NA,Y,2,0,1,1,A,-,08,22107,NA,N,E,J,A,A,H,-,D,D,0,NA,NA,NA,NA,Y,NA,A,01,1,0,0,0,0,0,0,0,0,-,-,34.425498962402344,-117.45790863037108,SAN BERNARDINO,UNINCORPORATED,-117.45755767822266,34.42652130126953
90659507,2018,2018-02-12,9855,2018-02-03,1153,017649,NA,6,1,6,3616,0,1,1,NA,2,201,SR-210 E/B (FOOTHILL FWY),DAY CREEK BLVD.,1000,W,N,A,-,Y,NA,NA,NA,NA,NA,NA,NA,NA,NA,Y,4,0,1,1,A,-,08,22107,NA,N,E,I,A,A,H,-,A,D,0,NA,NA,NA,NA,Y,NA,A,01,0,0,1,0,0,0,0,0,0,-,-,34.13534927368164,-117.53816223144533,SAN BERNARDINO,RANCHO CUCAMONGA,-117.54016876220705,34.13637924194336
90668821,2018,2018-02-26,9860,2018-02-16,0634,019419,NA,5,1,9,3600,0,1,1,NA,2,152,I-15 N/B,OAK HILL RD,5280,S,N,A,-,Y,NA,NA,15,NA,NA,NA,NA,NA,N,Y,2,0,3,3,A,-,08,22107,NA,N,C,C,A,A,H,-,B,D,0,NA,NA,NA,Y,Y,NA,A,01,1,0,2,0,0,0,0,0,0,-,-,34.34931182861328,-117.43991088867188,SAN BERNARDINO,UNINCORPORATED,-117.43997192382813,34.3493537902832
90668849,2018,2018-02-26,9855,2018-02-15,1825,016051,NA,4,2,5,3602,0,1,3,NA,2,603,SR-60 E/B (POMONA FWY),RESERVOIR STREET,879,E,N,A,-,Y,NA,NA,60,NA,NA,NA,NA,NA,E,Y,4,0,2,2,A,-,03,22350,NA,F,C,C,A,A,H,-,C,D,0,NA,NA,NA,NA,Y,NA,A,01,0,0,2,0,0,0,0,0,0,-,-,34.025081634521484,-117.72844696044922,SAN BERNARDINO,CHINO,-117.72845458984376,34.02509307861328
90663213,2018,2018-02-16,9860,2018-02-14,1655,020595,NA,3,2,5,3609,0,1,1,NA,2,201,SR-210 W/B,AYALA DR,2640,E,N,A,-,Y,NA,NA,210,NA,NA,NA,NA,NA,W,Y,4,0,1,2,A,-,03,22350,NA,N,C,C,A,A,H,-,A,D,0,NA,NA,NA,NA,Y,NA,A,01,0,0,1,0,0,0,0,0,0,-,-,34.13589096069336,-117.38417053222656,SAN BERNARDINO,RIALTO,-117.38417053222656,34.135921478271484
90663409,2018,2018-03-05,9860,2018-02-05,1804,017949,NA,1,2,9,3600,0,3,5,NA,2,004,11TH STREET,LINDEN AVE,0,NA,Y,A,-,N,NA,NA,NA,NA,NA,NA,NA,NA,NA,Y,2,0,2,2,A,-,12,22450,A,F,D,C,A,A,H,-,C,A,0,NA,NA,NA,NA,Y,NA,A,01,1,1,0,0,0,0,0,0,0,-,-,34.04454040527344,-117.40074157714844,SAN BERNARDINO,UNINCORPORATED,-117.40074157714844,34.04452133178711
90665837,2018,2018-02-21,9865,2018-02-20,1615,014696,NA,2,2,9,3600,0,3,5,NA,2,001,CEDARWOOD DRIVE,NORTH BAY ROAD,79,W,N,A,-,N,NA,NA,NA,NA,NA,NA,NA,NA,NA,Y,4,0,1,1,A,-,08,22107,NA,N,E,I,A,C,H,-,A,D,0,NA,NA,NA,NA,Y,Y,D,22,0,0,1,0,0,0,0,0,0,-,-,34.25360870361328,-117.20345306396484,SAN BERNARDINO,UNINCORPORATED,-117.20340728759766,34.253562927246094
90666895,2017,2018-02-22,9835,2017-04-30,0102,21307,NA,7,3,9,3600,0,1,1,NA,2,076,INTERSTATE 15 S/B,CIMA RD,16421,N,N,A,-,Y,NA,NA,NA,NA,NA,NA,NA,NA,NA,Y,1,1,1,1,A,-,01,23152,A,N,F,A,A,A,H,-,D,D,0,NA,NA,NA,NA,Y,Y,A,07,1,0,0,0,0,0,0,0,0,-,-,35.27428,-115.37274,SAN BERNARDINO,UNINCORPORATED,NA,NA
90668564,2018,2018-02-23,9850,2018-02-12,1925,015860,NA,1,2,9,3600,0,3,5,NA,2,002,SUMMIT VALLEY RD,AGATE RD,1162,N,N,A,-,N,NA,NA,NA,NA,NA,NA,NA,NA,NA,Y,4,0,2,2,A,-,05,21460,A,N,A,C,A,A,H,-,D,D,0,NA,NA,NA,NA,Y,NA,A,01,0,0,2,0,0,0,0,0,0,-,-,34.36137008666992,-117.35968780517578,SAN BERNARDINO,UNINCORPORATED,-117.36240386962892,34.36073684692383
90678834,2018,2018-03-09,9855,2018-03-02,1010,016829,NA,5,1,6,3604,0,1,1,NA,2,153,I-15 S/B FROM SIERRA AVE.,SIERRA AVE.,75,S,N,B,C,Y,NA,NA,15,NA,NA,NA,R,NA,S,Y,3,0,1,1,A,-,03,22350,NA,N,F,I,A,B,H,-,A,D,0,NA,NA,NA,NA,Y,NA,D,22,0,1,0,0,0,0,0,0,0,-,-,34.18183898925781,-117.43759155273438,SAN BERNARDINO,FONTANA,-117.43759155273438,34.18183898925781
90699507,2018,2018-04-05,9860,2018-03-28,1445,015495,NA,3,2,9,3600,0,2,4,NA,1,131,LYTLE CREEK RD,USFS ROAD 2N57,1584,S,N,A,-,N,NA,NA,NA,NA,NA,NA,NA,NA,NA,Y,2,0,3,1,A,-,03,22350,NA,N,F,A,A,A,H,-,A,A,0,NA,NA,NA,NA,Y,NA,A,07,2,1,0,0,0,0,0,0,0,-,-,34.2303581237793,-117.4702377319336,SAN BERNARDINO,UNINCORPORATED,-117.4702377319336,34.2303581237793
90702785,2018,2018-04-10,9855,2018-03-31,2355,020081,NA,6,3,5,3602,0,1,3,NA,2,603,SR-60 W/B (POMONA FWY),CENTRAL AVE.,3500,E,N,A,-,Y,NA,NA,60,NA,NA,NA,NA,NA,W,Y,3,0,1,2,A,-,01,23152,A,N,C,C,A,A,H,-,C,D,0,NA,NA,NA,NA,Y,Y,A,01,0,1,0,0,0,0,0,0,0,-,-,34.03049850463867,-117.67739105224608,SAN BERNARDINO,CHINO,-117.67739105224608,34.03044891357422
90654829,2017,2018-02-05,9835,2017-12-28,2025,20327,NA,4,2,9,3600,0,1,1,NA,2,070,I-15 S/B,HODGE RD,9610,N,N,A,-,Y,NA,NA,15,NA,NA,NA,NA,NA,S,Y,1,2,2,1,A,-,08,22107,NA,N,F,A,A,A,H,-,D,D,0,NA,NA,NA,NA,Y,NA,A,07,1,1,0,0,0,0,0,0,0,-,-,34.76335,-117.15422,SAN BERNARDINO,UNINCORPORATED,-117.15423968,34.76337442
90669865,2018,2018-02-26,9855,2018-02-15,0837,15763,NA,4,1,5,3611,0,1,1,NA,2,103,I-10 W/B (SAN BERNARDINO FWY),BENSON AVENUE,528,E,N,A,-,Y,NA,NA,10,NA,NA,NA,NA,NA,W,Y,4,0,1,2,A,-,03,22350,NA,N,C,C,A,A,H,-,A,D,0,NA,NA,NA,NA,Y,NA,A,01,0,0,1,0,0,0,0,0,0,-,-,34.08736038208008,-117.6790771484375,SAN BERNARDINO,UPLAND,-117.6790771484375,34.08738708496094