CASE_ID,ACCIDENT_YEAR,PROC_DATE,JURIS,COLLISION_DATE,COLLISION_TIME,OFFICER_ID,REPORTING_DISTRICT,DAY_OF_WEEK,CHP_SHIFT,POPULATION,CNTY_CITY_LOC,SPECIAL_COND,BEAT_TYPE,CHP_BEAT_TYPE,CITY_DIVISION_LAPD,CHP_BEAT_CLASS,BEAT_NUMBER,PRIMARY_RD,SECONDARY_RD,DISTANCE,DIRECTION,INTERSECTION,WEATHER_1,WEATHER_2,STATE_HWY_IND,CALTRANS_COUNTY,CALTRANS_DISTRICT,STATE_ROUTE,ROUTE_SUFFIX,POSTMILE_PREFIX,POSTMILE,LOCATION_TYPE,RAMP_INTERSECTION,SIDE_OF_HWY,TOW_AWAY,COLLISION_SEVERITY,NUMBER_KILLED,NUMBER_INJURED,PARTY_COUNT,PRIMARY_COLL_FACTOR,PCF_CODE_OF_VIOL,PCF_VIOL_CATEGORY,PCF_VIOLATION,PCF_VIOL_SUBSECTION,HIT_AND_RUN,TYPE_OF_COLLISION,MVIW,PED_ACTION,ROAD_SURFACE,ROAD_COND_1,ROAD_COND_2,LIGHTING,CONTROL_DEVICE,CHP_ROAD_TYPE,PEDESTRIAN_ACCIDENT,BICYCLE_ACCIDENT,MOTORCYCLE_ACCIDENT,TRUCK_ACCIDENT,NOT_PRIVATE_PROPERTY,ALCOHOL_INVOLVED,STWD_VEHTYPE_AT_FAULT,CHP_VEHTYPE_AT_FAULT,COUNT_SEVERE_INJ,COUNT_VISIBLE_INJ,COUNT_COMPLAINT_PAIN,COUNT_PED_KILLED,COUNT_PED_INJURED,COUNT_BICYCLIST_KILLED,COUNT_BICYCLIST_INJURED,COUNT_MC_KILLED,COUNT_MC_INJURED,PRIMARY_RAMP,SECONDARY_RAMP,LATITUDE,LONGITUDE,COUNTY,CITY,POINT_X,POINT_Y
90822182,2018,2018-09-27,9835,2018-09-10,0049,15354,NA,1,3,9,3600,0,1,1,NA,2,077,INTERSTATE 15 NORTHBOUND,BAILEY ROAD,5702,N,N,A,-,Y,NA,NA,NA,NA,NA,NA,NA,NA,NA,Y,3,0,1,2,A,-,05,21651,B,N,A,C,A,A,H,-,D,D,0,NA,NA,NA,NA,Y,NA,A,07,0,1,0,0,0,0,0,0,0,-,-,35.28099822998047,-115.3052978515625,SAN BERNARDINO,UNINCORPORATED,-115.52873229980467,35.468048095703125
90822457,2018,2018-09-27,9850,2018-09-19,0755,017730,NA,3,1,9,3600,0,3,5,NA,2,005,DUNCAN ROAD,CORTON STREET,5,W,N,A,-,N,NA,NA,NA,NA,NA,NA,NA,NA,NA,Y,4,0,2,2,A,-,03,22350,NA,N,C,C,A,A,H,-,A,D,0,NA,NA,NA,NA,Y,NA,A,07,0,0,2,0,0,0,0,0,0,-,-,34.46984100341797,-117.59481048583984,SAN BERNARDINO,UNINCORPORATED,-117.5947265625,34.4698600769043
90822788,2018,2018-09-27,9850,2018-09-19,1031,022148,NA,3,1,9,3600,0,1,3,NA,2,060,S/R 138,PONDEROSA RD,84,E,N,A,-,Y,NA,NA,NA,NA,NA,NA,NA,NA,NA,Y,3,0,1,2,A,-,03,22350,NA,N,C,C,A,A,H,-,A,D,0,NA,NA,NA,NA,Y,NA,D,22,0,1,0,0,0,0,0,0,0,-,-,34.43754959106445,-117.63812255859376,SAN BERNARDINO,UNINCORPORATED,NA,NA
90822944,2018,2018-09-27,9834,2018-09-24,0020,015182,NA,1,3,9,3600,0,1,2,NA,1,091,US-95,SR62,39072,N,N,A,-,N,NA,NA,95,NA,NA,NA,NA,NA,NA,Y,4,0,1,2,A,-,08,22107,NA,F,B,C,A,A,H,-,D,D,0,NA,NA,NA,NA,Y,NA,-,99,0,0,1,0,0,0,0,0,0,-,-,34.265419006347656,-114.64749145507813,SAN BERNARDINO,UNINCORPORATED,-114.64752960205078,34.265419006347656
90824153,2018,2018-09-28,9860,2018-09-21,0955,014963,NA,5,1,6,3610,0,1,1,NA,2,103,I-10 W/B TO I-215,HUNTS LANE,528,W,N,A,-,Y,NA,NA,10,NA,NA,NA,R,NA,W,N,4,0,2,2,A,-,03,22350,NA,N,C,C,A,A,H,-,A,D,0,NA,NA,NA,NA,Y,NA,A,01,0,0,2,0,0,0,0,0,0,-,-,34.06393051147461,-117.28945922851563,SAN BERNARDINO,SAN BERNARDINO,-117.28945922851563,34.06393051147461
90827013,2018,2018-10-02,9835,2018-02-12,1310,17180,NA,1,1,9,3600,0,1,3,NA,1,019,SR-247,VETERANS PKY,7392,S,N,A,G,Y,NA,NA,247,NA,NA,NA,NA,NA,NA,Y,1,1,2,2,A,-,08,22107,NA,N,A,C,A,A,H,-,A,D,0,NA,NA,NA,Y,Y,NA,M,96,1,1,0,0,0,0,0,0,0,-,-,34.849708557128906,-117.0139389038086,SAN BERNARDINO,UNINCORPORATED,-117.01402282714844,34.849693298339844
90827061,2018,2018-10-02,9855,2018-09-18,0730,015033,NA,2,1,6,3604,0,1,1,NA,2,101,I-10 E/B TO CHERRY AVE.,CHERRY AVE.,62,W,N,A,-,Y,NA,NA,10,NA,NA,NA,R,NA,E,N,4,0,2,2,A,-,03,22350,NA,N,C,C,A,A,H,-,B,A,0,NA,NA,NA,Y,Y,NA,G,25,0,0,2,0,0,0,0,0,0,-,-,34.06570053100586,-117.48919677734376,SAN BERNARDINO,FONTANA,-117.48919677734376,34.06570053100586
90827417,2018,2018-10-03,9870,2018-09-22,1520,021650,NA,6,2,9,3600,0,3,5,NA,2,002,LANDERS LANE,WINTERS ROAD,2088,N,N,A,-,N,NA,NA,NA,NA,NA,NA,NA,NA,NA,Y,2,0,2,2,A,-,08,22107,NA,N,D,C,A,A,H,-,A,D,0,NA,NA,NA,NA,Y,NA,B,07,1,1,0,0,0,0,0,0,0,-,-,34.24266815185547,-116.3933334350586,SAN BERNARDINO,UNINCORPORATED,-116.39328002929688,34.24264144897461
90827701,2018,2018-10-03,9855,2018-09-21,1508,020659,NA,5,2,9,3600,0,3,5,NA,2,001,ARROW RTE.,CHERRY AVE.,173,E,N,A,-,N,NA,NA,NA,NA,NA,NA,NA,NA,NA,N,4,0,1,2,A,-,09,21801,A,N,D,C,A,A,H,-,A,D,0,NA,NA,Y,NA,Y,NA,A,07,0,0,1,0,0,0,0,0,1,-,-,34.099220275878906,-117.48806762695313,SAN BERNARDINO,UNINCORPORATED,-117.48822021484376,34.099308013916016
90828369,2018,2018-10-04,9860,2018-09-24,1250,018858,NA,1,1,3,3615,0,1,1,NA,2,104,I-10 E/B TO MOUNTAIN VIEW AVE,MOUNTAIN VIEW AVE,500,W,N,A,-,Y,NA,NA,10,NA,NA,NA,R,NA,E,Y,4,0,1,2,A,-,03,22350,NA,N,C,C,A,A,H,-,A,D,0,NA,NA,NA,NA,Y,NA,A,07,0,0,1,0,0,0,0,0,0,-,-,34.06624984741211,-117.24652099609376,SAN BERNARDINO,LOMA LINDA,-117.24652099609376,34.06624984741211
90828689,2018,2018-10-04,9855,2018-09-24,1758,016051,NA,1,2,6,3607,0,1,3,NA,2,601,SR-60 E/B (POMONA FWY),EUCLID AVE.,2603,E,N,A,-,Y,NA,NA,60,NA,NA,NA,NA,NA,E,Y,4,0,1,3,A,-,03,22350,NA,N,C,C,A,A,H,-,A,D,0,NA,NA,NA,NA,Y,NA,A,01,0,0,1,0,0,0,0,0,0,-,-,34.03028869628906,-117.64190673828124,SAN BERNARDINO,ONTARIO,-117.64190673828124,34.03034973144531
90828820,2018,2018-10-04,9835,2018-09-27,1740,020743,NA,4,2,3,3601,0,1,1,NA,2,071,I-15 N/B,L ST,2851,S,N,A,-,Y,NA,NA,15,NA,NA,NA,NA,NA,N,Y,3,0,1,2,A,-,07,21658,A,N,E,I,A,A,H,-,A,D,0,NA,NA,NA,NA,Y,NA,D,22,0,1,0,0,0,0,0,0,0,-,-,34.88243103027344,-117.06292724609376,SAN BERNARDINO,BARSTOW,-117.0629425048828,34.8824462890625
90829456,2018,2018-10-05,9855,2018-09-25,1559,019732,NA,2,2,6,3616,0,1,1,NA,2,203,SR-210 E/B (FOOTHILL FWY),HELLMAN AVE.,200,E,N,A,-,Y,NA,NA,210,NA,NA,NA,NA,NA,E,N,4,0,1,2,A,-,03,22350,NA,F,C,D,A,A,H,-,A,D,0,NA,NA,NA,NA,Y,NA,-,99,0,0,1,0,0,0,0,0,0,-,-,34.13486099243164,-117.60222625732422,SAN BERNARDINO,RANCHO CUCAMONGA,-117.60223388671876,34.1348876953125
90829520,2018,2018-10-05,9835,2018-09-22,1814,022049,NA,6,2,9,3600,0,1,1,NA,2,074,I-15 N/B,ZZYZX RD,20117,N,N,A,-,Y,NA,NA,15,NA,NA,NA,NA,NA,N,Y,3,0,3,1,A,-,08,22107,NA,N,F,A,A,A,H,-,A,D,0,NA,NA,NA,NA,Y,NA,D,22,0,1,2,0,0,0,0,0,0,-,-,35.235801696777344,-116.09980010986328,SAN BERNARDINO,UNINCORPORATED,-116.09971618652344,35.23575210571289
90829963,2018,2018-10-05,9855,2018-09-26,0524,016220,NA,3,3,6,3607,0,1,1,NA,2,152,I-15 S/B (ONTARIO FWY),JURUPA ST.,2112,S,N,B,-,Y,NA,NA,15,NA,NA,NA,NA,NA,S,Y,4,0,1,2,A,-,03,22350,NA,N,C,C,A,A,H,-,B,D,0,NA,NA,NA,NA,Y,NA,A,01,0,0,1,0,0,0,0,0,0,-,-,34.039710998535156,-117.550537109375,SAN BERNARDINO,ONTARIO,-117.55043792724608,34.039710998535156
9082997,2020,2020-07-10,3604,2020-03-13,1534,769,NA,5,5,6,3604,0,0,0,NA,0,002,MILLER AV,MANGO AV,0,NA,Y,C,-,N,NA,NA,NA,NA,NA,NA,NA,NA,NA,Y,3,0,1,2,A,-,12,21453,A,N,D,D,A,B,H,-,A,A,0,NA,NA,NA,NA,Y,NA,A,01,0,1,0,0,0,0,0,0,0,-,-,NA,NA,SAN BERNARDINO,FONTANA,-117.43148040771484,34.113929748535156
90830137,2018,2018-10-08,9860,2018-09-26,1650,016821,NA,3,2,9,3600,0,1,3,NA,1,012,SR-138 E/B,RANCHO DE LA GARTO ROAD,450,W,N,A,-,Y,NA,NA,138,NA,NA,NA,NA,NA,E,Y,3,0,1,2,A,-,08,22100,B,N,D,C,A,A,H,-,A,D,0,NA,NA,NA,NA,Y,NA,D,22,0,1,0,0,0,0,0,0,0,-,-,34.33369064331055,-117.52059173583984,SAN BERNARDINO,UNINCORPORATED,-117.52058410644533,34.33369064331055
90831433,2018,2018-10-09,9860,2018-09-30,2350,021149,NA,7,3,4,3603,0,1,1,NA,2,103,I-10 E/B,9TH ST,450,W,N,A,-,Y,NA,NA,10,NA,NA,NA,NA,NA,E,Y,3,0,1,2,A,-,08,22107,NA,N,B,C,A,A,H,-,C,D,0,NA,NA,NA,Y,Y,Y,A,01,0,1,0,0,0,0,0,0,0,-,-,34.065860748291016,-117.32473754882813,SAN BERNARDINO,COLTON,-117.32472229003906,34.065982818603516
9083245,2020,2020-07-14,3608,2020-03-18,1454,4387,NA,3,5,5,3608,0,0,0,NA,0,NA,ALMOND AV,RESEARCH DR,1342,W,N,B,-,N,NA,NA,NA,NA,NA,NA,NA,NA,NA,N,4,0,1,1,A,-,03,22350,NA,N,E,I,A,A,H,-,A,D,0,NA,NA,NA,NA,Y,NA,A,01,0,0,1,0,0,0,0,0,0,-,-,NA,NA,SAN BERNARDINO,REDLANDS,-117.2411651611328,34.07429122924805
90834301,2018,2018-10-11,9860,2018-09-30,1232,017919,NA,7,1,9,3600,0,2,4,NA,2,411,CEDAR AVE.,JURUPA AVE,0,NA,Y,A,-,N,NA,NA,NA,NA,NA,NA,NA,NA,NA,Y,4,0,2,2,A,-,12,21453,A,N,D,C,A,A,H,-,A,A,0,NA,NA,NA,NA,Y,NA,A,01,0,0,2,0,0,0,0,0,0,-,-,34.048561096191406,-117.3963623046875,SAN BERNARDINO,UNINCORPORATED,-117.39639282226563,34.048519134521484
90834344,2018,2018-10-11,9860,2018-10-04,1715,016821,NA,4,2,9,3600,0,1,1,NA,2,152,I-15 N/B,CLEGHORN ROAD,1000,N,N,B,-,Y,NA,NA,NA,NA,NA,NA,NA,NA,NA,N,4,0,1,3,A,-,03,22350,NA,N,C,C,A,A,H,-,A,D,0,NA,NA,NA,NA,Y,NA,A,01,0,0,1,0,0,0,0,0,0,-,-,34.18040084838867,-117.27330017089844,SAN BERNARDINO,UNINCORPORATED,NA,NA
90834553,2018,2018-10-12,9855,2018-10-02,1703,017808,NA,2,2,6,3604,0,1,1,NA,2,153,I-15 NB TO SIERRA AVE.,SIERRA AVE.,60,S,N,A,-,Y,NA,NA,15,NA,NA,NA,R,NA,N,Y,4,0,1,2,A,-,03,22350,NA,F,C,C,A,A,H,-,A,A,0,NA,NA,NA,NA,Y,NA,-,99,0,0,1,0,0,0,0,0,0,-,-,34.18064880371094,-117.43670654296876,SAN BERNARDINO,FONTANA,-117.43670654296876,34.18064880371094
90835456,2018,2018-10-15,9860,2018-10-07,0815,017919,NA,7,1,5,3608,0,1,1,NA,2,104,I-10 W/B,CALIFORNIA ST,221,E,N,A,-,Y,NA,NA,10,NA,NA,NA,NA,NA,W,Y,4,0,1,2,A,-,07,21658,A,N,B,C,A,A,H,-,A,D,0,NA,NA,NA,NA,Y,NA,A,01,0,0,1,0,0,0,0,0,0,-,-,34.066688537597656,-117.22704315185548,SAN BERNARDINO,REDLANDS,-117.22704315185548,34.06673049926758
90836021,2018,2018-10-15,9865,2018-10-07,0300,020393,NA,7,3,9,3600,0,1,3,NA,1,039,SR-38,BALKY HORSE CYN RD.,9504,W,N,B,-,Y,NA,NA,38,NA,NA,NA,NA,NA,NA,Y,2,0,1,1,A,-,01,23152,A,N,E,I,A,A,H,-,D,D,0,NA,NA,NA,NA,Y,Y,D,22,1,0,0,0,0,0,0,0,0,-,-,34.203651428222656,-116.73239135742188,SAN BERNARDINO,UNINCORPORATED,-116.73239135742188,34.203636169433594
90836376,2018,2018-10-15,9830,2018-10-08,1950,019400,NA,1,2,9,3600,0,1,2,NA,1,054,US-395,HOFFMAN RD,4752,S,N,A,-,Y,NA,NA,395,NA,NA,NA,NA,NA,NA,Y,3,0,2,1,A,-,08,22107,NA,N,F,A,A,A,H,-,D,D,0,NA,NA,Y,NA,Y,NA,C,02,0,2,0,0,0,0,0,0,2,-,-,35.30078125,-117.61328887939452,SAN BERNARDINO,UNINCORPORATED,-117.61342620849608,35.30080795288086
90836381,2018,2018-10-15,9835,2018-09-21,0536,017111,NA,5,3,9,3600,0,1,1,NA,2,047,INTERSTATE 40 W/B,CRUCERO RD,81840,E,N,A,-,Y,NA,NA,40,NA,NA,NA,NA,NA,W,Y,1,1,0,1,A,-,08,22107,NA,N,E,I,A,A,H,-,D,D,0,NA,NA,NA,Y,Y,NA,G,25,0,0,0,0,0,0,0,0,0,-,-,34.73202896118164,-115.89839935302734,SAN BERNARDINO,UNINCORPORATED,-115.8984146118164,34.73208236694336
90838103,2018,2018-10-17,9860,2018-10-09,0924,016800,NA,2,1,4,3603,0,1,1,NA,2,214,I-215 N/B,IOWA AVE,1200,N,N,A,-,Y,NA,NA,215,NA,NA,NA,NA,NA,N,Y,3,0,1,3,A,-,03,22350,NA,N,C,C,A,A,H,-,A,D,0,NA,NA,NA,NA,Y,NA,A,01,0,1,0,0,0,0,0,0,0,-,-,34.02653121948242,-117.33284759521484,SAN BERNARDINO,COLTON,-117.33293151855467,34.02660369873047
90840286,2018,2018-10-19,9860,2018-10-05,0732,018858,NA,5,1,5,3608,0,1,1,NA,2,104,I-10 W/B,CALIFORNIA ST,50,E,N,A,-,Y,NA,NA,10,NA,NA,NA,NA,NA,W,Y,4,0,1,3,A,-,03,22350,NA,N,C,C,A,A,H,-,A,D,0,NA,NA,NA,NA,Y,NA,A,07,0,0,1,0,0,0,0,0,0,-,-,34.066680908203125,-117.22617340087892,SAN BERNARDINO,REDLANDS,-117.22617340087892,34.06673049926758
90840597,2018,2018-10-22,9860,2018-10-15,0605,019269,NA,1,1,9,3600,0,1,1,NA,2,152,I-15 S/B,CLEGHORN RD,3696,N,N,A,-,Y,NA,NA,15,NA,NA,NA,NA,NA,S,Y,4,0,1,3,A,-,03,22350,NA,N,C,C,A,A,H,-,B,D,0,NA,NA,NA,NA,Y,NA,A,01,0,0,1,0,0,0,0,0,0,-,-,34.30535125732422,-117.46694183349608,SAN BERNARDINO,UNINCORPORATED,-117.46695709228516,34.30531311035156
90846470,2018,2018-10-26,9870,2018-10-20,1708,021288,NA,6,2,9,3600,0,3,5,NA,2,003,BROADWAY STREET,SUNEVER ROAD,130,W,N,A,-,N,NA,NA,NA,NA,NA,NA,NA,NA,NA,N,4,0,1,1,A,-,03,22350,NA,N,E,I,A,A,G,-,A,D,0,NA,NA,NA,NA,Y,NA,A,01,0,0,1,0,0,0,0,0,0,-,-,34.16429901123047,-116.26480102539063,SAN BERNARDINO,UNINCORPORATED,-116.26498413085938,34.164424896240234
90846578,2018,2018-10-26,9860,2018-08-17,0150,020387,NA,5,3,9,3600,0,3,5,NA,2,003,STATE ROUTE 38 (MENTONE BOULEVARD),PLUMWOOD LANE,425,E,N,A,-,N,NA,NA,38,NA,NA,NA,NA,NA,NA,N,1,1,0,2,A,-,08,22107,NA,N,H,G,A,A,H,-,D,D,0,NA,Y,NA,NA,Y,NA,L,04,0,0,0,0,0,1,0,0,0,-,-,34.06975173950195,-117.11508178710938,SAN BERNARDINO,UNINCORPORATED,-117.11508178710938,34.06977081298828
90848888,2018,2018-10-30,9860,2018-10-22,1710,021363,NA,1,2,4,3603,0,1,1,NA,2,103,I-10 E/B,MT VERNON AVE,2000,E,N,B,-,Y,NA,NA,10,NA,NA,NA,NA,NA,E,Y,4,0,1,2,A,-,03,22350,NA,N,C,C,A,A,H,-,A,D,0,NA,NA,NA,NA,Y,NA,A,01,0,0,1,0,0,0,0,0,0,-,-,34.065128326416016,-117.30590057373048,SAN BERNARDINO,COLTON,-117.30590057373048,34.06507873535156
90849222,2018,2018-10-30,9855,2018-04-28,0951,017704,NA,6,1,5,3630,0,1,3,NA,2,071,SR-71 S/B (CHINO FWY),BUTTERFIELD RANCH ROAD,2012,N,N,A,-,Y,NA,NA,71,NA,NA,NA,NA,NA,S,Y,1,2,2,4,A,-,03,22350,NA,N,C,C,A,A,H,-,A,D,0,NA,NA,NA,Y,Y,NA,A,01,0,1,1,0,0,0,0,0,0,-,-,33.93524932861328,-117.66358947753906,SAN BERNARDINO,CHINO HILLS,-117.66360473632813,33.935237884521484
90849310,2018,2018-10-31,9860,2018-10-20,2237,021675,NA,6,3,4,3603,0,1,1,NA,2,214,I-215 S/B,I-10,1056,N,N,A,-,Y,NA,NA,215,NA,NA,NA,NA,NA,S,Y,4,0,2,3,A,-,03,22350,NA,N,C,C,A,A,D,E,D,D,0,NA,NA,NA,NA,Y,NA,A,01,0,0,2,0,0,0,0,0,0,-,-,34.06697082519531,-117.29601287841795,SAN BERNARDINO,COLTON,-117.29622650146484,34.067012786865234
90849777,2018,2018-10-31,9860,2018-06-13,0645,017098,NA,3,1,6,3610,0,1,1,NA,2,103,INTERSTATE 10 EASTBOUND,WEST EDGE SANTA ANA RIVER BRIDGE,220,E,N,A,-,Y,NA,NA,NA,NA,NA,NA,NA,NA,NA,Y,1,2,0,3,A,-,08,22107,NA,N,B,C,A,A,H,-,B,D,0,NA,NA,NA,Y,Y,NA,D,22,0,0,0,0,0,0,0,0,0,-,-,34.06496810913086,-117.30272674560548,SAN BERNARDINO,SAN BERNARDINO,NA,NA
90850047,2018,2018-10-31,9855,2018-10-22,1650,019303,NA,1,2,6,3604,0,1,1,NA,2,101,I-10 E/B (SAN BERNARDINO FWY),ETIWANDA AVE.,500,E,N,A,-,Y,NA,NA,10,NA,NA,NA,NA,NA,E,Y,4,0,1,2,A,-,03,22350,NA,N,C,C,A,A,H,-,A,D,0,NA,NA,NA,NA,Y,NA,D,22,0,0,1,0,0,0,0,0,0,-,-,34.06663131713867,-117.5116729736328,SAN BERNARDINO,FONTANA,-117.51165771484376,34.06667709350586
90850197,2018,2018-10-31,9865,2018-10-27,1630,020725,NA,6,2,9,3600,0,1,3,NA,2,045,SR-38,CEDAR FALLS RD,9504,W,N,A,-,Y,NA,NA,38,NA,NA,NA,NA,NA,NA,Y,2,0,2,1,A,-,03,22350,NA,N,E,I,A,A,H,-,A,D,0,NA,NA,NA,NA,Y,NA,A,01,1,1,0,0,0,0,0,0,0,-,-,34.154300689697266,-116.96219635009766,SAN BERNARDINO,UNINCORPORATED,-116.96219635009766,34.1543083190918
90850311,2018,2018-10-31,9855,2018-10-22,1609,017808,NA,1,2,9,3600,0,3,5,NA,2,004,PHILLIPS BLVD.,RAMONA AVE.,125,W,N,A,-,N,NA,NA,NA,NA,NA,NA,NA,NA,NA,Y,4,0,3,2,A,-,09,21804,A,N,D,C,A,A,H,-,A,D,0,NA,NA,NA,NA,Y,NA,A,01,0,0,3,0,0,0,0,0,0,-,-,34.046669006347656,-117.70741271972656,SAN BERNARDINO,UNINCORPORATED,-117.70693969726563,34.04663848876953
90851097,2018,2018-11-01,9860,2018-10-24,0540,019321,NA,3,3,9,3600,0,1,1,NA,2,152,I-15 S/B,OAK HILL RD,20592,S,N,A,-,Y,NA,NA,15,NA,NA,NA,NA,NA,S,Y,4,0,1,2,A,-,03,22350,NA,N,C,C,A,A,H,-,D,D,0,NA,NA,NA,NA,Y,NA,A,07,0,0,1,0,0,0,0,0,0,-,-,34.34572982788086,-117.46566772460938,SAN BERNARDINO,UNINCORPORATED,-117.46580505371094,34.34553146362305
90851137,2018,2019-07-15,9860,2018-08-19,0509,019321,NA,7,3,9,3600,0,3,5,NA,2,002,5TH STREET,COOLEY STREET,475,E,N,A,-,N,NA,NA,NA,NA,NA,NA,NA,NA,NA,Y,1,1,1,2,A,-,01,23152,A,F,A,C,A,A,H,-,D,D,0,NA,NA,Y,NA,Y,Y,A,01,0,1,0,0,0,0,0,1,0,-,-,34.108360290527344,-117.27377319335938,SAN BERNARDINO,UNINCORPORATED,-117.27382659912108,34.108341217041016
90854956,2018,2018-11-07,9834,2018-11-05,0805,016267,NA,1,1,9,3600,0,1,1,NA,2,042,I-40 W/B,MOUNTAIN SPRINGS RD,528,E,N,A,-,Y,NA,NA,40,NA,NA,NA,NA,NA,W,Y,3,0,1,1,A,-,08,22107,NA,N,E,I,A,A,H,-,A,D,0,NA,NA,NA,NA,Y,NA,A,01,0,1,0,0,0,0,0,0,0,-,-,34.8306884765625,-115.04956817626952,SAN BERNARDINO,UNINCORPORATED,-115.04956817626952,34.83065414428711
90855050,2018,2018-11-07,9855,2018-10-27,2219,020231,NA,6,3,4,3605,0,1,1,NA,2,103,I-10 W/B (SAN BERNARDINO FWY),MONTE VISTA AVE.,1000,W,N,A,-,Y,NA,NA,10,NA,NA,NA,NA,NA,W,Y,3,0,1,3,A,-,07,21658,A,F,E,I,A,A,H,-,C,D,0,NA,NA,NA,NA,Y,Y,-,99,0,1,0,0,0,0,0,0,0,-,-,34.0819091796875,-117.70375061035156,SAN BERNARDINO,MONTCLAIR,-117.70375061035156,34.08191680908203
90858253,2018,2018-11-12,9835,2018-10-27,1502,021981,NA,6,2,9,3600,0,3,5,NA,2,039,BAKER BLVD,KELBAKER RD,1320,W,N,A,-,N,NA,NA,NA,NA,NA,NA,NA,NA,NA,N,3,0,1,2,A,-,09,21801,A,F,B,C,A,A,H,-,A,D,0,NA,NA,Y,NA,Y,NA,A,07,0,1,0,0,0,0,0,0,1,-,-,35.262840270996094,-116.0792236328125,SAN BERNARDINO,UNINCORPORATED,NA,NA
90858731,2018,2018-11-13,9834,2018-11-11,2355,018343,NA,7,3,9,3600,0,1,1,NA,2,044,I-40 W/B,WATER RD,14256,E,N,A,-,Y,NA,NA,40,NA,NA,NA,NA,NA,W,N,4,0,1,2,A,-,07,21658,NA,N,B,C,A,A,H,-,D,D,0,NA,NA,NA,Y,Y,NA,-,-,0,0,1,0,0,0,0,0,0,-,-,34.85773849487305,-114.92594146728516,SAN BERNARDINO,UNINCORPORATED,-114.92593383789063,34.85771942138672
90859069,2018,2018-11-13,9860,2018-10-27,1520,021375,NA,6,2,5,3608,0,1,1,NA,2,203,SR-210 W/B,SAN BERNARDINO AVE,2000,N,N,A,-,Y,NA,NA,210,NA,NA,NA,NA,NA,W,Y,3,0,1,1,A,-,01,23152,A,M,E,I,A,A,H,-,A,D,0,NA,NA,NA,NA,Y,Y,A,01,0,1,0,0,0,0,0,0,0,-,-,34.083221435546875,-117.20059967041016,SAN BERNARDINO,REDLANDS,-117.20053863525392,34.083221435546875
90860340,2018,2018-11-15,9860,2018-11-02,2124,019466,NA,5,2,9,3600,0,1,3,NA,1,380,SR-38,CHRYSOLITE AVE,0,NA,Y,A,-,Y,NA,NA,38,NA,NA,NA,NA,NA,NA,Y,2,0,1,2,A,-,11,21954,A,N,G,B,D,A,H,-,C,D,0,Y,NA,NA,NA,Y,Y,N,60,1,0,0,0,1,0,0,0,0,-,-,34.070159912109375,-117.13754272460938,SAN BERNARDINO,UNINCORPORATED,-117.13754272460938,34.07012176513672
90862358,2018,2018-11-19,9860,2018-11-07,1325,014829,NA,3,1,9,3600,0,2,4,NA,1,131,LYTLE CREEK RD,GREEN MOUNTAIN RD,86,S,N,A,-,N,NA,NA,NA,NA,NA,NA,NA,NA,NA,Y,4,0,1,1,A,-,08,22107,NA,N,F,A,A,A,H,-,A,A,0,NA,NA,NA,NA,Y,NA,D,22,0,0,1,0,0,0,0,0,0,-,-,34.23479080200195,-117.49307250976563,SAN BERNARDINO,UNINCORPORATED,-117.49303436279295,34.23472595214844
90862395,2018,2018-11-19,9860,2018-11-07,1815,020346,NA,3,2,6,3610,0,1,1,NA,2,214,I-215 N/B,INLAND CENTER DR,2000,S,N,A,-,Y,NA,NA,215,NA,NA,NA,NA,NA,N,Y,4,0,2,4,A,-,03,22350,NA,N,C,C,A,A,H,-,D,D,0,NA,NA,NA,NA,Y,NA,A,01,0,0,2,0,0,0,0,0,0,-,-,34.08280944824219,-117.29920959472656,SAN BERNARDINO,SAN BERNARDINO,-117.29930877685548,34.08274459838867
90863189,2018,2018-11-19,9855,2018-10-31,1535,020533,NA,3,2,6,3607,0,1,3,NA,2,601,SR-60 E/B (POMONA FWY),VINEYARD AVE.,1600,W,N,A,-,Y,NA,NA,60,NA,NA,NA,NA,NA,E,N,4,0,1,2,A,-,03,22350,NA,N,C,C,A,A,H,-,A,D,0,NA,NA,NA,NA,Y,NA,A,01,0,0,1,0,0,0,0,0,0,-,-,34.03044891357422,-117.61670684814452,SAN BERNARDINO,ONTARIO,-117.61670684814452,34.03044128417969