CASE_ID,ACCIDENT_YEAR,PROC_DATE,JURIS,COLLISION_DATE,COLLISION_TIME,OFFICER_ID,REPORTING_DISTRICT,DAY_OF_WEEK,CHP_SHIFT,POPULATION,CNTY_CITY_LOC,SPECIAL_COND,BEAT_TYPE,CHP_BEAT_TYPE,CITY_DIVISION_LAPD,CHP_BEAT_CLASS,BEAT_NUMBER,PRIMARY_RD,SECONDARY_RD,DISTANCE,DIRECTION,INTERSECTION,WEATHER_1,WEATHER_2,STATE_HWY_IND,CALTRANS_COUNTY,CALTRANS_DISTRICT,STATE_ROUTE,ROUTE_SUFFIX,POSTMILE_PREFIX,POSTMILE,LOCATION_TYPE,RAMP_INTERSECTION,SIDE_OF_HWY,TOW_AWAY,COLLISION_SEVERITY,NUMBER_KILLED,NUMBER_INJURED,PARTY_COUNT,PRIMARY_COLL_FACTOR,PCF_CODE_OF_VIOL,PCF_VIOL_CATEGORY,PCF_VIOLATION,PCF_VIOL_SUBSECTION,HIT_AND_RUN,TYPE_OF_COLLISION,MVIW,PED_ACTION,ROAD_SURFACE,ROAD_COND_1,ROAD_COND_2,LIGHTING,CONTROL_DEVICE,CHP_ROAD_TYPE,PEDESTRIAN_ACCIDENT,BICYCLE_ACCIDENT,MOTORCYCLE_ACCIDENT,TRUCK_ACCIDENT,NOT_PRIVATE_PROPERTY,ALCOHOL_INVOLVED,STWD_VEHTYPE_AT_FAULT,CHP_VEHTYPE_AT_FAULT,COUNT_SEVERE_INJ,COUNT_VISIBLE_INJ,COUNT_COMPLAINT_PAIN,COUNT_PED_KILLED,COUNT_PED_INJURED,COUNT_BICYCLIST_KILLED,COUNT_BICYCLIST_INJURED,COUNT_MC_KILLED,COUNT_MC_INJURED,PRIMARY_RAMP,SECONDARY_RAMP,LATITUDE,LONGITUDE,COUNTY,CITY,POINT_X,POINT_Y
91048216,2019,2019-08-08,9850,2019-08-06,1055,017775,NA,2,1,9,3600,0,1,1,NA,2,084,I-15 S/B,DALE EVANS PARKWAY,10032,S,N,A,-,Y,NA,NA,15,NA,NA,NA,NA,NA,S,Y,3,0,1,1,A,-,08,22107,NA,N,F,A,A,A,H,-,A,D,0,NA,NA,NA,NA,Y,NA,A,07,0,1,0,0,0,0,0,0,0,-,-,34.62126922607422,-117.23602294921876,SAN BERNARDINO,UNINCORPORATED,-117.23590850830078,34.62118148803711
9105012,2020,2020-06-16,3607,2020-02-27,2345,19952,256,4,5,6,3607,0,0,0,NA,0,062,GROVE AV,RT 60,0,NA,Y,A,-,N,NA,NA,NA,NA,NA,NA,NA,NA,NA,NA,4,0,2,2,A,-,09,21453,C,N,A,C,A,A,H,-,C,A,0,NA,NA,NA,NA,Y,NA,A,01,0,0,2,0,0,0,0,0,0,-,WO,NA,NA,SAN BERNARDINO,ONTARIO,-117.6284637451172,34.030601501464844
9105038,2020,2020-06-18,3607,2020-02-02,1151,19945,49,7,5,6,3607,0,0,0,NA,0,032,4TH ST,CALAVERAS AV,0,NA,Y,A,-,N,NA,NA,NA,NA,NA,NA,NA,NA,NA,N,4,0,1,2,A,-,09,21801,A,N,D,D,A,A,H,-,A,D,0,NA,NA,NA,NA,Y,NA,A,01,0,0,1,0,0,0,0,0,0,-,-,NA,NA,SAN BERNARDINO,ONTARIO,-117.62682342529295,34.077659606933594
91051311,2019,2019-08-13,9835,2019-07-28,1740,022078,NA,7,2,9,3600,0,3,5,NA,2,034,NATIONAL TRAILS HWY,HIDDEN SPRINGS RD,2640,E,N,A,-,N,NA,NA,NA,NA,NA,NA,NA,NA,NA,Y,3,0,1,1,A,-,08,22107,NA,N,F,A,A,A,H,-,A,D,0,NA,NA,NA,NA,Y,NA,A,07,0,1,0,0,0,0,0,0,0,-,-,34.847999572753906,-116.79440307617188,SAN BERNARDINO,UNINCORPORATED,-116.79468536376952,34.847904205322266
91052707,2019,2019-08-15,9855,2019-08-09,1205,016268,NA,5,1,9,3600,0,3,5,NA,2,001,MERRILL AVENUE,ELM AVENUE,0,NA,Y,A,-,N,NA,NA,NA,NA,NA,NA,NA,NA,NA,Y,4,0,2,2,A,-,09,21801,A,N,D,C,A,A,H,-,A,D,0,NA,NA,NA,NA,Y,NA,J,48,0,0,2,0,0,0,0,0,0,-,-,34.0920295715332,-117.46676635742188,SAN BERNARDINO,UNINCORPORATED,-117.4667510986328,34.092041015625
91054185,2019,2019-08-19,9835,2019-08-04,1713,021981,NA,7,2,9,3600,0,1,1,NA,2,074,I-15 NB,RASOR ROAD,7762,N,N,A,-,Y,NA,NA,15,NA,NA,NA,NA,NA,N,Y,4,0,1,2,A,-,08,22107,NA,N,B,C,A,A,H,-,A,D,0,NA,NA,NA,NA,Y,NA,A,07,0,0,1,0,0,0,0,0,0,-,-,35.15034866333008,-116.19596862792967,SAN BERNARDINO,UNINCORPORATED,-116.19597625732422,35.15035629272461
91056247,2019,2019-08-21,9850,2019-08-15,1435,021343,NA,4,2,9,3600,0,3,5,NA,2,005,CAHUENGA RD,BONANZA RD,4,S,N,A,-,N,NA,NA,NA,NA,NA,NA,NA,NA,NA,Y,3,0,1,2,A,-,12,22450,A,N,D,C,A,A,H,-,A,D,0,NA,NA,NA,NA,Y,NA,A,07,0,1,0,0,0,0,0,0,0,-,-,34.503150939941406,-117.3388671875,SAN BERNARDINO,UNINCORPORATED,-117.33888244628906,34.50318908691406
91056263,2019,2019-08-21,9855,2019-08-10,1715,018335,NA,6,2,6,3616,0,1,1,NA,2,203,SR-210 E/B (FOOTHILL FWY),CARNELIAN ST.,500,W,N,A,-,Y,NA,NA,210,NA,NA,NA,NA,NA,E,Y,3,0,7,3,A,-,03,22350,NA,N,C,C,A,A,H,-,A,D,0,NA,NA,NA,NA,Y,NA,A,01,0,2,5,0,0,0,0,0,0,-,-,34.13471984863281,-117.61741638183594,SAN BERNARDINO,RANCHO CUCAMONGA,-117.61742401123048,34.13479232788086
91056378,2019,2019-08-21,9855,2019-08-11,1510,018335,NA,7,2,6,3607,0,1,1,NA,2,152,I-15 S/B (ONTARIO FWY),JURUPA ST.,200,N,N,A,-,Y,NA,NA,15,NA,NA,NA,NA,NA,S,N,4,0,2,2,A,-,03,22350,NA,N,C,C,A,A,H,-,A,D,0,NA,NA,NA,NA,Y,NA,D,22,0,0,2,0,0,0,0,0,0,-,-,34.048458099365234,-117.55003356933594,SAN BERNARDINO,ONTARIO,-117.5500717163086,34.04846954345703
91058367,2019,2019-09-25,9834,2019-04-26,0655,016043,NA,5,1,9,3600,0,1,2,NA,1,095,UNITED STATES ROUTE 95,CALIFORNIA/NEVADA STATELINE,4752,S,N,A,-,Y,NA,NA,NA,NA,NA,NA,NA,NA,NA,Y,1,1,1,2,A,-,05,21460,A,N,A,C,A,A,H,-,A,D,0,NA,NA,Y,NA,Y,NA,A,01,0,0,1,0,0,0,0,1,0,-,-,35.16027069091797,-114.84259796142578,SAN BERNARDINO,UNINCORPORATED,NA,NA
91058397,2019,2019-08-23,9860,2019-08-09,1015,016590,NA,5,1,9,3600,0,2,4,NA,2,411,CEDAR AVE.,JURUPA AVE.,152,S,N,A,-,N,NA,NA,NA,NA,NA,NA,NA,NA,NA,Y,4,0,1,2,A,-,09,21453,B,N,C,C,A,A,H,-,A,A,0,NA,NA,NA,NA,Y,NA,A,07,0,0,1,0,0,0,0,0,0,-,-,34.04853820800781,-117.39659881591795,SAN BERNARDINO,UNINCORPORATED,-117.39639282226563,34.04810333251953
91058549,2019,2019-08-23,9870,2019-08-17,1116,022218,NA,6,1,9,3600,0,1,3,NA,1,031,STATE ROUTE 62 (TWENTYNINE PALMS HWY.),HALLEE ROAD,90,E,N,A,-,Y,NA,NA,62,NA,NA,NA,NA,NA,NA,N,4,0,1,2,D,-,00,NA,NA,N,C,C,A,A,H,-,A,A,0,NA,NA,NA,NA,Y,NA,-,-,0,0,1,0,0,0,0,0,0,-,-,34.1349983215332,-116.32356262207033,SAN BERNARDINO,UNINCORPORATED,-116.32356262207033,34.134971618652344
91059037,2019,2019-08-26,9855,2019-08-16,1550,018335,NA,5,2,9,3600,0,3,5,NA,2,001,SAN BERNARDINO AVE.,CAROB AVE.,350,W,N,A,-,N,NA,NA,NA,NA,NA,NA,NA,NA,NA,N,4,0,1,2,A,-,03,22350,NA,N,C,C,A,A,H,-,A,A,0,NA,NA,NA,NA,Y,NA,A,01,0,0,1,0,0,0,0,0,0,-,-,34.077388763427734,-117.47412109375,SAN BERNARDINO,UNINCORPORATED,-117.47457885742188,34.077449798583984
91060409,2019,2019-08-27,9860,2019-07-16,0345,021229,NA,2,3,5,3609,0,1,1,NA,2,201,SR-210 W/B,HIGHLAND AVE,50,E,N,A,-,Y,NA,NA,210,NA,NA,NA,NA,NA,W,Y,4,0,1,2,A,-,08,22107,NA,N,C,E,A,A,H,-,C,D,0,NA,NA,NA,Y,Y,NA,D,22,0,0,1,0,0,0,0,0,0,-,-,34.136260986328125,-117.36692810058594,SAN BERNARDINO,RIALTO,-117.36692810058594,34.13616180419922
91061006,2019,2019-08-28,9835,2019-08-21,0425,021399,NA,3,3,9,3600,0,1,1,NA,2,073,I-15 S/B,FIELD RD,686,S,N,A,-,Y,NA,NA,15,NA,NA,NA,NA,NA,S,Y,2,0,1,1,A,-,08,22107,NA,N,F,A,A,A,H,-,D,D,0,NA,NA,NA,NA,Y,NA,A,01,1,0,0,0,0,0,0,0,0,-,-,35.009700775146484,-116.5344009399414,SAN BERNARDINO,UNINCORPORATED,-116.53452301025392,35.01005172729492
91061164,2019,2019-10-14,9860,2019-08-19,1430,019467,NA,1,2,3,3615,0,1,1,NA,2,104,I-10 EB,TIPPECANOE AVE,1056,E,N,A,-,Y,NA,NA,10,NA,NA,NA,NA,NA,E,Y,4,0,2,2,A,-,03,22350,NA,N,C,C,A,A,H,-,A,D,0,NA,NA,NA,Y,Y,NA,G,25,0,0,2,0,0,0,0,0,0,-,-,34.06501007080078,-117.2581024169922,SAN BERNARDINO,LOMA LINDA,-117.2581024169922,34.06502914428711
91062480,2019,2019-08-29,9855,2019-08-22,1545,017903,NA,4,2,6,3607,0,1,1,NA,2,101,I-10 W/B (SAN BERNARDINO FWY),ARCHIBALD AVE.,40,E,N,A,-,Y,NA,NA,10,NA,NA,NA,NA,NA,W,Y,4,0,1,3,A,-,03,22350,NA,N,C,C,A,A,H,-,A,D,0,NA,NA,NA,NA,Y,NA,A,08,0,0,1,0,0,0,0,0,0,-,-,34.06768035888672,-117.59358215332033,SAN BERNARDINO,ONTARIO,-117.59358215332033,34.067726135253906
9106418,2020,2020-08-19,3605,2020-06-04,2334,401,NA,4,5,4,3605,0,0,0,NA,0,NA,MONTE VISTA AV,ARROW HWY,0,NA,Y,A,-,N,NA,NA,NA,NA,NA,NA,NA,NA,NA,Y,2,0,1,1,A,-,03,22350,NA,F,E,I,A,A,H,-,C,A,0,NA,NA,NA,NA,Y,NA,A,01,1,0,0,0,0,0,0,0,0,-,-,NA,NA,SAN BERNARDINO,MONTCLAIR,-117.69827270507813,34.09239959716797
91064237,2019,2019-08-30,9855,2019-08-25,0900,016829,NA,7,1,5,3602,0,1,3,NA,2,603,SR-60 W/B (POMONA FWY),RAMONA AVE.,690,E,N,A,-,Y,NA,NA,60,NA,NA,NA,NA,NA,W,Y,2,0,1,2,A,-,08,22107,NA,N,B,C,A,A,H,-,A,D,0,NA,NA,NA,NA,Y,NA,A,01,1,0,0,0,0,0,0,0,0,-,-,34.03025817871094,-117.70047760009766,SAN BERNARDINO,CHINO,-117.70047760009766,34.03028869628906
91067054,2019,2019-09-04,9835,2019-08-24,1230,017180,NA,6,1,9,3600,0,1,1,NA,2,041,I-40 W/B,MAIN ST,0,NA,N,A,-,Y,NA,NA,NA,NA,NA,NA,NA,NA,NA,Y,4,0,1,2,A,-,04,21703,NA,N,C,C,A,A,H,-,A,D,0,NA,NA,NA,NA,Y,NA,D,22,0,0,1,0,0,0,0,0,0,-,-,34.88690948486328,-116.99745941162108,SAN BERNARDINO,UNINCORPORATED,-116.96810150146484,34.878421783447266
91067318,2019,2019-09-04,9855,2019-09-01,0052,020664,NA,7,3,6,3607,0,1,1,NA,2,101,I-10 E/B TO I-15 S/B,I-15,170,W,N,A,-,Y,NA,NA,10,NA,NA,NA,R,NA,E,Y,3,0,1,1,A,-,01,23152,A,N,E,I,A,A,H,-,C,D,0,NA,NA,NA,NA,Y,Y,A,01,0,1,0,0,0,0,0,0,0,-,-,34.06618881225586,-117.54573822021484,SAN BERNARDINO,ONTARIO,-117.54573822021484,34.06618881225586
91067343,2019,2019-09-04,9860,2019-08-25,0546,016800,NA,7,3,5,3609,0,1,1,NA,2,216,SR-210 E/B,AYALA DR,840,E,N,A,-,Y,NA,NA,210,NA,NA,NA,NA,NA,E,Y,2,0,5,2,A,-,03,22350,NA,N,C,C,A,A,H,-,B,D,0,NA,NA,NA,NA,Y,Y,A,01,1,2,2,0,0,0,0,0,0,-,-,34.13568115234375,-117.38932800292967,SAN BERNARDINO,RIALTO,-117.38932800292967,34.13572311401367
91067832,2019,2019-09-05,9860,2019-08-26,0745,019321,NA,1,1,4,3603,0,1,1,NA,2,214,I-215 S/B,WASHINGTON ST,1584,S,N,A,-,Y,NA,NA,215,NA,NA,NA,NA,NA,S,N,4,0,1,2,A,-,03,22350,NA,N,C,C,A,A,H,-,A,D,0,NA,NA,NA,NA,Y,NA,A,01,0,0,1,0,0,0,0,0,0,-,-,34.045108795166016,-117.311279296875,SAN BERNARDINO,COLTON,-117.3113021850586,34.045135498046875
91068014,2019,2019-09-05,9860,2019-08-27,0745,019321,NA,2,1,6,3610,0,1,1,NA,2,202,SR-210 E/B,MOUNTAIN VIEW AVE.,200,W,N,A,-,Y,NA,NA,210,NA,NA,NA,NA,NA,E,Y,4,0,2,3,A,-,03,22350,NA,N,C,C,A,A,H,-,A,D,0,NA,NA,NA,NA,Y,NA,A,08,0,0,2,0,0,0,0,0,0,-,-,34.145328521728516,-117.28832244873048,SAN BERNARDINO,SAN BERNARDINO,-117.28832244873048,34.145347595214844
91068643,2019,2019-09-05,9860,2019-09-02,2120,019467,NA,1,2,4,3640,0,1,1,NA,2,106,I-10 EB,WABASH AVE,350,E,N,A,-,Y,NA,NA,NA,NA,NA,NA,NA,NA,NA,Y,3,0,1,2,A,-,01,23152,A,N,C,C,A,A,H,-,C,D,0,NA,NA,NA,NA,Y,Y,A,01,0,1,0,0,0,0,0,0,0,-,-,34.032649993896484,-117.1377410888672,SAN BERNARDINO,YUCAIPA,-117.13779449462892,34.032676696777344
91068976,2019,2019-09-06,9835,2019-09-03,1650,021765,NA,2,2,9,3600,0,1,1,NA,2,070,I-15 N/B,WILD WASH ROAD,4910,N,N,B,C,Y,NA,NA,15,NA,NA,NA,NA,NA,N,N,3,0,1,1,A,-,03,22350,NA,N,E,I,A,B,H,-,A,D,0,NA,NA,NA,NA,Y,NA,A,01,0,1,0,0,0,0,0,0,0,-,-,34.713741302490234,-117.1986083984375,SAN BERNARDINO,UNINCORPORATED,-117.1986846923828,34.71377944946289
91070797,2019,2019-09-09,9860,2019-08-29,0635,016590,NA,4,1,5,3609,0,1,1,NA,2,102,I-10 W/B,RIVERSIDE AVE.,993,W,N,A,-,Y,NA,NA,10,NA,NA,NA,NA,NA,W,Y,4,0,1,2,A,-,07,21658,A,N,B,C,A,A,H,-,A,D,0,NA,NA,Y,NA,Y,NA,A,01,0,0,1,0,0,0,0,0,1,-,-,34.06877136230469,-117.37322998046876,SAN BERNARDINO,RIALTO,-117.37322998046876,34.06876754760742
9107102,2020,2020-10-14,3600,2020-08-20,1703,G9483,HE108,4,5,5,3619,0,0,0,NA,0,HE1,7TH AV,SYCAMORE ST,0,NA,Y,A,-,N,NA,NA,NA,NA,NA,NA,NA,NA,NA,N,2,0,1,2,A,-,12,22450,NA,F,D,C,A,A,H,-,A,A,0,NA,NA,NA,NA,Y,NA,A,01,1,0,0,0,0,0,0,0,0,-,-,NA,NA,SAN BERNARDINO,HESPERIA,-117.3123016357422,34.46350860595703
9107110,2020,2020-11-25,3600,2020-08-20,0029,H8234,VC052,4,5,5,3612,0,0,0,NA,0,VC6,RT 395,CACTUS RD,0,NA,Y,A,-,Y,SBD,8,395,-,-,13.13,H,-,N,Y,3,0,2,2,A,-,03,22350,NA,N,C,C,A,A,H,-,C,A,0,NA,NA,NA,NA,Y,NA,A,01,0,2,0,0,0,0,0,0,0,-,-,NA,NA,SAN BERNARDINO,VICTORVILLE,-117.3994140625,34.535865783691406
91072053,2019,2019-09-11,9855,2019-09-02,0123,020564,NA,1,3,6,3607,0,1,3,NA,2,601,SR-60 W/B (POMONA FWY),ARCHIBALD AVE.,1200,E,N,A,-,Y,NA,NA,60,NA,NA,NA,NA,NA,W,Y,3,0,1,1,A,-,01,23152,A,N,E,I,A,A,H,-,C,D,0,NA,NA,NA,NA,Y,Y,A,01,0,1,0,0,0,0,0,0,0,-,-,34.03081130981445,-117.58910369873048,SAN BERNARDINO,ONTARIO,-117.58910369873048,34.030731201171875
91073220,2019,2019-09-12,9865,2019-09-04,0355,016179,NA,3,3,9,3600,0,1,3,NA,2,014,SR-138,CRESTLINE CUTOFF,133,E,N,A,-,Y,NA,NA,138,NA,NA,NA,NA,NA,NA,Y,3,0,1,1,A,-,03,22350,NA,N,E,I,A,A,H,-,D,D,0,NA,NA,Y,NA,Y,Y,C,02,0,1,0,0,0,0,0,0,1,-,-,34.23649978637695,-117.29444885253906,SAN BERNARDINO,UNINCORPORATED,-117.2944793701172,34.236534118652344
91074055,2019,2019-09-13,9855,2019-09-04,0800,016220,NA,3,1,9,3600,0,2,4,NA,1,012,COTTONWOOD AVE.,ARROW RTE.,0,NA,Y,A,-,N,NA,NA,NA,NA,NA,NA,NA,NA,NA,Y,4,0,1,3,A,-,12,22450,A,N,D,C,A,A,H,-,A,A,0,NA,NA,NA,Y,Y,NA,A,01,0,0,1,0,0,0,0,0,0,-,-,34.09906005859375,-117.51061248779295,SAN BERNARDINO,UNINCORPORATED,-117.5106201171875,34.09912109375
91074220,2019,2019-09-13,9860,2019-08-26,1545,021363,NA,1,2,6,3610,0,1,1,NA,2,214,I-215 S/B,ORANGE SHOW RD,600,S,N,A,-,Y,NA,NA,215,NA,NA,NA,NA,NA,S,Y,4,0,1,2,A,-,08,22107,NA,N,D,C,A,A,H,-,A,D,0,NA,NA,NA,NA,Y,NA,A,07,0,0,1,0,0,0,0,0,0,-,-,34.073631286621094,-117.29579925537108,SAN BERNARDINO,SAN BERNARDINO,-117.29570770263672,34.07362747192383
91074484,2019,2019-09-13,9860,2019-08-27,1450,021363,NA,2,2,9,3600,0,3,5,NA,2,001,CAJON BLVD,SWARTHOUT CANYON RD,0,NA,Y,A,-,N,NA,NA,NA,NA,NA,NA,NA,NA,NA,Y,4,0,2,2,A,-,06,21750,A,N,D,C,A,A,H,-,A,D,0,NA,NA,NA,NA,Y,NA,A,01,0,0,2,0,0,0,0,0,0,-,-,34.275291442871094,-117.45149230957033,SAN BERNARDINO,UNINCORPORATED,-117.4514389038086,34.27532958984375
91074741,2019,2019-10-14,9850,2019-09-13,2040,021991,NA,5,2,9,3600,0,2,4,NA,2,066,PHELAN ROAD,SIERRA VISTA ROAD,0,NA,Y,A,-,N,NA,NA,NA,NA,NA,NA,NA,NA,NA,Y,3,0,1,2,A,-,09,21804,A,N,C,C,A,A,H,-,D,A,0,NA,NA,NA,NA,Y,NA,E,22,0,1,0,0,0,0,0,0,0,-,-,34.4263916015625,-117.56603240966795,SAN BERNARDINO,UNINCORPORATED,-117.56594848632813,34.426361083984375
91076241,2019,2019-09-17,9855,2019-09-06,0841,017704,NA,5,1,6,3607,0,1,3,NA,2,601,SR-60 E/B (POMONA FWY),MILLIKEN AVE.,300,W,N,A,-,Y,NA,NA,60,NA,NA,NA,NA,NA,E,Y,4,0,2,4,A,-,03,22350,NA,N,C,C,A,A,H,-,A,D,0,NA,NA,NA,NA,Y,NA,E,22,0,0,2,0,0,0,0,0,0,-,-,34.024131774902344,-117.55947113037108,SAN BERNARDINO,ONTARIO,-117.55944061279295,34.02425003051758
91076789,2019,2019-09-17,9835,2019-07-13,1455,022078,NA,6,2,9,3600,0,1,1,NA,2,074,I-15 N/B,AFTON RD,24288,N,N,A,-,Y,NA,NA,15,NA,NA,NA,NA,NA,N,Y,2,0,4,1,A,-,08,22107,NA,N,F,A,A,A,H,-,A,D,0,NA,NA,NA,NA,Y,NA,A,01,2,2,0,0,0,0,0,0,0,-,-,35.087799072265625,-116.33580017089844,SAN BERNARDINO,UNINCORPORATED,-116.33579254150392,35.08790588378906
91077359,2019,2019-09-18,9835,2019-09-12,0020,017111,NA,4,3,9,3600,0,1,1,NA,2,047,I-40 W/B,CRUCERO RD,51427,E,N,A,-,Y,NA,NA,NA,NA,NA,NA,NA,NA,NA,Y,3,0,2,1,A,-,08,22107,NA,N,E,I,A,A,H,-,D,D,0,NA,NA,NA,Y,Y,NA,G,25,0,1,1,0,0,0,0,0,0,-,-,34.432098388671875,-115.59510040283205,SAN BERNARDINO,UNINCORPORATED,-115.99747467041016,34.72273635864258
91077564,2019,2019-09-18,9860,2019-09-11,1000,019269,NA,3,1,4,3603,0,1,1,NA,2,214,I-215 N/B,NEWPORT AVE,2437,N,N,A,-,Y,NA,NA,215,NA,NA,NA,NA,NA,N,Y,4,0,1,3,A,-,08,22107,NA,N,B,C,A,A,H,-,A,D,0,NA,NA,NA,Y,Y,NA,A,07,0,0,1,0,0,0,0,0,0,-,-,34.04304122924805,-117.3139419555664,SAN BERNARDINO,COLTON,-117.31395721435548,34.04306411743164
91078701,2019,2019-09-19,9855,2019-09-16,0730,15763,NA,1,1,5,3602,0,1,3,NA,2,603,SR-60 E/B (POMONA FWY),PIPELINE AVENUE,528,W,N,A,-,Y,NA,NA,60,NA,NA,NA,NA,NA,E,N,4,0,1,2,A,-,03,22350,NA,N,C,C,A,A,H,-,A,D,0,NA,NA,NA,NA,Y,NA,A,01,0,0,1,0,0,0,0,0,0,-,-,34.027950286865234,-117.7181396484375,SAN BERNARDINO,CHINO,-117.71816253662108,34.02799987792969
91079229,2019,2019-09-20,9860,2019-09-07,2155,020135,NA,6,2,9,3600,0,1,1,NA,2,152,I-15 N/B,SR-138,1584,S,N,A,-,Y,NA,NA,15,NA,NA,NA,NA,NA,N,Y,4,0,1,2,A,-,07,21658,A,F,B,C,A,A,H,-,D,D,0,NA,NA,Y,NA,Y,NA,A,08,0,0,1,0,0,0,0,0,1,-,-,34.30839920043945,-117.4704132080078,SAN BERNARDINO,UNINCORPORATED,-117.47047424316406,34.30832290649414
91079387,2019,2019-09-20,9860,2019-09-13,1629,020426,NA,5,2,4,3603,0,1,1,NA,2,214,I-215 SB,COOLEY DRIVE,200,S,N,A,-,Y,NA,NA,215,NA,NA,NA,NA,NA,S,Y,3,0,1,2,A,-,03,22350,NA,N,C,C,A,A,H,-,A,D,0,NA,NA,NA,NA,Y,NA,A,01,0,1,0,0,0,0,0,0,0,-,-,34.05900955200195,-117.29782104492188,SAN BERNARDINO,COLTON,-117.29785919189452,34.059017181396484
91080904,2019,2019-09-23,9855,2019-09-12,0645,017781,NA,4,1,6,3604,0,1,1,NA,2,201,SR-210 E/B (FOOTHILL FWY),CHERRY AVE.,1500,E,N,A,-,Y,NA,NA,210,NA,NA,NA,NA,NA,E,Y,4,0,2,3,A,-,03,22350,NA,N,C,C,A,A,H,-,A,D,0,NA,NA,NA,NA,Y,NA,D,22,0,0,2,0,0,0,0,0,0,-,-,34.13628005981445,-117.48329162597656,SAN BERNARDINO,FONTANA,-117.48329162597656,34.13628005981445
91081359,2019,2019-09-24,9855,2019-09-23,1635,015208,NA,1,2,5,3611,0,1,1,NA,2,203,SR-210 E/B,MOUNTAIN AVE. O/C.,2500,E,N,A,-,Y,NA,NA,210,NA,NA,NA,NA,NA,E,Y,4,0,2,2,A,-,03,22350,NA,N,C,C,A,A,H,-,A,D,0,NA,NA,NA,NA,Y,NA,D,22,0,0,2,0,0,0,0,0,0,-,-,34.13460922241211,-117.66253662109376,SAN BERNARDINO,UPLAND,-117.66254425048828,34.1345329284668
91081893,2019,2019-09-24,9855,2019-09-20,1445,015919,NA,5,2,6,3607,0,1,1,NA,2,101,I-10 E/B (SAN BERNARDINO FWY),ETIWANDA AVE.,1000,W,N,A,-,Y,NA,NA,10,NA,NA,NA,NA,NA,E,Y,4,0,1,3,A,-,03,22350,NA,N,C,C,A,A,H,-,A,D,0,NA,NA,NA,NA,Y,NA,A,01,0,0,1,0,0,0,0,0,0,-,-,34.0672607421875,-117.5309829711914,SAN BERNARDINO,ONTARIO,-117.5309829711914,34.067264556884766
91081905,2019,2019-09-24,9855,2019-09-20,2140,021176,NA,5,2,5,3602,0,1,3,NA,2,603,SR-60 W/B (POMONA FWY),CENTRAL AVE.,462,W,N,A,-,Y,NA,NA,60,NA,NA,NA,NA,NA,W,Y,3,0,1,2,A,-,08,22107,NA,N,B,C,A,A,H,-,D,D,0,NA,NA,NA,Y,Y,NA,A,01,0,1,0,0,0,0,0,0,0,-,-,34.03044891357422,-117.69168090820313,SAN BERNARDINO,CHINO,-117.69168090820313,34.03035354614258
91081964,2019,2019-09-24,9855,2019-09-19,1725,015919,NA,4,2,6,3607,0,1,1,NA,2,101,I-10 W/B (SAN BERNARDINO FWY),ETIWANDA AVE.,1480,W,N,A,-,Y,NA,NA,10,NA,NA,NA,NA,NA,W,Y,3,0,1,2,A,-,03,22350,NA,N,C,C,A,A,H,-,A,D,0,NA,NA,NA,NA,Y,NA,A,01,0,1,0,0,0,0,0,0,0,-,-,34.067440032958984,-117.52916717529295,SAN BERNARDINO,ONTARIO,-117.52916717529295,34.06747817993164
9108226,2020,2021-01-21,3600,2020-05-13,0954,G6919,VC074,3,5,5,3612,0,0,0,NA,0,VC6,AMARGOSA RD,MIDTOWN DR,87,N,N,A,-,N,NA,NA,NA,NA,NA,NA,NA,NA,NA,Y,2,0,1,2,A,-,03,22350,NA,N,C,C,A,A,H,-,A,D,0,NA,NA,Y,NA,Y,Y,C,02,1,0,0,0,0,0,0,0,1,-,-,NA,NA,SAN BERNARDINO,VICTORVILLE,-117.33033752441406,34.52429962158203
91082798,2019,2019-10-29,9850,2019-09-12,2015,021365,NA,4,2,9,3600,0,1,3,NA,2,044,STATE ROUTE 247,MIDWAY AVENUE,593,W,N,A,-,Y,NA,NA,247,NA,NA,NA,NA,NA,NA,N,1,1,0,2,A,-,11,21956,A,N,G,B,E,A,H,-,D,D,0,Y,NA,NA,NA,Y,Y,N,60,0,0,0,1,0,0,0,0,0,-,-,34.44403839111328,-116.90415954589844,SAN BERNARDINO,UNINCORPORATED,-116.90415954589844,34.444053649902344