CASE_ID,ACCIDENT_YEAR,PROC_DATE,JURIS,COLLISION_DATE,COLLISION_TIME,OFFICER_ID,REPORTING_DISTRICT,DAY_OF_WEEK,CHP_SHIFT,POPULATION,CNTY_CITY_LOC,SPECIAL_COND,BEAT_TYPE,CHP_BEAT_TYPE,CITY_DIVISION_LAPD,CHP_BEAT_CLASS,BEAT_NUMBER,PRIMARY_RD,SECONDARY_RD,DISTANCE,DIRECTION,INTERSECTION,WEATHER_1,WEATHER_2,STATE_HWY_IND,CALTRANS_COUNTY,CALTRANS_DISTRICT,STATE_ROUTE,ROUTE_SUFFIX,POSTMILE_PREFIX,POSTMILE,LOCATION_TYPE,RAMP_INTERSECTION,SIDE_OF_HWY,TOW_AWAY,COLLISION_SEVERITY,NUMBER_KILLED,NUMBER_INJURED,PARTY_COUNT,PRIMARY_COLL_FACTOR,PCF_CODE_OF_VIOL,PCF_VIOL_CATEGORY,PCF_VIOLATION,PCF_VIOL_SUBSECTION,HIT_AND_RUN,TYPE_OF_COLLISION,MVIW,PED_ACTION,ROAD_SURFACE,ROAD_COND_1,ROAD_COND_2,LIGHTING,CONTROL_DEVICE,CHP_ROAD_TYPE,PEDESTRIAN_ACCIDENT,BICYCLE_ACCIDENT,MOTORCYCLE_ACCIDENT,TRUCK_ACCIDENT,NOT_PRIVATE_PROPERTY,ALCOHOL_INVOLVED,STWD_VEHTYPE_AT_FAULT,CHP_VEHTYPE_AT_FAULT,COUNT_SEVERE_INJ,COUNT_VISIBLE_INJ,COUNT_COMPLAINT_PAIN,COUNT_PED_KILLED,COUNT_PED_INJURED,COUNT_BICYCLIST_KILLED,COUNT_BICYCLIST_INJURED,COUNT_MC_KILLED,COUNT_MC_INJURED,PRIMARY_RAMP,SECONDARY_RAMP,LATITUDE,LONGITUDE,COUNTY,CITY,POINT_X,POINT_Y
91152968,2019,2019-12-26,9865,2019-12-16,0754,014729,NA,1,1,9,3600,0,2,4,NA,2,013,LAKE GREGORY DR.,NORTH ROAD,0,NA,Y,A,-,N,NA,NA,NA,NA,NA,NA,NA,NA,NA,Y,3,0,1,3,A,-,09,21802,A,N,D,C,A,A,H,-,A,D,0,NA,NA,NA,NA,Y,NA,A,07,0,1,0,0,0,0,0,0,0,-,-,34.22924041748047,-117.25106811523438,SAN BERNARDINO,UNINCORPORATED,-117.25106811523438,34.22922134399414
91153511,2019,2019-12-26,9860,2019-12-14,1915,020051,NA,6,2,9,3600,0,3,5,NA,2,002,STATE ST.,ADAMS ST,410,N,N,B,-,N,NA,NA,NA,NA,NA,NA,NA,NA,NA,N,4,0,3,2,A,-,01,23152,A,M,B,C,A,A,H,-,D,D,0,NA,NA,NA,NA,Y,Y,D,22,0,0,3,0,0,0,0,0,0,-,-,34.13901901245117,-117.33550262451172,SAN BERNARDINO,UNINCORPORATED,-117.3354721069336,34.13896179199219
91154834,2019,2019-12-30,9860,2019-12-24,1218,017098,NA,2,1,5,3608,0,1,1,NA,2,203,SR-210 W/B,SAN BERNARDINO AVE,150,W,N,A,-,Y,NA,NA,210,NA,NA,NA,NA,NA,W,Y,3,0,1,2,A,-,03,22350,NA,N,C,C,A,A,H,-,A,D,0,NA,NA,NA,NA,Y,NA,A,07,0,1,0,0,0,0,0,0,0,-,-,34.07809066772461,-117.20053100585938,SAN BERNARDINO,REDLANDS,-117.20053100585938,34.07809066772461
91158009,2019,2020-01-02,9835,2019-12-23,1727,020976,NA,1,2,9,3600,0,1,1,NA,2,077,I-15,BAILEY RD,11088,N,N,C,-,Y,NA,NA,15,NA,NA,NA,NA,NA,NA,Y,3,0,1,3,A,-,03,22350,NA,N,C,C,A,B,H,-,D,D,0,NA,NA,NA,Y,Y,NA,A,01,0,1,0,0,0,0,0,0,0,-,-,35.470001220703125,-115.50540161132813,SAN BERNARDINO,UNINCORPORATED,-115.5054168701172,35.47016906738281
9115843,2020,2020-07-01,3607,2020-02-14,1045,80536,67,5,5,6,3607,0,0,0,NA,0,031,VINEYARD AV,JAY ST,50,S,N,A,-,N,NA,NA,NA,NA,NA,NA,NA,NA,NA,NA,4,0,1,2,A,-,03,22350,NA,N,C,C,A,A,H,-,A,A,0,NA,NA,NA,NA,Y,NA,A,01,0,0,1,0,0,0,0,0,0,-,-,NA,NA,SAN BERNARDINO,ONTARIO,-117.61102294921876,34.0750732421875
91159118,2019,2020-01-06,9860,2019-12-29,2145,020518,NA,7,2,9,3600,0,3,5,NA,2,003,VALLEY OF THE FALLS DR. (40500 BLOCK),MARCY ROAD,400,E,N,B,-,N,NA,NA,NA,NA,NA,NA,NA,NA,NA,Y,4,0,3,1,A,-,03,22350,NA,N,E,I,A,A,H,-,D,D,0,NA,NA,NA,NA,Y,NA,A,01,0,0,3,0,0,0,0,0,0,-,-,34.088829040527344,-116.92027282714844,SAN BERNARDINO,UNINCORPORATED,-116.92024230957033,34.08877182006836
91159496,2019,2020-01-06,9860,2019-12-30,1150,019269,NA,1,1,9,3600,0,1,3,NA,1,382,SR-38,BRYANT ST,0,NA,Y,B,-,Y,NA,NA,38,NA,NA,NA,NA,NA,NA,Y,2,0,2,2,A,-,12,22450,A,N,D,C,A,A,H,-,A,A,0,NA,NA,NA,NA,Y,NA,A,01,1,1,0,0,0,0,0,0,0,-,-,34.078330993652344,-117.04879760742188,SAN BERNARDINO,UNINCORPORATED,-117.04881286621094,34.0783576965332
91163435,2020,2020-01-10,9860,2020-01-04,2015,020426,NA,6,2,4,3603,0,1,1,NA,2,214,I-215 SB,WASHINGTON AVE,750,N,N,A,-,Y,NA,NA,215,NA,NA,NA,NA,NA,S,Y,4,0,3,2,A,-,08,22107,NA,N,B,C,A,A,H,-,D,D,0,NA,NA,NA,NA,Y,NA,A,01,0,0,3,0,0,0,0,0,0,-,-,34.04964828491211,-117.30470275878906,SAN BERNARDINO,COLTON,-117.30474090576172,34.04970932006836
91165514,2020,2020-01-14,9860,2020-01-02,1800,019484,NA,4,2,9,3600,0,2,4,NA,1,131,LYTLE CREEK RD,MAXWELL RD,105,S,N,A,-,Y,NA,NA,NA,NA,NA,NA,NA,NA,NA,N,4,0,1,2,A,-,11,21954,A,N,G,B,D,A,H,-,D,A,0,Y,NA,NA,NA,Y,NA,N,60,0,0,1,0,1,0,0,0,0,-,-,34.24369812011719,-117.49691009521484,SAN BERNARDINO,UNINCORPORATED,-117.49725341796876,34.24321746826172
91165646,2020,2020-01-15,9860,2020-01-03,0005,020135,NA,5,3,5,3608,0,1,1,NA,2,104,I-10 WB TO ALABAMA ST.,ALABAMA ST.,220,E,N,A,-,Y,NA,NA,10,NA,NA,NA,R,NA,W,Y,3,0,1,1,A,-,01,23152,A,N,E,I,A,A,H,-,D,D,0,NA,NA,NA,NA,Y,Y,D,22,0,1,0,0,0,0,0,0,0,-,-,34.06726837158203,-117.20761108398438,SAN BERNARDINO,REDLANDS,-117.20761108398438,34.06726837158203
91165973,2020,2020-01-15,9860,2020-01-14,1320,014829,NA,2,1,9,3600,0,1,1,NA,2,151,I-15 N/B,GLEN HELEN PARKWAY,528,S,N,A,-,Y,NA,NA,15,NA,NA,NA,NA,NA,N,Y,3,0,3,3,A,-,03,22350,NA,N,E,I,A,A,H,-,A,D,0,NA,NA,NA,NA,Y,NA,D,22,0,1,2,0,0,0,0,0,0,-,-,34.20180892944336,-117.4155502319336,SAN BERNARDINO,UNINCORPORATED,-117.41569519042967,34.2018928527832
91167093,2020,2020-01-16,9860,2020-01-12,1830,020533,NA,7,2,6,3610,0,1,1,NA,2,103,I-10 W/B,WATERMAN AVE,650,E,N,A,-,Y,NA,NA,10,NA,NA,NA,NA,NA,W,Y,4,0,1,2,A,-,03,22350,NA,N,C,C,A,A,H,-,C,D,0,NA,NA,NA,NA,Y,NA,A,01,0,0,1,0,0,0,0,0,0,-,-,34.06428146362305,-117.27642822265624,SAN BERNARDINO,SAN BERNARDINO,-117.27643585205078,34.06425476074219
91168211,2020,2020-01-20,9860,2020-01-17,1715,020533,NA,5,2,6,3610,0,1,1,NA,2,104,I-10 W/B,WATERMAN AVE,2640,E,N,A,-,Y,NA,NA,10,NA,NA,NA,NA,NA,W,Y,4,0,2,2,A,-,03,22350,NA,N,C,C,A,A,H,-,C,D,0,NA,NA,NA,NA,Y,NA,A,01,0,0,2,0,0,0,0,0,0,-,-,34.06386947631836,-117.26937103271484,SAN BERNARDINO,SAN BERNARDINO,-117.26937103271484,34.063941955566406
91168218,2020,2020-01-20,9860,2020-01-16,1805,019706,NA,4,2,6,3610,0,1,1,NA,2,202,SR-210 WESTBOUND,MUSCUPIABE DR,400,W,N,A,-,Y,NA,NA,210,NA,NA,NA,NA,NA,W,Y,4,0,1,2,A,-,03,22350,NA,N,C,C,A,A,H,-,D,D,0,NA,NA,NA,NA,Y,NA,A,01,0,0,1,0,0,0,0,0,0,-,-,34.14591979980469,-117.30922698974608,SAN BERNARDINO,SAN BERNARDINO,-117.30922698974608,34.14583206176758
91168805,2020,2020-01-21,9835,2020-01-19,2318,022379,NA,7,3,9,3600,0,1,1,NA,2,073,I-15 S/B,CLYDE V KANE REST AREA,1700,S,N,A,-,Y,NA,NA,15,NA,NA,NA,NA,NA,S,Y,3,0,1,2,A,-,01,23152,A,N,D,C,A,A,H,-,D,D,0,NA,NA,Y,NA,Y,Y,C,02,0,1,0,0,0,0,0,0,0,-,-,35.03036880493164,-116.47746276855467,SAN BERNARDINO,UNINCORPORATED,-116.47750854492188,35.030513763427734
91169668,2020,2020-01-21,9835,2020-01-19,0855,020883,NA,7,1,9,3600,0,1,1,NA,2,077,I-15 N/B,YATES WELL ROAD,5280,N,N,A,-,Y,NA,NA,15,NA,NA,NA,NA,NA,N,Y,4,0,1,1,A,-,08,22107,NA,N,E,I,A,A,H,-,A,D,0,NA,NA,NA,NA,Y,NA,A,01,0,0,1,0,0,0,0,0,0,-,-,35.552921295166016,-115.41413116455078,SAN BERNARDINO,UNINCORPORATED,-115.4142837524414,35.55298614501953
91169860,2020,2020-01-22,9860,2020-01-11,1550,020346,NA,6,2,5,3608,0,1,1,NA,2,105,I-10 E/B,CHURCH ST,100,E,N,A,-,Y,NA,NA,10,NA,NA,NA,NA,NA,E,N,3,0,1,2,A,-,01,23152,A,F,C,C,A,A,H,-,A,D,0,NA,NA,NA,NA,Y,Y,A,01,0,1,0,0,0,0,0,0,0,-,-,34.059410095214844,-117.1728515625,SAN BERNARDINO,REDLANDS,-117.1728744506836,34.05936050415039
91171485,2020,2020-01-23,9850,2020-01-14,0450,022361,NA,2,3,9,3600,0,1,3,NA,2,040,SR-18,JOSHUA RD.,310,E,N,A,-,Y,NA,NA,18,NA,NA,NA,NA,NA,NA,Y,3,0,1,1,A,-,08,22107,NA,N,F,A,A,A,H,-,D,D,0,NA,NA,NA,NA,Y,NA,A,07,0,1,0,0,0,0,0,0,0,-,-,34.450279235839844,-117.04940032958984,SAN BERNARDINO,UNINCORPORATED,-117.04940032958984,34.45034408569336
91171488,2020,2020-01-23,9860,2020-01-11,1240,019269,NA,6,1,9,3600,0,1,3,NA,1,010,SR-138,WAGON TRAIN RD,5808,E,N,A,-,Y,NA,NA,138,NA,NA,NA,NA,NA,NA,Y,2,0,4,5,A,-,08,22107,NA,N,B,C,A,A,H,-,A,D,0,NA,NA,NA,NA,Y,NA,A,01,2,1,1,0,0,0,0,0,0,-,-,34.32168960571289,-117.45951080322266,SAN BERNARDINO,UNINCORPORATED,-117.4594955444336,34.321678161621094
91173588,2020,2020-01-27,9860,2020-01-23,0530,019321,NA,4,3,5,3609,0,1,1,NA,2,201,SR-210 W/B,RIVERSIDE AVE.,360,E,N,A,-,Y,NA,NA,210,NA,NA,NA,NA,NA,W,Y,3,0,1,3,A,-,03,22350,NA,N,C,C,A,A,H,-,A,A,0,NA,NA,NA,Y,Y,NA,A,01,0,1,0,0,0,0,0,0,0,-,-,34.136131286621094,-117.36898803710938,SAN BERNARDINO,RIALTO,-117.36898803710938,34.136085510253906
91173745,2020,2020-01-27,9860,2020-01-10,2100,021363,NA,5,2,6,3610,0,1,1,NA,2,202,SR-210 W/B,MUSCUPIABE DR,30,E,N,A,-,Y,NA,NA,210,NA,NA,NA,NA,NA,W,Y,4,0,2,2,A,-,08,22107,NA,M,C,C,A,A,H,-,C,D,0,NA,NA,NA,NA,Y,NA,-,-,0,0,2,0,0,0,0,0,0,-,-,34.145938873291016,-117.3076629638672,SAN BERNARDINO,SAN BERNARDINO,-117.3076629638672,34.14582443237305
91174021,2020,2020-01-27,9855,2020-01-16,0752,017323,NA,4,1,6,3607,0,1,3,NA,2,601,SR-60 W/B (POMONA FWY),EUCLID AVE.,1056,E,N,B,-,Y,NA,NA,60,NA,NA,NA,NA,NA,W,Y,4,0,1,2,A,-,03,22350,NA,N,C,C,A,A,H,-,A,D,0,NA,NA,NA,Y,Y,NA,A,01,0,0,1,0,0,0,0,0,0,-,-,34.030601501464844,-117.64328002929688,SAN BERNARDINO,ONTARIO,-117.64328002929688,34.030540466308594
9117427,2020,2020-09-14,3600,2020-06-20,0023,G7675,AP002,6,5,5,3621,0,0,0,NA,0,AP1,APPLE VALLEY RD,KAMANA RD,0,NA,Y,A,-,N,NA,NA,NA,NA,NA,NA,NA,NA,NA,Y,4,0,1,1,B,-,22,NA,NA,N,F,I,A,A,H,-,C,D,0,NA,NA,NA,NA,Y,NA,A,01,0,0,1,0,0,0,0,0,0,-,-,NA,NA,SAN BERNARDINO,APPLE VALLEY,-117.27304840087892,34.54167175292969
91176741,2020,2020-01-30,9855,2020-01-21,1634,018212,NA,2,2,6,3604,0,1,1,NA,2,201,SR-210 E/B (FOOTHILL FWY),SAN SEVAINE,700,W,N,B,-,Y,NA,NA,210,NA,NA,NA,NA,NA,E,Y,3,0,2,2,A,-,03,22350,NA,N,C,C,A,A,H,-,A,D,0,NA,NA,NA,NA,Y,NA,A,07,0,1,1,0,0,0,0,0,0,-,-,34.13637924194336,-117.48291778564452,SAN BERNARDINO,FONTANA,-117.48291778564452,34.13628005981445
91176750,2020,2020-01-30,9855,2020-01-22,1653,017506,NA,3,2,6,3607,0,1,1,NA,2,103,I-10 E/B (SAN BERNARDINO FWY),FOURTH ST.,500,E,N,A,-,Y,NA,NA,10,NA,NA,NA,NA,NA,E,Y,3,0,1,2,A,-,07,21658,A,N,B,C,A,A,H,-,A,D,0,NA,NA,Y,NA,Y,NA,A,01,0,1,0,0,0,0,0,0,1,-,-,34.07619857788086,-117.62110137939452,SAN BERNARDINO,ONTARIO,-117.62109375,34.076210021972656
91178268,2020,2020-02-03,9850,2020-01-26,1925,022028,NA,7,2,5,3612,0,1,1,NA,2,083,I-15 N/B,STODDARD WELLS RD,1056,S,N,A,-,Y,NA,NA,15,NA,NA,NA,NA,NA,N,Y,3,0,1,2,A,-,01,23152,A,N,E,I,A,A,H,-,C,D,0,NA,NA,NA,NA,Y,Y,A,07,0,1,0,0,0,0,0,0,0,-,-,34.55038833618164,-117.29241180419922,SAN BERNARDINO,VICTORVILLE,-117.29241180419922,34.55039596557617
91178272,2020,2020-02-03,9860,2020-01-20,2010,020282,NA,1,2,5,3608,0,1,1,NA,2,104,I-10 E/B,CALIFORNIA ST,2112,E,N,A,-,Y,NA,NA,10,NA,NA,NA,NA,NA,E,Y,4,0,2,3,A,-,01,23152,A,N,B,C,A,A,H,-,C,D,0,NA,NA,NA,NA,Y,Y,A,01,0,0,2,0,0,0,0,0,0,-,-,34.066558837890625,-117.21890258789063,SAN BERNARDINO,REDLANDS,-117.21890258789063,34.06649398803711
91179212,2020,2020-02-04,9860,2020-02-02,2115,020533,NA,7,2,9,3600,0,2,4,NA,2,411,S/B CEDAR AVE,ELEVENTH ST,185,N,N,A,-,N,NA,NA,NA,NA,NA,NA,NA,NA,NA,Y,3,0,3,3,A,-,01,23152,A,N,C,C,A,A,H,-,D,D,0,NA,NA,NA,NA,Y,Y,D,22,0,1,2,0,0,0,0,0,0,-,-,34.04512023925781,-117.39643096923828,SAN BERNARDINO,UNINCORPORATED,-117.396461,34.045014
91179306,2020,2020-02-04,9860,2020-02-02,0125,020766,NA,7,3,6,3610,0,1,1,NA,2,201,SR-210 E/B,STATE ST,135,W,N,A,-,Y,NA,NA,210,NA,NA,NA,NA,NA,E,Y,3,0,1,2,A,-,01,23152,A,N,E,I,A,A,H,-,C,D,0,NA,NA,NA,NA,Y,Y,A,01,0,1,0,0,0,0,0,0,0,-,-,34.13431930541992,-117.33606719970705,SAN BERNARDINO,SAN BERNARDINO,-117.33606719970705,34.13444137573242
91179482,2020,2020-02-04,9860,2020-02-01,0710,016658,NA,6,1,4,3640,0,1,1,NA,2,106,I-10 E/B,LIVE OAK CANYON RD. O/C,1584,E,N,A,-,Y,NA,NA,10,NA,NA,NA,NA,NA,E,Y,4,0,1,2,A,-,03,22350,NA,N,C,C,A,A,D,-,A,D,0,NA,NA,NA,NA,Y,NA,A,07,0,0,1,0,0,0,0,0,0,-,-,34.01511001586914,-117.08940887451172,SAN BERNARDINO,YUCAIPA,-117.08940887451172,34.015132904052734
91181226,2020,2020-02-06,9860,2020-01-29,2028,018275,NA,3,2,5,3609,0,1,1,NA,2,201,SR-210 W/B,LINDEN AVE,250,W,N,A,-,Y,NA,NA,210,NA,NA,NA,NA,NA,W,Y,4,0,1,2,A,-,03,22350,NA,N,C,C,A,A,H,-,A,D,0,NA,NA,NA,NA,Y,NA,A,01,0,0,1,0,0,0,0,0,0,-,-,34.136199951171875,-117.40174102783205,SAN BERNARDINO,RIALTO,-117.40174102783205,34.136260986328125
91181634,2020,2020-02-06,9855,2020-01-29,1917,015919,NA,3,2,6,3607,0,1,1,NA,2,101,I-10 E/B (SAN BERNARDINO FWY),MILLIKEN AVE.,900,W,N,A,-,Y,NA,NA,10,NA,NA,NA,NA,NA,E,N,4,0,1,3,A,-,03,22350,NA,F,C,C,A,A,H,-,C,D,0,NA,NA,NA,NA,Y,NA,D,22,0,0,1,0,0,0,0,0,0,-,-,34.067291259765625,-117.56268310546876,SAN BERNARDINO,ONTARIO,-117.56268310546876,34.06739044189453
9118173,2020,2020-09-02,3610,2020-03-04,1456,50360,NA,3,5,6,3610,0,0,0,NA,0,POLIE,NORTH WATERMAN AV,16TH ST,343,N,N,A,-,N,NA,NA,NA,NA,NA,NA,NA,NA,NA,Y,4,0,1,2,-,-,-,NA,1,N,C,C,A,A,H,-,A,A,0,NA,NA,NA,NA,Y,NA,D,22,0,0,1,0,0,0,0,0,0,-,-,34.128700256347656,-117.27877044677734,SAN BERNARDINO,SAN BERNARDINO,-117.27877807617188,34.129600524902344
91181768,2019,2020-02-06,9834,2019-11-27,1735,018921,NA,3,2,9,3600,0,3,5,NA,2,002,HAVASU LAKE ROAD,US-95,50160,E,N,A,-,N,NA,NA,NA,NA,NA,NA,NA,NA,NA,Y,1,1,0,1,A,-,01,23152,A,N,E,I,A,A,H,-,D,D,0,NA,NA,NA,NA,Y,Y,D,22,0,0,0,0,0,0,0,0,0,-,-,34.47248077392578,-114.52039337158205,SAN BERNARDINO,UNINCORPORATED,-114.52402496337892,34.47289276123047
91183049,2020,2020-02-10,9860,2020-02-03,1432,021638,NA,1,2,6,3610,0,1,1,NA,2,202,SR-210 E/B,HIGHLAND AVE,2200,W,N,A,-,Y,NA,NA,210,NA,NA,NA,NA,NA,E,Y,3,0,2,2,A,-,03,22350,NA,N,C,C,A,A,H,-,A,D,0,NA,NA,NA,NA,Y,NA,B,07,0,1,1,0,0,0,0,0,0,-,-,34.138710021972656,-117.24326324462892,SAN BERNARDINO,SAN BERNARDINO,-117.24327087402344,34.13868713378906
91183831,2020,2020-02-10,9834,2020-01-25,1700,017038,NA,6,2,9,3600,0,3,5,NA,2,002,KELBAKER ROAD SOUTHBOUND,INTERSTATE 40,27984,S,N,A,-,N,NA,NA,NA,NA,NA,NA,NA,NA,NA,Y,3,0,1,1,A,-,01,23152,A,N,F,A,A,A,H,-,D,D,0,NA,NA,NA,NA,Y,Y,A,01,0,1,0,0,0,0,0,0,0,-,-,34.64353942871094,-115.67504119873048,SAN BERNARDINO,UNINCORPORATED,-115.67843627929688,34.72072982788086
9118391,2020,2020-07-29,3610,2020-02-20,1748,51134,NA,4,5,6,3610,0,0,0,NA,0,NA,E LYNWOOD DR,N GOLDEN AV,267,E,N,A,-,N,NA,NA,NA,NA,NA,NA,NA,NA,NA,Y,4,0,1,2,A,-,08,22100,B,N,D,C,A,A,H,-,C,D,0,NA,NA,NA,Y,Y,Y,F,26,0,0,1,0,0,0,0,0,0,-,-,34.1467399597168,-117.26114654541016,SAN BERNARDINO,SAN BERNARDINO,-117.26026153564452,34.14674758911133
91185183,2020,2020-02-12,9860,2020-02-11,1240,017919,NA,2,1,5,3608,0,1,1,NA,2,104,I-10 E/B,ALABAMA ST,1950,W,N,A,-,Y,NA,NA,10,NA,NA,NA,NA,NA,E,Y,4,0,1,3,A,-,03,22350,NA,N,C,C,A,A,H,-,A,D,0,NA,NA,NA,NA,Y,NA,A,01,0,0,1,0,0,0,0,0,0,-,-,34.066410064697266,-117.2152862548828,SAN BERNARDINO,REDLANDS,-117.21529388427734,34.06647872924805
91185717,2020,2020-02-12,9855,2020-01-31,2320,020151,NA,5,3,6,3607,0,1,1,NA,2,101,I-10 E/B (SAN BERNARDINO FWY),MILLIKEN AVE.,650,W,N,A,-,Y,NA,NA,10,NA,NA,NA,NA,NA,E,N,4,0,1,2,A,-,03,22350,NA,N,C,C,A,A,H,-,A,D,0,NA,NA,NA,NA,Y,Y,A,01,0,0,1,0,0,0,0,0,0,-,-,34.067359924316406,-117.5605926513672,SAN BERNARDINO,ONTARIO,-117.5605926513672,34.0673828125
91186407,2020,2020-02-13,9835,2020-02-09,1115,021160,NA,7,1,9,3600,0,3,5,NA,2,032,OPEN DESERT,CALICO RD,950,E,N,B,-,N,NA,NA,NA,NA,NA,NA,NA,NA,NA,N,2,0,1,1,A,-,08,38314,NA,N,F,A,A,A,H,-,A,D,0,NA,NA,Y,NA,Y,NA,C,06,1,0,0,0,0,0,0,0,1,-,-,34.930198669433594,-116.84880065917967,SAN BERNARDINO,UNINCORPORATED,NA,NA
91187418,2020,2020-02-17,9860,2020-02-09,2245,021169,NA,7,3,6,3610,0,1,1,NA,2,103,N/B I-215 TO W/B I-10,I-215 N/B,15,W,N,A,-,Y,NA,NA,215,NA,NA,NA,R,NA,NA,Y,3,0,1,1,A,-,08,22107,NA,N,E,I,A,A,H,-,D,D,0,NA,NA,NA,NA,Y,NA,D,22,0,1,0,0,0,0,0,0,0,-,-,34.0644416809082,-117.29618072509766,SAN BERNARDINO,SAN BERNARDINO,-117.29618072509766,34.0644416809082
91188080,2020,2020-02-18,9835,2020-02-07,0347,022308,NA,5,3,9,3600,0,1,1,NA,2,074,I-15 S/B,ZZYZX RD.,6864,N,N,A,-,Y,NA,NA,15,NA,NA,NA,NA,NA,S,Y,2,0,2,1,A,-,08,22107,NA,N,F,A,A,A,H,-,D,D,0,NA,NA,NA,NA,Y,NA,A,07,1,1,0,0,0,0,0,0,0,-,-,35.19799041748047,-116.12615966796876,SAN BERNARDINO,UNINCORPORATED,-116.12615966796876,35.1979866027832
91188644,2020,2020-02-18,9835,2020-02-06,1731,022303,NA,4,2,9,3600,0,3,5,NA,2,034,NATIONAL TRAILS HWY,BERRY RD,1214,E,N,A,-,N,NA,NA,NA,NA,NA,NA,NA,NA,NA,Y,3,0,1,1,A,-,08,22107,NA,N,E,I,A,A,H,-,B,D,0,NA,NA,NA,NA,Y,NA,A,01,0,1,0,0,0,0,0,0,0,-,-,34.80921173095703,-116.58641052246094,SAN BERNARDINO,UNINCORPORATED,-116.58826446533205,34.809513092041016
91189617,2020,2020-02-19,9835,2020-02-13,1815,021765,NA,4,2,9,3600,0,1,1,NA,2,074,I-15 N/B,RASOR RD,3168,S,N,A,-,Y,NA,NA,15,NA,NA,NA,NA,NA,N,Y,4,0,1,1,A,-,08,22107,NA,N,F,A,A,A,H,-,D,D,0,NA,NA,NA,NA,Y,NA,A,07,0,0,1,0,0,0,0,0,0,-,-,35.127899169921875,-116.2185516357422,SAN BERNARDINO,UNINCORPORATED,-116.21856689453124,35.12792205810547
91190614,2020,2020-02-20,9855,2020-02-11,0556,015033,NA,2,3,6,3604,0,1,1,NA,2,101,I-10 W/B (SAN BERNARDINO FWY),CHERRY AVE.,980,W,N,A,-,Y,NA,NA,NA,NA,NA,NA,NA,NA,NA,Y,4,0,1,3,A,-,08,22107,NA,N,B,C,A,A,A,-,B,D,0,NA,NA,NA,Y,Y,NA,A,01,0,0,1,0,0,0,0,0,0,-,-,34.06740188598633,-117.53099822998048,SAN BERNARDINO,FONTANA,-117.49227905273438,34.065948486328125
91190735,2019,2020-03-03,9855,2019-10-26,0122,020564,NA,6,3,6,3604,0,1,1,NA,2,201,SR-210 W/B (FOOTHILL FWY),SIERRA AVE.,1800,W,N,A,-,Y,NA,NA,210,NA,NA,NA,NA,NA,W,Y,4,0,1,2,A,-,03,22350,NA,N,C,C,A,A,H,-,C,D,0,NA,NA,NA,NA,Y,NA,A,07,0,0,1,0,0,0,0,0,0,-,-,34.13642120361328,-117.44235229492188,SAN BERNARDINO,FONTANA,-117.44235229492188,34.136539459228516
9119092,2020,2020-09-09,3600,2020-06-05,1921,D4301,HE322,5,5,5,3619,0,0,0,NA,0,HE5,RANCHERO RD,7TH AV,0,NA,Y,A,-,N,NA,NA,NA,NA,NA,NA,NA,NA,NA,N,3,0,1,2,A,-,12,22450,A,N,D,C,A,A,H,-,A,A,0,NA,NA,Y,NA,Y,NA,A,01,0,1,0,0,0,0,0,0,1,-,-,NA,NA,SAN BERNARDINO,HESPERIA,-117.31967926025392,34.38336944580078
91191384,2020,2020-02-21,9860,2020-02-20,1605,020346,NA,4,2,4,3640,0,1,3,NA,1,380,SR-38,BRYANT ST,0,NA,Y,A,-,Y,NA,NA,38,NA,NA,NA,NA,NA,NA,Y,4,0,2,2,A,-,09,21802,B,N,D,C,A,A,H,-,A,D,0,NA,NA,NA,NA,Y,NA,A,07,0,0,2,0,0,0,0,0,0,-,-,34.07836151123047,-117.04875183105467,SAN BERNARDINO,YUCAIPA,-117.04876708984376,34.07838439941406
9119167,2020,2020-08-26,3610,2020-02-26,1333,24925,NA,3,5,6,3610,0,0,0,NA,0,DAVID,W 6TH ST,N E ST,0,NA,Y,A,-,N,NA,NA,NA,NA,NA,NA,NA,NA,NA,Y,4,0,1,2,A,-,12,21453,A,N,D,C,A,A,H,-,A,A,0,NA,NA,NA,NA,Y,NA,-,-,0,0,1,0,0,0,0,0,0,-,-,34.11017990112305,-117.2941436767578,SAN BERNARDINO,SAN BERNARDINO,-117.29415130615234,34.11016845703125