CASE_ID,ACCIDENT_YEAR,PROC_DATE,JURIS,COLLISION_DATE,COLLISION_TIME,OFFICER_ID,REPORTING_DISTRICT,DAY_OF_WEEK,CHP_SHIFT,POPULATION,CNTY_CITY_LOC,SPECIAL_COND,BEAT_TYPE,CHP_BEAT_TYPE,CITY_DIVISION_LAPD,CHP_BEAT_CLASS,BEAT_NUMBER,PRIMARY_RD,SECONDARY_RD,DISTANCE,DIRECTION,INTERSECTION,WEATHER_1,WEATHER_2,STATE_HWY_IND,CALTRANS_COUNTY,CALTRANS_DISTRICT,STATE_ROUTE,ROUTE_SUFFIX,POSTMILE_PREFIX,POSTMILE,LOCATION_TYPE,RAMP_INTERSECTION,SIDE_OF_HWY,TOW_AWAY,COLLISION_SEVERITY,NUMBER_KILLED,NUMBER_INJURED,PARTY_COUNT,PRIMARY_COLL_FACTOR,PCF_CODE_OF_VIOL,PCF_VIOL_CATEGORY,PCF_VIOLATION,PCF_VIOL_SUBSECTION,HIT_AND_RUN,TYPE_OF_COLLISION,MVIW,PED_ACTION,ROAD_SURFACE,ROAD_COND_1,ROAD_COND_2,LIGHTING,CONTROL_DEVICE,CHP_ROAD_TYPE,PEDESTRIAN_ACCIDENT,BICYCLE_ACCIDENT,MOTORCYCLE_ACCIDENT,TRUCK_ACCIDENT,NOT_PRIVATE_PROPERTY,ALCOHOL_INVOLVED,STWD_VEHTYPE_AT_FAULT,CHP_VEHTYPE_AT_FAULT,COUNT_SEVERE_INJ,COUNT_VISIBLE_INJ,COUNT_COMPLAINT_PAIN,COUNT_PED_KILLED,COUNT_PED_INJURED,COUNT_BICYCLIST_KILLED,COUNT_BICYCLIST_INJURED,COUNT_MC_KILLED,COUNT_MC_INJURED,PRIMARY_RAMP,SECONDARY_RAMP,LATITUDE,LONGITUDE,COUNTY,CITY,POINT_X,POINT_Y
91284821,2020,2020-08-12,9860,2020-07-31,2100,020533,NA,5,2,9,3600,0,3,5,NA,2,004,JURUPA AVE,CEDAR AVE,250,W,N,A,-,N,NA,NA,NA,NA,NA,NA,NA,NA,NA,Y,3,0,1,2,A,-,11,21954,A,F,G,B,D,A,H,-,C,D,0,Y,NA,NA,NA,Y,Y,N,60,0,1,0,0,1,0,0,0,0,-,-,34.048580169677734,-117.39733123779295,SAN BERNARDINO,UNINCORPORATED,-117.39720916748048,34.04854202270508
91285582,2020,2020-08-13,9855,2020-08-04,1125,018335,NA,2,1,6,3607,0,1,3,NA,2,601,SR-60 W/B (POMONA FWY),ARCHIBALD AVE.,200,W,N,A,-,Y,NA,NA,60,NA,NA,NA,NA,NA,W,Y,4,0,1,2,A,-,08,22107,NA,N,E,I,A,A,D,-,A,D,0,NA,NA,NA,Y,Y,NA,A,01,0,0,1,0,0,0,0,0,0,-,-,34.0306282043457,-117.59632110595705,SAN BERNARDINO,ONTARIO,-117.59632110595705,34.03071594238281
91285712,2020,2020-08-13,9855,2020-04-22,2249,021732,NA,3,3,6,3607,0,1,1,NA,2,152,I-15 S/B (ONTARIO FWY),JURUPA STREET,1548,N,N,A,-,Y,NA,NA,15,NA,NA,NA,NA,NA,S,Y,1,2,2,1,A,-,01,23152,G,N,E,I,A,A,H,-,C,D,0,NA,NA,NA,NA,Y,Y,D,22,0,2,0,0,0,0,0,0,0,-,-,34.05226135253906,-117.5483627319336,SAN BERNARDINO,ONTARIO,-117.54845428466795,34.052303314208984
91286855,2020,2020-08-17,9860,2020-08-01,2054,019725,NA,6,2,9,3600,0,3,5,NA,2,001,SYCAMORE CREEK DR,SYCAMORE CREEK LOOP PARKWAY,0,NA,Y,A,-,N,NA,NA,NA,NA,NA,NA,NA,NA,NA,Y,3,0,3,2,A,-,12,22450,A,N,D,C,A,A,H,-,C,A,0,NA,NA,NA,NA,Y,NA,D,22,0,1,2,0,0,0,0,0,0,-,-,34.18843078613281,-117.42243194580078,SAN BERNARDINO,UNINCORPORATED,-117.42236,34.18846
91286926,2020,2020-08-17,9860,2020-08-07,1500,020654,NA,5,2,5,3608,0,1,1,NA,2,104,I-10 W/B FROM CALIFORNIA ST.,CALIFORNIA ST.,1584,W,N,A,-,Y,NA,NA,10,NA,NA,NA,R,NA,W,N,4,0,1,4,A,-,03,22350,NA,F,C,C,A,A,H,-,A,D,0,NA,NA,NA,NA,Y,NA,A,07,0,0,1,0,0,0,0,0,0,-,-,34.06684875488281,-117.23143005371094,SAN BERNARDINO,REDLANDS,-117.23143005371094,34.06684875488281
91287023,2020,2020-08-17,9855,2020-07-04,1742,021941,NA,6,2,6,3607,0,1,1,NA,2,152,I-15 S/B (ONTARIO FWY),FOURTH ST.,1300,S,N,A,-,Y,NA,NA,15,NA,NA,NA,NA,NA,S,Y,4,0,2,3,A,-,03,22350,NA,F,C,C,A,A,H,-,A,D,0,NA,NA,NA,NA,Y,NA,A,01,0,0,2,0,0,0,0,0,0,-,-,34.07353973388672,-117.54511260986328,SAN BERNARDINO,ONTARIO,-117.54505157470705,34.07353973388672
91287144,2020,2020-08-17,9835,2020-08-07,0710,022379,NA,5,1,9,3600,0,1,1,NA,2,073,I-15 S/B,AFTON CANYON RD,14362,S,N,A,-,Y,NA,NA,15,NA,NA,NA,NA,NA,S,Y,3,0,1,1,A,-,08,22107,NA,N,E,I,A,A,H,-,A,D,0,NA,NA,NA,NA,Y,NA,A,07,0,1,0,0,0,0,0,0,0,-,-,35.04627990722656,-116.45046997070313,SAN BERNARDINO,UNINCORPORATED,-116.45045471191406,35.0462532043457
91289652,2020,2020-08-20,9850,2020-08-11,1150,017377,NA,2,1,5,3619,0,1,1,NA,2,082,INTERSTATE 15 NORTHBOUND,MAIN STREET,4382,S,N,A,-,Y,NA,NA,15,NA,NA,NA,NA,NA,N,Y,2,0,2,1,A,-,07,21658,A,N,F,A,A,A,H,-,A,D,0,NA,NA,NA,NA,Y,NA,A,01,1,0,1,0,0,0,0,0,0,-,-,34.41572952270508,-117.38855743408205,SAN BERNARDINO,HESPERIA,-117.38874053955078,34.41587448120117
91292409,2020,2020-08-25,9855,2020-08-08,0207,021483,NA,6,3,6,3616,0,1,1,NA,2,152,I-15 S/B (ONTARIO FWY),FOOTHILL BLVD.,100,S,N,A,-,Y,NA,NA,15,NA,NA,NA,NA,NA,S,Y,3,0,1,1,A,-,01,23152,A,M,E,I,A,A,H,-,C,D,0,NA,NA,NA,NA,Y,Y,A,01,0,1,0,0,0,0,0,0,0,-,-,34.10573959350586,-117.53327178955078,SAN BERNARDINO,RANCHO CUCAMONGA,-117.53321075439452,34.10567092895508
91293891,2020,2020-08-27,9860,2020-08-22,1140,019321,NA,6,1,6,3610,0,1,1,NA,2,202,SR-210 E/B,MT VIEW AVE.,120,W,N,A,-,Y,NA,NA,210,NA,NA,NA,NA,NA,E,Y,2,0,6,2,A,-,08,22107,NA,N,B,C,A,A,H,-,A,D,0,NA,NA,NA,NA,Y,NA,A,07,3,2,1,0,0,0,0,0,0,-,-,34.14537811279297,-117.28912353515624,SAN BERNARDINO,SAN BERNARDINO,-117.28912353515624,34.145362854003906
91295299,2020,2020-08-28,9855,2020-08-20,1910,015919,NA,4,2,9,3600,0,3,5,NA,2,001,OWEN STREET (14000 BLOCK),BANANA AVE.,95,E,N,A,-,N,NA,NA,NA,NA,NA,NA,NA,NA,NA,N,3,0,1,2,A,-,03,22350,NA,N,A,E,A,A,H,-,A,D,0,NA,NA,Y,NA,Y,NA,C,06,0,1,0,0,0,0,0,0,1,-,-,34.10239028930664,-117.49703979492188,SAN BERNARDINO,UNINCORPORATED,-117.49720764160156,34.10244369506836
91295788,2020,2020-08-31,9850,2020-08-22,1824,022148,NA,6,2,9,3600,0,2,4,NA,2,053,EL MIRAGE RD,SONORA RD,0,NA,Y,A,-,N,NA,NA,NA,NA,NA,NA,NA,NA,NA,Y,4,0,1,2,A,-,03,22350,NA,F,C,C,A,A,H,-,A,D,0,NA,NA,NA,NA,Y,NA,-,99,0,0,1,0,0,0,0,0,0,-,-,34.60157012939453,-117.51618957519533,SAN BERNARDINO,UNINCORPORATED,-117.51627349853516,34.60157012939453
91296639,2020,2020-09-01,9850,2020-08-15,2339,022073,NA,6,3,5,3612,0,1,1,NA,2,083,I-15 N/B,D ST,4000,S,N,A,-,Y,NA,NA,15,NA,NA,NA,NA,NA,N,N,4,0,1,2,A,-,03,22350,NA,F,C,C,A,A,H,-,D,D,0,NA,NA,NA,NA,Y,NA,A,07,0,0,1,0,0,0,0,0,0,-,-,34.537498474121094,-117.31120300292967,SAN BERNARDINO,VICTORVILLE,-117.31120300292967,34.53750228881836
91297694,2020,2020-09-02,9860,2020-08-24,0430,021587,NA,1,3,9,3600,0,1,1,NA,2,151,I-15 N/B,GLEN HELEN PKY,5280,S,N,A,-,Y,NA,NA,15,NA,NA,NA,NA,NA,N,Y,3,0,1,1,A,-,08,22107,NA,N,E,I,A,A,D,-,D,D,0,NA,NA,NA,NA,Y,NA,A,01,0,1,0,0,0,0,0,0,0,-,-,34.19139862060547,-117.4241180419922,SAN BERNARDINO,UNINCORPORATED,-117.42405700683594,34.19131088256836
91297713,2020,2020-09-02,9850,2020-08-24,1445,022510,NA,1,2,9,3600,0,3,5,NA,2,004,CAMP ROCK RD,CAMBRIA RD,19,N,N,A,-,N,NA,NA,NA,NA,NA,NA,NA,NA,NA,Y,4,0,1,2,A,-,05,21752,D,N,D,C,A,A,H,-,A,D,0,NA,NA,NA,Y,Y,NA,F,21,0,0,1,0,0,0,0,0,0,-,-,34.487220764160156,-116.85791015625,SAN BERNARDINO,UNINCORPORATED,-116.857908,34.487254
91298177,2020,2020-09-03,9860,2020-08-25,2022,019706,NA,2,2,9,3600,0,1,1,NA,2,151,I-15 SOUTHBOUND,MATHEWS RANCH RD,1686,N,N,A,-,Y,NA,NA,15,NA,NA,NA,NA,NA,S,Y,4,0,1,3,A,-,07,21658,A,N,B,C,A,A,H,-,D,D,0,NA,NA,NA,Y,Y,NA,A,01,0,0,1,0,0,0,0,0,0,-,-,34.24863052368164,-117.44075012207033,SAN BERNARDINO,UNINCORPORATED,-117.44074249267578,34.24863815307617
91298813,2020,2020-09-04,9860,2020-09-02,1955,020533,NA,3,2,9,3600,0,2,4,NA,2,411,CEDAR AVE,I-10,175,N,N,A,-,Y,NA,NA,NA,NA,NA,NA,NA,NA,NA,N,4,0,1,3,A,-,07,21658,A,N,C,C,A,A,H,-,C,D,0,NA,NA,NA,Y,Y,NA,A,01,0,0,1,0,0,0,0,0,0,-,-,34.069190979003906,-117.39620971679688,SAN BERNARDINO,UNINCORPORATED,-117.39608001708984,34.069087982177734
91299583,2020,2020-09-07,9860,2020-08-09,2205,021363,NA,7,3,9,3600,0,3,5,NA,2,002,KENDALL DR,PALM AVE,2585,N,N,A,-,N,NA,NA,NA,NA,NA,NA,NA,NA,NA,Y,2,0,1,1,A,-,08,22107,NA,N,E,I,A,A,H,-,D,D,0,NA,NA,NA,NA,Y,NA,A,01,1,0,0,0,0,0,0,0,0,-,-,34.19390106201172,-117.3656997680664,SAN BERNARDINO,UNINCORPORATED,-117.36786651611328,34.195220947265625
91299742,2020,2020-09-07,9860,2020-09-05,0425,022103,NA,6,3,4,3618,0,1,1,NA,2,203,SR-210 W/B,5TH ST,1056,E,N,A,-,Y,NA,NA,210,NA,NA,NA,NA,NA,W,Y,4,0,2,2,A,-,01,23152,A,N,B,C,A,A,D,-,D,D,0,NA,NA,NA,NA,Y,Y,A,01,0,0,2,0,0,0,0,0,0,-,-,34.10498046875,-117.1990966796875,SAN BERNARDINO,HIGHLAND,-117.19910430908205,34.10498046875
91299799,2020,2020-09-07,9860,2020-09-03,2320,020856,NA,4,3,5,3609,0,1,1,NA,2,201,SR-210 WESTBOUND,CACTUS AVE,1000,E,N,A,-,Y,NA,NA,210,NA,NA,NA,NA,NA,W,Y,4,0,1,1,A,-,08,22107,NA,N,F,A,A,A,H,-,D,D,0,NA,NA,Y,NA,Y,NA,C,02,0,0,1,0,0,0,0,0,1,-,-,34.13597106933594,-117.38130950927734,SAN BERNARDINO,RIALTO,-117.38130950927734,34.13593292236328
91301707,2020,2020-09-09,9855,2020-08-31,1544,021941,NA,1,2,5,3611,0,1,1,NA,2,203,SR-210 W/B (FOOTHILL FWY),EUCLID AVE.,1000,E,N,A,-,Y,NA,NA,210,NA,NA,NA,NA,NA,W,Y,3,0,2,2,A,-,08,22107,NA,N,B,C,A,A,H,-,A,D,0,NA,NA,NA,NA,Y,NA,D,22,0,2,0,0,0,0,0,0,0,-,-,34.134849548339844,-117.64765167236328,SAN BERNARDINO,UPLAND,-117.64765167236328,34.134891510009766
91301760,2020,2020-09-09,9834,2020-09-07,1620,016564,NA,1,2,9,3600,0,3,5,NA,2,003,GOFFS RD,LANFAIR ROAD,14256,S,N,A,-,Y,NA,NA,NA,NA,NA,NA,NA,NA,NA,Y,4,0,1,1,A,-,08,22107,NA,N,E,I,A,A,H,-,A,D,0,NA,NA,NA,NA,Y,NA,A,01,0,0,1,0,0,0,0,0,0,-,-,34.88740158081055,-115.09806823730467,SAN BERNARDINO,UNINCORPORATED,-115.09657287597656,34.89143371582031
91302062,2020,2020-09-10,9855,2020-09-03,1805,017597,NA,4,2,6,3616,0,1,1,NA,2,152,I-15 S/B (ONTARIO FWY),FOOTHILL BLVD.,2311,S,N,A,-,Y,NA,NA,15,NA,NA,NA,NA,NA,S,Y,3,0,2,2,A,-,07,21658,A,F,E,I,A,A,H,-,A,D,0,NA,NA,NA,NA,Y,NA,-,99,0,2,0,0,0,0,0,0,0,-,-,34.1125602722168,-117.5242919921875,SAN BERNARDINO,RANCHO CUCAMONGA,-117.52455139160156,34.112876892089844
91302518,2020,2020-09-10,9855,2020-09-03,0905,016220,NA,4,1,6,3607,0,1,1,NA,2,101,I-10 W/B (SAN BERNARDINO FWY),HAVEN AVE.,3485,E,N,A,-,Y,NA,NA,10,NA,NA,NA,NA,NA,W,N,3,0,1,1,C,-,18,NA,NA,N,E,J,A,A,H,-,A,D,0,NA,NA,NA,NA,Y,NA,-,-,0,1,0,0,0,0,0,0,0,-,-,34.067508697509766,-117.56407165527344,SAN BERNARDINO,ONTARIO,-117.56407165527344,34.06760787963867
91303085,2020,2020-09-11,9860,2020-09-07,0635,015495,NA,1,1,9,3600,0,3,5,NA,2,002,HIGHLAND AVE,STERLING AVE,94,W,N,A,-,N,NA,NA,NA,NA,NA,NA,NA,NA,NA,Y,4,0,1,4,A,-,03,22350,NA,N,C,C,A,A,H,-,B,A,0,NA,NA,NA,NA,Y,NA,A,01,0,0,1,0,0,0,0,0,0,-,-,34.13581848144531,-117.2441177368164,SAN BERNARDINO,UNINCORPORATED,-117.24397277832033,34.13582992553711
91303374,2020,2020-09-14,9860,2020-08-28,1815,019674,NA,5,2,6,3610,0,1,1,NA,2,103,I-10 W/B TO I-215 N/B,HUNTS LN,1056,W,N,A,-,Y,NA,NA,10,NA,NA,NA,R,NA,W,Y,3,0,1,1,A,-,08,22107,NA,N,F,A,A,A,H,-,A,D,0,NA,NA,Y,NA,Y,NA,C,02,0,1,0,0,0,0,0,0,1,-,-,34.06428909301758,-117.29183959960938,SAN BERNARDINO,SAN BERNARDINO,-117.29183959960938,34.06428909301758
91304035,2020,2020-09-14,9865,2020-09-03,1750,020725,NA,4,2,9,3600,0,1,3,NA,1,039,SR-38,LAKE WILLIAMS DR,528,E,N,A,-,Y,NA,NA,38,NA,NA,NA,NA,NA,NA,Y,3,0,1,1,A,-,05,21460,A,N,F,A,A,A,H,-,A,D,0,NA,NA,NA,NA,Y,NA,A,01,0,1,0,0,0,0,0,0,0,-,-,34.23059844970703,-116.79239654541016,SAN BERNARDINO,UNINCORPORATED,-116.79241180419922,34.23063659667969
91304222,2020,2022-02-07,9855,2020-02-29,1020,018335,NA,6,1,9,3600,0,3,5,NA,2,001,ETIWANDA AVENUE,VALLEY BOULEVARD,0,NA,Y,A,-,N,NA,NA,NA,NA,NA,NA,NA,NA,NA,Y,1,1,3,2,A,-,12,21453,A,N,D,C,A,A,H,-,A,A,0,NA,NA,NA,NA,Y,NA,A,07,1,1,1,0,0,0,0,0,0,-,-,34.07096862792969,-117.52404022216795,SAN BERNARDINO,UNINCORPORATED,-117.52420806884766,34.070980072021484
91304980,2020,2020-09-15,9860,2020-09-13,1530,021371,NA,7,2,9,3600,0,3,5,NA,2,004,LOCUST AVE,HAWTHORNE AVE,200,N,N,A,-,N,NA,NA,NA,NA,NA,NA,NA,NA,NA,N,4,0,1,2,A,-,03,22350,NA,N,C,C,A,A,H,-,A,D,0,NA,NA,NA,NA,Y,NA,A,01,0,0,1,0,0,0,0,0,0,-,-,34.0819091796875,-117.40953826904295,SAN BERNARDINO,UNINCORPORATED,-117.40956115722656,34.08183670043945
91305227,2020,2020-09-15,9835,2020-09-11,0529,021482,NA,5,3,9,3600,0,1,1,NA,2,045,I-40 W/B,CRUCERO RD,1056,W,N,A,-,Y,NA,NA,40,NA,NA,NA,NA,NA,W,Y,2,0,2,2,A,-,03,22350,NA,N,C,C,A,A,H,-,D,A,0,NA,NA,NA,Y,Y,NA,A,07,1,0,1,0,0,0,0,0,0,-,-,34.725311279296875,-116.17063903808594,SAN BERNARDINO,UNINCORPORATED,-116.17063903808594,34.72530746459961
91306786,2020,2020-09-17,9860,2020-09-13,1550,021980,NA,7,2,9,3600,0,1,1,NA,2,152,I-15 S/B,CLEGHORN RD,310,N,N,A,-,Y,NA,NA,15,NA,NA,NA,NA,NA,S,Y,4,0,1,3,A,-,03,22350,NA,N,C,C,A,A,H,-,A,D,0,NA,NA,NA,NA,Y,NA,A,07,0,0,1,0,0,0,0,0,0,-,-,34.2996711730957,-117.45841217041016,SAN BERNARDINO,UNINCORPORATED,-117.45848846435548,34.29960632324219
91307501,2020,2020-09-18,9850,2020-09-06,0820,018211,NA,7,1,9,3600,0,1,2,NA,2,054,UNITED STATES 395,KRAMER ROAD,15840,N,N,A,-,Y,NA,NA,NA,NA,NA,NA,NA,NA,NA,Y,1,1,0,2,A,-,03,22350,NA,N,D,C,A,A,H,-,A,D,0,NA,NA,Y,NA,Y,NA,C,02,0,0,0,0,0,0,0,1,0,-,-,34.909000396728516,-117.51570892333984,SAN BERNARDINO,UNINCORPORATED,-117.51564025878906,34.907630920410156
91309610,2020,2020-09-23,9835,2020-09-12,1220,022078,NA,6,1,9,3600,0,1,1,NA,2,072,I-15 N/B,E. YERMO RD.,15,N,N,A,-,Y,NA,NA,15,NA,NA,NA,NA,NA,N,Y,2,0,1,1,A,-,08,22107,NA,N,F,A,A,A,H,-,A,D,0,NA,NA,NA,NA,Y,NA,A,01,1,0,0,0,0,0,0,0,0,-,-,34.910621643066406,-116.80770111083984,SAN BERNARDINO,UNINCORPORATED,-116.80770111083984,34.9106330871582
91310475,2020,2020-09-24,9855,2020-09-10,0355,016215,NA,4,3,6,3607,0,1,3,NA,2,601,SR-60 E/B (POMONA FWY),HAVEN AVE.,1625,W,N,A,-,Y,NA,NA,60,NA,NA,NA,NA,NA,E,Y,3,0,1,1,A,-,08,22107,NA,N,E,J,A,A,H,-,C,D,0,NA,NA,NA,NA,Y,NA,A,01,0,1,0,0,0,0,0,0,0,-,-,34.02996063232422,-117.58120727539063,SAN BERNARDINO,ONTARIO,-117.5811767578125,34.03019714355469
9131227,2020,2020-10-14,3609,2020-07-07,1247,8510,RI100,2,5,5,3609,0,0,0,NA,0,002,SYCAMORE AV,WINCHESTER DR,138,S,N,A,-,N,NA,NA,NA,NA,NA,NA,NA,NA,NA,Y,4,0,1,2,A,-,08,22107,NA,N,C,E,A,A,H,-,A,D,0,NA,NA,NA,NA,Y,NA,A,01,0,0,1,0,0,0,0,0,0,-,-,NA,NA,SAN BERNARDINO,RIALTO,-117.36605834960938,34.12507247924805
91312432,2020,2020-09-25,9865,2020-09-16,1617,021502,NA,3,2,9,3600,0,1,3,NA,2,014,STATE ROUTE 138,SEELEY WAY,50,W,N,A,-,Y,NA,NA,138,NA,NA,NA,NA,NA,NA,Y,2,0,2,2,A,-,05,21460,A,N,A,C,A,A,D,-,A,A,0,NA,NA,NA,NA,Y,NA,A,01,2,0,0,0,0,0,0,0,0,-,-,34.241661071777344,-117.29347229003906,SAN BERNARDINO,UNINCORPORATED,-117.29346466064452,34.24166488647461
91312686,2020,2020-09-28,9860,2020-09-18,1915,020051,NA,5,2,6,3610,0,1,1,NA,2,216,I-215 S/B TO UNIVERSITY PKWY,UNIVERSITY PKWY,54,N,N,A,-,Y,NA,NA,215,NA,NA,NA,R,NA,S,Y,4,0,1,1,A,-,08,22107,NA,N,E,I,A,A,H,-,D,D,0,NA,NA,NA,NA,Y,NA,A,01,0,0,1,0,0,0,0,0,0,-,-,34.1639289855957,-117.33381652832033,SAN BERNARDINO,SAN BERNARDINO,-117.33381652832033,34.1639289855957
9131370,2020,2020-09-14,3604,2020-06-09,1935,1118,NA,2,5,6,3604,0,0,0,NA,0,NA,JUNIPER AV,VILLAGE LN,200,S,N,A,-,N,NA,NA,NA,NA,NA,NA,NA,NA,NA,N,3,0,1,2,A,-,05,21650,1,N,H,G,A,A,H,-,A,D,0,NA,Y,NA,NA,Y,NA,L,04,0,1,0,0,0,0,1,0,0,-,-,NA,NA,SAN BERNARDINO,FONTANA,-117.44019317626952,34.110103607177734
91315273,2020,2020-09-30,9855,2020-09-23,2029,016729,NA,3,2,6,3604,0,1,1,NA,2,101,I-10 E/B (SAN BERNARDINO FWY),CHERRY AVE.,500,W,N,A,-,Y,NA,NA,NA,NA,NA,NA,NA,NA,NA,Y,3,0,1,2,A,-,07,21658,A,F,B,C,A,A,H,-,D,D,0,NA,NA,NA,NA,Y,NA,A,01,0,1,0,0,0,0,0,0,0,-,-,34.65924835205078,-117.490478515625,SAN BERNARDINO,FONTANA,-117.49070739746094,34.065887451171875
91315540,2020,2020-10-01,9855,2020-09-23,0020,020913,NA,3,3,6,3607,0,1,1,NA,2,103,I-10 E/B (SAN BERNARDINO FWY),EUCLID AVE.,1900,W,N,A,-,Y,NA,NA,10,NA,NA,NA,NA,NA,E,Y,4,0,1,2,A,-,03,22350,NA,N,C,C,A,A,D,-,D,D,0,NA,NA,Y,NA,Y,NA,C,02,0,0,1,0,0,0,0,0,1,-,-,34.0872802734375,-117.65763854980467,SAN BERNARDINO,ONTARIO,-117.65763854980467,34.087242126464844
9131597,2020,2020-08-19,3604,2020-05-31,1906,1301,NA,7,5,6,3604,0,0,0,NA,0,002,BASELINE AV,MANGO AV,692,E,N,A,-,N,NA,NA,NA,NA,NA,NA,NA,NA,NA,Y,2,0,1,1,A,-,03,22350,NA,N,E,I,A,A,H,-,A,D,0,NA,NA,Y,NA,Y,NA,C,02,1,0,0,0,0,0,0,0,1,-,-,NA,NA,SAN BERNARDINO,FONTANA,-117.429443359375,34.121341705322266
91316364,2020,2020-10-02,9865,2020-09-27,1130,017407,NA,7,1,9,3600,0,1,3,NA,1,022,STATE ROUTE 18,GREEN VALLEY LAKE RD,1056,N,N,A,-,Y,NA,NA,18,NA,NA,NA,NA,NA,NA,Y,2,0,1,1,A,-,03,22350,NA,N,E,J,A,A,H,-,A,D,0,NA,NA,Y,NA,Y,NA,C,02,1,0,0,0,0,0,0,0,1,-,-,34.221458435058594,-117.06802368164063,SAN BERNARDINO,UNINCORPORATED,-117.06803131103516,34.22150802612305
9131658,2020,2020-09-14,3610,2020-06-21,2010,50367,NA,7,5,6,3610,0,0,0,NA,0,POLICE,N MEDICAL CENTER DR,19TH,18,N,N,A,-,N,NA,NA,NA,NA,NA,NA,NA,NA,NA,Y,4,0,1,2,A,-,03,22350,NA,N,C,-,A,A,H,-,A,A,0,NA,NA,NA,NA,Y,Y,A,08,0,0,1,0,0,0,0,0,0,-,-,NA,NA,SAN BERNARDINO,SAN BERNARDINO,-117.32256317138672,34.132328033447266
91316772,2020,2020-10-02,9860,2020-10-01,1615,020654,NA,4,2,5,3608,0,1,1,NA,2,104,I-10 E/B,CALIFORNIA ST,100,W,N,A,-,Y,NA,NA,10,NA,NA,NA,NA,NA,E,Y,4,0,1,3,A,-,03,22350,NA,N,C,C,A,A,H,-,A,D,0,NA,NA,NA,NA,Y,NA,A,01,0,0,1,0,0,0,0,0,0,-,-,34.06657028198242,-117.2266082763672,SAN BERNARDINO,REDLANDS,-117.2266082763672,34.0665168762207
91318545,2020,2020-10-06,9855,2020-09-29,1958,021156,NA,2,2,6,3607,0,1,1,NA,2,152,I-15 N/B (ONTARIO FWY),JURUPA ST.,1056,N,N,A,-,Y,NA,NA,15,NA,NA,NA,NA,NA,N,Y,4,0,1,2,A,-,03,22350,NA,N,C,C,A,A,H,-,C,D,0,NA,NA,NA,NA,Y,NA,D,22,0,0,1,0,0,0,0,0,0,-,-,34.054359436035156,-117.54705047607422,SAN BERNARDINO,ONTARIO,-117.54706573486328,34.05436706542969
91320052,2020,2020-10-08,9855,2020-09-29,0830,015033,NA,2,1,6,3604,0,1,1,NA,2,101,I-10 W/B (SAN BERNARDINO FWY),CHERRY AVE.,3896,E,N,A,-,Y,NA,NA,10,NA,NA,NA,NA,NA,W,Y,4,0,1,2,A,-,03,22350,NA,N,C,C,A,A,H,-,A,D,0,NA,NA,NA,NA,Y,NA,A,01,0,0,1,0,0,0,0,0,0,-,-,34.06624984741211,-117.479248046875,SAN BERNARDINO,FONTANA,-117.479248046875,34.06623077392578
91320585,2020,2020-10-09,9860,2020-09-26,0440,020856,NA,6,3,3,3690,0,1,1,NA,2,214,I-215 SOUTHBOUND,BARTON ROAD,1500,N,N,A,-,Y,NA,NA,215,NA,NA,NA,NA,NA,S,Y,4,0,1,2,A,-,03,22350,NA,F,C,C,A,A,H,-,D,D,0,NA,NA,NA,NA,Y,NA,A,01,0,0,1,0,0,0,0,0,0,-,-,34.03752136230469,-117.32106018066406,SAN BERNARDINO,GRAND TERRACE,-117.32103729248048,34.03749084472656
91320767,2020,2020-10-09,9855,2020-09-30,0800,015033,NA,3,1,6,3607,0,1,1,NA,2,103,I-10 E/B (SAN BERNARDINO FWY),ARCHIBALD AVE.,900,W,N,A,-,Y,NA,NA,10,NA,NA,NA,NA,NA,E,Y,4,0,1,2,A,-,07,21658,A,N,B,C,A,A,H,-,A,D,0,NA,NA,NA,NA,Y,NA,-,-,0,0,1,0,0,0,0,0,0,-,-,34.06760025024414,-117.60040283203124,SAN BERNARDINO,ONTARIO,-117.60039520263672,34.067657470703125
91320856,2020,2020-10-09,9860,2020-10-01,2132,020856,NA,4,2,6,3610,0,1,1,NA,2,201,SR-210 EASTBOUND,HIGHLAND AVENUE,72,E,N,A,-,Y,NA,NA,210,NA,NA,NA,NA,NA,E,Y,3,0,1,1,A,-,03,22350,NA,F,E,I,A,A,H,-,D,D,0,NA,NA,NA,NA,Y,Y,A,01,0,1,0,0,0,0,0,0,0,-,-,34.136409759521484,-117.32868194580078,SAN BERNARDINO,SAN BERNARDINO,-117.32859802246094,34.136253356933594