CASE_ID,ACCIDENT_YEAR,PROC_DATE,JURIS,COLLISION_DATE,COLLISION_TIME,OFFICER_ID,REPORTING_DISTRICT,DAY_OF_WEEK,CHP_SHIFT,POPULATION,CNTY_CITY_LOC,SPECIAL_COND,BEAT_TYPE,CHP_BEAT_TYPE,CITY_DIVISION_LAPD,CHP_BEAT_CLASS,BEAT_NUMBER,PRIMARY_RD,SECONDARY_RD,DISTANCE,DIRECTION,INTERSECTION,WEATHER_1,WEATHER_2,STATE_HWY_IND,CALTRANS_COUNTY,CALTRANS_DISTRICT,STATE_ROUTE,ROUTE_SUFFIX,POSTMILE_PREFIX,POSTMILE,LOCATION_TYPE,RAMP_INTERSECTION,SIDE_OF_HWY,TOW_AWAY,COLLISION_SEVERITY,NUMBER_KILLED,NUMBER_INJURED,PARTY_COUNT,PRIMARY_COLL_FACTOR,PCF_CODE_OF_VIOL,PCF_VIOL_CATEGORY,PCF_VIOLATION,PCF_VIOL_SUBSECTION,HIT_AND_RUN,TYPE_OF_COLLISION,MVIW,PED_ACTION,ROAD_SURFACE,ROAD_COND_1,ROAD_COND_2,LIGHTING,CONTROL_DEVICE,CHP_ROAD_TYPE,PEDESTRIAN_ACCIDENT,BICYCLE_ACCIDENT,MOTORCYCLE_ACCIDENT,TRUCK_ACCIDENT,NOT_PRIVATE_PROPERTY,ALCOHOL_INVOLVED,STWD_VEHTYPE_AT_FAULT,CHP_VEHTYPE_AT_FAULT,COUNT_SEVERE_INJ,COUNT_VISIBLE_INJ,COUNT_COMPLAINT_PAIN,COUNT_PED_KILLED,COUNT_PED_INJURED,COUNT_BICYCLIST_KILLED,COUNT_BICYCLIST_INJURED,COUNT_MC_KILLED,COUNT_MC_INJURED,PRIMARY_RAMP,SECONDARY_RAMP,LATITUDE,LONGITUDE,COUNTY,CITY,POINT_X,POINT_Y
9158302,2020,2020-11-24,3602,2020-09-10,1029,3051,NA,4,5,5,3602,0,0,0,NA,0,001,RAMONA AV,EDISON AV,0,NA,Y,A,-,N,NA,NA,NA,NA,NA,NA,NA,NA,NA,Y,3,0,1,2,A,-,12,21453,A,N,D,C,A,A,H,-,A,A,0,NA,NA,NA,Y,Y,NA,-,NA,0,1,0,0,0,0,0,0,0,-,-,33.99723815917969,-117.70654296875,SAN BERNARDINO,CHINO,-117.70652770996094,33.997188568115234
91583793,2021,2021-09-30,9860,2021-09-26,1913,021371,NA,7,2,5,3608,0,1,1,NA,2,105,I-10 E/B,FORD ST,2000,W,N,A,-,Y,NA,NA,10,NA,NA,NA,NA,NA,E,N,3,0,2,1,A,-,08,22107,NA,N,E,I,A,A,H,-,C,D,0,NA,NA,NA,NA,Y,NA,D,22,0,1,1,0,0,0,0,0,0,-,-,34.04726028442383,-117.15802764892578,SAN BERNARDINO,REDLANDS,-117.15806579589844,34.047245025634766
91586111,2021,2021-10-01,9855,2021-06-27,1115,018335,NA,7,1,6,3616,0,1,1,NA,2,152,I-15 S/B (ONTARIO FWY),FOURTH ST.,1200,N,N,A,-,Y,NA,NA,15,NA,NA,NA,NA,NA,S,Y,2,0,9,3,A,-,08,22107,NA,N,D,C,A,A,H,-,A,D,0,NA,NA,NA,NA,Y,NA,A,07,4,4,1,0,0,0,0,0,0,-,-,34.08660888671875,-117.54502105712892,SAN BERNARDINO,RANCHO CUCAMONGA,-117.5448989868164,34.08660888671875
91587474,2021,2021-10-04,9855,2021-07-30,0341,021233,NA,5,3,6,3607,0,1,1,NA,2,103,I-10 E/B (SAN BERNARDINO FWY),4TH STREET,2400,E,N,A,-,Y,NA,NA,10,NA,NA,NA,NA,NA,E,Y,3,0,2,2,A,-,07,21658,A,N,C,C,A,A,D,-,C,D,0,NA,NA,NA,NA,Y,Y,A,07,0,2,0,0,0,0,0,0,0,-,-,34.07561111450195,-117.6195068359375,SAN BERNARDINO,ONTARIO,-117.61964416503906,34.07537841796875
91587592,2021,2021-10-04,9860,2021-07-24,1518,020282,NA,6,2,9,3600,0,3,5,NA,2,002,DEL ROSA AVE,LYNWOOD AVE,43,S,N,A,-,N,NA,NA,NA,NA,NA,NA,NA,NA,NA,N,4,0,1,2,A,-,03,22350,NA,N,C,C,A,A,H,-,A,A,0,NA,NA,NA,NA,Y,NA,A,01,0,0,1,0,0,0,0,0,0,-,-,34.14653015136719,-117.25243377685548,SAN BERNARDINO,UNINCORPORATED,-117.25243377685548,34.14663314819336
91588107,2021,2021-10-05,9870,2021-09-28,1608,020512,NA,2,2,9,3600,0,1,3,NA,1,031,STATE ROUTE 62 (29 PALMS HIGHWAY),SUNSET ROAD,225,W,N,A,-,Y,NA,NA,62,NA,NA,NA,NA,NA,NA,N,4,0,1,2,A,-,03,22350,NA,N,C,C,A,A,H,-,A,D,0,NA,NA,NA,NA,Y,NA,A,01,0,0,1,0,0,0,0,0,0,-,-,34.13492965698242,-116.31812286376952,SAN BERNARDINO,UNINCORPORATED,-116.31812286376952,34.13496780395508
9158922,2020,2021-03-08,3600,2020-08-25,1756,C9389,RC058,2,5,6,3616,0,0,0,NA,0,RC4,BAKER AV,SALINA AV,0,NA,Y,A,-,N,NA,NA,NA,NA,NA,NA,NA,NA,NA,Y,3,0,1,2,C,-,18,NA,NA,N,B,E,A,A,H,-,A,D,0,NA,NA,NA,NA,Y,NA,-,-,0,1,0,0,0,0,0,0,0,-,-,NA,NA,SAN BERNARDINO,RANCHO CUCAMONGA,-117.6198501586914,34.09791946411133
91589841,2021,2021-10-06,9855,2021-09-26,1420,020046,NA,7,2,5,3611,0,1,1,NA,2,103,I-10 E/B (SAN BERNARDINO FWY),MOUNTAIN AVE.,500,W,N,A,-,Y,NA,NA,10,NA,NA,NA,NA,NA,E,N,4,0,1,3,A,-,03,22350,NA,N,C,C,A,A,D,-,A,D,0,NA,NA,NA,NA,Y,NA,A,07,0,0,1,0,0,0,0,0,0,-,-,34.08713150024414,-117.6746063232422,SAN BERNARDINO,UPLAND,-117.6746063232422,34.087162017822266
91591509,2021,2021-10-08,9850,2021-09-18,1711,022386,NA,6,2,9,3600,0,2,4,NA,2,055,NATIONAL TRAILS HIGHWAY,CARDIGAN ROAD,796,N,N,A,-,N,NA,NA,NA,NA,NA,NA,NA,NA,NA,Y,1,1,2,2,A,-,05,21460,A,N,A,C,A,A,H,-,A,D,0,NA,NA,NA,NA,Y,NA,A,01,2,0,0,0,0,0,0,0,0,-,-,34.69527816772461,-117.33917236328124,SAN BERNARDINO,UNINCORPORATED,-117.33917236328124,34.69504165649414
9159329,2020,2020-12-04,3600,2020-09-24,1912,B333,HE104,4,5,5,3619,0,0,0,NA,0,001,BEAR VALLEY RD,NINTH AV,0,NA,Y,A,-,N,NA,NA,NA,NA,NA,NA,NA,NA,NA,Y,4,0,1,2,A,-,03,22350,NA,N,C,C,A,A,H,-,C,D,0,NA,NA,NA,NA,Y,NA,A,01,0,0,1,0,0,0,0,0,0,-,-,NA,NA,SAN BERNARDINO,HESPERIA,-117.31678009033205,34.470680236816406
91594259,2021,2021-10-12,9850,2021-10-05,1755,021878,NA,2,2,5,3619,0,2,4,NA,2,053,I-15 N/B,BEAR VALLEY ROAD,6864,S,N,A,-,Y,NA,NA,15,NA,NA,NA,NA,NA,N,Y,4,0,1,2,A,-,03,22350,NA,N,C,C,A,A,H,-,A,D,0,NA,NA,NA,NA,Y,NA,A,01,0,0,1,0,0,0,0,0,0,-,-,34.45471954345703,-117.35829925537108,SAN BERNARDINO,HESPERIA,-117.35832214355467,34.45473861694336
91594328,2021,2021-10-12,9850,2021-10-04,0751,018211,NA,1,1,5,3619,0,1,1,NA,2,082,I-15 N/B,JOSHUA ST,2300,N,N,A,-,Y,NA,NA,15,NA,NA,NA,NA,NA,N,Y,3,0,2,2,A,-,08,22107,NA,N,B,C,A,A,H,-,A,D,0,NA,NA,NA,Y,Y,NA,F,26,0,2,0,0,0,0,0,0,0,-,-,34.41157913208008,-117.3919677734375,SAN BERNARDINO,HESPERIA,-117.3920440673828,34.41163635253906
91595995,2021,2021-10-14,9860,2021-10-02,2308,020856,NA,6,3,6,3610,0,1,1,NA,2,216,I-215 SOUTHBOUND,PALM AVENUE,5280,S,N,A,-,Y,NA,NA,215,NA,NA,NA,NA,NA,S,Y,3,0,1,1,A,-,01,23152,A,N,E,J,A,A,H,-,A,D,0,NA,NA,NA,NA,Y,Y,A,01,0,1,0,0,0,0,0,0,0,-,-,34.18061828613281,-117.34739685058594,SAN BERNARDINO,SAN BERNARDINO,-117.3473892211914,34.180625915527344
91597785,2021,2021-10-15,9860,2021-08-16,2003,021371,NA,1,2,9,3600,0,2,4,NA,2,411,CEDAR AVENUE,GROVE PLACE,50,S,N,A,-,N,NA,NA,NA,NA,NA,NA,NA,NA,NA,N,1,1,0,2,A,-,11,21954,A,N,G,B,D,A,H,-,D,D,0,Y,NA,NA,NA,Y,NA,N,60,0,0,0,1,0,0,0,0,0,-,-,34.07297897338867,-117.39656066894533,SAN BERNARDINO,UNINCORPORATED,-117.396484375,34.07302474975586
9159852,2020,2021-03-09,3600,2020-08-19,2222,F7804,YC2,3,5,4,3640,0,0,0,NA,0,YC2,OAK GLEN RD,YUCAIPA BL,0,NA,Y,A,-,N,NA,NA,NA,NA,NA,NA,NA,NA,NA,Y,3,0,1,1,A,-,01,23152,A,N,F,I,A,-,H,-,C,D,0,NA,NA,NA,NA,Y,Y,A,01,0,1,0,0,0,0,0,0,0,-,-,NA,NA,SAN BERNARDINO,YUCAIPA,-117.07301330566406,34.033870697021484
91598726,2021,2021-10-18,9860,2021-10-11,0720,019495,NA,1,1,9,3600,0,3,5,NA,2,004,SANTA ANA AVE.,LOCUST AVE.,0,NA,Y,A,-,N,NA,NA,NA,NA,NA,NA,NA,NA,NA,N,4,0,1,2,A,-,12,22450,A,N,H,G,A,A,H,-,A,A,0,NA,Y,NA,NA,Y,NA,L,04,0,0,1,0,0,0,1,0,0,-,-,34.055938720703125,-117.40950012207033,SAN BERNARDINO,UNINCORPORATED,-117.4094696044922,34.05583953857422
91600418,2021,2021-10-19,9865,2021-10-11,1718,014696,NA,1,2,9,3600,0,3,5,NA,2,002,GREEN VALLEY LAKE ROAD,FOREST SERVICE ROAD 2N19,949,W,N,D,-,N,NA,NA,NA,NA,NA,NA,NA,NA,NA,Y,2,0,2,1,A,-,03,22350,NA,N,F,I,A,C,H,-,A,D,0,NA,NA,NA,NA,Y,NA,A,07,1,1,0,0,0,0,0,0,0,-,-,34.22377014160156,-117.08860778808594,SAN BERNARDINO,UNINCORPORATED,-117.08719635009766,34.223079681396484
91603163,2021,2021-10-21,9835,2021-10-16,1004,021482,NA,6,1,9,3600,0,1,3,NA,1,020,SR-127,RIGGS ROAD,23232,N,N,A,-,N,NA,NA,127,NA,NA,NA,NA,NA,NA,Y,3,0,1,1,A,-,08,22107,NA,N,E,I,A,A,H,-,A,A,0,NA,NA,NA,NA,Y,NA,A,07,0,1,0,0,0,0,0,0,0,-,-,35.55392837524414,-116.19032287597656,SAN BERNARDINO,UNINCORPORATED,-116.19029998779295,35.55394744873047
91603581,2021,2021-10-22,9860,2021-09-20,1920,022359,NA,1,2,9,3600,0,3,5,NA,2,004,SLOVER AVE,LINDEN AVE,0,NA,Y,A,-,Y,NA,NA,NA,NA,NA,NA,NA,NA,NA,Y,3,0,1,2,A,-,12,22450,A,N,A,C,A,A,H,-,C,A,0,NA,NA,NA,Y,Y,NA,G,25,0,1,0,0,0,0,0,0,0,-,-,34.06315994262695,-117.40074920654295,SAN BERNARDINO,UNINCORPORATED,-117.40078735351563,34.06314468383789
91603964,2021,2021-10-22,9860,2021-10-14,0745,019725,NA,4,1,6,3610,0,1,1,NA,2,216,I-215 S/B,LITTLE LEAGUE DR,2112,N,N,A,-,Y,NA,NA,215,NA,NA,NA,NA,NA,S,N,3,0,2,3,A,-,03,22350,NA,N,C,C,A,A,A,H,A,D,0,NA,NA,NA,NA,Y,NA,A,07,0,1,1,0,0,0,0,0,0,-,-,34.203121185302734,-117.37740325927734,SAN BERNARDINO,SAN BERNARDINO,-117.37738800048828,34.2031364440918
91604403,2021,2021-10-25,9855,2021-10-10,0155,020963,NA,7,3,9,3600,0,1,3,NA,2,603,STATE ROUTE 60 (POMONA FREEWAY),MOUNTAIN AVENUE,874,E,N,A,-,Y,NA,NA,NA,NA,NA,NA,NA,NA,NA,Y,4,0,2,3,A,-,03,22350,NA,N,C,C,A,A,H,-,D,D,0,NA,NA,NA,NA,Y,NA,A,07,0,0,2,0,0,0,0,0,0,-,-,34.03049850463867,-117.66465759277344,SAN BERNARDINO,UNINCORPORATED,-117.66474151611328,34.03048324584961
9160468,2020,2021-01-20,3600,2020-10-06,2203,F7804,YC3,2,5,4,3640,0,0,0,NA,0,YC3,YUCAIPA BL,13TH ST,0,NA,Y,A,-,N,NA,NA,NA,NA,NA,NA,NA,NA,NA,Y,3,0,2,2,A,-,12,21453,A,N,D,C,A,A,H,-,C,A,0,NA,NA,NA,NA,Y,NA,A,01,0,2,0,0,0,0,0,0,0,-,-,NA,NA,SAN BERNARDINO,YUCAIPA,-117.09105682373048,34.033939361572266
91605590,2021,2021-10-25,9855,2021-08-30,0128,021233,NA,1,3,5,3602,0,1,3,NA,2,603,SR-60 W/B (POMONA FWY),MONTE VISTA AVE,200,E,N,A,-,Y,NA,NA,60,NA,NA,NA,NA,NA,W,Y,4,0,1,1,A,-,01,23152,A,N,E,8,A,A,D,-,D,D,0,NA,NA,NA,NA,Y,Y,A,07,0,0,1,0,0,0,0,0,0,-,-,34.03025817871094,-117.69745635986328,SAN BERNARDINO,CHINO,-117.6974639892578,34.030296325683594
91608385,2021,2021-10-28,9835,2021-10-16,1922,021765,NA,6,2,9,3600,0,2,4,NA,1,017,IRWIN RD,SPADRA ST,1584,N,N,B,-,N,NA,NA,NA,NA,NA,NA,NA,NA,NA,N,3,0,1,2,A,-,11,21956,NA,N,G,B,E,A,H,-,D,D,0,Y,NA,NA,NA,Y,NA,N,60,0,1,0,0,1,0,0,0,0,-,-,34.93241882324219,-117.02790069580078,SAN BERNARDINO,UNINCORPORATED,-117.02719116210938,34.92790985107422
91608912,2021,2021-10-28,9860,2021-10-28,0715,016575,NA,4,1,3,3690,0,1,1,NA,2,214,I-215 N/B TO BARTON RD.,BARTON RD.,14,S,N,A,-,Y,NA,NA,215,NA,NA,NA,R,NA,N,N,4,0,1,2,A,-,21,22106,NA,N,C,C,A,A,H,-,A,A,0,NA,NA,NA,NA,Y,NA,A,07,0,0,1,0,0,0,0,0,0,-,-,34.03371810913086,-117.3241729736328,SAN BERNARDINO,GRAND TERRACE,-117.3241729736328,34.03371810913086
91612814,2021,2021-11-01,9860,2021-10-23,2058,021638,NA,6,2,9,3600,0,1,3,NA,1,380,SR-38 (MENTONE BOULEVARD),TURQUOISE AVE,0,NA,Y,A,-,Y,NA,NA,38,NA,NA,NA,NA,NA,NA,Y,4,0,1,2,A,-,09,21802,A,N,D,C,A,A,H,-,C,A,0,NA,NA,NA,NA,Y,NA,A,01,0,0,1,0,0,0,0,0,0,-,-,34.07006072998047,-117.13249206542967,SAN BERNARDINO,UNINCORPORATED,-117.13249206542967,34.07004928588867
91614364,2021,2021-11-03,9855,2021-09-14,2150,018000,NA,2,2,5,3630,0,1,3,NA,2,071,SR-71 (S/B) (CHINO VALLEY FREEWAY),PIPELINE AVE,630,N,N,A,-,Y,NA,NA,71,NA,NA,NA,NA,NA,NA,Y,4,0,3,3,A,-,03,22350,NA,N,C,C,A,A,H,-,C,D,0,NA,NA,NA,NA,Y,NA,A,07,0,0,3,0,0,0,0,0,0,-,-,33.991031646728516,-117.71723175048828,SAN BERNARDINO,CHINO HILLS,-117.71715545654295,33.99110412597656
91614368,2021,2021-11-03,9855,2021-08-17,1703,015919,NA,2,2,9,3600,0,1,1,NA,2,101,I-10 E/B (SAN BERNARDINO FWY),VALLEY BOULEVARD,300,E,N,A,-,Y,NA,NA,10,NA,NA,NA,NA,NA,E,Y,4,0,1,2,A,-,03,22350,NA,F,C,C,A,A,H,-,A,D,0,NA,NA,NA,NA,Y,NA,-,99,0,0,1,0,0,0,0,0,0,-,-,34.06740951538086,-117.51600646972656,SAN BERNARDINO,UNINCORPORATED,-117.51600646972656,34.0674934387207
91614606,2021,2021-11-03,9850,2021-10-25,1715,022386,NA,1,2,5,3612,0,1,1,NA,2,084,I-15 S/B,STODDARD WELLS RD,1573,N,N,C,-,Y,NA,NA,15,NA,NA,NA,NA,NA,S,N,4,0,1,1,A,-,08,22107,NA,N,E,8,A,B,H,-,A,D,0,NA,NA,NA,NA,Y,NA,A,08,0,0,1,0,0,0,0,0,0,-,-,34.558528900146484,-117.28752136230467,SAN BERNARDINO,VICTORVILLE,-117.28739166259766,34.55846405029297
91615280,2021,2021-11-03,9865,2021-10-22,1442,014696,NA,5,2,9,3600,0,1,3,NA,1,022,SR-18,FOREST SERVICE ROAD 1N96,1056,S,N,A,-,Y,NA,NA,18,NA,NA,NA,NA,NA,NA,Y,3,0,1,1,A,-,01,23152,A,N,E,8,A,A,H,-,A,D,0,NA,NA,NA,NA,Y,Y,A,01,0,1,0,0,0,0,0,0,0,-,-,34.203269958496094,-117.0911865234375,SAN BERNARDINO,UNINCORPORATED,-117.0911865234375,34.20323944091797
91615288,2021,2021-11-03,9855,2021-10-27,2140,020913,NA,3,2,6,3607,0,1,1,NA,2,101,I-10 E/B (SAN BERNARDINO FWY),I-15 S/B,2270,W,N,A,-,Y,NA,NA,10,NA,NA,NA,NA,NA,E,Y,4,0,1,2,D,-,00,NA,NA,N,C,C,A,A,D,-,C,D,0,NA,NA,NA,NA,Y,NA,-,-,0,0,1,0,0,0,0,0,0,-,-,34.0672607421875,-117.55268096923828,SAN BERNARDINO,ONTARIO,-117.55268096923828,34.06734085083008
9161640,2020,2020-10-22,3600,2020-08-04,0700,E8738,CH065,2,5,5,3630,0,0,0,NA,0,CH2,LOS SERRANOS COUNTRY CLUB DR,SWQUEL CANYON PKWY,500,N,N,A,-,N,NA,NA,NA,NA,NA,NA,NA,NA,NA,N,4,0,1,2,A,-,09,21804,A,N,D,G,A,A,H,-,A,D,0,NA,Y,NA,NA,Y,NA,A,01,0,0,1,0,0,0,1,0,0,-,-,NA,NA,SAN BERNARDINO,CHINO HILLS,-117.695315,33.963148
91618225,2021,2021-11-08,9860,2021-11-05,1801,022539,NA,5,2,9,3600,0,3,5,NA,2,002,NORTH 3RD AVENUE,48TH STREET,0,NA,Y,A,-,N,NA,NA,NA,NA,NA,NA,NA,NA,NA,Y,3,0,3,2,A,-,01,23152,A,N,D,C,A,A,H,-,C,A,0,NA,NA,NA,NA,Y,Y,A,01,0,1,2,0,0,0,0,0,0,-,-,34.17185974121094,-117.30489349365234,SAN BERNARDINO,UNINCORPORATED,-117.3048858642578,34.17180252075195
91619319,2021,2021-11-08,9855,2021-09-06,2011,015919,NA,1,2,6,3604,0,1,1,NA,2,101,I-10 E/B (SAN BERNARDINO FWY),CITRUS AVENUE,1100,W,N,A,-,Y,NA,NA,10,NA,NA,NA,NA,NA,E,Y,4,0,3,6,A,-,03,22350,NA,F,C,C,A,A,H,-,C,D,0,NA,NA,NA,NA,Y,NA,-,-,0,0,3,0,0,0,0,0,0,-,-,34.06663131713867,-117.45690155029295,SAN BERNARDINO,FONTANA,-117.45689392089844,34.06656265258789
91619769,2021,2021-11-09,9860,2021-11-02,1048,014829,NA,2,1,9,3600,0,1,1,NA,2,151,I-15 N/B,KENWOOD AVENUE,13728,N,N,A,-,Y,NA,NA,NA,NA,NA,NA,NA,NA,NA,Y,2,0,2,1,A,-,08,22107,NA,N,F,A,A,A,H,-,A,D,0,NA,NA,Y,NA,Y,NA,C,02,1,1,0,0,0,0,0,0,2,-,-,34.47782897949219,-117.57853698730467,SAN BERNARDINO,UNINCORPORATED,-117.42916870117188,34.23997116088867
91619851,2021,2021-11-09,9860,2021-11-04,1310,019429,NA,4,1,6,3610,0,1,1,NA,2,214,I-215 S/B,2ND ST,400,S,N,A,-,Y,NA,NA,215,NA,NA,NA,NA,NA,S,Y,4,0,1,2,A,-,08,22107,NA,N,B,C,A,A,H,-,A,D,0,NA,NA,NA,NA,Y,NA,D,22,0,0,1,0,0,0,0,0,0,-,-,34.10169982910156,-117.30211639404295,SAN BERNARDINO,SAN BERNARDINO,-117.30204010009766,34.1016960144043
91620033,2021,2021-11-09,9855,2021-11-01,1815,017506,NA,1,2,6,3616,0,1,1,NA,2,203,SR-210 W/B (FOOTHILL FWY),HAVEN AVE.,100,W,N,B,-,Y,NA,NA,210,NA,NA,NA,NA,NA,W,N,4,0,1,2,A,-,03,22350,NA,N,C,C,A,A,H,-,B,D,0,NA,NA,NA,NA,Y,NA,A,07,0,0,1,0,0,0,0,0,0,-,-,34.135948181152344,-117.57916259765624,SAN BERNARDINO,RANCHO CUCAMONGA,-117.57916259765624,34.135955810546875
91620904,2021,2021-11-09,9855,2021-10-31,1443,018212,NA,7,2,6,3607,0,1,1,NA,2,101,I-10 W/B (SAN BERNARDINO FREEWAY),I-15,750,E,N,A,-,Y,NA,NA,10,NA,NA,NA,NA,NA,W,Y,4,0,3,2,A,-,03,22350,NA,N,C,C,A,A,D,-,A,D,0,NA,NA,NA,NA,Y,NA,A,01,0,0,3,0,0,0,0,0,0,-,-,34.067649841308594,-117.5439910888672,SAN BERNARDINO,ONTARIO,-117.5439910888672,34.067501068115234
91622507,2021,2021-11-11,9860,2021-11-06,0625,016590,NA,6,1,9,3600,0,3,5,NA,2,002,MACY ST.,MESA ST.,0,NA,Y,A,-,N,NA,NA,NA,NA,NA,NA,NA,NA,NA,Y,4,0,2,2,A,-,09,21802,A,N,D,C,A,A,H,-,B,A,0,NA,NA,NA,NA,Y,NA,A,01,0,0,2,0,0,0,0,0,0,-,-,34.13954162597656,-117.33991241455078,SAN BERNARDINO,UNINCORPORATED,-117.33985137939452,34.13968276977539
91622727,2021,2021-11-11,9855,2021-11-01,1413,015919,NA,1,2,6,3607,0,1,1,NA,2,101,I-10 E/B (SAN BERNARDINO FWY),MILLIKEN AVE.,425,E,N,B,-,Y,NA,NA,10,NA,NA,NA,NA,NA,E,Y,4,0,1,3,A,-,03,22350,NA,N,C,C,A,A,D,-,A,D,0,NA,NA,NA,NA,Y,NA,A,01,0,0,1,0,0,0,0,0,0,-,-,34.06727981567383,-117.55629730224608,SAN BERNARDINO,ONTARIO,-117.55629730224608,34.0673713684082
9162277,2020,2020-10-24,3603,2020-08-25,0543,4813,CPD,2,5,4,3603,0,0,0,NA,0,002,E FAIRWAY DR,N CROSSROAD DR,700,W,N,A,-,N,NA,NA,NA,NA,NA,NA,NA,NA,NA,N,3,0,1,2,A,-,03,22350,NA,M,C,J,A,A,H,-,C,D,0,NA,NA,NA,NA,Y,NA,A,07,0,1,0,0,0,0,0,0,0,-,-,34.06867980957031,-117.31385803222656,SAN BERNARDINO,COLTON,-117.3064422607422,34.06854248046875
91626266,2021,2021-11-16,9865,2021-11-06,1457,021502,NA,6,2,9,3600,0,1,3,NA,2,021,STATE ROUTE 330,FORESTRY ROAD 1N09,10560,N,N,A,-,Y,NA,NA,330,NA,NA,NA,NA,NA,NA,Y,3,0,1,1,A,-,08,22107,NA,N,E,I,A,A,H,-,A,D,0,NA,NA,NA,NA,Y,NA,A,01,0,1,0,0,0,0,0,0,0,-,-,34.18737030029297,-117.14801025390624,SAN BERNARDINO,UNINCORPORATED,-117.14802551269533,34.18722915649414
91626275,2021,2021-11-16,9865,2021-11-03,1705,014696,NA,3,2,9,3600,0,2,4,NA,2,013,LAKE DRIVE,ROSE HILL DRIVE,345,W,N,A,-,N,NA,NA,NA,NA,NA,NA,NA,NA,NA,Y,3,0,1,1,A,-,01,23152,A,N,E,I,A,A,H,-,A,D,0,NA,NA,NA,NA,Y,Y,D,22,0,1,0,0,0,0,0,0,0,-,-,34.242408752441406,-117.28775787353516,SAN BERNARDINO,UNINCORPORATED,-117.28880310058594,34.24140548706055
91628231,2021,2021-11-18,9850,2021-11-10,1425,022361,NA,3,2,9,3600,0,1,3,NA,2,034,STATE ROUTE 18,BEAR VALLEY ROAD,0,NA,Y,A,-,Y,NA,NA,18,NA,NA,NA,NA,NA,NA,Y,4,0,2,2,A,-,09,21802,A,N,D,C,A,A,H,-,A,A,0,NA,NA,NA,NA,Y,NA,A,01,0,0,2,0,0,0,0,0,0,-,-,34.47372055053711,-117.12535095214844,SAN BERNARDINO,UNINCORPORATED,-117.12532806396484,34.4737663269043
91630564,2021,2021-11-19,9835,2021-11-14,0437,022612,NA,7,3,3,3601,0,1,1,NA,2,071,INTERSTATE 15 SOUTHBOUND TO STATE ROUTE 58 WESTBOU,STATE ROUTE 58,1848,N,N,A,-,Y,NA,NA,NA,NA,NA,NA,NA,NA,NA,Y,2,0,1,1,A,-,01,23152,A,N,E,8,A,A,H,-,C,D,0,NA,NA,NA,NA,Y,Y,A,01,1,0,0,0,0,0,0,0,0,-,-,34.52294921875,-117.42093658447266,SAN BERNARDINO,BARSTOW,-117.08351135253906,34.88493728637695
91630856,2021,2021-11-19,9860,2021-11-08,1600,021363,NA,1,2,6,3610,0,1,1,NA,2,104,I-10 W/B,TIPPECANOE AVE,1000,W,N,A,-,Y,NA,NA,10,NA,NA,NA,NA,NA,W,Y,4,0,2,3,A,-,03,22350,NA,N,C,C,A,A,H,-,A,D,0,NA,NA,NA,NA,Y,NA,A,07,0,0,2,0,0,0,0,0,0,-,-,34.06420135498047,-117.26423645019533,SAN BERNARDINO,SAN BERNARDINO,-117.26423645019533,34.06413269042969
91631114,2021,2021-11-22,9860,2021-11-09,0020,021149,NA,2,3,4,3603,0,1,1,NA,2,103,I-10 W/B,MT VERNON AVE,350,E,N,A,-,Y,NA,NA,10,NA,NA,NA,NA,NA,W,Y,4,0,1,1,A,-,08,22107,NA,N,E,I,A,A,H,-,D,D,0,NA,NA,NA,NA,Y,NA,A,01,0,0,1,0,0,0,0,0,0,-,-,34.065128326416016,-117.31246948242188,SAN BERNARDINO,COLTON,-117.31246948242188,34.06508255004883
91631657,2021,2021-11-22,9870,2021-11-11,1603,018467,NA,4,2,9,3600,0,1,3,NA,1,011,SR-62 (TWENTYNINE PALMS HWY.),PARADISE AVENUE,0,NA,Y,A,-,Y,NA,NA,62,NA,NA,NA,NA,NA,NA,Y,3,0,4,4,A,-,03,22350,NA,N,C,C,A,A,H,-,A,D,0,NA,NA,NA,NA,Y,NA,A,01,0,1,3,0,0,0,0,0,0,-,-,34.045631408691406,-116.5820770263672,SAN BERNARDINO,UNINCORPORATED,-116.58209228515624,34.0456428527832
91632585,2021,2021-11-22,9860,2021-09-24,1340,019725,NA,5,1,9,3600,0,1,1,NA,2,152,I-15 S/B,SR-138,3168,N,N,A,-,Y,NA,NA,15,NA,NA,NA,NA,NA,S,N,4,0,1,3,A,-,03,22350,NA,N,B,C,A,A,H,-,A,D,0,NA,NA,Y,NA,Y,NA,C,02,0,0,1,0,0,0,0,0,1,-,-,34.31925964355469,-117.48108673095705,SAN BERNARDINO,UNINCORPORATED,-117.48110961914063,34.319252014160156