CASE_ID,ACCIDENT_YEAR,PROC_DATE,JURIS,COLLISION_DATE,COLLISION_TIME,OFFICER_ID,REPORTING_DISTRICT,DAY_OF_WEEK,CHP_SHIFT,POPULATION,CNTY_CITY_LOC,SPECIAL_COND,BEAT_TYPE,CHP_BEAT_TYPE,CITY_DIVISION_LAPD,CHP_BEAT_CLASS,BEAT_NUMBER,PRIMARY_RD,SECONDARY_RD,DISTANCE,DIRECTION,INTERSECTION,WEATHER_1,WEATHER_2,STATE_HWY_IND,CALTRANS_COUNTY,CALTRANS_DISTRICT,STATE_ROUTE,ROUTE_SUFFIX,POSTMILE_PREFIX,POSTMILE,LOCATION_TYPE,RAMP_INTERSECTION,SIDE_OF_HWY,TOW_AWAY,COLLISION_SEVERITY,NUMBER_KILLED,NUMBER_INJURED,PARTY_COUNT,PRIMARY_COLL_FACTOR,PCF_CODE_OF_VIOL,PCF_VIOL_CATEGORY,PCF_VIOLATION,PCF_VIOL_SUBSECTION,HIT_AND_RUN,TYPE_OF_COLLISION,MVIW,PED_ACTION,ROAD_SURFACE,ROAD_COND_1,ROAD_COND_2,LIGHTING,CONTROL_DEVICE,CHP_ROAD_TYPE,PEDESTRIAN_ACCIDENT,BICYCLE_ACCIDENT,MOTORCYCLE_ACCIDENT,TRUCK_ACCIDENT,NOT_PRIVATE_PROPERTY,ALCOHOL_INVOLVED,STWD_VEHTYPE_AT_FAULT,CHP_VEHTYPE_AT_FAULT,COUNT_SEVERE_INJ,COUNT_VISIBLE_INJ,COUNT_COMPLAINT_PAIN,COUNT_PED_KILLED,COUNT_PED_INJURED,COUNT_BICYCLIST_KILLED,COUNT_BICYCLIST_INJURED,COUNT_MC_KILLED,COUNT_MC_INJURED,PRIMARY_RAMP,SECONDARY_RAMP,LATITUDE,LONGITUDE,COUNTY,CITY,POINT_X,POINT_Y
92159376,2023,2023-08-31,9860,2023-08-18,2223,022736,NA,5,3,9,3600,0,3,5,NA,2,002,MALLORY ST,STATE ST,40,E,N,A,-,N,NA,NA,NA,NA,NA,NA,NA,NA,NA,N,4,0,1,2,A,-,03,22350,NA,N,B,C,A,A,H,-,C,D,0,NA,NA,NA,NA,Y,NA,A,01,0,0,1,0,0,0,0,0,0,-,-,34.1432991027832,-117.33531188964844,SAN BERNARDINO,UNINCORPORATED,-117.33533477783205,34.143287658691406
92159704,2023,2023-08-31,9850,2023-08-22,905,017377,NA,2,1,9,3600,0,3,5,NA,2,005,GOODWIN DRIVE,BARKER ROAD,581,E,N,A,-,N,NA,NA,NA,NA,NA,NA,NA,NA,NA,N,3,0,1,1,A,-,08,22107,NA,N,F,A,A,A,H,-,A,D,0,NA,NA,Y,NA,Y,NA,C,06,0,1,0,0,0,0,0,0,1,-,-,34.45640182495117,-117.43930816650392,SAN BERNARDINO,UNINCORPORATED,-117.43956756591795,34.456321716308594
92159753,2023,2023-08-31,9855,2023-08-28,855,018313,NA,1,1,5,3602,0,1,3,NA,2,603,SR-60 W/B (POMONA FWY),RAMONA AVE,800,E,N,A,-,Y,SBD,NA,60,NA,R,1.553,H,NA,L,Y,4,0,3,5,A,-,03,22350,NA,N,C,C,A,A,H,-,A,D,0,NA,NA,NA,NA,Y,NA,A,01,0,0,3,0,0,0,0,0,0,-,-,34.03028106689453,-117.70359802246094,SAN BERNARDINO,CHINO,-117.70359802246094,34.03025817871094
92160237,2023,2023-08-31,9855,2023-08-29,1530,021006,NA,2,2,5,3602,0,1,3,NA,2,603,SR-60 W/B (POMONA FWY),BENSON AVENUE,1000,E,N,A,-,Y,SBD,NA,60,NA,R,3.063,H,NA,L,N,4,0,2,2,A,-,03,22350,NA,N,C,C,A,A,A,H,A,D,0,NA,NA,NA,NA,Y,NA,D,22,0,0,2,0,0,0,0,0,0,-,-,34.03036880493164,-117.6772918701172,SAN BERNARDINO,CHINO,-117.6772918701172,34.03044891357422
92160722,2023,2023-09-01,9860,2023-08-24,1210,019495,NA,4,1,9,3600,0,1,1,NA,2,102,I-10 E/B TO CEDAR AVE,CEDAR AVE,155,W,N,A,-,Y,NA,NA,NA,NA,NA,NA,NA,NA,NA,N,4,0,1,2,A,-,07,21658,A,F,B,C,A,A,H,-,A,D,0,NA,NA,NA,Y,Y,NA,D,22,0,0,1,0,0,0,0,0,0,-,-,34.06787109375,-117.3967514038086,SAN BERNARDINO,UNINCORPORATED,-117.3967514038086,34.06787109375
92161527,2023,2024-01-26,9860,2023-08-31,1715,022641,NA,4,2,5,3608,0,1,1,NA,2,104,I-10 EASTBOUND,ALABAMA ST,800,W,N,A,-,Y,SBD,NA,10,NA,NA,28.882,H,NA,R,N,4,0,1,2,A,-,07,21658,A,N,C,C,A,A,H,-,A,D,0,NA,NA,Y,NA,Y,NA,A,01,0,0,1,0,0,0,0,0,1,-,-,34.066558837890625,-117.21627807617188,SAN BERNARDINO,REDLANDS,-117.21627807617188,34.06647491455078
92162778,2023,2023-09-05,9865,2023-09-02,1455,021392,NA,6,2,9,3600,0,1,3,NA,2,015,SR-189,LODGE LN,65,E,N,B,C,Y,SBD,NA,189,NA,NA,1.679,H,NA,R,Y,4,0,1,2,A,-,05,21460,A,N,A,C,A,B,H,-,A,A,0,NA,NA,NA,NA,Y,NA,A,01,0,0,1,0,0,0,0,0,0,-,-,34.238948822021484,-117.2353286743164,SAN BERNARDINO,UNINCORPORATED,-117.23531341552734,34.23893356323242
92163907,2023,2023-09-06,9860,2023-08-29,1805,022319,NA,2,2,6,3610,0,1,3,NA,2,259,SR-259 S/B,HIGHLAND AVE.,450,S,N,A,-,Y,SBD,NA,259,NA,R,0.405,H,NA,L,Y,4,0,1,1,A,-,07,21658,A,N,E,8,A,A,H,-,A,D,0,NA,NA,NA,NA,Y,NA,A,01,0,0,1,0,0,0,0,0,0,-,-,34.13467025756836,-117.30271911621094,SAN BERNARDINO,SAN BERNARDINO,-117.30281829833984,34.134674072265625
92165578,2023,2023-09-08,9855,2023-09-02,308,021403,NA,6,3,6,3607,0,1,1,NA,2,103,I-10 E/B (SAN BERNARDINO FWY),4TH STREET,540,W,N,B,C,Y,SBD,NA,10,NA,NA,5.107,H,NA,R,Y,2,0,1,1,A,-,01,23152,A,N,E,J,A,B,D,-,D,D,0,NA,NA,NA,NA,Y,Y,A,01,1,0,0,0,0,0,0,0,0,-,-,34.07883834838867,-117.62554931640624,SAN BERNARDINO,ONTARIO,-117.62560272216795,34.07877731323242
92165664,2023,2023-09-08,9855,2023-08-28,730,017781,NA,1,1,9,3600,0,3,5,NA,2,001,MERRILL AVE.,POPLAR AVE.,0,NA,Y,A,-,N,NA,NA,NA,NA,NA,NA,NA,NA,NA,Y,3,0,1,2,A,-,12,22450,A,N,D,C,A,A,H,-,A,A,0,NA,NA,NA,NA,Y,NA,A,01,0,1,0,0,0,0,0,0,0,-,-,34.0920295715332,-117.46240997314452,SAN BERNARDINO,UNINCORPORATED,-117.46238708496094,34.0920524597168
92166528,2023,2023-09-11,9860,2023-09-06,825,019429,NA,3,1,4,3603,0,1,1,NA,2,214,I-215 S/B,IOWA AVE,250,S,N,A,-,Y,SBD,NA,215,NA,NA,0.349,H,NA,L,N,4,0,1,2,A,-,03,22350,NA,N,C,C,A,A,H,-,A,D,0,NA,NA,NA,NA,Y,NA,D,22,0,0,1,0,0,0,0,0,0,-,-,34.02349853515625,-117.3359832763672,SAN BERNARDINO,COLTON,-117.33601379394533,34.02352523803711
92167547,2023,2023-09-11,9860,2023-09-03,1050,021149,NA,7,1,9,3600,0,1,1,NA,2,151,I-15 S/B,CAJON BLVD,170,S,N,A,-,Y,SBD,NA,15,NA,NA,16.118,H,NA,L,Y,2,0,1,2,A,-,03,22350,NA,N,C,C,A,A,H,-,A,D,0,NA,NA,Y,NA,Y,NA,C,02,1,0,0,0,0,0,0,0,1,-,-,34.22148895263672,-117.41020965576172,SAN BERNARDINO,UNINCORPORATED,-117.41032409667967,34.22150802612305
92167595,2023,2023-09-11,9860,2023-09-06,2150,021451,NA,3,2,6,3610,0,1,1,NA,2,214,I-215 S/B,INLAND CENTER DR,30,S,N,A,-,Y,SBD,NA,215,NA,NA,5.56,H,NA,L,Y,4,0,1,2,A,-,07,21658,A,N,B,2,A,A,H,-,C,D,0,NA,NA,NA,NA,Y,NA,A,01,0,0,1,0,0,0,0,0,0,-,-,34.08483123779297,-117.3010711669922,SAN BERNARDINO,SAN BERNARDINO,-117.30094909667967,34.08488082885742
9216870,2021,2021-03-12,3602,2021-01-03,1828,3413,98,7,5,5,3602,0,0,0,NA,0,001,GRAND AV,ROSWELL AV,221,E,N,A,-,N,NA,NA,NA,NA,NA,NA,NA,NA,NA,N,3,0,1,2,B,-,22,NA,NA,F,B,B,-,-,H,-,C,A,0,Y,NA,NA,NA,Y,NA,A,01,0,1,0,0,1,0,0,0,0,-,-,34.000370025634766,-117.72000122070313,SAN BERNARDINO,CHINO,-117.72109985351563,34.00023651123047
9216875,2021,2021-03-15,3605,2021-01-06,1408,409,NA,3,5,4,3605,0,0,0,NA,0,NA,MONTE VISTA AV,MONTE VISTA  AV 10400 BLOCK,4,W,N,A,-,N,NA,NA,NA,NA,NA,NA,NA,NA,NA,Y,3,0,1,2,A,-,08,22107,NA,N,D,C,A,A,H,-,A,A,0,NA,NA,NA,NA,Y,NA,-,NA,0,1,0,0,0,0,0,0,0,-,-,NA,NA,SAN BERNARDINO,MONTCLAIR,NA,NA
92170216,2023,2023-09-14,9850,2023-08-12,109,023006,NA,6,3,5,3619,0,1,1,NA,2,081,I-15 NORTHBOUND,OAK HILL RD,500,N,N,A,-,Y,SBD,NA,15,NA,R,28.849,H,NA,R,Y,3,0,2,4,A,-,01,23152,A,N,C,C,A,A,D,-,D,A,0,NA,NA,NA,NA,Y,Y,A,01,0,1,1,0,0,0,0,0,0,-,-,34.3648681640625,-117.43084716796876,SAN BERNARDINO,HESPERIA,-117.43080902099608,34.36484146118164
92171189,2023,2023-09-15,9855,2023-09-08,1613,023007,NA,5,2,9,3600,0,3,5,NA,2,001,9600 BLOCK OF HEMLOCK AVENUE,SAN BERNARDINO AVE.,430,N,N,A,-,N,NA,NA,NA,NA,NA,NA,NA,NA,NA,N,4,0,1,2,A,-,09,21804,B,N,D,C,A,A,H,-,A,D,0,NA,NA,NA,NA,Y,NA,A,07,0,0,1,0,0,0,0,0,0,-,-,34.07878112792969,-117.47557830810548,SAN BERNARDINO,UNINCORPORATED,NA,NA
92171225,2023,2023-09-15,9860,2023-09-05,840,020002,NA,2,1,4,3603,0,1,1,NA,2,103,I-10 W/B TO I-215 S/B,HUNTS LN,1744,W,N,A,-,Y,NA,NA,NA,NA,NA,NA,NA,NA,NA,N,4,0,1,3,A,-,08,22107,NA,N,F,C,A,A,H,-,A,D,0,NA,NA,Y,NA,Y,NA,C,02,0,0,1,0,0,0,0,0,1,-,-,34.06438064575195,-117.29340362548828,SAN BERNARDINO,COLTON,-117.29340362548828,34.06438064575195
92171281,2023,2023-09-15,9855,2023-09-11,805,014637,NA,1,1,9,3600,0,3,5,NA,2,001,BEECH AVE,PINE AVE,0,NA,Y,B,-,N,NA,NA,NA,NA,NA,NA,NA,NA,NA,N,3,0,1,2,A,-,05,21650,NA,N,D,G,A,A,H,-,A,A,0,NA,Y,NA,NA,Y,NA,L,04,0,1,0,0,0,0,1,0,0,-,-,34.08705139160156,-117.47115325927734,SAN BERNARDINO,UNINCORPORATED,-117.4711685180664,34.087032318115234
9217191,2021,2021-03-13,3610,2021-01-05,2135,51181,NA,2,5,6,3610,0,0,0,NA,0,DAVID,E VICTORIA AV,RICHARDSON ST,879,E,N,A,-,N,NA,NA,NA,NA,NA,NA,NA,NA,NA,Y,2,0,1,1,A,-,08,22107,NA,N,E,I,A,A,H,-,C,D,0,NA,NA,NA,NA,Y,NA,A,07,1,0,0,0,0,0,0,0,0,-,-,NA,NA,SAN BERNARDINO,SAN BERNARDINO,-117.24954986572266,34.07429122924805
92172297,2023,2023-09-18,9855,2023-09-12,1746,015919,NA,2,2,6,3616,0,1,1,NA,2,204,SR-210 E/B (FOOTHILL FWY),ARCHIBALD AVENUE,800,W,N,A,-,Y,SBD,NA,210,NA,NA,5.817,H,NA,R,N,4,0,1,2,A,-,03,22350,NA,N,C,C,A,A,H,-,A,D,0,NA,NA,NA,NA,Y,NA,A,01,0,0,1,0,0,0,0,0,0,-,-,34.13505172729492,-117.5949935913086,SAN BERNARDINO,RANCHO CUCAMONGA,-117.59498596191406,34.13497543334961
92172845,2023,2023-09-18,9865,2023-09-17,1250,017808,NA,7,1,9,3600,0,1,3,NA,2,014,SR-138,PILOT ROCK RD,2640,E,N,A,-,N,NA,NA,NA,NA,NA,NA,NA,NA,NA,Y,3,0,1,2,A,-,05,21460,A,N,B,C,A,A,H,-,A,D,0,NA,NA,NA,NA,Y,NA,A,01,0,1,0,0,0,0,0,0,0,-,-,34.26422119140625,-117.28710174560548,SAN BERNARDINO,UNINCORPORATED,-117.28710174560548,34.26423263549805
92175724,2023,2023-09-21,9860,2023-09-17,752,020654,NA,7,1,9,3600,0,1,1,NA,2,102,I-10 W/B,CEDAR AVE,185,E,N,B,-,Y,SBD,NA,10,NA,R,18.526,H,NA,L,Y,3,0,1,3,A,-,03,22350,NA,N,C,C,A,A,D,E,A,D,0,NA,NA,NA,NA,Y,NA,A,01,0,1,0,0,0,0,0,0,0,-,-,34.06861877441406,-117.39552307128906,SAN BERNARDINO,UNINCORPORATED,-117.39552307128906,34.06861877441406
92176086,2023,2023-09-21,9855,2023-09-15,243,022890,NA,5,3,9,3600,0,1,1,NA,2,202,SR-210 W/B (FOOTHILL FWY),CHERRY AVE.,110,S,N,A,-,Y,SBD,NA,15,NA,NA,8.815,H,NA,R,Y,4,0,1,2,A,-,08,22107,NA,N,E,I,A,A,H,-,C,D,0,NA,NA,NA,Y,Y,NA,D,22,0,0,1,0,0,0,0,0,0,-,-,34.14196014404297,-117.48876953125,SAN BERNARDINO,UNINCORPORATED,-117.48880767822266,34.14199447631836
92177230,2023,2023-09-22,9850,2023-09-14,2025,020572,NA,4,2,9,3600,0,3,5,NA,2,002,MARIPOSA RD,JOSHUA ST,200,S,N,A,-,N,NA,NA,NA,NA,NA,NA,NA,NA,NA,N,3,0,1,1,A,-,08,22107,NA,N,F,A,A,A,H,-,D,D,0,NA,NA,Y,NA,Y,NA,C,02,0,1,0,0,0,0,0,0,1,-,-,34.40470886230469,-117.39450073242188,SAN BERNARDINO,UNINCORPORATED,-117.39461517333984,34.40462112426758
92178440,2023,2023-09-25,9835,2023-09-22,1900,023106,NA,5,2,9,3600,0,1,1,NA,2,074,INTERSTATE 15,AFTON ROAD,26400,N,N,A,-,Y,SBD,NA,15,NA,R,113.902,H,NA,R,Y,3,0,2,3,A,-,03,22350,NA,N,C,C,A,A,H,-,D,A,0,NA,NA,NA,NA,Y,NA,A,01,0,2,0,0,0,0,0,0,0,-,-,35.083518981933594,-116.37616729736328,SAN BERNARDINO,UNINCORPORATED,-116.37616729736328,35.08352279663086
92180388,2023,2023-09-26,9834,2023-09-24,1825,016564,NA,7,2,9,3600,0,1,1,NA,2,040,I-40 W/B,VAN WINKLE WASH,5280,W,N,A,-,Y,SBD,NA,40,NA,R,84.235,H,NA,L,N,4,0,1,2,A,-,07,21658,A,N,B,C,A,A,H,-,A,D,0,NA,NA,NA,NA,Y,NA,A,01,0,0,1,0,0,0,0,0,0,-,-,34.73200988769531,-115.57343292236328,SAN BERNARDINO,UNINCORPORATED,-115.57343292236328,34.7320671081543
9218211,2021,2021-03-18,3608,2021-01-18,1249,4342,NA,1,5,5,3608,0,0,0,NA,0,NA,CENTER ST,BROOKSIDE AV,0,NA,Y,A,-,N,NA,NA,NA,NA,NA,NA,NA,NA,NA,N,4,0,1,2,A,-,12,21453,A,N,D,C,A,A,H,-,A,A,0,NA,NA,NA,NA,Y,NA,A,01,0,0,1,0,0,0,0,0,0,-,-,NA,NA,SAN BERNARDINO,REDLANDS,-117.19100952148438,34.05246353149414
92182737,2023,2023-09-28,9850,2023-09-27,845,019278,NA,3,1,9,3600,0,3,5,NA,2,005,EL EVADO RD,DOS PALMAS RD,15,S,N,A,-,N,NA,NA,NA,NA,NA,NA,NA,NA,NA,N,4,0,1,2,A,-,03,22350,NA,N,C,C,A,A,H,-,A,A,0,NA,NA,NA,NA,Y,NA,A,01,0,0,1,0,0,0,0,0,0,-,-,34.499961853027344,-117.34674072265624,SAN BERNARDINO,UNINCORPORATED,-117.34676361083984,34.49946975708008
92183834,2023,2023-10-02,9860,2023-09-21,540,019495,NA,4,3,9,3600,0,1,1,NA,2,102,I-10 W/B,CEDAR AVE,2006,E,N,B,-,Y,SBD,NA,10,NA,R,18.876,H,NA,L,N,4,0,1,3,A,-,08,22107,NA,N,B,2,A,A,D,-,C,D,0,NA,NA,NA,NA,Y,NA,A,01,0,0,1,0,0,0,0,0,0,-,-,34.06827926635742,-117.38944244384766,SAN BERNARDINO,UNINCORPORATED,-117.38943481445313,34.06837844848633
92185550,2023,2023-10-02,9860,2023-09-21,2147,022539,NA,4,2,9,3600,0,1,1,NA,2,151,I-215 N/B,KENWOOD AVENUE,4752,S,N,A,-,Y,SBD,NA,215,NA,NA,17.993,H,NA,R,Y,3,0,1,2,A,-,08,22107,NA,N,B,C,A,A,H,-,C,D,0,NA,NA,NA,NA,Y,NA,A,01,0,1,0,0,0,0,0,0,0,-,-,34.228271484375,-117.41368103027344,SAN BERNARDINO,UNINCORPORATED,-117.4136199951172,34.228336334228516
92185629,2023,2023-10-02,9835,2023-09-22,1840,023106,NA,5,2,9,3600,0,1,1,NA,2,074,I 15 N/B,BASIN RD,20064,S,N,A,-,Y,SBD,NA,15,NA,R,116.616,H,NA,R,N,3,0,4,2,A,-,08,22107,NA,N,B,C,A,A,H,-,B,D,0,NA,NA,NA,NA,Y,NA,E,22,0,2,2,0,0,0,0,0,0,-,-,35.086849212646484,-116.32884216308594,SAN BERNARDINO,UNINCORPORATED,-116.32884216308594,35.086814880371094
92188293,2023,2023-10-02,9860,2023-09-23,1625,022439,NA,6,2,5,3608,0,1,1,NA,2,105,I-10 W/B,UNIVERSITY ST,200,W,N,A,-,Y,SBD,NA,10,NA,NA,31.861,H,NA,L,N,3,0,1,2,A,-,08,22107,NA,N,B,2,A,A,H,-,A,D,0,NA,NA,NA,NA,Y,NA,A,01,0,1,0,0,0,0,0,0,0,-,-,34.056861877441406,-117.16734313964844,SAN BERNARDINO,REDLANDS,-117.16729736328124,34.05691909790039
92191276,2023,2023-10-05,9860,2023-10-03,650,016590,NA,2,1,9,3600,0,1,1,NA,2,102,I-10 W/B,SIERRA AVE.,1999,E,N,A,-,Y,SBD,NA,10,NA,NA,16.647,H,NA,L,Y,3,0,2,4,A,-,03,22350,NA,N,C,C,A,A,H,-,A,D,0,NA,NA,NA,NA,Y,NA,A,01,0,1,1,0,0,0,0,0,0,-,-,34.0673713684082,-117.42832183837892,SAN BERNARDINO,UNINCORPORATED,-117.42832183837892,34.06741714477539
92192022,2023,2023-10-05,9830,2023-10-02,1048,019883,NA,1,1,9,3600,0,1,3,NA,1,061,SR-178,TRONA RD,10560,E,N,A,-,Y,SBD,NA,178,NA,NA,9.503,H,NA,R,Y,4,0,1,1,A,-,08,22107,NA,F,F,A,A,A,H,-,A,D,0,NA,NA,NA,NA,Y,NA,D,22,0,0,1,0,0,0,0,0,0,-,-,35.64970016479492,-117.47319793701172,SAN BERNARDINO,UNINCORPORATED,-117.47320556640624,35.64970397949219
92193061,2023,2023-10-06,9855,2023-09-29,45,022584,NA,5,3,6,3607,0,1,3,NA,2,601,SR-60 WB (POMONA FREEWAY),GROVE AVE.,2112,E,N,B,-,Y,SBD,NA,60,NA,R,6.411,H,NA,L,N,3,0,3,2,A,-,01,23152,A,N,C,C,A,A,H,-,D,D,0,NA,NA,NA,NA,Y,Y,A,01,0,1,2,0,0,0,0,0,0,-,-,34.030601501464844,-117.61898803710938,SAN BERNARDINO,ONTARIO,-117.61898803710938,34.030601501464844
92193419,2023,2023-10-06,9850,2023-09-06,2325,021205,NA,3,3,9,3600,0,1,3,NA,2,062,SR-2,DESERT FRONT RD,3696,S,N,A,-,Y,SBD,NA,2,NA,NA,3.467,H,NA,R,Y,1,1,0,1,A,-,08,22107,NA,N,E,I,A,A,H,-,D,D,0,NA,NA,NA,NA,Y,NA,D,22,0,0,0,0,0,0,0,0,0,-,-,34.36711120605469,-117.60334014892578,SAN BERNARDINO,UNINCORPORATED,-117.60337829589844,34.367095947265625
92194340,2023,2023-10-09,9855,2023-10-04,1754,023010,NA,3,2,6,3607,0,1,3,NA,2,601,SR-60 W/B (POMONA FWY),VINEYARD AVE.,2000,W,N,A,-,Y,SBD,NA,60,NA,R,6.477,H,NA,L,N,3,0,2,2,A,-,03,22350,NA,N,C,C,A,A,H,-,A,D,0,NA,NA,NA,NA,Y,NA,A,01,0,1,1,0,0,0,0,0,0,-,-,34.03071975708008,-117.61785125732422,SAN BERNARDINO,ONTARIO,-117.61785125732422,34.03060531616211
9219710,2020,2021-02-23,3609,2020-12-05,1953,9575,R1161,6,5,5,3609,0,0,0,NA,0,004,RIVERSIDE AV,MERRILL AV,0,NA,Y,A,-,N,NA,NA,NA,NA,NA,NA,NA,NA,NA,NA,4,0,1,2,A,-,05,21202,A,N,D,G,A,A,H,-,C,A,0,NA,Y,NA,NA,Y,NA,A,01,0,0,1,0,0,0,1,0,0,-,-,34.09226989746094,-117.37029266357422,SAN BERNARDINO,RIALTO,-117.37035369873048,34.092288970947266
92197159,2023,2023-10-12,9855,2023-10-01,415,022584,NA,7,3,6,3607,0,1,1,NA,2,152,I-15 N/B (ONTARIO FWY) FROM JURUPA ST,JURUPA ST,1320,N,N,A,-,Y,SBD,NA,15,NA,NA,1.281,H,NA,R,Y,3,0,1,1,A,-,08,22107,NA,N,E,8,A,A,H,-,C,D,0,NA,NA,NA,NA,Y,NA,D,22,0,1,0,0,0,0,0,0,0,-,-,34.05168151855469,-117.54817962646484,SAN BERNARDINO,ONTARIO,-117.54837036132813,34.05174255371094
92198909,2022,2023-10-13,9860,2022-11-01,0118,021342,NA,2,3,6,3610,0,1,1,NA,2,202,STATE ROUTE 210 EASTBOUND,SIERRA WAY,230,W,N,A,-,Y,SBD,NA,210,NA,R,23.795,H,NA,R,Y,4,0,1,2,A,-,03,22350,NA,N,D,C,A,A,H,-,D,D,0,NA,NA,NA,NA,Y,Y,A,01,0,0,1,0,0,0,0,0,0,-,-,34.145320892333984,-117.28597259521484,SAN BERNARDINO,SAN BERNARDINO,-117.28597259521484,34.14530944824219
92199031,2023,2023-10-16,9860,2023-10-10,1540,022319,NA,2,2,5,3609,0,1,1,NA,2,201,SR-210 W/B TO ALDER AVE.,ALDER AVE.,850,E,N,A,-,Y,SBD,NA,210,NA,NA,16.106,H,NA,L,N,4,0,1,2,A,-,03,22350,NA,N,C,C,A,A,H,-,A,D,0,NA,NA,NA,NA,Y,NA,A,01,0,0,1,0,0,0,0,0,0,-,-,34.13679885864258,-117.4155502319336,SAN BERNARDINO,RIALTO,-117.4155502319336,34.136539459228516
92199045,2023,2023-10-16,9860,2023-10-09,1210,017098,NA,1,1,9,3600,0,1,1,NA,2,151,I-15 N/B,CLEGHORN CANYON ROAD,2500,N,N,A,-,Y,SBD,NA,15,NA,R,18.724,H,NA,R,Y,4,0,1,2,A,-,08,22107,NA,N,B,C,A,A,H,-,A,D,0,NA,NA,NA,NA,Y,NA,A,01,0,0,1,0,0,0,0,0,0,-,-,34.28144836425781,-117.4521484375,SAN BERNARDINO,UNINCORPORATED,-117.45207977294922,34.28144836425781
92200457,2023,2023-10-17,9860,2023-10-08,318,022583,NA,7,3,6,3610,0,1,1,NA,2,216,I-215 S/B,BASELINE STREET,1109,S,N,A,-,Y,SBD,NA,215,NA,NA,7.867,H,NA,L,Y,4,0,1,2,A,-,03,22350,NA,N,C,C,A,A,H,-,D,D,0,NA,NA,NA,NA,Y,Y,A,01,0,0,1,0,0,0,0,0,0,-,-,34.11827850341797,-117.30288696289063,SAN BERNARDINO,SAN BERNARDINO,-117.30271911621094,34.11827850341797
92201264,2023,2023-10-17,9835,2023-10-15,1235,022794,NA,7,1,9,3600,0,1,1,NA,2,073,SB I-15,FIELD ROAD,1954,S,N,A,-,Y,SBD,NA,15,NA,R,103.254,H,NA,L,Y,4,0,2,3,A,-,03,22350,NA,N,C,2,A,A,H,-,A,D,0,NA,NA,NA,Y,Y,NA,D,22,0,0,2,0,0,0,0,0,0,-,-,35.008949279785156,-116.53740692138672,SAN BERNARDINO,UNINCORPORATED,-116.53743743896484,35.00900650024414
92203463,2023,2023-10-19,9855,2023-10-10,642,015461,NA,2,1,6,3607,0,1,3,NA,2,601,SR-60 E/B (POMONA FWY),ARCHIBALD AVENUE,289,E,N,A,-,Y,SBD,NA,60,NA,R,7.952,H,NA,R,Y,4,0,1,2,A,-,08,22107,NA,N,B,C,A,A,H,-,B,D,0,NA,NA,NA,Y,Y,NA,G,25,0,0,1,0,0,0,0,0,0,-,-,34.03047180175781,-117.59204864501952,SAN BERNARDINO,ONTARIO,-117.59204864501952,34.030521392822266
92203839,2023,2023-10-19,9855,2023-10-13,1802,015919,NA,5,2,5,3611,0,1,1,NA,2,203,SR-210 E/B (FOOTHILL FWY),BENSON AVENUE,1500,W,N,A,-,Y,SBD,NA,210,NA,NA,0.684,H,NA,R,N,4,0,1,2,A,-,03,22350,NA,N,C,C,A,A,H,-,A,D,0,NA,NA,NA,NA,Y,NA,D,22,0,0,1,0,0,0,0,0,0,-,-,34.13071060180664,-117.68335723876952,SAN BERNARDINO,UPLAND,-117.68336486816406,34.13071060180664
92205583,2023,2023-10-23,9860,2023-10-11,940,016536,NA,3,1,5,3608,0,1,1,NA,2,105,I-10 WESTBOUND,FORD ST.,190,E,N,B,-,Y,SBD,NA,10,NA,NA,33.194,H,NA,L,Y,4,0,1,2,A,-,07,21658,A,N,B,C,A,A,H,-,A,D,0,NA,NA,NA,Y,Y,NA,G,25,0,0,1,0,0,0,0,0,0,-,-,34.041019439697266,-117.15493774414063,SAN BERNARDINO,REDLANDS,-117.15491485595705,34.04103088378906
92207105,2023,2023-10-24,9860,2023-10-14,505,022723,NA,6,3,9,3600,0,1,1,NA,2,151,SR-138 E/B,WAGON TRAIN RD,1056,E,N,A,-,N,NA,NA,NA,NA,NA,NA,NA,NA,NA,Y,4,0,1,2,A,-,03,22350,NA,N,C,C,A,A,H,-,D,D,0,NA,NA,NA,NA,Y,NA,D,22,0,0,1,0,0,0,0,0,0,-,-,34.31217956542969,-117.46958160400392,SAN BERNARDINO,UNINCORPORATED,-117.46958160400392,34.312191009521484