CASE_ID,ACCIDENT_YEAR,PROC_DATE,JURIS,COLLISION_DATE,COLLISION_TIME,OFFICER_ID,REPORTING_DISTRICT,DAY_OF_WEEK,CHP_SHIFT,POPULATION,CNTY_CITY_LOC,SPECIAL_COND,BEAT_TYPE,CHP_BEAT_TYPE,CITY_DIVISION_LAPD,CHP_BEAT_CLASS,BEAT_NUMBER,PRIMARY_RD,SECONDARY_RD,DISTANCE,DIRECTION,INTERSECTION,WEATHER_1,WEATHER_2,STATE_HWY_IND,CALTRANS_COUNTY,CALTRANS_DISTRICT,STATE_ROUTE,ROUTE_SUFFIX,POSTMILE_PREFIX,POSTMILE,LOCATION_TYPE,RAMP_INTERSECTION,SIDE_OF_HWY,TOW_AWAY,COLLISION_SEVERITY,NUMBER_KILLED,NUMBER_INJURED,PARTY_COUNT,PRIMARY_COLL_FACTOR,PCF_CODE_OF_VIOL,PCF_VIOL_CATEGORY,PCF_VIOLATION,PCF_VIOL_SUBSECTION,HIT_AND_RUN,TYPE_OF_COLLISION,MVIW,PED_ACTION,ROAD_SURFACE,ROAD_COND_1,ROAD_COND_2,LIGHTING,CONTROL_DEVICE,CHP_ROAD_TYPE,PEDESTRIAN_ACCIDENT,BICYCLE_ACCIDENT,MOTORCYCLE_ACCIDENT,TRUCK_ACCIDENT,NOT_PRIVATE_PROPERTY,ALCOHOL_INVOLVED,STWD_VEHTYPE_AT_FAULT,CHP_VEHTYPE_AT_FAULT,COUNT_SEVERE_INJ,COUNT_VISIBLE_INJ,COUNT_COMPLAINT_PAIN,COUNT_PED_KILLED,COUNT_PED_INJURED,COUNT_BICYCLIST_KILLED,COUNT_BICYCLIST_INJURED,COUNT_MC_KILLED,COUNT_MC_INJURED,PRIMARY_RAMP,SECONDARY_RAMP,LATITUDE,LONGITUDE,COUNTY,CITY,POINT_X,POINT_Y
9226209,2021,2021-03-25,3609,2021-02-15,1952,02310,RI087,1,5,5,3609,0,0,0,NA,0,001,ALDER AV,BASELINE RD,40,N,N,A,-,N,NA,NA,NA,NA,NA,NA,NA,NA,NA,N,4,0,1,2,A,-,03,22350,A,N,C,C,A,A,H,-,C,A,0,NA,NA,NA,NA,Y,NA,A,01,0,0,1,0,0,0,0,0,0,-,-,34.121498107910156,-117.41840362548828,SAN BERNARDINO,RIALTO,-117.41840362548828,34.12144088745117
9226346,2021,2021-04-07,3600,2021-02-19,1309,I3867,VC002,5,5,5,3612,0,0,0,NA,0,VC1,MAJAVE DR,DEL RAY DR,0,NA,Y,A,-,N,NA,NA,NA,NA,NA,NA,NA,NA,NA,Y,3,0,2,2,A,-,03,22350,NA,N,C,C,A,A,H,-,A,A,0,NA,NA,NA,NA,Y,NA,A,01,0,1,1,0,0,0,0,0,0,-,-,NA,NA,SAN BERNARDINO,VICTORVILLE,NA,NA
92263556,2023,2023-12-15,9860,2023-12-14,1700,022843,NA,4,2,5,3608,0,1,1,NA,2,104,I-10 W/B,TIPPECANOE AVE,2112,W,N,A,-,Y,SBD,NA,10,NA,NA,25.849,H,NA,L,N,4,0,1,3,A,-,03,22350,NA,F,C,C,A,A,H,-,C,D,0,NA,NA,NA,NA,Y,NA,A,01,0,0,1,0,0,0,0,0,0,-,-,34.063880920410156,-117.26891326904295,SAN BERNARDINO,REDLANDS,-117.26891326904295,34.06394577026367
92266375,2023,2023-12-19,9835,2023-12-14,1450,022782,NA,4,2,9,3600,0,1,1,NA,2,077,I-15 N/B,NIPTON RD,12672,S,N,A,-,Y,SBD,NA,15,NA,NA,173.973,H,NA,R,Y,3,0,2,2,A,-,03,22350,NA,N,C,C,A,A,H,-,A,D,0,NA,NA,NA,NA,Y,NA,A,01,0,2,0,0,0,0,0,0,0,-,-,35.46546173095703,-115.48568725585938,SAN BERNARDINO,UNINCORPORATED,-115.48568725585938,35.46546173095703
92268346,2023,2023-12-21,9855,2023-12-10,1827,023027,NA,7,2,6,3607,0,1,1,NA,2,152,I-15 S/B (ONTARIO FWY),JURUPA ST,2200,N,N,A,-,Y,SBD,NA,15,NA,NA,1.446,H,NA,L,N,4,0,3,3,A,-,03,22350,NA,N,C,C,A,A,H,-,C,D,0,NA,NA,NA,NA,Y,NA,A,01,0,0,3,0,0,0,0,0,0,-,-,34.054019927978516,-117.54768371582033,SAN BERNARDINO,ONTARIO,-117.54763793945313,34.05400848388672
92269505,2023,2023-12-22,9850,2023-12-15,1330,022591,NA,5,1,9,3600,0,3,5,NA,2,005,DEL GADO RD,ANACAPA RD,0,NA,Y,A,-,N,NA,NA,NA,NA,NA,NA,NA,NA,NA,N,4,0,2,2,A,-,09,21804,A,N,D,C,A,A,H,-,A,A,0,NA,NA,NA,NA,Y,NA,A,01,0,0,2,0,0,0,0,0,0,-,-,34.50497055053711,-117.34269714355467,SAN BERNARDINO,UNINCORPORATED,-117.34271240234376,34.504981994628906
92272986,2023,2023-12-28,9855,2023-12-17,1220,017781,NA,7,1,6,3616,0,1,1,NA,2,152,I-15 S/B (ONTARIO FWY),FOOTHILL BLVD.,3100,N,N,B,-,Y,SBD,NA,15,NA,NA,5.893,H,NA,L,N,3,0,1,2,A,-,03,22350,NA,N,C,C,A,A,H,-,A,D,0,NA,NA,NA,NA,Y,NA,D,22,0,1,0,0,0,0,0,0,0,-,-,34.112579345703125,-117.5248565673828,SAN BERNARDINO,RANCHO CUCAMONGA,-117.52488708496094,34.11260223388672
92272995,2023,2023-12-28,9855,2023-12-12,1725,021006,NA,2,2,5,3602,0,1,3,NA,2,071,SR-71 N/B (CHINO FWY),CHINO HILLS PKWY.,1000,S,N,A,-,Y,SBD,NA,71,NA,R,4.102,H,NA,R,N,4,0,1,2,A,-,03,22350,NA,N,C,C,A,A,H,-,B,D,0,NA,NA,NA,NA,Y,NA,A,07,0,0,1,0,0,0,0,0,0,-,-,33.97652816772461,-117.69843292236328,SAN BERNARDINO,CHINO,-117.69858551025392,33.976356506347656
92275127,2023,2023-12-29,9855,2023-12-20,2033,015919,NA,3,2,5,3611,0,1,1,NA,2,203,SR-210 W/B (FOOTHILL FWY),MOUNTAIN AVENUE,400,W,N,C,-,Y,SBD,NA,210,NA,NA,1.404,H,NA,L,Y,4,0,1,2,A,-,03,22350,NA,N,E,I,A,B,F,-,C,D,0,NA,NA,NA,Y,Y,NA,A,01,0,0,1,0,0,0,0,0,0,-,-,34.134769439697266,-117.67198944091795,SAN BERNARDINO,UPLAND,-117.67198944091795,34.134803771972656
92277883,2023,2024-01-03,9860,2023-12-25,1515,022319,NA,1,2,6,3610,0,1,1,NA,2,202,SR-210 E/B,E ST.,100,E,N,B,-,Y,SBD,NA,210,NA,R,23.359,H,NA,R,N,4,0,1,2,A,-,08,22107,NA,N,B,2,A,A,H,-,A,D,0,NA,NA,NA,NA,Y,NA,A,01,0,0,1,0,0,0,0,0,0,-,-,34.14550018310547,-117.29363250732422,SAN BERNARDINO,SAN BERNARDINO,-117.29363250732422,34.14545440673828
92279077,2023,2024-01-04,9860,2023-12-20,2323,022890,NA,3,3,6,3610,0,1,1,NA,2,202,SR-210 W/B,I-215,1584,E,N,A,-,Y,SBD,NA,210,NA,R,22.209,H,NA,L,Y,3,0,1,2,A,-,08,22107,NA,F,B,2,A,A,H,-,C,D,0,NA,NA,NA,NA,Y,NA,A,01,0,1,0,0,0,0,0,0,0,-,-,34.145851135253906,-117.31369018554688,SAN BERNARDINO,SAN BERNARDINO,-117.31369018554688,34.14584732055664
92279376,2023,2024-01-04,9855,2023-12-21,1725,023010,NA,4,2,6,3607,0,1,1,NA,2,103,I-10 W/B (SAN BERNARDINO FWY),EUCLID AVE.,2300,E,N,B,-,Y,SBD,NA,10,NA,NA,3.915,H,NA,L,Y,4,0,1,2,A,-,03,22350,NA,N,C,C,A,A,D,-,A,D,0,NA,NA,NA,NA,Y,NA,A,01,0,0,1,0,0,0,0,0,0,-,-,34.08732986450195,-117.64334869384766,SAN BERNARDINO,ONTARIO,-117.6433334350586,34.08740234375
9228024,2021,2021-03-25,3611,2021-01-21,1421,2297,3611,4,5,5,3611,0,0,0,NA,0,004,FOOTHILL BL,2ND AV,40,E,N,A,-,N,NA,NA,NA,NA,NA,NA,NA,NA,NA,NA,3,0,1,2,A,-,03,22350,NA,N,C,C,A,A,H,-,A,A,0,NA,NA,Y,NA,Y,NA,C,02,0,1,0,0,0,0,0,0,1,-,-,NA,NA,SAN BERNARDINO,UPLAND,-117.6484375,34.10683822631836
92281193,2023,2024-01-08,9860,2023-12-26,2220,022906,NA,2,3,9,3600,0,1,1,NA,2,152,I-15 N/B TO SR-138,SR-138,177,S,N,A,-,Y,NA,NA,NA,NA,NA,NA,NA,NA,NA,Y,3,0,2,2,A,-,03,22350,NA,N,C,C,A,A,H,-,C,D,0,NA,NA,NA,NA,Y,NA,A,01,0,1,1,0,0,0,0,0,0,-,-,34.3114013671875,-117.47338104248048,SAN BERNARDINO,UNINCORPORATED,-117.47338104248048,34.3114013671875
92282701,2024,2024-01-09,9834,2024-01-02,1205,018343,NA,2,1,9,3600,0,1,2,NA,1,091,US-95,95 SBD 4.50,438,S,N,A,-,Y,SBD,NA,95,NA,NA,4.411,H,NA,R,Y,3,0,1,1,A,-,08,22107,NA,N,E,8,A,A,H,-,A,D,0,NA,NA,NA,NA,Y,NA,A,07,0,1,0,0,0,0,0,0,0,-,-,34.129451751708984,-114.51725006103516,SAN BERNARDINO,UNINCORPORATED,-114.51727294921876,34.129425048828125
92284037,2023,2024-01-10,9855,2023-12-12,805,021873,NA,2,1,6,3607,0,1,3,NA,2,601,SR-60 E/B,HAVEN AVENUE,1600,E,N,A,-,Y,SBD,NA,60,NA,R,9.21,H,NA,R,Y,3,0,1,2,A,-,03,22350,NA,N,C,C,A,A,D,-,A,D,0,NA,NA,NA,Y,Y,NA,A,07,0,1,0,0,0,0,0,0,0,-,-,34.027381896972656,-117.57070922851563,SAN BERNARDINO,ONTARIO,-117.57069396972656,34.027427673339844
92284709,2024,2024-01-11,9835,2024-01-09,2033,021482,NA,2,2,9,3600,0,1,1,NA,2,070,I-15 S/B,LENWOOD RD,5861,S,N,A,-,Y,SBD,NA,15,NA,NA,67.719,H,NA,L,Y,3,0,2,2,A,-,07,21658,A,N,D,C,A,A,H,-,D,D,0,NA,NA,NA,Y,Y,NA,G,25,0,2,0,0,0,0,0,0,0,-,-,34.83829116821289,-117.08956146240234,SAN BERNARDINO,UNINCORPORATED,-117.0895767211914,34.83829116821289
9228577,2021,2021-03-26,3600,2021-02-04,0014,H9020,HE,4,5,5,3619,0,0,0,NA,0,005,HESPERIA RD,YUCCA ST,0,NA,Y,A,-,N,NA,NA,NA,NA,NA,NA,NA,NA,NA,Y,4,0,1,1,A,-,01,23152,B,N,A,-,A,A,H,-,C,A,0,NA,NA,NA,NA,Y,Y,D,22,0,0,1,0,0,0,0,0,0,-,-,NA,NA,SAN BERNARDINO,HESPERIA,-117.30185699462892,34.42247009277344
92286104,2024,2024-01-12,9850,2024-01-07,1410,021162,NA,7,2,5,3619,0,1,1,NA,2,082,I-15 S/B,MAIN STREET,1380,N,N,A,-,Y,SBD,NA,15,NA,NA,34.284,H,NA,L,Y,3,0,4,4,A,-,03,22350,NA,N,C,C,A,A,D,-,A,D,0,NA,NA,NA,NA,Y,NA,A,07,0,4,0,0,0,0,0,0,0,-,-,34.43013000488281,-117.3778076171875,SAN BERNARDINO,HESPERIA,-117.37786102294922,34.43015670776367
92287198,2024,2024-01-15,9850,2024-01-08,1312,021162,NA,1,1,5,3612,0,1,1,NA,2,083,I-15 NORTHBOUND TO D STREET OFF RAMP,D STREET,20,S,N,A,-,Y,SBD,NA,18,NA,NA,96.463,H,NA,L,Y,3,0,1,2,A,-,03,22350,NA,N,C,C,A,A,H,-,A,A,0,NA,NA,NA,NA,Y,NA,A,07,0,1,0,0,0,0,0,0,0,-,-,34.54386901855469,-117.30020141601563,SAN BERNARDINO,VICTORVILLE,-117.3000717163086,34.54391098022461
92288361,2024,2024-01-16,9855,2024-01-01,850,021873,NA,1,1,5,3611,0,1,1,NA,2,103,I-10 E/B (SAN BERNARDINO FWY),MOUNTAIN AVE.,1400,E,N,B,-,Y,SBD,NA,10,NA,NA,2.627,H,NA,R,Y,3,0,2,2,A,-,01,23152,A,M,B,C,A,A,D,-,A,D,0,NA,NA,NA,NA,Y,Y,A,01,0,2,0,0,0,0,0,0,0,-,-,34.08708953857422,-117.66587066650392,SAN BERNARDINO,UPLAND,-117.66587066650392,34.08721160888672
92291793,2024,2024-01-19,9865,2024-01-14,1220,018881,NA,7,1,9,3600,0,1,3,NA,1,039,SR-38,SHAY ROAD,0,NA,Y,A,-,Y,SBD,NA,38,NA,NA,48.164,H,NA,R,N,4,0,2,2,A,-,12,22450,A,M,D,C,A,A,H,-,A,A,0,NA,NA,NA,NA,Y,NA,D,22,0,0,2,0,0,0,0,0,0,-,-,34.262691497802734,-116.82196807861328,SAN BERNARDINO,UNINCORPORATED,-116.82196807861328,34.26268005371094
92291948,2024,2024-01-19,9850,2024-01-12,755,021878,NA,5,1,9,3600,0,3,5,NA,2,006,SHEEP CREEK ROAD,NIELSON ROAD,528,S,N,A,-,N,NA,NA,NA,NA,NA,NA,NA,NA,NA,Y,4,0,3,2,A,-,03,22350,NA,N,C,C,A,A,H,-,A,D,0,NA,NA,NA,NA,Y,NA,D,22,0,0,3,0,0,0,0,0,0,-,-,34.41722869873047,-117.57254791259766,SAN BERNARDINO,UNINCORPORATED,-117.57243347167967,34.41755294799805
92293504,2023,2024-01-22,9860,2023-12-16,1730,023010,NA,6,2,9,3600,0,2,S,NA,2,904,LYTLE CREEK RD.,GREEN MOUNTAIN RD.,2370,S,N,A,-,N,NA,NA,NA,NA,NA,NA,NA,NA,NA,N,3,0,1,1,A,-,08,22107,NA,N,E,I,A,A,H,-,D,D,0,NA,NA,NA,NA,Y,NA,A,07,0,1,0,0,0,0,0,0,0,-,-,34.231971740722656,-117.48623657226563,SAN BERNARDINO,UNINCORPORATED,NA,NA
92293838,2024,2024-01-22,9850,2024-01-09,1130,021342,NA,2,1,5,3612,0,1,1,NA,2,083,I-15 N/B,MOJAVE DR,1162,S,N,A,-,Y,SBD,NA,15,NA,NA,41.793,H,NA,R,Y,3,0,1,2,A,-,08,22107,NA,N,B,C,A,A,H,-,A,D,0,NA,NA,NA,Y,Y,NA,A,01,0,1,0,0,0,0,0,0,0,-,-,34.525909423828125,-117.3171615600586,SAN BERNARDINO,VICTORVILLE,-117.31717681884766,34.525917053222656
92294917,2024,2024-01-23,9834,2024-01-15,138,018163,NA,1,3,9,3600,0,1,1,NA,2,040,I-40 EASTBOUND,40 SBD 96.50,400,W,N,A,-,Y,SBD,NA,40,NA,R,94.301,H,NA,R,Y,4,0,2,1,A,-,08,22107,NA,N,E,I,A,A,H,-,D,D,0,NA,NA,NA,NA,Y,NA,D,22,0,0,2,0,0,0,0,0,0,-,-,34.79169845581055,-115.41339111328124,SAN BERNARDINO,UNINCORPORATED,-115.41336822509766,34.79167556762695
9229582,2021,2021-03-23,3605,2021-02-02,1925,401,NA,2,5,4,3605,0,0,0,NA,0,NA,SAN BERNARDINO ST,CENTRAL AV,0,NA,Y,A,-,N,NA,NA,NA,NA,NA,NA,NA,NA,NA,Y,4,0,1,2,A,-,12,21453,A,N,D,C,A,A,H,-,C,A,0,NA,NA,NA,Y,Y,NA,F,26,0,0,1,0,0,0,0,0,0,-,-,NA,NA,SAN BERNARDINO,MONTCLAIR,-117.68961334228516,34.07767105102539
92296091,2023,2024-01-24,9855,2023-12-08,1750,023582,NA,5,2,6,3607,0,1,3,NA,2,601,SR-60 E/B (POMONA FWY),ARCHIBALD AVE,2640,W,N,A,-,Y,SBD,NA,60,NA,R,8.384,H,NA,R,N,4,0,1,2,A,-,07,21658,A,F,B,C,A,A,H,-,C,D,0,NA,NA,Y,NA,Y,Y,-,99,0,0,1,0,0,0,0,0,1,-,-,34.03055953979492,-117.58457183837892,SAN BERNARDINO,ONTARIO,-117.58457183837892,34.0305290222168
92297077,2024,2024-01-25,9855,2024-01-19,830,021543,NA,5,1,6,3616,0,1,1,NA,2,153,I-15 S/B (ONTARIO FWY),BASELINE RD.,1056,N,N,A,-,Y,SBD,NA,15,NA,NA,7.114,H,NA,L,N,3,0,1,3,A,-,03,22350,NA,N,C,C,A,A,H,-,A,D,0,NA,NA,NA,NA,Y,NA,A,08,0,1,0,0,0,0,0,0,0,-,-,34.12479019165039,-117.51009368896484,SAN BERNARDINO,RANCHO CUCAMONGA,-117.51016998291016,34.124855041503906
92297203,2024,2024-01-25,9860,2024-01-09,1757,022617,NA,2,2,9,3600,0,2,4,NA,1,410,VALLEY BLVD,LARCH AVE,12,E,N,A,-,N,NA,NA,NA,NA,NA,NA,NA,NA,NA,N,3,0,1,2,A,-,10,21950,A,N,G,B,C,A,H,-,C,A,0,Y,NA,NA,NA,Y,NA,D,22,0,1,0,0,1,0,0,0,0,-,-,34.07054138183594,-117.39201354980467,SAN BERNARDINO,UNINCORPORATED,-117.39205169677734,34.070491790771484
92297820,2024,2024-03-19,9835,2024-01-25,332,021482,NA,4,3,9,3600,0,1,1,NA,2,072,I-15 N/B,GHOST TOWN ROAD,5280,S,N,A,-,Y,SBD,NA,15,NA,NA,80.85,H,NA,R,Y,2,0,1,2,A,-,08,22107,NA,M,C,C,A,A,H,-,D,D,0,NA,NA,NA,NA,Y,NA,D,22,1,0,0,0,0,0,0,0,0,-,-,34.90102005004883,-116.90412902832033,SAN BERNARDINO,UNINCORPORATED,-116.90412902832033,34.901065826416016
9229808,2021,2021-03-29,3605,2021-02-04,1820,284,NA,4,5,4,3605,0,0,0,NA,0,NA,ARROW HWY,VERNON AV,98,E,N,A,-,N,NA,NA,NA,NA,NA,NA,NA,NA,NA,N,3,0,1,2,A,-,11,21954,A,N,G,B,D,A,H,-,C,A,0,Y,NA,NA,NA,Y,Y,N,60,0,1,0,0,1,0,0,0,0,-,-,NA,NA,SAN BERNARDINO,MONTCLAIR,-117.68601989746094,34.09233856201172
92299558,2024,2024-01-29,9860,2024-01-22,1419,019419,NA,1,2,6,3610,0,1,1,NA,2,214,I-215 S/B,3RD ST,528,N,N,B,C,Y,SBD,NA,215,NA,NA,7.047,H,NA,L,N,4,0,2,4,A,-,03,22350,NA,N,C,C,A,B,H,-,A,D,0,NA,NA,NA,Y,Y,NA,F,25,0,0,2,0,0,0,0,0,0,-,-,34.10612106323242,-117.30258178710938,SAN BERNARDINO,SAN BERNARDINO,-117.30252838134766,34.10612487792969
92302101,2024,2024-01-31,9855,2024-01-25,1855,022584,NA,4,2,6,3604,0,1,1,NA,2,101,I-10 W/B (SAN BERNARDINO FWY),ETIWANDA AVENUE,2112,W,N,A,-,Y,SBD,NA,10,NA,NA,10.719,H,NA,L,Y,4,0,1,2,A,-,08,22107,NA,M,B,C,A,A,H,-,C,D,0,NA,NA,NA,NA,Y,Y,-,99,0,0,1,0,0,0,0,0,0,-,-,34.06752014160156,-117.53130340576172,SAN BERNARDINO,FONTANA,-117.53130340576172,34.06745529174805
9230380,2021,2021-03-18,3604,2021-01-29,2221,1163,NA,5,5,6,3604,0,0,0,NA,0,NA,CHERRY AV,RT 210,0,NA,Y,A,-,Y,SBD,8,210,-,-,12.111,R,4,E,Y,4,0,2,2,A,-,12,21453,A,N,D,C,A,A,H,-,C,A,0,NA,NA,NA,NA,Y,NA,A,01,0,0,2,0,0,0,0,0,0,-,-,NA,NA,SAN BERNARDINO,FONTANA,-117.48526000976563,34.136287689208984
92310051,2024,2024-02-09,9835,2024-01-31,1717,021482,NA,3,2,9,3600,0,1,1,NA,2,047,I-40 W/B,CRUCERO RD,63360,E,N,A,-,Y,SBD,NA,40,NA,R,62.174,H,NA,L,Y,3,0,1,1,A,-,08,22107,NA,N,F,A,A,A,H,-,B,D,0,NA,NA,NA,Y,Y,NA,F,25,0,1,0,0,0,0,0,0,0,-,-,34.72454071044922,-115.95465087890624,SAN BERNARDINO,UNINCORPORATED,-115.95464324951172,34.72449493408203
92311380,2024,2024-02-12,9860,2024-02-03,2015,022679,NA,6,2,9,3600,0,1,1,NA,2,151,I-15,KENWOOD AVENUE,7392,N,N,B,-,Y,SBD,NA,15,NA,R,16.495,H,NA,L,Y,4,0,1,2,A,-,08,22107,NA,F,E,I,A,B,H,-,D,D,0,NA,NA,NA,NA,Y,NA,D,22,0,0,1,0,0,0,0,0,0,-,-,34.250728607177734,-117.44493865966795,SAN BERNARDINO,UNINCORPORATED,-117.44496154785156,34.25069046020508
92311975,2024,2024-02-12,9835,2024-02-10,825,022980,NA,6,1,9,3600,1,1,1,NA,2,073,I-15 NORTHBOUND,AFTON ROAD,12883,S,N,A,G,Y,SBD,NA,15,NA,R,109.145,H,NA,R,Y,3,0,1,1,A,-,08,22107,NA,N,E,I,A,A,H,-,A,D,0,NA,NA,NA,NA,Y,NA,H,13,0,1,0,0,0,0,0,0,0,-,-,35.048500061035156,-116.44590759277344,SAN BERNARDINO,UNINCORPORATED,-116.44608306884766,35.04867935180664
92312663,2024,2024-02-13,9860,2024-02-05,1440,019495,NA,1,2,9,3600,0,1,1,NA,2,151,I-15 S/B,GLEN HELEN PKY,5966,N,N,B,C,Y,SBD,NA,15,NA,NA,15.903,H,NA,L,Y,4,0,1,1,A,-,03,22350,NA,N,E,I,A,B,H,-,A,D,0,NA,NA,NA,NA,Y,NA,A,01,0,0,1,0,0,0,0,0,0,-,-,34.21841812133789,-117.41087341308594,SAN BERNARDINO,UNINCORPORATED,-117.41104888916016,34.218448638916016
92316974,2024,2024-02-19,9860,2024-02-17,555,020654,NA,6,3,9,3600,0,1,1,NA,2,106,I-10 W/B,YUCAIPA BLVD,2112,W,N,A,-,Y,SBD,NA,10,NA,NA,35.022,H,NA,L,Y,4,0,1,2,A,-,08,22107,NA,N,B,C,A,A,H,-,A,D,0,NA,NA,NA,NA,Y,NA,A,01,0,0,1,0,0,0,0,0,0,-,-,34.02838134765625,-117.12745666503906,SAN BERNARDINO,UNINCORPORATED,-117.12743377685548,34.0284423828125
92318043,2024,2024-02-20,9860,2024-02-19,2220,021638,NA,1,3,5,3608,0,1,1,NA,2,104,I-10 WESTBOUND TO SR-210 WESTBOUND,LUGONIA AVENUE,340,S,N,B,C,Y,SBD,NA,210,NA,R,32.937,H,NA,L,Y,4,0,1,1,A,-,03,22350,NA,N,E,8,A,B,H,-,D,D,0,NA,NA,NA,NA,Y,NA,A,01,0,0,1,0,0,0,0,0,0,-,-,34.06904983520508,-117.2002410888672,SAN BERNARDINO,REDLANDS,-117.20051574707033,34.06904983520508
92318238,2024,2024-02-20,9855,2024-02-12,1654,023010,NA,1,2,9,3600,0,3,5,NA,2,001,SAN BERNARDINO AVE. (13200 BLOCK),KAISER WAY,170,W,N,A,-,N,NA,NA,NA,NA,NA,NA,NA,NA,NA,N,4,0,1,2,A,-,03,22350,NA,N,C,C,A,A,D,-,A,A,0,NA,NA,NA,NA,Y,NA,D,22,0,0,1,0,0,0,0,0,0,-,-,34.07712173461914,-117.51901245117188,SAN BERNARDINO,UNINCORPORATED,-117.51895904541016,34.07708740234375
92319166,2024,2024-02-21,9865,2024-02-14,2353,021841,NA,3,3,9,3600,0,3,5,NA,2,002,GRASS VALLEY ROAD,GOLF COURSE ROAD,1360,S,N,A,-,N,NA,NA,NA,NA,NA,NA,NA,NA,NA,Y,4,0,1,1,A,-,01,23152,A,N,F,A,A,C,H,-,C,D,0,NA,NA,Y,NA,Y,Y,C,02,0,0,1,0,0,0,0,0,1,-,-,34.253108978271484,-117.2192611694336,SAN BERNARDINO,UNINCORPORATED,-117.21533966064452,34.26197814941406
92323961,2024,2024-02-27,9860,2024-02-08,421,023503,NA,4,3,6,3610,0,1,3,NA,2,259,SR-259 N/B,E ST,528,S,N,B,-,Y,SBD,NA,259,NA,NA,1.282,H,NA,R,Y,2,0,1,1,A,-,01,23152,F,N,E,8,A,B,H,-,C,D,0,NA,NA,NA,NA,Y,NA,A,01,1,0,0,0,0,0,0,0,0,-,-,34.14514923095703,-117.29712677001952,SAN BERNARDINO,SAN BERNARDINO,-117.297119140625,34.14509582519531
92324090,2024,2024-02-27,9834,2024-02-26,1530,013633,NA,1,2,9,3600,0,2,4,NA,1,031,NEEDLES HIGHWAY,AHA MACAV PARKWAY,5280,S,N,B,-,N,NA,NA,NA,NA,NA,NA,NA,NA,NA,Y,4,0,1,1,A,-,08,22107,NA,N,E,J,A,A,H,-,A,D,0,NA,NA,NA,NA,Y,NA,D,22,0,0,1,0,0,0,0,0,0,-,-,35.00086975097656,-114.66107940673828,SAN BERNARDINO,UNINCORPORATED,-114.66100311279295,35.0033073425293
92325516,2024,2024-02-28,9860,2024-02-21,527,019009,NA,3,3,5,3609,0,1,1,NA,2,201,SR-210 W/B TO RIVERSIDED AVE.,RIVERSIDE AVE,1129,E,N,B,C,Y,SBD,NA,210,NA,NA,18.928,H,NA,L,Y,3,0,1,1,A,-,03,22350,NA,N,E,8,A,B,H,-,C,D,0,NA,NA,NA,NA,Y,NA,D,22,0,1,0,0,0,0,0,0,0,-,-,34.13639831542969,-117.3662567138672,SAN BERNARDINO,RIALTO,-117.36624145507813,34.13620376586914
92326116,2024,2024-02-29,9860,2024-02-27,1530,016590,NA,2,2,9,3600,0,3,5,NA,2,002,ARDEN AVE.,DATE ST.,0,NA,Y,B,-,N,NA,NA,NA,NA,NA,NA,NA,NA,NA,N,4,0,1,3,A,-,09,21802,A,N,D,C,A,A,H,-,A,A,0,NA,NA,NA,NA,Y,NA,D,22,0,0,1,0,0,0,0,0,0,-,-,34.14126968383789,-117.23493957519533,SAN BERNARDINO,UNINCORPORATED,-117.23493194580078,34.141239166259766
92326179,2024,2024-02-29,9835,2024-02-27,2115,022218,NA,2,2,9,3600,0,1,3,NA,1,012,STATE ROUTE 58 EASTBOUND,LENWOOD RD,1795,E,N,A,-,Y,SBD,NA,58,NA,R,31.527,H,NA,R,Y,4,0,1,1,A,-,08,22107,NA,N,F,A,A,A,H,-,D,D,0,NA,NA,NA,NA,Y,NA,A,07,0,0,1,0,0,0,0,0,0,-,-,34.91202926635742,-117.09915924072266,SAN BERNARDINO,UNINCORPORATED,-117.09927368164063,34.9118766784668
92327842,2023,2024-03-01,9860,2023-10-02,2308,022890,NA,1,3,6,3610,0,1,1,NA,2,214,INTERSTATE 215,INLAND CENTER DRIVE,605,N,N,A,-,Y,SBD,NA,215,NA,NA,5.704,H,NA,R,N,1,1,0,2,A,-,08,22107,NA,N,B,C,A,A,H,-,C,D,0,NA,NA,Y,NA,Y,NA,C,02,0,0,0,0,0,0,0,1,0,-,-,34.08695983886719,-117.30181884765624,SAN BERNARDINO,SAN BERNARDINO,-117.30165100097656,34.08698654174805
92328223,2024,2024-03-04,9860,2024-03-02,38,022645,NA,6,3,9,3600,0,1,1,NA,2,151,I-15 N/B,GLEN HELEN PKY,2006,S,N,C,-,Y,SBD,NA,15,NA,NA,14.41,H,NA,R,N,4,0,1,2,A,-,07,21658,A,F,B,C,A,B,H,-,D,D,0,NA,NA,NA,NA,Y,NA,-,99,0,0,1,0,0,0,0,0,0,-,-,34.197669982910156,-117.41802215576172,SAN BERNARDINO,UNINCORPORATED,-117.4179916381836,34.19765853881836