CASE_ID,ACCIDENT_YEAR,PROC_DATE,JURIS,COLLISION_DATE,COLLISION_TIME,OFFICER_ID,REPORTING_DISTRICT,DAY_OF_WEEK,CHP_SHIFT,POPULATION,CNTY_CITY_LOC,SPECIAL_COND,BEAT_TYPE,CHP_BEAT_TYPE,CITY_DIVISION_LAPD,CHP_BEAT_CLASS,BEAT_NUMBER,PRIMARY_RD,SECONDARY_RD,DISTANCE,DIRECTION,INTERSECTION,WEATHER_1,WEATHER_2,STATE_HWY_IND,CALTRANS_COUNTY,CALTRANS_DISTRICT,STATE_ROUTE,ROUTE_SUFFIX,POSTMILE_PREFIX,POSTMILE,LOCATION_TYPE,RAMP_INTERSECTION,SIDE_OF_HWY,TOW_AWAY,COLLISION_SEVERITY,NUMBER_KILLED,NUMBER_INJURED,PARTY_COUNT,PRIMARY_COLL_FACTOR,PCF_CODE_OF_VIOL,PCF_VIOL_CATEGORY,PCF_VIOLATION,PCF_VIOL_SUBSECTION,HIT_AND_RUN,TYPE_OF_COLLISION,MVIW,PED_ACTION,ROAD_SURFACE,ROAD_COND_1,ROAD_COND_2,LIGHTING,CONTROL_DEVICE,CHP_ROAD_TYPE,PEDESTRIAN_ACCIDENT,BICYCLE_ACCIDENT,MOTORCYCLE_ACCIDENT,TRUCK_ACCIDENT,NOT_PRIVATE_PROPERTY,ALCOHOL_INVOLVED,STWD_VEHTYPE_AT_FAULT,CHP_VEHTYPE_AT_FAULT,COUNT_SEVERE_INJ,COUNT_VISIBLE_INJ,COUNT_COMPLAINT_PAIN,COUNT_PED_KILLED,COUNT_PED_INJURED,COUNT_BICYCLIST_KILLED,COUNT_BICYCLIST_INJURED,COUNT_MC_KILLED,COUNT_MC_INJURED,PRIMARY_RAMP,SECONDARY_RAMP,LATITUDE,LONGITUDE,COUNTY,CITY,POINT_X,POINT_Y
94565062,2025,2025-02-04,9860,2025-01-11,1300,020533,NA,6,1,3,3615,0,1,1,NA,2,104,I-10 W/B,MOUNTAIN VIEW AVE,200,W,N,G,-,Y,SBD,NA,10,NA,NA,27.268,H,NA,L,N,2,0,1,2,A,-,07,21658,A,F,B,C,A,A,H,-,A,D,0,NA,NA,Y,NA,Y,NA,D,22,1,0,0,0,0,0,0,0,1,-,-,34.06666946411133,-117.24443817138672,SAN BERNARDINO,LOMA LINDA,-117.24443817138672,34.06673812866211
94566015,2025,2025-02-05,9855,2025-01-29,933,015461,NA,3,1,6,3607,0,1,1,NA,2,152,I-15 S/B (ONTARIO FWY),JURUPA ST,996,N,N,B,-,Y,SBD,NA,15,NA,NA,1.215,H,NA,L,Y,4,0,2,3,A,-,03,22350,NA,N,C,C,A,A,H,-,A,D,0,NA,NA,NA,NA,Y,NA,-,-,0,0,2,0,0,0,0,0,0,-,-,34.0508918762207,-117.54914093017578,SAN BERNARDINO,ONTARIO,-117.54914855957033,34.0508918762207
9456649,2022,2022-07-06,3600,2022-05-21,0138,D3381,VC072,6,5,5,3612,0,0,0,NA,0,VC6,RT 395,MOJAVE DR,0,NA,Y,A,-,Y,SBD,8,395,-,-,12.6,H,-,N,Y,4,0,2,2,A,-,01,23152,A,N,C,C,A,-,H,-,A,A,0,NA,NA,NA,NA,Y,Y,A,01,0,0,2,0,0,0,0,0,0,-,-,34.52853012084961,-117.3994369506836,SAN BERNARDINO,VICTORVILLE,-117.39945220947266,34.52803421020508
9456720,2022,2022-07-08,3604,2022-05-28,2226,1356,NA,6,5,6,3604,0,0,0,NA,0,NA,FOOTHILL BL,SULTANA AV,1167,E,N,A,-,N,NA,NA,NA,NA,NA,NA,NA,NA,NA,N,2,0,1,2,A,-,11,21954,A,F,G,B,E,A,H,-,C,D,0,Y,NA,NA,NA,Y,NA,N,60,1,0,0,0,1,0,0,0,0,-,-,NA,NA,SAN BERNARDINO,FONTANA,-117.46512603759766,34.10652160644531
94569927,2025,2025-02-07,9860,2025-02-05,1515,016536,NA,3,2,5,3608,0,1,1,NA,2,104,I-10 EASTBOUND,RICHARDSON STREET,340,E,N,A,-,Y,SBD,NA,10,NA,NA,26.875,H,NA,R,Y,3,0,1,3,A,-,03,22350,NA,N,C,C,A,A,H,-,A,D,0,NA,NA,NA,NA,Y,NA,A,07,0,1,0,0,0,0,0,0,0,-,-,34.06642150878906,-117.2512664794922,SAN BERNARDINO,REDLANDS,-117.25128173828124,34.066490173339844
94571449,2025,2025-02-10,9855,2025-01-28,1750,018000,NA,2,2,6,3607,0,1,3,NA,2,601,SR-60 W/B (POMONA FWY),GROVE AVENUE,2439,E,N,A,-,Y,SBD,NA,60,NA,R,6.341,H,NA,L,Y,4,0,3,2,A,-,03,22350,NA,N,C,C,A,A,H,-,C,D,0,NA,NA,NA,NA,Y,NA,A,01,0,0,3,0,0,0,0,0,0,-,-,34.0306396484375,-117.62020874023438,SAN BERNARDINO,ONTARIO,-117.62020874023438,34.03059768676758
94573261,2025,2025-02-11,9860,2025-02-05,540,016575,NA,3,3,4,3603,0,1,1,NA,2,214,I-215 N/B,WASHINGTON ST. O/C,24,N,N,B,C,Y,SBD,NA,215,NA,NA,2.686,H,NA,R,Y,4,0,1,3,A,-,03,22350,NA,N,C,C,A,B,H,-,C,D,0,NA,NA,NA,NA,Y,NA,D,22,0,0,1,0,0,0,0,0,0,-,-,34.047550201416016,-117.30747222900392,SAN BERNARDINO,COLTON,-117.30747985839844,34.04755783081055
94573820,2025,2025-02-11,9860,2025-02-06,2230,022931,NA,4,3,6,3610,0,1,1,NA,2,216,I-215 N/B,SR-210,3432,N,N,B,C,Y,SBD,NA,215,NA,NA,10.707,H,NA,R,Y,4,0,2,1,A,-,03,22350,NA,N,E,I,A,B,H,-,C,D,0,NA,NA,NA,NA,Y,NA,A,01,0,0,2,0,0,0,0,0,0,-,-,34.15314865112305,-117.32418060302734,SAN BERNARDINO,SAN BERNARDINO,-117.3242416381836,34.15312576293945
94575059,2025,2025-02-12,9860,2025-02-10,1140,014963,NA,1,1,9,3600,0,3,5,NA,2,004,LINDEN AVE,MARYGOLD AVE,40,S,N,A,-,N,NA,NA,NA,NA,NA,NA,NA,NA,NA,N,4,0,2,2,A,-,03,22350,NA,N,C,C,A,A,H,-,A,D,0,NA,NA,NA,NA,Y,NA,A,01,0,0,2,0,0,0,0,0,0,-,-,34.07392883300781,-117.40086364746094,SAN BERNARDINO,UNINCORPORATED,-117.40080261230467,34.073951721191406
9457640,2022,2022-07-13,3610,2022-05-16,2200,51171,NA,1,5,6,3610,0,0,0,NA,0,COURTE,EAST HIGHLAND AV,N ELMWOOD DR,0,NA,Y,A,-,N,NA,NA,NA,NA,NA,NA,NA,NA,NA,Y,4,0,1,1,A,-,08,22107,NA,N,A,I,A,A,H,-,C,D,0,NA,NA,NA,NA,Y,NA,A,01,0,0,1,0,0,0,0,0,0,-,-,34.134830474853516,-117.25160217285156,SAN BERNARDINO,SAN BERNARDINO,-117.25087738037108,34.13585662841797
94578417,2024,2025-02-13,9860,2024-11-26,1151,019495,NA,2,1,4,3603,0,1,1,NA,2,214,I-215 N/B,WASHINGTON ST,475,N,N,A,-,Y,SBD,NA,215,NA,NA,2.79,H,NA,R,N,4,0,1,2,A,-,08,22107,NA,F,B,C,A,A,H,-,A,D,0,NA,NA,NA,NA,Y,NA,D,22,0,0,1,0,0,0,0,0,0,-,-,34.04854965209961,-117.3061065673828,SAN BERNARDINO,COLTON,-117.30609893798828,34.04854202270508
9458225,2022,2022-06-13,3600,2022-04-04,0812,G6721,AP009,1,5,5,3621,0,0,0,NA,0,AP3,YUCCA LOMA RD,KASANKA TRL,0,NA,Y,A,-,N,NA,NA,NA,NA,NA,NA,NA,NA,NA,Y,4,0,1,2,A,-,08,22107,NA,N,D,C,A,A,H,-,A,D,0,NA,NA,NA,NA,Y,NA,-,-,0,0,1,0,0,0,0,0,0,-,-,NA,NA,SAN BERNARDINO,APPLE VALLEY,-117.2541275024414,34.500221252441406
9458226,2022,2022-06-29,3600,2022-04-18,1316,G6721,AP008,1,5,5,3621,0,0,0,NA,0,AP3,BEAR VALLEY RD,IROQUOIS RD,0,NA,Y,A,-,N,NA,NA,NA,NA,NA,NA,NA,NA,NA,Y,4,0,1,2,A,-,04,21703,NA,N,C,C,A,A,H,-,A,D,0,NA,NA,NA,NA,Y,NA,A,01,0,0,1,0,0,0,0,0,0,-,-,NA,NA,SAN BERNARDINO,APPLE VALLEY,-117.21324157714844,34.471412658691406
94582265,2025,2025-02-18,9855,2025-02-10,1803,023529,NA,1,2,6,3616,0,1,1,NA,2,152,I-15 N/B (ONTARIO FWY),4TH ST,285,N,N,A,-,Y,SBD,NA,15,NA,NA,3.136,H,NA,R,N,4,0,1,2,A,-,03,22350,NA,N,C,C,A,A,H,-,D,D,0,NA,NA,NA,NA,Y,NA,D,22,0,0,1,0,0,0,0,0,0,-,-,34.0782585144043,-117.54459381103516,SAN BERNARDINO,RANCHO CUCAMONGA,-117.54473876953124,34.0782585144043
94583660,2025,2025-02-19,9855,2025-02-07,2115,023630,NA,5,2,6,3604,0,1,1,NA,2,201,SR-210 E/B (FOOTHILL FWY),SIERRA AVENUE,3151,W,N,A,-,Y,SBD,NA,210,NA,NA,14.314,H,NA,R,Y,3,0,2,2,A,-,01,23152,A,N,C,C,A,A,H,-,C,D,0,NA,NA,NA,NA,Y,Y,D,22,0,2,0,0,0,0,0,0,0,-,-,34.13616943359375,-117.44680786132813,SAN BERNARDINO,FONTANA,-117.44680786132813,34.13626480102539
9458408,2022,2022-06-14,3604,2022-05-21,2200,1303,NA,6,5,6,3604,0,0,0,NA,0,NA,MILLER AV,LOCUST AV,0,NA,Y,A,-,N,NA,NA,NA,NA,NA,NA,NA,NA,NA,N,4,0,1,2,A,-,12,22450,NA,N,D,C,A,A,H,-,C,D,0,NA,NA,NA,NA,Y,NA,A,07,0,0,1,0,0,0,0,0,0,-,-,NA,NA,SAN BERNARDINO,FONTANA,-117.4097137451172,34.11398696899414
94584385,2025,2025-02-19,9855,2025-02-10,1537,015461,NA,1,2,6,3607,0,1,1,NA,2,103,I-10 E/B (SAN BERNARDINO FWY),VINEYARD AVE,2095,W,N,A,-,Y,SBD,NA,10,NA,NA,5.701,H,NA,R,Y,3,0,1,3,A,-,03,22350,NA,M,B,C,A,A,H,-,A,D,0,NA,NA,Y,NA,Y,NA,C,02,0,1,0,0,0,0,0,0,1,-,-,34.073848724365234,-117.61701965332033,SAN BERNARDINO,ONTARIO,-117.61700439453124,34.0738639831543
94584910,2025,2025-02-28,9865,2025-02-18,2150,021229,NA,2,2,9,3600,0,1,3,NA,1,010,SR-18,2N40,2640,S,N,A,-,Y,SBD,NA,18,NA,R,14.264,H,NA,R,N,3,0,2,3,A,-,01,23152,A,F,B,C,A,A,H,-,D,D,0,NA,NA,NA,NA,Y,Y,A,07,0,1,1,0,0,0,0,0,0,-,-,34.221858978271484,-117.29119110107422,SAN BERNARDINO,UNINCORPORATED,-117.29119873046876,34.22184371948242
94585311,2025,2025-02-20,9860,2025-01-23,802,022723,NA,4,1,9,3600,0,2,4,NA,1,410,VALLEY BLVD,LOCUST AVE,10,E,N,A,-,N,NA,NA,NA,NA,NA,NA,NA,NA,NA,N,3,0,1,2,A,-,10,21950,A,N,G,B,B,A,H,-,A,A,0,Y,NA,NA,NA,Y,NA,A,01,0,1,0,0,1,0,0,0,0,-,-,34.070438385009766,-117.40939331054688,SAN BERNARDINO,UNINCORPORATED,-117.40948486328124,34.07046127319336
94585553,2025,2025-02-20,9855,2025-02-04,1210,017213,NA,2,1,6,3607,0,1,1,NA,2,152,I-15 S/B (ONTARIO FWY),JURUPA STREET,500,N,N,A,-,Y,SBD,NA,15,NA,NA,1.296,H,NA,L,N,4,0,1,3,A,-,07,21658,A,N,B,C,A,A,H,-,A,D,0,NA,NA,NA,Y,Y,NA,A,07,0,0,1,0,0,0,0,0,0,-,-,34.0519905090332,-117.54862213134766,SAN BERNARDINO,ONTARIO,-117.54861450195313,34.05198669433594
9458603,2022,2022-06-29,3608,2022-05-02,2200,4888,NA,1,5,5,3608,0,0,0,NA,0,NA,TENNESSEE ST,PIONEER,0,NA,Y,A,-,N,NA,NA,NA,NA,NA,NA,NA,NA,NA,N,3,0,1,3,A,-,06,21751,NA,F,B,G,A,A,H,-,D,D,0,NA,Y,NA,NA,Y,NA,-,NA,0,1,0,0,0,0,1,0,0,-,-,NA,NA,SAN BERNARDINO,REDLANDS,-117.19754791259766,34.08099365234375
9458607,2022,2022-06-14,3608,2022-05-10,1404,3675,NA,2,5,5,3608,0,0,0,NA,0,NA,COLTON AV,OXFORD DR,0,NA,Y,A,-,N,NA,NA,NA,NA,NA,NA,NA,NA,NA,Y,3,0,4,1,A,-,03,22350,NA,N,E,I,A,A,H,-,A,D,0,NA,NA,NA,NA,Y,NA,A,07,0,1,3,0,0,0,0,0,0,-,-,NA,NA,SAN BERNARDINO,REDLANDS,-117.1760025024414,34.06281280517578
9458611,2022,2022-06-14,3608,2022-05-10,1953,4709,3608,2,5,5,3608,0,0,0,NA,0,NA,E OLIVE AV,SONORA ST,75,W,N,A,-,N,NA,NA,NA,NA,NA,NA,NA,NA,NA,Y,4,0,1,1,A,-,01,23152,A,N,E,I,A,A,H,-,C,A,0,NA,NA,NA,NA,Y,Y,A,08,0,0,1,0,0,0,0,0,0,-,-,NA,NA,SAN BERNARDINO,REDLANDS,-117.17938232421876,34.05445861816406
94588004,2025,2025-02-24,9870,2025-02-15,2329,022913,NA,6,3,9,3600,0,1,3,NA,1,011,SR-62 (TWENTYNINE PALMS HWY.),YUCCA PARK ROAD,570,W,N,A,-,Y,SBD,NA,62,NA,NA,7.498,H,NA,R,Y,3,0,1,1,A,-,03,22350,NA,N,E,8,A,A,H,-,D,D,0,NA,NA,NA,NA,Y,NA,A,01,0,1,0,0,0,0,0,0,0,-,-,34.1026611328125,-116.49452972412108,SAN BERNARDINO,UNINCORPORATED,-116.4945068359375,34.102630615234375
9458945,2022,2022-06-20,3610,2022-04-18,1930,24925,NA,1,5,6,3610,0,0,0,NA,0,POLICE,MEDICAL CENTER DR,BASELINE AV,370,N,N,A,-,N,NA,NA,NA,NA,NA,NA,NA,NA,NA,N,4,0,1,2,A,-,09,21804,B,N,D,G,A,B,-,-,B,D,0,NA,Y,NA,NA,Y,NA,D,23,0,0,1,0,0,0,1,0,0,-,-,34.127140045166016,-117.33429718017578,SAN BERNARDINO,SAN BERNARDINO,-117.32256317138672,34.12233352661133
94589604,2025,2025-02-25,9870,2025-02-24,925,022580,NA,1,1,9,3600,0,3,5,NA,2,003,RECHE RD,BORDER AVE,0,NA,Y,A,-,Y,NA,NA,NA,NA,NA,NA,NA,NA,NA,Y,4,0,1,1,A,-,03,22350,NA,N,E,J,A,A,H,-,A,D,0,NA,NA,NA,NA,Y,NA,D,22,0,0,1,0,0,0,0,0,0,-,-,34.26588821411133,-116.29891204833984,SAN BERNARDINO,UNINCORPORATED,-116.29891967773438,34.265987396240234
94590689,2025,2025-02-26,9860,2025-02-13,1325,019495,NA,4,1,9,3600,0,1,1,NA,2,151,I-15 S/B,KENWOOD AVE,2746,N,N,C,G,Y,SBD,NA,15,NA,R,15.514,H,NA,L,Y,4,0,1,1,A,-,03,22350,NA,N,F,A,A,B,H,-,A,D,0,NA,NA,NA,NA,Y,NA,A,01,0,0,1,0,0,0,0,0,0,-,-,34.24168014526367,-117.43193817138672,SAN BERNARDINO,UNINCORPORATED,-117.43196868896484,34.24164962768555
94590701,2025,2025-02-26,9830,2025-02-24,645,019883,NA,1,1,9,3600,0,1,3,NA,1,061,SR-178,TRONA RD,9504,W,N,A,-,Y,SBD,NA,178,NA,NA,5.517,H,NA,R,Y,3,0,1,1,A,-,08,22107,NA,N,E,I,A,A,H,-,B,D,0,NA,NA,NA,NA,Y,NA,A,01,0,1,0,0,0,0,0,0,0,-,-,35.64337921142578,-117.54280090332033,SAN BERNARDINO,UNINCORPORATED,-117.54280090332033,35.64338684082031
94590747,2025,2025-02-26,9855,2025-02-18,728,020216,NA,2,1,6,3616,0,1,1,NA,2,152,I-15 S/B (ONTARIO FWY),FOOTHILL BLVD.,1056,N,N,B,-,Y,SBD,NA,15,NA,NA,5.535,H,NA,L,N,3,0,1,2,A,-,07,21658,A,F,B,C,A,A,H,-,A,D,0,NA,NA,Y,NA,Y,NA,A,01,0,1,0,0,0,0,0,0,1,-,-,34.10871887207031,-117.52941131591795,SAN BERNARDINO,RANCHO CUCAMONGA,-117.52947998046876,34.1087760925293
94590777,2025,2025-02-26,9855,2025-02-15,1440,022984,NA,6,2,6,3607,0,1,1,NA,2,152,I-15 N/B TO I-10 E/B,ONTARIO MILLS PARKWAY,1000,S,N,A,-,Y,NA,NA,NA,NA,NA,NA,NA,NA,NA,Y,3,0,1,1,A,-,03,22350,NA,N,F,I,A,A,H,-,A,D,0,NA,NA,NA,NA,Y,NA,D,22,0,1,0,0,0,0,0,0,0,-,-,34.067039489746094,-117.54329681396484,SAN BERNARDINO,ONTARIO,-117.54476928710938,34.06959915161133
94591506,2025,2025-02-27,9860,2025-02-23,1305,020533,NA,7,1,9,3600,0,2,4,NA,1,410,VALLEY BLVD E/B,LINDEN AVE,18,E,N,A,-,N,NA,NA,NA,NA,NA,NA,NA,NA,NA,N,4,0,6,3,A,-,03,22350,NA,N,C,C,A,A,H,-,A,D,0,NA,NA,NA,NA,Y,NA,A,07,0,0,6,0,0,0,0,0,0,-,-,34.07044982910156,-117.4006118774414,SAN BERNARDINO,UNINCORPORATED,-117.40071105957033,34.07048034667969
94591817,2025,2025-02-27,9860,2025-02-17,140,022982,NA,1,3,5,3608,0,3,5,NA,2,003,CITRUS PLAZA DR,SAN BERNARDINO AVE,8,S,N,A,-,N,NA,NA,NA,NA,NA,NA,NA,NA,NA,N,3,0,1,1,A,-,08,22107,NA,N,E,I,A,A,H,-,D,A,0,NA,NA,NA,NA,Y,NA,D,22,0,1,0,0,0,0,0,0,0,-,-,34.077239990234375,-117.20197296142578,SAN BERNARDINO,REDLANDS,-117.20179748535156,34.077369689941406
94593122,2025,2025-02-28,9855,2025-02-21,1318,021006,NA,5,1,6,3604,0,1,1,NA,2,101,I-10 W/B (SAN BERNARDINO FWY),CITRUS AVENUE,2500,W,N,A,-,Y,SBD,NA,10,NA,NA,14.451,H,NA,L,Y,4,0,4,4,A,-,03,22350,NA,N,C,2,A,A,H,-,A,D,0,NA,NA,NA,NA,Y,NA,A,07,0,0,4,0,0,0,0,0,0,-,-,34.066471099853516,-117.46649169921876,SAN BERNARDINO,FONTANA,-117.46649169921876,34.066532135009766
94594673,2025,2025-03-03,9855,2025-02-15,311,022510,NA,6,3,6,3607,0,1,3,NA,2,603,SR-60 W/B (POMONA FWY),CENTRAL AVE,310,W,N,A,-,Y,SBD,NA,60,NA,R,2.293,H,NA,R,N,4,0,1,2,A,-,03,22350,NA,F,C,C,A,A,H,-,D,D,0,NA,NA,NA,NA,Y,NA,A,01,0,0,1,0,0,0,0,0,0,-,-,34.03009033203125,-117.69074249267578,SAN BERNARDINO,ONTARIO,-117.69074249267578,34.030181884765625
94594976,2025,2025-03-03,9834,2025-02-20,100,020488,NA,4,3,9,3600,0,1,3,NA,1,062,STATE ROUTE 62 (SR-62),062 SBD 150.50,1073,E,N,A,-,Y,SBD,NA,62,NA,NA,105.649,H,NA,R,Y,1,1,0,1,A,-,08,22107,NA,N,E,I,A,A,H,-,D,D,0,NA,NA,NA,NA,Y,NA,D,22,0,0,0,0,0,0,0,0,0,-,-,34.09083938598633,-114.87682342529295,SAN BERNARDINO,UNINCORPORATED,-114.87680816650392,34.090877532958984
94595650,2025,2025-03-04,9860,2025-02-24,1016,014963,NA,1,1,3,3690,0,1,1,NA,2,214,I-215 S/B,NEWPORT AVE.,528,N,N,A,-,Y,SBD,NA,215,NA,NA,1.887,H,NA,L,Y,4,0,1,4,A,-,07,21658,A,N,B,2,A,A,H,-,A,D,0,NA,NA,NA,Y,Y,NA,A,01,0,0,1,0,0,0,0,0,0,-,-,34.04003143310547,-117.31816864013672,SAN BERNARDINO,GRAND TERRACE,-117.31816864013672,34.0400276184082
94595748,2025,2025-03-04,9860,2025-02-19,1605,024070,NA,3,2,9,3600,0,2,4,NA,2,411,CEDAR AVE,RANDALL AVE,5,S,N,A,-,N,NA,NA,NA,NA,NA,NA,NA,NA,NA,N,3,0,1,1,A,-,08,22107,NA,N,F,A,A,A,B,-,A,A,0,NA,NA,NA,NA,Y,NA,M,94,0,1,0,0,0,0,0,0,0,-,-,34.084869384765625,-117.39658355712892,SAN BERNARDINO,UNINCORPORATED,-117.39649963378906,34.08494567871094
94597628,2025,2025-03-05,9855,2025-02-27,845,016590,NA,4,1,6,3604,0,1,1,NA,2,153,I-15 S/B (ONTARIO FREEWAY),BEECH AVE.,2200,N,N,A,-,Y,SBD,NA,15,NA,NA,10.023,H,NA,L,Y,4,0,1,2,A,-,03,22350,NA,N,C,C,A,A,H,-,A,D,0,NA,NA,NA,NA,Y,NA,A,01,0,0,1,0,0,0,0,0,0,-,-,34.15476989746094,-117.47398376464844,SAN BERNARDINO,FONTANA,-117.47398376464844,34.15476989746094
94598663,2025,2025-03-11,9860,2025-02-18,850,024070,NA,2,1,4,3603,0,1,1,NA,2,214,I-215 N/B,IOWA AVE,528,N,N,A,-,Y,SBD,NA,215,NA,NA,0.551,H,NA,R,Y,4,0,2,6,A,-,03,22350,NA,M,B,C,A,A,H,-,A,D,0,NA,NA,NA,NA,Y,NA,A,01,0,0,2,0,0,0,0,0,0,-,-,34.02568054199219,-117.3337631225586,SAN BERNARDINO,COLTON,-117.33377838134766,34.025691986083984
94598718,2025,2025-03-12,9850,2025-02-08,1215,024259,NA,6,1,5,3619,0,3,5,NA,2,002,RANCHERO RD,CATABA ROAD,25,E,N,A,-,N,NA,NA,NA,NA,NA,NA,NA,NA,NA,Y,4,0,3,2,A,-,03,22350,NA,N,C,C,A,A,H,-,A,A,0,NA,NA,NA,NA,Y,NA,A,01,0,0,3,0,0,0,0,0,0,-,-,34.3831787109375,-117.38609313964844,SAN BERNARDINO,HESPERIA,-117.38617706298828,34.38309860229492
94599693,2025,2025-03-17,9855,2025-02-28,1612,020620,NA,5,2,6,3607,0,1,1,NA,2,101,I-10 W/B (SAN BERNARDINO FWY),I-15 (ONTARIO FWY),1256,E,N,A,-,Y,SBD,NA,10,NA,NA,10.237,H,NA,L,Y,3,0,3,4,A,-,03,22350,NA,N,C,C,A,A,H,-,A,D,0,NA,NA,NA,NA,Y,NA,A,01,0,2,1,0,0,0,0,0,0,-,-,34.06748962402344,-117.53968811035156,SAN BERNARDINO,ONTARIO,-117.53968811035156,34.06747055053711
94601567,2025,2025-03-18,9870,2025-03-05,1330,019709,NA,3,1,9,3600,0,3,5,NA,2,003,QUAIL SPRINGS ROAD,PUEBLO TRAIL,500,N,N,A,-,N,NA,NA,NA,NA,NA,NA,NA,NA,NA,N,4,0,1,1,A,-,03,22350,NA,N,E,I,A,A,H,-,A,D,0,NA,NA,NA,NA,Y,NA,A,07,0,0,1,0,0,0,0,0,0,-,-,34.118438720703125,-116.31510925292967,SAN BERNARDINO,UNINCORPORATED,-116.31507873535156,34.11915588378906
94602332,2025,2025-03-18,9860,2025-03-03,1656,022539,NA,1,2,6,3604,0,1,1,NA,2,201,SR-210 E/B,ALDER AVE,1056,W,N,A,-,Y,SBD,NA,210,NA,NA,15.728,H,NA,R,Y,4,0,1,2,A,-,03,22350,NA,N,C,C,A,A,H,-,B,D,0,NA,NA,NA,NA,Y,NA,A,01,0,0,1,0,0,0,0,0,0,-,-,34.136260986328125,-117.4221420288086,SAN BERNARDINO,FONTANA,-117.4221420288086,34.136314392089844
94602364,2025,2025-03-18,9860,2025-03-05,2150,022539,NA,3,2,5,3609,0,1,1,NA,2,201,SR-210 E/B,AYALA DR,4224,W,N,B,C,Y,SBD,NA,210,NA,NA,16.651,H,NA,R,Y,4,0,1,1,A,-,03,22350,NA,N,E,I,A,B,H,-,D,D,0,NA,NA,NA,NA,Y,NA,A,01,0,0,1,0,0,0,0,0,0,-,-,34.13600158691406,-117.40603637695313,SAN BERNARDINO,RIALTO,-117.40603637695313,34.1360969543457
94607245,2025,2025-03-18,9860,2025-03-06,1107,021934,NA,4,1,9,3600,0,3,5,NA,2,002,CAJON BLVD,KENDALL DR,0,NA,Y,B,C,N,NA,NA,NA,NA,NA,NA,NA,NA,NA,N,4,0,1,2,A,-,09,21802,A,N,D,C,A,B,H,-,A,A,0,NA,NA,NA,NA,Y,NA,D,22,0,0,1,0,0,0,0,0,0,-,-,34.20751190185547,-117.38580322265624,SAN BERNARDINO,UNINCORPORATED,-117.38587951660156,34.20764923095703
9460799,2022,2022-07-13,3610,2022-05-02,1632,51257,NA,1,5,6,3610,0,0,0,NA,0,POLICE,E PUMALO ST,N DEL ROSA AV,0,NA,Y,A,-,N,NA,NA,NA,NA,NA,NA,NA,NA,NA,N,3,0,2,2,A,-,12,21453,A,N,D,C,A,A,H,-,A,A,0,NA,NA,NA,NA,Y,NA,A,01,0,1,1,0,0,0,0,0,0,-,-,NA,NA,SAN BERNARDINO,SAN BERNARDINO,-117.25241088867188,34.13855743408203
94608699,2025,2025-03-18,9855,2025-03-04,829,016146,NA,2,1,6,3604,0,1,1,NA,2,201,SR-210 W/B TO CHERRY AVE.,CHERRY AVE.,520,E,N,A,-,Y,NA,NA,NA,NA,NA,NA,NA,NA,NA,N,4,0,1,2,A,-,03,22350,NA,N,C,C,A,A,H,-,A,D,0,NA,NA,NA,NA,Y,NA,A,08,0,0,1,0,0,0,0,0,0,-,-,34.136878967285156,-117.48655700683594,SAN BERNARDINO,FONTANA,-117.48865509033205,34.136539459228516
9460899,2022,2022-08-17,3602,2022-03-16,1817,2798,NA,3,5,5,3602,0,0,0,NA,0,003,EL PRADO RD,CENTRAL AV,280,E,N,A,-,N,NA,NA,NA,NA,NA,NA,NA,NA,NA,NA,3,0,2,3,A,-,08,22107,NA,N,A,C,A,A,H,-,A,D,0,NA,NA,NA,Y,Y,NA,A,01,0,1,1,0,0,0,0,0,0,-,-,33.97636032104492,-117.68891143798828,SAN BERNARDINO,CHINO,-117.68800354003906,33.9763069152832
94608998,2025,2025-03-18,9855,2025-02-22,1858,022900,NA,6,2,6,3607,0,1,3,NA,2,601,SR-60 E/B (POMONA FWY),ARCHIBALD AVE,1700,E,N,A,-,Y,SBD,NA,60,NA,R,8.222,H,NA,R,Y,3,0,1,1,A,-,07,21658,A,N,F,I,A,A,H,-,C,D,0,NA,NA,Y,NA,Y,NA,C,02,0,1,0,0,0,0,0,0,1,-,-,34.030460357666016,-117.5873794555664,SAN BERNARDINO,ONTARIO,-117.5873794555664,34.03056335449219
94611982,2025,2025-03-20,9855,2025-03-18,700,016590,NA,2,1,6,3616,0,1,1,NA,2,203,SR-210 W/B (FOOTHILL FWY),HERMOSA AVE.,802,W,N,A,-,Y,SBD,NA,210,NA,NA,6.239,H,NA,L,Y,4,0,2,3,A,-,07,21658,A,N,B,C,A,A,H,-,A,D,0,NA,NA,Y,NA,Y,NA,A,07,0,0,2,0,0,0,0,0,1,-,-,34.135520935058594,-117.58760833740234,SAN BERNARDINO,RANCHO CUCAMONGA,-117.58761596679688,34.13559341430664