CASE_ID,ACCIDENT_YEAR,PROC_DATE,JURIS,COLLISION_DATE,COLLISION_TIME,OFFICER_ID,REPORTING_DISTRICT,DAY_OF_WEEK,CHP_SHIFT,POPULATION,CNTY_CITY_LOC,SPECIAL_COND,BEAT_TYPE,CHP_BEAT_TYPE,CITY_DIVISION_LAPD,CHP_BEAT_CLASS,BEAT_NUMBER,PRIMARY_RD,SECONDARY_RD,DISTANCE,DIRECTION,INTERSECTION,WEATHER_1,WEATHER_2,STATE_HWY_IND,CALTRANS_COUNTY,CALTRANS_DISTRICT,STATE_ROUTE,ROUTE_SUFFIX,POSTMILE_PREFIX,POSTMILE,LOCATION_TYPE,RAMP_INTERSECTION,SIDE_OF_HWY,TOW_AWAY,COLLISION_SEVERITY,NUMBER_KILLED,NUMBER_INJURED,PARTY_COUNT,PRIMARY_COLL_FACTOR,PCF_CODE_OF_VIOL,PCF_VIOL_CATEGORY,PCF_VIOLATION,PCF_VIOL_SUBSECTION,HIT_AND_RUN,TYPE_OF_COLLISION,MVIW,PED_ACTION,ROAD_SURFACE,ROAD_COND_1,ROAD_COND_2,LIGHTING,CONTROL_DEVICE,CHP_ROAD_TYPE,PEDESTRIAN_ACCIDENT,BICYCLE_ACCIDENT,MOTORCYCLE_ACCIDENT,TRUCK_ACCIDENT,NOT_PRIVATE_PROPERTY,ALCOHOL_INVOLVED,STWD_VEHTYPE_AT_FAULT,CHP_VEHTYPE_AT_FAULT,COUNT_SEVERE_INJ,COUNT_VISIBLE_INJ,COUNT_COMPLAINT_PAIN,COUNT_PED_KILLED,COUNT_PED_INJURED,COUNT_BICYCLIST_KILLED,COUNT_BICYCLIST_INJURED,COUNT_MC_KILLED,COUNT_MC_INJURED,PRIMARY_RAMP,SECONDARY_RAMP,LATITUDE,LONGITUDE,COUNTY,CITY,POINT_X,POINT_Y
9784748,2024,2025-02-28,3610,2024-12-15,2353,51525,NA,7,5,6,3610,0,0,0,NA,0,CHARLI,HIGHLAND AV,ROCKFORD AV,0,NA,Y,A,-,N,NA,NA,NA,NA,NA,NA,NA,NA,NA,N,3,0,1,2,A,-,10,21950,A,F,G,B,D,-,H,-,-,D,0,Y,NA,NA,NA,Y,NA,A,01,0,1,0,0,1,0,0,0,0,-,-,34.135799407958984,-117.22949981689452,SAN BERNARDINO,SAN BERNARDINO,-117.22881317138672,34.13583755493164
9784765,2024,2025-02-27,3610,2024-12-21,1710,51600,NA,6,5,6,3610,0,0,0,NA,0,DAVID,ARROWHEAD AV,RIALTO AV,0,NA,Y,A,-,N,NA,NA,NA,NA,NA,NA,NA,NA,NA,Y,3,0,1,2,A,-,08,22107,NA,N,A,C,A,A,H,-,B,A,0,NA,NA,NA,NA,Y,NA,A,01,0,1,0,0,0,0,0,0,0,-,-,NA,NA,SAN BERNARDINO,SAN BERNARDINO,-117.28964996337892,34.10084533691406
9784840,2024,2025-02-28,3610,2024-12-15,1136,51465,NA,7,5,6,3610,0,0,0,NA,0,NA,W KENDALL DR,N PALM AV,675,E,N,A,-,N,NA,NA,NA,NA,NA,NA,NA,NA,NA,N,3,0,1,2,A,-,09,21802,A,N,D,C,A,A,H,-,A,D,0,NA,NA,NA,NA,Y,NA,A,01,0,1,0,0,0,0,0,0,0,-,-,34.190338134765625,-117.36183166503906,SAN BERNARDINO,SAN BERNARDINO,-117.3591079711914,34.190711975097656
9786027,2023,2025-03-12,3600,2023-09-06,555,I4817,AD304,3,5,3,3613,0,0,0,NA,0,AD2,RT 395,RANCHO RD,1825,S,N,A,-,Y,SBD,8,395,-,-,14.44,H,-,N,Y,1,1,0,4,A,-,03,22350,NA,N,C,D,A,A,C,-,A,D,0,NA,NA,Y,NA,Y,NA,C,02,0,0,0,0,0,0,0,1,0,-,-,NA,NA,SAN BERNARDINO,ADELANTO,-117.403564453125,34.554237365722656
9786169,2024,2025-04-25,3610,2024-09-04,1839,51257,NA,3,5,6,3610,0,0,0,NA,0,NA,RT 18,OLD WATERMAN CANYON RD,1044,N,N,A,-,Y,NA,NA,NA,NA,NA,NA,NA,NA,NA,Y,1,1,0,1,A,-,08,22107,NA,N,F,J,A,A,H,-,A,D,0,NA,NA,Y,NA,Y,NA,C,02,0,0,0,0,0,0,0,1,0,-,-,NA,NA,SAN BERNARDINO,SAN BERNARDINO,-117.27687072753906,34.184051513671875
9787214,2025,2025-04-29,3600,2025-03-15,2032,H5849,YC406,6,5,4,3640,0,0,0,NA,0,YC3,YUCAIPA BL,17TH ST,0,NA,-,A,-,N,NA,NA,NA,NA,NA,NA,NA,NA,NA,Y,3,0,1,1,A,-,00,23123,A,N,E,I,A,A,H,-,C,D,0,NA,NA,NA,NA,Y,NA,A,01,0,1,0,0,0,0,0,0,0,-,-,34.03150177001953,-117.10640716552734,SAN BERNARDINO,YUCAIPA,-117.10745239257813,34.03105926513672
9787250,2025,2025-04-15,3604,2025-01-08,800,1496,NA,3,5,6,3604,0,0,0,NA,0,NA,SIERRA AV,RT 210,0,NA,Y,A,-,N,NA,NA,NA,NA,NA,NA,NA,NA,NA,Y,4,0,1,2,A,-,09,21800,NA,N,B,C,A,A,H,-,A,B,0,NA,NA,NA,NA,Y,NA,-,-,0,0,1,0,0,0,0,0,0,-,-,NA,NA,SAN BERNARDINO,FONTANA,-117.4360809326172,34.136199951171875
9788136,2025,2025-05-01,3600,2025-04-06,1803,H7582,RC014,7,5,6,3616,0,0,0,NA,0,RC6,CHURCH ST,TERRA VISTA PKWY,0,NA,Y,A,-,N,NA,NA,NA,NA,NA,NA,NA,NA,NA,Y,3,0,1,1,A,-,03,22350,NA,N,A,-,A,A,H,-,C,A,0,NA,NA,NA,NA,Y,NA,A,01,0,1,0,0,0,0,0,0,0,-,-,NA,NA,SAN BERNARDINO,RANCHO CUCAMONGA,-117.57258605957033,34.113609313964844
9788140,2025,2025-05-01,3600,2025-04-09,1234,I9526,HE409,3,5,5,3619,0,0,0,NA,0,HE4,MAIN ST,CHOICEANA AV,0,NA,Y,A,-,N,NA,NA,NA,NA,NA,NA,NA,NA,NA,Y,4,0,1,1,A,-,05,21650,NA,N,E,I,A,A,H,-,A,D,0,NA,NA,NA,NA,Y,NA,A,07,0,0,1,0,0,0,0,0,0,-,-,NA,NA,SAN BERNARDINO,HESPERIA,-117.25595855712892,34.414127349853516
9788413,2025,2025-05-01,3600,2025-03-08,2020,G8614,RC014,6,5,6,3616,0,0,0,NA,0,RC6,ROCHESTER AV,BASELINE RD,0,NA,Y,A,-,N,NA,NA,NA,NA,NA,NA,NA,NA,NA,Y,3,0,1,1,A,-,08,22107,NA,N,E,I,A,A,H,-,C,D,0,NA,NA,NA,NA,Y,NA,A,07,0,1,0,0,0,0,0,0,0,-,-,NA,NA,SAN BERNARDINO,RANCHO CUCAMONGA,-117.5454330444336,34.12155532836914
9788566,2025,2025-05-15,3600,2025-02-05,1511,E3918,RC028,3,5,6,3616,0,0,0,NA,0,002,BASELINE RD,HERMOSA AV,0,NA,Y,A,-,N,NA,NA,NA,NA,NA,NA,NA,NA,NA,Y,4,0,1,2,A,-,09,21801,NA,N,D,C,A,A,H,-,A,A,0,NA,NA,NA,NA,Y,NA,A,08,0,0,1,0,0,0,0,0,0,-,-,NA,NA,SAN BERNARDINO,RANCHO CUCAMONGA,-117.58468627929688,34.12152862548828
9788591,2025,2025-05-06,3600,2025-01-13,1707,F5499,RC058,1,5,6,3616,0,0,0,NA,0,RC4,9TH ST,CALAVERAS AV,0,NA,Y,A,-,N,NA,NA,NA,NA,NA,NA,NA,NA,NA,Y,3,0,1,2,A,-,09,21801,A,N,D,C,A,A,-,-,C,D,0,NA,NA,NA,NA,Y,NA,A,01,0,1,0,0,0,0,0,0,0,-,-,NA,NA,SAN BERNARDINO,RANCHO CUCAMONGA,-117.62722778320313,34.09577178955078
9788597,2025,2025-05-02,3600,2025-01-02,1957,F5130,RC036,4,5,6,3616,0,0,0,NA,0,RC4,HELLMAN AV,6TH ST,584,S,N,A,F,N,NA,NA,NA,NA,NA,NA,NA,NA,NA,Y,3,0,1,1,A,-,08,22107,NA,N,H,A,A,A,G,H,C,D,0,NA,NA,NA,NA,Y,NA,A,01,0,1,0,0,0,0,0,0,0,-,-,NA,NA,SAN BERNARDINO,RANCHO CUCAMONGA,-117.6022720336914,34.083248138427734
9788628,2025,2025-05-09,3600,2025-04-15,1644,D6899,HE131,2,5,5,3619,0,0,0,NA,0,HE5,3RD AV,YUCCA ST,0,NA,Y,A,-,N,NA,NA,NA,NA,NA,NA,NA,NA,NA,N,4,0,1,2,A,-,09,21802,A,N,D,C,A,A,H,-,A,A,0,NA,NA,NA,NA,Y,NA,A,07,0,0,1,0,0,0,0,0,0,-,-,NA,NA,SAN BERNARDINO,HESPERIA,-117.30651092529295,34.42318344116211
9788980,2025,2025-05-13,3600,2025-04-19,1031,J1624,VC068,6,5,5,3612,0,0,0,NA,0,VC6,CANTINA DR,BEAR VALLEY RD,32,N,N,A,-,N,NA,NA,NA,NA,NA,NA,NA,NA,NA,NA,4,0,1,3,A,-,03,22350,NA,N,B,C,A,A,H,-,A,A,0,NA,NA,NA,NA,Y,NA,A,01,0,0,1,0,0,0,0,0,0,-,-,NA,NA,SAN BERNARDINO,VICTORVILLE,-117.39507293701172,34.470436096191406
9789444,2025,2025-04-30,3600,2025-03-05,940,F4772,VC016,3,5,5,3612,0,0,0,NA,0,VC2,PALMDALE RD,GREEN TREE BL,166,W,N,A,-,N,NA,NA,NA,NA,NA,NA,NA,NA,NA,N,4,0,1,1,C,-,18,NA,NA,N,E,I,A,A,H,-,A,D,0,NA,NA,NA,NA,Y,NA,-,-,0,0,1,0,0,0,0,0,0,-,-,34.50886917114258,-117.3210220336914,SAN BERNARDINO,VICTORVILLE,NA,NA
9789511,2025,2025-04-22,3600,2025-03-07,650,G6203,HE206,5,5,5,3619,0,0,0,NA,0,HE2,CHOICEANA AV,LEMON ST,0,NA,Y,A,-,N,NA,NA,NA,NA,NA,NA,NA,NA,NA,N,4,0,1,1,A,-,05,21650,NA,N,E,I,A,A,H,-,A,D,0,NA,NA,NA,NA,Y,NA,D,22,0,0,1,0,0,0,0,0,0,-,-,NA,NA,SAN BERNARDINO,HESPERIA,-117.25080871582033,34.44211959838867
9790033,2025,2025-04-28,3604,2025-01-27,1952,1339,NA,1,5,6,3604,0,0,0,NA,0,NA,SIERRA LAKES PKWY,AUGUSTA DR,60,W,N,A,-,N,NA,NA,NA,NA,NA,NA,NA,NA,NA,Y,4,0,2,2,A,-,00,21352,A,N,A,C,A,A,H,-,C,A,0,NA,NA,NA,NA,Y,Y,A,07,0,0,2,0,0,0,0,0,0,-,-,NA,NA,SAN BERNARDINO,FONTANA,-117.45128631591795,34.13894271850586
9790133,2025,2025-05-06,3600,2025-03-20,449,I8703,RC027,4,5,6,3616,0,0,0,NA,0,RC2,ARCHIBALD AV,19TH ST,0,NA,Y,A,-,N,NA,NA,NA,NA,NA,NA,NA,NA,NA,Y,4,0,2,2,A,-,03,22350,NA,N,C,C,A,A,H,-,C,A,0,NA,NA,NA,Y,Y,NA,A,01,0,0,2,0,0,0,0,0,0,-,-,NA,NA,SAN BERNARDINO,RANCHO CUCAMONGA,-117.59364318847656,34.13271713256836
9790269,2025,2025-05-16,3600,2025-02-07,330,G9493,RC013,5,5,6,3616,0,0,0,NA,0,RC3,MILLIKEN AV,RT 210,0,NA,N,C,-,Y,SBD,8,210,-,-,8.089,R,4,W,N,3,0,1,2,D,-,00,NA,NA,M,H,G,A,B,H,-,-,A,0,NA,Y,NA,NA,Y,NA,-,-,0,1,0,0,0,0,1,0,0,-,WF,NA,NA,SAN BERNARDINO,RANCHO CUCAMONGA,-117.5553970336914,34.13664627075195
9790825,2025,2025-04-11,3600,2025-01-21,1539,I3302,AD107,2,5,3,3613,0,0,0,NA,0,AD1,RT 395,AIR EXPRESSWAY BL,100,S,N,A,-,Y,SBD,8,395,-,-,15.68,H,-,N,N,4,0,2,2,A,-,03,22350,NA,N,C,C,A,A,H,-,A,D,0,NA,NA,NA,NA,Y,NA,A,01,0,0,2,0,0,0,0,0,0,-,-,34.5719108581543,-117.40953826904295,SAN BERNARDINO,ADELANTO,-117.4094696044922,34.57162857055664
9791325,2025,2025-03-11,3603,2025-02-17,1451,4817,CPD,1,5,4,3603,0,0,0,NA,0,002,FAIRWAY DR,AWARD DR,0,NA,Y,A,-,N,NA,NA,NA,NA,NA,NA,NA,NA,NA,N,3,0,1,2,A,-,03,22350,NA,N,C,C,A,A,H,-,A,A,0,NA,NA,NA,NA,Y,NA,A,01,0,1,0,0,0,0,0,0,0,-,-,33.06861114501953,-117.30864715576172,SAN BERNARDINO,COLTON,-117.30864715576172,34.0685920715332
9793021,2025,2025-03-18,3600,2025-02-14,1201,J4651,VC023,5,5,5,3612,0,0,0,NA,0,VC03,HESPERIA RD,SILICA RD,0,NA,Y,A,-,N,NA,NA,NA,NA,NA,NA,NA,NA,NA,N,4,0,1,2,A,-,08,22107,NA,N,B,C,A,A,H,-,A,A,0,NA,NA,NA,NA,Y,NA,A,07,0,0,1,0,0,0,0,0,0,-,-,34.47821044921875,-117.29105377197266,SAN BERNARDINO,VICTORVILLE,-117.29105377197266,34.47822570800781
9793028,2025,2025-07-18,3600,2025-02-19,811,F4772,VC019,3,5,5,3612,0,0,0,NA,0,VC2,GREEN TREE BL,SAINT ANDREWS DR,281,E,N,A,-,N,NA,NA,NA,NA,NA,NA,NA,NA,NA,N,3,0,1,2,A,-,03,22350,NA,N,-,C,A,A,H,-,A,A,0,NA,NA,NA,NA,Y,NA,A,01,0,1,0,0,0,0,0,0,0,-,-,34.508079528808594,-117.31825256347656,SAN BERNARDINO,VICTORVILLE,-117.3184051513672,34.50801467895508
9793799,2025,2025-03-19,3600,2025-01-24,1011,F8556,RC017,5,5,6,3616,0,0,0,NA,0,005,HAVEN AV,4TH ST,29,N,N,A,-,N,NA,NA,NA,NA,NA,NA,NA,NA,NA,Y,4,0,1,2,A,-,03,22350,NA,N,C,C,A,A,H,-,A,A,0,NA,NA,NA,NA,Y,NA,A,08,0,0,1,0,0,0,0,0,0,-,-,NA,NA,SAN BERNARDINO,RANCHO CUCAMONGA,-117.57581329345705,34.07754135131836
9794231,2025,2025-03-24,3600,2025-03-03,1450,J1624,VC072,1,5,5,3612,0,0,0,NA,0,VC7,MOJAVE DR,COBALT RD,43,W,N,A,-,N,NA,NA,NA,NA,NA,NA,NA,NA,NA,Y,4,0,1,2,A,-,03,22350,NA,N,C,C,A,A,H,-,A,A,0,NA,NA,NA,NA,Y,NA,A,01,0,0,1,0,0,0,0,0,0,-,-,34.528419494628906,-117.37332153320313,SAN BERNARDINO,VICTORVILLE,-117.37319946289063,34.5284309387207
9794785,2025,2025-03-28,3610,2025-01-29,1636,51280,NA,3,5,6,3610,0,0,0,NA,0,DAVID,TIPPECANOE AV,SAN BERNARDINO AV,575,N,N,A,-,N,NA,NA,NA,NA,NA,NA,NA,NA,NA,Y,4,0,2,5,B,-,22,NA,NA,N,C,C,A,A,H,-,A,A,0,NA,NA,NA,NA,Y,NA,A,01,0,0,2,0,0,0,0,0,0,-,-,34.07752990722656,-117.25972747802734,SAN BERNARDINO,SAN BERNARDINO,-117.25980377197266,34.0790901184082
9794832,2025,2025-03-28,3610,2025-02-02,1415,51385,NA,7,5,6,3610,0,0,0,NA,0,ADAM,W 27TH ST,N FLORES ST,0,NA,Y,A,-,N,NA,NA,NA,NA,NA,NA,NA,NA,NA,N,4,0,3,2,A,-,09,21801,A,N,D,C,A,A,H,-,A,D,0,NA,NA,NA,NA,Y,NA,A,01,0,0,3,0,0,0,0,0,0,-,-,34.140708923339844,-117.3276824951172,SAN BERNARDINO,SAN BERNARDINO,-117.32769775390624,34.140682220458984
9794954,2025,2025-04-03,3610,2025-02-03,1732,51382,NA,1,5,6,3610,0,0,0,NA,0,BAKER,E ST,VIRGINIA ST,55,N,N,A,-,N,NA,NA,NA,NA,NA,NA,NA,NA,NA,N,3,0,1,2,A,-,09,21804,A,F,G,G,A,A,H,-,C,D,0,NA,Y,NA,NA,Y,NA,-,99,0,1,0,0,0,0,1,0,0,-,-,34.12520980834961,-117.29354095458984,SAN BERNARDINO,SAN BERNARDINO,-117.29418182373048,34.125099182128906
9795155,2025,2025-03-25,3600,2025-02-25,1720,F4772,VC068,2,5,5,3612,0,0,0,NA,0,VC6,COBALT RD,BLUE MESA CT,0,NA,Y,A,-,N,NA,NA,NA,NA,NA,NA,NA,NA,NA,N,4,0,1,2,A,-,08,22107,NA,N,D,C,A,A,H,-,B,D,0,NA,NA,NA,Y,Y,NA,A,01,0,0,1,0,0,0,0,0,0,-,-,NA,NA,SAN BERNARDINO,VICTORVILLE,-117.37312316894533,34.48162841796875
9796610,2025,2025-04-03,3610,2025-02-19,1414,51594,NA,3,5,6,3610,0,0,0,NA,0,BAKER,W 9TH ST,N D ST N,0,NA,Y,A,-,N,NA,NA,NA,NA,NA,NA,NA,NA,NA,Y,3,0,3,3,A,-,12,21453,A,N,D,C,A,A,H,-,A,A,0,NA,NA,NA,NA,Y,NA,A,01,0,2,1,0,0,0,0,0,0,-,-,NA,NA,SAN BERNARDINO,SAN BERNARDINO,-117.29188537597656,34.115760803222656
9797643,2025,2025-06-12,3610,2025-02-27,2044,51527,NA,4,5,6,3610,0,0,0,NA,0,BAKER,WEST HIGHLAND AV,RT 259,0,NA,Y,A,-,Y,SBD,8,259,-,R,0.372,R,4,S,N,4,0,2,2,A,-,12,21457,A,N,D,C,A,A,H,-,C,A,0,NA,NA,NA,NA,Y,NA,J,48,0,0,2,0,0,0,0,0,0,-,-,34.13602828979492,-117.30256652832033,SAN BERNARDINO,SAN BERNARDINO,-117.30284118652344,34.13419723510742
9797781,2025,2025-05-16,3608,2025-04-29,649,4903,NA,2,5,5,3608,0,0,0,NA,0,NA,CALIFORNIA ST,W REDLANDS BL,637,N,N,A,-,N,NA,NA,NA,NA,NA,NA,NA,NA,NA,Y,4,0,1,2,A,-,09,21801,A,N,D,C,A,A,H,-,A,A,0,NA,NA,NA,NA,Y,NA,A,01,0,0,1,0,0,0,0,0,0,-,-,NA,NA,SAN BERNARDINO,REDLANDS,-117.2260971069336,34.06480407714844
9798285,2025,2025-07-21,3608,2025-04-25,921,4943,NA,5,5,5,3608,0,0,0,NA,0,NA,W REDLANDS BL,ALABAMA ST,0,NA,Y,B,-,N,NA,NA,NA,NA,NA,NA,NA,NA,NA,Y,3,0,1,2,A,-,09,21804,NA,N,D,C,A,A,H,-,A,A,0,NA,NA,NA,NA,Y,NA,A,01,0,1,0,0,0,0,0,0,0,-,-,NA,NA,SAN BERNARDINO,REDLANDS,-117.20880126953124,34.0628662109375
9798513,2025,2025-06-10,3600,2025-05-27,730,H7754,YC103,2,5,4,3640,0,0,0,NA,0,YC1,OAK GLEN RD,CHAPMAN HEIGHTS RD,0,NA,Y,A,-,N,NA,NA,NA,NA,NA,NA,NA,NA,NA,Y,3,0,2,2,A,-,09,21801,A,N,D,C,A,A,H,-,A,A,0,NA,NA,NA,NA,Y,NA,A,01,0,1,1,0,0,0,0,0,0,-,-,NA,NA,SAN BERNARDINO,YUCAIPA,-117.06717681884766,34.0372428894043
9798963,2025,2025-06-25,3600,2025-05-05,2235,C4461,CH011,1,5,5,3630,0,0,0,NA,0,CH2,PEYTON DR,ORANGE GROVE AV,100,S,N,A,-,N,NA,NA,NA,NA,NA,NA,NA,NA,NA,Y,3,0,1,1,A,-,01,23153,A,N,E,I,A,A,H,-,C,D,0,NA,NA,NA,NA,Y,Y,A,01,0,1,0,0,0,0,0,0,0,-,-,NA,NA,SAN BERNARDINO,CHINO HILLS,-117.7325439453125,33.97993469238281
9798983,2025,2025-06-12,3600,2025-05-23,1709,G4509,CH065,5,5,5,3630,0,0,0,NA,0,CH4,SOQUEL CANYON PKWY,CYPRESS POINT DR,0,NA,Y,A,-,N,NA,NA,NA,NA,NA,NA,NA,NA,NA,Y,4,0,1,2,A,-,12,21453,NA,N,D,C,A,A,H,-,A,A,0,NA,NA,NA,NA,Y,NA,A,01,0,0,1,0,0,0,0,0,0,-,-,NA,NA,SAN BERNARDINO,CHINO HILLS,-117.70253753662108,33.95798873901367
9799336,2025,2025-07-01,3608,2025-05-13,1433,4298,3608,2,5,5,3608,0,0,0,NA,0,901,ALABAMA ST,REDLANDS BL,118,N,N,A,-,N,NA,NA,NA,NA,NA,NA,NA,NA,NA,N,3,0,1,2,A,-,00,21954,NA,M,B,B,E,A,H,-,A,A,0,Y,NA,NA,NA,Y,NA,N,60,0,1,0,0,1,0,0,0,0,-,-,NA,NA,SAN BERNARDINO,REDLANDS,-117.2087860107422,34.063194274902344
9799687,2025,2025-04-04,3610,2025-02-10,1230,51594,NA,1,5,6,3610,0,0,0,NA,0,BAKER,34TH ST,E ST,0,NA,Y,A,-,N,NA,NA,NA,NA,NA,NA,NA,NA,NA,Y,3,0,6,3,A,-,12,21453,A,N,A,D,A,A,H,-,A,A,0,NA,NA,NA,NA,Y,NA,A,01,0,1,5,0,0,0,0,0,0,-,-,34.15304946899414,-117.29405975341795,SAN BERNARDINO,SAN BERNARDINO,-117.29404449462892,34.15303039550781
9800305,2025,2025-04-15,3603,2025-03-09,1319,5213,CPD,7,5,4,3603,0,0,0,NA,0,003,N RANCHO AV,RT 10,0,NA,Y,A,-,N,NA,NA,NA,NA,NA,NA,NA,NA,NA,N,3,0,1,2,A,-,-,NA,NA,N,D,C,A,A,H,-,A,A,0,NA,NA,NA,NA,Y,NA,-,-,0,1,0,0,0,0,0,0,0,-,EF,NA,NA,SAN BERNARDINO,COLTON,-117.33580017089844,34.06755447387695
9801287,2025,2025-05-16,3600,2025-03-21,2355,G8165,VC060,5,5,5,3612,0,0,0,NA,0,VC6,RT 395,BEAR VALLEY RD,0,NA,Y,A,-,Y,SBD,8,395,-,-,8.74,H,-,S,Y,3,0,1,2,A,-,03,22350,NA,N,C,C,A,A,H,-,D,D,0,NA,NA,NA,Y,Y,NA,A,01,0,1,0,0,0,0,0,0,0,-,-,34.47209167480469,-117.39942932128906,SAN BERNARDINO,VICTORVILLE,-117.39949798583984,34.47208023071289
9801292,2025,2025-04-25,3600,2025-04-01,1805,F3800,YC106,2,5,4,3640,0,0,0,NA,0,YC1,YUCAIPA BL,4TH ST,225,W,N,B,-,N,NA,NA,NA,NA,NA,NA,NA,NA,NA,N,3,0,3,2,A,-,03,22350,NA,N,C,C,A,A,H,-,A,D,0,NA,NA,NA,NA,Y,NA,A,01,0,1,2,0,0,0,0,0,0,-,-,NA,NA,SAN BERNARDINO,YUCAIPA,-117.05262756347656,34.033870697021484
9801665,2025,2025-04-10,3610,2025-02-26,1819,51594,NA,3,5,6,3610,0,0,0,NA,0,ADAM,N CALIFORNIA ST,W WASHINGTON AV,8,E,N,A,-,N,NA,NA,NA,NA,NA,NA,NA,NA,NA,N,3,0,1,2,A,-,11,21956,A,N,G,B,D,A,H,-,D,D,0,Y,NA,NA,NA,Y,NA,N,60,0,1,0,0,1,0,0,0,0,-,-,NA,NA,SAN BERNARDINO,SAN BERNARDINO,-117.33110809326172,34.13412094116211
9803265,2025,2025-04-21,3605,2025-03-22,2105,507,NA,6,5,4,3605,0,0,0,NA,0,NA,CENTRAL AV,ARROW HWY,25,S,N,A,-,N,NA,NA,NA,NA,NA,NA,NA,NA,NA,N,3,0,3,2,A,-,01,23153,A,F,B,C,A,A,H,-,C,A,0,NA,NA,NA,NA,Y,Y,A,01,0,2,1,0,0,0,0,0,0,-,-,34.092369079589844,-117.68962097167967,SAN BERNARDINO,MONTCLAIR,-117.68971252441406,34.092262268066406
9804069,2025,2025-04-30,3610,2025-03-04,910,51546,NA,2,5,6,3610,0,0,0,NA,0,ADAM,NORTH ARROWHEAD AV,W RIALTO AV,0,NA,Y,A,-,N,NA,NA,NA,NA,NA,NA,NA,NA,NA,Y,4,0,2,2,A,-,12,21453,A,N,D,C,A,A,H,-,A,A,0,NA,NA,NA,NA,Y,NA,A,01,0,0,2,0,0,0,0,0,0,-,-,34.1008415222168,-117.28964233398438,SAN BERNARDINO,SAN BERNARDINO,-117.28964996337892,34.10084533691406
9804074,2025,2025-04-30,3610,2025-03-05,1616,51537,NA,3,5,6,3610,0,0,0,NA,0,CHARLI,GOLDEN AV,28TH ST,187,N,N,C,-,N,NA,NA,NA,NA,NA,NA,NA,NA,NA,Y,4,0,1,2,A,-,08,22107,NA,N,C,C,A,B,H,-,A,A,0,NA,NA,NA,NA,Y,Y,A,01,0,0,1,0,0,0,0,0,0,-,-,34.14131164550781,-117.2611083984375,SAN BERNARDINO,SAN BERNARDINO,-117.26112365722656,34.142784118652344
9804862,2025,2025-04-29,3603,2025-03-16,1300,4974,CPD,7,5,4,3603,0,0,0,NA,0,003,S RIVERSIDE AV,W AGUA MANSA RD,0,NA,Y,A,-,N,NA,NA,NA,NA,NA,NA,NA,NA,NA,Y,4,0,1,3,A,-,01,23153,A,N,D,C,A,A,H,-,A,A,0,NA,NA,NA,NA,Y,Y,A,01,0,0,1,0,0,0,0,0,0,-,-,34.038330078125,-117.3671417236328,SAN BERNARDINO,COLTON,-117.36715698242188,34.03829574584961
9805560,2025,2025-05-14,3600,2025-04-16,2000,D6899,HE208,3,5,5,3619,0,0,0,NA,0,HE2,PEACH AV,PACIFIC ST,70,S,N,A,-,N,NA,NA,NA,NA,NA,NA,NA,NA,NA,Y,3,0,3,3,A,-,05,21460,A,N,A,C,A,A,H,-,D,D,0,NA,NA,NA,NA,Y,NA,A,01,0,1,2,0,0,0,0,0,0,-,-,NA,NA,SAN BERNARDINO,HESPERIA,-117.25984954833984,34.43159484863281
9805710,2025,2025-05-19,3600,2025-04-04,1232,H6836,CH015,5,5,5,3630,0,0,0,NA,0,004,PEYTON DR,BOYS REPUBLIC,0,NA,Y,A,-,N,NA,NA,NA,NA,NA,NA,NA,NA,NA,Y,3,0,1,2,A,-,12,21453,A,N,D,C,A,A,H,-,A,A,0,NA,NA,NA,NA,Y,NA,A,01,0,1,0,0,0,0,0,0,0,-,-,33.99699020385742,-117.73274230957033,SAN BERNARDINO,CHINO HILLS,-117.73258972167967,33.996925354003906
9806996,2025,2025-05-23,3600,2025-04-28,1039,I9526,HE326,1,5,5,3619,0,0,0,NA,0,HE3,MARIPOSA RD,EDISON POLE #4443771E,40,S,N,A,-,N,NA,NA,NA,NA,NA,NA,NA,NA,NA,Y,2,0,1,1,A,-,05,21650,NA,N,E,I,A,A,H,-,A,D,0,NA,NA,NA,NA,Y,NA,D,22,1,0,0,0,0,0,0,0,0,-,-,NA,NA,SAN BERNARDINO,HESPERIA,NA,NA
9807583,2025,2025-05-30,3610,2025-03-28,1552,51349,NA,5,5,6,3610,0,0,0,NA,0,CHARLI,GOLDEN AV,LYNWOOD DR,220,S,N,B,-,N,NA,NA,NA,NA,NA,NA,NA,NA,NA,N,4,0,1,2,A,-,03,22350,NA,F,C,C,A,A,H,-,A,D,0,NA,NA,NA,NA,Y,NA,A,01,0,0,1,0,0,0,0,0,0,-,-,NA,NA,SAN BERNARDINO,SAN BERNARDINO,-117.26114654541016,34.146148681640625
9808489,2025,2025-08-14,3600,2025-07-10,1619,F7808,BL207,4,5,2,3680,0,0,0,NA,0,BL2,BIG BEAR BL,LAKEVIEW CENTER,166,N,N,A,-,Y,SBD,8,18,-,-,51.31,H,-,S,Y,3,0,1,2,A,-,09,21801,A,N,D,C,A,A,H,-,A,D,0,NA,NA,Y,NA,Y,NA,D,22,0,1,0,0,0,0,0,0,1,-,-,NA,NA,SAN BERNARDINO,BIG BEAR LAKE,-116.88462066650392,34.25289535522461
9808548,2025,2025-08-06,3600,2025-04-08,743,I1565,AP013,2,5,5,3621,0,0,0,NA,0,AP2,RT 18,CENTRAL RD,0,NA,Y,A,-,Y,SBD,8,18,-,-,87.88,H,-,S,Y,3,0,1,2,A,-,03,22350,NA,N,C,C,A,A,H,-,A,D,0,NA,NA,NA,NA,Y,NA,A,01,0,1,0,0,0,0,0,0,0,-,-,NA,NA,SAN BERNARDINO,APPLE VALLEY,-117.17291259765624,34.50060272216797