CASE_ID,ACCIDENT_YEAR,PROC_DATE,JURIS,COLLISION_DATE,COLLISION_TIME,OFFICER_ID,REPORTING_DISTRICT,DAY_OF_WEEK,CHP_SHIFT,POPULATION,CNTY_CITY_LOC,SPECIAL_COND,BEAT_TYPE,CHP_BEAT_TYPE,CITY_DIVISION_LAPD,CHP_BEAT_CLASS,BEAT_NUMBER,PRIMARY_RD,SECONDARY_RD,DISTANCE,DIRECTION,INTERSECTION,WEATHER_1,WEATHER_2,STATE_HWY_IND,CALTRANS_COUNTY,CALTRANS_DISTRICT,STATE_ROUTE,ROUTE_SUFFIX,POSTMILE_PREFIX,POSTMILE,LOCATION_TYPE,RAMP_INTERSECTION,SIDE_OF_HWY,TOW_AWAY,COLLISION_SEVERITY,NUMBER_KILLED,NUMBER_INJURED,PARTY_COUNT,PRIMARY_COLL_FACTOR,PCF_CODE_OF_VIOL,PCF_VIOL_CATEGORY,PCF_VIOLATION,PCF_VIOL_SUBSECTION,HIT_AND_RUN,TYPE_OF_COLLISION,MVIW,PED_ACTION,ROAD_SURFACE,ROAD_COND_1,ROAD_COND_2,LIGHTING,CONTROL_DEVICE,CHP_ROAD_TYPE,PEDESTRIAN_ACCIDENT,BICYCLE_ACCIDENT,MOTORCYCLE_ACCIDENT,TRUCK_ACCIDENT,NOT_PRIVATE_PROPERTY,ALCOHOL_INVOLVED,STWD_VEHTYPE_AT_FAULT,CHP_VEHTYPE_AT_FAULT,COUNT_SEVERE_INJ,COUNT_VISIBLE_INJ,COUNT_COMPLAINT_PAIN,COUNT_PED_KILLED,COUNT_PED_INJURED,COUNT_BICYCLIST_KILLED,COUNT_BICYCLIST_INJURED,COUNT_MC_KILLED,COUNT_MC_INJURED,PRIMARY_RAMP,SECONDARY_RAMP,LATITUDE,LONGITUDE,COUNTY,CITY,POINT_X,POINT_Y
9809419,2025,2025-05-09,3600,2025-02-18,1836,I4817,AD304,2,5,3,3613,0,0,0,NA,0,AD2,RANCHO RD,RT 395,0,NA,Y,A,-,Y,SBD,NA,395,NA,NA,14.783,H,NA,R,Y,3,0,1,2,A,-,01,23152,F,N,D,C,A,A,H,-,C,A,0,NA,NA,NA,NA,Y,NA,A,01,0,1,0,0,0,0,0,0,0,-,-,34.55923843383789,-117.40518951416016,SAN BERNARDINO,ADELANTO,-117.40525817871094,34.55922317504883
9810283,2025,2025-05-28,3600,2025-04-05,1401,J2651,VC066,6,5,5,3612,0,0,0,NA,0,VC05,MESA LINDA ST,SUNSET RD,0,NA,Y,A,-,N,NA,NA,NA,NA,NA,NA,NA,NA,NA,N,4,0,1,2,A,-,12,22450,A,N,D,C,A,A,H,-,A,A,0,NA,NA,Y,NA,Y,NA,C,02,0,0,1,0,0,0,0,0,1,-,-,34.4593391418457,-117.39080047607422,SAN BERNARDINO,VICTORVILLE,-117.39077758789063,34.459442138671875
9810395,2025,2025-06-11,3600,2025-05-17,2130,I8688,VC046,6,5,5,3612,0,0,0,NA,0,VC8,NATIONAL TRAILS HWY,AIR EXPRESS WY,2586,N,N,A,-,N,NA,NA,NA,NA,NA,NA,NA,NA,NA,Y,3,0,1,1,A,-,08,22107,NA,N,F,J,A,A,H,-,D,D,0,NA,NA,NA,NA,Y,NA,-,-,0,1,0,0,0,0,0,0,0,-,-,NA,NA,SAN BERNARDINO,VICTORVILLE,-117.32160949707033,34.57269287109375
9810442,2025,2025-06-10,3608,2025-04-16,549,4866,NA,3,5,5,3608,0,0,0,NA,0,NA,BARTON RD,NEVADA ST,18,W,N,A,-,N,NA,NA,NA,NA,NA,NA,NA,NA,NA,Y,4,0,1,2,A,-,03,22350,NA,N,C,C,A,A,H,-,B,A,0,NA,NA,NA,NA,Y,NA,A,01,0,0,1,0,0,0,0,0,0,-,-,NA,NA,SAN BERNARDINO,REDLANDS,-117.21747589111328,34.04826736450195
9811758,2025,2025-08-11,3602,2025-03-08,1435,4537,NA,6,5,5,3602,0,0,0,NA,0,003,EUCLID AV,POMONA RINCON RD,410,N,N,A,-,Y,SBD,8,83,-,-,0.62,H,-,N,Y,3,0,1,1,A,-,08,22107,NA,N,F,A,A,A,H,-,A,D,0,NA,NA,NA,NA,Y,NA,-,NA,0,1,0,0,0,0,0,0,0,-,-,33.9361686706543,-117.65579223632813,SAN BERNARDINO,CHINO,-117.6559600830078,33.93585968017578
9811844,2025,2025-08-25,3600,2025-07-01,2110,J8174,VC042,2,5,5,3612,0,0,0,NA,0,VC1,D ST,10TH ST,0,NA,Y,A,-,N,NA,NA,NA,NA,NA,NA,NA,NA,NA,Y,4,0,1,3,A,-,03,22350,NA,N,D,C,A,A,-,-,C,D,0,NA,NA,NA,NA,Y,NA,D,22,0,0,1,0,0,0,0,0,0,-,-,34.5342903137207,-117.29022216796876,SAN BERNARDINO,VICTORVILLE,-117.29022979736328,34.534332275390625
9811914,2025,2025-08-01,3602,2025-04-19,2154,4287,NA,6,5,5,3602,0,0,0,NA,0,001,RAMONA AV,RIVERSIDE DR,0,NA,Y,A,-,N,NA,NA,NA,NA,NA,NA,NA,NA,NA,N,3,0,1,2,A,-,10,21950,A,N,G,B,B,A,H,-,C,A,0,Y,NA,NA,NA,Y,NA,A,01,0,1,0,0,1,0,0,0,0,-,-,34.022499084472656,-117.70677185058594,SAN BERNARDINO,CHINO,-117.7067642211914,34.01893615722656
9813042,2025,2025-12-18,3600,2025-10-16,634,J7259,YV1,4,5,3,3631,0,0,0,NA,0,YV003,AVALON AV,29 PALMS HWY,0,NA,Y,A,-,Y,SBD,8,62,-,-,14.341,I,5,E,Y,2,0,2,2,A,-,12,21453,NA,N,A,C,A,A,H,-,B,A,0,NA,NA,NA,NA,Y,NA,A,01,1,1,0,0,0,0,0,0,0,-,-,NA,NA,SAN BERNARDINO,YUCCA VALLEY,-116.38336181640624,34.13475799560547
9813057,2024,2024-09-20,3600,2024-07-04,2232,I4829,HI019,4,5,4,3618,0,0,0,NA,0,HI3,BASELINE ST,RT 210,35,N,N,A,-,Y,SBD,8,210,-,R,29.542,R,4,W,Y,2,0,5,3,A,-,12,21453,A,N,D,C,A,A,H,-,C,A,0,NA,NA,NA,NA,Y,Y,A,01,1,2,2,0,0,0,0,0,0,-,-,34.12118148803711,-117.19998931884766,SAN BERNARDINO,HIGHLAND,-117.20052337646484,34.11810302734375
9813847,2025,2025-05-30,3610,2025-04-20,1443,51561,NA,7,5,6,3610,0,0,0,NA,0,NA,W HIGHLAND,N CALIFORNIA,0,NA,Y,A,-,N,NA,NA,NA,NA,NA,NA,NA,NA,NA,Y,3,0,5,2,A,-,09,21801,A,N,D,C,A,A,H,-,A,A,0,NA,NA,NA,NA,Y,NA,A,01,0,3,2,0,0,0,0,0,0,-,-,34.136138916015625,-117.3311004638672,SAN BERNARDINO,SAN BERNARDINO,-117.33111572265624,34.13613510131836
9813848,2025,2025-05-30,3610,2025-04-19,2031,51549,NA,6,5,6,3610,0,0,0,NA,0,NA,N MOUNTAIN VIEW,W OLIVE,0,NA,Y,A,-,N,NA,NA,NA,NA,NA,NA,NA,NA,NA,Y,4,0,1,3,A,-,03,22350,NA,N,C,E,A,A,H,-,C,A,0,NA,NA,NA,NA,Y,NA,A,01,0,0,1,0,0,0,0,0,0,-,-,34.11827087402344,-117.28700256347656,SAN BERNARDINO,SAN BERNARDINO,-117.2873992919922,34.11857604980469
9814558,2025,2025-06-10,3610,2025-04-01,948,51249,NA,2,5,6,3610,0,0,0,NA,0,NA,WEST 4TH,WEST 5TH,0,NA,Y,A,-,N,NA,NA,NA,NA,NA,NA,NA,NA,NA,N,2,0,1,2,A,-,05,21650,1,N,G,G,A,-,D,-,A,A,0,NA,Y,NA,Y,Y,NA,L,04,1,0,0,0,0,0,1,0,0,-,-,34.10654067993164,-117.33229064941406,SAN BERNARDINO,SAN BERNARDINO,-117.33223724365234,34.1065788269043
9814724,2025,2025-06-06,3610,2025-04-10,900,51546,NA,4,5,6,3610,0,0,0,NA,0,NA,ARROWHEAD,9TH ST,164,N,N,A,-,N,NA,NA,NA,NA,NA,NA,NA,NA,NA,N,4,0,2,3,A,-,03,22350,NA,N,B,C,A,A,A,H,A,A,0,NA,NA,NA,NA,Y,Y,A,01,0,0,2,0,0,0,0,0,0,-,-,34.11579895019531,-117.28965759277344,SAN BERNARDINO,SAN BERNARDINO,-117.28964996337892,34.11623001098633
9814727,2025,2026-01-02,3610,2025-04-05,1444,51280,NA,6,5,6,3610,0,0,0,NA,0,NA,NORTH H ST,13TH ST,209,N,N,A,-,N,NA,NA,NA,NA,NA,NA,NA,NA,NA,N,4,0,1,3,A,-,08,22107,NA,F,G,B,B,A,H,-,A,D,0,Y,NA,NA,NA,Y,NA,D,22,0,0,1,0,1,0,0,0,0,-,-,34.12335968017578,-117.3009033203125,SAN BERNARDINO,SAN BERNARDINO,-117.30091857910156,34.12394332885742
9814809,2025,2025-05-30,3610,2025-04-03,2500,51261,NA,4,5,6,3610,0,0,0,NA,0,NA,E DAVIDSON,S FERREE,0,NA,Y,A,-,N,NA,NA,NA,NA,NA,NA,NA,NA,NA,Y,2,0,1,2,A,-,03,22350,NA,N,C,E,A,A,H,-,A,D,0,NA,NA,NA,NA,Y,NA,A,01,1,0,0,0,0,0,0,0,0,-,-,34.0696907043457,-117.25523376464844,SAN BERNARDINO,SAN BERNARDINO,-117.25686645507813,34.070030212402344
9814866,2025,2025-05-29,3610,2025-04-09,1610,50911,NA,3,5,6,3610,0,0,0,NA,0,NA,E CARNEGIE,E BRIER,0,NA,Y,A,-,N,NA,NA,NA,NA,NA,NA,NA,NA,NA,Y,4,0,2,2,A,-,09,21802,A,N,D,C,A,A,A,H,A,A,0,NA,NA,NA,NA,Y,NA,A,01,0,0,2,0,0,0,0,0,0,-,-,34.0695686340332,-117.2716064453125,SAN BERNARDINO,SAN BERNARDINO,-117.27161407470705,34.0695915222168
9815007,2025,2025-07-09,3610,2025-05-05,1710,51108,NA,1,5,6,3610,0,0,0,NA,0,NA,N E,RT 259,0,NA,Y,B,-,Y,SBD,8,259,-,-,1.244,R,4,N,Y,4,0,1,2,A,-,12,21453,A,M,D,C,A,A,H,-,A,A,0,NA,NA,NA,NA,Y,NA,A,01,0,0,1,0,0,0,0,0,0,-,EF,34.144161224365234,-117.29411315917967,SAN BERNARDINO,SAN BERNARDINO,-117.29776763916016,34.14497375488281
9815323,2025,2025-06-18,3610,2025-05-15,1845,51465,NA,4,5,6,3610,0,0,0,NA,0,NA,E HIGHLAND,N SIERRA,0,NA,Y,A,-,N,NA,NA,NA,NA,NA,NA,NA,NA,NA,N,4,0,1,2,A,-,09,21801,B,N,D,C,A,A,H,-,A,A,0,NA,NA,NA,NA,Y,NA,D,23,0,0,1,0,0,0,0,0,0,-,-,34.135948181152344,-117.28514099121094,SAN BERNARDINO,SAN BERNARDINO,-117.28514099121094,34.135955810546875
9815537,2025,2025-06-03,3600,2025-04-30,925,G4510,HI022,3,5,4,3618,0,0,0,NA,0,HI3,BASELINE ST,BOULDER AV,300,E,N,B,-,N,NA,NA,NA,NA,NA,NA,NA,NA,NA,Y,4,0,2,2,A,-,08,22107,NA,N,D,C,A,A,D,-,A,A,0,NA,NA,NA,NA,Y,NA,A,01,0,0,2,0,0,0,0,0,0,-,-,34.12125015258789,-117.19422149658205,SAN BERNARDINO,HIGHLAND,-117.19463348388672,34.12123107910156
9815628,2025,2025-06-23,3610,2025-05-05,1340,51465,NA,1,5,6,3610,0,0,0,NA,0,NA,RT 18,OLD WATERMAN CANYON RD,555,S,N,B,C,Y,SBD,8,18,-,-,9.04,H,-,S,Y,3,0,1,1,A,-,03,22350,NA,N,E,I,A,B,H,-,A,D,0,NA,NA,NA,NA,Y,NA,A,07,0,1,0,0,0,0,0,0,0,-,-,34.18244934082031,-117.27378082275392,SAN BERNARDINO,SAN BERNARDINO,-117.27244567871094,34.18144226074219
9815668,2025,2025-08-14,3600,2025-04-21,2133,D3381,VC060,1,5,5,3612,0,0,0,NA,0,VC4,RT 395,EUCALYPTUS ST,0,NA,Y,A,-,Y,SBD,8,395,-,-,7.63,I,5,N,Y,4,0,1,3,A,-,03,22350,NA,N,C,C,A,A,H,-,C,A,0,NA,NA,NA,NA,Y,NA,A,01,0,0,1,0,0,0,0,0,0,-,-,34.45581817626953,-117.3996810913086,SAN BERNARDINO,VICTORVILLE,-117.39966583251952,34.45584487915039
9815729,2024,2025-05-30,3600,2024-06-20,36,H5891,AD201,4,5,3,3613,0,0,0,NA,0,AD01,RT 395,ALDEN RD,640,N,N,A,-,Y,SBD,8,395,-,-,19.26,H,-,S,Y,2,0,4,5,A,-,03,22350,NA,N,C,C,A,A,D,-,D,A,0,NA,NA,NA,Y,Y,NA,G,25,2,1,1,0,0,0,0,0,0,-,-,34.623130798339844,-117.42717742919922,SAN BERNARDINO,ADELANTO,-117.42648315429688,34.62100601196289
9815912,2025,2025-06-24,3610,2025-05-01,1944,51418,NA,4,5,6,3610,0,0,0,NA,0,DAVID,E HOSPITALITY LN,A TRI CITY CORP CENTER N,0,NA,Y,A,-,N,NA,NA,NA,NA,NA,NA,NA,NA,NA,N,4,0,3,2,A,-,12,21453,A,N,A,C,A,A,H,-,C,A,0,NA,NA,NA,NA,Y,NA,A,01,0,0,3,0,0,0,0,0,0,-,-,NA,NA,SAN BERNARDINO,SAN BERNARDINO,NA,NA
9817942,2025,2025-06-12,3600,2025-04-30,1321,F4772,VC057,3,5,5,3612,0,0,0,NA,0,VC7,EL EVADO RD,MAVERICK PL,0,NA,Y,A,-,N,NA,NA,NA,NA,NA,NA,NA,NA,NA,Y,3,0,1,2,A,-,03,22350,NA,N,C,C,A,A,H,-,A,D,0,NA,NA,Y,NA,Y,NA,C,02,0,1,0,0,0,0,0,0,1,-,-,NA,NA,SAN BERNARDINO,VICTORVILLE,-117.34674835205078,34.51998519897461
9818984,2025,2025-08-05,3610,2025-07-01,1546,51404,NA,2,5,6,3610,0,0,0,NA,0,BAKER,W 40TH ST,N SIERRA WY N,0,NA,Y,A,-,N,NA,NA,NA,NA,NA,NA,NA,NA,NA,Y,4,0,2,3,A,-,09,21801,A,N,A,C,A,A,H,-,A,A,0,NA,NA,NA,NA,Y,NA,-,NA,0,0,2,0,0,0,0,0,0,-,-,34.16489028930664,-117.28501129150392,SAN BERNARDINO,SAN BERNARDINO,-117.28502655029295,34.16490173339844
9818994,2025,2025-08-04,3610,2025-07-10,1621,51570,NA,4,5,6,3610,0,0,0,NA,0,CHARLI,EAST HIGHLAND AV,N GOLDEN AV N,0,NA,Y,A,-,N,NA,NA,NA,NA,NA,NA,NA,NA,NA,Y,4,0,1,2,A,-,09,21801,A,N,D,C,A,A,H,-,A,A,0,NA,NA,NA,NA,Y,NA,A,01,0,0,1,0,0,0,0,0,0,-,-,34.1361198425293,-117.26145935058594,SAN BERNARDINO,SAN BERNARDINO,-117.26112365722656,34.1358642578125
9819215,2025,2025-08-11,3600,2025-04-08,1443,F7812,AP002,2,5,5,3621,0,0,0,NA,0,AP1,KASOTA RD,OUTER HWY 18 N,0,NA,Y,A,-,Y,SBD,8,18,-,-,94.076,I,6,N,N,4,0,1,2,A,-,09,21801,A,N,D,C,A,A,H,-,A,A,0,NA,NA,NA,NA,Y,NA,A,01,0,0,1,0,0,0,0,0,0,-,-,34.54087829589844,-117.26683807373048,SAN BERNARDINO,APPLE VALLEY,-117.26683807373048,34.54072189331055
9819444,2025,2025-07-29,3605,2025-05-16,1530,481,3605,5,5,4,3605,0,0,0,NA,0,NA,RAMONA AV,MISSION BL,18,S,N,A,-,N,NA,NA,NA,NA,NA,NA,NA,NA,NA,N,3,0,1,2,A,-,11,21954,A,F,D,G,A,A,H,-,A,A,0,NA,Y,NA,NA,Y,NA,L,04,0,1,0,0,0,0,1,0,0,-,-,34.05596923828125,-117.70690155029295,SAN BERNARDINO,MONTCLAIR,-117.7069091796875,34.05580139160156
9819561,2025,2025-08-01,3600,2025-06-17,1800,E8923,HI001,2,5,4,3618,0,0,0,NA,0,HI1,5TH ST,DONNA DR,174,W,N,A,-,N,NA,NA,NA,NA,NA,NA,NA,NA,NA,Y,3,0,2,2,A,-,08,22103,NA,N,D,C,A,A,H,-,A,D,0,NA,NA,NA,NA,Y,NA,A,07,0,2,0,0,0,0,0,0,0,-,-,34.108001708984375,-117.2490005493164,SAN BERNARDINO,HIGHLAND,-117.25432586669922,34.10832977294922
9819907,2025,2025-10-16,3600,2025-09-07,1816,D6899,HE323,7,5,5,3619,0,0,0,NA,0,HE5,CROMDALE ST,GARDEN CT,130,W,N,A,-,N,NA,NA,NA,NA,NA,NA,NA,NA,NA,N,3,0,1,2,A,-,11,21954,A,N,G,B,D,A,H,-,A,D,0,Y,NA,NA,NA,Y,NA,A,01,0,1,0,0,1,0,0,0,0,-,-,NA,NA,SAN BERNARDINO,HESPERIA,-117.33562469482422,34.37839889526367
9820003,2025,2025-10-14,3600,2025-09-09,1909,D6899,HE322,2,5,5,3619,0,0,0,NA,0,HE5,11TH AV,MESQUITE ST,0,NA,Y,A,-,N,NA,NA,NA,NA,NA,NA,NA,NA,NA,Y,4,0,1,2,A,-,12,22450,A,M,D,C,A,A,H,-,B,A,0,NA,NA,Y,NA,Y,NA,C,02,0,0,1,0,0,0,0,0,1,-,-,NA,NA,SAN BERNARDINO,HESPERIA,-117.32933807373048,34.3978385925293
9820485,2025,2026-01-22,3600,2025-09-09,1618,H6870,YC,2,5,4,3640,0,0,0,NA,0,YC3,5TH ST,YUCAIPA BL,1358,S,N,A,-,N,NA,NA,NA,NA,NA,NA,NA,NA,NA,Y,3,0,2,2,A,-,03,22350,NA,N,C,C,A,A,H,-,A,A,0,NA,NA,NA,NA,Y,NA,A,01,0,2,0,0,0,0,0,0,0,-,-,NA,NA,SAN BERNARDINO,YUCAIPA,-117.05625152587892,34.0301628112793
9821714,2025,2025-08-19,3603,2025-06-13,1104,5247,CPD,5,5,4,3603,0,0,0,NA,0,001,N RANCHO AVE,W LAUREL AVE,0,NA,Y,A,-,N,NA,NA,NA,NA,NA,NA,NA,NA,NA,Y,4,0,1,1,A,-,05,21650,NA,N,E,I,A,A,H,-,A,A,0,NA,NA,NA,NA,Y,NA,A,01,0,0,1,0,0,0,0,0,0,-,-,34.08124923706055,-117.33461761474608,SAN BERNARDINO,COLTON,-117.33461761474608,34.081207275390625
9821724,2025,2025-08-21,3610,2025-07-24,1536,4902,CPD,4,5,6,3610,0,0,0,NA,0,003,S LA CADENA DR,E N ST,0,NA,Y,A,-,N,NA,NA,NA,NA,NA,NA,NA,NA,NA,Y,3,0,1,2,A,-,12,21453,A,N,D,C,A,A,H,-,A,A,0,NA,NA,NA,NA,Y,NA,A,01,0,1,0,0,0,0,0,0,0,-,-,34.06106948852539,-117.32559967041016,SAN BERNARDINO,SAN BERNARDINO,-117.3234405517578,34.07120132446289
9822060,2025,2025-08-26,3605,2025-06-18,1401,520,NA,3,5,4,3605,0,0,0,NA,0,001,FREMONT AV,MORENO ST,0,NA,Y,A,-,N,NA,NA,NA,NA,NA,NA,NA,NA,NA,N,4,0,2,3,A,-,12,21453,A,N,D,C,A,A,H,-,A,A,0,NA,NA,NA,NA,Y,NA,A,01,0,0,2,0,0,0,0,0,0,-,-,34.0880012512207,-117.69400024414063,SAN BERNARDINO,MONTCLAIR,-117.69394683837892,34.08869552612305
9823469,2025,2025-09-15,3600,2025-08-08,1432,H5902,TW003,5,5,3,3617,0,0,0,NA,0,TW1,LARREA AV,SUNNYVALE DR,0,NA,Y,A,-,N,NA,NA,NA,NA,NA,NA,NA,NA,NA,Y,3,0,1,3,A,-,09,21802,A,N,D,C,A,A,H,-,A,A,0,NA,NA,NA,NA,Y,NA,A,01,0,1,0,0,0,0,0,0,0,-,-,34.14458084106445,-116.07882690429688,SAN BERNARDINO,TWENTYNINE PALMS,-116.07881927490234,34.1446418762207
9824044,2025,2025-09-24,3608,2025-07-29,313,4903,NA,2,5,5,3608,0,0,0,NA,0,NA,BIZABETH AV,ELIZABETH ST,180,E,N,A,-,N,NA,NA,NA,NA,NA,NA,NA,NA,NA,N,3,0,1,1,A,-,03,22350,NA,N,F,A,A,A,H,-,A,A,0,NA,NA,NA,NA,Y,Y,M,94,0,1,0,0,0,0,0,0,0,-,-,NA,NA,SAN BERNARDINO,REDLANDS,-117.16975402832033,34.03266906738281
9824649,2025,2025-09-25,3600,2025-08-16,1057,J2651,VC064,6,5,5,3612,0,0,0,NA,0,VC06,ARMAGOSA RD,LA MESA RD,0,NA,Y,A,-,N,NA,NA,NA,NA,NA,NA,NA,NA,NA,N,4,0,1,2,A,-,09,21801,A,N,D,C,A,A,H,-,A,A,0,NA,NA,NA,NA,Y,NA,D,22,0,0,1,0,0,0,0,0,0,-,-,34.48706817626953,-117.33778381347656,SAN BERNARDINO,VICTORVILLE,NA,NA
9825041,2025,2025-09-04,3600,2025-06-14,902,I5412,RC021,6,5,6,3616,0,0,0,NA,0,002,HAVEN AV,VALENCIA AV,0,NA,Y,A,-,N,NA,NA,NA,NA,NA,NA,NA,NA,NA,N,3,0,1,2,A,-,07,21658,A,N,B,G,A,A,H,-,A,A,0,NA,Y,NA,NA,Y,NA,A,01,0,1,0,0,0,0,1,0,0,-,-,NA,NA,SAN BERNARDINO,RANCHO CUCAMONGA,-117.57598114013672,34.12413024902344
9825521,2025,2025-09-05,3600,2025-08-03,14,I6436,RC068,7,5,6,3616,0,0,0,NA,0,RC3,CHURCH ST,8TH ST,0,NA,Y,A,-,N,NA,NA,NA,NA,NA,NA,NA,NA,NA,Y,3,0,2,2,A,-,09,21801,A,N,D,C,A,A,H,-,C,A,0,NA,NA,NA,NA,Y,NA,A,07,0,1,1,0,0,0,0,0,0,-,-,NA,NA,SAN BERNARDINO,RANCHO CUCAMONGA,-118.18148803710938,35.10511016845703
9825930,2025,2025-09-11,3600,2025-05-08,1518,G8614,RC5,4,5,6,3616,0,0,0,NA,0,RC018,HAVEN AV,JERSEY BL,0,NA,Y,A,-,N,NA,NA,NA,NA,NA,NA,NA,NA,NA,N,4,0,1,2,A,-,03,22350,NA,N,C,C,A,A,H,-,A,D,0,NA,NA,NA,NA,Y,NA,A,01,0,0,1,0,0,0,0,0,0,-,-,NA,NA,SAN BERNARDINO,RANCHO CUCAMONGA,-117.57588958740234,34.09467315673828
9826124,2025,2025-06-25,3610,2025-06-06,233,51508,NA,5,5,6,3610,0,0,0,NA,0,ADAM,S PEPPER AV,W DYNAMIC PL W,0,NA,Y,B,-,N,NA,NA,NA,NA,NA,NA,NA,NA,NA,Y,4,0,1,2,A,-,03,22350,NA,F,C,C,A,A,H,-,-,D,0,NA,NA,NA,NA,Y,Y,A,01,0,0,1,0,0,0,0,0,0,-,-,NA,NA,SAN BERNARDINO,SAN BERNARDINO,-117.35289001464844,34.09778594970703
9826863,2025,2025-07-02,3603,2025-06-11,426,4920,CPD,3,5,4,3603,0,0,0,NA,0,004,S MT VERNON AV,E COOLEY DR,300,NA,N,A,-,N,NA,NA,NA,NA,NA,NA,NA,NA,NA,Y,3,0,1,1,A,-,03,22350,NA,N,A,J,A,A,H,-,A,D,0,NA,NA,NA,NA,Y,Y,A,01,0,1,0,0,0,0,0,0,0,-,-,34.05459976196289,-117.30924987792967,SAN BERNARDINO,COLTON,-117.30924987792967,34.054569244384766
9826955,2025,2025-07-17,3605,2025-05-03,1912,401,NA,6,5,4,3605,0,0,0,NA,0,NA,MONTE VISTA AV,GRANADA ST,54,N,N,B,C,N,NA,NA,NA,NA,NA,NA,NA,NA,NA,Y,3,0,1,2,A,-,03,22350,NA,N,A,C,A,B,H,-,B,A,0,NA,NA,NA,NA,Y,NA,D,22,0,1,0,0,0,0,0,0,0,-,-,34.07331848144531,-117.69831085205078,SAN BERNARDINO,MONTCLAIR,-117.69828033447266,34.073448181152344
9827036,2025,2025-07-25,3600,2025-06-03,1637,H5902,TW002,2,5,3,3617,0,0,0,NA,0,TW1,RT 62,EASY ST,0,NA,Y,C,-,Y,SBD,8,62,-,-,29.689,I,5,E,Y,4,0,1,1,A,-,03,22350,NA,N,F,-,A,B,B,F,A,D,0,NA,NA,NA,NA,Y,NA,D,22,0,0,1,0,0,0,0,0,0,-,-,34.13541030883789,-116.1123504638672,SAN BERNARDINO,TWENTYNINE PALMS,-116.11582946777344,34.13517379760742
9827683,2025,2025-06-25,3605,2025-04-28,1020,449,NA,1,5,4,3605,0,0,0,NA,0,NA,STATE ST,CENTRAL PL,0,NA,Y,-,-,N,NA,NA,NA,NA,NA,NA,NA,NA,NA,Y,3,0,3,2,A,-,09,21804,A,N,D,C,A,A,H,-,A,A,0,NA,NA,NA,NA,Y,NA,A,01,0,2,1,0,0,0,0,0,0,-,-,34.059871673583984,-117.6889190673828,SAN BERNARDINO,MONTCLAIR,-117.68930053710938,34.05979919433594
9827800,2025,2025-06-17,3605,2025-04-29,1423,473,RCSUP,2,5,4,3605,0,0,0,NA,0,NA,BONNIE BRAE ST,MILLS AV,135,E,N,A,-,N,NA,NA,NA,NA,NA,NA,NA,NA,NA,N,4,0,1,2,A,-,09,21804,A,N,D,C,A,A,H,-,A,D,0,NA,NA,NA,NA,Y,NA,A,01,0,0,1,0,0,0,0,0,0,-,-,34.082000732421875,-117.70899963378906,SAN BERNARDINO,MONTCLAIR,-117.70916748046876,34.082725524902344
9828883,2025,2025-06-17,3610,2025-05-28,609,51424,NA,3,5,6,3610,0,0,0,NA,0,NA,N WATERMAN,E 2ND,0,NA,Y,A,-,N,NA,NA,NA,NA,NA,NA,NA,NA,NA,N,4,0,2,2,A,-,09,21801,A,N,D,C,A,A,H,-,A,A,0,NA,NA,NA,NA,Y,NA,A,01,0,0,2,0,0,0,0,0,0,-,-,NA,NA,SAN BERNARDINO,SAN BERNARDINO,-117.2787628173828,34.10271072387695
9829682,2025,2025-07-01,3610,2025-06-11,2225,51508,NA,3,5,6,3610,0,0,0,NA,0,BAKER,40TH ST,F ST,0,NA,Y,A,-,N,NA,NA,NA,NA,NA,NA,NA,NA,NA,Y,2,0,1,1,A,-,03,22350,NA,M,A,I,A,A,H,-,C,C,0,NA,NA,NA,NA,Y,Y,A,01,1,0,0,0,0,0,0,0,0,-,-,NA,NA,SAN BERNARDINO,SAN BERNARDINO,-117.30265808105467,34.16459274291992
9832488,2025,2025-07-21,3600,2025-04-16,1845,54091,YV013,3,5,3,3631,0,0,0,NA,0,YV1,CHURCH ST,ONAGA TRL,0,NA,Y,A,-,N,NA,NA,NA,NA,NA,NA,NA,NA,NA,Y,4,0,1,2,A,-,09,21802,A,N,D,C,A,A,H,-,B,A,0,NA,NA,NA,NA,Y,NA,J,48,0,0,1,0,0,0,0,0,0,-,-,NA,NA,SAN BERNARDINO,YUCCA VALLEY,-116.43600463867188,34.112098693847656
9832608,2025,2025-07-15,3600,2025-06-12,1723,J2651,VC005,4,5,5,3612,0,0,0,NA,0,VC05,ARLETTE DR,JOSHUA ST,0,NA,Y,A,-,N,NA,NA,NA,NA,NA,NA,NA,NA,NA,Y,4,0,2,2,A,-,08,22107,A,N,C,C,A,A,H,-,A,A,0,NA,NA,NA,NA,Y,NA,A,07,0,0,2,0,0,0,0,0,0,-,-,34.52220916748047,-117.33506774902344,SAN BERNARDINO,VICTORVILLE,-117.3347396850586,34.52501678466797