CASE_ID,ACCIDENT_YEAR,PROC_DATE,JURIS,COLLISION_DATE,COLLISION_TIME,OFFICER_ID,REPORTING_DISTRICT,DAY_OF_WEEK,CHP_SHIFT,POPULATION,CNTY_CITY_LOC,SPECIAL_COND,BEAT_TYPE,CHP_BEAT_TYPE,CITY_DIVISION_LAPD,CHP_BEAT_CLASS,BEAT_NUMBER,PRIMARY_RD,SECONDARY_RD,DISTANCE,DIRECTION,INTERSECTION,WEATHER_1,WEATHER_2,STATE_HWY_IND,CALTRANS_COUNTY,CALTRANS_DISTRICT,STATE_ROUTE,ROUTE_SUFFIX,POSTMILE_PREFIX,POSTMILE,LOCATION_TYPE,RAMP_INTERSECTION,SIDE_OF_HWY,TOW_AWAY,COLLISION_SEVERITY,NUMBER_KILLED,NUMBER_INJURED,PARTY_COUNT,PRIMARY_COLL_FACTOR,PCF_CODE_OF_VIOL,PCF_VIOL_CATEGORY,PCF_VIOLATION,PCF_VIOL_SUBSECTION,HIT_AND_RUN,TYPE_OF_COLLISION,MVIW,PED_ACTION,ROAD_SURFACE,ROAD_COND_1,ROAD_COND_2,LIGHTING,CONTROL_DEVICE,CHP_ROAD_TYPE,PEDESTRIAN_ACCIDENT,BICYCLE_ACCIDENT,MOTORCYCLE_ACCIDENT,TRUCK_ACCIDENT,NOT_PRIVATE_PROPERTY,ALCOHOL_INVOLVED,STWD_VEHTYPE_AT_FAULT,CHP_VEHTYPE_AT_FAULT,COUNT_SEVERE_INJ,COUNT_VISIBLE_INJ,COUNT_COMPLAINT_PAIN,COUNT_PED_KILLED,COUNT_PED_INJURED,COUNT_BICYCLIST_KILLED,COUNT_BICYCLIST_INJURED,COUNT_MC_KILLED,COUNT_MC_INJURED,PRIMARY_RAMP,SECONDARY_RAMP,LATITUDE,LONGITUDE,COUNTY,CITY,POINT_X,POINT_Y
9832901,2025,2025-07-15,3604,2025-06-22,40,1150,NA,7,5,6,3604,0,0,0,NA,0,NA,VALLEY BL,CITRUS AV,0,NA,Y,A,-,N,NA,NA,NA,NA,NA,NA,NA,NA,NA,Y,4,0,1,2,A,-,09,21453,C,N,D,C,A,A,H,-,C,A,0,NA,NA,NA,NA,Y,Y,A,01,0,0,1,0,0,0,0,0,0,-,-,NA,NA,SAN BERNARDINO,FONTANA,-117.45377349853516,34.07032012939453
9833587,2025,2025-07-31,3608,2025-06-28,1348,5419,NA,6,5,5,3608,0,0,0,NA,0,NA,SAN TIMOTEO CANYON RD,SMILEY BL,2,W,N,A,-,N,NA,NA,NA,NA,NA,NA,NA,NA,NA,N,3,0,1,1,A,-,08,22107,NA,N,F,A,A,A,H,-,A,D,0,NA,NA,Y,NA,Y,NA,C,02,0,1,0,0,0,0,0,0,1,-,-,34.01443862915039,-117.1844482421875,SAN BERNARDINO,REDLANDS,-117.1823959350586,34.01216506958008
9833635,2025,2025-07-22,3608,2025-05-30,2320,5161,NA,5,5,5,3608,0,0,0,NA,0,NA,ORANGE ST,COLTON AV,0,NA,Y,A,-,N,NA,NA,NA,NA,NA,NA,NA,NA,NA,N,3,0,1,2,A,-,09,21801,A,N,A,C,A,A,H,-,C,A,0,NA,NA,NA,NA,Y,NA,A,07,0,1,0,0,0,0,0,0,0,-,-,NA,NA,SAN BERNARDINO,REDLANDS,-117.18251800537108,34.06283187866211
9866034,2025,2025-08-14,3600,2025-06-13,2347,J9550,AD311,5,5,3,3613,0,0,0,NA,0,AD2,RT 395,SENECA RD,0,NA,Y,A,-,Y,SBD,8,395,-,-,11.64,I,5,N,NA,2,0,3,2,A,-,01,23152,NA,N,A,D,A,A,H,-,C,D,0,NA,NA,NA,NA,Y,Y,A,01,2,1,0,0,0,0,0,0,0,-,-,34.513648986816406,-117.39956665039063,SAN BERNARDINO,ADELANTO,-117.39935302734376,34.51405334472656
9866789,2025,2025-10-06,3600,2025-06-24,2131,J6241,TW1,2,5,3,3617,0,0,0,NA,0,TW004,RT 62,ADOBE RD,0,NA,Y,A,-,Y,SBD,8,62,-,-,33.208,I,5,E,Y,3,0,4,2,-,-,-,NA,NA,N,D,C,A,A,H,-,C,A,0,NA,NA,NA,NA,Y,NA,A,01,0,4,0,0,0,0,0,0,0,-,-,34.136131286621094,-116.0540008544922,SAN BERNARDINO,TWENTYNINE PALMS,-116.05438995361328,34.135623931884766
9866811,2024,2025-09-03,3600,2024-11-05,512,G4526,AP006,2,5,5,3621,0,0,0,NA,0,AP1,OUTER RT 18,ERIE RD,442,W,N,A,-,N,NA,NA,NA,NA,NA,NA,NA,NA,NA,Y,1,1,0,2,A,-,11,21956,A,N,G,B,E,A,H,-,D,D,0,Y,NA,NA,NA,Y,NA,N,60,0,0,0,1,0,0,0,0,0,-,-,NA,NA,SAN BERNARDINO,APPLE VALLEY,-117.20793914794922,34.51538848876953
9869253,2025,2025-08-14,3610,2025-07-16,1950,51440,NA,3,5,6,3610,0,0,0,NA,0,BAKER,WATERMAN AV,ARROWHEAD DR,248,N,N,A,-,N,NA,NA,NA,NA,NA,NA,NA,NA,NA,Y,2,0,1,2,A,-,01,23153,A,N,B,C,A,A,H,-,A,A,0,NA,NA,Y,NA,Y,Y,C,06,1,0,0,0,0,0,0,0,1,-,-,NA,NA,SAN BERNARDINO,SAN BERNARDINO,-117.27857208251952,34.1754035949707
9870582,2025,2025-09-05,3600,2025-02-04,1119,I1565,AP003,2,5,5,3621,0,0,0,NA,0,AP1,RT 18,RIMROCK RD NORTH,0,NA,Y,A,-,Y,SBD,8,18,-,-,92.289,I,5,N,Y,2,0,2,2,A,-,09,21801,A,N,D,C,A,A,H,-,A,D,0,NA,NA,NA,NA,Y,NA,A,01,2,0,0,0,0,0,0,0,0,-,-,NA,NA,SAN BERNARDINO,APPLE VALLEY,-117.23665618896484,34.534603118896484
9870613,2025,2025-09-10,3602,2025-07-06,1004,4537,NA,7,5,5,3602,0,0,0,NA,0,003,BOTANY ST,OLIVE GROVE AV,15,E,N,A,-,N,NA,NA,NA,NA,NA,NA,NA,NA,NA,N,4,0,1,2,A,-,06,21750,A,N,E,J,A,A,H,-,A,D,0,NA,NA,Y,NA,Y,NA,C,03,0,0,1,0,0,0,0,0,1,-,-,33.95975112915039,-117.64032745361328,SAN BERNARDINO,CHINO,-117.64028167724608,33.95977020263672
9870614,2025,2025-09-10,3603,2025-07-13,1348,5213,CPD,7,5,4,3603,0,0,0,NA,0,004,E WASHINGTON ST,S BLUFF RD,0,NA,Y,A,-,N,NA,NA,NA,NA,NA,NA,NA,NA,NA,N,3,0,1,2,A,-,03,22350,NA,N,C,C,A,A,H,-,A,A,0,NA,NA,Y,NA,Y,NA,A,01,0,1,0,0,0,0,0,0,1,-,-,NA,NA,SAN BERNARDINO,COLTON,-117.30517578125,34.047916412353516
9870622,2025,2025-09-10,3608,2025-07-29,1021,5255,3608,2,5,5,3608,0,0,0,NA,0,901,WEST HIGHLAND AV,SAN JACINTO ST,0,NA,Y,A,-,N,NA,NA,NA,NA,NA,NA,NA,NA,NA,N,3,0,1,2,A,-,12,22450,A,N,A,C,A,A,H,-,A,D,0,NA,NA,NA,NA,Y,NA,A,01,0,1,0,0,0,0,0,0,0,-,-,NA,NA,SAN BERNARDINO,REDLANDS,-117.18435668945313,34.03432846069336
9870629,2025,2025-09-10,3600,2025-06-25,1756,C8643,RC058,3,5,6,3616,0,0,0,NA,0,RC4,ARROW RT,BAKER AV,0,NA,Y,A,-,N,NA,NA,NA,NA,NA,NA,NA,NA,NA,Y,4,0,1,2,A,-,09,21801,A,N,A,C,A,A,H,-,A,A,0,NA,NA,NA,NA,Y,NA,A,01,0,0,1,0,0,0,0,0,0,-,-,NA,NA,SAN BERNARDINO,RANCHO CUCAMONGA,-117.61984252929688,34.09938049316406
9870869,2025,2025-08-07,3600,2025-07-13,1320,J2825,GT008,7,5,3,3690,0,0,0,NA,0,GT1,MT VERNON AV,POLE 225007 E,6,W,N,A,-,N,NA,NA,NA,NA,NA,NA,NA,NA,NA,Y,3,0,2,2,A,-,05,21460,NA,N,A,C,A,A,H,-,A,A,0,NA,NA,NA,NA,Y,NA,A,07,0,2,0,0,0,0,0,0,0,-,-,NA,NA,SAN BERNARDINO,GRAND TERRACE,NA,NA
9871059,2025,2025-08-14,3600,2025-03-14,518,F8372,AP08,5,5,5,3621,0,0,0,NA,0,AP3,BEAR VALLEY RD,KIOWA RD,0,NA,Y,A,-,N,NA,NA,NA,NA,NA,NA,NA,NA,NA,Y,4,0,1,2,A,-,12,21453,A,N,D,C,A,A,H,-,C,A,0,NA,NA,NA,NA,Y,NA,D,22,0,0,1,0,0,0,0,0,0,-,-,NA,NA,SAN BERNARDINO,APPLE VALLEY,-117.20772552490234,34.471439361572266
9871511,2025,2025-08-20,3600,2025-01-06,1755,J7193,AP008,1,5,5,3621,0,0,0,NA,0,AP3,MOHAWK RD,YAKIMA RD,145,S,N,A,-,N,NA,NA,NA,NA,NA,NA,NA,NA,NA,Y,3,0,1,1,A,-,03,22350,NA,N,E,I,A,A,H,-,D,D,0,NA,NA,NA,NA,Y,NA,A,07,0,1,0,0,0,0,0,0,0,-,-,NA,NA,SAN BERNARDINO,APPLE VALLEY,-117.19824981689452,34.48814392089844
9871884,2025,2025-08-18,3605,2025-06-07,1540,481,3605,6,5,4,3605,0,0,0,NA,0,NA,SAN JOSE ST,DEL MAR AV,0,NA,Y,A,-,N,NA,NA,NA,NA,NA,NA,NA,NA,NA,N,3,0,1,2,A,-,12,22450,A,N,D,G,A,A,H,-,A,A,0,NA,Y,NA,NA,Y,NA,A,01,0,1,0,0,0,0,1,0,0,-,-,34.08509826660156,-117.68190002441406,SAN BERNARDINO,MONTCLAIR,-117.68183135986328,34.08509826660156
9872021,2025,2025-08-15,3600,2025-01-06,1627,F8372,AP018,1,5,5,3621,0,0,0,NA,0,AP4,POWHATAN RD,ALGONQUIN RD,0,NA,Y,A,-,N,NA,NA,NA,NA,NA,NA,NA,NA,NA,N,3,0,1,2,A,-,12,22450,A,N,H,G,A,A,H,-,A,A,0,NA,Y,NA,NA,Y,NA,L,04,0,1,0,0,0,0,1,0,0,-,-,NA,NA,SAN BERNARDINO,APPLE VALLEY,-117.19197082519533,34.49802780151367
9872481,2025,2025-09-03,3600,2025-07-16,1239,J7223,VC026,3,5,5,3612,0,0,0,NA,0,VC4,MARIPOSA RD,TALPA ST,784,S,N,A,-,N,NA,NA,NA,NA,NA,NA,NA,NA,NA,Y,3,0,1,3,A,-,03,22350,NA,N,C,C,A,A,H,-,A,D,0,NA,NA,NA,NA,Y,NA,D,22,0,1,0,0,0,0,0,0,0,-,-,34.494991302490234,-117.32872772216795,SAN BERNARDINO,VICTORVILLE,-117.32942962646484,34.494171142578125
9872592,2025,2025-08-27,3610,2025-07-30,2134,51181,NA,3,5,6,3610,0,0,0,NA,0,CHARLI,E BASELINE ST,NORTH WATERMAN AV,213,W,N,A,-,N,NA,NA,NA,NA,NA,NA,NA,NA,NA,Y,4,0,1,2,A,-,03,22350,NA,N,C,C,A,A,H,-,C,D,0,NA,NA,NA,NA,Y,NA,A,01,0,0,1,0,0,0,0,0,0,-,-,NA,NA,SAN BERNARDINO,SAN BERNARDINO,-117.2794952392578,34.12133026123047
9874328,2025,2025-10-06,3608,2025-09-03,834,5230,NA,3,5,5,3608,0,0,0,NA,0,REDLAN,E SAN BERNARDINO AV,HARRISON LN,0,NA,Y,A,-,N,NA,NA,NA,NA,NA,NA,NA,NA,NA,Y,3,0,1,2,A,-,04,21703,NA,N,C,C,A,A,H,-,A,A,0,NA,NA,NA,NA,Y,NA,A,08,0,1,0,0,0,0,0,0,0,-,-,NA,NA,SAN BERNARDINO,REDLANDS,-117.15904235839844,34.07730484008789
9874887,2025,2025-10-09,3610,2025-08-11,1743,51344,NA,1,5,6,3610,0,0,0,NA,0,CHARLI,40TH ST,SEPULVEDA AV,0,NA,Y,A,-,N,NA,NA,NA,NA,NA,NA,NA,NA,NA,Y,4,0,2,3,A,-,12,21453,A,N,D,C,A,A,H,-,A,A,0,NA,NA,NA,NA,Y,NA,A,01,0,0,2,0,0,0,0,0,0,-,-,NA,NA,SAN BERNARDINO,SAN BERNARDINO,-117.28285980224608,34.16487121582031
9875182,2025,2025-10-15,3610,2025-08-24,411,51172,NA,7,5,6,3610,0,0,0,NA,0,ADAM,W BASELINE ST,N MT VERNON,0,NA,Y,A,-,N,NA,NA,NA,NA,NA,NA,NA,NA,NA,Y,2,0,1,2,A,-,12,21453,A,N,D,C,A,A,H,-,C,A,0,NA,NA,Y,NA,Y,Y,C,03,1,0,0,0,0,0,0,0,1,-,-,34.121341705322266,-117.31381988525392,SAN BERNARDINO,SAN BERNARDINO,-117.3138427734375,34.12133026123047
9875309,2025,2025-10-27,3600,2025-09-18,1608,J2651,VC025,4,5,5,3612,0,0,0,NA,0,VC03,NISQUALLI RD,11TH AV,0,NA,Y,A,-,N,NA,NA,NA,NA,NA,NA,NA,NA,NA,N,4,0,1,3,A,-,03,22350,NA,N,C,C,A,A,H,-,A,A,0,NA,NA,NA,NA,Y,NA,A,01,0,0,1,0,0,0,0,0,0,-,-,34.485191345214844,-117.32559204101563,SAN BERNARDINO,VICTORVILLE,-117.32563018798828,34.48521041870117
9876874,2025,2025-09-18,3600,2025-08-24,1341,I4812,BL100,7,5,2,3680,0,0,0,NA,0,BL1,BIG BEAR BL,POWER POLE 62564,33,W,N,A,-,Y,SBD,8,18,-,-,46.39,H,-,N,Y,4,0,1,2,A,-,03,22350,NA,N,F,E,A,A,H,-,A,D,0,NA,NA,NA,NA,Y,Y,-,-,0,0,1,0,0,0,0,0,0,-,-,NA,NA,SAN BERNARDINO,BIG BEAR LAKE,-116.94964599609376,34.23828125
9879325,2025,2025-12-09,3608,2025-09-23,1003,4824,NA,2,5,5,3608,0,0,0,NA,0,NA,UNIVERSITY ST,CIRTUS AV,0,NA,Y,A,-,N,NA,NA,NA,NA,NA,NA,NA,NA,NA,N,3,0,1,2,A,-,12,21453,NA,N,D,C,A,A,H,-,A,A,0,NA,NA,NA,NA,Y,NA,A,07,0,1,0,0,0,0,0,0,0,-,-,NA,NA,SAN BERNARDINO,REDLANDS,-117.16683959960938,34.05554962158203
9882557,2025,2025-10-09,3600,2025-08-31,1352,I8763,HE326,7,5,5,3619,0,0,0,NA,0,HE3,RANCHERO RD,MARIPOSA RD,0,NA,Y,A,-,N,NA,NA,NA,NA,NA,NA,NA,NA,NA,Y,4,0,1,2,A,-,12,21453,A,N,D,C,A,A,H,-,A,A,0,NA,NA,NA,NA,Y,NA,A,01,0,0,1,0,0,0,0,0,0,-,-,NA,NA,SAN BERNARDINO,HESPERIA,-117.41136932373048,34.38302230834961
9883885,2025,2025-11-03,3600,2025-10-03,2112,G8165,VC024,5,5,5,3612,0,0,0,NA,0,VC3,NISQUALLI RD,2ND AV,0,NA,Y,A,-,N,NA,NA,NA,NA,NA,NA,NA,NA,NA,Y,2,0,1,2,A,-,08,22107,NA,N,H,G,A,A,H,-,C,A,0,NA,Y,NA,NA,Y,Y,L,04,1,0,0,0,0,0,1,0,0,-,-,34.48550033569336,-117.2992935180664,SAN BERNARDINO,VICTORVILLE,-117.2993392944336,34.485443115234375
9884394,2025,2025-11-05,3603,2025-08-29,1603,5427,CPD,5,5,4,3603,0,0,0,NA,0,003,S LA CADENA DR,IOWA ST,0,NA,Y,A,-,N,NA,NA,NA,NA,NA,NA,NA,NA,NA,Y,3,0,1,3,A,-,03,22350,NA,N,A,I,A,A,H,-,A,D,0,NA,NA,NA,NA,Y,NA,D,22,0,1,0,0,0,0,0,0,0,-,-,34.024879455566406,-117.3356475830078,SAN BERNARDINO,COLTON,-117.33562469482422,34.02483367919922
9885185,2025,2025-10-31,3600,2025-07-28,1004,G6192,AP008,1,5,5,3621,0,0,0,NA,0,AP3,TUSCOLA RD,WIKA RD,540,N,N,A,-,N,NA,NA,NA,NA,NA,NA,NA,NA,NA,Y,3,0,2,2,A,-,09,21804,A,N,A,C,A,A,H,-,A,D,0,NA,NA,NA,NA,Y,NA,A,01,0,1,1,0,0,0,0,0,0,-,-,NA,NA,SAN BERNARDINO,APPLE VALLEY,-117.269287109375,34.54218292236328
9885186,2025,2025-11-03,3600,2025-08-08,1500,F7812,AP016,5,5,5,3621,0,0,0,NA,0,AP4,POWHATAN RD,JOHN GLEN RD,0,NA,Y,A,-,N,NA,NA,NA,NA,NA,NA,NA,NA,NA,N,3,0,1,2,A,-,08,22107,NA,M,D,G,A,A,H,-,A,D,0,NA,Y,NA,NA,Y,NA,A,07,0,1,0,0,0,0,1,0,0,-,-,NA,NA,SAN BERNARDINO,APPLE VALLEY,-117.1831283569336,34.49692916870117
9885351,2025,2025-11-17,3608,2025-10-04,1417,5218,3608,6,5,5,3608,0,0,0,NA,0,901,CALIFORNIA ST,RT 10,32,N,N,A,-,N,NA,NA,NA,NA,NA,NA,NA,NA,NA,N,4,0,1,2,A,-,12,21453,A,F,B,C,A,A,H,-,A,A,0,NA,NA,NA,NA,Y,NA,D,22,0,0,1,0,0,0,0,0,0,-,EF,NA,NA,SAN BERNARDINO,REDLANDS,-117.22625732421876,34.06661605834961
9885650,2025,2025-11-17,3610,2025-09-10,341,51424,NA,3,5,6,3610,0,0,0,NA,0,DAVID,E 2ND ST,NORTH SIERRA WY,258,E,N,A,-,N,NA,NA,NA,NA,NA,NA,NA,NA,NA,N,4,0,1,2,A,-,03,22350,NA,N,C,E,A,A,H,-,C,A,0,NA,NA,NA,NA,Y,NA,A,01,0,0,1,0,0,0,0,0,0,-,-,NA,NA,SAN BERNARDINO,SAN BERNARDINO,-117.28429412841795,34.102718353271484
9885654,2025,2025-11-17,3610,2025-09-08,1752,51448,NA,1,5,6,3610,0,0,0,NA,0,BAKER,W 30TH ST,NORTH ARROWHEAD AV,0,NA,Y,A,-,N,NA,NA,NA,NA,NA,NA,NA,NA,NA,Y,4,0,1,2,A,-,12,21453,A,N,D,C,A,A,H,-,A,A,0,NA,NA,NA,NA,Y,NA,A,01,0,0,1,0,0,0,0,0,0,-,-,NA,NA,SAN BERNARDINO,SAN BERNARDINO,-117.28955841064452,34.145999908447266
9885703,2025,2025-11-18,3610,2025-09-20,1322,51570,NA,6,5,6,3610,0,0,0,NA,0,BAKER,N E ST,33RD ST,150,S,N,A,-,N,NA,NA,NA,NA,NA,NA,NA,NA,NA,N,4,0,1,2,A,-,07,21658,A,N,B,C,A,A,H,-,A,D,0,NA,NA,NA,NA,Y,NA,D,22,0,0,1,0,0,0,0,0,0,-,-,34.15074157714844,-117.29380798339844,SAN BERNARDINO,SAN BERNARDINO,-117.29405975341795,34.15089797973633
9885717,2025,2026-02-06,3610,2025-09-27,1445,51564,NA,6,5,6,3610,0,0,0,NA,0,DAVID,E ST,MILL ST,0,NA,Y,A,-,N,NA,NA,NA,NA,NA,NA,NA,NA,NA,N,4,0,1,2,B,-,22,NA,NA,N,C,C,A,A,A,H,A,A,0,NA,NA,NA,NA,Y,NA,D,22,0,0,1,0,0,0,0,0,0,-,-,NA,NA,SAN BERNARDINO,SAN BERNARDINO,-117.29415130615234,34.0921516418457
9885912,2025,2025-11-18,3610,2025-08-29,1351,51605,NA,5,5,6,3610,0,0,0,NA,0,CHARLI,WATERMAN CANYON RD,WATERMAN CANYON RD N,0,NA,N,A,-,N,NA,NA,NA,NA,NA,NA,NA,NA,NA,Y,2,0,2,1,A,-,08,22107,NA,N,H,A,A,A,H,-,A,D,0,NA,NA,NA,NA,Y,NA,A,01,1,1,0,0,0,0,0,0,0,-,-,NA,NA,SAN BERNARDINO,SAN BERNARDINO,-117.27881622314452,34.06484603881836
9886448,2025,2025-12-09,3610,2025-09-29,1820,51344,NA,1,5,6,3610,0,0,0,NA,0,CHARLI,EAST HIGHLAND AV,PALM AV,374,N,N,A,-,N,NA,NA,NA,NA,NA,NA,NA,NA,NA,Y,3,0,1,2,A,-,09,21801,A,N,D,C,A,A,H,-,B,D,0,NA,NA,NA,NA,Y,NA,I,12,0,1,0,0,0,0,0,0,0,-,-,34.135780334472656,-117.208740234375,SAN BERNARDINO,SAN BERNARDINO,-117.2087631225586,34.13576889038086
9886674,2025,2026-01-15,3610,2025-09-28,2237,51456,NA,7,5,6,3610,0,0,0,NA,0,CHARLI,N VICTORIA AV,E HIGHLAND AV E,0,NA,Y,A,-,N,NA,NA,NA,NA,NA,NA,NA,NA,NA,N,4,0,1,2,A,-,03,22350,NA,N,C,C,A,A,H,-,C,D,0,NA,NA,NA,NA,Y,NA,A,01,0,0,1,0,0,0,0,0,0,-,-,NA,NA,SAN BERNARDINO,SAN BERNARDINO,-117.22620391845705,34.13582992553711
9887365,2025,2025-12-03,3603,2025-10-21,1925,4861,CPD,2,5,4,3603,0,0,0,NA,0,004,E WASHINGTON ST,S RECHE CANYON RD,0,NA,Y,A,-,N,NA,NA,NA,NA,NA,NA,NA,NA,NA,N,4,0,2,2,A,-,12,21453,A,N,D,C,A,A,H,-,C,A,0,NA,NA,NA,NA,Y,NA,A,01,0,0,2,0,0,0,0,0,0,-,-,34.04964828491211,-117.28955841064452,SAN BERNARDINO,COLTON,-117.28958129882813,34.0496711730957
9888056,2025,2025-12-08,3610,2025-10-02,1730,51472,NA,4,5,6,3610,0,0,0,NA,0,DAVID,N STERLING AV,6TH ST,0,NA,Y,A,-,N,NA,NA,NA,NA,NA,NA,NA,NA,NA,Y,4,0,1,2,A,-,09,21804,A,N,D,D,A,-,H,-,-,D,0,NA,NA,NA,NA,Y,NA,A,01,0,0,1,0,0,0,0,0,0,-,-,NA,NA,SAN BERNARDINO,SAN BERNARDINO,-117.24369049072266,34.11017990112305
9888385,2025,2025-12-11,3603,2025-11-11,1710,4861,CPD,2,5,4,3603,0,0,0,NA,0,001,N RANCHO AV,W LONG BEACH DR,0,NA,Y,A,-,N,NA,NA,NA,NA,NA,NA,NA,NA,NA,N,3,0,1,2,A,-,09,21802,A,N,H,A,A,A,H,-,C,A,0,NA,NA,Y,NA,Y,NA,A,01,0,1,0,0,0,0,0,0,1,-,-,34.083778381347656,-117.33464050292967,SAN BERNARDINO,COLTON,-117.33438110351563,34.083961486816406
9888390,2025,2025-12-11,3603,2025-11-05,2103,5114,CPD,3,5,4,3603,0,0,0,NA,0,004,S RECHE CANYON RD,OLD RECHE CANYON RD,31,E,N,B,-,N,NA,NA,NA,NA,NA,NA,NA,NA,NA,N,3,0,1,2,A,-,09,21801,A,N,D,C,A,A,H,-,C,D,0,NA,NA,NA,NA,Y,NA,-,NA,0,1,0,0,0,0,0,0,0,-,-,34.025291442871094,-117.2778778076172,SAN BERNARDINO,COLTON,-117.2798080444336,34.02848434448242
9888927,2025,2025-12-17,3605,2025-11-02,7,520,NA,7,5,4,3605,0,0,0,NA,0,002,CANOGA ST,HELENA AV,27,W,N,A,-,N,NA,NA,NA,NA,NA,NA,NA,NA,NA,N,4,0,1,2,A,-,01,23153,A,N,C,E,A,A,H,-,C,D,0,NA,NA,NA,NA,Y,Y,D,22,0,0,1,0,0,0,0,0,0,-,-,34.065921783447266,-117.70230865478516,SAN BERNARDINO,MONTCLAIR,-117.7027587890625,34.06587219238281
9889206,2025,2025-12-11,3600,2025-11-17,1926,C9499,YC211,1,5,4,3640,0,0,0,NA,0,YC2,AVENUE E,BRYANT ST,0,NA,Y,C,-,N,NA,NA,NA,NA,NA,NA,NA,NA,NA,N,4,0,1,2,A,-,12,22450,A,N,D,C,A,B,H,-,C,A,0,NA,NA,NA,NA,Y,NA,A,01,0,0,1,0,0,0,0,0,0,-,-,NA,NA,SAN BERNARDINO,YUCAIPA,-117.03448486328124,34.026580810546875
9889394,2025,2025-12-16,3600,2025-11-16,855,H8288,HI005,7,5,4,3618,0,0,0,NA,0,HI1,BASELINE ST,MCKINLEY ST,0,NA,Y,A,-,N,NA,NA,NA,NA,NA,NA,NA,NA,NA,N,4,0,1,2,A,-,09,21801,A,N,D,C,A,A,H,-,A,D,0,NA,NA,NA,NA,Y,NA,A,01,0,0,1,0,0,0,0,0,0,-,-,34.121299743652344,-117.23748016357422,SAN BERNARDINO,HIGHLAND,-117.23745727539063,34.12130355834961
9889413,2025,2025-12-16,3608,2025-10-16,1508,3821,NA,4,5,5,3608,0,0,0,NA,0,NA,ALABAMA ST,COULSTON AV,0,NA,Y,A,-,N,NA,NA,NA,NA,NA,NA,NA,NA,NA,N,3,0,1,2,A,-,09,21804,A,F,D,J,A,A,H,-,A,A,0,NA,NA,NA,NA,Y,NA,M,94,0,1,0,0,0,0,0,0,0,-,-,NA,NA,SAN BERNARDINO,REDLANDS,-117.20874786376952,34.068904876708984
9889418,2025,2025-12-16,3608,2025-10-08,831,5232,NA,3,5,5,3608,0,0,0,NA,0,NA,W COLTON AV,ORANGE ST,0,NA,Y,A,-,N,NA,NA,NA,NA,NA,NA,NA,NA,NA,Y,3,0,2,2,A,-,09,21801,A,N,D,C,A,A,H,-,A,A,0,NA,NA,NA,NA,Y,NA,A,08,0,2,0,0,0,0,0,0,0,-,-,NA,NA,SAN BERNARDINO,REDLANDS,-117.18251800537108,34.06283187866211
9890208,2025,2025-11-17,3610,2025-09-28,1528,51447,NA,7,5,6,3610,0,0,0,NA,0,CHARLI,WATERMAN CANYON RD,ARROWHEAD SPRINGS RD,0,N,N,A,-,N,NA,NA,NA,NA,NA,NA,NA,NA,NA,Y,4,0,2,2,A,-,03,22350,NA,N,B,C,A,A,H,-,A,D,0,NA,NA,NA,NA,Y,NA,A,01,0,0,2,0,0,0,0,0,0,-,-,NA,NA,SAN BERNARDINO,SAN BERNARDINO,-117.27403259277344,34.18503189086914
9891240,2025,2025-12-09,3610,2025-09-29,1619,51632,NA,1,5,6,3610,0,0,0,NA,0,BAKER,W KENDALL DR,N E ST,0,NA,Y,A,C,N,NA,NA,NA,NA,NA,NA,NA,NA,NA,Y,3,0,1,2,A,-,03,22350,NA,N,A,C,A,A,H,-,A,D,0,NA,NA,NA,NA,Y,NA,A,01,0,1,0,0,0,0,0,0,0,-,-,34.161861419677734,-117.30043792724608,SAN BERNARDINO,SAN BERNARDINO,-117.30052185058594,34.161865234375
9892091,2025,2025-11-25,3600,2025-08-05,1927,J5504,TW004,2,5,3,3617,0,0,0,NA,0,TW1,TWO MILE RD,BAGLEY AV,0,NA,Y,A,-,N,NA,NA,NA,NA,NA,NA,NA,NA,NA,Y,3,0,1,2,A,-,09,21801,A,N,D,C,A,A,H,-,A,D,0,NA,NA,NA,NA,Y,NA,A,01,0,1,0,0,0,0,0,0,0,-,-,34.15013122558594,-116.05667114257813,SAN BERNARDINO,TWENTYNINE PALMS,-116.05670928955078,34.15013122558594
9892769,2025,2026-02-19,3600,2025-10-07,2036,D3381,VC069,2,5,5,3612,0,0,0,NA,0,VC5,RT 395,LUNA RD,0,NA,Y,A,-,Y,SBD,8,395,-,-,10.173,I,5,S,Y,4,0,1,3,A,-,12,21453,A,N,D,C,A,A,H,-,C,A,0,NA,NA,NA,Y,Y,NA,G,25,0,0,1,0,0,0,0,0,0,-,-,34.49222183227539,-117.39948272705078,SAN BERNARDINO,VICTORVILLE,-117.39955139160156,34.492225646972656
9893415,2025,2025-12-19,3600,2025-11-19,1012,F8489,AP008,3,5,5,3621,0,0,0,NA,0,AP3,SITTING BULL RD,TAWYA RD,0,NA,Y,B,-,N,NA,NA,NA,NA,NA,NA,NA,NA,NA,Y,3,0,3,2,A,-,03,22350,NA,N,C,C,A,A,H,-,A,D,0,NA,NA,NA,NA,Y,NA,A,01,0,2,1,0,0,0,0,0,0,-,-,NA,NA,SAN BERNARDINO,APPLE VALLEY,-117.23043060302734,34.48591232299805
9893677,2025,2025-12-22,3600,2025-10-17,1700,I5444,AP002,5,5,5,3621,0,0,0,NA,0,AP1,KAMANA RD,KOKANEE RD,0,NA,Y,A,-,N,NA,NA,NA,NA,NA,NA,NA,NA,NA,N,3,0,1,2,A,-,09,21801,A,N,D,C,A,A,H,-,A,D,0,NA,NA,Y,NA,Y,NA,A,01,0,1,0,0,0,0,0,0,1,-,-,NA,NA,SAN BERNARDINO,APPLE VALLEY,-117.26893615722656,34.54512405395508