CASE_ID,ACCIDENT_YEAR,PROC_DATE,JURIS,COLLISION_DATE,COLLISION_TIME,OFFICER_ID,REPORTING_DISTRICT,DAY_OF_WEEK,CHP_SHIFT,POPULATION,CNTY_CITY_LOC,SPECIAL_COND,BEAT_TYPE,CHP_BEAT_TYPE,CITY_DIVISION_LAPD,CHP_BEAT_CLASS,BEAT_NUMBER,PRIMARY_RD,SECONDARY_RD,DISTANCE,DIRECTION,INTERSECTION,WEATHER_1,WEATHER_2,STATE_HWY_IND,CALTRANS_COUNTY,CALTRANS_DISTRICT,STATE_ROUTE,ROUTE_SUFFIX,POSTMILE_PREFIX,POSTMILE,LOCATION_TYPE,RAMP_INTERSECTION,SIDE_OF_HWY,TOW_AWAY,COLLISION_SEVERITY,NUMBER_KILLED,NUMBER_INJURED,PARTY_COUNT,PRIMARY_COLL_FACTOR,PCF_CODE_OF_VIOL,PCF_VIOL_CATEGORY,PCF_VIOLATION,PCF_VIOL_SUBSECTION,HIT_AND_RUN,TYPE_OF_COLLISION,MVIW,PED_ACTION,ROAD_SURFACE,ROAD_COND_1,ROAD_COND_2,LIGHTING,CONTROL_DEVICE,CHP_ROAD_TYPE,PEDESTRIAN_ACCIDENT,BICYCLE_ACCIDENT,MOTORCYCLE_ACCIDENT,TRUCK_ACCIDENT,NOT_PRIVATE_PROPERTY,ALCOHOL_INVOLVED,STWD_VEHTYPE_AT_FAULT,CHP_VEHTYPE_AT_FAULT,COUNT_SEVERE_INJ,COUNT_VISIBLE_INJ,COUNT_COMPLAINT_PAIN,COUNT_PED_KILLED,COUNT_PED_INJURED,COUNT_BICYCLIST_KILLED,COUNT_BICYCLIST_INJURED,COUNT_MC_KILLED,COUNT_MC_INJURED,PRIMARY_RAMP,SECONDARY_RAMP,LATITUDE,LONGITUDE,COUNTY,CITY,POINT_X,POINT_Y
6437222,2014,2016-03-14,9835,2014-03-29,0250,20434,NA,6,3,9,3600,0,1,2,NA,1,014,RT 395,RT 58,71280,N,N,A,-,Y,SBD,8,395,-,-,58.2,H,-,S,Y,3,0,1,1,A,-,08,22107,NA,N,E,I,A,A,H,-,D,D,0,NA,NA,NA,NA,Y,Y,A,01,0,1,0,0,0,0,0,0,0,-,-,NA,NA,SAN BERNARDINO,UNINCORPORATED,-117.58984802,35.16546078
6437875,2014,2014-07-09,3600,2014-02-07,1359,D4305,AP003,5,5,5,3621,0,0,0,NA,0,AP1,CORWIN RD,RIMROCK RD N,0,NA,Y,A,-,N,NA,NA,NA,NA,NA,NA,NA,NA,NA,Y,2,0,3,2,A,-,09,21802,A,N,D,C,A,A,H,-,A,A,0,NA,NA,NA,NA,Y,NA,A,01,1,0,2,0,0,0,0,0,0,-,-,NA,NA,SAN BERNARDINO,APPLE VALLEY,-117.23685003,34.54991007
6437904,2014,2014-07-02,3608,2014-02-12,1433,4298,NA,3,5,5,3608,0,0,0,NA,0,NA,CITRUS AV,CHURCH ST,348,E,N,A,-,N,NA,NA,NA,NA,NA,NA,NA,NA,NA,Y,4,0,1,2,A,-,03,22350,NA,N,C,C,A,A,H,-,A,D,0,NA,NA,NA,NA,Y,NA,A,01,0,0,1,0,0,0,0,0,0,-,-,NA,NA,SAN BERNARDINO,REDLANDS,-117.17270475,34.05554
6437943,2014,2016-01-19,9860,2014-02-02,1230,18167,NA,7,1,6,3610,0,1,1,NA,2,214,RT 215,2ND ST,200,S,N,A,-,Y,SBD,8,215,-,-,6.75,H,-,N,Y,4,0,1,1,A,-,08,22107,NA,N,E,I,A,A,H,-,A,D,1,NA,NA,NA,NA,Y,NA,A,01,0,0,1,0,0,0,0,0,0,-,-,34.10141,-117.30156,SAN BERNARDINO,SAN BERNARDINO,-117.30182103,34.10187192
6439714,2014,2014-06-30,3608,2014-03-13,1037,3675,NA,4,5,5,3608,0,0,0,NA,0,NA,ALABAMA AV,ORANGE AV,400,S,N,A,-,N,NA,NA,NA,NA,NA,NA,NA,NA,NA,Y,2,0,1,2,A,-,08,22107,NA,N,D,G,A,A,H,-,A,D,0,NA,Y,NA,NA,Y,NA,L,04,1,0,0,0,0,0,1,0,0,-,-,NA,NA,SAN BERNARDINO,REDLANDS,-117.20869455,34.05089439
6440270,2014,2014-07-02,3600,2014-03-31,1544,D5272,011,1,5,6,3616,0,0,0,NA,0,005,ETIWANDA AV,BASELINE RD,35,S,N,A,-,N,NA,NA,NA,NA,NA,NA,NA,NA,NA,Y,4,0,1,2,A,-,03,22350,NA,N,C,C,A,A,H,-,A,A,0,NA,NA,NA,NA,Y,NA,A,01,0,0,1,0,0,0,0,0,0,-,-,NA,NA,SAN BERNARDINO,RANCHO CUCAMONGA,-117.52354362,34.12085424
6441656,2014,2016-02-23,9870,2014-03-12,2230,020280,NA,3,3,9,3600,0,1,3,NA,1,041,RT 62,STEEG RD,0,NA,Y,A,-,Y,SBD,8,62,-,-,42.29,H,-,W,N,3,0,1,1,A,-,08,22107,NA,N,F,I,A,A,H,-,C,D,0,NA,NA,NA,NA,Y,NA,D,22,0,1,0,0,0,0,0,0,0,-,-,34.8113,-115.5451,SAN BERNARDINO,UNINCORPORATED,-115.90085259,34.12585587
6442830,2014,2014-07-09,9855,2014-02-13,1122,013175,NA,4,1,9,3600,0,3,5,NA,2,001,ELM ST,SAN BERNARDINO AV,1004,N,N,A,-,N,NA,NA,NA,NA,NA,NA,NA,NA,NA,Y,2,0,2,2,A,-,08,22107,NA,N,C,E,A,A,E,-,A,D,0,NA,NA,NA,NA,Y,NA,A,07,1,0,1,0,0,0,0,0,0,-,-,NA,NA,SAN BERNARDINO,UNINCORPORATED,-117.46681775,34.08022097
6442846,2014,2014-07-09,9855,2014-02-17,1545,11738,NA,1,2,6,3607,0,1,1,NA,2,152,RT 15,JURUPA ST,2000,N,N,A,-,Y,NA,NA,15,NA,NA,NA,NA,NA,NA,N,4,0,1,2,A,-,03,22350,NA,N,C,C,A,A,H,-,A,D,0,NA,NA,NA,NA,Y,NA,A,07,0,0,1,0,0,0,0,0,0,-,-,34.0535,-117.5478,SAN BERNARDINO,ONTARIO,-117.54786262,34.05352894
6444741,2014,2014-07-08,3607,2014-03-14,2120,80287,222,5,5,6,3607,0,0,0,NA,0,052,PHILADELPHIA ST,MOUNTAIN AV,300,W,N,A,-,N,NA,NA,NA,NA,NA,NA,NA,NA,NA,Y,4,0,5,3,A,-,01,23152,A,N,C,C,A,A,H,-,C,A,0,NA,NA,NA,NA,Y,Y,-,NA,0,0,5,0,0,0,0,0,0,-,-,NA,NA,SAN BERNARDINO,ONTARIO,-117.67003731,34.03371
6444771,2014,2014-07-09,3607,2014-03-05,2109,80447,850,3,5,6,3607,0,0,0,NA,0,081,ARCHIBALD AV,MERRILL AV,350,S,N,A,-,N,NA,NA,NA,NA,NA,NA,NA,NA,NA,Y,3,0,1,1,A,-,03,22350,NA,N,E,I,A,A,-,-,D,D,0,NA,NA,NA,NA,Y,NA,-,NA,0,1,0,0,0,0,0,0,0,-,-,NA,NA,SAN BERNARDINO,ONTARIO,-117.593337,33.98179083
6445830,2014,2014-06-13,3611,2014-01-27,0816,1323,NA,1,5,5,3611,0,0,0,NA,0,003,14TH ST,2ND AV,0,NA,Y,A,-,N,NA,NA,NA,NA,NA,NA,NA,NA,NA,N,4,0,2,3,A,-,10,21950,A,N,G,B,B,A,H,-,A,A,0,Y,NA,NA,NA,Y,NA,-,NA,0,0,2,0,2,0,0,0,0,-,-,NA,NA,SAN BERNARDINO,UPLAND,-117.6485601,34.11428009
6447788,2014,2014-06-20,9855,2014-02-28,0350,17495,NA,5,3,6,3604,0,1,1,NA,2,101,RT 10,CHERRY AV,200,E,N,C,-,Y,NA,NA,10,NA,NA,NA,NA,NA,NA,Y,3,0,3,1,A,-,08,22107,NA,N,E,I,A,B,D,-,C,D,0,NA,NA,NA,NA,Y,NA,A,07,0,1,2,0,0,0,0,0,0,-,-,34.0662,-117.48706,SAN BERNARDINO,FONTANA,-117.48706113,34.0661731
6450070,2014,2016-03-14,9855,2014-02-20,0640,014688,NA,4,1,6,3607,0,1,1,NA,2,152,RT 15,JURUPA ST,6,N,N,A,-,Y,SBD,8,15,-,-,1.251,H,-,S,N,4,0,1,2,A,-,03,22350,NA,N,C,C,A,A,H,-,A,A,1,NA,NA,NA,NA,Y,NA,A,07,0,0,1,0,0,0,0,0,0,TO,-,NA,NA,SAN BERNARDINO,ONTARIO,-117.54878084,34.05164495
6450463,2014,2014-07-12,3604,2014-07-02,1743,683,NA,3,5,6,3604,0,0,0,NA,0,NA,CHERRY AV,LIVE OAK AV,527,N,N,A,-,N,NA,NA,NA,NA,NA,NA,NA,NA,NA,N,3,0,1,2,A,-,09,21802,A,N,D,C,A,A,H,-,A,D,0,NA,NA,NA,NA,Y,NA,A,01,0,1,0,0,0,0,0,0,0,-,-,NA,NA,SAN BERNARDINO,FONTANA,-117.49396523,34.03736137
6450647,2014,2016-01-22,9860,2014-03-22,0419,00001,NA,6,3,6,3610,0,1,1,NA,2,202,RT 210,DEL ROSA AV,700,E,N,A,-,Y,SBD,8,210,-,R,25.88,H,-,E,Y,2,0,2,1,A,-,01,23152,A,F,E,I,A,A,H,-,C,D,1,NA,NA,NA,NA,Y,Y,A,01,2,0,0,0,0,0,0,0,0,-,-,34.14125,-117.24995,SAN BERNARDINO,SAN BERNARDINO,-117.2502964,34.1415924
6451651,2014,2016-02-20,9860,2014-02-27,0540,13969,NA,4,3,4,3603,0,1,1,NA,2,214,RT 215,BARTON RD,2640,S,N,B,C,Y,SBD,8,215,-,-,0.81,H,-,S,N,4,0,3,2,A,-,03,22350,NA,N,C,C,A,B,D,-,B,D,1,NA,NA,NA,NA,Y,NA,A,01,0,0,3,0,0,0,0,0,0,-,-,34.02856,-117.33105,SAN BERNARDINO,COLTON,-117.33093939,34.02869722
6451653,2014,2014-06-26,9860,2014-02-23,1515,19429,NA,7,2,9,3600,0,1,1,NA,2,102,RT 10,CEDAR AV,100,W,N,A,-,Y,NA,NA,NA,NA,NA,NA,NA,NA,NA,N,4,0,1,2,A,-,21,22106,NA,N,C,C,A,A,H,-,A,A,0,NA,NA,NA,NA,Y,NA,A,07,0,0,1,0,0,0,0,0,0,TO,-,34.06217,-117.39565,SAN BERNARDINO,UNINCORPORATED,-117.39641888,34.06859735
6451664,2014,2016-01-19,9860,2014-02-12,1250,13969,NA,3,1,6,3610,0,1,1,NA,2,216,RT 215,PALM AV,0,S,N,A,-,Y,SBD,8,215,-,-,13.877,R,4,S,Y,3,0,1,1,A,-,08,22107,NA,N,E,J,A,A,H,-,A,A,1,NA,NA,NA,NA,Y,NA,A,07,0,1,0,0,0,0,0,0,0,FR,-,34.18892,-117.35978,SAN BERNARDINO,SAN BERNARDINO,-117.35837104,34.18882735
6452679,2014,2014-07-08,3600,2014-03-22,2055,B6735,RC011,6,5,6,3616,0,0,0,NA,0,005,BASELINE RD,VICTORIA PARK LN,0,NA,Y,A,-,N,NA,NA,NA,NA,NA,NA,NA,NA,NA,Y,2,0,2,1,A,-,01,23152,A,N,E,I,A,A,H,-,C,A,0,NA,NA,NA,NA,Y,Y,D,22,1,0,1,0,0,0,0,0,0,-,-,NA,NA,SAN BERNARDINO,RANCHO CUCAMONGA,-117.52955008,34.12108007
6452742,2014,2014-07-19,3608,2014-03-21,2206,4202,3608,5,5,5,3608,0,0,0,NA,0,NA,FORD ST,FAIRVIEW LN,180,N,N,A,-,N,NA,NA,NA,NA,NA,NA,NA,NA,NA,Y,3,0,1,1,A,-,01,23152,A,N,F,I,A,A,H,-,C,D,0,NA,NA,NA,NA,Y,Y,A,01,0,1,0,0,0,0,0,0,0,-,-,NA,NA,SAN BERNARDINO,REDLANDS,-117.15631248,34.04778293
6452916,2014,2014-07-09,9865,2014-04-10,2050,17673,NA,4,2,9,3600,0,3,5,NA,2,001,OLD MILL RD,RT 138,1584,S,N,A,-,N,NA,NA,NA,NA,NA,NA,NA,NA,NA,Y,4,0,1,1,A,-,03,22350,NA,N,E,I,A,A,H,-,D,D,0,NA,NA,NA,NA,Y,NA,A,01,0,0,1,0,0,0,0,0,0,-,-,34.25648,-117.29542,SAN BERNARDINO,UNINCORPORATED,-117.29418,34.25553895
6453947,2014,2014-07-22,9850,2014-04-11,1945,014858,NA,5,2,9,3600,0,3,5,NA,2,005,LAKE VIEW DR,CLUBHOUSE DR,94,N,N,A,-,N,NA,NA,NA,NA,NA,NA,NA,NA,NA,N,3,0,1,2,A,-,01,23152,A,N,B,A,A,A,H,-,D,D,0,NA,NA,Y,NA,Y,Y,C,02,0,1,0,0,0,0,0,0,1,-,-,34.75479,-117.34316,SAN BERNARDINO,UNINCORPORATED,-117.34322183,34.75474884
6455696,2014,2016-02-20,9860,2014-03-19,0545,013969,NA,3,3,4,3603,0,1,1,NA,2,214,RT 215,MAIN ST,340,N,N,A,-,Y,SBD,8,215,-,-,0.46,H,-,N,Y,2,0,1,2,A,-,03,22350,NA,N,C,C,A,A,D,-,B,D,1,NA,NA,Y,NA,Y,NA,C,02,1,0,0,0,0,0,0,0,1,-,-,34.02011,-117.33868,SAN BERNARDINO,COLTON,-117.33478567,34.02459289
6456405,2014,2015-03-04,3604,2014-04-06,1458,680,NA,7,5,6,3604,0,0,0,NA,0,NA,ALDER,FAIRFAX,0,NA,Y,A,-,N,NA,NA,NA,NA,NA,NA,NA,NA,NA,Y,3,0,1,2,A,-,03,22350,NA,N,C,C,A,A,H,-,A,D,0,NA,NA,NA,NA,Y,NA,D,22,0,1,0,0,0,0,0,0,0,-,-,NA,NA,SAN BERNARDINO,FONTANA,-117.4183901,34.11309002
6458962,2014,2014-07-14,3605,2014-04-25,2247,353,NA,5,5,4,3605,0,0,0,NA,0,NA,CENTRAL AV,SAN BERNARDINO ST,0,NA,Y,C,-,N,NA,NA,NA,NA,NA,NA,NA,NA,NA,N,4,0,3,2,A,-,09,21800,D,N,D,C,A,B,H,-,C,B,0,NA,NA,NA,NA,Y,NA,A,01,0,0,3,0,0,0,0,0,0,-,-,NA,NA,SAN BERNARDINO,MONTCLAIR,-117.68961009,34.07767012
6459298,2014,2014-07-14,9835,2014-04-26,1505,020648,NA,6,2,9,3600,0,3,5,NA,2,034,MARKS RD,CLAY RIVER RD,0,NA,Y,A,-,N,NA,NA,NA,NA,NA,NA,NA,NA,NA,N,4,0,1,2,A,-,09,21802,A,N,D,C,A,A,H,-,A,D,0,NA,NA,Y,NA,Y,NA,A,01,0,0,1,0,0,0,0,0,1,-,-,NA,NA,SAN BERNARDINO,UNINCORPORATED,-116.97095,34.89118009
6459554,2014,2016-04-16,3607,2014-05-01,1133,14983,126,4,5,6,3607,0,0,0,NA,0,012,EUCLID AV,B ST,0,NA,Y,A,-,Y,SBD,8,83,-,-,9.55,H,-,S,Y,4,0,1,2,A,-,03,22350,NA,M,C,C,A,A,H,-,A,A,0,NA,NA,NA,NA,Y,NA,-,NA,0,0,1,0,0,0,0,0,0,-,-,NA,NA,SAN BERNARDINO,ONTARIO,-117.65121171,34.064688
6460192,2014,2015-09-11,3604,2014-03-29,2116,295,3604,6,5,6,3604,0,0,0,NA,0,003,RT 66,PALMETTO AV,0,NA,Y,A,-,N,NA,NA,NA,NA,NA,NA,NA,NA,NA,N,4,0,1,2,A,-,08,22107,NA,F,G,B,B,A,H,-,C,A,0,Y,NA,NA,NA,Y,NA,A,01,0,0,1,0,1,0,0,0,0,-,-,NA,NA,SAN BERNARDINO,FONTANA,-117.4270995,34.106652
6460199,2014,2014-07-05,3603,2014-03-15,1706,CL4131,COLTO,6,5,4,3603,0,0,0,NA,0,004,E WASHINGTON ST,R V CENTER DR,600,W,N,A,-,N,NA,NA,NA,NA,NA,NA,NA,NA,NA,Y,4,0,1,1,A,-,03,22350,NA,N,E,J,A,A,H,-,A,A,0,NA,NA,NA,NA,Y,NA,A,01,0,0,1,0,0,0,0,0,0,-,-,NA,NA,SAN BERNARDINO,COLTON,-117.31904581,34.04570442
6460212,2014,2014-07-05,9860,2014-03-17,0810,19763,NA,1,1,9,3600,0,2,4,NA,1,410,VALLEY BL,CEDAR AV,0,NA,Y,A,-,N,NA,NA,NA,NA,NA,NA,NA,NA,NA,Y,4,0,1,2,A,-,08,22107,NA,N,B,C,A,A,H,-,A,A,0,NA,NA,NA,NA,Y,NA,A,01,0,0,1,0,0,0,0,0,0,-,-,34.07029,-117.39604,SAN BERNARDINO,UNINCORPORATED,-117.39610007,34.07048005
6460265,2014,2015-09-11,9860,2014-03-08,1828,19251,NA,6,2,9,3600,0,3,5,NA,2,004,RECHE CANYON RD,CRYSTAL RIDGE LN,100,S,N,A,-,N,NA,NA,NA,NA,NA,NA,NA,NA,NA,Y,4,0,1,3,A,-,05,21460,A,N,A,C,A,A,H,-,D,D,0,NA,NA,NA,NA,Y,NA,A,08,0,0,1,0,0,0,0,0,0,-,-,34.029,-117.28,SAN BERNARDINO,UNINCORPORATED,-117.27970296,34.02831493
6460297,2014,2014-07-07,9860,2014-03-14,1058,19269,NA,5,1,9,3600,0,3,5,NA,2,003,RECHE CANYON RD,RIVERSIDE/SAN BERNARDINO COUNTY LINE,410,N,N,A,-,N,NA,NA,NA,NA,NA,NA,NA,NA,NA,N,2,0,1,1,A,-,08,22107,NA,N,F,A,A,A,H,-,A,D,0,NA,NA,Y,NA,Y,NA,C,02,1,0,0,0,0,0,0,0,1,-,-,34.01938,-117.27059,SAN BERNARDINO,UNINCORPORATED,-117.27066725,34.01940474
6461873,2014,2015-03-12,9835,2014-04-15,1700,17775,NA,2,2,9,3600,0,3,5,NA,2,037,AMBOY RD,NATIONAL TRAILS HWY,1584,S,N,A,-,N,NA,NA,NA,NA,NA,NA,NA,NA,NA,Y,4,0,1,1,A,-,08,22107,NA,N,F,A,A,A,H,-,D,D,0,NA,NA,NA,NA,Y,NA,D,22,0,0,1,0,0,0,0,0,0,-,-,34.5534,-115.75282,SAN BERNARDINO,UNINCORPORATED,-115.75254433,34.55326391
6465639,2014,2014-06-13,3600,2014-01-09,1758,D8554,AP009,4,5,5,3621,0,0,0,NA,0,AP3,APPLE VALLEY RD,PIMLICO RD,11,S,N,A,-,N,NA,NA,NA,NA,NA,NA,NA,NA,NA,Y,4,0,1,2,A,-,09,21801,A,N,A,C,A,A,H,-,C,A,0,NA,NA,NA,NA,Y,NA,-,NA,0,0,1,0,0,0,0,0,0,-,-,NA,NA,SAN BERNARDINO,APPLE VALLEY,-117.24236874,34.47416989
6468276,2014,2014-07-23,3604,2014-04-09,0803,925,NA,3,5,6,3604,0,0,0,NA,0,NA,VALLEY BL,PALMETTO,786,E,N,B,-,N,NA,NA,NA,NA,NA,NA,NA,NA,NA,Y,4,0,1,2,A,-,08,22100,B,N,D,C,A,A,H,-,A,A,0,NA,NA,NA,NA,Y,NA,D,22,0,0,1,0,0,0,0,0,0,-,-,NA,NA,SAN BERNARDINO,FONTANA,-117.42435207,34.07042
6469405,2014,2014-06-18,3611,2014-01-02,2128,2304,NA,4,5,5,3611,0,0,0,NA,0,001,EUCLID AV,23RD ST,0,NA,Y,A,-,N,NA,NA,NA,NA,NA,NA,NA,NA,NA,Y,3,0,4,2,A,-,01,23152,A,N,D,C,A,A,H,-,C,D,0,NA,NA,NA,NA,Y,Y,A,01,0,1,3,0,0,0,0,0,0,-,-,NA,NA,SAN BERNARDINO,UPLAND,-117.6515101,34.14695012
6469495,2014,2014-07-18,3607,2014-03-31,1725,80250,72,1,5,6,3607,0,0,0,NA,0,041,ARCHIBALD AV,INLAND EMPIRE BL,800,N,N,A,-,N,NA,NA,NA,NA,NA,NA,NA,NA,NA,Y,4,0,1,1,C,-,18,NA,NA,N,E,J,A,A,H,-,A,D,0,NA,NA,NA,NA,Y,NA,-,-,0,0,1,0,0,0,0,0,0,-,-,NA,NA,SAN BERNARDINO,ONTARIO,-117.59331,34.07171397
6470188,2014,2016-03-15,9855,2014-02-02,1410,12480,NA,7,2,6,3607,0,1,1,NA,2,101,RT 10,MILLIKEN AV,948,W,N,A,-,Y,SBD,8,10,-,-,9,H,-,E,Y,4,0,1,3,A,-,03,22350,NA,N,C,C,A,A,H,-,A,D,1,NA,NA,NA,NA,Y,NA,A,08,0,0,1,0,0,0,0,0,0,-,-,34.60661,-117.5614,SAN BERNARDINO,ONTARIO,-117.56127357,34.06738663
6470297,2014,2016-03-15,9855,2014-03-14,2313,019138,NA,5,3,6,3616,0,1,1,NA,2,201,RT 210,ETIWANDA AV,1000,E,N,A,-,Y,SBD,8,210,-,-,10.11,H,-,E,Y,3,0,1,3,A,-,08,22107,NA,F,D,C,A,A,H,-,C,D,1,NA,NA,NA,NA,Y,NA,-,99,0,1,0,0,0,0,0,0,0,-,-,34.13615,-117.5217,SAN BERNARDINO,RANCHO CUCAMONGA,-117.52019448,34.13618811
6470429,2014,2016-02-22,3600,2014-03-18,1618,D9362,AP002,2,5,5,3621,0,0,0,NA,0,AP1,RT 18,APPLE VALLEY RD,1320,W,N,A,-,Y,SBD,8,18,-,-,91.19,H,-,S,N,4,0,1,2,A,-,03,22350,NA,N,C,C,A,A,H,-,B,A,0,NA,NA,NA,NA,Y,NA,D,22,0,0,1,0,0,0,0,0,0,-,-,NA,NA,SAN BERNARDINO,APPLE VALLEY,-117.22051922,34.52611286
6470437,2014,2015-02-26,3600,2014-03-14,2353,D4321,AP008,5,5,5,3621,0,0,0,NA,0,AP3,KIOWA RD,OTTAWA RD,0,NA,Y,A,-,N,NA,NA,NA,NA,NA,NA,NA,NA,NA,Y,2,0,2,3,A,-,01,23152,NA,N,B,C,A,A,H,-,C,A,0,NA,NA,NA,NA,Y,Y,A,01,1,0,1,0,0,0,0,0,0,-,-,NA,NA,SAN BERNARDINO,APPLE VALLEY,-117.20766006,34.49314004
6471551,2014,2014-07-14,3604,2014-04-12,1529,768,NA,6,5,6,3604,0,0,0,NA,0,NA,SLOVER AV,EMPIRE CENTER BL,0,NA,Y,A,-,N,NA,NA,NA,NA,NA,NA,NA,NA,NA,Y,4,0,2,2,A,-,03,22350,NA,N,C,C,A,A,H,-,A,A,0,NA,NA,NA,NA,Y,NA,D,22,0,0,2,0,0,0,0,0,0,-,-,NA,NA,SAN BERNARDINO,FONTANA,-117.42812005,34.06312003
6471820,2014,2014-07-22,3608,2014-04-11,2119,3638,NA,5,5,5,3608,0,0,0,NA,0,NA,LUGONIA AV,LINCOLN ST,0,NA,Y,A,-,N,NA,NA,NA,NA,NA,NA,NA,NA,NA,Y,3,0,1,2,A,-,09,21801,A,F,D,C,A,A,H,-,C,D,0,NA,NA,Y,NA,Y,NA,-,NA,0,1,0,0,0,0,0,0,1,-,-,NA,NA,SAN BERNARDINO,REDLANDS,-117.15197004,34.07006009
6471840,2014,2014-07-22,3608,2014-04-12,1941,3969,NA,6,5,5,3608,0,0,0,NA,0,NA,ALABAMA ST,INDUSTRIAL AV,100,N,N,A,-,N,NA,NA,NA,NA,NA,NA,NA,NA,NA,N,4,0,1,2,A,-,03,22350,NA,N,C,C,A,A,H,-,C,A,0,NA,NA,NA,NA,Y,NA,A,01,0,0,1,0,0,0,0,0,0,-,-,NA,NA,SAN BERNARDINO,REDLANDS,-117.20876098,34.06471662
6473623,2014,2015-12-07,9835,2014-04-14,1815,18372,NA,1,2,9,3600,0,3,5,NA,2,032,NATIONAL TRAILS HWY,HODGE RD,100,N,N,A,-,N,NA,NA,NA,NA,NA,NA,NA,NA,NA,Y,3,0,2,1,A,-,08,22107,NA,N,E,I,A,A,H,-,A,D,0,NA,NA,NA,NA,Y,NA,A,01,0,1,1,0,0,0,0,0,0,-,-,NA,NA,SAN BERNARDINO,UNINCORPORATED,-117.21934229,34.798851
6474822,2014,2016-03-14,9855,2014-03-18,0755,11856,NA,2,1,6,3607,0,1,1,NA,2,152,RT 15,JURUPA ST,1584,N,N,A,-,Y,SBD,8,15,-,-,1.32,H,-,S,N,4,0,1,2,A,-,03,22350,NA,N,C,C,A,A,H,-,A,D,1,NA,NA,NA,NA,Y,NA,A,01,0,0,1,0,0,0,0,0,0,-,-,34.05236,-117.5483,SAN BERNARDINO,ONTARIO,-117.54833084,34.05254826
6475324,2014,2014-07-21,3607,2014-04-08,1531,80248,131,2,5,6,3607,0,0,0,NA,0,022,GROVE AV,HOLT BL,300,S,N,A,-,N,NA,NA,NA,NA,NA,NA,NA,NA,NA,N,4,0,2,2,A,-,03,22350,NA,N,C,C,A,A,H,-,A,A,0,NA,NA,NA,NA,Y,NA,-,NA,0,0,2,0,0,0,0,0,0,-,-,NA,NA,SAN BERNARDINO,ONTARIO,-117.6285,34.06342
6475643,2014,2014-07-07,3607,2014-03-27,1544,80248,204,4,5,6,3607,0,0,0,NA,0,061,FRANCIS ST,SULTANA AV,25,W,N,A,-,N,NA,NA,NA,NA,NA,NA,NA,NA,NA,N,4,0,1,2,A,-,03,22350,NA,N,C,C,A,A,H,-,A,A,0,NA,NA,NA,NA,Y,NA,-,NA,0,0,1,0,0,0,0,0,0,-,-,NA,NA,SAN BERNARDINO,ONTARIO,-117.6460023,34.04109936
6475842,2014,2016-04-16,9835,2014-04-17,1930,20434,NA,4,2,9,3600,0,1,1,NA,2,072,RT 15,FT IRWIN,286,S,N,A,-,Y,SBD,8,15,-,-,79.54,H,-,N,Y,3,0,1,2,A,-,01,23152,A,N,E,I,A,A,H,-,D,D,1,NA,NA,NA,NA,Y,Y,A,01,0,1,0,0,0,0,0,0,0,-,-,34.8901,-117.0009,SAN BERNARDINO,UNINCORPORATED,-116.92723481,34.90180467
6476904,2014,2014-07-11,3605,2014-04-19,1559,272,NA,6,5,4,3605,0,0,0,NA,0,NA,CENTRAL AV,COSCO DR,109,S,N,A,-,N,NA,NA,NA,NA,NA,NA,NA,NA,NA,Y,4,0,1,2,A,-,03,22350,NA,N,C,C,A,A,H,-,A,D,0,NA,NA,NA,NA,Y,NA,A,01,0,0,1,0,0,0,0,0,0,-,-,NA,NA,SAN BERNARDINO,MONTCLAIR,-117.68965065,34.08329606
6477655,2014,2014-07-21,3607,2014-04-20,1616,80326,13,7,5,6,3607,0,0,0,NA,0,021,6TH ST,HOLMES CT,50,W,N,A,-,N,NA,NA,NA,NA,NA,NA,NA,NA,NA,Y,3,0,2,2,A,-,21,22106,NA,N,D,C,A,A,H,-,A,D,0,NA,NA,NA,NA,Y,NA,-,NA,0,1,1,0,0,0,0,0,0,-,-,NA,NA,SAN BERNARDINO,ONTARIO,-117.63346469,34.08522947
6479125,2014,2014-07-11,3600,2014-04-25,2123,E2055,VC008,5,5,5,3612,0,0,0,NA,0,VC1,7TH ST,D ST,12,S,N,C,-,N,NA,NA,NA,NA,NA,NA,NA,NA,NA,Y,4,0,1,2,A,-,03,22350,NA,N,C,C,A,B,H,-,C,A,0,NA,NA,NA,NA,Y,NA,A,01,0,0,1,0,0,0,0,0,0,-,-,NA,NA,SAN BERNARDINO,VICTORVILLE,-117.29287697,34.53629587
6482580,2014,2014-07-14,3600,2014-04-28,1743,D5273,LL014,1,5,3,3615,0,0,0,NA,0,LL2,BARTON RD,HILLCREST ST,58,W,N,A,-,N,NA,NA,NA,NA,NA,NA,NA,NA,NA,N,4,0,1,3,A,-,03,22350,NA,N,C,C,A,-,H,-,A,A,0,NA,NA,NA,NA,Y,NA,-,NA,0,0,1,0,0,0,0,0,0,-,-,NA,NA,SAN BERNARDINO,LOMA LINDA,-117.25793088,34.04843
6482583,2014,2014-07-14,3608,2014-04-21,1517,3821,NA,1,5,5,3608,0,0,0,NA,0,NA,CALIFORNIA ST,SAN BERNARDINO AV,0,NA,Y,A,-,N,NA,NA,NA,NA,NA,NA,NA,NA,NA,Y,3,0,1,2,A,-,12,21453,A,N,D,C,A,A,H,-,A,A,0,NA,NA,NA,NA,Y,NA,A,01,0,1,0,0,0,0,0,0,0,-,-,NA,NA,SAN BERNARDINO,REDLANDS,-117.22619003,34.07757011
6483194,2014,2016-02-22,3609,2014-05-25,0115,5733,98,7,5,5,3609,0,0,0,NA,0,002,BASELINE RD,WILLOW AV,0,NA,Y,A,-,N,NA,NA,NA,NA,NA,NA,NA,NA,NA,Y,4,0,3,2,A,-,17,21461,A,N,C,C,A,A,H,-,C,A,0,NA,NA,NA,NA,Y,NA,A,01,0,0,3,0,0,0,0,0,0,-,-,NA,NA,SAN BERNARDINO,RIALTO,-117.3748,34.12136009
6486446,2014,2014-08-06,9850,2014-05-19,2210,17730,NA,1,3,9,3600,0,3,5,NA,2,005,DUNCAN RD,OASIS RD,0,NA,Y,A,-,N,NA,NA,NA,NA,NA,NA,NA,NA,NA,Y,4,0,1,1,A,-,12,22450,A,N,E,I,A,A,H,-,D,A,0,NA,NA,NA,NA,Y,NA,D,22,0,0,1,0,0,0,0,0,0,-,-,34.4702,-117.6435,SAN BERNARDINO,UNINCORPORATED,-117.64320374,34.46976166