CASE_ID,ACCIDENT_YEAR,PROC_DATE,JURIS,COLLISION_DATE,COLLISION_TIME,OFFICER_ID,REPORTING_DISTRICT,DAY_OF_WEEK,CHP_SHIFT,POPULATION,CNTY_CITY_LOC,SPECIAL_COND,BEAT_TYPE,CHP_BEAT_TYPE,CITY_DIVISION_LAPD,CHP_BEAT_CLASS,BEAT_NUMBER,PRIMARY_RD,SECONDARY_RD,DISTANCE,DIRECTION,INTERSECTION,WEATHER_1,WEATHER_2,STATE_HWY_IND,CALTRANS_COUNTY,CALTRANS_DISTRICT,STATE_ROUTE,ROUTE_SUFFIX,POSTMILE_PREFIX,POSTMILE,LOCATION_TYPE,RAMP_INTERSECTION,SIDE_OF_HWY,TOW_AWAY,COLLISION_SEVERITY,NUMBER_KILLED,NUMBER_INJURED,PARTY_COUNT,PRIMARY_COLL_FACTOR,PCF_CODE_OF_VIOL,PCF_VIOL_CATEGORY,PCF_VIOLATION,PCF_VIOL_SUBSECTION,HIT_AND_RUN,TYPE_OF_COLLISION,MVIW,PED_ACTION,ROAD_SURFACE,ROAD_COND_1,ROAD_COND_2,LIGHTING,CONTROL_DEVICE,CHP_ROAD_TYPE,PEDESTRIAN_ACCIDENT,BICYCLE_ACCIDENT,MOTORCYCLE_ACCIDENT,TRUCK_ACCIDENT,NOT_PRIVATE_PROPERTY,ALCOHOL_INVOLVED,STWD_VEHTYPE_AT_FAULT,CHP_VEHTYPE_AT_FAULT,COUNT_SEVERE_INJ,COUNT_VISIBLE_INJ,COUNT_COMPLAINT_PAIN,COUNT_PED_KILLED,COUNT_PED_INJURED,COUNT_BICYCLIST_KILLED,COUNT_BICYCLIST_INJURED,COUNT_MC_KILLED,COUNT_MC_INJURED,PRIMARY_RAMP,SECONDARY_RAMP,LATITUDE,LONGITUDE,COUNTY,CITY,POINT_X,POINT_Y
6621715,2014,2014-09-27,3601,2014-03-11,0129,P76,NA,2,5,3,3601,0,0,0,NA,0,004,LENWOOD RD,TORTOISE RD,0,NA,N,-,-,N,NA,NA,NA,NA,NA,NA,NA,NA,NA,Y,3,0,2,1,A,-,03,22350,NA,N,-,-,A,-,-,-,-,-,0,NA,NA,NA,NA,Y,NA,-,-,0,2,0,0,0,0,0,0,0,-,-,NA,NA,SAN BERNARDINO,BARSTOW,-117.10030003,34.86692005
6621770,2014,2014-09-22,3611,2014-04-19,2059,2769,NA,6,5,5,3611,0,0,0,NA,0,NA,19TH ST,VALLEJO WY,158,E,N,A,-,N,NA,NA,NA,NA,NA,NA,NA,NA,NA,Y,4,0,1,2,A,-,08,22107,NA,N,C,E,A,A,H,-,C,D,0,NA,NA,NA,NA,Y,NA,A,01,0,0,1,0,0,0,0,0,0,-,-,NA,NA,SAN BERNARDINO,UPLAND,-117.65968929,34.13240543
6621820,2014,2014-09-25,3600,2014-08-29,1447,B7126,VC023,5,5,5,3612,0,0,0,NA,0,VC3,HESPERIA RD,COMANCHE ST,0,NA,Y,A,-,N,NA,NA,NA,NA,NA,NA,NA,NA,NA,Y,4,0,2,2,A,-,09,21801,A,N,A,C,A,A,H,-,A,D,0,NA,NA,NA,NA,Y,NA,A,01,0,0,2,0,0,0,0,0,0,-,-,NA,NA,SAN BERNARDINO,VICTORVILLE,-117.29060006,34.4818301
6621825,2014,2014-09-22,3611,2014-04-11,1116,2365,2   4,5,5,5,3611,0,0,0,NA,0,002,BENSON AV,7TH ST,0,NA,Y,A,-,N,NA,NA,NA,NA,NA,NA,NA,NA,NA,Y,3,0,2,2,A,-,12,21453,A,N,D,C,A,A,H,-,A,A,0,NA,NA,NA,NA,Y,NA,A,07,0,1,1,0,0,0,0,0,0,-,-,NA,NA,SAN BERNARDINO,UPLAND,-117.68087,34.08874008
6621833,2014,2014-09-22,3611,2014-04-08,0743,2387,NA,2,5,5,3611,0,0,0,NA,0,002,BENSON AV,7TH ST,0,NA,Y,A,-,N,NA,NA,NA,NA,NA,NA,NA,NA,NA,Y,4,0,2,2,A,-,09,21801,A,N,D,C,A,A,H,-,A,A,0,NA,NA,Y,NA,Y,NA,A,01,0,0,2,0,0,0,0,0,1,-,-,NA,NA,SAN BERNARDINO,UPLAND,-117.68087,34.08874008
6622083,2014,2016-05-06,3602,2014-08-06,2344,3489,31,3,5,5,3602,0,0,0,NA,0,001,CENTRAL AV,RT 60,0,NA,Y,A,-,Y,SBD,8,60,-,R,2.165,R,4,W,Y,4,0,1,2,A,-,03,22350,NA,N,C,C,A,A,H,-,C,A,0,NA,NA,NA,NA,Y,NA,A,01,0,0,1,0,0,0,0,0,0,-,WO,NA,NA,SAN BERNARDINO,CHINO,-117.69293635,34.03034199
6623167,2014,2014-09-23,9870,2014-08-23,1650,12674,NA,6,2,9,3600,0,3,5,NA,2,003,QUAIL SPRINGS RD,ANACONA DR,90,N,N,A,-,N,NA,NA,NA,NA,NA,NA,NA,NA,NA,Y,3,0,1,1,A,-,08,22107,NA,N,F,A,A,A,H,-,A,D,0,NA,NA,Y,NA,Y,NA,C,02,0,1,0,0,0,0,0,0,1,-,-,NA,NA,SAN BERNARDINO,UNINCORPORATED,-116.30339673,34.10096365
6623213,2014,2014-09-24,3611,2014-06-11,1520,2387,NA,3,5,5,3611,0,0,0,NA,0,002,EUCLID AV,F ST,0,NA,Y,A,-,N,NA,NA,NA,NA,NA,NA,NA,NA,NA,N,4,0,1,2,A,-,03,22350,NA,N,C,C,A,A,H,-,A,A,0,NA,NA,NA,NA,Y,NA,A,01,0,0,1,0,0,0,0,0,0,-,-,NA,NA,SAN BERNARDINO,UPLAND,-117.65134002,34.10086001
6623352,2014,2014-09-24,3611,2014-06-28,1410,2847,NA,6,5,5,3611,0,0,0,NA,0,002,ARROW HWY,BENSON AV,336,E,N,A,-,N,NA,NA,NA,NA,NA,NA,NA,NA,NA,N,4,0,2,2,A,-,03,22350,NA,N,C,C,A,A,H,-,A,A,0,NA,NA,NA,NA,Y,NA,A,01,0,0,2,0,0,0,0,0,0,-,-,NA,NA,SAN BERNARDINO,UPLAND,-117.679813,34.09963
6624596,2014,2014-09-30,3600,2014-09-04,0832,S3852,RC020,4,5,6,3616,0,0,0,NA,0,005,TERRA VISTA PKWY,BELPINE PL,0,NA,Y,A,-,N,NA,NA,NA,NA,NA,NA,NA,NA,NA,Y,4,0,1,2,A,-,09,21802,A,N,D,C,A,A,H,-,A,A,0,NA,NA,NA,NA,Y,NA,A,07,0,0,1,0,0,0,0,0,0,-,-,NA,NA,SAN BERNARDINO,RANCHO CUCAMONGA,-117.56120011,34.11991002
6624631,2014,2016-04-30,9860,2014-08-23,0957,019419,NA,6,1,4,3603,0,1,1,NA,2,103,RT 10,RT 215,1000,W,N,A,-,Y,SBD,8,10,-,R,23.66,H,-,E,Y,3,0,3,3,A,-,07,21658,A,N,C,C,A,A,H,-,A,D,1,NA,NA,NA,Y,Y,NA,E,22,0,2,1,0,0,0,0,0,0,-,-,34.06512,-117.30767,SAN BERNARDINO,COLTON,-117.30656381,34.06507636
6624644,2014,2016-05-12,9860,2014-09-11,1348,016575,NA,4,1,5,3608,0,1,1,NA,2,203,RT 210,SAN BERNARDINO AV,70,N,N,A,-,Y,SBD,8,210,-,R,32.124,R,1,E,N,4,0,4,3,A,-,21,22106,NA,N,C,C,A,A,H,-,A,A,0,NA,NA,NA,NA,Y,NA,D,22,0,0,4,0,0,0,0,0,0,TO,-,34.07754,-117.20202,SAN BERNARDINO,REDLANDS,-117.20083651,34.08083562
6624895,2014,2016-04-30,9860,2014-08-26,0708,016575,NA,2,1,9,3600,0,2,4,NA,2,411,CEDAR AV,RT 10,83,S,N,A,-,Y,SBD,8,10,-,R,18.167,R,4,E,N,4,0,2,2,A,-,03,22350,NA,N,C,C,A,A,H,-,A,D,1,NA,NA,NA,NA,Y,NA,A,01,0,0,2,0,0,0,0,0,0,-,TO,34.06707,-117.39611,SAN BERNARDINO,UNINCORPORATED,-117.40176723,34.06796169
6627005,2014,2014-11-05,3610,2014-04-30,1845,50360,NA,3,5,6,3610,0,0,0,NA,0,NA,J ST,RIALTO AV,0,NA,Y,A,G,N,NA,NA,NA,NA,NA,NA,NA,NA,NA,Y,3,0,2,2,A,-,09,21802,A,F,D,C,A,A,H,-,A,A,0,NA,NA,NA,NA,Y,Y,D,22,0,1,1,0,0,0,0,0,0,-,-,NA,NA,SAN BERNARDINO,SAN BERNARDINO,-117.30541002,34.10085009
6627025,2014,2014-10-06,3610,2014-05-11,2031,50640,NA,7,5,6,3610,0,0,0,NA,0,NA,NORTH D ST,W 16TH ST,14,N,N,A,-,N,NA,NA,NA,NA,NA,NA,NA,NA,NA,Y,4,0,2,2,A,-,01,23152,A,N,C,C,A,A,H,-,C,A,0,NA,NA,NA,NA,Y,Y,A,07,0,0,2,0,0,0,0,0,0,-,-,NA,NA,SAN BERNARDINO,SAN BERNARDINO,-117.2919,34.12877835
6628078,2014,2015-04-21,3600,2014-07-02,2253,E7443,HE326,3,5,5,3619,0,0,0,NA,0,NA,MARIPOSA RD,EDISON POLE 1600417,28,S,-,A,-,N,NA,NA,NA,NA,NA,NA,NA,NA,NA,Y,4,0,1,2,A,-,03,22350,NA,N,C,C,A,A,H,-,D,D,0,NA,NA,NA,NA,Y,NA,A,01,0,0,1,0,0,0,0,0,0,-,-,NA,NA,SAN BERNARDINO,HESPERIA,NA,NA
6628084,2014,2014-09-23,3607,2014-07-30,0049,15043,77,3,5,6,3607,0,0,0,NA,0,041,MALL DR,MILLS CIR,0,NA,Y,A,-,N,NA,NA,NA,NA,NA,NA,NA,NA,NA,Y,4,0,1,1,A,-,01,23152,A,N,E,I,A,A,H,-,C,D,0,NA,NA,NA,NA,Y,Y,-,NA,0,0,1,0,0,0,0,0,0,-,-,NA,NA,SAN BERNARDINO,ONTARIO,-117.55636009,34.07190009
6628518,2014,2014-09-23,3610,2014-04-27,0205,50733,NA,7,5,6,3610,0,0,0,NA,0,NA,W KENDALL,BAILEY CT,103,E,N,A,-,N,NA,NA,NA,NA,NA,NA,NA,NA,NA,Y,3,0,4,1,A,-,01,23153,A,N,E,I,A,A,H,-,C,D,0,NA,NA,NA,NA,Y,Y,A,01,0,2,2,0,0,0,0,0,0,-,-,NA,NA,SAN BERNARDINO,SAN BERNARDINO,-117.34776257,34.18475975
6628967,2014,2016-05-09,3607,2014-08-10,0949,14813,142,7,5,6,3607,0,0,0,NA,0,041,HAVEN AV,RT 10,0,NA,Y,A,-,Y,SBD,8,10,-,-,8.002,R,4,E,Y,4,0,2,2,A,-,12,21453,A,N,D,C,A,A,H,-,A,A,0,NA,NA,NA,NA,Y,NA,-,NA,0,0,2,0,0,0,0,0,0,-,EF,NA,NA,SAN BERNARDINO,ONTARIO,-117.57868101,34.06747437
6629004,2014,2014-09-25,3607,2014-08-04,2049,80265,68,1,5,6,3607,0,0,0,NA,0,031,VINEYARD AV,FOURTH ST,10,S,N,A,-,N,NA,NA,NA,NA,NA,NA,NA,NA,NA,Y,4,0,2,3,A,-,03,22350,NA,N,B,C,A,A,H,-,C,A,0,NA,NA,NA,NA,Y,NA,-,NA,0,0,2,0,0,0,0,0,0,-,-,NA,NA,SAN BERNARDINO,ONTARIO,-117.61104,34.07756259
6632180,2014,2016-04-30,9860,2014-09-02,1705,15686,NA,2,2,4,3640,0,1,1,NA,2,106,RT 10,LIVE OAK CANYON RD,2112,E,N,A,-,Y,SBD,8,10,-,R,37.43,H,-,E,Y,4,0,1,2,A,-,03,22350,NA,N,C,C,A,A,H,-,A,D,1,NA,NA,NA,NA,Y,NA,A,07,0,0,1,0,0,0,0,0,0,-,-,34.01489,-117.08829,SAN BERNARDINO,YUCAIPA,-117.08957402,34.01513053
6632216,2014,2016-05-05,9860,2014-09-03,1111,16651,NA,3,1,9,3600,0,1,1,NA,2,151,RT 15,KENWOOD AV,4224,N,N,A,-,Y,SBD,8,15,-,R,15.79,H,-,N,N,3,0,1,3,A,-,07,21658,A,F,C,C,A,A,H,-,A,D,1,NA,NA,Y,NA,Y,NA,A,07,0,1,0,0,0,0,0,0,1,-,-,34.1442,-117.2607,SAN BERNARDINO,UNINCORPORATED,-117.43515973,34.2450546
6632228,2014,2016-05-03,9860,2014-09-02,0715,013969,NA,2,1,6,3604,0,1,1,NA,2,102,RT 10,SIERRA AV,4224,W,N,A,-,Y,SBD,8,10,-,-,17.02,H,-,E,Y,4,0,1,1,A,-,08,22107,NA,N,E,I,A,A,H,-,A,D,1,NA,NA,NA,NA,Y,NA,A,01,0,0,1,0,0,0,0,0,0,-,-,34.06713,-117.426,SAN BERNARDINO,FONTANA,-117.42175119,34.06732308
6633303,2014,2016-04-19,9855,2014-06-05,1755,17213,NA,4,2,6,3607,0,1,3,NA,2,601,RT 60,MILLIKEN AV,1051,W,N,A,-,Y,SBD,8,60,-,R,9.74,H,-,E,Y,2,0,1,2,A,-,03,22350,NA,N,C,C,A,A,H,-,A,D,1,NA,NA,Y,NA,Y,NA,C,02,1,0,0,0,0,0,0,0,1,-,-,34.02482,-117.56203,SAN BERNARDINO,ONTARIO,-117.5619649,34.0249495
6633528,2014,2016-04-16,9855,2014-06-08,0253,019138,NA,7,3,6,3604,0,1,1,NA,2,101,RT 10,CHERRY AV,4752,W,N,A,-,Y,SBD,8,10,-,-,12.3,H,-,E,Y,3,0,1,1,A,-,03,22350,NA,N,E,J,A,A,H,-,C,D,1,NA,NA,NA,NA,Y,NA,A,01,0,1,0,0,0,0,0,0,0,-,-,NA,NA,SAN BERNARDINO,FONTANA,-117.50390587,34.06548014
6633536,2014,2016-04-16,9855,2014-06-07,0900,015299,NA,6,1,6,3616,0,1,1,NA,2,153,RT 15,BASELINE RD,300,N,N,B,-,Y,SBD,8,15,-,-,6.966,R,2,S,Y,3,0,1,1,A,-,08,22107,NA,N,F,A,A,A,H,-,A,D,1,NA,NA,Y,NA,Y,NA,C,02,0,1,0,0,0,0,0,0,1,TO,-,NA,NA,SAN BERNARDINO,RANCHO CUCAMONGA,-117.51108531,34.12408132
6633540,2014,2016-04-16,9855,2014-06-06,1532,018383,NA,5,2,6,3607,0,1,1,NA,2,103,RT 10,HAVEN AV,500,W,N,A,-,Y,SBD,8,10,-,-,8.08,H,-,E,Y,4,0,1,3,A,-,03,22350,NA,N,C,C,A,A,H,-,A,D,1,NA,NA,NA,NA,Y,NA,A,01,0,0,1,0,0,0,0,0,0,-,-,NA,NA,SAN BERNARDINO,ONTARIO,-117.57732261,34.06746754
6633547,2014,2016-04-16,9855,2014-06-19,1625,014366,NA,4,2,6,3607,0,1,1,NA,2,152,RT 15,JURUPA ST,528,N,N,A,-,Y,SBD,8,15,-,-,1.12,H,-,N,Y,4,0,1,3,A,-,03,22350,NA,N,C,C,A,A,H,-,A,D,1,NA,NA,NA,NA,Y,NA,A,01,0,0,1,0,0,0,0,0,0,-,-,NA,NA,SAN BERNARDINO,ONTARIO,-117.54924914,34.04987917
6633599,2014,2016-04-16,9855,2014-06-23,1201,11738,NA,1,1,6,3616,0,1,1,NA,2,201,RT 210,MILLIKEN AV,1505,W,N,A,-,Y,SBD,8,210,-,-,7.63,H,-,E,Y,4,0,1,1,A,-,03,22350,NA,N,E,I,A,A,H,-,A,D,1,NA,NA,NA,NA,Y,NA,A,01,0,0,1,0,0,0,0,0,0,-,-,NA,NA,SAN BERNARDINO,RANCHO CUCAMONGA,-117.56345492,34.136541
6634998,2014,2014-09-29,9855,2014-07-10,0750,012210,NA,4,1,6,3604,0,3,5,NA,2,001,CITRUS AV,RT 10,48,S,N,A,-,Y,NA,NA,NA,NA,NA,NA,NA,NA,NA,N,4,0,1,1,A,-,08,22107,NA,N,E,I,A,A,H,-,A,A,0,NA,NA,NA,NA,Y,NA,A,01,0,0,1,0,0,0,0,0,0,-,-,NA,NA,SAN BERNARDINO,FONTANA,-117.45374,34.06687848
6635023,2014,2014-09-30,3604,2014-08-17,1014,1128,NA,7,5,6,3604,0,0,0,NA,0,002,MILLER,SIERRA,20,W,N,A,-,N,NA,NA,NA,NA,NA,NA,NA,NA,NA,N,4,0,1,2,A,-,09,21804,A,N,D,C,A,A,H,-,A,A,0,NA,NA,NA,NA,Y,NA,A,01,0,0,1,0,0,0,0,0,0,-,-,NA,NA,SAN BERNARDINO,FONTANA,-117.43591588,34.11390961
6635024,2014,2014-09-30,3604,2014-08-17,1522,680,NA,7,5,6,3604,0,0,0,NA,0,NA,SIERRA AV,VALLEY BL,0,NA,Y,A,-,N,NA,NA,NA,NA,NA,NA,NA,NA,NA,Y,4,0,3,2,A,-,09,21453,C,N,D,C,A,A,H,-,A,A,0,NA,NA,NA,NA,Y,NA,A,01,0,0,3,0,0,0,0,0,0,-,-,NA,NA,SAN BERNARDINO,FONTANA,-117.43568008,34.07037003
6637199,2014,2016-04-30,9865,2014-09-12,1441,019318,NA,5,2,9,3600,0,1,3,NA,1,039,RT 38,GOLD MOUNTAIN DR,212,W,N,A,-,Y,SBD,8,38,-,-,49.28,H,-,W,Y,2,0,2,6,A,-,03,22350,NA,N,C,C,A,A,H,-,A,D,0,NA,NA,Y,NA,Y,NA,A,07,1,0,1,0,0,0,0,0,1,-,-,34.26109,-116.84156,SAN BERNARDINO,UNINCORPORATED,-116.84162751,34.26117491
6637205,2014,2016-06-03,9865,2014-09-14,1509,019929,NA,7,2,9,3600,0,1,3,NA,2,015,RT 189,NORTH BAY RD,2112,S,N,B,-,Y,SBD,8,189,-,-,3.73,H,-,E,Y,4,0,2,3,A,-,03,22350,NA,N,C,C,A,A,H,-,A,D,0,NA,NA,NA,NA,Y,NA,A,01,0,0,2,0,0,0,0,0,0,-,-,34.24482,-117.21246,SAN BERNARDINO,UNINCORPORATED,-117.21267007,34.24467467
6637508,2014,2014-11-13,3608,2014-09-09,1706,3882,CITYO,2,5,5,3608,0,0,0,NA,0,NA,CAJON ST,VINE ST,0,NA,Y,A,-,N,NA,NA,NA,NA,NA,NA,NA,NA,NA,N,4,0,1,2,A,-,03,22350,NA,N,C,C,A,A,H,-,A,D,0,NA,NA,NA,NA,Y,NA,A,07,0,0,1,0,0,0,0,0,0,-,-,NA,NA,SAN BERNARDINO,REDLANDS,-117.18227004,34.05465008
6640396,2014,2016-04-16,9855,2014-06-06,1540,015299,NA,5,2,6,3607,0,1,1,NA,2,103,RT 10,4TH ST,528,W,N,A,-,Y,SBD,8,10,-,-,5.14,H,-,E,N,3,0,1,2,A,-,03,22350,NA,N,C,C,A,A,H,-,A,D,1,NA,NA,NA,NA,Y,NA,A,01,0,1,0,0,0,0,0,0,0,-,-,NA,NA,SAN BERNARDINO,ONTARIO,-117.62495201,34.07840314
6640444,2014,2014-10-09,9865,2014-09-13,1802,019318,NA,6,2,9,3600,0,3,5,NA,2,003,USFS RD 3N17,RT 38,8448,N,N,A,-,N,NA,NA,NA,NA,NA,NA,NA,NA,NA,Y,4,0,1,2,A,-,05,21650,NA,N,A,C,A,A,H,-,A,D,0,NA,NA,NA,NA,Y,NA,A,07,0,0,1,0,0,0,0,0,0,-,-,34.28215,-116.96061,SAN BERNARDINO,UNINCORPORATED,NA,NA
6640695,2014,2014-10-08,3604,2014-08-30,1347,857,NA,6,5,6,3604,0,0,0,NA,0,NA,SIERRA AV,NEW YORK AV,0,NA,Y,A,-,N,NA,NA,NA,NA,NA,NA,NA,NA,NA,Y,4,0,2,2,A,-,09,21801,A,N,D,C,A,A,H,-,A,A,0,NA,NA,NA,NA,Y,NA,A,01,0,0,2,0,0,0,0,0,0,-,-,NA,NA,SAN BERNARDINO,FONTANA,NA,NA
6640748,2014,2014-10-07,3610,2014-05-08,1220,25527,NA,4,5,6,3610,0,0,0,NA,0,NA,N WALL AV,E 14TH ST,222,N,N,A,-,N,NA,NA,NA,NA,NA,NA,NA,NA,NA,Y,4,0,1,2,A,-,08,22107,NA,N,C,C,A,A,H,-,A,D,0,NA,NA,NA,NA,Y,NA,A,01,0,0,1,0,0,0,0,0,0,-,-,NA,NA,SAN BERNARDINO,SAN BERNARDINO,-117.28133318,34.12587816
6640762,2014,2014-10-08,3610,2014-06-07,1520,50911,NA,6,5,6,3610,0,0,0,NA,0,NA,N PINE,W KENDALL AV,0,NA,Y,A,-,N,NA,NA,NA,NA,NA,NA,NA,NA,NA,Y,4,0,2,2,A,-,09,21801,A,N,D,C,A,A,H,-,A,A,0,NA,NA,NA,NA,Y,NA,A,01,0,0,2,0,0,0,0,0,0,-,-,NA,NA,SAN BERNARDINO,SAN BERNARDINO,-117.35118004,34.18655012
6640784,2014,2014-10-07,3610,2014-05-26,2041,50360,NA,1,5,6,3610,0,0,0,NA,0,NA,NORTH WATERMAN AV,E 23RD ST,63,S,N,A,-,N,NA,NA,NA,NA,NA,NA,NA,NA,NA,Y,3,0,1,2,A,-,08,22107,NA,F,B,C,A,A,H,-,C,A,0,NA,NA,NA,NA,Y,NA,A,07,0,1,0,0,0,0,0,0,0,-,-,NA,NA,SAN BERNARDINO,SAN BERNARDINO,-117.27875283,34.13679743
6640798,2014,2014-10-07,3610,2014-06-13,1759,50548,NA,5,5,6,3610,0,0,0,NA,0,NA,N E ST,W 5TH ST,8,S,N,A,-,N,NA,NA,NA,NA,NA,NA,NA,NA,NA,N,4,0,1,2,A,-,05,21650,1,N,D,G,A,A,H,-,A,A,0,NA,Y,NA,NA,Y,NA,L,04,0,0,1,0,0,0,1,0,0,-,-,NA,NA,SAN BERNARDINO,SAN BERNARDINO,-117.29414,34.10828808
6642579,2014,2014-10-24,3609,2014-09-14,0437,8510,215,7,5,5,3609,0,0,0,NA,0,004,RIVERSIDE AV,JURUPA AV,528,S,N,A,-,N,NA,NA,NA,NA,NA,NA,NA,NA,NA,N,3,0,1,2,A,-,11,21954,A,N,G,B,D,A,H,-,D,A,0,Y,NA,NA,NA,Y,Y,A,01,0,1,0,0,1,0,0,0,0,-,-,NA,NA,SAN BERNARDINO,RIALTO,-117.36942125,34.04617203
6643584,2014,2016-04-30,9860,2014-09-13,1515,019599,NA,6,2,6,3610,0,1,1,NA,2,202,RT 210,SIERRA WY,2640,E,N,A,-,Y,SBD,8,210,-,-,15.43,H,-,W,Y,4,0,1,2,A,-,01,23152,A,N,C,C,A,A,H,-,A,D,1,NA,NA,NA,NA,Y,Y,A,01,0,0,1,0,0,0,0,0,0,-,-,34.14566,-117.28443,SAN BERNARDINO,SAN BERNARDINO,-117.42734295,34.13654453
6643602,2014,2014-11-12,9860,2014-09-17,0700,013945,NA,3,1,9,3600,0,3,5,NA,2,002,6TH ST,TIPPECANOE AV,38,W,N,A,-,N,NA,NA,NA,NA,NA,NA,NA,NA,NA,Y,3,0,1,2,A,-,09,21801,A,N,E,I,A,A,H,-,A,A,0,NA,NA,NA,NA,Y,NA,D,22,0,1,0,0,0,0,0,0,0,-,-,34.11012,-117.2614,SAN BERNARDINO,UNINCORPORATED,-117.26114515,34.11019
6643603,2014,2016-04-30,9860,2014-09-22,1715,20725,NA,1,2,5,3609,0,1,1,NA,2,102,RT 10,RIVERSIDE AV,3168,W,N,A,-,Y,SBD,8,10,-,-,19.67,H,-,E,Y,4,0,2,5,A,-,03,22350,NA,N,C,C,A,A,H,-,A,D,1,NA,NA,NA,NA,Y,NA,A,07,0,0,2,0,0,0,0,0,0,-,-,34.06831,-117.37481,SAN BERNARDINO,RIALTO,-117.37554759,34.06845561
6643605,2014,2016-04-30,9860,2014-08-31,2139,19674,NA,7,2,6,3610,0,1,1,NA,2,104,RT 10,TIPPECANOE AV,1584,W,N,A,-,Y,SBD,8,10,-,-,25.97,H,-,E,Y,3,0,2,1,A,-,08,22107,NA,N,E,I,A,A,H,-,D,D,1,NA,NA,NA,NA,Y,NA,D,22,0,2,0,0,0,0,0,0,0,-,-,34.0638,-117.26739,SAN BERNARDINO,SAN BERNARDINO,-117.26669562,34.06375166
6643623,2014,2016-04-30,9860,2014-09-25,1600,016575,NA,4,2,4,3603,0,1,1,NA,2,214,RT 215,WASHINGTON ST,640,N,N,A,-,Y,SBD,8,215,-,-,2.81,H,-,S,N,4,0,1,2,A,-,03,22350,NA,N,C,C,A,A,D,-,A,D,1,NA,NA,NA,NA,Y,NA,D,22,0,0,1,0,0,0,0,0,0,-,-,NA,NA,SAN BERNARDINO,COLTON,-117.30610784,34.04875486
6650702,2014,2014-10-20,3608,2014-09-26,1711,3219,NA,5,5,5,3608,0,0,0,NA,0,NA,COLTON AV,COLUMBIA ST,0,NA,Y,A,-,N,NA,NA,NA,NA,NA,NA,NA,NA,NA,Y,4,0,1,3,A,-,03,22350,NA,N,C,C,A,A,H,-,A,D,0,NA,NA,NA,NA,Y,NA,A,01,0,0,1,0,0,0,0,0,0,-,-,NA,NA,SAN BERNARDINO,REDLANDS,-117.18797006,34.0628401
6661660,2014,2014-12-11,3603,2014-10-06,0758,4127,COLTO,1,5,4,3603,0,0,0,NA,0,005,WASHINGTON ST,RECHE CANYON RD,73,E,N,A,-,N,NA,NA,NA,NA,NA,NA,NA,NA,NA,Y,4,0,1,3,A,-,-,NA,NA,N,C,C,A,A,H,-,A,A,0,NA,NA,NA,NA,Y,NA,A,01,0,0,1,0,0,0,0,0,0,-,-,NA,NA,SAN BERNARDINO,COLTON,-117.28935648,34.04974334
6631232,2014,2014-10-02,3603,2014-08-21,0626,CL4652,COLTO,4,5,4,3603,0,0,0,NA,0,003,LA CADENA AV,N ST,0,NA,Y,A,-,N,NA,NA,NA,NA,NA,NA,NA,NA,NA,N,4,0,1,2,A,-,10,21950,A,N,G,B,B,A,H,-,A,A,0,Y,NA,NA,NA,Y,NA,A,01,0,0,1,0,1,0,0,0,0,-,-,NA,NA,SAN BERNARDINO,COLTON,-117.32563007,34.06105003
6665438,2014,2016-05-09,9860,2014-09-21,2058,19449,NA,7,2,6,3610,0,1,1,NA,2,104,RT 10,TIPPECANOE AV,20,E,N,A,-,Y,SBD,8,10,-,-,26.506,R,1,W,N,4,0,4,2,A,-,03,22350,NA,N,C,C,A,A,H,-,D,A,1,NA,NA,NA,NA,Y,NA,A,01,0,0,4,0,0,0,0,0,0,TO,-,34.06499,-117.26082,SAN BERNARDINO,SAN BERNARDINO,-117.2575027,34.06541068
6665935,2014,2016-04-30,9860,2014-09-10,1830,20393,NA,3,2,9,3600,0,1,1,NA,2,151,RT 15,CLEGHORN RD,1000,S,N,A,-,Y,SBD,8,15,-,R,18.34,H,-,N,N,3,0,1,2,A,-,03,22350,NA,N,C,C,A,A,D,-,A,D,1,NA,NA,Y,NA,Y,NA,C,02,0,1,0,0,0,0,0,0,1,-,-,34.27948,-117.45169,SAN BERNARDINO,UNINCORPORATED,-117.45019005,34.27608468
6665939,2014,2016-04-30,9860,2014-09-09,1335,15686,NA,2,1,6,3610,0,1,1,NA,2,201,RT 210,CALIFORNIA ST,1100,E,N,A,-,Y,SBD,8,210,-,-,21.21,H,-,E,Y,3,0,4,2,A,-,07,21658,A,N,C,C,A,A,H,-,A,D,1,NA,NA,NA,NA,Y,NA,A,01,0,1,3,0,0,0,0,0,0,-,-,34.13696,-117.32728,SAN BERNARDINO,SAN BERNARDINO,-117.32763007,34.13686522
6666037,2014,2014-11-12,3607,2014-09-23,0759,15035,60,2,5,6,3607,0,0,0,NA,0,011,LAUREL AV,J ST,0,NA,Y,A,-,N,NA,NA,NA,NA,NA,NA,NA,NA,NA,Y,3,0,1,2,A,-,10,21950,A,N,G,B,B,A,H,-,A,D,0,Y,NA,NA,NA,Y,NA,-,NA,0,1,0,0,1,0,0,0,0,-,-,NA,NA,SAN BERNARDINO,ONTARIO,-117.65308008,34.07606011
6666041,2014,2014-11-17,3607,2014-09-21,1517,80249,650,7,5,6,3607,0,0,0,NA,0,081,ARCHIBALD AV,BIG RANGE RD,100,S,N,A,-,N,NA,NA,NA,NA,NA,NA,NA,NA,NA,Y,4,0,5,3,A,-,03,22350,NA,N,C,C,A,A,D,-,A,D,0,NA,NA,NA,NA,Y,NA,-,NA,0,0,5,0,0,0,0,0,0,-,-,NA,NA,SAN BERNARDINO,ONTARIO,-117.59324136,34.00662595
6666049,2014,2016-06-07,3607,2014-09-30,2245,80465,158,2,5,6,3607,0,0,0,NA,0,051,EUCLID AV,SUNKIST ST,0,NA,Y,A,-,Y,SBD,8,83,-,-,9.081,I,5,S,N,4,0,1,2,A,-,10,21950,A,N,G,B,B,A,H,-,E,D,0,Y,NA,NA,NA,Y,NA,-,NA,0,0,1,0,1,0,0,0,0,-,-,NA,NA,SAN BERNARDINO,ONTARIO,-117.65115576,34.05789967
6666116,2014,2016-04-30,9860,2014-09-24,0715,014963,NA,3,1,6,3610,0,1,1,NA,2,103,RT 10,HUNTS LN,750,E,N,A,-,Y,SBD,8,10,-,-,24.93,H,-,E,Y,4,0,2,3,A,-,03,22350,NA,N,C,C,A,A,H,-,A,D,1,NA,NA,NA,NA,Y,NA,A,01,0,0,2,0,0,0,0,0,0,-,-,34.06367,-117.28474,SAN BERNARDINO,SAN BERNARDINO,-117.2847748,34.06368464