CASE_ID,ACCIDENT_YEAR,PROC_DATE,JURIS,COLLISION_DATE,COLLISION_TIME,OFFICER_ID,REPORTING_DISTRICT,DAY_OF_WEEK,CHP_SHIFT,POPULATION,CNTY_CITY_LOC,SPECIAL_COND,BEAT_TYPE,CHP_BEAT_TYPE,CITY_DIVISION_LAPD,CHP_BEAT_CLASS,BEAT_NUMBER,PRIMARY_RD,SECONDARY_RD,DISTANCE,DIRECTION,INTERSECTION,WEATHER_1,WEATHER_2,STATE_HWY_IND,CALTRANS_COUNTY,CALTRANS_DISTRICT,STATE_ROUTE,ROUTE_SUFFIX,POSTMILE_PREFIX,POSTMILE,LOCATION_TYPE,RAMP_INTERSECTION,SIDE_OF_HWY,TOW_AWAY,COLLISION_SEVERITY,NUMBER_KILLED,NUMBER_INJURED,PARTY_COUNT,PRIMARY_COLL_FACTOR,PCF_CODE_OF_VIOL,PCF_VIOL_CATEGORY,PCF_VIOLATION,PCF_VIOL_SUBSECTION,HIT_AND_RUN,TYPE_OF_COLLISION,MVIW,PED_ACTION,ROAD_SURFACE,ROAD_COND_1,ROAD_COND_2,LIGHTING,CONTROL_DEVICE,CHP_ROAD_TYPE,PEDESTRIAN_ACCIDENT,BICYCLE_ACCIDENT,MOTORCYCLE_ACCIDENT,TRUCK_ACCIDENT,NOT_PRIVATE_PROPERTY,ALCOHOL_INVOLVED,STWD_VEHTYPE_AT_FAULT,CHP_VEHTYPE_AT_FAULT,COUNT_SEVERE_INJ,COUNT_VISIBLE_INJ,COUNT_COMPLAINT_PAIN,COUNT_PED_KILLED,COUNT_PED_INJURED,COUNT_BICYCLIST_KILLED,COUNT_BICYCLIST_INJURED,COUNT_MC_KILLED,COUNT_MC_INJURED,PRIMARY_RAMP,SECONDARY_RAMP,LATITUDE,LONGITUDE,COUNTY,CITY,POINT_X,POINT_Y
6666128,2014,2016-04-30,9860,2014-09-26,0830,019429,NA,5,1,4,3603,0,1,1,NA,2,214,RT 215,IOWA AV,750,N,N,A,-,Y,SBD,8,215,-,-,0.54,H,-,N,N,4,0,2,3,A,-,03,22350,NA,N,C,C,A,A,D,-,A,D,1,NA,NA,NA,NA,Y,NA,A,01,0,0,2,0,0,0,0,0,0,-,-,34.02731,-117.33198,SAN BERNARDINO,COLTON,-117.33395935,34.02548847
6666447,2014,2014-12-22,3600,2014-10-12,0717,E4794,HE131,7,5,5,3619,0,0,0,NA,0,HE1,MAIN ST,3RD AV,1512,E,N,A,-,N,NA,NA,NA,NA,NA,NA,NA,NA,NA,Y,3,0,3,3,A,-,04,21703,NA,N,B,C,A,A,D,-,A,A,0,NA,NA,NA,NA,Y,NA,A,01,0,1,2,0,0,0,0,0,0,-,-,NA,NA,SAN BERNARDINO,HESPERIA,-117.30176538,34.42159154
6666687,2014,2016-04-15,3610,2014-08-09,2320,50761,NA,6,5,6,3610,0,0,0,NA,0,NA,W BASELINE ST,N G ST,6,W,N,A,-,N,NA,NA,NA,NA,NA,NA,NA,NA,NA,Y,4,0,1,2,A,-,01,23152,A,F,C,C,A,A,H,-,C,A,0,NA,NA,NA,NA,Y,Y,A,07,0,0,1,0,0,0,0,0,0,-,-,NA,NA,SAN BERNARDINO,SAN BERNARDINO,-117.29868976,34.121340000000004
6666740,2014,2016-05-12,9835,2014-09-23,1758,016644,NA,2,2,9,3600,0,1,1,NA,2,047,RT 40,KELBAKER RD,2.25,W,N,A,-,Y,SBD,8,40,-,R,75.95,H,-,E,Y,3,0,1,2,A,-,03,22350,NA,N,C,C,A,A,H,-,D,D,1,NA,NA,NA,Y,Y,NA,G,25,0,1,0,0,0,0,0,0,0,-,-,34.7178,-115.71769,SAN BERNARDINO,UNINCORPORATED,-115.71752128,34.71788238
6667542,2014,2014-11-07,3609,2014-09-19,0840,5550,204,5,5,5,3609,0,0,0,NA,0,004,RIVERSIDE AV,SLOVER AV,0,NA,Y,B,-,N,NA,NA,NA,NA,NA,NA,NA,NA,NA,Y,4,0,1,2,A,-,09,21801,A,N,D,C,A,A,H,-,A,A,0,NA,NA,NA,NA,Y,NA,A,01,0,0,1,0,0,0,0,0,0,-,-,NA,NA,SAN BERNARDINO,RIALTO,-117.37024013,34.06318009
6620903,2014,2016-04-30,9860,2014-08-14,0958,14829,NA,4,1,6,3610,0,1,1,NA,2,202,RT 210,WATERMAN AV,276,W,N,A,-,Y,SBD,8,210,-,R,24.052,R,2,E,Y,4,0,1,1,A,-,08,22107,NA,N,E,I,A,A,H,-,A,D,1,NA,NA,NA,NA,Y,NA,A,01,0,0,1,0,0,0,0,0,0,TO,-,NA,NA,SAN BERNARDINO,SAN BERNARDINO,-117.28154231,34.14515141
6668509,2014,2016-05-05,9850,2014-09-26,2005,019278,NA,5,2,5,3619,0,1,1,NA,2,081,RT 15,RANCHERO RD,1390,S,N,A,-,Y,SBD,8,15,-,-,30.13,H,-,S,N,4,0,4,2,A,-,03,22350,NA,N,C,C,A,A,D,-,C,A,1,NA,NA,NA,NA,Y,NA,D,22,0,0,4,0,0,0,0,0,0,-,-,34.3939,-117.4063,SAN BERNARDINO,HESPERIA,-117.41797832,34.38002146
6614835,2014,2016-04-30,9865,2014-08-19,1540,015158,NA,2,2,9,3600,0,1,3,NA,2,032,RT 18,PINON DR,0,NA,Y,A,-,Y,SBD,8,18,-,-,53.617,I,5,S,N,4,0,1,2,A,-,09,21802,A,N,D,C,A,A,H,-,A,A,0,NA,NA,NA,NA,Y,NA,A,07,0,0,1,0,0,0,0,0,0,-,-,34.26116,-116.85078,SAN BERNARDINO,UNINCORPORATED,-116.85094697,34.26113196
6668920,2014,2016-04-30,9860,2014-09-21,0236,19251,NA,7,3,4,3603,0,1,1,NA,2,214,RT 215,WASHINGTON ST,320,N,N,A,-,Y,SBD,8,215,-,-,2.75,H,-,N,Y,3,0,5,5,A,-,03,22350,NA,N,C,C,A,A,D,-,C,D,1,NA,NA,NA,NA,Y,Y,A,07,0,1,4,0,0,0,0,0,0,-,-,34.04807,-117.30654,SAN BERNARDINO,COLTON,-117.30666116,34.0481486
6668922,2014,2016-04-16,9860,2014-09-29,1415,13969,NA,1,2,6,3610,0,1,1,NA,2,103,RT 10,ORANGE SHOW RD,3696,S,N,A,-,Y,SBD,8,215,-,-,4.323,R,2,N,Y,4,0,1,2,A,-,07,21658,A,N,B,C,A,A,H,-,A,D,1,NA,NA,NA,NA,Y,NA,A,01,0,0,1,0,0,0,0,0,0,TO,-,34.0673,-117.29544,SAN BERNARDINO,SAN BERNARDINO,-117.29576937,34.06805232
6669456,2014,2016-04-30,9855,2014-09-17,0740,11856,NA,3,1,6,3607,0,1,1,NA,2,152,RT 15,JULUPA ST,2112,N,N,A,-,Y,SBD,8,15,-,-,1.42,H,-,S,N,4,0,2,3,A,-,03,22350,NA,N,C,C,A,A,H,-,A,D,1,NA,NA,NA,NA,Y,NA,A,01,0,0,2,0,0,0,0,0,0,-,-,34.05183,-117.54867,SAN BERNARDINO,ONTARIO,-117.54769703,34.0538873
6670247,2014,2014-12-17,9860,2014-10-10,2337,14777,NA,5,3,5,3609,0,1,1,NA,2,201,RT 210,RIVERSIDE AV,1470,W,N,A,-,Y,NA,NA,210,NA,NA,NA,NA,NA,NA,Y,3,0,1,2,A,-,03,22350,NA,N,D,C,A,A,H,-,D,D,0,NA,NA,NA,NA,Y,NA,A,07,0,1,0,0,0,0,0,0,0,-,-,34.13575,-117.37582,SAN BERNARDINO,RIALTO,-117.37581992,34.13574093
6614803,2014,2016-05-12,9865,2014-08-08,1120,020822,NA,5,1,9,3600,0,1,3,NA,2,017,RT 173,COTTAGE GROVE RD,1584,W,N,A,-,Y,SBD,8,173,-,-,22.62,H,-,E,Y,3,0,1,1,A,-,08,22107,NA,N,E,J,A,A,H,-,A,D,0,NA,NA,NA,NA,Y,NA,A,07,0,1,0,0,0,0,0,0,0,-,-,34.2391,-117.1951,SAN BERNARDINO,UNINCORPORATED,-117.19473002,34.23901094
6675864,2014,2016-04-06,3609,2014-10-10,0422,5733,38,5,5,5,3609,0,0,0,NA,0,001,RIVERSIDE AV,AYALA DR,0,NA,Y,A,B,N,NA,NA,NA,NA,NA,NA,NA,NA,NA,Y,4,0,1,2,A,-,08,22107,NA,N,B,C,A,A,H,-,B,A,0,NA,NA,NA,Y,Y,NA,G,25,0,0,1,0,0,0,0,0,0,-,-,NA,NA,SAN BERNARDINO,RIALTO,-117.39106,34.1511101
6677701,2014,2016-04-30,3600,2014-07-18,2149,F3796,AD207,5,5,3,3613,0,0,0,NA,0,001,RT 395,BARTLETT AV,0,NA,Y,A,-,Y,SBD,8,395,-,-,16.225,I,5,N,Y,3,0,3,2,A,-,12,21453,A,F,A,C,A,A,H,-,C,A,0,NA,NA,NA,NA,Y,NA,-,NA,0,1,2,0,0,0,0,0,0,-,-,NA,NA,SAN BERNARDINO,ADELANTO,-117.41209857,34.57929931
6677729,2014,2016-04-16,9855,2014-07-23,0740,14980,NA,3,1,6,3604,0,1,1,NA,2,101,RT 10,CITRUS AV,500,W,N,A,-,Y,SBD,8,10,-,-,15.09,H,-,W,Y,4,0,1,2,A,-,03,22350,NA,N,C,C,A,A,H,-,A,D,1,NA,NA,NA,NA,Y,NA,A,01,0,0,1,0,0,0,0,0,0,-,-,34.06684,-117.45722,SAN BERNARDINO,FONTANA,-117.45534146,34.06691861
6612089,2014,2014-09-16,3609,2014-08-02,2151,3156,129,6,5,5,3609,0,0,0,NA,0,002,ETIWANDA AV,ACACIA AV,10,E,N,C,-,N,NA,NA,NA,NA,NA,NA,NA,NA,NA,N,4,0,1,2,A,-,01,23152,E,N,B,C,A,B,H,-,C,A,0,NA,NA,NA,NA,Y,NA,D,22,0,0,1,0,0,0,0,0,0,-,-,NA,NA,SAN BERNARDINO,RIALTO,-117.36162706,34.11406
6678196,2017,2018-01-18,3611,2017-09-28,1809,2488,3611,4,5,5,3611,0,0,0,NA,0,002,CENTRAL AV,11TH ST,323,S,N,A,-,N,NA,NA,NA,NA,NA,NA,NA,NA,NA,Y,1,1,0,1,A,-,01,23152,F,N,E,I,A,A,H,-,A,D,0,NA,NA,NA,NA,Y,NA,A,01,0,0,0,0,0,0,0,0,0,-,-,NA,NA,SAN BERNARDINO,UPLAND,-117.6896577,34.10232473
6678803,2014,2014-11-07,3610,2014-09-18,2039,50249,NA,4,5,6,3610,0,0,0,NA,0,NA,W MILL ST,S GRAPE ST,0,NA,Y,A,-,N,NA,NA,NA,NA,NA,NA,NA,NA,NA,N,3,0,1,3,A,-,03,22350,NA,N,G,B,D,A,H,-,C,D,0,Y,NA,NA,NA,Y,NA,A,01,0,1,0,0,1,0,0,0,0,-,-,NA,NA,SAN BERNARDINO,SAN BERNARDINO,-117.31538006,34.09215001
6678845,2014,2016-05-02,3610,2014-09-14,1941,50793,NA,7,5,6,3610,0,0,0,NA,0,NA,E 30TH ST,RT 210,3,W,N,A,-,Y,SBD,8,210,-,R,23.943,R,4,W,Y,3,0,2,2,A,-,12,21453,A,N,A,C,A,A,H,-,A,A,0,NA,NA,NA,NA,Y,NA,A,01,0,1,1,0,0,0,0,0,0,-,WO,NA,NA,SAN BERNARDINO,SAN BERNARDINO,-117.28344529,34.14548218
6679456,2014,2014-11-04,3610,2014-05-16,2153,50692,NA,5,5,6,3610,0,0,0,NA,0,NA,E 40TH ST,N SAN GABRIEL ST,1000,E,N,A,-,N,NA,NA,NA,NA,NA,NA,NA,NA,NA,Y,4,0,1,1,A,-,08,22107,NA,N,E,J,A,-,G,-,D,D,0,NA,NA,NA,NA,Y,NA,A,01,0,0,1,0,0,0,0,0,0,-,-,NA,NA,SAN BERNARDINO,SAN BERNARDINO,-117.26695449,34.16502132
6679488,2014,2014-12-16,3610,2014-05-23,1339,50601,NA,5,5,6,3610,0,0,0,NA,0,NA,REDLANDS BL,WATERMAN AV,57,W,N,A,-,N,NA,NA,NA,NA,NA,NA,NA,NA,NA,N,4,0,1,4,A,-,03,22350,NA,N,C,C,A,A,H,-,A,A,0,NA,NA,NA,NA,Y,NA,A,01,0,0,1,0,0,0,0,0,0,-,-,NA,NA,SAN BERNARDINO,SAN BERNARDINO,-117.27895762,34.06311872
6679491,2014,2015-06-17,3604,2014-09-23,0601,744,NA,2,5,6,3604,0,0,0,NA,0,NA,JURUPA AV,PACIFIC AV,0,NA,Y,A,-,N,NA,NA,NA,NA,NA,NA,NA,NA,NA,Y,4,0,1,2,A,-,09,21802,A,N,D,C,A,A,H,-,B,A,0,NA,NA,NA,Y,Y,NA,F,27,0,0,1,0,0,0,0,0,0,-,-,NA,NA,SAN BERNARDINO,FONTANA,-117.51892012,34.04721002
6679520,2014,2014-11-04,3610,2014-05-18,1204,50707,NA,7,5,6,3610,0,0,0,NA,0,NA,E SAN BERNARDINO AV,POWER POLE 2177800E,21,W,N,A,-,N,NA,NA,NA,NA,NA,NA,NA,NA,NA,N,3,0,1,1,C,-,18,NA,NA,N,H,-,A,A,H,-,A,D,0,NA,NA,Y,NA,Y,NA,-,-,0,1,0,0,0,0,0,0,1,-,-,NA,NA,SAN BERNARDINO,SAN BERNARDINO,NA,NA
6611570,2014,2015-04-17,3600,2014-07-05,0733,10053,YC103,6,5,4,3640,0,0,0,NA,0,YC1,OAK GLEN RD,2ND ST,5280,W,N,A,-,N,NA,NA,NA,NA,NA,NA,NA,NA,NA,Y,4,0,1,2,A,-,13,22500,NA,N,C,C,A,A,H,-,A,D,0,NA,NA,NA,NA,Y,NA,A,01,0,0,1,0,0,0,0,0,0,-,-,NA,NA,SAN BERNARDINO,YUCAIPA,-117.05817606,34.04281232
6680492,2014,2016-04-30,9855,2014-07-21,1800,19462,NA,1,2,6,3616,0,1,1,NA,2,152,RT 15,FOOTHILL BL,2000,S,N,A,-,Y,SBD,8,15,-,-,4.91,H,-,S,Y,4,0,1,2,A,-,07,21658,A,N,B,C,A,A,H,-,A,D,1,NA,NA,NA,Y,Y,NA,A,01,0,0,1,0,0,0,0,0,0,-,-,34.09701,-117.54198,SAN BERNARDINO,RANCHO CUCAMONGA,-117.53710313,34.10240919
6681969,2014,2014-11-20,3604,2014-09-28,1027,957,NA,7,5,6,3604,0,0,0,NA,0,NA,JURUPA AV,BANANA AV,0,NA,Y,B,-,N,NA,NA,NA,NA,NA,NA,NA,NA,NA,Y,3,0,3,2,A,-,08,22107,NA,N,A,C,A,A,H,-,A,A,0,NA,NA,NA,NA,Y,NA,D,22,0,1,2,0,0,0,0,0,0,-,-,NA,NA,SAN BERNARDINO,FONTANA,-117.49776005,34.04817007
6682449,2014,2016-04-30,9855,2014-07-18,0345,017313,NA,5,3,6,3616,0,1,1,NA,2,152,RT 15,RT 66,1000,N,N,A,-,Y,SBD,8,15,-,-,5.5,H,-,S,Y,4,0,1,2,A,-,03,22350,NA,N,C,C,A,A,H,-,C,D,1,NA,NA,NA,NA,Y,NA,A,08,0,0,1,0,0,0,0,0,0,-,-,NA,NA,SAN BERNARDINO,RANCHO CUCAMONGA,-117.52987905,34.10844108
6686612,2014,2014-12-23,3611,2014-07-14,1959,2520,3611,1,5,5,3611,0,0,0,NA,0,002,EUCLID AV,8TH ST,0,NA,Y,A,-,N,NA,NA,NA,NA,NA,NA,NA,NA,NA,Y,4,0,2,2,A,-,12,21453,A,N,D,C,A,A,H,-,D,A,0,NA,NA,NA,NA,Y,NA,E,22,0,0,2,0,0,0,0,0,0,-,-,NA,NA,SAN BERNARDINO,UPLAND,-117.65129,34.0924601
6686632,2014,2015-04-30,3611,2014-08-20,1147,2488,3611,3,5,5,3611,0,0,0,NA,0,002,9TH ST,MOUNTAIN AV,1462,E,N,A,-,N,NA,NA,NA,NA,NA,NA,NA,NA,NA,Y,3,0,1,2,A,-,09,21801,A,N,D,C,A,A,H,-,A,D,0,NA,NA,NA,NA,Y,NA,D,22,0,1,0,0,0,0,0,0,0,-,-,NA,NA,SAN BERNARDINO,UPLAND,-117.66543364,34.09603703
6599709,2014,2016-04-30,9834,2014-07-17,1110,018921,NA,4,1,9,3600,0,1,1,NA,2,044,RT 40,WATER RD,27456,E,N,A,-,Y,SBD,8,40,-,R,124.8,H,-,E,N,4,0,1,1,A,-,08,22107,NA,N,F,A,A,A,H,-,A,D,1,NA,NA,Y,NA,Y,NA,C,02,0,0,1,0,0,0,0,0,1,-,-,34.85633,-114.88265,SAN BERNARDINO,UNINCORPORATED,-114.88835907,34.85499168
6573483,2014,2014-08-08,3603,2014-06-10,1604,CL4615,COLTO,2,5,4,3603,0,0,0,NA,0,004,LITTON AV,BOSTICK AV,30,E,N,A,-,N,NA,NA,NA,NA,NA,NA,NA,NA,NA,Y,4,0,1,2,A,-,03,22350,NA,N,C,C,A,A,H,-,A,D,0,NA,NA,NA,NA,Y,NA,A,07,0,0,1,0,0,0,0,0,0,-,-,NA,NA,SAN BERNARDINO,COLTON,-117.33657129,34.03838838
6564186,2014,2014-07-30,3602,2014-05-20,1840,3051,NA,2,5,5,3602,0,0,0,NA,0,002,WALNUT AV,BENSON AV,32,W,N,A,-,N,NA,NA,NA,NA,NA,NA,NA,NA,NA,N,4,0,1,2,A,-,04,21703,NA,N,C,C,A,A,H,-,A,A,0,NA,NA,NA,NA,Y,NA,A,01,0,0,1,0,0,0,0,0,0,-,-,NA,NA,SAN BERNARDINO,CHINO,-117.68077534,34.02632
6691868,2014,2014-11-21,3600,2014-06-18,0934,D6174,RC046,3,5,6,3616,0,0,0,NA,0,RC1,19TH ST,CARNELIAN ST,200,E,N,A,-,N,NA,NA,NA,NA,NA,NA,NA,NA,NA,N,4,0,1,2,A,-,05,21650,1,N,D,G,A,A,H,-,A,D,0,NA,Y,NA,NA,Y,NA,L,04,0,0,1,0,0,0,1,0,0,-,-,NA,NA,SAN BERNARDINO,RANCHO CUCAMONGA,-117.61556101,34.13261
6691911,2014,2016-04-16,9855,2014-06-02,1700,013381,NA,1,2,5,3630,0,1,3,NA,2,071,RT 71,GRAND AV,1908,N,N,A,-,Y,SBD,8,71,-,R,2.23,H,-,S,Y,4,0,1,2,A,-,03,22350,NA,F,C,C,A,A,H,-,A,D,1,NA,NA,NA,NA,Y,NA,A,01,0,0,1,0,0,0,0,0,0,-,-,NA,NA,SAN BERNARDINO,CHINO HILLS,-117.72099913,33.99566419
6691925,2014,2014-11-20,3610,2014-05-23,2227,50802,NA,5,5,6,3610,0,0,0,NA,0,NA,EAST BASELINE,N TIPPECANOE AV,0,NA,Y,A,-,N,NA,NA,NA,NA,NA,NA,NA,NA,NA,Y,4,0,1,2,A,-,12,21453,A,F,B,C,A,A,H,-,C,A,0,NA,NA,Y,NA,Y,NA,-,NA,0,0,1,0,0,0,0,0,1,-,-,NA,NA,SAN BERNARDINO,SAN BERNARDINO,-117.26185005,34.12132006
6692993,2014,2014-11-06,3607,2014-08-18,1638,14931,293,1,5,6,3607,0,0,0,NA,0,062,PHILADELPHIA ST,EUCLID AV,200,E,N,A,-,N,NA,NA,NA,NA,NA,NA,NA,NA,NA,N,4,0,1,2,A,-,09,21804,A,N,D,C,A,A,H,-,A,D,0,NA,NA,NA,NA,Y,NA,-,NA,0,0,1,0,0,0,0,0,0,-,-,NA,NA,SAN BERNARDINO,ONTARIO,-117.65106,34.03389
6693574,2014,2015-01-23,3605,2014-10-10,1115,361,NA,5,5,4,3605,0,0,0,NA,0,NA,MONTE VISTA AV,KINGSLEY ST,0,NA,Y,A,-,N,NA,NA,NA,NA,NA,NA,NA,NA,NA,Y,4,0,1,2,A,-,12,21453,A,N,D,C,A,A,H,-,A,A,0,NA,NA,NA,NA,Y,NA,-,-,0,0,1,0,0,0,0,0,0,-,-,NA,NA,SAN BERNARDINO,MONTCLAIR,-117.6982901,34.06672001
6702180,2014,2014-12-03,3600,2014-10-30,0933,B7126,VC025,4,5,5,3612,0,0,0,NA,0,VC3,WINONA ST,ARROWHEAD DR,0,NA,Y,A,-,N,NA,NA,NA,NA,NA,NA,NA,NA,NA,N,4,0,1,2,A,-,05,21650,1,N,D,G,A,A,H,-,A,A,0,NA,Y,NA,NA,Y,NA,L,04,0,0,1,0,0,0,1,0,0,-,-,NA,NA,SAN BERNARDINO,VICTORVILLE,-117.31246009,34.48894006
6702457,2014,2014-12-08,3600,2014-10-16,1700,L1501,YC103,4,5,4,3640,0,0,0,NA,0,NA,BAYHILL RD,SOUTHWIND WY,0,NA,Y,A,-,N,NA,NA,NA,NA,NA,NA,NA,NA,NA,N,4,0,1,2,A,-,08,22107,NA,N,H,C,A,A,H,-,A,D,0,NA,NA,NA,NA,Y,NA,A,01,0,0,1,0,0,0,0,0,0,-,-,NA,NA,SAN BERNARDINO,YUCAIPA,-117.08198012,34.03752008
6703590,2014,2015-01-08,9850,2014-11-01,2045,20848,NA,6,2,9,3600,0,1,3,NA,2,060,RT 138,MOUNTAIN RD,0,NA,Y,A,-,Y,NA,NA,138,NA,NA,NA,NA,NA,NA,Y,4,0,3,3,A,-,09,21802,A,N,C,C,A,A,H,-,D,A,0,NA,NA,NA,NA,Y,NA,A,01,0,0,3,0,0,0,0,0,0,-,-,34.44366,-117.64747,SAN BERNARDINO,UNINCORPORATED,-117.64748004,34.44364466
6557533,2014,2016-04-30,9835,2014-07-04,0645,020327,NA,5,1,9,3600,0,1,1,NA,2,072,RT 15,MINNEOLA RD,5280,S,N,A,-,Y,SBD,8,15,-,-,87.47,H,-,S,Y,4,0,2,3,A,-,03,22350,NA,N,C,C,A,A,H,-,A,D,1,NA,NA,NA,NA,Y,NA,A,07,0,0,2,0,0,0,0,0,0,-,-,34.91464,-116.78879,SAN BERNARDINO,UNINCORPORATED,-116.78904697,34.91460874
6706507,2014,2015-01-12,9835,2014-11-12,0101,016883,NA,3,3,9,3600,0,1,1,NA,2,072,RT 15,CALICO RD,6336,S,N,A,-,Y,NA,NA,NA,NA,NA,NA,NA,NA,NA,Y,3,0,1,2,A,-,07,21658,A,N,B,C,A,A,H,-,D,D,0,NA,NA,NA,NA,Y,NA,A,01,0,1,0,0,0,0,0,0,0,-,-,NA,NA,SAN BERNARDINO,UNINCORPORATED,-116.85901218,34.90652608
6706740,2014,2014-12-08,9860,2014-10-16,0405,18131,NA,4,3,9,3600,0,2,4,NA,2,411,CEDAR AV,RT 10,123,S,N,B,-,Y,NA,NA,10,NA,NA,NA,NA,NA,NA,N,3,0,1,3,A,-,-,NA,NA,N,H,G,D,A,H,-,D,A,0,Y,Y,NA,NA,Y,Y,L,04,0,1,0,0,1,0,0,0,0,-,-,34.06772,-117.39621,SAN BERNARDINO,UNINCORPORATED,-117.39626423,34.06840031
6707043,2014,2014-12-01,9860,2014-10-23,0620,014686,NA,4,1,9,3600,0,1,1,NA,2,152,RT 15,RT 138,1320,N,N,A,-,Y,NA,NA,15,NA,NA,NA,NA,NA,NA,Y,3,0,2,2,A,-,03,22350,NA,N,C,C,A,A,D,-,B,D,0,NA,NA,NA,NA,Y,NA,A,01,0,1,1,0,0,0,0,0,0,-,-,34.31502,-117.4783,SAN BERNARDINO,UNINCORPORATED,-117.47840192,34.31492808
6707095,2014,2014-12-01,9860,2014-10-21,0615,013945,NA,2,1,9,3600,0,1,1,NA,2,152,RT 15,RT 138,5808,N,N,A,-,Y,NA,NA,NA,NA,NA,NA,NA,NA,NA,N,4,0,2,2,A,-,03,22350,NA,N,C,C,A,A,D,-,D,D,0,NA,NA,NA,NA,Y,NA,A,01,0,0,2,0,0,0,0,0,0,-,-,NA,NA,SAN BERNARDINO,UNINCORPORATED,-117.48235262,34.32593755
6707365,2014,2016-04-30,9835,2014-09-30,1410,017101,NA,2,2,9,3600,0,1,1,NA,2,070,RT 15,HODGE RD,7392,S,N,A,-,Y,SBD,8,15,-,-,58.71,H,-,S,Y,3,0,2,2,A,-,02,22400,A,N,C,-,A,A,H,-,A,D,1,NA,NA,NA,NA,Y,NA,A,01,0,1,1,0,0,0,0,0,0,-,-,34.73525,-117.18319,SAN BERNARDINO,UNINCORPORATED,-117.18201417,34.73635116
6707758,2014,2014-11-24,9860,2014-10-11,1315,018905,NA,6,1,9,3600,0,3,5,NA,2,003,VALLEY OF THE FALLS DR,ROCK RD,1056,E,N,A,-,N,NA,NA,NA,NA,NA,NA,NA,NA,NA,Y,4,0,1,1,A,-,03,22350,NA,N,F,A,A,A,B,-,A,A,0,NA,NA,Y,NA,Y,NA,C,02,0,0,1,0,0,0,0,0,1,-,-,34.08126,-117.8942,SAN BERNARDINO,UNINCORPORATED,-116.89408422,34.08121304
6711428,2014,2015-01-14,3600,2014-10-28,0623,B5753,AP011,2,5,5,3621,0,0,0,NA,0,AP2,DALE EVANS PKWY,QUARRY RD,0,NA,Y,A,-,N,NA,NA,NA,NA,NA,NA,NA,NA,NA,Y,3,0,1,2,A,-,12,22450,A,N,D,C,A,-,H,-,D,-,0,NA,NA,NA,Y,Y,NA,F,77,0,1,0,0,0,0,0,0,0,-,-,NA,NA,SAN BERNARDINO,APPLE VALLEY,-117.20707002,34.61580007
6711429,2014,2015-01-06,3609,2014-10-22,0820,1041,120,3,5,5,3609,0,0,0,NA,0,001,CEDAR AV,ETIWANDA AV,0,NA,Y,A,-,N,NA,NA,NA,NA,NA,NA,NA,NA,NA,Y,3,0,2,2,A,-,09,21801,A,N,D,C,A,A,H,-,A,A,0,NA,NA,NA,NA,Y,NA,A,08,0,1,1,0,0,0,0,0,0,-,-,NA,NA,SAN BERNARDINO,RIALTO,-117.39660003,34.11404004
6713251,2014,2015-01-06,9870,2014-10-23,1348,13205,NA,4,1,9,3600,0,1,3,NA,1,031,RT 62,HALLEE RD,0,NA,Y,A,-,Y,NA,NA,62,NA,NA,NA,NA,NA,NA,Y,3,0,1,1,A,-,03,22350,NA,N,E,I,A,A,H,-,A,A,0,NA,NA,NA,NA,Y,NA,A,01,0,1,0,0,0,0,0,0,0,-,-,34.13507,-116.3236,SAN BERNARDINO,UNINCORPORATED,-116.32360038,34.13497202
6713913,2014,2015-01-08,9865,2014-11-01,1000,018392,NA,6,1,9,3600,0,1,3,NA,2,011,RT 18,CREST FOREST DR,528,S,N,C,E,Y,NA,NA,18,NA,NA,NA,NA,NA,NA,Y,3,0,1,1,A,-,03,22350,NA,N,E,I,A,B,H,-,A,D,0,NA,NA,NA,NA,Y,NA,A,07,0,1,0,0,0,0,0,0,0,-,-,34.22717,-117.25897,SAN BERNARDINO,UNINCORPORATED,-117.25897067,34.22715466
6717214,2014,2015-06-24,3600,2014-11-17,1531,C9389,VC048,1,5,5,3612,0,0,0,NA,0,VC3,MOJAVE DR,DON ROBERTO RD,980,W,N,A,-,N,NA,NA,NA,NA,NA,NA,NA,NA,NA,Y,4,0,1,2,A,-,09,21804,A,N,D,C,A,A,H,-,A,D,0,NA,NA,NA,NA,Y,NA,A,01,0,0,1,0,0,0,0,0,0,-,-,NA,NA,SAN BERNARDINO,VICTORVILLE,-117.32572303,34.52875677
6717405,2014,2015-01-12,3600,2014-11-14,1415,B7126,VC038,5,5,5,3612,0,0,0,NA,0,VC1,6TH ST,YUCCA AV,0,NA,Y,A,-,N,NA,NA,NA,NA,NA,NA,NA,NA,NA,N,4,0,4,2,A,-,09,21802,A,N,D,C,A,A,H,-,A,A,0,NA,NA,NA,NA,Y,NA,A,01,0,0,4,0,0,0,0,0,0,-,-,NA,NA,SAN BERNARDINO,VICTORVILLE,-117.29852012,34.53275005
6718400,2014,2015-03-20,3600,2014-11-05,1103,C8720,NE008,3,5,2,3606,0,0,0,NA,0,001,RT 95,FIVE MILE RD,600,S,N,A,-,Y,SBD,8,95,-,-,53.02,H,-,S,Y,1,1,0,2,A,-,21,22106,NA,N,D,C,A,A,H,-,A,A,0,NA,NA,NA,NA,Y,NA,A,01,0,0,0,0,0,0,0,0,0,-,-,NA,NA,SAN BERNARDINO,NEEDLES,-114.59612578,34.76803952
6718616,2017,2018-02-20,3602,2017-05-12,1936,3034,NA,5,5,5,3602,0,0,0,NA,0,003,MONTE VISTA AV,EUCALYPTUS AV,210,S,N,A,-,N,NA,NA,NA,NA,NA,NA,NA,NA,NA,Y,1,1,1,1,A,-,03,22350,NA,N,E,I,A,A,H,-,B,A,0,NA,NA,NA,NA,Y,NA,A,01,1,0,0,0,0,0,0,0,0,-,-,NA,NA,SAN BERNARDINO,CHINO,-117.69772722,33.98938443
6718701,2017,2018-03-02,3600,2017-10-05,1733,D6180,HE304,4,5,5,3619,0,0,0,NA,0,HE3,ESCONDIDO AV,HOLLISTER AV,0,NA,Y,A,-,N,NA,NA,NA,NA,NA,NA,NA,NA,NA,Y,1,1,3,2,A,-,09,21802,A,N,D,C,A,A,H,-,A,A,0,NA,NA,NA,NA,Y,NA,A,01,1,2,0,0,0,0,0,0,0,-,-,NA,NA,SAN BERNARDINO,HESPERIA,-117.37291003,34.41579003