CASE_ID,ACCIDENT_YEAR,PROC_DATE,JURIS,COLLISION_DATE,COLLISION_TIME,OFFICER_ID,REPORTING_DISTRICT,DAY_OF_WEEK,CHP_SHIFT,POPULATION,CNTY_CITY_LOC,SPECIAL_COND,BEAT_TYPE,CHP_BEAT_TYPE,CITY_DIVISION_LAPD,CHP_BEAT_CLASS,BEAT_NUMBER,PRIMARY_RD,SECONDARY_RD,DISTANCE,DIRECTION,INTERSECTION,WEATHER_1,WEATHER_2,STATE_HWY_IND,CALTRANS_COUNTY,CALTRANS_DISTRICT,STATE_ROUTE,ROUTE_SUFFIX,POSTMILE_PREFIX,POSTMILE,LOCATION_TYPE,RAMP_INTERSECTION,SIDE_OF_HWY,TOW_AWAY,COLLISION_SEVERITY,NUMBER_KILLED,NUMBER_INJURED,PARTY_COUNT,PRIMARY_COLL_FACTOR,PCF_CODE_OF_VIOL,PCF_VIOL_CATEGORY,PCF_VIOLATION,PCF_VIOL_SUBSECTION,HIT_AND_RUN,TYPE_OF_COLLISION,MVIW,PED_ACTION,ROAD_SURFACE,ROAD_COND_1,ROAD_COND_2,LIGHTING,CONTROL_DEVICE,CHP_ROAD_TYPE,PEDESTRIAN_ACCIDENT,BICYCLE_ACCIDENT,MOTORCYCLE_ACCIDENT,TRUCK_ACCIDENT,NOT_PRIVATE_PROPERTY,ALCOHOL_INVOLVED,STWD_VEHTYPE_AT_FAULT,CHP_VEHTYPE_AT_FAULT,COUNT_SEVERE_INJ,COUNT_VISIBLE_INJ,COUNT_COMPLAINT_PAIN,COUNT_PED_KILLED,COUNT_PED_INJURED,COUNT_BICYCLIST_KILLED,COUNT_BICYCLIST_INJURED,COUNT_MC_KILLED,COUNT_MC_INJURED,PRIMARY_RAMP,SECONDARY_RAMP,LATITUDE,LONGITUDE,COUNTY,CITY,POINT_X,POINT_Y
6797648,2014,2015-02-09,9870,2014-12-31,0600,013751,NA,3,1,9,3600,0,1,3,NA,2,021,RT 247,RECHE RD,1056,N,N,B,-,Y,NA,NA,247,NA,NA,NA,NA,NA,NA,Y,3,0,1,1,A,-,03,22350,NA,N,E,I,A,C,H,-,D,D,0,NA,NA,NA,NA,Y,NA,A,01,0,1,0,0,0,0,0,0,0,-,-,34.26879,-116.44754,SAN BERNARDINO,UNINCORPORATED,-116.44749752,34.26881124
6801459,2015,2016-10-11,9865,2015-01-09,1640,20872,NA,5,2,9,3600,0,1,3,NA,2,021,RT 330,FOREST RD 1N09,7392,S,N,A,-,Y,SBD,8,330,-,-,34.3,H,-,S,Y,3,0,3,2,A,-,09,21804,A,N,B,C,A,A,H,-,B,D,0,NA,NA,NA,NA,Y,NA,A,07,0,1,2,0,0,0,0,0,0,-,-,34.1803,-117.17156,SAN BERNARDINO,UNINCORPORATED,-117.17235302,34.18010669
6804903,2015,2015-03-03,3604,2015-01-28,1301,1150,NA,3,5,6,3604,0,0,0,NA,0,NA,CITRUS AV,FONTANA AV,298,S,N,A,-,N,NA,NA,NA,NA,NA,NA,NA,NA,NA,N,4,0,2,2,A,-,03,22350,NA,N,C,C,A,A,D,-,A,D,0,NA,NA,NA,NA,Y,NA,A,01,0,0,2,0,0,0,0,0,0,-,-,NA,NA,SAN BERNARDINO,FONTANA,-117.45547789,34.08590088
6809319,2015,2015-05-13,3610,2015-01-26,1829,50851,NA,1,5,6,3610,0,0,0,NA,0,NA,WEST BASELINE RD,N L ST,170,W,N,B,C,N,NA,NA,NA,NA,NA,NA,NA,NA,NA,Y,4,0,2,2,A,-,09,21801,A,N,D,C,A,B,H,-,C,D,0,NA,NA,NA,NA,Y,NA,A,01,0,0,2,0,0,0,0,0,0,-,-,NA,NA,SAN BERNARDINO,SAN BERNARDINO,-117.30965999,34.12133
6813227,2014,2015-02-24,3603,2014-11-09,1900,CL4615,COLTO,7,5,4,3603,0,0,0,NA,0,004,HUNTS LN,COOLEY DR,0,NA,Y,A,-,N,NA,NA,NA,NA,NA,NA,NA,NA,NA,Y,4,0,1,2,A,-,09,21801,A,N,A,C,A,A,H,-,C,A,0,NA,NA,NA,NA,Y,NA,A,01,0,0,1,0,0,0,0,0,0,-,-,NA,NA,SAN BERNARDINO,COLTON,-117.28742002,34.05571001
6859252,2014,2015-04-29,3600,2014-08-21,1544,C2706,HI001,4,5,4,3618,0,0,0,NA,0,001,4TH ST,DEL ROSA DR,500,W,N,A,-,N,NA,NA,NA,NA,NA,NA,NA,NA,NA,N,4,0,1,2,A,-,03,22350,NA,N,C,C,A,A,H,-,A,D,0,NA,NA,NA,NA,Y,NA,-,NA,0,0,1,0,0,0,0,0,0,-,-,NA,NA,SAN BERNARDINO,HIGHLAND,-117.25292005,34.10655229
6859299,2015,2015-03-26,3607,2015-01-30,2038,80447,50,5,5,6,3607,0,0,0,NA,0,031,4TH ST,BAKER AV,135,W,N,A,-,N,NA,NA,NA,NA,NA,NA,NA,NA,NA,Y,4,0,2,2,A,-,09,21801,A,N,D,C,A,A,H,-,C,D,0,NA,NA,NA,NA,Y,NA,-,NA,0,0,2,0,0,0,0,0,0,-,-,NA,NA,SAN BERNARDINO,ONTARIO,-117.62027463,34.07763
6859471,2014,2015-03-26,3607,2014-12-14,1701,14813,45D,7,5,6,3607,0,0,0,NA,0,071,ARCHIBALD AV,BIG RANGE RD,100,N,N,A,-,N,NA,NA,NA,NA,NA,NA,NA,NA,NA,N,4,0,1,2,A,-,04,21703,NA,N,C,C,A,A,H,-,C,D,0,NA,NA,NA,NA,Y,NA,-,NA,0,0,1,0,0,0,0,0,0,-,-,NA,NA,SAN BERNARDINO,ONTARIO,-117.59323837,34.00717405
6859849,2015,2015-03-27,3611,2015-01-17,0030,2767,NA,6,5,5,3611,0,0,0,NA,0,004,A ST,4TH AV,90,E,N,A,-,N,NA,NA,NA,NA,NA,NA,NA,NA,NA,N,3,0,1,1,A,-,08,22107,NA,N,E,A,A,A,H,-,C,A,0,NA,Y,NA,NA,Y,Y,L,04,0,1,0,0,0,0,1,0,0,-,-,NA,NA,SAN BERNARDINO,UPLAND,-117.64548351,34.0947611
6817752,2015,2016-10-13,9865,2015-02-09,1905,19232,NA,1,2,9,3600,0,1,3,NA,2,021,RT 330,LIVE OAK DR,21120,S,N,A,-,Y,SBD,8,330,-,-,37.82,H,-,N,Y,2,0,4,2,A,-,05,21460,A,N,A,C,A,A,H,-,D,D,0,NA,NA,NA,NA,Y,NA,A,01,3,1,0,0,0,0,0,0,0,-,-,34.18721,-117.14786,SAN BERNARDINO,UNINCORPORATED,-117.14797538,34.18722298
6861386,2015,2015-04-03,3600,2015-02-16,1516,B9547,VC064,1,5,5,3612,0,0,0,NA,0,VC5,AMARGOSA RD,LUNA RD,353,S,N,A,-,N,NA,NA,NA,NA,NA,NA,NA,NA,NA,Y,3,0,2,1,A,-,08,22107,NA,N,E,I,A,A,H,-,A,D,0,NA,NA,Y,NA,Y,NA,C,02,0,2,0,0,0,0,0,0,2,-,-,NA,NA,SAN BERNARDINO,VICTORVILLE,-117.33204169,34.49133894
6861602,2015,2015-04-09,3604,2015-03-18,2040,1149,NA,3,5,6,3604,0,0,0,NA,0,NA,LOCUST,JURUPA,200,S,N,C,-,N,NA,NA,NA,NA,NA,NA,NA,NA,NA,N,3,0,1,2,A,-,03,22350,NA,N,C,H,A,B,H,-,D,A,0,NA,NA,NA,NA,Y,NA,D,22,0,1,0,0,0,0,0,0,0,-,-,NA,NA,SAN BERNARDINO,FONTANA,-117.40945863,34.04798201
6862440,2015,2015-03-27,3607,2015-03-01,0026,80428,276,7,5,6,3607,0,0,0,NA,0,071,RIVERSIDE DR,WHISPERING CAKES DR,900,E,N,C,-,N,NA,NA,NA,NA,NA,NA,NA,NA,NA,Y,4,0,1,1,A,-,08,22107,NA,N,E,I,A,B,H,-,C,A,0,NA,NA,NA,NA,Y,NA,-,NA,0,0,1,0,0,0,0,0,0,-,-,NA,NA,SAN BERNARDINO,ONTARIO,-117.60375381,34.01924023
6863407,2015,2015-05-13,3610,2015-01-11,1515,50707,NA,7,5,6,3610,0,0,0,NA,0,NA,LITTLE MOUNTAIN DR,W BOND ST,3168,N,N,B,-,N,NA,NA,NA,NA,NA,NA,NA,NA,NA,Y,4,0,1,1,A,-,03,22350,NA,N,F,I,A,B,H,-,A,D,0,NA,NA,NA,NA,Y,NA,A,01,0,0,1,0,0,0,0,0,0,-,-,NA,NA,SAN BERNARDINO,SAN BERNARDINO,-117.32086108,34.16109751
6863897,2015,2016-04-29,3600,2015-03-03,1558,G0455,RC006,2,5,6,3616,0,0,0,NA,0,RC04,FOOTHILL BL,ROCHESTER AV,0,NA,Y,A,-,N,NA,NA,NA,NA,NA,NA,NA,NA,NA,Y,4,0,3,3,A,-,03,22350,NA,N,C,C,A,A,H,-,A,A,0,NA,NA,NA,NA,Y,NA,A,07,0,0,3,0,0,0,0,0,0,-,-,NA,NA,SAN BERNARDINO,RANCHO CUCAMONGA,-117.54564001,34.10646005
6865849,2015,2015-04-09,9835,2015-03-06,0900,17724,NA,5,1,9,3600,0,3,5,NA,2,037,AMBOY RD,NATIONAL TRAILS HWY,52800,S,N,A,-,N,NA,NA,NA,NA,NA,NA,NA,NA,NA,Y,3,0,1,2,A,-,08,22107,NA,N,F,I,A,A,H,-,A,D,0,NA,NA,NA,NA,Y,NA,A,01,0,1,0,0,0,0,0,0,0,-,-,NA,NA,SAN BERNARDINO,UNINCORPORATED,-115.74346,34.47828
6870318,2015,2015-04-15,3600,2015-03-28,2022,D3381,VC064,6,5,5,3612,0,0,0,NA,0,VC4,AMARGOSA RD,LA MESA RD,0,NA,Y,A,-,N,NA,NA,NA,NA,NA,NA,NA,NA,NA,Y,4,0,3,2,A,-,09,21453,C,N,D,C,A,A,H,-,C,A,0,NA,NA,NA,NA,Y,NA,A,01,0,0,3,0,0,0,0,0,0,-,-,NA,NA,SAN BERNARDINO,VICTORVILLE,-117.33716002,34.48544003
6870322,2015,2015-04-13,3600,2015-03-19,1715,D2004,YV04,4,5,3,3631,0,0,0,NA,0,023,YUCCA TRL,WAMEGO TR,0,NA,Y,A,-,N,NA,NA,NA,NA,NA,NA,NA,NA,NA,Y,3,0,1,2,A,-,04,21703,NA,N,C,C,A,A,H,-,A,A,0,NA,NA,Y,NA,Y,NA,-,NA,0,1,0,0,0,0,0,0,1,-,-,NA,NA,SAN BERNARDINO,YUCCA VALLEY,-116.44945008,34.1206801
6871681,2015,2015-09-01,3600,2015-03-20,1343,D2004,YV13,5,5,3,3631,0,0,0,NA,0,023,SAGE AV,ONAGA TR,0,NA,Y,A,-,N,NA,NA,NA,NA,NA,NA,NA,NA,NA,Y,4,0,1,1,C,-,18,NA,NA,N,E,I,A,A,H,-,A,A,0,NA,NA,NA,NA,Y,NA,-,-,0,0,1,0,0,0,0,0,0,-,-,NA,NA,SAN BERNARDINO,YUCCA VALLEY,-116.42287008,34.11218004
6872008,2015,2015-04-16,3602,2015-01-13,1317,2923,NA,2,5,5,3602,0,0,0,NA,0,005,CENTRAL AV,CHINO HILLS PKWY,304,S,N,A,-,N,NA,NA,NA,NA,NA,NA,NA,NA,NA,Y,3,0,3,2,A,-,03,22350,NA,N,C,C,A,A,H,-,A,A,0,NA,NA,NA,NA,Y,NA,A,01,0,2,1,0,0,0,0,0,0,-,-,NA,NA,SAN BERNARDINO,CHINO,-117.68896851,33.98193687
6872032,2015,2015-04-17,3602,2015-01-29,0640,3402,NA,4,5,5,3602,0,0,0,NA,0,003,ROSWELL AV,SCHAEFER AV,0,NA,Y,A,-,N,NA,NA,NA,NA,NA,NA,NA,NA,NA,Y,3,0,3,2,A,-,09,21801,A,N,D,C,A,A,H,-,A,A,0,NA,NA,Y,NA,Y,NA,C,02,0,2,1,0,0,0,0,0,2,-,-,NA,NA,SAN BERNARDINO,CHINO,-117.72183001,34.00434005
6872048,2015,2015-04-17,3602,2015-01-25,1507,3368,118,7,5,5,3602,0,0,0,NA,0,003,PIPELINE AV,EDISON AV,640,S,N,B,-,N,NA,NA,NA,NA,NA,NA,NA,NA,NA,Y,4,0,2,2,A,-,09,21804,A,N,D,C,A,A,H,-,A,D,0,NA,NA,NA,NA,Y,NA,A,01,0,0,2,0,0,0,0,0,0,-,-,NA,NA,SAN BERNARDINO,CHINO,-117.7152337,33.99546593
6751345,2014,2015-06-24,3600,2014-10-31,1047,C4846,TW006,5,5,3,3617,0,0,0,NA,0,0TW,OCOTILLO AV,SOUTH SLOPE DR,0,NA,Y,A,-,N,NA,NA,NA,NA,NA,NA,NA,NA,NA,Y,4,0,1,2,A,-,00,16028,A,N,D,C,A,A,-,-,A,A,0,NA,NA,NA,NA,Y,NA,A,01,0,0,1,0,0,0,0,0,0,-,-,NA,NA,SAN BERNARDINO,TWENTYNINE PALMS,-116.05306014,34.14491002
6876333,2015,2016-10-13,9860,2015-02-28,1640,19429,NA,6,2,9,3600,0,1,1,NA,2,102,RT 10,CEDAR AV,3960,W,N,A,-,Y,SBD,8,10,-,-,17.74,H,-,E,Y,4,0,1,2,A,-,03,22350,NA,N,C,C,A,A,H,-,A,D,1,NA,NA,NA,NA,Y,NA,A,07,0,0,1,0,0,0,0,0,0,-,-,34.06777,-117.40233,SAN BERNARDINO,UNINCORPORATED,-117.40919273,34.06761153
6876693,2014,2015-04-23,3607,2014-12-07,1827,15042,42,7,5,6,3607,0,0,0,NA,0,011,MOUNTAIN AV,4TH ST,0,NA,Y,A,-,N,NA,NA,NA,NA,NA,NA,NA,NA,NA,Y,4,0,1,2,A,-,09,21801,A,N,D,C,A,A,H,-,C,A,0,NA,NA,NA,NA,Y,NA,-,NA,0,0,1,0,0,0,0,0,0,-,-,NA,NA,SAN BERNARDINO,ONTARIO,-117.67011012,34.07787005
6876862,2015,2015-04-27,3604,2015-03-26,1603,1163,NA,4,5,6,3604,0,0,0,NA,0,NA,SIERRA LAKES,KNOX,48,E,N,A,-,N,NA,NA,NA,NA,NA,NA,NA,NA,NA,N,4,0,1,3,A,-,03,22350,A,N,C,C,A,A,H,-,A,A,0,NA,NA,NA,NA,Y,NA,A,01,0,0,1,0,0,0,0,0,0,-,-,NA,NA,SAN BERNARDINO,FONTANA,-117.46207182,34.13950073
6876879,2015,2016-10-10,9860,2015-03-08,1520,18223,NA,7,2,6,3610,0,1,1,NA,2,202,RT 210,GOLDEN AV,800,W,N,A,-,Y,SBD,8,210,-,R,25.06,H,-,W,Y,4,0,1,2,A,-,01,23152,A,N,B,C,A,A,H,-,A,D,1,NA,NA,NA,NA,Y,Y,A,01,0,0,1,0,0,0,0,0,0,-,-,34.14466,-117.26561,SAN BERNARDINO,SAN BERNARDINO,-117.26400962,34.14441667
6876983,2015,2015-04-24,3600,2015-02-27,1635,B7125,RC052,5,5,6,3616,0,0,0,NA,0,002,SAN BERNARDINO RD,FOOTHILL BL,0,NA,Y,A,-,N,NA,NA,NA,NA,NA,NA,NA,NA,NA,N,4,0,1,2,A,-,03,22350,NA,N,C,C,A,A,H,-,A,A,0,NA,NA,NA,NA,Y,NA,A,01,0,0,1,0,0,0,0,0,0,-,-,NA,NA,SAN BERNARDINO,RANCHO CUCAMONGA,-117.62361007,34.10504006
6877423,2015,2016-09-12,9850,2015-03-24,1344,020899,NA,2,1,9,3600,0,1,3,NA,2,060,RT 138,BEEKLEY RD,0,NA,Y,A,-,Y,SBD,8,138,-,-,4.851,I,5,W,Y,4,0,3,2,A,-,09,21801,A,N,A,C,A,A,H,-,A,A,0,NA,NA,NA,NA,Y,NA,A,07,0,0,3,0,0,0,0,0,0,-,-,NA,NA,SAN BERNARDINO,UNINCORPORATED,-117.5894895,34.41166413
6751642,2014,2015-01-22,9850,2014-12-03,1320,20848,NA,3,1,9,3600,0,2,4,NA,2,066,PHELAN RD,BEEKLEY RD,52,E,N,E,-,N,NA,NA,NA,NA,NA,NA,NA,NA,NA,Y,3,0,3,2,A,-,03,22350,NA,N,C,C,A,B,H,-,A,A,0,NA,NA,NA,NA,Y,NA,A,01,0,1,2,0,0,0,0,0,0,-,-,34.4264,-117.58988,SAN BERNARDINO,UNINCORPORATED,-117.58986806,34.42636265
6878221,2015,2015-04-23,3607,2015-02-19,0312,80431,245,4,5,6,3607,0,0,0,NA,0,072,HAVEN AV,PHILADELPHIA ST,0,NA,Y,A,-,N,NA,NA,NA,NA,NA,NA,NA,NA,NA,Y,3,0,1,2,-,-,-,NA,NA,N,D,C,A,A,H,-,C,A,0,NA,NA,NA,NA,Y,NA,-,-,0,1,0,0,0,0,0,0,0,-,-,NA,NA,SAN BERNARDINO,ONTARIO,-117.57603012,34.03356004
6878360,2015,2015-04-14,3607,2015-03-04,1756,15036,281,3,5,6,3607,0,0,0,NA,0,072,HAVEN AV,RIVERSIDE DR,200,N,N,A,-,N,NA,NA,NA,NA,NA,NA,NA,NA,NA,N,3,0,2,2,A,-,04,21703,NA,N,C,C,A,A,H,-,C,A,0,NA,NA,NA,NA,Y,NA,-,NA,0,1,1,0,0,0,0,0,0,-,-,NA,NA,SAN BERNARDINO,ONTARIO,-117.575866,34.01959787
6878370,2015,2015-04-15,3607,2015-03-02,0946,80248,99,1,5,6,3607,0,0,0,NA,0,012,D ST,PALMETTO AV,0,NA,Y,A,-,N,NA,NA,NA,NA,NA,NA,NA,NA,NA,Y,4,0,1,2,A,-,21,22106,NA,N,D,C,A,A,H,-,A,D,0,NA,NA,NA,NA,Y,NA,-,NA,0,0,1,0,0,0,0,0,0,-,-,NA,NA,SAN BERNARDINO,ONTARIO,-117.66878,34.06694003
6878393,2015,2015-04-15,3607,2015-03-24,1631,80313,135,2,5,6,3607,0,0,0,NA,0,032,HOLT BL,IMPERIAL AV,0,NA,Y,A,-,N,NA,NA,NA,NA,NA,NA,NA,NA,NA,N,4,0,1,2,A,-,05,21650,1,N,D,G,A,A,H,-,A,A,0,NA,Y,NA,NA,Y,NA,L,04,0,0,1,0,0,0,1,0,0,-,-,NA,NA,SAN BERNARDINO,ONTARIO,-117.62285008,34.06345008
6879516,2015,2015-04-16,3607,2015-02-26,1455,80313,281,4,5,6,3607,0,0,0,NA,0,072,HAVEN AV,CREEKSIDE DR,0,NA,Y,A,-,N,NA,NA,NA,NA,NA,NA,NA,NA,NA,N,4,0,2,3,A,-,03,22350,NA,N,C,C,A,A,H,-,A,A,0,NA,NA,NA,NA,Y,NA,-,NA,0,0,2,0,0,0,0,0,0,-,-,NA,NA,SAN BERNARDINO,ONTARIO,-117.57538013,34.02255011
6881320,2015,2015-04-24,3609,2015-03-19,1026,8510,130,4,5,5,3609,0,0,0,NA,0,002,FOOTHILL BL,PEPPER AV,0,NA,Y,A,-,N,NA,NA,NA,NA,NA,NA,NA,NA,NA,N,4,0,2,2,D,-,00,NA,NA,N,D,C,A,A,H,-,A,A,0,NA,NA,NA,NA,Y,NA,-,-,0,0,2,0,0,0,0,0,0,-,-,NA,NA,SAN BERNARDINO,RIALTO,-117.35291004,34.1067701
6881986,2015,2016-10-14,9835,2015-03-23,0100,019197,NA,1,3,9,3600,0,1,1,NA,2,074,RT 15,BASIN RD,21120,S,N,A,-,Y,SBD,8,15,-,R,116.51,H,-,N,Y,4,0,1,1,A,-,08,22107,NA,N,F,A,A,A,H,-,D,D,1,NA,NA,NA,NA,Y,NA,A,01,0,0,1,0,0,0,0,0,0,-,-,NA,NA,SAN BERNARDINO,UNINCORPORATED,-116.33032374,35.0869289
6881990,2015,2015-04-27,9835,2015-03-21,1709,021001,NA,6,2,9,3600,0,3,5,NA,2,032,DE ANZA ST,L ST,0,NA,Y,A,-,N,NA,NA,NA,NA,NA,NA,NA,NA,NA,Y,4,0,1,2,A,-,09,21802,A,N,D,C,A,A,H,-,A,A,0,NA,NA,NA,NA,Y,NA,A,01,0,0,1,0,0,0,0,0,0,-,-,NA,NA,SAN BERNARDINO,UNINCORPORATED,-117.05629006,34.88200006
6753939,2014,2015-02-11,9865,2014-12-16,1900,018893,NA,2,2,9,3600,0,1,3,NA,1,022,RT 18,RUNNING SPRINGS SCHOOL RD,400,N,N,D,-,Y,NA,NA,NA,NA,NA,NA,NA,NA,NA,N,4,0,1,2,D,-,00,NA,NA,N,G,B,E,C,E,-,D,D,0,Y,NA,NA,NA,Y,NA,-,-,0,0,1,0,1,0,0,0,0,-,-,NA,NA,SAN BERNARDINO,UNINCORPORATED,-117.09356,34.20303
6885879,2015,2016-10-24,9860,2015-03-23,1735,19132,NA,1,2,4,3603,0,1,1,NA,2,214,RT 215,IOWA AV,1500,N,N,A,-,Y,SBD,8,215,-,-,0.68,H,-,S,Y,4,0,3,4,A,-,03,22350,NA,N,C,C,A,A,D,H,A,D,1,NA,NA,NA,NA,Y,NA,D,22,0,0,3,0,0,0,0,0,0,-,-,34.02715,-117.33244,SAN BERNARDINO,COLTON,-117.33247815,34.02732845
6885906,2015,2016-11-18,9860,2015-04-02,1207,17571,NA,4,1,6,3610,0,1,1,NA,2,104,RT 10,SAN TIMOTEO CREEK,917,E,N,A,-,Y,SBD,8,10,-,-,25.74,H,-,W,Y,4,0,1,3,A,-,07,21658,A,N,B,C,A,A,H,-,A,D,1,NA,NA,NA,Y,Y,NA,A,01,0,0,1,0,0,0,0,0,0,-,-,34.06394,-117.27064,SAN BERNARDINO,SAN BERNARDINO,-117.27069103,34.06392667
6886574,2015,2015-05-07,9870,2015-03-31,2223,020280,NA,2,3,9,3600,0,2,4,NA,2,042,AMBOY RD,STEEG RD,16,W,N,A,-,N,NA,NA,NA,NA,NA,NA,NA,NA,NA,Y,4,0,1,2,A,-,06,21750,NA,N,D,C,A,A,H,-,D,D,0,NA,NA,NA,NA,Y,NA,D,22,0,0,1,0,0,0,0,0,0,-,-,34.16559,-115.91363,SAN BERNARDINO,UNINCORPORATED,-115.91394263,34.16554037
6889061,2015,2015-04-24,3600,2015-03-30,1500,E7443,HE131,1,5,5,3619,0,0,0,NA,0,NA,MAIN ST,7TH AV,0,NA,Y,A,-,N,NA,NA,NA,NA,NA,NA,NA,NA,NA,N,4,0,1,2,A,-,03,22350,NA,N,C,C,A,A,H,-,A,A,0,NA,NA,NA,NA,Y,NA,A,01,0,0,1,0,0,0,0,0,0,-,-,NA,NA,SAN BERNARDINO,HESPERIA,-117.31565005,34.42362009
6891055,2015,2016-12-10,9850,2015-04-03,1530,017730,NA,5,2,5,3619,0,1,1,NA,2,082,RT 15,JOSHUA ST,3538,N,N,A,-,Y,SBD,8,15,-,-,32.99,H,-,S,Y,4,0,1,1,A,-,08,22107,NA,N,E,I,A,A,H,-,A,D,1,NA,NA,NA,NA,Y,NA,A,01,0,0,1,0,0,0,0,0,0,-,-,34.41452,-117.3902,SAN BERNARDINO,HESPERIA,-117.39011578,34.41448335
6894234,2015,2015-05-01,3609,2015-03-07,2005,0599,144,6,5,5,3609,0,0,0,NA,0,003,MERRILL AV,LINDEN AV,0,NA,Y,A,-,N,NA,NA,NA,NA,NA,NA,NA,NA,NA,N,3,0,3,2,A,-,09,21802,A,N,D,C,A,A,H,-,C,A,0,NA,NA,NA,NA,Y,NA,A,01,0,1,2,0,0,0,0,0,0,-,-,NA,NA,SAN BERNARDINO,RIALTO,-117.40087011,34.09224007
6894971,2015,2015-05-01,3602,2015-02-27,1717,3368,9,5,5,5,3602,0,0,0,NA,0,002,CENTRAL AV,FRANCIS AV,278,S,N,B,-,N,NA,NA,NA,NA,NA,NA,NA,NA,NA,N,4,0,1,2,A,-,09,21804,A,N,C,C,A,A,H,-,A,A,0,NA,NA,NA,NA,Y,NA,A,01,0,0,1,0,0,0,0,0,0,-,-,NA,NA,SAN BERNARDINO,CHINO,-117.68960275,34.04006809
6780840,2014,2015-01-28,3603,2014-01-16,1314,4127,NA,4,5,4,3603,0,0,0,NA,0,001,VALLEY BL,WILDROSE CIR,0,NA,Y,A,-,N,NA,NA,NA,NA,NA,NA,NA,NA,NA,Y,4,0,1,2,A,-,12,21453,A,F,D,C,A,A,H,-,A,A,0,NA,NA,NA,NA,Y,NA,A,01,0,0,1,0,0,0,0,0,0,-,-,NA,NA,SAN BERNARDINO,COLTON,-117.36360001,34.07052005
6896427,2014,2015-05-18,9855,2014-10-30,0530,14980,NA,4,3,6,3607,0,1,3,NA,2,601,RT 60,VINEYARD AV,500,E,N,A,-,Y,NA,NA,60,NA,NA,NA,NA,NA,NA,Y,4,0,1,2,A,-,07,21658,A,N,B,C,A,A,H,-,D,D,0,NA,NA,NA,Y,Y,NA,G,25,0,0,1,0,0,0,0,0,0,-,-,34.03084,-117.6105,SAN BERNARDINO,ONTARIO,-117.61050062,34.03067792
6896428,2015,2017-01-04,9855,2015-04-08,1745,15299,NA,3,2,6,3616,0,1,1,NA,2,203,RT 210,ARCHIBALD AV,1000,W,N,A,-,Y,SBD,8,210,-,-,5.71,H,-,E,N,4,0,1,3,A,-,03,22350,NA,N,C,C,A,A,H,-,A,D,1,NA,NA,NA,NA,Y,NA,D,22,0,0,1,0,0,0,0,0,0,-,-,NA,NA,SAN BERNARDINO,RANCHO CUCAMONGA,-117.59685618,34.13493108
6896443,2015,2016-12-09,9855,2015-04-11,1545,016051,NA,6,2,6,3607,0,1,3,NA,2,601,RT 60 E/B,MILLIKEN AV,450,W,N,A,-,Y,SBD,8,60,-,R,9.79,H,-,E,Y,4,0,1,2,A,-,03,22350,NA,N,C,C,A,A,H,-,A,D,1,NA,NA,NA,NA,Y,NA,A,01,0,0,1,0,0,0,0,0,0,-,-,34.03288,-117.55091,SAN BERNARDINO,ONTARIO,-117.56113979,34.0247138
6896852,2015,2015-05-13,3608,2015-03-18,1808,4453,NA,3,5,5,3608,0,0,0,NA,0,NA,5TH AV,MARION RD,216,E,N,C,-,N,NA,NA,NA,NA,NA,NA,NA,NA,NA,Y,4,0,3,2,A,-,21,22106,NA,N,D,C,A,B,H,-,A,D,0,NA,NA,NA,NA,Y,NA,A,07,0,0,3,0,0,0,0,0,0,-,-,NA,NA,SAN BERNARDINO,REDLANDS,-117.15125924,34.04837304
6896940,2015,2016-12-19,9835,2015-04-26,0300,020962,NA,7,3,9,3600,0,1,1,NA,2,047,RT 40,CRUCERO RD,5280,E,N,A,-,Y,SBD,8,40,-,R,51.09,H,-,W,Y,4,0,2,1,A,-,08,22107,NA,N,E,I,A,A,H,-,D,D,1,NA,NA,NA,Y,Y,NA,G,25,0,0,2,0,0,0,0,0,0,-,-,34.72623,-116.14407,SAN BERNARDINO,UNINCORPORATED,-116.1439903,34.72653718
6900298,2015,2015-05-22,3602,2015-01-11,1027,1256,NA,7,5,5,3602,0,0,0,NA,0,NA,3RD ST,C ST,0,NA,Y,C,-,N,NA,NA,NA,NA,NA,NA,NA,NA,NA,Y,4,0,2,2,A,-,09,21804,A,N,D,C,A,B,H,-,A,A,0,NA,NA,NA,NA,Y,NA,A,01,0,0,2,0,0,0,0,0,0,-,-,NA,NA,SAN BERNARDINO,CHINO,-117.69558007,34.01549004
6902149,2015,2016-09-27,9855,2015-03-06,1540,17313,NA,5,2,6,3616,0,1,1,NA,2,201,RT 210,E AV,528,W,N,A,-,Y,SBD,8,210,-,-,10.34,H,-,E,N,4,0,1,2,A,-,07,21658,A,N,B,C,A,A,H,-,A,D,1,NA,NA,NA,Y,Y,NA,G,25,0,0,1,0,0,0,0,0,0,-,-,34.13642,-117.51775,SAN BERNARDINO,RANCHO CUCAMONGA,-117.51616836,34.13613444
6902744,2015,2016-10-13,9855,2015-02-02,1500,13381,NA,1,2,6,3607,0,1,1,NA,2,101,RT 10,HAVEN AV,2500,E,N,A,-,Y,SBD,8,10,-,-,8.64,H,-,E,Y,4,0,2,3,A,-,03,22350,NA,N,C,C,A,A,H,-,A,D,1,NA,NA,NA,NA,Y,NA,A,07,0,0,2,0,0,0,0,0,0,-,-,NA,NA,SAN BERNARDINO,ONTARIO,-117.56755542,34.06741154
6902750,2015,2016-11-22,9865,2015-04-21,1310,015271,NA,2,1,9,3600,0,1,3,NA,2,012,RT 18,RT 173,0,NA,Y,E,-,Y,SBD,8,18,-,-,24.711,I,5,S,Y,4,0,1,2,A,-,03,22350,NA,N,D,C,A,A,H,-,A,A,0,NA,NA,NA,NA,Y,NA,A,01,0,0,1,0,0,0,0,0,0,-,-,34.23385,-117.19644,SAN BERNARDINO,UNINCORPORATED,-117.19642616,34.23392508
6902758,2015,2016-11-14,9865,2015-04-25,0012,020115,NA,6,3,9,3600,0,1,3,NA,2,015,RT 189,COTTAGE GROVE RD,336,W,N,E,-,Y,SBD,8,189,-,-,5.07,H,-,W,Y,3,0,3,1,A,-,01,23152,A,N,E,I,A,B,H,-,D,D,0,NA,NA,NA,NA,Y,Y,D,22,0,3,0,0,0,0,0,0,0,-,-,34.24977,-117.19484,SAN BERNARDINO,UNINCORPORATED,-117.19473619,34.24979279