CASE_ID,ACCIDENT_YEAR,PROC_DATE,JURIS,COLLISION_DATE,COLLISION_TIME,OFFICER_ID,REPORTING_DISTRICT,DAY_OF_WEEK,CHP_SHIFT,POPULATION,CNTY_CITY_LOC,SPECIAL_COND,BEAT_TYPE,CHP_BEAT_TYPE,CITY_DIVISION_LAPD,CHP_BEAT_CLASS,BEAT_NUMBER,PRIMARY_RD,SECONDARY_RD,DISTANCE,DIRECTION,INTERSECTION,WEATHER_1,WEATHER_2,STATE_HWY_IND,CALTRANS_COUNTY,CALTRANS_DISTRICT,STATE_ROUTE,ROUTE_SUFFIX,POSTMILE_PREFIX,POSTMILE,LOCATION_TYPE,RAMP_INTERSECTION,SIDE_OF_HWY,TOW_AWAY,COLLISION_SEVERITY,NUMBER_KILLED,NUMBER_INJURED,PARTY_COUNT,PRIMARY_COLL_FACTOR,PCF_CODE_OF_VIOL,PCF_VIOL_CATEGORY,PCF_VIOLATION,PCF_VIOL_SUBSECTION,HIT_AND_RUN,TYPE_OF_COLLISION,MVIW,PED_ACTION,ROAD_SURFACE,ROAD_COND_1,ROAD_COND_2,LIGHTING,CONTROL_DEVICE,CHP_ROAD_TYPE,PEDESTRIAN_ACCIDENT,BICYCLE_ACCIDENT,MOTORCYCLE_ACCIDENT,TRUCK_ACCIDENT,NOT_PRIVATE_PROPERTY,ALCOHOL_INVOLVED,STWD_VEHTYPE_AT_FAULT,CHP_VEHTYPE_AT_FAULT,COUNT_SEVERE_INJ,COUNT_VISIBLE_INJ,COUNT_COMPLAINT_PAIN,COUNT_PED_KILLED,COUNT_PED_INJURED,COUNT_BICYCLIST_KILLED,COUNT_BICYCLIST_INJURED,COUNT_MC_KILLED,COUNT_MC_INJURED,PRIMARY_RAMP,SECONDARY_RAMP,LATITUDE,LONGITUDE,COUNTY,CITY,POINT_X,POINT_Y
7197851,2016,2016-03-11,3609,2016-02-13,1109,0599,NA,6,5,5,3609,0,0,0,NA,0,003,CEDAR AV,2ND ST,0,NA,Y,A,-,N,NA,NA,NA,NA,NA,NA,NA,NA,NA,Y,3,0,2,2,A,-,09,21802,A,N,D,C,A,A,H,-,A,A,0,NA,NA,NA,NA,Y,NA,A,01,0,1,1,0,0,0,0,0,0,-,-,34.0934,-117.395,SAN BERNARDINO,RIALTO,-117.39656003,34.10238011
7198448,2016,2016-03-09,3609,2016-02-11,1928,5550,143,4,5,5,3609,0,0,0,NA,0,003,LINDEN AV,RIALTO AV,1100,S,N,A,-,N,NA,NA,NA,NA,NA,NA,NA,NA,NA,Y,3,0,1,1,A,-,01,23152,A,N,E,I,A,A,H,-,C,D,0,NA,NA,NA,NA,Y,Y,A,01,0,1,0,0,0,0,0,0,0,-,-,NA,NA,SAN BERNARDINO,RIALTO,-117.40089,34.09952
7199287,2015,2016-03-09,3607,2015-12-04,1959,15014,125,5,5,6,3607,0,0,0,NA,0,012,HOLT BL,LAUREL AV,200,W,N,A,-,N,NA,NA,NA,NA,NA,NA,NA,NA,NA,N,4,0,3,2,A,-,01,23152,A,N,D,C,A,A,H,-,C,D,0,NA,NA,NA,NA,Y,Y,-,NA,0,0,3,0,0,0,0,0,0,-,-,NA,NA,SAN BERNARDINO,ONTARIO,-117.65303862,34.06335
7199355,2015,2016-03-09,3607,2015-12-10,1239,80313,214,4,5,6,3607,0,0,0,NA,0,072,HAVEN AV,JURUPA AV,0,NA,Y,A,-,N,NA,NA,NA,NA,NA,NA,NA,NA,NA,N,4,0,1,3,A,-,21,22106,NA,N,C,C,A,A,H,-,A,A,0,NA,NA,NA,NA,Y,NA,-,NA,0,0,1,0,0,0,0,0,0,-,-,NA,NA,SAN BERNARDINO,ONTARIO,-117.57602008,34.04834001
7200154,2016,2018-09-24,3600,2016-09-05,1654,E5343,VC057,1,5,5,3612,0,0,0,NA,0,VC5,PALMDALE RD,DEL GADO RD,36,W,N,A,-,N,NA,NA,NA,NA,NA,NA,NA,NA,NA,Y,1,1,0,1,A,-,03,22350,NA,N,E,I,A,A,H,-,A,D,0,NA,NA,NA,NA,Y,Y,A,01,0,0,0,0,0,0,0,0,0,-,-,NA,NA,SAN BERNARDINO,VICTORVILLE,-117.34283914,34.50675
7201644,2015,2016-03-05,3611,2015-12-24,2215,2926,3611,4,5,5,3611,0,0,0,NA,0,002,EUCLID AV,8TH ST,112,N,N,A,-,N,NA,NA,NA,NA,NA,NA,NA,NA,NA,Y,3,0,1,1,A,-,01,23152,A,N,E,I,A,A,H,-,C,D,0,NA,NA,NA,NA,Y,Y,A,01,0,1,0,0,0,0,0,0,0,-,-,NA,NA,SAN BERNARDINO,UPLAND,-117.65129731,34.0927669
7201663,2015,2016-03-05,3611,2015-12-20,0215,1175,3611,7,5,5,3611,0,0,0,NA,0,003,EUCLID AV,13TH ST,210,S,N,B,-,N,NA,NA,NA,NA,NA,NA,NA,NA,NA,Y,3,0,1,1,A,-,08,22107,NA,N,E,I,A,A,H,-,C,D,0,NA,NA,NA,NA,Y,NA,A,01,0,1,0,0,0,0,0,0,0,-,-,NA,NA,SAN BERNARDINO,UPLAND,-117.65135,34.11007446
7201678,2015,2016-03-09,3611,2015-12-12,1433,2990,NA,6,5,5,3611,0,0,0,NA,0,002,FOOTHILL BL,SAN ANTONIO AV,0,NA,Y,A,-,N,NA,NA,NA,NA,NA,NA,NA,NA,NA,Y,3,0,3,2,A,-,09,21801,A,N,D,C,A,A,H,-,A,A,0,NA,NA,NA,NA,Y,NA,A,01,0,3,0,0,0,0,0,0,0,-,-,NA,NA,SAN BERNARDINO,UPLAND,-117.66079011,34.10697005
7204416,2016,2016-03-14,3608,2016-02-11,1450,4027,NA,4,5,5,3608,0,0,0,NA,0,NA,ORANGE TREE LN,NEVADA ST,75,W,N,A,-,N,NA,NA,NA,NA,NA,NA,NA,NA,NA,Y,4,0,2,2,A,-,05,21660,NA,N,B,C,A,A,H,-,A,D,0,NA,NA,Y,NA,Y,NA,C,02,0,0,2,0,0,0,0,0,1,-,-,NA,NA,SAN BERNARDINO,REDLANDS,-117.21770686,34.06782174
7204829,2016,2016-03-11,3608,2016-02-24,1103,2898,NA,3,5,5,3608,0,0,0,NA,0,NA,REDLANDS BL,IOWA ST,438,E,N,A,-,N,NA,NA,NA,NA,NA,NA,NA,NA,NA,Y,3,0,1,2,A,-,09,21804,A,N,D,C,A,A,H,-,A,D,0,NA,NA,NA,NA,Y,NA,A,01,0,1,0,0,0,0,0,0,0,-,-,NA,NA,SAN BERNARDINO,REDLANDS,-117.21173856,34.06291073
7204907,2016,2017-05-17,3610,2016-02-20,0624,50601,NA,6,5,6,3610,0,0,0,NA,0,NA,W MILL ST,K ST,241,W,N,A,-,N,NA,NA,NA,NA,NA,NA,NA,NA,NA,N,1,1,0,2,A,-,08,22107,NA,F,G,B,E,A,H,-,B,D,0,Y,NA,NA,NA,Y,NA,A,01,0,0,0,1,0,0,0,0,0,-,-,NA,NA,SAN BERNARDINO,SAN BERNARDINO,-117.30843359,34.09215
7204916,2016,2016-03-23,3610,2016-02-10,1251,50964,NA,3,5,6,3610,0,0,0,NA,0,NA,W COLIMA RD,N DAVIDSON AV,0,NA,Y,A,-,N,NA,NA,NA,NA,NA,NA,NA,NA,NA,Y,4,0,1,2,A,-,09,21801,A,N,D,C,A,A,H,-,A,A,0,NA,NA,NA,NA,Y,NA,A,01,0,0,1,0,0,0,0,0,0,-,-,NA,NA,SAN BERNARDINO,SAN BERNARDINO,-117.31025003,34.14515005
7204924,2016,2016-03-23,3610,2016-02-08,2500,50909,NA,1,5,6,3610,0,0,0,NA,0,NA,E HARRIMAN PL,SHOPPING CNTR,0,NA,Y,A,-,N,NA,NA,NA,NA,NA,NA,NA,NA,NA,Y,3,0,1,2,A,-,09,21801,A,N,D,C,A,A,H,-,A,A,0,NA,NA,NA,NA,Y,NA,A,01,0,1,0,0,0,0,0,0,0,-,-,34.06667,-117.2627,SAN BERNARDINO,SAN BERNARDINO,-117.2646405,34.066251
7137767,2015,2017-01-28,3600,2015-12-07,0845,E6904,CH005,1,5,5,3630,0,0,0,NA,0,CH3,CHINO HILLS PKWY,CARBON CANYON RD,0,NA,Y,A,-,Y,SBD,8,142,-,R,3.84,H,-,W,N,4,0,1,2,A,-,12,21453,A,N,C,C,A,A,H,-,A,A,0,NA,NA,NA,NA,Y,NA,A,01,0,0,1,0,0,0,0,0,0,-,-,NA,NA,SAN BERNARDINO,CHINO HILLS,-117.7411291,33.98098812
7057669,2015,2016-07-25,9860,2015-08-20,0048,19251,NA,4,3,9,3600,0,3,5,NA,2,002,CAJON BL,JUNE ST,320,S,N,A,-,N,NA,NA,NA,NA,NA,NA,NA,NA,NA,Y,4,0,1,2,A,-,01,23152,A,N,C,C,A,A,H,-,D,D,0,NA,NA,NA,NA,Y,Y,A,01,0,0,1,0,0,0,0,0,0,-,-,34.16861,-117.34608,SAN BERNARDINO,UNINCORPORATED,-117.3462891,34.16873674
7060054,2015,2015-10-09,3603,2015-07-31,2231,CL4726,3603,5,5,4,3603,0,0,0,NA,0,001,SAN BERNARDINO AV,WILDROSE AV,0,NA,Y,A,-,N,NA,NA,NA,NA,NA,NA,NA,NA,NA,Y,4,0,1,2,A,-,09,21804,A,N,D,C,A,A,H,-,C,D,0,NA,NA,NA,NA,Y,NA,A,01,0,0,1,0,0,0,0,0,0,-,-,NA,NA,SAN BERNARDINO,COLTON,-117.36485004,34.07774007
7205418,2016,2016-03-15,3600,2016-02-18,1617,D6174,RC011,4,5,6,3616,0,0,0,NA,0,RC6,BASELINE RD,ETIWANDA AV,0,NA,Y,A,-,N,NA,NA,NA,NA,NA,NA,NA,NA,NA,Y,3,0,1,2,A,-,12,21453,A,N,D,C,A,A,H,-,A,A,0,NA,NA,NA,NA,Y,NA,-,-,0,1,0,0,0,0,0,0,0,-,-,NA,NA,SAN BERNARDINO,RANCHO CUCAMONGA,-117.52355005,34.12095011
7208026,2016,2016-04-04,3604,2016-02-27,1245,958,NA,6,5,6,3604,0,0,0,NA,0,NA,SLOVER AV,ELM AV,11,W,N,A,-,N,NA,NA,NA,NA,NA,NA,NA,NA,NA,N,4,0,1,2,A,-,09,21801,NA,N,C,D,A,A,H,-,A,D,0,NA,NA,NA,NA,Y,NA,A,01,0,0,1,0,0,0,0,0,0,-,-,NA,NA,SAN BERNARDINO,FONTANA,-117.46691622,34.06297
7208066,2016,2016-03-23,3604,2016-03-01,0912,678,NA,2,5,6,3604,0,0,0,NA,0,NA,JUNIPER AV,FOOTHILL BL,180,N,N,A,-,N,NA,NA,NA,NA,NA,NA,NA,NA,NA,N,3,0,1,2,A,-,06,21755,NA,N,D,C,A,A,H,-,A,D,0,NA,NA,Y,NA,Y,NA,C,02,0,1,0,0,0,0,0,0,1,-,-,NA,NA,SAN BERNARDINO,FONTANA,-117.44018502,34.10710319
7208247,2015,2016-03-14,3607,2015-12-09,1804,15035,142,3,5,6,3607,0,0,0,NA,0,041,HAVEN AV,GUASTI RD,20,N,N,A,-,N,NA,NA,NA,NA,NA,NA,NA,NA,NA,N,4,0,1,3,A,-,03,22350,NA,N,C,C,A,A,H,-,C,A,0,NA,NA,NA,NA,Y,NA,-,NA,0,0,1,0,0,0,0,0,0,-,-,NA,NA,SAN BERNARDINO,ONTARIO,-117.57590127,34.0649948
7208255,2015,2016-03-14,3607,2015-12-19,1730,80357,250,6,5,6,3607,0,0,0,NA,0,071,VINEYARD AV,PHILADELPHIA ST,0,NA,Y,B,-,N,NA,NA,NA,NA,NA,NA,NA,NA,NA,Y,4,0,1,2,A,-,12,21453,A,N,D,C,A,B,H,-,C,A,0,NA,NA,NA,NA,Y,NA,-,NA,0,0,1,0,0,0,0,0,0,-,-,NA,NA,SAN BERNARDINO,ONTARIO,-117.61106006,34.03406008
7208474,2016,2016-03-24,3611,2016-01-25,0518,1175,3611,1,5,5,3611,0,0,0,NA,0,001,FOOTHILL BL,REDDING WY,544,W,N,A,-,N,NA,NA,NA,NA,NA,NA,NA,NA,NA,Y,3,0,1,2,A,-,08,22107,NA,N,C,E,A,A,H,-,C,D,0,NA,NA,NA,NA,Y,NA,A,01,0,1,0,0,0,0,0,0,0,-,-,NA,NA,SAN BERNARDINO,UPLAND,-117.65786216,34.10699046
7159637,2015,2016-12-21,9855,2015-08-20,1810,17313,NA,4,2,6,3616,0,1,1,NA,2,203,RT 210,CARNELIAN ST,1584,W,N,A,-,Y,SBD,8,210,-,-,4.3,H,-,E,Y,4,0,1,3,A,-,03,22350,NA,M,C,C,A,A,H,-,A,D,1,NA,NA,NA,NA,Y,NA,-,99,0,0,1,0,0,0,0,0,0,-,-,34.13506,-117.6262,SAN BERNARDINO,RANCHO CUCAMONGA,-117.62146325,34.13476183
7160610,2015,2016-01-20,3607,2015-11-09,1644,80493,105,1,5,6,3607,0,0,0,NA,0,021,SULTANA AV,E ST,0,NA,Y,A,-,N,NA,NA,NA,NA,NA,NA,NA,NA,NA,Y,4,0,2,3,A,-,09,21802,A,N,D,C,A,A,H,-,B,A,0,NA,NA,NA,NA,Y,NA,-,NA,0,0,2,0,0,0,0,0,0,-,-,NA,NA,SAN BERNARDINO,ONTARIO,-117.64607006,34.06822007
8003268,2016,2016-05-10,3600,2016-03-15,1401,B3501,RC030,2,5,6,3616,0,0,0,NA,0,RC4,ARCHIBALD AV,TYRON ST,425,N,N,A,-,N,NA,NA,NA,NA,NA,NA,NA,NA,NA,Y,2,0,1,2,A,-,03,22350,NA,N,C,E,A,A,H,-,A,A,0,NA,NA,NA,Y,Y,NA,A,01,1,0,0,0,0,0,0,0,0,-,-,NA,NA,SAN BERNARDINO,RANCHO CUCAMONGA,-117.59348293,34.11187471
8004555,2016,2016-04-06,3607,2016-01-16,1703,15133,104,6,5,6,3607,0,0,0,NA,0,022,LEMON AV,G ST,0,NA,Y,A,-,N,NA,NA,NA,NA,NA,NA,NA,NA,NA,N,4,0,1,2,A,-,09,21801,A,N,D,C,A,A,H,-,C,A,0,NA,NA,NA,NA,Y,NA,A,01,0,0,1,0,0,0,0,0,0,-,-,NA,NA,SAN BERNARDINO,ONTARIO,-117.64960011,34.07064003
8004649,2016,2017-02-11,3610,2016-02-09,1023,50732,NA,2,5,6,3610,0,0,0,NA,0,NA,W 3RD ST,RT 215,0,NA,Y,A,-,Y,SBD,8,215,-,-,7.09,R,4,N,N,4,0,2,2,D,-,00,NA,NA,N,D,C,A,A,H,-,A,A,0,NA,NA,NA,NA,Y,NA,-,-,0,0,2,0,0,0,0,0,0,-,-,NA,NA,SAN BERNARDINO,SAN BERNARDINO,-117.30240785,34.10700917
8005493,2016,2016-04-06,3607,2016-02-12,1828,80326,67,5,5,6,3607,0,0,0,NA,0,031,4TH ST,BAKER AV,100,W,N,A,-,N,NA,NA,NA,NA,NA,NA,NA,NA,NA,N,4,0,2,2,A,-,08,22107,NA,F,D,C,A,A,H,-,B,D,0,NA,NA,NA,NA,Y,NA,-,NA,0,0,2,0,0,0,0,0,0,-,-,NA,NA,SAN BERNARDINO,ONTARIO,-117.62015936,34.07763
8006014,2016,2016-03-25,3611,2016-01-05,1043,2297,3611,2,5,5,3611,0,0,0,NA,0,002,FOOTHILL BL,BENSON AV,0,NA,Y,C,-,N,NA,NA,NA,NA,NA,NA,NA,NA,NA,Y,4,0,1,3,A,-,12,21453,A,N,D,C,A,B,H,-,A,A,0,NA,NA,NA,NA,Y,NA,A,01,0,0,1,0,0,0,0,0,0,-,-,NA,NA,SAN BERNARDINO,UPLAND,-117.68085005,34.10689002
8006948,2016,2016-04-12,3602,2016-02-02,2011,3368,104,2,5,5,3602,0,0,0,NA,0,004,EDISON AV,MONTE VISTA AV,0,NA,Y,A,-,N,NA,NA,NA,NA,NA,NA,NA,NA,NA,Y,4,0,1,2,A,-,09,21801,A,N,D,C,A,A,H,-,C,A,0,NA,NA,NA,NA,Y,NA,D,22,0,0,1,0,0,0,0,0,0,-,-,NA,NA,SAN BERNARDINO,CHINO,-117.69780009,33.9972501
8007219,2016,2016-04-04,3600,2016-02-29,1201,D7726,YC108,1,5,4,3640,0,0,0,NA,0,YC3,AVENUE E,55TH ST,88,W,N,A,-,N,NA,NA,NA,NA,NA,NA,NA,NA,NA,N,4,0,1,2,A,-,08,22107,NA,N,A,C,A,A,H,-,A,A,0,NA,NA,NA,NA,Y,NA,A,01,0,0,1,0,0,0,0,0,0,-,-,NA,NA,SAN BERNARDINO,YUCAIPA,NA,NA
8008626,2016,2016-05-25,3600,2016-04-30,0124,D8554,AP015,6,5,5,3621,0,0,0,NA,0,AP4,CENTRAL RD,POWHATAN RD,22,S,N,A,-,N,NA,NA,NA,NA,NA,NA,NA,NA,NA,N,3,0,2,2,A,-,06,21750,NA,N,B,C,A,A,H,-,D,D,0,NA,NA,NA,NA,Y,Y,A,01,0,1,1,0,0,0,0,0,0,-,-,NA,NA,SAN BERNARDINO,APPLE VALLEY,-117.17272,34.49701974
8009416,2016,2016-04-11,3600,2016-03-08,1849,D2499,TW004,2,5,3,3617,0,0,0,NA,0,0T2,MESQUITE SPRINGS RD,RAYMOND DR,4224,S,N,A,-,N,NA,NA,NA,NA,NA,NA,NA,NA,NA,Y,4,0,2,2,A,-,03,22350,NA,N,C,C,A,A,H,-,D,A,0,NA,NA,NA,NA,Y,NA,A,07,0,0,2,0,0,0,0,0,0,-,-,NA,NA,SAN BERNARDINO,TWENTYNINE PALMS,-116.07173751,34.16014717
8010494,2016,2016-04-05,3604,2016-03-11,0648,302,NA,5,5,6,3604,0,0,0,NA,0,NA,SIERRA AV,MARYGOLD AV,0,NA,Y,A,-,N,NA,NA,NA,NA,NA,NA,NA,NA,NA,N,4,0,1,2,A,-,05,21650,NA,N,A,G,A,A,H,-,A,A,0,NA,Y,NA,NA,Y,NA,L,04,0,0,1,0,0,0,1,0,0,-,-,NA,NA,SAN BERNARDINO,FONTANA,-117.43568003,34.07400006
8011135,2016,2016-04-12,3602,2016-02-20,1023,1256,NA,6,5,5,3602,0,0,0,NA,0,005,FERN AV,SCHAEFER AV,0,NA,Y,A,-,N,NA,NA,NA,NA,NA,NA,NA,NA,NA,N,4,0,1,2,A,-,12,21453,A,N,D,C,A,A,H,-,A,A,0,NA,NA,NA,NA,Y,NA,D,22,0,0,1,0,0,0,0,0,0,-,-,NA,NA,SAN BERNARDINO,CHINO,-117.65436003,34.00474004
8011242,2016,2016-04-08,3602,2016-02-16,0029,3495,NA,2,5,5,3602,0,0,0,NA,0,003,RAMONA AV,EDISON AV,370,NA,N,A,-,N,NA,NA,NA,NA,NA,NA,NA,NA,NA,Y,2,0,1,1,A,-,08,22107,NA,N,E,I,A,A,H,-,C,D,0,NA,NA,NA,NA,Y,NA,A,01,1,0,0,0,0,0,0,0,0,-,-,NA,NA,SAN BERNARDINO,CHINO,-117.70653011,33.99719008
8011922,2016,2016-04-12,3603,2016-02-10,2152,CL4608,COLTO,3,5,4,3603,0,0,0,NA,0,001,N PEPPER AV,W RANDALL ST,0,NA,Y,A,-,N,NA,NA,NA,NA,NA,NA,NA,NA,NA,Y,4,0,2,2,A,-,17,21451,A,N,B,C,A,A,H,-,C,A,0,NA,NA,NA,NA,Y,NA,A,01,0,0,2,0,0,0,0,0,0,-,-,NA,NA,SAN BERNARDINO,COLTON,-117.35292007,34.08500004
8013805,2016,2016-04-14,3604,2016-03-12,1413,683,NA,6,5,6,3604,0,0,0,NA,0,004,SIERRA,SLOVER,665,N,N,A,-,N,NA,NA,NA,NA,NA,NA,NA,NA,NA,N,3,0,2,3,A,-,03,22350,NA,N,C,C,A,A,H,-,A,A,0,NA,NA,NA,NA,Y,Y,A,01,0,1,1,0,0,0,0,0,0,-,-,NA,NA,SAN BERNARDINO,FONTANA,-117.43574993,34.06492203
8016834,2016,2016-04-15,3608,2016-03-24,1337,3675,NA,4,5,5,3608,0,0,0,NA,0,NA,CHURCH ST,CHURCH PL,0,NA,Y,A,-,N,NA,NA,NA,NA,NA,NA,NA,NA,NA,N,3,0,1,3,A,-,03,22350,NA,N,C,C,A,A,H,-,A,D,0,NA,NA,NA,NA,Y,NA,A,08,0,1,0,0,0,0,0,0,0,-,-,NA,NA,SAN BERNARDINO,REDLANDS,-117.17373004,34.07203001
8016859,2016,2016-04-15,3608,2016-04-04,0812,4335,3608,1,5,5,3608,0,0,0,NA,0,901,CITRUS AV,COOK ST,0,NA,Y,A,-,N,NA,NA,NA,NA,NA,NA,NA,NA,NA,Y,4,0,1,2,A,-,09,21801,A,N,A,C,A,A,H,-,A,A,0,NA,NA,Y,NA,Y,NA,A,07,0,0,1,0,0,0,0,0,1,-,-,NA,NA,SAN BERNARDINO,REDLANDS,-117.16287005,34.05557012
8017319,2016,2016-04-18,3600,2016-04-05,1019,G0803,RC018,2,5,6,3616,0,0,0,NA,0,003,ARROW RT,RED OAK ST,0,NA,Y,A,-,N,NA,NA,NA,NA,NA,NA,NA,NA,NA,Y,4,0,2,2,A,-,12,21453,A,N,D,C,A,A,H,-,A,A,0,NA,NA,NA,NA,Y,NA,A,01,0,0,2,0,0,0,0,0,0,-,-,NA,NA,SAN BERNARDINO,RANCHO CUCAMONGA,-117.56908013,34.09914001
7166324,2015,2016-02-02,3607,2015-10-27,1414,14997,171,2,5,6,3607,0,0,0,NA,0,042,AIRPORT DR,DOUBLEDAY AV,0,NA,Y,A,-,N,NA,NA,NA,NA,NA,NA,NA,NA,NA,Y,4,0,1,2,A,-,12,21453,A,N,D,C,A,A,H,-,A,A,0,NA,NA,NA,NA,Y,NA,-,NA,0,0,1,0,0,0,0,0,0,-,-,NA,NA,SAN BERNARDINO,ONTARIO,-117.56547005,34.06143011
8021145,2016,2016-04-20,3610,2016-03-25,2015,50994,NA,5,5,6,3610,0,0,0,NA,0,POLICE,S E ST,W SOUTH MALL WY,0,NA,Y,A,-,N,NA,NA,NA,NA,NA,NA,NA,NA,NA,Y,4,0,2,2,A,-,12,21453,A,N,A,C,A,A,H,-,C,A,0,NA,NA,NA,NA,Y,NA,D,22,0,0,2,0,0,0,0,0,0,-,-,34.08321,-117.29311,SAN BERNARDINO,SAN BERNARDINO,-117.29389009,34.08354007
8021239,2016,2016-04-19,3610,2016-03-23,0815,50789,NA,3,5,6,3610,0,0,0,NA,0,ADAM,WEST HIGHLAND AV,NORTH MEDICAL CENTER DR,0,NA,Y,A,-,N,NA,NA,NA,NA,NA,NA,NA,NA,NA,Y,4,0,2,2,A,-,09,21801,A,N,D,C,A,A,H,-,A,A,0,NA,NA,NA,NA,Y,NA,A,08,0,0,2,0,0,0,0,0,0,-,-,NA,NA,SAN BERNARDINO,SAN BERNARDINO,-117.32257001,34.13611001
8021319,2016,2016-04-19,3610,2016-03-25,2145,50761,NA,5,5,6,3610,0,0,0,NA,0,CHARLI,E DATE ST,GOLDEN AV,276,E,N,A,-,N,NA,NA,NA,NA,NA,NA,NA,NA,NA,N,3,0,1,2,A,-,06,21951,NA,F,G,B,F,A,H,-,C,D,0,Y,NA,NA,NA,Y,NA,A,01,0,1,0,0,1,0,0,0,0,-,-,34.14181,-117.26067,SAN BERNARDINO,SAN BERNARDINO,-117.2602107,34.14127501
8021430,2016,2016-04-19,3611,2016-02-05,1205,2893,NA,5,5,5,3611,0,0,0,NA,0,002,EUCLID AV,9TH ST,70,S,N,A,-,N,NA,NA,NA,NA,NA,NA,NA,NA,NA,N,4,0,1,2,A,-,03,22350,NA,N,C,C,A,A,H,-,A,A,0,NA,NA,NA,NA,Y,NA,A,01,0,0,1,0,0,0,0,0,0,-,-,NA,NA,SAN BERNARDINO,UPLAND,-117.6513,34.09590815
8021506,2016,2016-04-14,3605,2016-03-21,1345,378,3605,1,5,4,3605,0,0,0,NA,0,NA,HOLT BL,MILLS AV,56,W,N,A,-,N,NA,NA,NA,NA,NA,NA,NA,NA,NA,Y,4,0,2,2,A,-,12,21453,A,N,D,C,A,A,H,-,A,A,0,NA,NA,NA,NA,Y,NA,A,01,0,0,2,0,0,0,0,0,0,-,-,NA,NA,SAN BERNARDINO,MONTCLAIR,-117.71771,34.06313
8021602,2016,2016-04-14,3603,2016-02-01,1700,CL4144,COLTO,1,5,4,3603,0,0,0,NA,0,004,RECHE CANYON RD,RECHE CANYON  2651,100,N,N,A,-,N,NA,NA,NA,NA,NA,NA,NA,NA,NA,Y,4,0,1,2,A,-,05,21650,NA,N,A,C,A,A,H,-,B,D,0,NA,NA,NA,NA,Y,NA,A,01,0,0,1,0,0,0,0,0,0,-,-,NA,NA,SAN BERNARDINO,COLTON,NA,NA
8022042,2016,2016-04-19,3600,2016-03-19,0216,D8554,AP006,6,5,5,3621,0,0,0,NA,0,AP2,RANCHERIAS RD,YUCCA LOMA RD,280,N,N,A,-,N,NA,NA,NA,NA,NA,NA,NA,NA,NA,Y,4,0,1,3,A,-,03,22350,NA,N,E,C,A,A,H,-,D,D,0,NA,NA,NA,NA,Y,NA,A,01,0,0,1,0,0,0,0,0,0,-,-,NA,NA,SAN BERNARDINO,APPLE VALLEY,-117.19640565,34.50125278
7167093,2016,2016-02-04,3600,2016-01-19,1346,C4462,VC064,2,5,5,3612,0,0,0,NA,0,NA,AMARGOSA RD,LUNA RD,651,N,N,C,-,N,NA,NA,NA,NA,NA,NA,NA,NA,NA,Y,4,0,1,1,A,-,03,22350,NA,N,E,J,A,B,G,-,A,D,0,NA,NA,NA,NA,Y,NA,D,22,0,0,1,0,0,0,0,0,0,-,-,NA,NA,SAN BERNARDINO,VICTORVILLE,-117.33051601,34.49378215
8025412,2016,2016-04-20,3610,2016-03-02,2255,50987,NA,3,5,6,3610,0,0,0,NA,0,POLICE,N LITTLE MOUNTAIN DR,E 33RD ST,0,NA,Y,A,-,N,NA,NA,NA,NA,NA,NA,NA,NA,NA,Y,4,0,1,1,A,-,08,22107,NA,N,E,I,A,A,H,-,C,D,0,NA,NA,NA,NA,Y,Y,A,01,0,0,1,0,0,0,0,0,0,-,-,34.15183,-117.31972,SAN BERNARDINO,SAN BERNARDINO,-117.31976003,34.15189001
8026288,2016,2016-04-22,3607,2016-03-24,2333,80468,121,4,5,6,3607,0,0,0,NA,0,012,MOUNTAIN AV,D ST,0,NA,Y,A,-,N,NA,NA,NA,NA,NA,NA,NA,NA,NA,Y,4,0,1,2,A,-,01,23152,A,M,D,C,A,A,H,-,D,A,0,NA,NA,NA,NA,Y,Y,-,NA,0,0,1,0,0,0,0,0,0,-,-,NA,NA,SAN BERNARDINO,ONTARIO,-117.67006006,34.06694007
8026610,2016,2016-08-29,3605,2016-04-04,1040,371,3605,1,5,4,3605,0,0,0,NA,0,NA,FLORA ST,GREENWOOD AV,6,W,N,A,-,N,NA,NA,NA,NA,NA,NA,NA,NA,NA,N,3,0,1,2,A,-,10,21950,A,F,G,B,D,A,H,-,A,D,0,Y,NA,NA,NA,Y,NA,-,NA,0,1,0,0,1,0,0,0,0,-,-,NA,NA,SAN BERNARDINO,MONTCLAIR,-117.69937,34.06875
8026824,2016,2017-02-09,3607,2016-03-31,1526,80248,66,4,5,6,3607,0,0,0,NA,0,032,4TH ST,RT 10,0,NA,Y,A,-,Y,SBD,8,10,-,-,5.342,R,4,E,Y,4,0,2,3,A,-,04,21703,NA,M,C,C,A,A,H,-,A,A,0,NA,NA,NA,NA,Y,NA,-,NA,0,0,2,0,0,0,0,0,0,-,EO,NA,NA,SAN BERNARDINO,ONTARIO,-117.62204386,34.07674528
7169988,2015,2017-01-31,3607,2015-11-24,0022,15060,NA,2,5,6,3607,0,0,0,NA,0,NA,EUCLID AV,RT 83,0,NA,Y,A,-,Y,SBD,8,83,-,-,9.879,I,5,S,N,2,0,1,2,A,-,10,21950,A,F,G,B,B,A,H,-,C,A,0,Y,NA,NA,NA,Y,Y,-,NA,1,0,0,0,1,0,0,0,0,-,-,NA,NA,SAN BERNARDINO,ONTARIO,-117.65123204,34.06945645
8029158,2016,2016-04-27,3600,2016-03-10,1948,E3900,VC001,4,5,5,3612,0,0,0,NA,0,001,MOJAVE DR,6TH ST,0,NA,Y,A,-,N,NA,NA,NA,NA,NA,NA,NA,NA,NA,N,4,0,2,2,A,-,03,22350,NA,N,C,C,A,A,H,-,C,-,0,NA,NA,NA,NA,Y,NA,A,07,0,0,2,0,0,0,0,0,0,-,-,NA,NA,SAN BERNARDINO,VICTORVILLE,-117.30264002,34.52898007
8030242,2016,2016-05-02,3605,2016-04-15,1200,309,NA,5,5,4,3605,0,0,0,NA,0,NA,MONTE VISTA AV,MORENO ST,0,NA,Y,A,-,N,NA,NA,NA,NA,NA,NA,NA,NA,NA,Y,3,0,2,2,A,-,12,21453,A,N,D,C,A,A,-,-,A,A,0,NA,NA,NA,NA,Y,NA,A,01,0,1,1,0,0,0,0,0,0,-,-,NA,NA,SAN BERNARDINO,MONTCLAIR,-117.69824009,34.08868006
7172039,2016,2016-02-04,3600,2016-01-17,1330,D7732,RC037,7,5,6,3616,0,0,0,NA,0,RC4,ARCHIBALD AV,9TH ST,200,N,N,A,-,N,NA,NA,NA,NA,NA,NA,NA,NA,NA,Y,2,0,1,2,A,-,09,21804,A,N,D,C,A,A,H,-,A,D,0,NA,NA,Y,NA,Y,NA,A,81,1,0,0,0,0,0,0,0,1,-,-,NA,NA,SAN BERNARDINO,RANCHO CUCAMONGA,-117.59347,34.0962081