CASE_ID,ACCIDENT_YEAR,PROC_DATE,JURIS,COLLISION_DATE,COLLISION_TIME,OFFICER_ID,REPORTING_DISTRICT,DAY_OF_WEEK,CHP_SHIFT,POPULATION,CNTY_CITY_LOC,SPECIAL_COND,BEAT_TYPE,CHP_BEAT_TYPE,CITY_DIVISION_LAPD,CHP_BEAT_CLASS,BEAT_NUMBER,PRIMARY_RD,SECONDARY_RD,DISTANCE,DIRECTION,INTERSECTION,WEATHER_1,WEATHER_2,STATE_HWY_IND,CALTRANS_COUNTY,CALTRANS_DISTRICT,STATE_ROUTE,ROUTE_SUFFIX,POSTMILE_PREFIX,POSTMILE,LOCATION_TYPE,RAMP_INTERSECTION,SIDE_OF_HWY,TOW_AWAY,COLLISION_SEVERITY,NUMBER_KILLED,NUMBER_INJURED,PARTY_COUNT,PRIMARY_COLL_FACTOR,PCF_CODE_OF_VIOL,PCF_VIOL_CATEGORY,PCF_VIOLATION,PCF_VIOL_SUBSECTION,HIT_AND_RUN,TYPE_OF_COLLISION,MVIW,PED_ACTION,ROAD_SURFACE,ROAD_COND_1,ROAD_COND_2,LIGHTING,CONTROL_DEVICE,CHP_ROAD_TYPE,PEDESTRIAN_ACCIDENT,BICYCLE_ACCIDENT,MOTORCYCLE_ACCIDENT,TRUCK_ACCIDENT,NOT_PRIVATE_PROPERTY,ALCOHOL_INVOLVED,STWD_VEHTYPE_AT_FAULT,CHP_VEHTYPE_AT_FAULT,COUNT_SEVERE_INJ,COUNT_VISIBLE_INJ,COUNT_COMPLAINT_PAIN,COUNT_PED_KILLED,COUNT_PED_INJURED,COUNT_BICYCLIST_KILLED,COUNT_BICYCLIST_INJURED,COUNT_MC_KILLED,COUNT_MC_INJURED,PRIMARY_RAMP,SECONDARY_RAMP,LATITUDE,LONGITUDE,COUNTY,CITY,POINT_X,POINT_Y
82026538,2023,2023-03-24,3607,2023-03-03,808,20642,339,5,5,6,3607,0,0,0,NA,0,041,ETIWANDA AV,FOURTH ST,0,NA,Y,B,-,N,NA,NA,NA,NA,NA,NA,NA,NA,NA,Y,2,0,1,2,A,-,09,21453,B,N,A,C,A,B,D,-,A,A,0,NA,NA,NA,NA,Y,NA,A,01,1,0,0,0,0,0,0,0,0,-,-,NA,NA,SAN BERNARDINO,ONTARIO,-117.52401733398438,34.0771484375
8190732,2016,2016-12-21,3600,2016-10-29,2318,D6174,RC048,6,5,6,3616,0,0,0,NA,0,RC4,VINEYARD AV,AZURITE AV,342,S,N,A,-,N,NA,NA,NA,NA,NA,NA,NA,NA,NA,Y,3,0,1,2,A,-,01,23152,A,N,A,E,A,A,H,-,C,D,0,NA,NA,NA,NA,Y,Y,A,01,0,1,0,0,0,0,0,0,0,-,-,NA,NA,SAN BERNARDINO,RANCHO CUCAMONGA,-117.6110413,34.1124329
82031259,2023,2023-03-30,3607,2023-03-15,1452,20393,205,3,5,6,3607,0,0,0,NA,0,061,CAMPUS AV,ELM ST,116,N,N,C,-,N,NA,NA,NA,NA,NA,NA,NA,NA,NA,N,4,0,3,3,A,-,03,22350,NA,N,B,E,A,B,H,-,A,D,0,NA,NA,NA,Y,Y,NA,A,01,0,0,3,0,0,0,0,0,0,-,-,NA,NA,SAN BERNARDINO,ONTARIO,-117.64167785644533,34.04642868041992
8166620,2016,2018-09-27,3603,2016-12-19,1248,CL4147,COLTO,1,5,4,3603,0,0,0,NA,0,002,N MT VERNON AV,E LAUREL AV,0,NA,Y,A,-,N,NA,NA,NA,NA,NA,NA,NA,NA,NA,Y,1,1,0,2,A,-,11,21954,A,N,A,B,D,A,H,-,A,D,0,Y,NA,NA,NA,Y,NA,N,60,0,0,0,1,0,0,0,0,0,-,-,NA,NA,SAN BERNARDINO,COLTON,-117.31385003,34.0812
8203395,2016,2017-01-06,3600,2016-12-20,0709,B4570,VC059,2,5,5,3612,0,0,0,NA,0,NA,BEAR VALLEY RD,JADE RD,97,E,N,A,-,N,NA,NA,NA,NA,NA,NA,NA,NA,NA,N,4,0,1,2,A,-,03,22350,NA,N,C,G,A,A,H,-,A,A,0,NA,Y,NA,NA,Y,NA,A,01,0,0,1,0,0,0,1,0,0,-,-,NA,NA,SAN BERNARDINO,VICTORVILLE,-117.36863912,34.47037059
8167535,2017,2019-04-09,3603,2017-09-24,1937,4147,CPD,7,5,4,3603,0,0,0,NA,0,004,MT VERNON AV,VALLEY BL,500,S,N,A,-,N,NA,NA,NA,NA,NA,NA,NA,NA,NA,Y,1,1,0,2,A,-,11,21950,B,N,G,B,D,A,H,-,C,D,0,Y,NA,NA,NA,Y,Y,N,60,0,0,0,1,0,0,0,0,0,-,-,NA,NA,SAN BERNARDINO,COLTON,-117.31376,34.06501
81704749,2022,2022-02-21,3609,2022-02-02,2233,02193,37,3,5,5,3609,0,0,0,NA,0,001,CHURCH AVE,EVERGREEN ST,70,S,N,A,-,N,NA,NA,NA,NA,NA,NA,NA,NA,NA,Y,3,0,1,2,A,-,03,22350,NA,N,A,E,A,A,H,-,C,D,0,NA,NA,NA,NA,Y,NA,A,01,0,1,0,0,0,0,0,0,0,-,-,34.14657974243164,-117.395263671875,SAN BERNARDINO,RIALTO,-117.39527893066406,34.14630889892578
82039124,2023,2023-04-07,3602,2023-02-20,2334,4142,NA,1,5,5,3602,0,0,0,NA,0,001,CENTRAL AVE,CHINO HILLS PKWY,0,NA,Y,A,-,N,NA,NA,NA,NA,NA,NA,NA,NA,NA,Y,4,0,1,2,A,-,09,21453,B,F,D,C,A,A,H,-,C,A,0,NA,NA,NA,NA,Y,NA,A,01,0,0,1,0,0,0,0,0,0,-,-,33.98283004760742,-117.6890106201172,SAN BERNARDINO,CHINO,-117.68898010253906,33.982765197753906
81720403,2022,2022-03-11,3607,2022-02-26,0845,20264,112,6,5,6,3607,0,0,0,NA,0,032,GROVE AV,G ST,0,NA,Y,A,-,N,NA,NA,NA,NA,NA,NA,NA,NA,NA,N,3,0,1,3,A,-,12,21453,A,N,D,C,A,A,H,-,A,A,0,NA,NA,NA,NA,Y,NA,A,01,0,1,0,0,0,0,0,0,0,-,-,NA,NA,SAN BERNARDINO,ONTARIO,-117.62926483154295,34.07068634033203
8196634,2016,2017-01-27,3605,2016-12-04,1609,296,NA,7,5,4,3605,0,0,0,NA,0,NA,CENTRAL AV,RICHTON ST,0,NA,Y,A,-,N,NA,NA,NA,NA,NA,NA,NA,NA,NA,N,4,0,1,2,A,-,12,21453,A,N,D,C,A,A,H,-,A,A,0,NA,NA,NA,NA,Y,NA,A,01,0,0,1,0,0,0,0,0,0,-,-,NA,NA,SAN BERNARDINO,MONTCLAIR,-117.68971008,34.09521007
8197316,2016,2017-01-09,3607,2016-11-26,1921,80388,161,6,5,6,3607,0,0,0,NA,0,061,SULTANA AV,CALIFORNIA ST,75,N,N,C,-,N,NA,NA,NA,NA,NA,NA,NA,NA,NA,N,4,0,2,2,A,-,03,22350,NA,N,C,C,A,B,H,-,C,A,0,NA,NA,NA,NA,Y,NA,-,NA,0,0,2,0,0,0,0,0,0,-,-,NA,NA,SAN BERNARDINO,ONTARIO,-117.64600194,34.05595554
81979989,2022,2023-01-27,3602,2022-12-17,0124,4139,3602,6,5,5,3602,0,0,0,NA,0,001,PIPELINE AVE,MIGUEL ST,0,NA,Y,A,-,N,NA,NA,NA,NA,NA,NA,NA,NA,NA,N,4,0,1,2,A,-,01,23152,A,N,A,C,A,A,H,-,C,A,0,NA,NA,NA,NA,Y,Y,A,01,0,0,1,0,0,0,0,0,0,-,-,34.008968353271484,-117.71544647216795,SAN BERNARDINO,CHINO,-117.71531677246094,34.009002685546875
8198362,2016,2017-01-10,3607,2016-12-12,1148,80534,86,1,5,6,3607,0,0,0,NA,0,011,NORTH MOUNTAIN AV,WEST H ST,300,NA,N,A,-,N,NA,NA,NA,NA,NA,NA,NA,NA,NA,Y,2,0,1,2,A,-,08,22107,NA,N,D,C,A,A,H,-,A,D,0,NA,NA,Y,NA,Y,NA,-,NA,1,0,0,0,0,0,0,0,0,-,-,NA,NA,SAN BERNARDINO,ONTARIO,-117.67009005,34.07238003
8205207,2016,2017-05-03,3600,2016-12-10,1923,C9270,CH015,6,5,5,3630,0,0,0,NA,0,004,RT 71,RAMONA AV,100,N,N,A,-,Y,SBD,8,71,-,R,3.36,R,1,S,Y,4,0,1,4,A,-,01,23152,B,N,A,C,A,A,H,-,C,A,0,NA,NA,NA,NA,Y,Y,A,01,0,0,1,0,0,0,0,0,0,SO,-,NA,NA,SAN BERNARDINO,CHINO HILLS,-117.70899322,33.98261585
8198646,2016,2017-01-05,3602,2016-11-30,2235,3051,NA,3,5,5,3602,0,0,0,NA,0,003,CENTRAL AV,CHINO HILLS PKWY,0,NA,Y,A,-,N,NA,NA,NA,NA,NA,NA,NA,NA,NA,N,3,0,1,1,A,-,08,22107,NA,N,A,I,A,A,H,-,D,A,0,NA,NA,NA,Y,Y,NA,F,26,0,1,0,0,0,0,0,0,0,-,-,NA,NA,SAN BERNARDINO,CHINO,-117.68898,33.98277007
8205573,2016,2017-01-12,3602,2016-11-05,1546,3402,NA,6,5,5,3602,0,0,0,NA,0,004,G ST,4TH ST,0,NA,Y,A,-,N,NA,NA,NA,NA,NA,NA,NA,NA,NA,N,3,0,1,1,A,-,03,22350,NA,N,E,I,A,A,H,-,A,A,0,NA,NA,Y,NA,Y,NA,C,02,0,1,0,0,0,0,0,0,1,-,-,NA,NA,SAN BERNARDINO,CHINO,-117.69432008,34.00985011
82056191,2023,2023-05-01,3602,2023-04-13,1540,3051,NA,4,5,5,3602,0,0,0,NA,0,001,PIPELINE AVENUE (13400 BLOCK),CHINO AVENUE,552,S,N,A,-,N,NA,NA,NA,NA,NA,NA,NA,NA,NA,N,3,0,1,2,A,-,04,21703,NA,N,C,C,A,A,H,-,A,A,0,NA,NA,Y,NA,Y,NA,C,02,0,1,0,0,0,0,0,0,1,-,-,34.010040283203125,-117.71534729003906,SAN BERNARDINO,CHINO,-117.71531677246094,34.010135650634766
81991261,2023,2023-02-10,3602,2023-01-28,130,4254,NA,6,5,5,3602,0,0,0,NA,0,NA,PINE AVE,MEADOWHOUSE AVE,35,W,N,A,-,N,NA,NA,NA,NA,NA,NA,NA,NA,NA,Y,4,0,1,3,A,-,01,23153,A,N,C,C,A,A,H,-,C,A,0,NA,NA,NA,NA,Y,Y,A,01,0,0,1,0,0,0,0,0,0,-,-,33.05582046508789,-117.64134979248048,SAN BERNARDINO,CHINO,-117.64134216308594,33.95574188232422
82059759,2023,2023-05-03,3607,2023-04-26,1130,80515,163,3,5,6,3607,0,0,0,NA,0,061,CAMPUS AV,ONTARIO BL,0,NA,Y,A,-,N,NA,NA,NA,NA,NA,NA,NA,NA,NA,Y,3,0,2,2,A,-,12,22450,A,N,D,C,A,A,H,-,A,A,0,NA,NA,NA,NA,Y,NA,A,01,0,2,0,0,0,0,0,0,0,-,-,NA,NA,SAN BERNARDINO,ONTARIO,-117.6413345336914,34.05997848510742
8199604,2016,2017-01-05,3610,2016-11-17,1712,50842,NA,4,5,6,3610,0,0,0,NA,0,BAKER,MARSHALL BL,ROBERDS AV,425,E,N,A,-,N,NA,NA,NA,NA,NA,NA,NA,NA,NA,N,2,0,1,3,A,-,03,22350,NA,N,G,J,A,A,H,-,D,D,0,NA,NA,Y,NA,Y,NA,C,03,1,0,0,0,0,0,0,0,1,-,-,NA,NA,SAN BERNARDINO,SAN BERNARDINO,-117.31682954,34.14974
82073824,2023,2023-05-22,3607,2023-05-16,1651,80365,NA,2,5,6,3607,0,0,0,NA,0,062,CAMPUS AV,FRANCIS ST,0,NA,Y,A,-,N,NA,NA,NA,NA,NA,NA,NA,NA,NA,Y,4,0,2,2,A,-,12,22450,A,N,D,C,A,A,H,-,A,A,0,NA,NA,NA,NA,Y,NA,A,07,0,0,2,0,0,0,0,0,0,-,-,NA,NA,SAN BERNARDINO,ONTARIO,-117.64157104492188,34.041141510009766
8207695,2016,2017-05-03,3600,2016-12-19,1223,F5111,BL208,1,5,2,3680,0,0,0,NA,0,BL2,BIG BEAR BL,POWER POLE  10686BV,49,W,N,A,-,Y,SBD,8,18,-,-,50.23,H,-,N,Y,4,0,1,2,A,-,09,21801,NA,N,D,C,A,A,H,-,A,A,0,NA,NA,NA,NA,Y,NA,A,07,0,0,1,0,0,0,0,0,0,-,-,NA,NA,SAN BERNARDINO,BIG BEAR LAKE,-116.89191154,34.24339987
82085510,2023,2023-06-05,3602,2023-05-16,1243,4306,NA,2,5,5,3602,0,0,0,NA,0,001,YORBA AVE,RIVERSIDE DR,355,S,N,A,-,N,NA,NA,NA,NA,NA,NA,NA,NA,NA,N,4,0,1,2,A,-,09,21804,A,N,D,C,A,A,H,-,A,D,0,NA,NA,NA,NA,Y,NA,A,01,0,0,1,0,0,0,0,0,0,-,-,34.02254104614258,-117.70242309570313,SAN BERNARDINO,CHINO,-117.7023696899414,34.01800537109375
82101394,2023,2023-06-26,3609,2023-05-21,429,02213,540,7,5,5,3609,0,0,0,NA,0,004,RIVERSIDE AVE,VALLEY BLVD,749,N,N,A,-,N,NA,NA,NA,NA,NA,NA,NA,NA,NA,N,4,0,1,1,A,-,07,21658,A,N,E,I,A,A,H,-,B,D,0,NA,NA,NA,NA,Y,NA,A,01,0,0,1,0,0,0,0,0,0,-,-,34.07052993774414,-117.3702392578125,SAN BERNARDINO,RIALTO,-117.3703842163086,34.07256317138672
8199841,2016,2016-12-30,3610,2016-11-12,0220,50987,NA,6,5,6,3610,0,0,0,NA,0,POLICE,NORTH WATERMAN AV,E 30TH ST,0,NA,Y,A,-,N,NA,NA,NA,NA,NA,NA,NA,NA,NA,Y,4,0,1,2,A,-,08,22107,NA,N,A,C,A,A,H,-,C,A,0,NA,NA,NA,NA,Y,NA,A,01,0,0,1,0,0,0,0,0,0,-,-,NA,NA,SAN BERNARDINO,SAN BERNARDINO,-117.2787001,34.1459801
8200296,2017,2017-03-14,3602,2017-01-02,2053,3636,NA,1,5,5,3602,0,0,0,NA,0,004,MONTE VISTA AV,C ST,110,S,N,A,-,N,NA,NA,NA,NA,NA,NA,NA,NA,NA,Y,3,0,1,4,A,-,01,23152,A,N,B,E,A,A,H,-,C,D,0,NA,NA,NA,NA,Y,Y,D,22,0,1,0,0,0,0,0,0,0,-,-,NA,NA,SAN BERNARDINO,CHINO,-117.69802721,34.01517852
82116559,2023,2023-07-14,3607,2023-06-09,724,20498,56,5,5,6,3607,0,0,0,NA,0,011,MOUNTAIN AV,I ST,300,S,N,A,-,Y,NA,NA,NA,NA,NA,NA,NA,NA,NA,Y,3,0,2,2,A,-,09,21804,A,N,D,C,A,A,H,-,A,A,0,NA,NA,NA,NA,Y,NA,A,07,0,2,0,0,0,0,0,0,0,-,-,NA,NA,SAN BERNARDINO,ONTARIO,-117.67008972167967,34.07337951660156
8200607,2017,2017-03-14,3602,2017-02-06,1526,3402,NA,1,5,5,3602,0,0,0,NA,0,004,BENSON AV,B ST,16,N,N,A,-,N,NA,NA,NA,NA,NA,NA,NA,NA,NA,Y,4,0,1,2,A,-,09,21804,A,N,D,C,A,B,H,-,A,A,0,NA,NA,NA,NA,Y,NA,A,07,0,0,1,0,0,0,0,0,0,-,-,NA,NA,SAN BERNARDINO,CHINO,-117.68056098,34.01737385
82136733,2023,2023-08-07,3607,2023-07-20,1719,80510,205,4,5,6,3607,0,0,0,NA,0,061,CAMPUS AV,ELM ST,600,N,N,A,-,N,NA,NA,NA,NA,NA,NA,NA,NA,NA,Y,2,0,2,2,A,-,05,21650,NA,N,A,E,A,A,H,-,A,D,0,NA,NA,NA,NA,Y,NA,A,07,1,0,1,0,0,0,0,0,0,-,-,NA,NA,SAN BERNARDINO,ONTARIO,-117.64166259765624,34.047752380371094
8200635,2017,2017-03-14,3602,2017-02-22,1832,3172,NA,3,5,5,3602,0,0,0,NA,0,002,CYPRESS AV,GRANT ST,0,NA,Y,C,-,N,NA,NA,NA,NA,NA,NA,NA,NA,NA,Y,4,0,1,2,A,-,09,21802,A,N,D,C,A,B,H,-,C,D,0,NA,NA,NA,NA,Y,NA,A,01,0,0,1,0,0,0,0,0,0,-,-,NA,NA,SAN BERNARDINO,CHINO,-117.66325005,34.02422003
82154838,2023,2023-08-28,3602,2023-08-11,802,4122,NA,5,5,5,3602,0,0,0,NA,0,003,MAIN ST,WEST PRESERVE LOOP,170,S,N,B,-,N,NA,NA,NA,NA,NA,NA,NA,NA,NA,N,4,0,1,2,A,-,11,21950,B,N,G,B,E,A,H,-,A,A,0,Y,NA,NA,NA,Y,NA,N,60,0,0,1,0,1,0,0,0,0,-,-,33.0673713684082,-117.62387847900392,SAN BERNARDINO,CHINO,-117.62348175048828,33.96675491333008
8192670,2016,2016-12-28,3600,2016-10-29,1340,W2673,UC,6,5,4,3640,0,0,0,NA,0,YC03,CALIMESA BL,AVENUE I,0,NA,Y,A,-,N,NA,NA,NA,NA,NA,NA,NA,NA,NA,Y,3,0,1,2,A,-,08,22107,NA,N,H,A,A,A,H,-,A,D,0,NA,NA,Y,NA,Y,NA,D,22,0,1,0,0,0,0,0,0,1,-,-,NA,NA,SAN BERNARDINO,YUCAIPA,-117.0645701,34.00765012
81926966,2022,2022-11-28,3602,2022-09-20,1158,3978,NA,2,5,5,3602,0,0,0,NA,0,001,CHINO AVE,N SR71 OFRP,0,NA,Y,A,-,Y,NA,NA,NA,NA,NA,NA,NA,NA,NA,Y,3,0,4,3,C,-,18,NA,NA,N,D,C,A,A,H,-,A,A,0,NA,NA,NA,NA,Y,NA,-,-,0,3,1,0,0,0,0,0,0,-,-,34.01145935058594,-117.73092651367188,SAN BERNARDINO,CHINO,NA,NA
82160467,2023,2023-09-01,3607,2023-08-08,1924,20174,273,2,5,6,3607,0,0,0,NA,0,071,RIVERSIDE DR,WALKER AV,0,NA,Y,A,-,N,NA,NA,NA,NA,NA,NA,NA,NA,NA,N,3,0,1,2,A,-,09,21802,A,N,D,G,A,A,H,-,B,A,0,NA,Y,NA,NA,Y,NA,D,22,0,1,0,0,0,0,1,0,0,-,-,NA,NA,SAN BERNARDINO,ONTARIO,-117.61962127685548,34.01952362060547
82165173,2023,2023-09-08,3609,2023-08-16,704,00976,73,3,5,5,3609,0,0,0,NA,0,001,LINDEN AVE,RENAISSANCE PKWY,1890,S,N,C,-,N,NA,NA,NA,NA,NA,NA,NA,NA,NA,Y,4,0,1,2,A,-,09,21804,A,N,D,C,A,B,H,-,A,D,0,NA,NA,NA,NA,Y,NA,A,01,0,0,1,0,0,0,0,0,0,-,-,34.134029388427734,-117.40103149414063,SAN BERNARDINO,RIALTO,-117.40103149414063,34.13029098510742
81933250,2022,2022-12-05,3609,2022-10-15,1000,01944,159,6,5,5,3609,0,0,0,NA,0,003,LILAC AVE,RANDALL AVE,456,S,N,A,-,N,NA,NA,NA,NA,NA,NA,NA,NA,NA,N,4,0,1,2,A,-,11,21954,A,N,D,B,D,A,H,-,A,D,0,Y,NA,NA,NA,Y,NA,N,60,0,0,1,0,1,0,0,0,0,-,-,34.0849609375,-117.37905120849608,SAN BERNARDINO,RIALTO,-117.37904357910156,34.08375930786133
8195960,2016,2017-01-03,3607,2016-12-03,1447,80502,19,6,5,6,3607,0,0,0,NA,0,031,VINEYARD AV,HAWTHORNE ST,0,NA,Y,A,-,N,NA,NA,NA,NA,NA,NA,NA,NA,NA,Y,4,0,2,2,A,-,09,21802,A,N,D,C,A,A,H,-,A,A,0,NA,NA,NA,NA,Y,NA,-,NA,0,0,2,0,0,0,0,0,0,-,-,NA,NA,SAN BERNARDINO,ONTARIO,-117.61118,34.08347
8195976,2016,2017-01-03,3607,2016-12-06,1109,15070,214,2,5,6,3607,0,0,0,NA,0,071,HAVEN AV,JURUPA ST,0,NA,Y,A,-,N,NA,NA,NA,NA,NA,NA,NA,NA,NA,Y,4,0,4,2,A,-,08,22100,A,N,B,C,A,A,H,-,A,A,0,NA,NA,NA,NA,Y,NA,-,NA,0,0,4,0,0,0,0,0,0,-,-,NA,NA,SAN BERNARDINO,ONTARIO,-117.57602008,34.04834001
81962583,2022,2023-01-09,3602,2022-12-07,0705,4118,NA,3,5,5,3602,0,0,0,NA,0,001,TELEPHONE AVE,WASHINGTON AVE,0,NA,Y,A,-,N,NA,NA,NA,NA,NA,NA,NA,NA,NA,Y,4,0,1,2,A,-,09,21802,A,N,D,C,A,A,H,-,A,D,0,NA,NA,NA,NA,Y,NA,A,01,0,0,1,0,0,0,0,0,0,-,-,34.025779724121094,-117.69373321533205,SAN BERNARDINO,CHINO,-117.69370269775392,34.022178649902344
82180871,2023,2023-09-27,3607,2023-08-29,1358,19866,172,2,5,6,3607,0,0,0,NA,0,042,MILLIKEN AV,SANTA ANA ST,0,NA,Y,A,-,N,NA,NA,NA,NA,NA,NA,NA,NA,NA,N,3,0,2,2,A,-,09,21801,A,N,D,C,A,A,H,-,A,A,0,NA,NA,NA,NA,Y,NA,A,01,0,2,0,0,0,0,0,0,0,-,-,NA,NA,SAN BERNARDINO,ONTARIO,-117.5583038330078,34.05540466308594
82188573,2023,2023-10-03,3607,2023-09-07,554,20999,209,4,5,6,3607,0,0,0,NA,0,071,ACACIA ST,MILDRED AV,500,E,N,A,-,N,NA,NA,NA,NA,NA,NA,NA,NA,NA,Y,2,0,1,2,A,-,08,22107,NA,N,D,C,A,A,H,-,B,D,0,NA,NA,Y,NA,Y,NA,C,02,1,0,0,0,0,0,0,0,1,-,-,NA,NA,SAN BERNARDINO,ONTARIO,-117.62301635742188,34.048484802246094
82188574,2023,2023-10-03,3607,2023-09-08,306,20688,248,5,5,6,3607,0,0,0,NA,0,062,PHILADELPHIA ST,CUCAMONGA AV,230,E,N,A,-,N,NA,NA,NA,NA,NA,NA,NA,NA,NA,Y,3,0,1,1,A,-,01,23152,A,N,E,I,A,A,H,-,C,D,0,NA,NA,NA,NA,Y,Y,A,07,0,1,0,0,0,0,0,0,0,-,-,NA,NA,SAN BERNARDINO,ONTARIO,-117.632080078125,34.033939361572266
82190668,2022,2023-10-04,3611,2022-07-01,0948,3296,3611,5,5,5,3611,0,0,0,NA,0,002,CENTRAL AVE,FOOTHILL BLVD,20,S,N,A,-,N,NA,NA,NA,NA,NA,NA,NA,NA,NA,N,4,0,1,2,A,-,09,21804,A,N,D,C,A,A,H,-,A,A,0,NA,NA,NA,NA,Y,NA,A,01,0,0,1,0,0,0,0,0,0,-,-,NA,NA,SAN BERNARDINO,UPLAND,-117.68968963623048,34.10671615600586
82190679,2022,2023-10-04,3611,2022-07-10,1208,3153,3611,7,5,5,3611,0,0,0,NA,0,001,MOUNTAIN AVE,13TH ST,32,S,N,A,-,N,NA,NA,NA,NA,NA,NA,NA,NA,NA,Y,3,0,1,1,A,-,03,22350,NA,N,E,I,A,A,H,-,A,D,0,NA,NA,Y,NA,Y,NA,C,02,0,1,0,0,0,0,0,0,1,-,-,NA,NA,SAN BERNARDINO,UPLAND,-117.67031860351563,34.11048126220703
82190695,2022,2023-10-04,3611,2022-08-03,2302,3189,3611,3,5,5,3611,0,0,0,NA,0,003,19TH ST,COLONIES PKWY,206,W,N,A,-,N,NA,NA,NA,NA,NA,NA,NA,NA,NA,Y,4,0,1,1,A,-,03,22350,NA,N,E,I,A,A,H,-,C,A,0,NA,NA,NA,NA,Y,NA,A,01,0,0,1,0,0,0,0,0,0,-,-,NA,NA,SAN BERNARDINO,UPLAND,-117.63164520263672,34.13258743286133
82190706,2022,2023-10-04,3611,2022-08-19,0807,3439,3611,5,5,5,3611,0,0,0,NA,0,001,MOUNTAIN AVE,13TH ST,10,N,N,A,-,N,NA,NA,NA,NA,NA,NA,NA,NA,NA,N,4,0,1,2,A,-,10,21950,A,N,G,B,B,A,H,-,A,A,0,Y,NA,NA,NA,Y,NA,A,07,0,0,1,0,1,0,0,0,0,-,-,NA,NA,SAN BERNARDINO,UPLAND,-117.67031860351563,34.110595703125
82190801,2022,2023-10-04,3611,2022-11-19,1255,3419,3611,6,5,5,3611,0,0,0,NA,0,002,FOOTHILL BLVD,MOUNTAIN AVE,90,E,N,A,-,N,NA,NA,NA,NA,NA,NA,NA,NA,NA,Y,3,0,1,3,A,-,03,22350,NA,N,E,I,A,A,H,-,A,A,0,NA,NA,NA,NA,Y,NA,A,01,0,1,0,0,0,0,0,0,0,-,-,34.10689926147461,-117.6702117919922,SAN BERNARDINO,UPLAND,-117.66990661621094,34.10696029663086
82190807,2022,2023-10-05,3611,2022-11-21,1305,3435,3611,1,5,5,3611,0,0,0,NA,0,001,FOOTHILL BLVD,BENSON AVE,514,E,N,A,-,N,NA,NA,NA,NA,NA,NA,NA,NA,NA,N,4,0,2,2,A,-,09,21804,A,N,B,C,A,A,H,-,A,D,0,NA,NA,NA,NA,Y,NA,A,07,0,0,2,0,0,0,0,0,0,-,-,34.106929779052734,-117.68077087402344,SAN BERNARDINO,UPLAND,-117.6791534423828,34.106910705566406
82190834,2022,2023-10-04,3611,2022-12-12,1047,3457,3611,1,5,5,3611,0,0,0,NA,0,002,MOUNTAIN AVE,8TH ST,513,S,N,A,-,N,NA,NA,NA,NA,NA,NA,NA,NA,NA,Y,4,0,1,2,A,-,12,21453,A,N,A,C,A,B,H,-,A,A,0,NA,NA,NA,NA,Y,NA,A,01,0,0,1,0,0,0,0,0,0,-,-,34.09246063232422,-117.67018127441406,SAN BERNARDINO,UPLAND,-117.6701431274414,34.09100341796875
82190873,2022,2023-10-04,3611,2022-12-31,1518,3296,3611,6,5,5,3611,0,0,0,NA,0,003,CAMPUS AVE,WEST ST,0,NA,Y,C,-,N,NA,NA,NA,NA,NA,NA,NA,NA,NA,Y,4,0,1,2,A,-,01,23152,A,N,B,C,A,B,H,-,A,B,0,NA,NA,NA,NA,Y,Y,D,72,0,0,1,0,0,0,0,0,0,-,-,34.108489990234375,-117.64154815673828,SAN BERNARDINO,UPLAND,-117.64154815673828,34.108253479003906
82190910,2023,2023-10-04,3611,2023-01-20,1148,3457,3611,5,5,5,3611,0,0,0,NA,0,002,FOOTHILL BLVD,MOUNTAIN AVE,1312,E,N,A,-,N,NA,NA,NA,NA,NA,NA,NA,NA,NA,N,4,0,1,2,A,-,04,21703,NA,N,C,C,A,A,H,-,A,D,0,NA,NA,NA,NA,Y,NA,A,07,0,0,1,0,0,0,0,0,0,-,-,34.106990814208984,-117.67024230957033,SAN BERNARDINO,UPLAND,-117.66622161865234,34.10695266723633
82190917,2023,2023-10-04,3611,2023-01-23,1748,3385,3611,1,5,5,3611,0,0,0,NA,0,001,MOUNTAIN AVE,11TH ST,0,NA,Y,A,-,N,NA,NA,NA,NA,NA,NA,NA,NA,NA,Y,3,0,1,2,A,-,09,21801,A,N,D,C,A,A,H,-,C,A,0,NA,NA,Y,NA,Y,NA,A,01,0,1,0,0,0,0,0,0,1,-,-,34.103328704833984,-117.67017364501952,SAN BERNARDINO,UPLAND,-117.6701889038086,34.10330581665039
82190942,2023,2023-10-05,3611,2023-02-15,14,3466,3611,3,5,5,3611,0,0,0,NA,0,001,MOUNTAIN AVE,FOOTHILL BLVD,0,NA,Y,A,-,N,NA,NA,NA,NA,NA,NA,NA,NA,NA,Y,4,0,1,2,D,-,00,NA,NA,N,D,C,A,A,H,-,C,A,0,NA,NA,NA,NA,Y,NA,-,-,0,0,1,0,0,0,0,0,0,-,-,34.106990814208984,-117.67024230957033,SAN BERNARDINO,UPLAND,-117.67019653320313,34.106956481933594
82190951,2023,2023-10-04,3611,2023-02-22,1000,3024,3611,3,5,5,3611,0,0,0,NA,0,001,16TH ST,SAN ANTONIO AVE,0,NA,Y,A,-,N,NA,NA,NA,NA,NA,NA,NA,NA,NA,N,4,0,1,2,A,-,12,21453,A,N,D,C,A,A,H,-,A,A,0,NA,NA,NA,NA,Y,NA,A,07,0,0,1,0,0,0,0,0,0,-,-,34.121490478515625,-117.6609115600586,SAN BERNARDINO,UPLAND,-117.66085815429688,34.12150955200195
82190993,2023,2023-10-04,3611,2023-03-24,1256,3488,3611,5,5,5,3611,0,0,0,NA,0,002,SILVERWOOD AVE,ARROW HWY,7,S,N,A,-,N,NA,NA,NA,NA,NA,NA,NA,NA,NA,N,3,0,1,2,A,-,09,21804,A,N,D,G,A,A,H,-,A,A,0,NA,Y,NA,NA,Y,NA,L,04,0,1,0,0,0,0,1,0,0,-,-,34.09968948364258,-117.67305755615234,SAN BERNARDINO,UPLAND,-117.67308044433594,34.099639892578125