CASE_ID,ACCIDENT_YEAR,PROC_DATE,JURIS,COLLISION_DATE,COLLISION_TIME,OFFICER_ID,REPORTING_DISTRICT,DAY_OF_WEEK,CHP_SHIFT,POPULATION,CNTY_CITY_LOC,SPECIAL_COND,BEAT_TYPE,CHP_BEAT_TYPE,CITY_DIVISION_LAPD,CHP_BEAT_CLASS,BEAT_NUMBER,PRIMARY_RD,SECONDARY_RD,DISTANCE,DIRECTION,INTERSECTION,WEATHER_1,WEATHER_2,STATE_HWY_IND,CALTRANS_COUNTY,CALTRANS_DISTRICT,STATE_ROUTE,ROUTE_SUFFIX,POSTMILE_PREFIX,POSTMILE,LOCATION_TYPE,RAMP_INTERSECTION,SIDE_OF_HWY,TOW_AWAY,COLLISION_SEVERITY,NUMBER_KILLED,NUMBER_INJURED,PARTY_COUNT,PRIMARY_COLL_FACTOR,PCF_CODE_OF_VIOL,PCF_VIOL_CATEGORY,PCF_VIOLATION,PCF_VIOL_SUBSECTION,HIT_AND_RUN,TYPE_OF_COLLISION,MVIW,PED_ACTION,ROAD_SURFACE,ROAD_COND_1,ROAD_COND_2,LIGHTING,CONTROL_DEVICE,CHP_ROAD_TYPE,PEDESTRIAN_ACCIDENT,BICYCLE_ACCIDENT,MOTORCYCLE_ACCIDENT,TRUCK_ACCIDENT,NOT_PRIVATE_PROPERTY,ALCOHOL_INVOLVED,STWD_VEHTYPE_AT_FAULT,CHP_VEHTYPE_AT_FAULT,COUNT_SEVERE_INJ,COUNT_VISIBLE_INJ,COUNT_COMPLAINT_PAIN,COUNT_PED_KILLED,COUNT_PED_INJURED,COUNT_BICYCLIST_KILLED,COUNT_BICYCLIST_INJURED,COUNT_MC_KILLED,COUNT_MC_INJURED,PRIMARY_RAMP,SECONDARY_RAMP,LATITUDE,LONGITUDE,COUNTY,CITY,POINT_X,POINT_Y
8460234,2017,2017-10-06,3600,2017-09-15,1808,D3560,HE306,5,5,5,3619,0,0,0,NA,0,HE3,TAMARISK AV,SULTANA ST,210,N,N,A,-,N,NA,NA,NA,NA,NA,NA,NA,NA,NA,N,4,0,1,2,C,-,18,NA,NA,N,B,C,A,A,H,-,A,A,0,NA,NA,NA,NA,Y,NA,-,-,0,0,1,0,0,0,0,0,0,-,-,NA,NA,SAN BERNARDINO,HESPERIA,-117.35093625,34.42005531
84604618,2025,2025-03-18,3611,2025-01-24,1744,3627,NA,5,5,5,3611,0,0,0,NA,0,002,7TH ST,BENSON AVE,0,NA,Y,A,-,N,NA,NA,NA,NA,NA,NA,NA,NA,NA,Y,3,0,2,2,A,-,09,21801,A,N,D,C,A,A,H,-,C,A,0,NA,NA,NA,NA,Y,NA,A,01,0,2,0,0,0,0,0,0,0,-,-,34.088741302490234,-117.68087768554688,SAN BERNARDINO,UPLAND,-117.68087005615234,34.088741302490234
8462662,2017,2017-11-27,3604,2017-09-19,0825,D208A,I21G1,2,5,6,3604,0,0,0,NA,0,002,OLEANDER AV,ORANGE WY,3,N,N,A,-,N,NA,NA,NA,NA,NA,NA,NA,NA,NA,N,2,0,2,3,A,-,10,21950,A,N,G,B,B,A,H,-,A,D,0,Y,NA,NA,NA,Y,NA,N,60,2,0,0,0,2,0,0,0,0,-,-,NA,NA,SAN BERNARDINO,FONTANA,-117.44884,34.09580822
8462946,2017,2017-11-20,3600,2017-06-01,0616,E3005,RC038,4,5,6,3616,0,0,0,NA,0,004,FOOTHILL BL,HELLMAN AV,0,NA,Y,A,-,N,NA,NA,NA,NA,NA,NA,NA,NA,NA,Y,4,0,2,2,A,-,12,21453,A,N,D,J,A,A,H,-,A,A,0,NA,NA,NA,NA,Y,NA,-,-,0,0,2,0,0,0,0,0,0,-,-,NA,NA,SAN BERNARDINO,RANCHO CUCAMONGA,-117.6023101,34.10666006
84629782,2025,2025-03-28,3611,2025-02-01,1239,3626,NA,6,5,5,3611,0,0,0,NA,0,002,FOOTHILL BLVD,EUCLID AVE,0,NA,Y,A,-,Y,NA,NA,NA,NA,NA,NA,NA,NA,NA,Y,3,0,1,2,A,-,09,21800,A,N,D,C,A,A,H,-,A,A,0,NA,NA,NA,NA,Y,NA,A,07,0,1,0,0,0,0,0,0,0,-,-,NA,NA,SAN BERNARDINO,UPLAND,-117.6513671875,34.106929779052734
84629880,2025,2025-03-28,3607,2025-03-23,1527,20039,NA,7,5,6,3607,0,0,0,NA,0,021,6TH STREET,CAMPUS AVE,150,W,N,A,-,N,NA,NA,NA,NA,NA,NA,NA,NA,NA,N,3,0,4,2,A,-,03,22350,NA,N,C,C,A,A,H,-,A,D,0,NA,NA,NA,NA,Y,NA,A,01,0,1,3,0,0,0,0,0,0,-,-,NA,NA,SAN BERNARDINO,ONTARIO,-117.64190673828124,34.085208892822266
84633733,2025,2025-04-02,3607,2025-03-22,1800,19988,NA,6,5,6,3607,0,0,0,NA,0,011,FIFTH ST,MOUNTAIN AV,300,W,N,A,-,N,NA,NA,NA,NA,NA,NA,NA,NA,NA,N,4,0,1,2,A,-,00,23123,A,N,C,C,A,A,H,-,A,D,0,NA,NA,NA,NA,Y,NA,A,01,0,0,1,0,0,0,0,0,0,-,-,NA,NA,SAN BERNARDINO,ONTARIO,-117.67112731933594,34.08147430419922
84635312,2025,2025-04-04,3611,2025-02-15,2101,3531,NA,6,5,5,3611,0,0,0,NA,0,001,FOOTHILL BLVD,CENTRAL AVE,912,E,N,A,-,Y,NA,NA,NA,NA,NA,NA,NA,NA,NA,Y,2,0,1,2,A,-,03,22350,NA,N,C,G,A,A,H,-,C,A,0,NA,Y,NA,NA,Y,Y,L,04,1,0,0,0,0,0,1,0,0,-,-,34.1068000793457,-117.68956756591795,SAN BERNARDINO,UPLAND,-117.68690490722656,34.106990814208984
84635317,2025,2025-04-03,3611,2025-02-28,1108,3362,NA,5,5,5,3611,0,0,0,NA,0,002,7TH ST,LAUREL AVE,39,E,N,A,-,Y,NA,NA,NA,NA,NA,NA,NA,NA,NA,N,4,0,1,2,A,-,21,22106,NA,N,H,C,A,A,H,-,A,A,0,NA,NA,NA,NA,Y,NA,A,01,0,0,1,0,0,0,0,0,0,-,-,34.088809967041016,-117.65258026123048,SAN BERNARDINO,UPLAND,-117.65231323242188,34.08882141113281
84638377,2025,2025-04-07,3602,2025-03-25,656,4582,NA,2,5,5,3602,0,0,0,NA,0,NA,SCHAEFER AVENUE (5400 BLOCK),REDWOOD COURT,615,E,N,A,-,N,NA,NA,NA,NA,NA,NA,NA,NA,NA,N,4,0,2,2,A,-,09,21801,A,N,D,C,A,A,H,-,A,D,0,NA,NA,NA,NA,Y,NA,D,22,0,0,2,0,0,0,0,0,0,-,-,34.00455856323242,-117.68695831298828,SAN BERNARDINO,CHINO,-117.68491363525392,34.00458908081055
84642364,2025,2025-04-09,3607,2025-03-25,1125,21842,NA,2,5,6,3607,0,0,0,NA,0,011,MOUNTAIN AV,BERKELEY CT,10,N,N,A,-,N,NA,NA,NA,NA,NA,NA,NA,NA,NA,Y,4,0,2,2,A,-,09,21804,A,N,D,C,A,A,H,-,A,D,0,NA,NA,NA,NA,Y,NA,A,01,0,0,2,0,0,0,0,0,0,-,-,NA,NA,SAN BERNARDINO,ONTARIO,-117.67009735107422,34.07514572143555
84642366,2025,2025-04-09,3607,2025-04-03,825,21615,NA,4,5,6,3607,0,0,0,NA,0,021,COLUMBIA AV,DEODAR ST,0,NA,Y,A,-,N,NA,NA,NA,NA,NA,NA,NA,NA,NA,Y,4,0,1,2,A,-,12,22450,A,N,D,C,A,A,H,-,A,A,0,NA,NA,NA,NA,Y,NA,A,01,0,0,1,0,0,0,0,0,0,-,-,NA,NA,SAN BERNARDINO,ONTARIO,-117.6484375,34.08608627319336
8464390,2017,2018-06-18,3609,2017-09-18,1704,5491,59,1,5,5,3609,0,0,0,NA,0,002,RIVERSIDE AV,RT 210,0,NA,Y,A,-,Y,SBD,8,210,-,-,18.903,R,4,W,Y,4,0,1,2,A,-,12,21453,A,N,D,C,A,A,H,-,A,A,0,NA,NA,NA,NA,Y,NA,-,-,0,0,1,0,0,0,0,0,0,-,WF,34.13636,-117.37032,SAN BERNARDINO,RIALTO,-117.36674007,34.13616971
8464435,2017,2017-11-01,3609,2017-10-01,0851,5403,112,7,5,5,3609,0,0,0,NA,0,002,RIVERSIDE AV,HOLLY ST,15,N,N,A,-,N,NA,NA,NA,NA,NA,NA,NA,NA,NA,Y,3,0,1,1,A,-,03,22350,NA,N,F,I,A,A,H,-,A,D,0,NA,NA,NA,NA,Y,Y,A,01,0,1,0,0,0,0,0,0,0,-,-,34.1084,-117.3736,SAN BERNARDINO,RIALTO,-117.37038044,34.11627109
8464461,2017,2017-11-03,3600,2017-08-25,1735,G2613,YC404,5,5,4,3640,0,0,0,NA,0,NA,AVENUE E,OAK GLEN RD,0,NA,Y,A,-,N,NA,NA,NA,NA,NA,NA,NA,NA,NA,N,4,0,1,2,A,-,08,22107,NA,N,D,C,A,A,H,-,A,A,0,NA,NA,NA,NA,Y,NA,A,07,0,0,1,0,0,0,0,0,0,-,-,NA,NA,SAN BERNARDINO,YUCAIPA,-117.08178001,34.02544004
84647009,2025,2025-04-14,3611,2025-02-13,1224,3435,NA,4,5,5,3611,0,0,0,NA,0,004,FOOTHILL BLVD,EUCLID AVE,0,NA,Y,C,-,N,NA,NA,NA,NA,NA,NA,NA,NA,NA,Y,3,0,1,2,D,-,00,NA,NA,N,D,C,A,B,H,-,A,A,0,NA,NA,NA,NA,Y,NA,-,-,0,1,0,0,0,0,0,0,0,-,-,34.10702896118164,-117.65096282958984,SAN BERNARDINO,UPLAND,-117.6513671875,34.106929779052734
84647045,2025,2025-04-14,3611,2025-03-02,1718,3389,NA,7,5,5,3611,0,0,0,NA,0,002,BENSON AVE,HUNTINGTON DR N,0,NA,Y,B,-,N,NA,NA,NA,NA,NA,NA,NA,NA,NA,Y,4,0,3,2,A,-,12,21457,A,N,D,C,A,A,H,-,A,B,0,NA,NA,NA,NA,Y,NA,A,01,0,0,3,0,0,0,0,0,0,-,-,34.0977783203125,-117.68093872070313,SAN BERNARDINO,UPLAND,-117.68092346191406,34.09749984741211
8464930,2017,2017-10-31,3600,2017-09-02,2213,F6927,VC019,6,5,5,3612,0,0,0,NA,0,VC2,7TH ST,7TH ST 15171,0,NA,N,A,-,N,NA,NA,NA,NA,NA,NA,NA,NA,NA,Y,3,0,1,1,A,-,01,23152,B,M,E,J,A,A,H,-,C,D,0,NA,NA,NA,NA,Y,Y,D,22,0,1,0,0,0,0,0,0,0,-,-,NA,NA,SAN BERNARDINO,VICTORVILLE,-117.30099231,34.52731764
8465406,2017,2018-10-10,3600,2017-09-01,2319,C4462,VVSUP,5,5,5,3612,0,0,0,NA,0,VC5,RT 395,BEGONIA RD,0,NA,Y,A,-,Y,SBD,8,395,-,-,11.41,H,-,N,Y,1,1,0,2,A,-,09,21801,A,F,D,C,A,A,H,-,C,A,0,NA,NA,Y,NA,Y,NA,A,07,0,0,0,0,0,0,0,1,0,-,-,NA,NA,SAN BERNARDINO,VICTORVILLE,-117.39951066,34.51014668
8465417,2017,2018-09-28,3600,2017-09-28,2300,D2561,VC055,4,5,5,3612,0,0,0,NA,0,VC5,HOOK BL,AMARGOSA RD,0,NA,Y,A,-,N,NA,NA,NA,NA,NA,NA,NA,NA,NA,Y,1,1,2,3,A,-,00,21456,C,N,G,B,B,A,H,-,C,A,0,Y,NA,NA,NA,Y,NA,N,60,1,1,0,1,1,0,0,0,0,-,-,NA,NA,SAN BERNARDINO,VICTORVILLE,-117.33029005,34.52144003
84654327,2025,2025-04-18,3609,2025-02-01,1125,02055,NA,6,5,5,3609,0,0,0,NA,0,004,VALLEY BLVD,WILLOW AVE,0,NA,Y,A,-,N,NA,NA,NA,NA,NA,NA,NA,NA,NA,N,4,0,1,2,A,-,09,21801,A,N,D,C,A,A,H,-,A,A,0,NA,NA,NA,NA,Y,NA,A,07,0,0,1,0,0,0,0,0,0,-,-,NA,NA,SAN BERNARDINO,RIALTO,-117.37462615966795,34.07050704956055
8465569,2018,2019-02-04,3607,2018-02-14,0552,80310,249,3,5,6,3607,0,0,0,NA,0,071,PARCO AV,PHILADELPHIA ST,2,N,N,B,-,N,NA,NA,NA,NA,NA,NA,NA,NA,NA,Y,1,1,0,2,A,-,10,21950,A,N,G,B,B,A,H,-,C,A,0,Y,NA,NA,NA,Y,NA,D,22,0,0,0,1,0,0,0,0,0,-,-,NA,NA,SAN BERNARDINO,ONTARIO,-117.62412261962892,34.03399658203125
84655878,2025,2025-04-21,3602,2025-04-02,1613,4148,NA,3,5,5,3602,0,0,0,NA,0,001,RAMONA AVENUE (12900 BLOCK),RIVERSIDE DR,409,S,N,A,-,N,NA,NA,NA,NA,NA,NA,NA,NA,NA,N,4,0,1,2,A,-,09,21801,A,N,D,C,A,A,H,-,A,D,0,NA,NA,Y,NA,Y,NA,A,01,0,0,1,0,0,0,0,0,1,-,-,34.01771926879883,-117.70668029785156,SAN BERNARDINO,CHINO,-117.70674896240234,34.017818450927734
8465666,2018,2019-03-01,3604,2018-11-15,1712,497,NA,4,5,6,3604,0,0,0,NA,0,003,ARROW RT,JUNIPER AV,211,W,N,A,-,N,NA,NA,NA,NA,NA,NA,NA,NA,NA,N,1,1,0,2,A,-,11,21955,NA,N,G,B,D,A,H,-,C,A,0,Y,NA,NA,NA,Y,NA,N,60,0,0,0,1,0,0,0,0,0,-,-,34.55775833129883,-117.2627410888672,SAN BERNARDINO,FONTANA,-117.44082641601563,34.09932327270508
8465716,2018,2019-04-02,3604,2018-11-21,1725,744,NA,3,5,6,3604,0,0,0,NA,0,NA,OLIVE ST,RANDALL AV,140,S,N,A,-,N,NA,NA,NA,NA,NA,NA,NA,NA,NA,Y,1,1,0,2,A,-,01,23152,B,N,D,C,A,A,H,-,C,A,0,NA,NA,Y,NA,Y,Y,C,02,0,0,0,0,0,0,0,1,0,-,-,NA,NA,SAN BERNARDINO,FONTANA,-117.43789672851563,34.08446502685547
8465744,2018,2019-04-16,3607,2018-02-09,0636,80263,250,5,5,6,3607,0,0,0,NA,0,071,BAKER AV,PHILADELPHIA ST,420,N,N,A,-,N,NA,NA,NA,NA,NA,NA,NA,NA,NA,Y,1,1,1,1,C,-,18,NA,NA,N,E,I,A,A,H,-,B,D,0,NA,NA,NA,NA,Y,NA,-,-,1,0,0,0,0,0,0,0,0,-,-,NA,NA,SAN BERNARDINO,ONTARIO,-117.61538696289063,34.035179138183594
8465939,2019,2021-05-25,3608,2019-05-14,0239,3675,NA,2,5,5,3608,0,0,0,NA,0,NA,ORANGE ST,PIONEER ST,1056,N,N,A,-,N,NA,NA,NA,NA,NA,NA,NA,NA,NA,Y,1,1,0,2,A,-,17,22109,NA,N,D,B,E,A,H,-,D,D,0,Y,NA,NA,NA,Y,NA,N,60,0,0,0,1,0,0,0,0,0,-,-,NA,NA,SAN BERNARDINO,REDLANDS,-117.18238830566406,34.08373260498047
8466029,2019,2019-08-22,3604,2019-06-24,1817,473,NA,1,5,6,3604,0,0,0,NA,0,NA,SLOVER AV,COMMERCE WY,70,W,N,A,-,N,NA,NA,NA,NA,NA,NA,NA,NA,NA,Y,1,1,0,2,A,-,03,22350,NA,N,C,C,A,A,H,-,A,A,0,NA,NA,NA,Y,Y,NA,A,01,0,0,0,0,0,0,0,0,0,-,-,NA,NA,SAN BERNARDINO,FONTANA,-117.5133819580078,34.06273651123047
84660819,2025,2025-04-24,3611,2025-03-03,2058,3535,NA,1,5,5,3611,0,0,0,NA,0,004,CAMPUS AVE,9TH ST,0,NA,Y,A,-,N,NA,NA,NA,NA,NA,NA,NA,NA,NA,N,3,0,1,2,D,-,00,NA,NA,N,D,G,A,A,H,-,C,A,0,NA,Y,NA,NA,Y,NA,-,-,0,1,0,0,0,0,1,0,0,-,-,34.09632873535156,-117.64143371582033,SAN BERNARDINO,UPLAND,-117.64147186279295,34.09612274169922
84663427,2025,2025-04-25,3604,2025-03-18,916,680,NA,2,5,6,3604,0,0,0,NA,0,NA,SIERRA AVE,REED ST (S),20,N,-,A,-,N,NA,NA,NA,NA,NA,NA,NA,NA,NA,N,4,0,1,2,A,-,03,22350,NA,N,C,C,A,A,H,-,A,A,0,NA,NA,NA,NA,Y,NA,D,22,0,0,1,0,0,0,0,0,0,-,-,NA,NA,SAN BERNARDINO,FONTANA,-117.43582153320313,34.109474182128906
84663492,2025,2025-05-08,3611,2025-02-22,1116,3452,NA,6,5,5,3611,0,0,0,NA,0,002,FOOTHILL BLVD,BENSON AVE,0,NA,Y,A,-,N,NA,NA,NA,NA,NA,NA,NA,NA,NA,Y,2,0,3,4,A,-,12,21453,A,F,D,C,A,A,H,-,A,A,0,NA,NA,NA,NA,Y,NA,A,01,1,2,0,0,0,0,0,0,0,-,-,34.106929779052734,-117.68077087402344,SAN BERNARDINO,UPLAND,-117.68084716796876,34.10688781738281
84679688,2025,2025-05-08,3607,2025-04-18,1512,21883,NA,5,5,6,3607,0,0,0,NA,0,071,RIVERSIDE DR,DESERT FOREST AV,0,NA,Y,B,-,N,NA,NA,NA,NA,NA,NA,NA,NA,NA,N,3,0,1,2,A,-,09,21804,A,N,D,C,A,A,H,-,A,D,0,NA,NA,NA,NA,Y,NA,-,-,0,1,0,0,0,0,0,0,0,-,-,NA,NA,SAN BERNARDINO,ONTARIO,-117.58954620361328,34.019107818603516
84683031,2025,2025-05-12,3609,2025-04-15,816,02760,NA,2,5,5,3609,0,0,0,NA,0,003,BLOOMINGTON AVE,SAN BERNARDINO AVE,0,NA,Y,B,-,N,NA,NA,NA,NA,NA,NA,NA,NA,NA,Y,4,0,2,2,A,-,12,21453,A,N,D,D,A,A,H,-,A,A,0,NA,NA,NA,NA,Y,NA,D,22,0,0,2,0,0,0,0,0,0,-,-,34.07769012451172,-117.38775634765624,SAN BERNARDINO,RIALTO,-117.38793182373048,34.07768249511719
84691093,2025,2025-05-19,3609,2025-05-05,822,01642,NA,1,5,5,3609,0,0,0,NA,0,003,SAN BERNARDINO AVE,TEAKWOOD AVE,0,NA,Y,B,C,N,NA,NA,NA,NA,NA,NA,NA,NA,NA,Y,4,0,2,2,A,-,09,21802,A,N,D,C,A,B,H,-,A,A,0,NA,NA,NA,NA,Y,NA,A,07,0,0,2,0,0,0,0,0,0,-,-,NA,NA,SAN BERNARDINO,RIALTO,-117.3894271850586,34.07769012451172
84691576,2025,2025-05-19,3602,2025-04-22,442,4254,NA,2,5,5,3602,0,0,0,NA,0,NA,SCHAEFER AVE,EAST END AVE,0,NA,Y,A,-,N,NA,NA,NA,NA,NA,NA,NA,NA,NA,Y,4,0,1,1,A,-,03,22350,NA,N,E,I,A,A,H,-,C,D,0,NA,NA,NA,NA,Y,NA,A,01,0,0,1,0,0,0,0,0,0,-,-,34.004268646240234,-117.72411346435548,SAN BERNARDINO,CHINO,-117.72396087646484,34.00442123413086
8469419,2017,2017-12-16,3600,2017-10-28,1558,G3230,YV005,6,5,3,3631,0,0,0,NA,0,YV1,ONAGA TRL,DEER TRL,0,NA,Y,A,-,N,NA,NA,NA,NA,NA,NA,NA,NA,NA,N,3,0,1,2,A,-,09,21802,A,N,D,C,A,A,H,-,A,A,0,NA,NA,Y,NA,Y,Y,D,22,0,1,0,0,0,0,0,0,1,-,-,34.11209,-116.44549,SAN BERNARDINO,YUCCA VALLEY,-116.44547013,34.11206001
8469529,2018,2018-08-07,3600,2018-01-15,1948,D3381,VC026,1,5,5,3612,0,0,0,NA,0,VC2,PALMDALE RD,MARIPOSA RD,0,NA,Y,A,-,Y,SBD,8,15,-,-,40.683,R,4,N,Y,3,0,1,2,A,-,01,23152,F,N,D,C,A,A,H,-,C,A,0,NA,NA,NA,NA,Y,NA,A,01,0,1,0,0,0,0,0,0,0,-,-,NA,NA,SAN BERNARDINO,VICTORVILLE,-117.32207489013672,34.51029586791992
8469540,2017,2018-06-13,3610,2017-12-24,2223,51029,NA,7,5,6,3610,0,0,0,NA,0,POLIC,E 36TH ST,NORTH WATERMAN AV,6,W,N,A,-,N,NA,NA,NA,NA,NA,NA,NA,NA,NA,N,4,0,1,2,A,-,03,22350,NA,N,B,C,A,A,H,-,C,A,0,NA,NA,NA,NA,Y,NA,A,01,0,0,1,0,0,0,0,0,0,-,-,34.15663,-117.27868,SAN BERNARDINO,SAN BERNARDINO,-117.27868977,34.15663
84700774,2025,2025-05-27,3602,2025-05-06,1837,3051,NA,2,5,5,3602,0,0,0,NA,0,002,CYPRESS AVENUE,GERMANTOWN ROAD,0,NA,Y,A,-,N,NA,NA,NA,NA,NA,NA,NA,NA,NA,Y,3,0,1,2,A,-,04,21703,NA,N,C,C,A,A,H,-,A,D,0,NA,NA,NA,NA,Y,NA,A,07,0,1,0,0,0,0,0,0,0,-,-,34.01359176635742,-117.6631317138672,SAN BERNARDINO,CHINO,-117.6631088256836,34.0135383605957
8470474,2017,2017-10-23,3608,2017-10-03,1645,4707,NA,2,5,5,3608,0,0,0,NA,0,NA,TEXAS ST,PENNSYLVANIA AV,567,S,N,A,-,N,NA,NA,NA,NA,NA,NA,NA,NA,NA,N,3,0,1,2,A,-,11,21954,A,N,G,B,D,A,H,-,A,D,0,Y,NA,NA,NA,Y,NA,N,60,0,1,0,0,1,0,0,0,0,-,-,NA,NA,SAN BERNARDINO,REDLANDS,-117.19117,34.07214687
84706190,2025,2025-05-30,3604,2025-04-17,1312,1396,NA,4,5,6,3604,0,0,0,NA,0,002,BASELINE AVE,AMERICANA WAY,140,E,-,C,-,N,NA,NA,NA,NA,NA,NA,NA,NA,NA,Y,3,0,1,4,A,-,03,22350,NA,N,C,C,A,B,H,-,A,A,0,NA,NA,NA,NA,Y,NA,A,01,0,1,0,0,0,0,0,0,0,-,-,NA,NA,SAN BERNARDINO,FONTANA,-117.51017761230467,34.1213493347168
84706226,2025,2025-05-30,3604,2025-04-23,1757,680,NA,3,5,6,3604,0,0,0,NA,0,NA,MANGO AVE,ARROW BLVD,80,N,-,A,-,N,NA,NA,NA,NA,NA,NA,NA,NA,NA,N,4,0,1,3,A,-,03,22350,NA,N,C,C,A,A,H,-,A,D,0,NA,NA,NA,NA,Y,NA,A,07,0,0,1,0,0,0,0,0,0,-,-,NA,NA,SAN BERNARDINO,FONTANA,-117.43141174316406,34.09946823120117
84706253,2025,2025-05-30,3604,2025-04-28,2033,1312,NA,1,5,6,3604,0,0,0,NA,0,002,JUNIPER AVE,BARBEE ST (N),50,S,-,A,-,N,NA,NA,NA,NA,NA,NA,NA,NA,NA,N,4,0,1,2,A,-,08,22107,NA,N,B,G,A,A,H,-,C,A,0,NA,Y,NA,NA,Y,NA,L,04,0,0,1,0,0,0,1,0,0,-,-,NA,NA,SAN BERNARDINO,FONTANA,-117.44019317626952,34.10872268676758
84706270,2025,2025-05-30,3604,2025-05-02,1713,1396,NA,5,5,6,3604,0,0,0,NA,0,002,MANGO AVE,MILLER AVE,0,N,-,A,-,N,NA,NA,NA,NA,NA,NA,NA,NA,NA,Y,3,0,2,2,A,-,12,22450,A,N,D,C,A,A,H,-,A,A,0,NA,NA,NA,NA,Y,NA,-,-,0,1,1,0,0,0,0,0,0,-,-,NA,NA,SAN BERNARDINO,FONTANA,-117.43148040771484,34.11393356323242
84707846,2025,2025-06-02,3604,2025-05-13,1645,989,NA,2,5,6,3604,0,0,0,NA,0,NA,ARROW BLVD,TOKAY AVE,0,N,-,A,-,N,NA,NA,NA,NA,NA,NA,NA,NA,NA,Y,4,0,1,2,A,-,12,21453,A,N,D,C,A,A,H,-,A,A,0,NA,NA,NA,NA,Y,NA,-,-,0,0,1,0,0,0,0,0,0,-,-,NA,NA,SAN BERNARDINO,FONTANA,-117.45588684082033,34.09928894042969
84708035,2025,2025-06-02,3611,2025-04-05,1553,3628,NA,6,5,5,3611,0,0,0,NA,0,002,ARROW HWY,MOUNTAIN AVE,0,NA,Y,A,-,N,NA,NA,NA,NA,NA,NA,NA,NA,NA,Y,3,0,5,2,A,-,09,21801,A,N,D,C,A,A,H,-,A,A,0,NA,NA,NA,NA,Y,NA,A,01,0,5,0,0,0,0,0,0,0,-,-,34.099700927734375,-117.67015075683594,SAN BERNARDINO,UPLAND,-117.67024993896484,34.099666595458984
8471140,2017,2017-10-26,3600,2017-10-04,1450,E4794,HE313,3,5,5,3619,0,0,0,NA,0,0HE,7TH AV,SULTANA ST,0,NA,Y,A,-,N,NA,NA,NA,NA,NA,NA,NA,NA,NA,Y,3,0,3,2,A,-,09,21802,A,N,D,C,A,A,H,-,A,A,0,NA,NA,NA,NA,Y,NA,D,22,0,1,2,0,0,0,0,0,0,-,-,NA,NA,SAN BERNARDINO,HESPERIA,-117.31718013,34.41649011
8471708,2017,2017-10-23,3600,2017-08-28,1751,D6032,HI009,1,5,4,3618,0,0,0,NA,0,HI2,VICTORIA AV,BASELINE ST,0,NA,Y,A,-,N,NA,NA,NA,NA,NA,NA,NA,NA,NA,Y,4,0,1,2,A,-,12,21453,A,F,D,C,A,A,H,-,A,A,0,NA,NA,NA,NA,Y,NA,-,NA,0,0,1,0,0,0,0,0,0,-,-,NA,NA,SAN BERNARDINO,HIGHLAND,-117.2262105,34.121277
84719246,2025,2025-06-10,3607,2025-05-22,1920,21564,NA,4,5,6,3607,0,0,0,NA,0,MILL,ONTARIO MILLS DR,FRANKLIN AVE,415,W,N,A,-,N,NA,NA,NA,NA,NA,NA,NA,NA,NA,N,3,0,1,2,A,-,11,21954,A,N,G,B,D,B,H,-,B,D,0,Y,NA,NA,NA,Y,NA,N,60,0,1,0,0,1,0,0,0,0,-,-,NA,NA,SAN BERNARDINO,ONTARIO,-117.55388641357422,34.07004928588867
84724347,2025,2025-06-13,3609,2025-05-25,1518,02803,NA,7,5,5,3609,0,0,0,NA,0,004,RIVERSIDE AVE,VALLEY BLVD,318,N,N,A,-,N,NA,NA,NA,NA,NA,NA,NA,NA,NA,N,4,0,1,2,A,-,03,22350,NA,F,C,C,A,A,H,-,A,A,0,NA,NA,NA,NA,Y,NA,A,01,0,0,1,0,0,0,0,0,0,-,-,NA,NA,SAN BERNARDINO,RIALTO,-117.37037658691406,34.071380615234375
84725397,2025,2025-06-16,3604,2025-06-06,1506,1396,NA,5,5,6,3604,0,0,0,NA,0,002,FOOTHILL BLVD,LAUREL AVE,170,E,-,A,-,Y,NA,NA,NA,NA,NA,NA,NA,NA,NA,Y,4,0,3,3,A,-,03,22350,NA,N,C,C,A,A,H,-,A,A,0,NA,NA,NA,NA,Y,NA,A,01,0,0,3,0,0,0,0,0,0,-,-,NA,NA,SAN BERNARDINO,FONTANA,-117.41343688964844,34.1067008972168
84726040,2025,2025-06-16,3609,2025-05-30,832,01932,NA,5,5,5,3609,0,0,0,NA,0,002,BASELINE RD,WILLOW AVE,454,E,N,A,-,N,NA,NA,NA,NA,NA,NA,NA,NA,NA,N,4,0,2,2,A,-,09,21804,A,N,D,C,A,A,H,-,A,D,0,NA,NA,NA,NA,Y,NA,A,01,0,0,2,0,0,0,0,0,0,-,-,34.12141036987305,-117.37478637695313,SAN BERNARDINO,RIALTO,-121.93324279785156,36.98717498779297
8473050,2017,2017-11-07,3604,2017-01-30,1452,1043,NA,1,5,6,3604,0,0,0,NA,0,NA,MERRILL AV,SIERRA AV,76,E,N,A,-,N,NA,NA,NA,NA,NA,NA,NA,NA,NA,Y,3,0,4,4,A,-,03,22350,NA,N,C,C,A,A,H,-,A,A,0,NA,NA,NA,NA,Y,NA,D,22,0,1,3,0,0,0,0,0,0,-,-,NA,NA,SAN BERNARDINO,FONTANA,-117.4354697,34.09213
84731225,2025,2025-06-19,3604,2025-06-17,706,680,NA,2,5,6,3604,0,0,0,NA,0,NA,CHERRY AVE,JURUPA AVE,63,S,-,A,-,N,NA,NA,NA,NA,NA,NA,NA,NA,NA,N,4,0,1,2,A,-,08,22107,NA,N,B,C,A,A,H,-,A,A,0,NA,NA,NA,NA,Y,NA,A,01,0,0,1,0,0,0,0,0,0,-,-,NA,NA,SAN BERNARDINO,FONTANA,-117.48909759521484,34.04783630371094