CASE_ID,ACCIDENT_YEAR,PROC_DATE,JURIS,COLLISION_DATE,COLLISION_TIME,OFFICER_ID,REPORTING_DISTRICT,DAY_OF_WEEK,CHP_SHIFT,POPULATION,CNTY_CITY_LOC,SPECIAL_COND,BEAT_TYPE,CHP_BEAT_TYPE,CITY_DIVISION_LAPD,CHP_BEAT_CLASS,BEAT_NUMBER,PRIMARY_RD,SECONDARY_RD,DISTANCE,DIRECTION,INTERSECTION,WEATHER_1,WEATHER_2,STATE_HWY_IND,CALTRANS_COUNTY,CALTRANS_DISTRICT,STATE_ROUTE,ROUTE_SUFFIX,POSTMILE_PREFIX,POSTMILE,LOCATION_TYPE,RAMP_INTERSECTION,SIDE_OF_HWY,TOW_AWAY,COLLISION_SEVERITY,NUMBER_KILLED,NUMBER_INJURED,PARTY_COUNT,PRIMARY_COLL_FACTOR,PCF_CODE_OF_VIOL,PCF_VIOL_CATEGORY,PCF_VIOLATION,PCF_VIOL_SUBSECTION,HIT_AND_RUN,TYPE_OF_COLLISION,MVIW,PED_ACTION,ROAD_SURFACE,ROAD_COND_1,ROAD_COND_2,LIGHTING,CONTROL_DEVICE,CHP_ROAD_TYPE,PEDESTRIAN_ACCIDENT,BICYCLE_ACCIDENT,MOTORCYCLE_ACCIDENT,TRUCK_ACCIDENT,NOT_PRIVATE_PROPERTY,ALCOHOL_INVOLVED,STWD_VEHTYPE_AT_FAULT,CHP_VEHTYPE_AT_FAULT,COUNT_SEVERE_INJ,COUNT_VISIBLE_INJ,COUNT_COMPLAINT_PAIN,COUNT_PED_KILLED,COUNT_PED_INJURED,COUNT_BICYCLIST_KILLED,COUNT_BICYCLIST_INJURED,COUNT_MC_KILLED,COUNT_MC_INJURED,PRIMARY_RAMP,SECONDARY_RAMP,LATITUDE,LONGITUDE,COUNTY,CITY,POINT_X,POINT_Y
8999325,2018,2019-12-07,3607,2018-07-30,1322,19952,149,1,5,6,3607,0,0,0,NA,0,012,HOLT BL,VINE AV,100,E,N,A,-,N,NA,NA,NA,NA,NA,NA,NA,NA,NA,Y,4,0,1,2,A,-,08,22107,NA,N,C,E,A,A,H,-,A,D,0,NA,NA,NA,NA,Y,NA,A,01,0,0,1,0,0,0,0,0,0,-,-,NA,NA,SAN BERNARDINO,ONTARIO,-117.6555633544922,34.063350677490234
8999347,2018,2019-12-07,3607,2018-07-02,1227,20052,81,1,5,6,3607,0,0,0,NA,0,MILLS,ONTARIO MILLS PKWY,MILLIKEN AV,375,E,N,A,-,N,NA,NA,NA,NA,NA,NA,NA,NA,NA,Y,4,0,2,2,A,-,09,21801,A,N,D,C,A,A,H,-,A,D,0,NA,NA,NA,NA,Y,NA,A,01,0,0,2,0,0,0,0,0,0,-,-,NA,NA,SAN BERNARDINO,ONTARIO,-117.55711364746094,34.06896209716797
8999350,2018,2019-12-07,3607,2018-07-20,1123,80366,171,5,5,6,3607,0,0,0,NA,0,042,AIRPORT DR,MILLIKEN AV,500,E,N,A,-,N,NA,NA,NA,NA,NA,NA,NA,NA,NA,Y,4,0,1,2,A,-,09,21804,A,N,D,C,A,A,H,-,A,D,0,NA,NA,NA,NA,Y,NA,A,07,0,0,1,0,0,0,0,0,0,-,-,NA,NA,SAN BERNARDINO,ONTARIO,-117.55950164794922,34.06264877319336
8999402,2018,2019-12-07,3607,2018-08-13,2350,20072,410,1,5,6,3607,0,0,0,NA,0,062,RIVERSIDE DR,BON VIEW AV,0,NA,Y,A,-,N,NA,NA,NA,NA,NA,NA,NA,NA,NA,Y,4,0,1,2,A,-,09,21802,A,N,D,C,A,A,H,-,C,A,0,NA,NA,NA,NA,Y,NA,A,01,0,0,1,0,0,0,0,0,0,-,-,NA,NA,SAN BERNARDINO,ONTARIO,-117.63700103759766,34.01942825317383
8999403,2018,2019-12-07,3607,2018-12-02,2059,15043,329,7,5,6,3607,0,0,0,NA,0,041,4TH ST,DUESENBERG DR,0,NA,Y,A,-,N,NA,NA,NA,NA,NA,NA,NA,NA,NA,Y,4,0,1,2,A,-,12,21453,A,N,D,C,A,A,H,-,C,A,0,NA,NA,NA,NA,Y,NA,A,01,0,0,1,0,0,0,0,0,0,-,-,NA,NA,SAN BERNARDINO,ONTARIO,-117.57142639160156,34.077239990234375
8999409,2018,2019-12-07,3607,2018-08-10,2213,80515,306,5,5,6,3607,0,0,0,NA,0,MILL,4TH ST,FRANKLIN AV,186,W,N,A,-,N,NA,NA,NA,NA,NA,NA,NA,NA,NA,Y,4,0,2,3,A,-,01,23153,A,F,C,C,A,A,H,-,C,A,0,NA,NA,NA,NA,Y,Y,A,01,0,0,2,0,0,0,0,0,0,-,-,NA,NA,SAN BERNARDINO,ONTARIO,-117.55086517333984,34.0771598815918
8999414,2018,2019-12-07,3607,2018-08-17,1304,80388,53,5,5,6,3607,0,0,0,NA,0,011,BENSON AV,J ST,115,N,N,A,-,N,NA,NA,NA,NA,NA,NA,NA,NA,NA,N,2,0,1,3,A,-,11,21954,A,N,G,B,E,A,H,-,A,D,0,Y,NA,NA,NA,Y,NA,N,60,1,0,0,0,1,0,0,0,0,-,-,NA,NA,SAN BERNARDINO,ONTARIO,-117.68082427978516,34.07628631591797
8999424,2018,2019-12-07,3607,2018-12-10,1748,20108,248,1,5,6,3607,0,0,0,NA,0,071,GROVE AV,RT 60,506,S,N,A,-,N,NA,NA,NA,NA,NA,NA,NA,NA,NA,N,4,0,1,2,A,-,09,21801,A,N,D,C,A,A,H,-,C,D,0,NA,NA,NA,NA,Y,NA,A,01,0,0,1,0,0,0,0,0,0,-,WO,NA,NA,SAN BERNARDINO,ONTARIO,-117.62843322753906,34.029212951660156
8999472,2018,2019-12-11,3607,2018-05-11,1212,80313,330,5,5,6,3607,0,0,0,NA,0,041,CONCOURS ST,ONTARIO CENTER PW,15,E,N,B,-,N,NA,NA,NA,NA,NA,NA,NA,NA,NA,N,4,0,1,2,A,-,03,22350,NA,N,C,C,A,A,H,-,A,A,0,NA,NA,NA,NA,Y,NA,A,07,0,0,1,0,0,0,0,0,0,-,-,NA,NA,SAN BERNARDINO,ONTARIO,-117.56916809082033,34.07183837890625
8999500,2018,2019-12-07,3607,2018-04-04,0734,14780,196,3,5,6,3607,0,0,0,NA,0,052,SAN ANTONIO AV,ELM ST,10,N,N,A,B,N,NA,NA,NA,NA,NA,NA,NA,NA,NA,N,4,0,1,2,A,-,09,21802,NA,N,B,C,A,A,H,-,A,D,0,NA,NA,NA,NA,Y,NA,A,01,0,0,1,0,0,0,0,0,0,-,-,NA,NA,SAN BERNARDINO,ONTARIO,-117.65909576416016,34.046478271484375
8999610,2018,2019-12-11,3607,2018-08-24,1112,80313,257,5,5,6,3607,0,0,0,NA,0,071,PARCO AV,SAINT ANDREWS ST,0,NA,Y,A,-,N,NA,NA,NA,NA,NA,NA,NA,NA,NA,N,4,0,1,2,A,-,10,21954,B,N,G,B,E,A,D,-,A,A,0,Y,NA,NA,NA,Y,NA,A,07,0,0,1,0,1,0,0,0,0,-,-,NA,NA,SAN BERNARDINO,ONTARIO,-117.62403106689452,34.02347183227539
8999617,2018,2019-12-11,3607,2018-08-28,1502,80522,480,2,5,6,3607,0,0,0,NA,0,072,RIVERSIDE DR,HAVEN AV,500,W,N,A,-,N,NA,NA,NA,NA,NA,NA,NA,NA,NA,Y,4,0,2,3,A,-,03,22350,NA,N,C,C,A,A,H,-,A,A,0,NA,NA,NA,NA,Y,NA,A,01,0,0,2,0,0,0,0,0,0,-,-,NA,NA,SAN BERNARDINO,ONTARIO,-117.57746887207033,34.01905822753906
8999620,2018,2019-12-11,3607,2018-10-11,1723,80510,215,4,5,6,3607,0,0,0,NA,0,042,FRANCIS ST,HAVEN AV,100,W,N,A,-,N,NA,NA,NA,NA,NA,NA,NA,NA,NA,N,4,0,1,2,A,-,03,22350,NA,N,C,C,A,A,H,-,A,A,0,NA,NA,NA,NA,Y,NA,A,01,0,0,1,0,0,0,0,0,0,-,-,NA,NA,SAN BERNARDINO,ONTARIO,-117.57630920410156,34.04247283935547
8999627,2018,2019-12-10,3607,2018-10-06,2218,80547,NA,6,5,6,3607,0,0,0,NA,0,NA,6TH ST,CORONA AV,20,E,N,A,-,N,NA,NA,NA,NA,NA,NA,NA,NA,NA,N,4,0,1,2,A,-,12,22450,A,N,H,G,A,A,H,-,D,D,0,NA,Y,NA,NA,Y,NA,L,04,0,0,1,0,0,0,1,0,0,-,-,NA,NA,SAN BERNARDINO,ONTARIO,-117.61590576171876,34.08489990234375
8999682,2018,2019-12-10,3607,2018-01-31,0808,80248,90,3,5,6,3607,0,0,0,NA,0,021,CAMPUS AV,EL MORADO CT,0,NA,Y,A,-,N,NA,NA,NA,NA,NA,NA,NA,NA,NA,N,4,0,1,2,A,-,09,21802,A,N,D,C,A,A,H,-,A,A,0,NA,NA,NA,NA,Y,NA,A,07,0,0,1,0,0,0,0,0,0,-,-,NA,NA,SAN BERNARDINO,ONTARIO,-117.641357421875,34.07155990600586
8999695,2018,2019-12-10,3607,2018-03-10,0842,80171,146,6,5,6,3607,0,0,0,NA,0,041,SHEA CENTER DR,AIRPORT DR,1056,N,N,C,-,N,NA,NA,NA,NA,NA,NA,NA,NA,NA,Y,4,0,1,1,A,-,03,22350,NA,N,E,I,A,B,H,-,A,A,0,NA,NA,NA,NA,Y,NA,A,01,0,0,1,0,0,0,0,0,0,-,-,NA,NA,SAN BERNARDINO,ONTARIO,-117.54094696044922,34.065494537353516
8999708,2018,2019-12-11,3607,2018-03-05,0538,15194,480,1,5,6,3607,0,0,0,NA,0,072,RIVERSIDE DR,HAVEN AV,0,NA,Y,A,-,N,NA,NA,NA,NA,NA,NA,NA,NA,NA,Y,4,0,2,2,A,-,12,21453,A,N,A,C,A,A,H,-,C,A,0,NA,NA,NA,NA,Y,NA,-,-,0,0,2,0,0,0,0,0,0,-,-,NA,NA,SAN BERNARDINO,ONTARIO,-117.57582092285156,34.01905822753906
8999739,2018,2019-12-12,3607,2018-09-28,1216,80558,311,5,5,6,3607,0,0,0,NA,0,MILL,ONTARIO MILLS PW,FRANKLIN AV,750,W,N,A,E,N,NA,NA,NA,NA,NA,NA,NA,NA,NA,N,3,0,1,2,A,-,03,22350,NA,F,C,C,A,A,H,-,A,A,0,NA,NA,Y,NA,Y,NA,-,99,0,1,0,0,0,0,0,0,1,-,-,NA,NA,SAN BERNARDINO,ONTARIO,-117.5549545288086,34.06998062133789
8999745,2018,2019-12-11,3607,2018-05-21,0612,80317,320,1,5,6,3607,0,0,0,NA,0,071,MISSION BL,BAKER AV,0,NA,Y,A,-,N,NA,NA,NA,NA,NA,NA,NA,NA,NA,Y,4,0,1,2,A,-,03,22350,NA,N,C,C,A,A,H,-,A,A,0,NA,NA,NA,NA,Y,NA,A,01,0,0,1,0,0,0,0,0,0,-,-,NA,NA,SAN BERNARDINO,ONTARIO,-117.61531066894533,34.05147171020508
8999755,2018,2019-12-16,3607,2018-09-29,0221,20041,258,6,5,6,3607,0,0,0,NA,0,071,VINEYARD AV,BANYAN ST,140,N,N,A,-,N,NA,NA,NA,NA,NA,NA,NA,NA,NA,Y,3,0,1,2,A,-,03,22350,NA,N,C,C,A,A,H,-,C,D,0,NA,NA,Y,NA,Y,NA,C,02,0,1,0,0,0,0,0,0,1,-,-,NA,NA,SAN BERNARDINO,ONTARIO,-117.61100006103516,34.028663635253906
8999785,2018,2019-12-11,3607,2018-05-13,1949,80550,165,7,5,6,3607,0,0,0,NA,0,061,MISSION BL,GROVE AV,0,NA,Y,A,-,N,NA,NA,NA,NA,NA,NA,NA,NA,NA,Y,4,0,1,2,A,-,12,21453,A,N,D,C,A,A,H,-,A,A,0,NA,NA,NA,NA,Y,NA,A,01,0,0,1,0,0,0,0,0,0,-,-,NA,NA,SAN BERNARDINO,ONTARIO,-117.6287078857422,34.05500030517578
8999807,2018,2019-12-12,3607,2018-09-20,0652,80550,331,4,5,6,3607,0,0,0,NA,0,MILL,4TH ST,VIA TURIN,0,NA,Y,A,-,N,NA,NA,NA,NA,NA,NA,NA,NA,NA,Y,4,0,1,2,A,-,12,21453,A,F,D,C,A,A,H,-,A,A,0,NA,NA,NA,NA,Y,NA,A,01,0,0,1,0,0,0,0,0,0,-,-,NA,NA,SAN BERNARDINO,ONTARIO,NA,NA
8999851,2018,2019-12-10,3607,2018-01-08,1103,80248,22,1,5,6,3607,0,0,0,NA,0,011,5TH ST,MOUNTAIN AV,200,W,N,C,-,N,NA,NA,NA,NA,NA,NA,NA,NA,NA,N,3,0,2,3,A,-,03,22350,NA,M,C,C,A,B,H,-,A,D,0,NA,NA,NA,NA,Y,NA,A,01,0,1,1,0,0,0,0,0,0,-,-,NA,NA,SAN BERNARDINO,ONTARIO,-117.67079925537108,34.081478118896484
8999855,2018,2019-12-11,3607,2018-01-08,1906,80457,235,1,5,6,3607,0,0,0,NA,0,062,PHILADELPHIA ST,CAMPUS AV,0,NA,Y,C,-,N,NA,NA,NA,NA,NA,NA,NA,NA,NA,Y,4,0,1,2,A,-,01,23152,A,N,C,C,A,B,H,-,C,A,0,NA,NA,NA,NA,Y,Y,A,01,0,0,1,0,0,0,0,0,0,-,-,NA,NA,SAN BERNARDINO,ONTARIO,-117.64153289794922,34.033878326416016
8999888,2018,2019-12-11,3607,2018-02-11,1536,80502,149,7,5,6,3607,0,0,0,NA,0,012,HOLT BL,VINE AV,0,NA,Y,A,-,N,NA,NA,NA,NA,NA,NA,NA,NA,NA,Y,3,0,2,2,A,-,12,21453,A,N,D,C,A,A,H,-,A,A,0,NA,NA,NA,NA,Y,NA,-,-,0,1,1,0,0,0,0,0,0,-,-,NA,NA,SAN BERNARDINO,ONTARIO,-117.65589141845705,34.063350677490234
8999902,2018,2019-12-10,3607,2018-11-10,1816,80418,222,6,5,6,3607,0,0,0,NA,0,052,MOUNTAIN AV,FRANCIS ST,400,S,N,A,-,N,NA,NA,NA,NA,NA,NA,NA,NA,NA,N,4,0,3,2,A,-,09,21804,A,N,D,C,A,A,H,-,C,A,0,NA,NA,NA,NA,Y,NA,A,01,0,0,3,0,0,0,0,0,0,-,-,NA,NA,SAN BERNARDINO,ONTARIO,-117.66990661621094,34.03986358642578
8999903,2018,2019-12-11,3607,2018-02-03,1946,80537,274,6,5,6,3607,0,0,0,NA,0,071,RIVERSIDE DR,VINEYARD AV,300,E,N,A,-,N,NA,NA,NA,NA,NA,NA,NA,NA,NA,Y,4,0,1,2,A,-,09,21804,A,M,D,C,A,A,H,-,C,A,0,NA,NA,NA,NA,Y,NA,A,01,0,0,1,0,0,0,0,0,0,-,-,NA,NA,SAN BERNARDINO,ONTARIO,-117.6099090576172,34.019588470458984
8999927,2018,2019-12-10,3607,2018-02-27,1504,80313,129,2,5,6,3607,0,0,0,NA,0,022,ALLYN AV,HOLT BL,25,N,N,B,-,N,NA,NA,NA,NA,NA,NA,NA,NA,NA,N,4,0,2,2,A,-,03,22350,NA,M,C,C,A,A,H,-,A,A,0,NA,NA,NA,NA,Y,NA,A,01,0,0,2,0,0,0,0,0,0,-,-,NA,NA,SAN BERNARDINO,ONTARIO,-117.63720703125,34.06344985961914
8999948,2018,2019-12-16,3607,2018-02-22,2226,80266,347,4,5,6,3607,0,0,0,NA,0,AIRP,HAVEN AV,AIRPORT DR,0,NA,Y,B,-,N,NA,NA,NA,NA,NA,NA,NA,NA,NA,Y,4,0,2,2,A,-,12,21453,A,N,D,C,A,A,H,-,C,A,0,NA,NA,NA,NA,Y,NA,A,01,0,0,2,0,0,0,0,0,0,-,-,NA,NA,SAN BERNARDINO,ONTARIO,-117.57591247558594,34.06153869628906
8999956,2018,2019-12-10,3607,2018-02-19,0655,80248,950,1,5,6,3607,0,0,0,NA,0,042,ETIWANDA AV,JURUPA ST,300,N,N,A,-,N,NA,NA,NA,NA,NA,NA,NA,NA,NA,Y,4,0,1,2,A,-,03,22350,NA,N,C,C,A,B,H,-,A,A,0,NA,NA,NA,NA,Y,NA,A,01,0,0,1,0,0,0,0,0,0,-,-,NA,NA,SAN BERNARDINO,ONTARIO,-117.52426910400392,34.04762268066406
8999959,2018,2019-12-11,3607,2018-02-18,1153,80216,128,7,5,6,3607,0,0,0,NA,0,022,HOLT BL,CAMPUS AV,0,NA,Y,A,-,N,NA,NA,NA,NA,NA,NA,NA,NA,NA,Y,4,0,1,2,A,-,12,21453,A,N,D,C,A,A,H,-,A,A,0,NA,NA,NA,NA,Y,NA,-,-,0,0,1,0,0,0,0,0,0,-,-,NA,NA,SAN BERNARDINO,ONTARIO,-117.6413116455078,34.06338119506836
8999984,2018,2019-12-11,3607,2018-03-19,0713,80483,45,1,5,6,3607,0,0,0,NA,0,021,CAMPUS AV,5TH ST,0,NA,Y,A,-,N,NA,NA,NA,NA,NA,NA,NA,NA,NA,Y,4,0,2,2,A,-,12,22450,A,N,D,C,A,A,H,-,A,A,0,NA,NA,NA,NA,Y,NA,A,01,0,0,2,0,0,0,0,0,0,-,-,NA,NA,SAN BERNARDINO,ONTARIO,-117.6414031982422,34.08156967163086
8910900,2020,2022-06-13,3600,2020-03-09,0305,F7786,YC406,1,5,6,3616,0,0,0,NA,0,YC3,YUCAIPA BL,16TH ST,50,W,N,A,-,N,NA,NA,NA,NA,NA,NA,NA,NA,NA,Y,1,1,0,1,A,-,03,22350,NA,N,E,I,A,A,H,-,C,D,0,NA,NA,NA,NA,Y,Y,A,01,0,0,0,0,0,0,0,0,0,-,-,NA,NA,SAN BERNARDINO,RANCHO CUCAMONGA,-117.10320281982422,34.032901763916016
8910845,2020,2020-03-18,3605,2020-02-08,2233,382,NA,6,5,4,3605,0,0,0,NA,0,NA,HOWARD ST,RAMONA AV,0,NA,Y,A,-,N,NA,NA,NA,NA,NA,NA,NA,NA,NA,Y,1,3,1,2,A,-,01,23152,A,N,D,C,A,A,H,-,C,A,0,NA,NA,NA,NA,Y,Y,A,07,1,0,0,0,0,0,0,0,0,-,-,NA,NA,SAN BERNARDINO,MONTCLAIR,-117.70684051513672,34.05215835571289
8962965,2019,2019-10-29,3610,2019-09-08,0636,50252,NA,7,5,6,3610,0,0,0,NA,0,CHARLI,E PUMALO ST,DEL ROSA AV,372,W,N,A,-,N,NA,NA,NA,NA,NA,NA,NA,NA,NA,Y,3,0,2,3,A,-,09,21804,A,N,A,C,A,A,H,-,A,D,0,NA,NA,NA,NA,Y,NA,A,01,0,2,0,0,0,0,0,0,0,-,-,34.13813018798828,-117.25367736816406,SAN BERNARDINO,SAN BERNARDINO,-117.2536392211914,34.1385612487793
8959888,2019,2019-11-06,3609,2019-08-10,1330,9826,RI136,6,5,5,3609,0,0,0,NA,0,003,CACTUS AV,3RD ST,0,NA,Y,A,-,N,NA,NA,NA,NA,NA,NA,NA,NA,NA,Y,4,0,1,3,A,-,01,23152,NA,N,C,I,A,A,H,-,A,A,0,NA,NA,NA,NA,Y,Y,A,01,0,0,1,0,0,0,0,0,0,-,-,34.1043586730957,-117.3832778930664,SAN BERNARDINO,RIALTO,-117.38347625732422,34.10419845581055
8952730,2019,2019-10-21,3600,2019-09-21,1510,F7804,YC2,6,5,4,3640,0,0,0,NA,0,YC2,2ND ST,WILDWOOD CANYON RD,482,N,N,A,-,N,NA,NA,NA,NA,NA,NA,NA,NA,NA,Y,4,0,2,2,A,-,09,21801,A,N,D,C,A,A,H,-,A,D,0,NA,NA,NA,NA,Y,NA,A,01,0,0,2,0,0,0,0,0,0,-,-,NA,NA,SAN BERNARDINO,YUCAIPA,-117.04320526123048,34.017059326171875
8951280,2019,2019-10-09,3600,2019-08-31,2047,F5111,HE118,6,5,5,3619,0,0,0,NA,0,HE3,MARIPOSA RD,LIVE OAK ST,29,N,N,A,-,N,NA,NA,NA,NA,NA,NA,NA,NA,NA,Y,3,0,1,1,A,-,05,21650,A,N,E,-,A,A,H,-,D,D,0,NA,NA,NA,NA,Y,NA,A,07,0,1,0,0,0,0,0,0,0,-,-,NA,NA,SAN BERNARDINO,HESPERIA,-117.37401580810548,34.434207916259766
8949592,2019,2019-10-02,3600,2019-09-05,1613,F6295,HI009,4,5,4,3618,0,0,0,NA,0,HI1,BASELINE ST,LYNWOOD WY,0,NA,Y,A,-,N,NA,NA,NA,NA,NA,NA,NA,NA,NA,Y,3,0,1,1,A,-,03,22350,NA,N,E,I,A,A,H,-,A,D,0,NA,NA,NA,NA,Y,NA,-,NA,0,1,0,0,0,0,0,0,0,-,-,NA,NA,SAN BERNARDINO,HIGHLAND,-117.22853,34.12128
8946802,2019,2019-10-03,3604,2019-08-30,1157,1047,NA,5,5,6,3604,0,0,0,NA,0,NA,DAY CANYON DR,WEST LIBERTY PKWY,36,W,N,A,-,N,NA,NA,NA,NA,NA,NA,NA,NA,NA,Y,4,0,1,1,A,-,03,22350,NA,N,E,C,A,A,H,-,A,A,0,NA,NA,NA,NA,Y,NA,A,01,0,0,1,0,0,0,0,0,0,-,-,NA,NA,SAN BERNARDINO,FONTANA,-117.51084136962892,34.11750793457031
8942749,2019,2019-10-01,3604,2019-08-31,2139,1228,NA,6,5,6,3604,0,0,0,NA,0,NA,SIERRA LAKES PKWY,CITRUS AV,0,NA,Y,A,-,N,NA,NA,NA,NA,NA,NA,NA,NA,NA,Y,4,0,1,2,A,-,09,21453,C,N,D,C,A,A,H,-,C,A,0,NA,NA,NA,NA,Y,NA,A,07,0,0,1,0,0,0,0,0,0,-,-,NA,NA,SAN BERNARDINO,FONTANA,-117.45362091064452,34.13917922973633
8963443,2019,2019-10-30,3603,2019-09-21,0810,4861,NA,6,5,4,3603,0,0,0,NA,0,002,MT VERNON AV,E FAIRWAY DR,0,NA,Y,A,-,N,NA,NA,NA,NA,NA,NA,NA,NA,NA,Y,4,0,4,2,A,-,09,21801,A,N,D,C,A,A,H,-,A,A,0,NA,NA,NA,NA,Y,NA,A,07,0,0,4,0,0,0,0,0,0,-,-,NA,NA,SAN BERNARDINO,COLTON,-117.3138427734375,34.06871032714844
8964088,2019,2020-01-29,3600,2019-09-05,0537,C8664,AP023,4,5,5,3621,0,0,0,NA,0,AP1,RT 18,BASS HILL RD,0,NA,Y,A,-,Y,SBD,8,18,-,-,91.234,I,5,S,N,4,0,1,2,A,-,02,22400,A,N,D,G,A,A,H,-,C,A,0,NA,Y,NA,NA,Y,NA,L,04,0,0,1,0,0,0,1,0,0,-,-,NA,NA,SAN BERNARDINO,APPLE VALLEY,-117.22111511230467,34.52649688720703
8966591,2019,2019-10-31,3609,2019-10-11,1654,02278,RI169,5,5,5,3609,0,0,0,NA,0,003,CACTUS AV,RANDALL AV,0,NA,Y,A,-,N,NA,NA,NA,NA,NA,NA,NA,NA,NA,Y,3,0,2,2,A,-,01,21200,5,N,D,G,A,A,H,-,A,A,0,NA,Y,Y,NA,Y,Y,L,04,0,2,0,0,0,0,1,0,1,-,-,34.085330963134766,-117.38304138183594,SAN BERNARDINO,RIALTO,-117.38343048095705,34.084991455078125
8968566,2019,2019-11-14,3600,2019-10-10,1713,A9947,RC055,4,5,6,3616,0,0,0,NA,0,RC4,FOOTHILL BL,BAKER AV,970,E,N,A,-,N,NA,NA,NA,NA,NA,NA,NA,NA,NA,Y,3,0,1,2,A,-,09,21801,A,N,D,C,A,A,H,-,A,D,0,NA,NA,NA,NA,Y,NA,A,01,0,1,0,0,0,0,0,0,0,-,-,NA,NA,SAN BERNARDINO,RANCHO CUCAMONGA,-117.6168975830078,34.10585403442383
8973298,2019,2019-11-08,3600,2019-08-07,0702,F1596,RC013,3,5,6,3616,0,0,0,NA,0,003,ROCHESTER AV,FIRENZA DR,0,NA,Y,A,-,N,NA,NA,NA,NA,NA,NA,NA,NA,NA,Y,4,0,1,2,A,-,09,21802,A,N,D,C,A,A,H,-,A,A,0,NA,NA,NA,NA,Y,NA,A,01,0,0,1,0,0,0,0,0,0,-,-,NA,NA,SAN BERNARDINO,RANCHO CUCAMONGA,-117.54531860351563,34.13420867919922
8973506,2019,2020-01-28,3600,2019-08-23,1734,F6913,RC013,5,5,6,3616,0,0,0,NA,0,003,MILLIKEN AV,RT 210,0,NA,Y,A,-,Y,SBD,8,210,-,-,8.089,R,4,W,Y,4,0,1,2,A,-,12,21453,A,N,D,C,A,A,H,-,A,A,0,NA,NA,NA,NA,Y,NA,A,01,0,0,1,0,0,0,0,0,0,-,WF,NA,NA,SAN BERNARDINO,RANCHO CUCAMONGA,-117.55549621582033,34.136688232421875
8974314,2019,2020-01-28,3603,2019-08-01,1348,4251,CPD,4,5,4,3603,0,0,0,NA,0,004,MT VERNON AV,WASHINGTON ST,5,N,N,A,-,Y,SBD,8,215,-,-,2.552,R,4,S,N,3,0,1,2,A,-,11,21950,B,N,G,B,B,A,H,-,A,A,0,Y,NA,NA,NA,Y,NA,N,60,0,1,0,0,1,0,0,0,0,-,-,34.0483283996582,-117.30924224853516,SAN BERNARDINO,COLTON,-117.30947875976563,34.046409606933594
8978540,2019,2019-12-05,3600,2019-10-28,1228,C8664,AP021,1,5,5,3621,0,0,0,NA,0,AP4,NAVAJO RD,BEAR VALLEY RD,355,N,N,A,-,N,NA,NA,NA,NA,NA,NA,NA,NA,NA,Y,4,0,1,2,A,-,09,21804,A,N,D,C,A,A,H,-,A,D,0,NA,NA,NA,NA,Y,NA,A,01,0,0,1,0,0,0,0,0,0,-,-,NA,NA,SAN BERNARDINO,APPLE VALLEY,-117.19010925292967,34.47246551513672
8979936,2019,2020-01-23,3605,2019-11-09,0302,397,NA,6,5,4,3605,0,0,0,NA,0,NA,GALENA AV,BENITO ST,295,N,N,A,-,N,NA,NA,NA,NA,NA,NA,NA,NA,NA,Y,3,0,2,3,A,-,08,22107,NA,F,A,C,A,A,H,-,C,A,0,NA,NA,NA,NA,Y,NA,A,01,0,1,1,0,0,0,0,0,0,-,-,NA,NA,SAN BERNARDINO,MONTCLAIR,-117.70349884033205,34.07489013671875
8980530,2019,2019-12-23,3609,2019-10-24,0843,5403,RI068,4,5,5,3609,0,0,0,NA,0,001,LAUREL AV,RENAISSANCE PKWY,1300,S,N,A,-,N,NA,NA,NA,NA,NA,NA,NA,NA,NA,Y,3,0,1,2,A,-,03,22350,NA,N,C,C,A,A,H,-,A,D,0,NA,NA,NA,NA,Y,NA,A,01,0,1,0,0,0,0,0,0,0,-,-,NA,NA,SAN BERNARDINO,RIALTO,-117.41412353515624,34.130889892578125
8990070,2019,2019-12-04,3600,2019-06-27,1507,D3983,RC014,4,5,6,3616,0,0,0,NA,0,006,ROCHESTER AV,CHURCH ST,0,NA,Y,A,-,N,NA,NA,NA,NA,NA,NA,NA,NA,NA,Y,3,0,2,2,A,-,09,21801,A,N,B,C,A,A,H,-,A,A,0,NA,NA,NA,NA,Y,NA,A,01,0,2,0,0,0,0,0,0,0,-,-,NA,NA,SAN BERNARDINO,RANCHO CUCAMONGA,-117.54551696777344,34.11394119262695
8993504,2019,2020-01-14,3609,2019-11-23,1902,6421,RI103,6,5,5,3609,0,0,0,NA,0,002,BASELINE RD,MERIDIAN AV,0,NA,Y,A,-,N,NA,NA,NA,NA,NA,NA,NA,NA,NA,Y,3,0,3,2,A,-,01,23152,A,F,C,C,A,A,H,-,C,A,0,NA,NA,NA,NA,Y,Y,A,01,0,1,2,0,0,0,0,0,0,-,-,34.12128829956055,-117.3488998413086,SAN BERNARDINO,RIALTO,-117.34857940673828,34.1213493347168
8996648,2019,2020-03-02,3605,2019-12-07,1102,431,NA,6,5,4,3605,0,0,0,NA,0,NA,CENTRAL AV,ARROW HWY,361,N,N,C,-,N,NA,NA,NA,NA,NA,NA,NA,NA,NA,Y,4,0,3,2,A,-,03,22350,NA,N,C,C,A,B,H,-,A,A,0,NA,NA,NA,NA,Y,NA,A,01,0,0,3,0,0,0,0,0,0,-,-,NA,NA,SAN BERNARDINO,MONTCLAIR,-117.68970489501952,34.093318939208984
8998743,2019,2019-12-31,3607,2019-05-18,1915,20175,165,6,5,6,3607,0,0,0,NA,0,061,GROVE AV,MISSION BL,0,NA,Y,A,-,N,NA,NA,NA,NA,NA,NA,NA,NA,NA,NA,3,0,1,2,A,-,09,21806,A,N,D,C,A,A,H,-,A,A,0,NA,NA,NA,NA,Y,NA,A,08,0,1,0,0,0,0,0,0,0,-,-,NA,NA,SAN BERNARDINO,ONTARIO,-117.6287078857422,34.05500030517578