CASE_ID,ACCIDENT_YEAR,PROC_DATE,JURIS,COLLISION_DATE,COLLISION_TIME,OFFICER_ID,REPORTING_DISTRICT,DAY_OF_WEEK,CHP_SHIFT,POPULATION,CNTY_CITY_LOC,SPECIAL_COND,BEAT_TYPE,CHP_BEAT_TYPE,CITY_DIVISION_LAPD,CHP_BEAT_CLASS,BEAT_NUMBER,PRIMARY_RD,SECONDARY_RD,DISTANCE,DIRECTION,INTERSECTION,WEATHER_1,WEATHER_2,STATE_HWY_IND,CALTRANS_COUNTY,CALTRANS_DISTRICT,STATE_ROUTE,ROUTE_SUFFIX,POSTMILE_PREFIX,POSTMILE,LOCATION_TYPE,RAMP_INTERSECTION,SIDE_OF_HWY,TOW_AWAY,COLLISION_SEVERITY,NUMBER_KILLED,NUMBER_INJURED,PARTY_COUNT,PRIMARY_COLL_FACTOR,PCF_CODE_OF_VIOL,PCF_VIOL_CATEGORY,PCF_VIOLATION,PCF_VIOL_SUBSECTION,HIT_AND_RUN,TYPE_OF_COLLISION,MVIW,PED_ACTION,ROAD_SURFACE,ROAD_COND_1,ROAD_COND_2,LIGHTING,CONTROL_DEVICE,CHP_ROAD_TYPE,PEDESTRIAN_ACCIDENT,BICYCLE_ACCIDENT,MOTORCYCLE_ACCIDENT,TRUCK_ACCIDENT,NOT_PRIVATE_PROPERTY,ALCOHOL_INVOLVED,STWD_VEHTYPE_AT_FAULT,CHP_VEHTYPE_AT_FAULT,COUNT_SEVERE_INJ,COUNT_VISIBLE_INJ,COUNT_COMPLAINT_PAIN,COUNT_PED_KILLED,COUNT_PED_INJURED,COUNT_BICYCLIST_KILLED,COUNT_BICYCLIST_INJURED,COUNT_MC_KILLED,COUNT_MC_INJURED,PRIMARY_RAMP,SECONDARY_RAMP,LATITUDE,LONGITUDE,COUNTY,CITY,POINT_X,POINT_Y
8998953,2018,2019-12-16,3605,2018-09-17,1614,NA,176,1,5,4,3605,0,0,0,NA,0,051,BENSON AV,PHILLIPS ST,0,NA,Y,A,-,N,NA,NA,NA,NA,NA,NA,NA,NA,NA,N,4,0,1,2,A,-,09,21800,B,N,D,C,A,A,H,-,A,A,0,NA,NA,NA,NA,Y,NA,A,08,0,0,1,0,0,0,0,0,0,-,-,NA,NA,SAN BERNARDINO,MONTCLAIR,-117.68077087402344,34.04833984375
9000131,2019,2019-12-18,3607,2019-03-20,1437,80313,138,3,5,6,3607,0,0,0,NA,0,032,VINEYARD AV,D ST,300,S,N,A,-,N,NA,NA,NA,NA,NA,NA,NA,NA,NA,N,4,0,1,2,A,-,09,21804,A,N,D,C,A,A,H,-,A,D,0,NA,NA,NA,NA,Y,NA,A,07,0,0,1,0,0,0,0,0,0,-,-,NA,NA,SAN BERNARDINO,ONTARIO,-117.61100769042967,34.06631851196289
9000953,2019,2019-12-27,3600,2019-11-25,1452,G2613,YC 40,1,5,4,3640,0,0,0,NA,0,YC 3,YUCAIPA BL,11TH ST,0,NA,Y,B,-,N,NA,NA,NA,NA,NA,NA,NA,NA,NA,Y,3,0,2,2,A,-,09,21804,NA,N,C,C,A,A,H,-,A,A,0,NA,NA,NA,NA,Y,NA,A,01,0,1,1,0,0,0,0,0,0,-,-,NA,NA,SAN BERNARDINO,YUCAIPA,-117.08235931396484,34.033939361572266
90020231,2015,2015-10-19,9860,2015-09-11,1450,019419,NA,5,2,9,3600,0,3,5,NA,2,003,NICE AVE,OPAL AVE.,20,W,N,A,-,N,NA,NA,NA,NA,NA,NA,NA,NA,NA,N,4,0,1,2,A,-,21,22106,NA,N,C,C,A,A,H,-,A,A,0,NA,NA,NA,NA,Y,NA,A,01,0,0,1,0,0,0,0,0,0,-,-,34.06644,-117.13456,SAN BERNARDINO,UNINCORPORATED,-117.13451582,34.06645
90021262,2015,2015-10-19,9865,2015-09-08,2250,018232,NA,2,3,9,3600,0,1,3,NA,1,030,SR-18,GLORY RIDGE RD,5280,S,N,B,-,Y,NA,NA,18,NA,NA,NA,NA,NA,NA,Y,3,0,1,1,C,-,18,NA,NA,N,H,J,A,B,H,-,D,D,0,NA,NA,NA,NA,Y,NA,-,-,0,1,0,0,0,0,0,0,0,-,-,34.24927,-117.01721,SAN BERNARDINO,UNINCORPORATED,-117.01719196,34.24927528
90022467,2015,2015-10-19,9860,2015-09-19,0520,018275,NA,6,3,9,3600,0,1,3,NA,1,012,SR-138 E/B,I-15,25,E,N,A,-,Y,NA,NA,138,NA,NA,NA,NA,NA,E,Y,4,0,1,2,A,-,03,22350,NA,N,C,C,A,A,D,-,D,A,0,NA,NA,NA,NA,Y,NA,A,01,0,0,1,0,0,0,0,0,0,-,-,34.31185,-117.4738,SAN BERNARDINO,UNINCORPORATED,-117.47380256,34.31189429
90023856,2015,2015-10-19,9860,2015-09-21,2030,016658,NA,1,2,4,3640,0,1,1,NA,2,106,I-10 W/B,WABASH AVE,528,E,N,B,-,Y,NA,NA,NA,NA,NA,NA,NA,NA,NA,Y,4,0,1,1,A,-,08,22107,NA,N,E,I,A,A,H,-,D,D,0,NA,NA,NA,NA,Y,NA,A,01,0,0,1,0,0,0,0,0,0,-,-,34.30548,-117.46713,SAN BERNARDINO,YUCAIPA,-117.13726266,34.03269987
90024907,2015,2015-10-19,9855,2015-09-06,0340,020081,NA,7,3,6,3607,0,1,1,NA,2,153,I-15 S/B (ONTARIO FWY),JURUPA ST.,300,S,N,A,-,Y,NA,NA,15,NA,NA,NA,NA,NA,S,Y,4,0,1,2,A,-,03,22350,NA,N,C,C,A,A,H,-,C,D,0,NA,NA,NA,NA,Y,NA,A,01,0,0,1,0,0,0,0,0,0,-,-,34.04695,-117.55034,SAN BERNARDINO,ONTARIO,-117.55032626,34.04694788
90025061,2015,2015-12-09,9850,2015-09-18,1635,019278,NA,5,2,5,3619,1,4,S,NA,2,901,AMARGOSA RD,AVENAL ST,1000,N,N,A,-,N,NA,NA,NA,NA,NA,NA,NA,NA,NA,N,4,0,2,2,A,-,08,22107,NA,F,H,A,A,A,H,-,A,D,0,NA,Y,NA,NA,Y,NA,L,04,0,0,2,0,0,0,0,0,0,-,-,34.44074,-117.36995,SAN BERNARDINO,HESPERIA,-117.37022885,34.44033833
90025387,2015,2015-10-19,9860,2015-09-18,0455,019485,NA,5,3,6,3610,0,1,1,NA,2,202,SR-210 W/B TO H STREET,H ST,240,E,N,A,-,Y,NA,NA,210,NA,NA,NA,R,NA,W,Y,3,0,1,1,A,-,08,22107,NA,N,F,A,A,A,H,-,C,D,0,NA,NA,NA,NA,Y,NA,D,22,0,1,0,0,0,0,0,0,0,-,-,34.14587,-117.29975,SAN BERNARDINO,SAN BERNARDINO,-117.29975,34.14587
90026200,2015,2015-10-19,9855,2015-09-14,0720,012923,NA,1,1,6,3604,0,1,1,NA,2,101,I-10 E/B (SAN BERNARDINO FWY),ETIWN,2135,E,N,A,-,Y,NA,NA,10,NA,NA,NA,NA,NA,E,N,2,0,1,3,A,-,07,21658,A,N,B,C,A,A,H,-,A,D,0,NA,NA,Y,NA,Y,NA,A,01,1,0,0,0,0,0,0,0,1,-,-,34.06692,-117.51243,SAN BERNARDINO,FONTANA,-117.51244558,34.06684748
9002679,2018,2020-02-24,3607,2018-07-23,1721,80515,78,1,5,6,3607,0,0,0,NA,0,MILL,RT 15,MILLIKEN AV,0,NA,Y,A,-,Y,SBD,8,10,-,-,9.23,R,1,W,N,4,0,1,2,A,-,08,22100,B,N,B,C,A,A,H,-,A,A,0,NA,NA,NA,Y,Y,NA,G,25,0,0,1,0,0,0,0,0,0,WF,-,NA,NA,SAN BERNARDINO,ONTARIO,-117.5572509765625,34.067562103271484
90027268,2015,2015-10-19,9865,2015-10-01,1400,020115,NA,4,2,9,3600,0,3,5,NA,2,003,USFS RD 2N13,RIM OF THE WORLD DR,528,W,N,A,-,N,NA,NA,NA,NA,NA,NA,NA,NA,NA,Y,3,0,1,1,A,-,01,23152,A,N,E,I,A,A,H,-,A,D,0,NA,NA,NA,NA,Y,Y,A,01,0,1,0,0,0,0,0,0,0,-,-,34.27945,-116.96319,SAN BERNARDINO,UNINCORPORATED,-116.9632566,34.27952581
90028844,2015,2015-10-19,9860,2015-09-26,1800,020387,NA,6,2,9,3600,0,2,4,NA,1,410,VALLEY BLVD,CYPRESS AVE,0,NA,Y,A,-,N,NA,NA,NA,NA,NA,NA,NA,NA,NA,Y,3,0,1,2,A,-,09,21801,A,N,A,C,A,A,H,-,A,D,0,NA,NA,NA,NA,Y,NA,A,01,0,1,0,0,0,0,0,0,0,-,-,34.06891,-117.34203,SAN BERNARDINO,UNINCORPORATED,-117.44439011,34.07035009
90029013,2015,2015-10-19,9860,2015-09-27,1825,019485,NA,7,2,4,3618,0,1,1,NA,2,202,SR-210 W/B,DEL ROSA AVE,1584,W,N,A,-,Y,NA,NA,NA,NA,NA,NA,NA,NA,NA,Y,4,0,1,2,A,-,03,22350,NA,N,C,C,A,A,H,-,D,D,0,NA,NA,NA,NA,Y,NA,D,22,0,0,1,0,0,0,0,0,0,-,-,34.14444,-117.23369,SAN BERNARDINO,HIGHLAND,-117.25756987,34.14363841
9003005,2018,2019-12-28,3607,2018-04-18,1813,80536,118,3,5,6,3607,0,0,0,NA,0,032,HOLT BL,GUASTI RD,0,NA,Y,A,-,N,NA,NA,NA,NA,NA,NA,NA,NA,NA,N,4,0,1,2,A,-,03,22350,NA,N,C,C,A,A,H,-,A,A,0,NA,NA,NA,NA,Y,NA,D,22,0,0,1,0,0,0,0,0,0,-,-,NA,NA,SAN BERNARDINO,ONTARIO,-117.60459136962892,34.06454086303711
90030931,2015,2015-10-19,9860,2015-09-30,0750,013945,NA,3,1,6,3610,0,1,1,NA,2,216,I-215 S/B,DEVORE RD,50,S,N,A,-,Y,NA,NA,NA,NA,NA,NA,NA,NA,NA,N,4,0,1,2,A,-,03,22350,NA,N,C,C,A,A,D,-,A,D,0,NA,NA,NA,NA,Y,NA,A,07,0,0,1,0,0,0,0,0,0,-,-,34.22211,-117.40245,SAN BERNARDINO,SAN BERNARDINO,NA,NA
9003095,2018,2019-12-16,3607,2018-07-16,0100,20040,203,1,5,6,3607,0,0,0,NA,0,061,EUCLID AV,BUDD ST,300,S,N,A,-,N,NA,NA,NA,NA,NA,NA,NA,NA,NA,Y,4,0,2,3,A,-,03,22350,NA,N,C,E,A,A,H,-,C,A,0,NA,NA,NA,NA,Y,NA,A,01,0,0,2,0,0,0,0,0,0,-,-,NA,NA,SAN BERNARDINO,ONTARIO,-117.65109252929688,34.04658889770508
90034125,2015,2015-10-19,9860,2015-10-09,1830,020596,NA,5,2,4,3640,0,1,1,NA,2,106,I-10 E/B,LIVE OAK CANYON RD,1584,W,N,A,-,Y,NA,NA,10,NA,NA,NA,NA,NA,E,Y,4,0,1,3,A,-,07,21658,A,N,B,C,A,A,H,-,B,D,0,NA,NA,Y,NA,Y,NA,A,01,0,0,1,0,0,0,0,0,1,-,-,34.01956,-117.10097,SAN BERNARDINO,YUCAIPA,-117.10089984,34.01967087
90035548,2015,2015-10-21,9860,2015-10-07,0757,012988,NA,3,1,5,3608,0,1,1,NA,2,106,I-10 WESTBOUND,YUCAIPA BLVD,1900,W,N,A,-,Y,NA,NA,10,NA,NA,NA,NA,NA,W,Y,4,0,2,3,A,-,03,22350,NA,N,C,C,A,A,H,-,A,D,0,NA,NA,NA,NA,Y,NA,A,01,0,0,2,0,0,0,0,0,0,-,-,34.02796,-117.12537,SAN BERNARDINO,REDLANDS,-117.12536206,34.02801287
90035895,2015,2015-10-21,9860,2015-09-30,1715,019484,NA,3,2,9,3600,0,1,1,NA,2,152,I-15 N/B,OAK HILL RD,5280,S,N,A,-,Y,NA,NA,NA,NA,NA,NA,NA,NA,NA,Y,4,0,1,3,A,-,07,21658,A,F,B,C,A,A,D,-,B,D,0,NA,NA,NA,NA,Y,NA,D,22,0,0,1,0,0,0,0,0,0,-,-,34.34034,-117.44101,SAN BERNARDINO,UNINCORPORATED,-117.4401985,34.34911514
90036219,2015,2015-10-22,9860,2015-10-20,1203,017204,NA,2,1,9,3600,0,3,5,NA,2,003,SAN BERNARDINO AVE,NEVADA ST,1100,W,N,A,-,N,NA,NA,NA,NA,NA,NA,NA,NA,NA,Y,4,0,1,1,A,-,08,22107,NA,N,E,I,A,A,H,-,A,D,0,NA,NA,NA,NA,Y,NA,A,01,0,0,1,0,0,0,0,0,0,-,-,34.07746,-117.22125,SAN BERNARDINO,UNINCORPORATED,-117.22110404,34.07751064
90037594,2015,2015-10-26,9860,2015-10-09,0850,019485,NA,5,1,9,3600,0,1,3,NA,1,010,SR-138,KRUSE RD,1584,W,N,A,-,Y,NA,NA,138,NA,NA,NA,NA,NA,NA,Y,2,0,3,6,A,-,08,22107,NA,N,B,C,A,A,D,-,A,D,0,NA,NA,NA,NA,Y,NA,A,08,1,1,1,0,0,0,0,0,0,-,-,34.33997,-117.52315,SAN BERNARDINO,UNINCORPORATED,-117.5232052,34.33994782
90040111,2015,2015-10-29,9855,2015-10-05,1800,018335,NA,1,2,6,3604,0,1,1,NA,2,101,I-10 E/B (SAN BERNARDINO FWY),CHERRY AVE.,2640,E,N,C,-,Y,NA,NA,10,NA,NA,NA,NA,NA,E,N,4,0,1,2,A,-,03,22350,NA,N,C,C,A,B,H,-,A,D,0,NA,NA,NA,NA,Y,NA,A,01,0,0,1,0,0,0,0,0,0,-,-,34.06595,-117.4762,SAN BERNARDINO,FONTANA,-117.47620214,34.06606061
90040430,2015,2015-10-29,9855,2015-10-05,1011,015461,NA,1,1,6,3607,0,1,1,NA,2,152,I-15 S/B (ONTARIO FWY),FOURTH ST.,1085,S,N,B,-,Y,NA,NA,15,NA,NA,NA,NA,NA,S,Y,2,0,1,2,A,-,07,21658,A,N,B,C,A,A,H,-,A,D,0,NA,NA,NA,Y,Y,NA,F,26,1,0,0,0,0,0,0,0,0,-,-,34.07359,-117.54527,SAN BERNARDINO,ONTARIO,-117.54504974,34.07359083
90040756,2015,2015-10-29,9835,2015-10-27,1730,017180,NA,2,2,9,3600,0,3,5,NA,2,032,L ST,CRESTVIEW RD,0,NA,Y,B,-,N,NA,NA,NA,NA,NA,NA,NA,NA,NA,Y,3,0,2,2,A,-,09,21801,A,N,A,C,A,A,H,-,B,D,0,NA,NA,NA,NA,Y,NA,A,01,0,1,1,0,0,0,0,0,0,-,-,NA,NA,SAN BERNARDINO,UNINCORPORATED,-117.05625005,34.86655007
9004166,2018,2019-12-12,3607,2018-09-21,2312,15028,288,5,5,6,3607,0,0,0,NA,0,022,HOLT BL,SULTANA AV,0,NA,Y,A,-,N,NA,NA,NA,NA,NA,NA,NA,NA,NA,Y,2,0,1,2,A,-,09,21801,A,N,D,C,A,A,H,-,C,A,0,NA,NA,NA,NA,Y,NA,A,01,1,0,0,0,0,0,0,0,0,-,-,NA,NA,SAN BERNARDINO,ONTARIO,-117.6460418701172,34.06338119506836
90042175,2015,2015-11-02,9860,2015-10-22,1257,017204,NA,4,1,9,3600,0,3,5,NA,2,003,OAK GLEN RD,POTATO CANYON RD,2640,N,N,A,-,N,NA,NA,NA,NA,NA,NA,NA,NA,NA,Y,3,0,1,1,A,-,08,22107,NA,N,E,I,A,A,H,-,A,D,0,NA,NA,NA,NA,Y,NA,D,22,0,1,0,0,0,0,0,0,0,-,-,34.05784,-116.97426,SAN BERNARDINO,UNINCORPORATED,-116.97322383,34.05729132
9004312,2019,2020-01-04,3607,2019-10-13,2311,20219,172,7,5,6,3607,0,0,0,NA,0,042,MILLIKEN AV,JURUPA ST,0,NA,Y,A,-,N,NA,NA,NA,NA,NA,NA,NA,NA,NA,Y,4,0,2,2,A,-,01,23152,A,N,C,C,A,A,H,-,C,A,0,NA,NA,NA,NA,Y,Y,A,01,0,0,2,0,0,0,0,0,0,-,-,NA,NA,SAN BERNARDINO,ONTARIO,-117.55838012695313,34.0482292175293
9004316,2019,2020-01-04,3607,2019-10-15,0758,80388,90,2,5,6,3607,0,0,0,NA,0,021,H ST,SULTANA AV,315,E,N,A,-,N,NA,NA,NA,NA,NA,NA,NA,NA,NA,N,4,0,1,2,A,-,11,21954,A,N,G,B,C,A,H,-,A,A,0,Y,NA,NA,NA,Y,NA,N,60,0,0,1,0,1,0,0,0,0,-,-,NA,NA,SAN BERNARDINO,ONTARIO,-117.6450424194336,34.07246017456055
90046991,2015,2015-11-09,9860,2015-10-24,0310,011738,NA,6,3,5,3609,0,1,1,NA,2,102,I-10 E/B,RIVERSIDE AVE,1300,W,N,A,-,Y,NA,NA,10,NA,NA,NA,NA,NA,E,Y,4,0,1,2,A,-,03,22350,NA,N,C,C,A,A,H,-,D,D,0,NA,NA,NA,Y,Y,NA,G,25,0,0,1,0,0,0,0,0,0,-,-,34.0683,-117.3747,SAN BERNARDINO,RIALTO,-117.37470692,34.06849395
90047413,2015,2015-11-09,9855,2015-10-31,0025,020690,NA,6,3,5,3611,0,1,1,NA,2,103,I-10 E/B (SAN BERNARDINO FWY),MOUNTAIN AVE.,1320,E,N,A,-,Y,NA,NA,10,NA,NA,NA,NA,NA,E,N,4,0,1,1,A,-,08,22107,NA,N,E,I,A,A,H,-,D,D,0,NA,NA,NA,NA,Y,NA,A,08,0,0,1,0,0,0,0,0,0,-,-,34.08732,-117.66344,SAN BERNARDINO,UPLAND,-117.6634399,34.08723384
90047901,2015,2015-11-10,9855,2015-10-29,0440,017323,NA,4,3,6,3607,0,1,3,NA,2,601,SR-60 W/B (POMONA FWY),HAVEN AVE.,400,E,N,A,-,N,NA,NA,60,NA,NA,NA,NA,NA,W,N,4,0,1,2,A,-,03,22350,NA,M,C,C,A,A,H,-,D,D,0,NA,NA,NA,NA,Y,NA,-,99,0,0,1,0,0,0,0,0,0,-,-,34.02778,-117.57126,SAN BERNARDINO,ONTARIO,-117.57126346,34.02776823
90048662,2015,2015-11-11,9855,2015-10-21,1721,014973,NA,3,2,5,3602,0,1,3,NA,2,603,SR-210 E/B (FOOTHILL FWY),RAMONA AVE.,2100,W,N,A,-,Y,NA,NA,NA,NA,NA,NA,NA,NA,NA,Y,4,0,3,3,A,-,03,22350,NA,N,C,C,A,A,H,-,A,D,0,NA,NA,NA,NA,Y,NA,A,08,0,0,3,0,0,0,0,0,0,-,-,34.02959,-117.71388,SAN BERNARDINO,CHINO,NA,NA
90048839,2015,2015-11-11,9865,2015-11-04,1759,018232,NA,3,2,9,3600,0,3,5,NA,2,001,CLUB HOUSE DR,CEDARBROOK DR,170,E,N,A,-,N,NA,NA,NA,NA,NA,NA,NA,NA,NA,Y,3,0,1,1,A,-,01,23152,A,N,E,I,A,A,H,-,D,D,0,NA,NA,NA,NA,Y,Y,A,01,0,1,0,0,0,0,0,0,0,-,-,34.2448,-117.2327,SAN BERNARDINO,UNINCORPORATED,-117.23275,34.24477795
90048872,2015,2015-11-11,9855,2015-11-02,1800,018335,NA,1,2,6,3616,0,1,1,NA,2,203,SR-210 E/B (FOOTHILL FWY),ARCHIBALD AVE.,1056,E,N,C,-,Y,NA,NA,210,NA,NA,NA,NA,NA,E,Y,4,0,1,2,A,-,03,22350,NA,N,C,C,A,B,H,-,C,D,0,NA,NA,NA,NA,Y,NA,A,01,0,0,1,0,0,0,0,0,0,-,-,34.13512,-117.58994,SAN BERNARDINO,RANCHO CUCAMONGA,-117.58994454,34.13518191
90049015,2015,2015-11-11,9855,2015-10-21,1830,019420,NA,3,2,5,3611,0,1,1,NA,2,103,I-10 W/B (SAN BERNARDINO FWY),MOUNTAIN AVE,1000,E,N,A,-,Y,NA,NA,10,NA,NA,NA,NA,NA,W,Y,4,0,3,2,A,-,03,22350,NA,N,C,C,A,A,H,-,D,D,0,NA,NA,NA,NA,Y,NA,A,01,0,0,3,0,0,0,0,0,0,-,-,34.08751,-117.65805,SAN BERNARDINO,UPLAND,-117.65805053,34.08742254
90050740,2015,2015-11-13,9855,2015-11-12,0535,019165,NA,4,3,6,3607,0,1,3,NA,2,601,SR-60 E/B (POMONA FWY),ARCHIBALD AVE.,500,E,N,A,-,Y,NA,NA,60,NA,NA,NA,NA,NA,E,Y,4,0,1,2,A,-,08,22107,NA,F,D,C,A,A,H,-,C,D,0,NA,NA,NA,NA,Y,NA,A,07,0,0,1,0,0,0,0,0,0,-,-,34.03012,-117.59451,SAN BERNARDINO,ONTARIO,-117.59450643,34.03052235
90051640,2015,2015-11-16,9870,2015-11-10,1153,013751,NA,2,1,9,3600,0,3,5,NA,2,003,ROTARY WAY,CONGRESSMAN LEWIS DRIVE,10,S,N,A,-,N,NA,NA,NA,NA,NA,NA,NA,NA,NA,N,4,0,1,2,A,-,03,22350,NA,N,C,C,A,A,H,-,A,D,0,NA,NA,NA,NA,Y,NA,A,01,0,0,1,0,0,0,0,0,0,-,-,34.13912,-116.212,SAN BERNARDINO,UNINCORPORATED,-116.21208608,34.13917717
90052966,2015,2015-11-17,9860,2015-11-10,1620,017919,NA,2,2,6,3610,0,1,1,NA,2,214,I-215 N/B,MILL ST.,200,N,N,A,-,Y,NA,NA,215,NA,NA,NA,NA,NA,N,Y,4,0,1,2,A,-,08,22107,NA,N,E,I,A,A,H,-,B,D,0,NA,NA,NA,NA,Y,NA,A,01,0,0,1,0,0,0,0,0,0,-,-,34.09551,-117.30164,SAN BERNARDINO,SAN BERNARDINO,-117.30178682,34.09551179
9005575,2019,2020-02-01,3607,2019-11-27,1324,80557,240,3,5,6,3607,0,0,0,NA,0,071,CEDAR ST,BAKER AV,268,W,N,C,-,N,NA,NA,NA,NA,NA,NA,NA,NA,NA,Y,3,0,1,2,A,-,08,22100,B,N,D,C,A,B,H,-,A,D,0,NA,NA,NA,NA,Y,NA,I,09,0,1,0,0,0,0,0,0,0,-,-,NA,NA,SAN BERNARDINO,ONTARIO,-117.61626434326172,34.037628173828125
9005663,2019,2020-02-18,3605,2019-12-16,1218,272,NA,1,5,4,3605,0,0,0,NA,0,NA,MISSION BL,RAMONA AV,0,NA,Y,A,-,N,NA,NA,NA,NA,NA,NA,NA,NA,NA,Y,4,0,3,2,A,-,12,22450,A,N,D,C,A,A,H,-,A,A,0,NA,NA,NA,NA,Y,NA,A,01,0,0,3,0,0,0,0,0,0,-,-,NA,NA,SAN BERNARDINO,MONTCLAIR,-117.7069091796875,34.0560417175293
90057618,2015,2015-11-23,9855,2015-11-17,1750,019420,NA,2,2,6,3607,0,1,3,NA,2,601,SR-60 E/B (POMONA FWY),ARCHIBALD AVE.,100,E,N,A,-,Y,NA,NA,NA,NA,NA,NA,NA,NA,NA,Y,4,0,1,2,A,-,03,22350,NA,N,C,C,A,A,H,-,D,D,0,NA,NA,NA,NA,Y,NA,A,01,0,0,1,0,0,0,0,0,0,-,-,34.8675,-117.5309,SAN BERNARDINO,ONTARIO,-117.59311,34.03049
90058295,2015,2015-11-24,9860,2015-11-18,1455,016651,NA,3,2,9,3600,0,3,5,NA,2,001,DEVORE RD,CAJON RD,296,E,N,A,-,Y,NA,NA,NA,NA,NA,NA,NA,NA,NA,Y,4,0,1,2,A,-,08,22107,NA,N,B,C,A,A,D,-,A,D,0,NA,NA,NA,NA,Y,NA,A,07,0,0,1,0,0,0,0,0,0,-,-,34.22128,-117.40242,SAN BERNARDINO,UNINCORPORATED,-117.40231966,34.22119781
90060959,2015,2015-11-30,9860,2015-11-22,1350,019419,NA,7,1,9,3600,0,1,1,NA,2,151,I-15 S/B,CLEGHORN RD.,6336,S,N,A,-,Y,NA,NA,NA,NA,NA,NA,NA,NA,NA,Y,4,0,1,1,A,-,08,22107,NA,N,E,I,A,A,D,-,A,D,0,NA,NA,NA,NA,Y,NA,A,01,0,0,1,0,0,0,0,0,0,-,-,34.2023,-117.45251,SAN BERNARDINO,UNINCORPORATED,NA,NA
90063719,2015,2015-12-02,9860,2015-11-25,2150,018275,NA,3,2,9,3600,0,3,5,NA,2,002,LYNWOOD DRIVE,DEL ROSA AVENUE,0,NA,Y,A,-,N,NA,NA,NA,NA,NA,NA,NA,NA,NA,Y,4,0,1,2,A,-,09,21801,A,N,D,C,A,A,H,-,D,A,0,NA,NA,NA,NA,Y,NA,A,01,0,0,1,0,0,0,0,0,0,-,-,34.14673,-117.25239,SAN BERNARDINO,UNINCORPORATED,-117.25243011,34.14675006
90066264,2015,2015-12-07,9860,2015-11-26,1755,020387,NA,4,2,6,3610,0,1,1,NA,2,214,I-215 N/B,5TH ST.,2640,S,N,B,C,Y,NA,NA,215,NA,NA,NA,NA,NA,N,N,3,0,1,1,A,-,01,23152,A,N,E,I,A,B,H,-,D,D,0,NA,NA,NA,NA,Y,Y,A,01,0,1,0,0,0,0,0,0,0,-,-,34.10341,-117.30187,SAN BERNARDINO,SAN BERNARDINO,-117.30185964,34.10341055
90046828,2015,2015-11-09,9855,2015-10-30,1233,020913,NA,5,1,4,3605,0,1,1,NA,2,103,I-10 E/B (SAN BERNARDINO FWY),MILLS AVE.,10,E,N,A,-,Y,NA,NA,10,NA,NA,NA,NA,NA,E,N,4,0,1,2,A,-,03,22350,NA,N,C,C,A,A,H,-,A,D,0,NA,NA,NA,NA,Y,NA,A,01,0,0,1,0,0,0,0,0,0,-,-,34.08179,-117.71014,SAN BERNARDINO,MONTCLAIR,-117.71013899,34.08178684
90042022,2015,2015-11-02,9860,2015-10-10,1445,019599,NA,6,2,6,3610,0,1,1,NA,2,202,SR-210 W/B,DEL ROSA AVE.,1450,W,N,A,-,Y,NA,NA,210,NA,NA,NA,NA,NA,W,Y,3,0,2,3,A,-,07,21658,A,N,B,C,A,A,H,-,A,D,0,NA,NA,NA,NA,Y,NA,-,-,0,2,0,0,0,0,0,0,0,-,-,34.13829,-117.24145,SAN BERNARDINO,SAN BERNARDINO,-117.24147375,34.13823147
9004162,2018,2019-12-12,3607,2018-10-01,2145,80266,236,1,5,6,3607,0,0,0,NA,0,062,PHILADELPHIA ST,GREENWOOD PL,0,NA,Y,A,-,N,NA,NA,NA,NA,NA,NA,NA,NA,NA,N,3,0,1,2,A,-,05,21202,A,N,G,G,A,A,H,-,C,A,0,NA,Y,NA,NA,Y,NA,L,04,0,1,0,0,0,0,1,0,0,-,-,NA,NA,SAN BERNARDINO,ONTARIO,-117.63478088378906,34.03390121459961
90037857,2015,2015-10-26,9855,2015-09-25,2152,020460,NA,5,2,6,3607,0,1,3,NA,2,601,SR-60 W/B (POMONA FWY),GROVE AVE.,1478,W,N,A,-,Y,NA,NA,60,NA,NA,NA,NA,NA,W,Y,4,0,1,2,A,-,03,22350,NA,N,C,C,A,A,B,-,C,D,0,NA,NA,NA,NA,Y,NA,A,01,0,0,1,0,0,0,0,0,0,-,-,34.03036,-117.63516,SAN BERNARDINO,ONTARIO,-117.63516097,34.03057017
9007313,2019,2019-12-14,3607,2019-01-16,2009,80317,NA,3,5,6,3607,0,0,0,NA,0,041,4TH ST,HAVEN AV,25,E,N,C,-,N,NA,NA,NA,NA,NA,NA,NA,NA,NA,Y,4,0,1,1,A,-,01,23152,A,N,E,I,A,B,H,-,C,D,0,NA,NA,NA,NA,Y,Y,-,NA,0,0,1,0,0,0,0,0,0,-,-,NA,NA,SAN BERNARDINO,ONTARIO,-117.5757293701172,34.07746124267578
90073140,2015,2015-12-15,9855,2015-12-06,0803,016801,NA,7,1,6,3607,0,1,1,NA,2,103,I-10 W/B FROM HAVEN AVE.,I-10 W/B,200,N,N,A,-,Y,NA,NA,NA,NA,NA,NA,NA,NA,NA,Y,4,0,1,1,A,-,03,22350,NA,N,E,I,A,A,H,-,A,D,0,NA,NA,Y,NA,Y,NA,C,02,0,0,1,0,0,0,0,0,1,-,-,34.07287,-117.39325,SAN BERNARDINO,ONTARIO,NA,NA
9007357,2019,2019-12-14,3607,2019-01-17,0255,80557,450,4,5,6,3607,0,0,0,NA,0,071,RIVERSIDE DR,ARCHIBALD AV,0,NA,Y,B,-,N,NA,NA,NA,NA,NA,NA,NA,NA,NA,N,4,0,1,2,A,-,10,21950,A,M,G,B,B,B,H,-,A,A,0,Y,NA,NA,NA,Y,NA,A,01,0,0,1,0,1,0,0,0,0,-,-,NA,NA,SAN BERNARDINO,ONTARIO,-117.59319305419922,34.01913070678711