CASE_ID,ACCIDENT_YEAR,PROC_DATE,JURIS,COLLISION_DATE,COLLISION_TIME,OFFICER_ID,REPORTING_DISTRICT,DAY_OF_WEEK,CHP_SHIFT,POPULATION,CNTY_CITY_LOC,SPECIAL_COND,BEAT_TYPE,CHP_BEAT_TYPE,CITY_DIVISION_LAPD,CHP_BEAT_CLASS,BEAT_NUMBER,PRIMARY_RD,SECONDARY_RD,DISTANCE,DIRECTION,INTERSECTION,WEATHER_1,WEATHER_2,STATE_HWY_IND,CALTRANS_COUNTY,CALTRANS_DISTRICT,STATE_ROUTE,ROUTE_SUFFIX,POSTMILE_PREFIX,POSTMILE,LOCATION_TYPE,RAMP_INTERSECTION,SIDE_OF_HWY,TOW_AWAY,COLLISION_SEVERITY,NUMBER_KILLED,NUMBER_INJURED,PARTY_COUNT,PRIMARY_COLL_FACTOR,PCF_CODE_OF_VIOL,PCF_VIOL_CATEGORY,PCF_VIOLATION,PCF_VIOL_SUBSECTION,HIT_AND_RUN,TYPE_OF_COLLISION,MVIW,PED_ACTION,ROAD_SURFACE,ROAD_COND_1,ROAD_COND_2,LIGHTING,CONTROL_DEVICE,CHP_ROAD_TYPE,PEDESTRIAN_ACCIDENT,BICYCLE_ACCIDENT,MOTORCYCLE_ACCIDENT,TRUCK_ACCIDENT,NOT_PRIVATE_PROPERTY,ALCOHOL_INVOLVED,STWD_VEHTYPE_AT_FAULT,CHP_VEHTYPE_AT_FAULT,COUNT_SEVERE_INJ,COUNT_VISIBLE_INJ,COUNT_COMPLAINT_PAIN,COUNT_PED_KILLED,COUNT_PED_INJURED,COUNT_BICYCLIST_KILLED,COUNT_BICYCLIST_INJURED,COUNT_MC_KILLED,COUNT_MC_INJURED,PRIMARY_RAMP,SECONDARY_RAMP,LATITUDE,LONGITUDE,COUNTY,CITY,POINT_X,POINT_Y
9012439,2019,2019-12-28,3607,2019-06-30,0001,20133,NA,7,5,6,3607,0,0,0,NA,0,022,BERLYN AV,E ST,0,NA,Y,A,-,N,NA,NA,NA,NA,NA,NA,NA,NA,NA,Y,4,0,2,2,A,-,12,22450,A,F,D,C,A,A,H,-,C,A,0,NA,NA,NA,NA,Y,NA,A,01,0,0,2,0,0,0,0,0,0,-,-,NA,NA,SAN BERNARDINO,ONTARIO,-117.6389389038086,34.06822967529297
90090000,2015,2016-01-07,9860,2015-12-31,0420,018275,NA,4,3,4,3618,0,1,1,NA,2,203,SR-210 E/B,HIGHLAND AVE.,528,E,N,A,-,Y,NA,NA,NA,NA,NA,NA,NA,NA,NA,Y,2,0,1,1,A,-,01,23152,A,N,E,I,A,A,H,-,D,D,0,NA,NA,NA,NA,Y,Y,A,01,1,0,0,0,0,0,0,0,0,-,-,34.13548,-117.23553,SAN BERNARDINO,HIGHLAND,-117.36578852,34.13598759
90091086,2015,2016-01-08,9855,2015-12-27,0250,020664,NA,7,3,6,3604,0,1,1,NA,2,101,I-10 E/B (SAN BERNARDINO FWY),SIERRA AVE.,1600,W,N,A,G,Y,NA,NA,NA,NA,NA,NA,NA,NA,NA,Y,3,0,1,2,A,-,01,23152,A,N,B,C,A,A,H,-,C,D,0,NA,NA,NA,NA,Y,Y,-,-,0,1,0,0,0,0,0,0,0,-,-,34.00693,-117.43852,SAN BERNARDINO,FONTANA,-117.44099582,34.06688457
9009628,2019,2020-01-15,3603,2019-09-03,1847,4906,CPD,2,5,4,3603,0,0,0,NA,0,001,W MILL ST,N PENNSYLVANIA AV,0,NA,Y,A,-,N,NA,NA,NA,NA,NA,NA,NA,NA,NA,N,2,0,1,2,A,-,12,21453,A,F,G,B,D,A,H,-,A,A,0,Y,NA,NA,NA,Y,NA,A,01,1,0,0,0,1,0,0,0,0,-,-,34.0921516418457,-117.32708740234376,SAN BERNARDINO,COLTON,-117.3291473388672,34.0921516418457
90125959,2016,2016-02-29,9860,2016-02-23,0540,15763,NA,2,3,9,3600,0,1,1,NA,2,102,I-10 W/B,CEDAR AVENUE,1134,E,N,A,-,Y,NA,NA,10,NA,NA,NA,NA,NA,W,Y,3,0,1,5,A,-,03,22350,NA,N,C,C,A,A,H,-,C,D,0,NA,NA,NA,Y,Y,NA,F,26,0,1,0,0,0,0,0,0,0,-,-,34.06864,-117.39261,SAN BERNARDINO,UNINCORPORATED,-117.39261508,34.06854649
90126593,2016,2016-03-01,9850,2016-02-28,0600,017237,NA,7,1,9,3600,0,3,5,NA,2,003,COLUSA RD.,SHORT AVE.,120,E,N,B,-,N,NA,NA,NA,NA,NA,NA,NA,NA,NA,Y,4,0,1,1,A,-,08,22107,NA,N,F,A,A,A,H,-,B,D,0,NA,NA,NA,NA,Y,NA,A,01,0,0,1,0,0,0,0,0,0,-,-,34.63039,-117.20852,SAN BERNARDINO,UNINCORPORATED,-117.20929242,34.63043359
90097283,2016,2016-01-18,9860,2016-01-11,0455,015207,NA,1,3,5,3608,0,1,1,NA,2,105,I-10 W/B TO SR-210 W/B,TENNESSEE ST.,1150,E,N,A,-,Y,NA,NA,10,NA,NA,NA,R,NA,W,Y,3,0,1,1,A,-,01,23152,A,N,E,I,A,A,H,-,C,D,0,NA,NA,NA,NA,Y,Y,A,01,0,1,0,0,0,0,0,0,0,-,-,34.06384,-117.19691,SAN BERNARDINO,REDLANDS,-117.19691,34.06384
90097794,2016,2016-01-19,9850,2016-01-02,1615,017730,NA,6,2,9,3600,0,1,3,NA,2,042,SR-18,MARBLE CANYON RD,1474,E,N,B,-,Y,NA,NA,18,NA,NA,NA,NA,NA,NA,Y,4,0,1,2,A,-,03,22350,NA,N,C,C,A,A,H,-,A,D,0,NA,NA,NA,NA,Y,NA,A,01,0,0,1,0,0,0,0,0,0,-,-,34.35598,-116.85113,SAN BERNARDINO,UNINCORPORATED,-116.85114745,34.35595364
90129686,2016,2016-03-04,9860,2016-02-24,1114,013945,NA,3,1,5,3609,0,1,1,NA,2,201,SR-210 E/B,ALDER AVE,100,E,N,A,-,Y,NA,NA,210,NA,NA,NA,NA,NA,E,Y,3,0,1,2,A,-,07,21658,A,N,B,C,A,A,H,-,A,D,0,NA,NA,NA,Y,Y,NA,D,22,0,1,0,0,0,0,0,0,0,-,-,34.13619,-117.41781,SAN BERNARDINO,RIALTO,-117.41780859,34.13630954
90133895,2016,2016-03-10,9855,2016-03-05,1233,017808,NA,6,1,6,3607,0,1,1,NA,2,152,I-15 S/B (ONTARIO FWY),I-10,2728,S,N,B,-,Y,NA,NA,15,NA,NA,NA,NA,NA,S,N,4,0,1,2,A,-,03,22350,NA,N,C,C,A,A,H,-,A,D,0,NA,NA,NA,NA,Y,NA,D,22,0,0,1,0,0,0,0,0,0,-,-,34.05976,-117.54533,SAN BERNARDINO,ONTARIO,-117.54533107,34.05976015
90099568,2016,2016-01-21,9865,2016-01-01,1520,018392,NA,5,2,9,3600,0,1,3,NA,1,030,SR-18,GLORY RIDGE RD.,5808,S,N,A,-,Y,NA,NA,18,NA,NA,NA,NA,NA,NA,Y,3,0,3,2,A,-,01,23152,A,N,D,C,A,A,H,-,A,D,0,NA,NA,NA,NA,Y,Y,A,01,0,3,0,0,0,0,0,0,0,-,-,34.24825,-117.01602,SAN BERNARDINO,UNINCORPORATED,-117.01601773,34.24830049
90100236,2016,2016-01-21,9860,2016-01-04,1610,016821,NA,1,2,5,3608,0,1,1,NA,2,203,SR-210 W/B,SANTA ANA RIVER BRIDGE,200,W,N,B,-,Y,NA,NA,210,NA,NA,NA,NA,NA,W,Y,3,0,3,2,A,-,03,22350,NA,N,C,C,A,A,H,-,B,D,0,NA,NA,NA,NA,Y,NA,A,01,0,1,2,0,0,0,0,0,0,-,-,34.09508,-117.20042,SAN BERNARDINO,REDLANDS,-117.2002655,34.09507026
90137283,2016,2016-03-15,9855,2016-03-07,1925,014973,NA,1,2,5,3630,0,1,3,NA,2,071,SR-71 N/B FROM GRAND AVENUE,GRAND AVENUE,1300,N,N,B,C,Y,NA,NA,71,NA,NA,NA,R,NA,N,Y,4,0,1,1,A,-,03,22350,NA,N,F,A,A,B,H,-,B,D,0,NA,NA,NA,NA,Y,NA,A,01,0,0,1,0,0,0,0,0,0,-,-,34.00303,-117.72507,SAN BERNARDINO,CHINO HILLS,-117.72507,34.00303
90137394,2016,2016-03-15,9860,2016-03-04,1420,016646,NA,5,2,6,3610,0,1,1,NA,2,202,SR-210 E/B,STERLING AVE,100,E,N,A,-,Y,NA,NA,210,NA,NA,NA,NA,NA,E,N,4,0,1,4,A,-,03,22350,NA,N,C,C,A,A,H,-,A,D,0,NA,NA,NA,NA,Y,NA,A,07,0,0,1,0,0,0,0,0,0,-,-,34.13857,-117.24279,SAN BERNARDINO,SAN BERNARDINO,-117.24281672,34.13850446
90102865,2016,2016-01-26,9835,2016-01-17,0720,020993,NA,7,1,9,3600,0,1,1,NA,2,074,I-15 S/B,KELBAKER ROAD,528,S,N,A,-,Y,NA,NA,15,NA,NA,NA,NA,NA,S,Y,2,0,1,1,A,-,08,22107,NA,N,F,A,A,A,H,-,A,D,0,NA,NA,NA,NA,Y,NA,D,22,1,0,0,0,0,0,0,0,0,-,-,35.26174,-116.07603,SAN BERNARDINO,UNINCORPORATED,-116.07606388,35.26179358
90102880,2016,2016-01-26,9855,2016-01-20,1810,017313,NA,3,2,6,3607,0,1,1,NA,2,103,I-10 W/B (SAN BERNARDINO FWY),HAVEN AVE.,528,W,N,A,-,Y,NA,NA,10,NA,NA,NA,NA,NA,W,N,4,0,1,2,A,-,03,22350,NA,N,C,C,A,A,H,-,D,D,0,NA,NA,NA,NA,Y,NA,A,07,0,0,1,0,0,0,0,0,0,-,-,34.06802,-117.58959,SAN BERNARDINO,ONTARIO,-117.58959302,34.06773645
90139911,2016,2016-03-21,9860,2016-03-18,1510,018905,NA,5,2,9,3600,0,3,5,NA,2,001,LYTLE CREEK RD,GLEN HELEN PKY,11088,N,N,A,-,N,NA,NA,NA,NA,NA,NA,NA,NA,NA,Y,2,0,2,2,A,-,03,22350,NA,N,H,G,A,A,H,-,A,A,0,NA,Y,Y,NA,Y,NA,C,02,1,1,0,0,0,0,1,0,1,-,-,34.21313,-117.45719,SAN BERNARDINO,UNINCORPORATED,-117.45763661,34.21205345
90072267,2015,2015-12-14,9865,2015-11-20,1930,020717,NA,5,2,9,3600,0,3,5,NA,2,001,RIM OF THE WORLD DR,STATE ROUTE 173,443,W,N,A,-,N,NA,NA,NA,NA,NA,NA,NA,NA,NA,Y,2,0,2,1,A,-,08,22107,NA,N,E,I,A,A,H,-,D,D,0,NA,NA,NA,NA,Y,NA,A,07,1,1,0,0,0,0,0,0,0,-,-,34.2339,-117.19809,SAN BERNARDINO,UNINCORPORATED,-117.19808668,34.23392546
90074808,2015,2015-12-15,9870,2015-12-04,2157,020829,NA,5,2,9,3600,0,1,3,NA,2,021,SR-247 (OLD WOMAN SPRINGS ROAD),RECHE ROAD,2112,S,N,A,-,Y,NA,NA,247,NA,NA,NA,NA,NA,NA,Y,4,0,1,2,A,-,05,21460,C,F,F,A,A,A,H,-,D,D,0,NA,NA,NA,NA,Y,NA,-,99,0,0,1,0,0,0,0,0,0,-,-,34.26217,-116.44265,SAN BERNARDINO,UNINCORPORATED,-116.44258556,34.26222112
90074810,2015,2015-12-15,9870,2015-11-30,1215,018842,NA,1,1,9,3600,0,1,3,NA,1,031,SR-62 (TWENTYNINE PALMS HIGWAY),PARK BLVD,0,NA,Y,A,-,Y,NA,NA,62,NA,NA,NA,NA,NA,NA,Y,3,0,3,3,A,-,12,21453,A,N,D,C,A,A,H,-,A,A,0,NA,NA,NA,NA,Y,NA,A,01,0,3,0,0,0,0,0,0,0,-,-,34.13496,-116.31519,SAN BERNARDINO,UNINCORPORATED,-116.31519006,34.13497392
90145327,2016,2016-03-28,9860,2016-03-19,1310,019419,NA,6,1,9,3600,0,1,1,NA,2,152,I-15 N/B,SR-138,5280,N,N,A,-,Y,NA,NA,15,NA,NA,NA,NA,NA,N,N,4,0,1,2,A,-,07,21658,A,N,B,C,A,A,D,-,A,D,0,NA,NA,NA,Y,Y,NA,G,25,0,0,1,0,0,0,0,0,0,-,-,34.3176,-117.4799,SAN BERNARDINO,UNINCORPORATED,-117.47991269,34.3175924
90145477,2016,2016-03-28,9860,2016-03-25,1400,017919,NA,5,2,6,3610,0,1,1,NA,2,216,I-215 N/B,DEVORE RD,3142,S,N,A,-,Y,NA,NA,215,NA,NA,NA,NA,NA,N,N,4,0,1,2,A,-,03,22350,NA,N,C,C,A,A,H,-,A,D,0,NA,NA,NA,NA,Y,NA,A,01,0,0,1,0,0,0,0,0,0,-,-,34.21703,-117.39482,SAN BERNARDINO,SAN BERNARDINO,-117.39482851,34.21701942
90145555,2016,2016-03-28,9860,2016-03-27,0735,019321,NA,7,1,9,3600,0,1,1,NA,2,151,I-15 N/B,KENWOOD AVE,5808,S,N,A,-,Y,NA,NA,15,NA,NA,NA,NA,NA,N,Y,2,0,1,1,A,-,08,22107,NA,N,F,A,A,A,D,-,A,D,0,NA,NA,Y,NA,Y,NA,C,02,1,0,0,0,0,0,0,0,1,-,-,34.22388,-117.40974,SAN BERNARDINO,UNINCORPORATED,-117.40951731,34.22388366
90145572,2016,2016-03-28,9860,2016-03-25,2245,020626,NA,5,3,6,3610,0,1,1,NA,2,214,I-215 N/B,5TH ST,1350,S,N,A,-,Y,NA,NA,215,NA,NA,NA,NA,NA,N,Y,3,0,1,2,A,-,07,21658,A,N,B,C,A,A,H,-,C,D,0,NA,NA,NA,NA,Y,NA,A,01,0,1,0,0,0,0,0,0,0,-,-,34.10454,-117.30188,SAN BERNARDINO,SAN BERNARDINO,-117.30195665,34.1045235
90079200,2015,2015-12-21,9850,2015-12-18,1613,020899,NA,5,2,9,3600,0,3,5,NA,2,006,BALDY MESA RD,MESQUITE ST,5280,N,N,A,-,N,NA,NA,NA,NA,NA,NA,NA,NA,NA,Y,4,0,2,2,A,-,01,23152,A,N,A,C,A,A,H,-,A,D,0,NA,NA,NA,NA,Y,Y,A,01,0,0,2,0,0,0,0,0,0,-,-,34.41202,-117.45124,SAN BERNARDINO,UNINCORPORATED,-117.45097,34.41192514
9007966,2019,2019-12-23,3600,2019-08-17,2337,D3381,VC059,6,5,5,3612,0,0,0,NA,0,VC4,AMARGOSA RD,GLENGARRY DR,0,NA,Y,A,-,N,NA,NA,NA,NA,NA,NA,NA,NA,NA,Y,3,0,1,2,A,-,03,22350,NA,F,A,C,A,A,H,-,C,A,0,NA,NA,NA,NA,Y,NA,A,01,0,1,0,0,0,0,0,0,0,-,-,NA,NA,SAN BERNARDINO,VICTORVILLE,NA,NA
90149411,2016,2016-04-04,9860,2016-04-02,0950,018905,NA,6,1,9,3600,0,3,5,NA,2,004,JURUPA AVE,LINDEN AVE,0,NA,Y,A,-,N,NA,NA,NA,NA,NA,NA,NA,NA,NA,Y,4,0,1,2,A,-,09,21802,A,N,D,C,A,A,H,-,A,A,0,NA,NA,NA,NA,Y,NA,D,22,0,0,1,0,0,0,0,0,0,-,-,34.04861,-117.4006,SAN BERNARDINO,UNINCORPORATED,-117.40072013,34.04862001
90149419,2016,2016-04-04,9860,2016-03-28,0018,020387,NA,1,3,9,3600,0,1,1,NA,2,152,I-15 S/B,OAK HILL RD.,6864,S,N,A,-,Y,NA,NA,15,NA,NA,NA,NA,NA,S,Y,4,0,3,1,A,-,08,22107,NA,N,F,A,A,A,D,-,D,D,0,NA,NA,NA,NA,Y,NA,A,07,0,0,3,0,0,0,0,0,0,-,-,34.34798,-117.44855,SAN BERNARDINO,UNINCORPORATED,-117.44832656,34.34775846
90080789,2015,2015-12-23,9860,2015-12-10,2310,019391,NA,4,3,6,3610,0,1,1,NA,2,216,I-215 N/B,UNIVERSITY PKY,5,N,N,B,C,Y,NA,NA,215,NA,NA,NA,NA,NA,N,Y,4,0,1,2,A,-,03,22350,NA,N,B,C,A,B,H,-,C,D,0,NA,NA,NA,Y,Y,NA,A,01,0,0,1,0,0,0,0,0,0,-,-,34.1646,-117.3334,SAN BERNARDINO,SAN BERNARDINO,-117.3333202,34.16467063
90081264,2015,2015-12-23,9850,2015-12-12,1700,020559,NA,6,2,9,3600,0,2,4,NA,2,066,PHELAN RD,SHEEP CREEK,270,W,N,A,-,N,NA,NA,NA,NA,NA,NA,NA,NA,NA,Y,4,0,1,2,A,-,09,21801,A,N,D,C,A,A,H,-,A,D,0,NA,NA,NA,NA,Y,NA,A,01,0,0,1,0,0,0,0,0,0,-,-,34.4262,-117.5736,SAN BERNARDINO,UNINCORPORATED,-117.57345291,34.42631
90153909,2016,2016-04-08,9860,2016-04-02,0245,020626,NA,6,3,9,3600,0,1,3,NA,1,382,SR-38 W/B,VALLEY OF THE FALLS DR,226,W,N,A,-,Y,NA,NA,38,NA,NA,NA,NA,NA,W,Y,3,0,2,1,A,-,08,22107,NA,N,F,A,A,A,H,-,D,D,0,NA,NA,NA,NA,Y,NA,A,01,0,2,0,0,0,0,0,0,0,-,-,34.09533,-116.95954,SAN BERNARDINO,UNINCORPORATED,-116.95952546,34.0954863
90081487,2015,2015-12-23,9855,2015-12-18,1428,019165,NA,5,2,6,3616,0,1,1,NA,2,203,SR-210 E/B (FOOTHILL FWY),CARNELIAN ST.,2000,W,N,A,-,Y,NA,NA,210,NA,NA,NA,NA,NA,E,N,4,0,1,2,A,-,03,22350,NA,N,C,C,A,A,H,-,A,D,0,NA,NA,NA,NA,Y,NA,A,07,0,0,1,0,0,0,0,0,0,-,-,34.13476,-117.62059000000001,SAN BERNARDINO,RANCHO CUCAMONGA,-117.62059006,34.13476794
9008521,2019,2020-02-14,3600,2019-12-13,0055,G7659,VC003,5,5,5,3612,0,0,0,NA,0,VC1,HESPERIA RD,FORREST AV,0,NA,Y,A,-,N,NA,NA,NA,NA,NA,NA,NA,NA,NA,Y,2,0,1,1,A,-,03,22350,NA,N,F,I,A,A,H,-,C,D,0,NA,NA,NA,Y,Y,NA,-,-,1,0,0,0,0,0,0,0,0,-,-,NA,NA,SAN BERNARDINO,VICTORVILLE,-117.29486083984376,34.53163146972656
90108616,2016,2016-02-03,9855,2016-01-30,1900,020487,NA,6,2,5,3611,0,1,1,NA,2,103,I-10 E/B (SAN BERNARDINO FWY),EUCLID AVE.,300,W,N,A,-,Y,NA,NA,10,NA,NA,NA,NA,NA,E,Y,4,0,1,1,C,-,18,NA,NA,N,A,I,A,A,H,-,A,D,0,NA,NA,NA,NA,Y,NA,-,-,0,0,1,0,0,0,0,0,0,-,-,34.08721,-117.65897,SAN BERNARDINO,UPLAND,-117.65897007,34.08724064
90158254,2016,2016-04-14,9860,2016-04-09,2130,019419,NA,6,2,9,3600,0,1,3,NA,1,010,SR-138 E/B,I-15,10560,E,N,B,-,Y,NA,NA,138,NA,NA,NA,NA,NA,E,Y,3,0,1,1,A,-,08,22107,NA,N,F,A,A,A,H,-,D,D,0,NA,NA,NA,NA,Y,NA,A,01,0,1,0,0,0,0,0,0,0,-,-,34.32647,-117.44996,SAN BERNARDINO,UNINCORPORATED,-117.45002138,34.32647906
90159182,2016,2016-04-18,9860,2016-04-08,0710,012530,NA,5,1,6,3610,0,1,1,NA,2,216,I-215 N/B,UNIVERSITY PARKWAY,1873,N,N,B,C,Y,NA,NA,215,NA,NA,NA,NA,NA,N,Y,3,0,1,1,A,-,08,22107,NA,N,E,I,A,B,H,-,A,D,0,NA,NA,NA,NA,Y,NA,D,22,0,1,0,0,0,0,0,0,0,-,-,34.1734,-117.34079,SAN BERNARDINO,SAN BERNARDINO,-117.34082708,34.1733682
90161878,2016,2016-04-20,9834,2016-04-01,1415,018921,NA,5,2,9,3600,0,1,2,NA,1,093,US-95,HAVASU LAKE ROAD,15840,N,N,A,-,Y,NA,NA,95,NA,NA,NA,NA,NA,NA,Y,2,0,1,1,A,-,08,22107,NA,N,F,A,A,A,H,-,A,D,0,NA,NA,NA,Y,Y,NA,G,25,1,0,0,0,0,0,0,0,0,-,-,34.59564,-114.63128,SAN BERNARDINO,UNINCORPORATED,-114.63121359,34.59561233
90162004,2016,2016-04-20,9834,2016-04-03,1345,018921,NA,7,1,9,3600,0,1,1,NA,2,042,I-40 W/B,MOUNTAIN SPRINGS RD,6336,E,N,A,-,Y,NA,NA,40,NA,NA,NA,NA,NA,W,Y,2,0,1,1,A,-,08,22107,NA,N,F,A,A,A,H,-,A,D,0,NA,NA,NA,NA,Y,NA,A,07,1,0,0,0,0,0,0,0,0,-,-,34.82921,-115.02768,SAN BERNARDINO,UNINCORPORATED,-115.02772162,34.82962096
90162433,2016,2016-04-21,9860,2016-04-12,0825,015940,NA,2,1,6,3610,1,4,S,NA,2,901,TIPPECANOE AVE,9TH STREET,25,S,N,A,-,N,NA,NA,NA,NA,NA,NA,NA,NA,NA,N,3,0,2,1,C,-,18,NA,NA,N,H,A,A,A,H,-,A,D,0,NA,NA,NA,NA,Y,NA,-,-,0,1,1,0,0,0,0,0,0,-,-,34.11559,-117.26091,SAN BERNARDINO,SAN BERNARDINO,-117.26099,34.11567151
90162915,2016,2016-04-21,9855,2016-04-15,0805,018313,NA,5,1,6,3607,0,1,1,NA,2,103,I-10 E/B FROM VINEYARD AVE,VINEYARD AVE.,900,E,N,A,-,Y,NA,NA,10,NA,NA,NA,R,NA,E,N,4,0,1,2,A,-,03,22350,NA,N,C,C,A,A,H,-,A,D,0,NA,NA,NA,NA,Y,NA,A,01,0,0,1,0,0,0,0,0,0,-,-,34.06931,-117.6092,SAN BERNARDINO,ONTARIO,-117.6092,34.06931
90163936,2016,2016-04-25,9835,2016-04-11,2104,015354,NA,1,2,9,3600,0,1,1,NA,2,076,INTERSTATE 15 NORTHBOUND,HALLORAN SUMMIT RD.,5966,N,N,A,-,Y,NA,NA,15,NA,NA,NA,NA,NA,N,Y,4,0,1,1,A,-,01,23152,A,N,F,A,A,A,H,-,D,D,0,NA,NA,NA,NA,Y,Y,A,01,0,0,1,0,0,0,0,0,0,-,-,35.40943,-115.7717,SAN BERNARDINO,UNINCORPORATED,-115.77172503,35.40950084
90163937,2016,2016-04-25,9835,2016-04-10,1020,021113,NA,7,1,9,3600,0,1,3,NA,1,013,SR-58 W/B,HIDDEN RIVER RD,11088,W,N,A,-,Y,NA,NA,58,NA,NA,NA,NA,NA,W,Y,3,0,4,3,A,-,03,22350,NA,N,C,C,A,A,H,-,A,D,0,NA,NA,NA,Y,Y,NA,A,01,0,1,3,0,0,0,0,0,0,-,-,34.9224,-117.26649,SAN BERNARDINO,UNINCORPORATED,-117.26648727,34.92248957
90115139,2016,2016-02-15,9860,2016-02-10,0853,013945,NA,3,1,6,3610,0,1,1,NA,2,216,I-215 S/B,DEVORE RD,3168,S,N,A,-,Y,NA,NA,215,NA,NA,NA,NA,NA,S,Y,4,0,2,3,A,-,03,22350,NA,N,C,C,A,A,D,-,A,D,0,NA,NA,NA,NA,Y,NA,A,01,0,0,2,0,0,0,0,0,0,-,-,34.21685,-117.39503,SAN BERNARDINO,SAN BERNARDINO,-117.39500476,34.21688246
9011700,2019,2019-12-30,3607,2019-08-05,1616,80537,209,1,5,6,3607,0,0,0,NA,0,071,FRANCIS ST,PARCO AV,0,NA,Y,-,-,N,NA,NA,NA,NA,NA,NA,NA,NA,NA,Y,4,0,1,2,A,-,09,21802,A,N,D,C,A,A,H,-,A,A,0,NA,NA,NA,NA,Y,NA,A,08,0,0,1,0,0,0,0,0,0,-,-,NA,NA,SAN BERNARDINO,ONTARIO,-117.62387847900392,34.04124069213867
9012017,2019,2020-01-02,3600,2019-08-25,2331,G9963,VC059,7,5,5,3612,0,0,0,NA,0,VC4,BEAR VALLEY RD,SHOOTING STAR DR,0,NA,Y,A,-,N,NA,NA,NA,NA,NA,NA,NA,NA,NA,N,3,0,1,2,A,-,03,22350,NA,F,C,C,A,A,H,-,C,D,0,NA,NA,Y,NA,Y,NA,A,07,0,1,0,0,0,0,0,0,1,-,-,NA,NA,SAN BERNARDINO,VICTORVILLE,-117.35993194580078,34.47040939331055
9012459,2019,2019-12-28,3607,2019-05-17,1906,19834,104,5,5,6,3607,0,0,0,NA,0,022,LEMON AV,F ST,0,NA,Y,A,-,N,NA,NA,NA,NA,NA,NA,NA,NA,NA,NA,4,0,1,2,A,-,09,21802,A,N,D,C,A,A,H,-,A,A,0,NA,NA,NA,NA,Y,NA,A,01,0,0,1,0,0,0,0,0,0,-,-,NA,NA,SAN BERNARDINO,ONTARIO,-117.64959716796876,34.069419860839844
9016940,2020,2020-05-29,3608,2020-02-13,0154,4202,3608,4,5,5,3608,0,0,0,NA,0,NA,EAST BROCTON AV,COLGATE PL,25,E,N,A,-,N,NA,NA,NA,NA,NA,NA,NA,NA,NA,Y,3,0,1,1,A,-,08,22107,NA,M,E,I,A,A,H,-,C,D,0,NA,NA,NA,NA,Y,Y,D,22,0,1,0,0,0,0,0,0,0,-,-,NA,NA,SAN BERNARDINO,REDLANDS,-117.17257690429688,34.06639862060547
90169691,2016,2016-09-08,9865,2016-04-23,1215,019929,NA,6,1,9,3600,0,1,3,NA,2,032,SR-18,GILDART DR.,121,S,N,A,-,Y,NA,NA,18,NA,NA,NA,NA,NA,NA,Y,4,0,2,3,A,-,03,22350,NA,N,C,C,A,A,H,-,A,D,0,NA,NA,NA,NA,Y,NA,A,07,0,0,2,0,0,0,0,0,0,-,-,34.26041,-116.86467,SAN BERNARDINO,UNINCORPORATED,-116.86466978,34.26049816
9016996,2020,2020-05-29,3600,2020-02-05,0431,E0912,075,3,5,5,3612,0,0,0,NA,0,006,MOJAVE DR,VILLAGE DR,0,NA,Y,A,-,N,NA,NA,NA,NA,NA,NA,NA,NA,NA,Y,4,0,1,2,A,-,09,21804,NA,N,D,C,A,A,H,-,C,D,0,NA,NA,NA,NA,Y,Y,D,22,0,0,1,0,0,0,0,0,0,-,-,NA,NA,SAN BERNARDINO,VICTORVILLE,-117.3183135986328,34.528900146484375
90170030,2016,2016-05-02,9860,2016-04-30,0613,017018,NA,6,1,6,3610,0,1,1,NA,2,216,I-215 SOUTHBOUND,BASELINE STREET,300,N,N,B,C,Y,NA,NA,215,NA,NA,NA,NA,NA,S,Y,2,0,1,2,A,-,03,22350,NA,N,C,C,A,B,H,-,A,D,0,NA,NA,NA,NA,Y,NA,A,01,1,0,0,0,0,0,0,0,0,-,-,34.12308,-117.30266,SAN BERNARDINO,SAN BERNARDINO,-117.30293182,34.12308414
90170335,2016,2016-05-02,9855,2016-04-24,2040,020904,NA,7,2,6,3607,0,1,1,NA,2,103,I-10 W/B TO HOLT BLVD,E CONVENTION CENTER WAY,550,E,N,B,-,Y,NA,NA,10,NA,NA,NA,R,NA,W,Y,2,0,1,1,A,-,01,23152,A,N,E,I,A,A,H,-,C,D,0,NA,NA,Y,NA,Y,Y,C,02,1,0,0,0,0,0,0,0,1,-,-,34.06599,-117.6015,SAN BERNARDINO,ONTARIO,-117.6015,34.06599
90125252,2016,2016-02-29,9834,2016-02-26,1025,018054,NA,5,1,9,3600,0,1,3,NA,1,064,SR-62,US-95,40656,W,N,A,-,Y,NA,NA,62,NA,NA,NA,NA,NA,NA,Y,3,0,2,1,A,-,08,22107,NA,N,F,A,A,A,H,-,A,D,0,NA,NA,NA,NA,Y,NA,A,07,0,2,0,0,0,0,0,0,0,-,-,34.12082,-114.67811,SAN BERNARDINO,UNINCORPORATED,-114.67807799,34.12079545
90127619,2016,2016-03-02,9855,2016-02-23,1705,017313,NA,2,2,6,3607,0,1,3,NA,2,601,SR-60 W/B (POMONA FWY),HAVEN AVE.,2640,W,N,A,-,Y,NA,NA,NA,NA,NA,NA,NA,NA,NA,Y,4,0,1,2,A,-,07,21658,A,N,E,C,A,A,H,-,A,D,0,NA,NA,NA,NA,Y,NA,A,01,0,0,1,0,0,0,0,0,0,-,-,NA,NA,SAN BERNARDINO,ONTARIO,-117.58415532,34.03067656