CASE_ID,ACCIDENT_YEAR,PROC_DATE,JURIS,COLLISION_DATE,COLLISION_TIME,OFFICER_ID,REPORTING_DISTRICT,DAY_OF_WEEK,CHP_SHIFT,POPULATION,CNTY_CITY_LOC,SPECIAL_COND,BEAT_TYPE,CHP_BEAT_TYPE,CITY_DIVISION_LAPD,CHP_BEAT_CLASS,BEAT_NUMBER,PRIMARY_RD,SECONDARY_RD,DISTANCE,DIRECTION,INTERSECTION,WEATHER_1,WEATHER_2,STATE_HWY_IND,CALTRANS_COUNTY,CALTRANS_DISTRICT,STATE_ROUTE,ROUTE_SUFFIX,POSTMILE_PREFIX,POSTMILE,LOCATION_TYPE,RAMP_INTERSECTION,SIDE_OF_HWY,TOW_AWAY,COLLISION_SEVERITY,NUMBER_KILLED,NUMBER_INJURED,PARTY_COUNT,PRIMARY_COLL_FACTOR,PCF_CODE_OF_VIOL,PCF_VIOL_CATEGORY,PCF_VIOLATION,PCF_VIOL_SUBSECTION,HIT_AND_RUN,TYPE_OF_COLLISION,MVIW,PED_ACTION,ROAD_SURFACE,ROAD_COND_1,ROAD_COND_2,LIGHTING,CONTROL_DEVICE,CHP_ROAD_TYPE,PEDESTRIAN_ACCIDENT,BICYCLE_ACCIDENT,MOTORCYCLE_ACCIDENT,TRUCK_ACCIDENT,NOT_PRIVATE_PROPERTY,ALCOHOL_INVOLVED,STWD_VEHTYPE_AT_FAULT,CHP_VEHTYPE_AT_FAULT,COUNT_SEVERE_INJ,COUNT_VISIBLE_INJ,COUNT_COMPLAINT_PAIN,COUNT_PED_KILLED,COUNT_PED_INJURED,COUNT_BICYCLIST_KILLED,COUNT_BICYCLIST_INJURED,COUNT_MC_KILLED,COUNT_MC_INJURED,PRIMARY_RAMP,SECONDARY_RAMP,LATITUDE,LONGITUDE,COUNTY,CITY,POINT_X,POINT_Y
90720856,2018,2018-05-07,9865,2018-04-30,1727,016179,NA,1,2,9,3600,0,3,5,NA,2,003,STATE LN,WILLOW LN,0,NA,Y,A,-,N,NA,NA,NA,NA,NA,NA,NA,NA,NA,Y,3,0,2,2,A,-,09,21801,A,N,D,C,A,A,H,-,A,D,0,NA,NA,NA,NA,Y,NA,A,01,0,1,1,0,0,0,0,0,0,-,-,34.243309020996094,-116.80074310302734,SAN BERNARDINO,UNINCORPORATED,-116.8006591796875,34.243228912353516
90700398,2018,2018-04-06,9855,2018-04-03,1545,013591,NA,2,2,6,3616,0,1,1,NA,2,204,SR-210 E/B (FOOTHILL FWY),HAVEN AVE.,2112,W,N,A,-,Y,NA,NA,210,NA,NA,NA,NA,NA,E,N,3,0,3,2,A,-,03,22350,NA,N,C,C,A,A,H,-,A,D,0,NA,NA,NA,NA,Y,NA,A,01,0,2,1,0,0,0,0,0,0,-,-,34.135589599609375,-117.58387756347656,SAN BERNARDINO,RANCHO CUCAMONGA,-117.58387756347656,34.1355094909668
90701528,2018,2018-04-09,9865,2018-04-07,1610,021064,NA,6,2,9,3600,0,1,3,NA,2,021,SR-330,FREDALBA RD,135,N,N,B,-,Y,NA,NA,330,NA,NA,NA,NA,NA,NA,Y,4,0,2,1,A,-,08,22107,NA,N,E,I,A,A,H,-,A,D,0,NA,NA,NA,NA,Y,NA,A,07,0,0,2,0,0,0,0,0,0,-,-,34.20512008666992,-117.12364196777344,SAN BERNARDINO,UNINCORPORATED,-117.12361907958984,34.205081939697266
9070249,2020,2020-03-18,3608,2020-01-19,0305,4963,3608,7,5,5,3608,0,0,0,NA,0,NA,SAN TIMOTEO CANYON RD,FRONTAGE RD,0,NA,-,A,-,N,NA,NA,NA,NA,NA,NA,NA,NA,NA,Y,3,0,1,1,A,-,03,22350,NA,N,E,I,A,A,H,-,D,D,0,NA,NA,NA,NA,Y,NA,A,01,0,1,0,0,0,0,0,0,0,-,-,34.030948638916016,-117.20851135253906,SAN BERNARDINO,REDLANDS,NA,NA
90722247,2018,2018-05-08,9860,2018-04-23,0635,017949,NA,1,1,4,3640,0,1,1,NA,2,106,I-10 W/B,COUNTY LINE RD,3696,W,N,A,-,Y,NA,NA,10,NA,NA,NA,NA,NA,W,Y,3,0,4,4,A,-,03,22350,NA,N,C,C,A,A,H,-,A,D,0,NA,NA,NA,NA,Y,NA,A,01,0,1,3,0,0,0,0,0,0,-,-,34.012359619140625,-117.0731964111328,SAN BERNARDINO,YUCAIPA,-117.07317352294922,34.012447357177734
9072236,2020,2020-05-20,3604,2020-02-23,0326,1286,NA,7,5,6,3604,0,0,0,NA,0,NA,CHERRY AV,SOUTHWOOD,170,N,N,C,-,N,NA,NA,NA,NA,NA,NA,NA,NA,NA,N,3,0,1,1,A,-,03,22350,NA,N,E,J,A,B,H,-,C,A,0,NA,NA,NA,NA,Y,NA,A,01,0,1,0,0,0,0,0,0,0,-,-,NA,NA,SAN BERNARDINO,FONTANA,-117.4890365600586,34.04517364501953
90722383,2018,2018-05-08,9855,2018-05-07,0735,015337,NA,1,1,4,3605,0,1,1,NA,2,103,I-10 W/B (SAN BERNARDINO FWY),MOUNTAIN AVE.,2640,W,N,A,-,Y,NA,NA,NA,NA,NA,NA,NA,NA,NA,N,4,0,1,2,A,-,03,22350,NA,N,C,C,A,A,H,-,A,D,0,NA,NA,NA,NA,Y,NA,A,07,0,0,1,0,0,0,0,0,0,-,-,34.08740997314453,-117.65503692626952,SAN BERNARDINO,MONTCLAIR,-117.6788330078125,34.087371826171875
90703649,2018,2018-04-11,9835,2018-04-03,0728,021256,NA,2,1,9,3600,0,1,1,NA,2,070,I-15 S/B,HODGE RD,7392,N,N,A,-,Y,NA,NA,NA,NA,NA,NA,NA,NA,NA,Y,4,0,1,1,A,-,08,22107,NA,N,E,I,A,A,H,-,A,D,0,NA,NA,NA,NA,Y,NA,A,07,0,0,1,0,0,0,0,0,0,-,-,34.463340759277344,-117.85748291015624,SAN BERNARDINO,UNINCORPORATED,NA,NA
90697106,2018,2018-04-02,9855,2018-03-21,1355,020614,NA,3,1,6,3604,0,1,1,NA,2,153,I-15 S/B,SIERRA AVE,800,S,N,B,C,Y,NA,NA,15,NA,NA,NA,NA,NA,S,Y,3,0,2,1,A,-,03,22350,NA,N,E,I,A,B,H,-,A,D,0,NA,NA,NA,NA,Y,NA,A,01,0,1,1,0,0,0,0,0,0,-,-,34.18130874633789,-117.43714141845705,SAN BERNARDINO,FONTANA,-117.43728637695313,34.181461334228516
90709953,2018,2018-04-20,9855,2018-04-13,1551,020110,NA,5,2,5,3611,0,1,1,NA,2,203,SR-210 E/B (FOOTHILL FWY),SAN ANTONIO AVE.,340,W,N,A,-,Y,NA,NA,210,NA,NA,NA,NA,NA,E,N,4,0,1,2,A,-,07,21658,A,N,B,C,A,A,H,-,A,D,0,NA,NA,Y,NA,Y,NA,A,01,0,0,1,0,0,0,0,0,1,-,-,34.13457107543945,-117.66175842285156,SAN BERNARDINO,UPLAND,-117.66175842285156,34.134525299072266
90697609,2018,2018-04-03,9855,2018-03-29,1542,017808,NA,4,2,6,3607,0,1,1,NA,2,152,I-15 S/B (ONTARIO FWY),I-10 E/B (SAN BERNARDINO FWY),528,S,N,A,-,Y,NA,NA,15,NA,NA,NA,NA,NA,S,Y,4,0,1,3,A,-,03,22350,NA,N,C,C,A,A,H,-,A,D,0,NA,NA,NA,NA,Y,NA,A,01,0,0,1,0,0,0,0,0,0,-,-,34.06562042236328,-117.54503631591795,SAN BERNARDINO,ONTARIO,-117.54505157470705,34.06562042236328
90697852,2018,2018-04-03,9865,2018-03-16,1443,020725,NA,5,2,2,3680,1,4,S,NA,2,901,STATE ROUTE 18 (BIG BEAR BOULEVARD),HILLCREST DRIVE,25,S,N,B,-,Y,NA,NA,18,NA,NA,NA,NA,NA,NA,Y,2,0,1,3,D,-,00,NA,NA,N,D,C,A,A,H,-,A,A,0,NA,NA,NA,NA,Y,NA,-,-,1,0,0,0,0,0,0,0,0,-,-,34.240238189697266,-116.92958068847656,SAN BERNARDINO,BIG BEAR LAKE,-116.92958068847656,34.240257263183594
90699315,2018,2018-04-05,9855,2018-03-26,0715,020460,NA,1,1,6,3607,0,1,1,NA,2,101,I-10 E/B (SAN BERNARDINO FWY),ETIWANDA AVE.,1478,W,N,A,-,Y,NA,NA,10,NA,NA,NA,NA,NA,E,Y,4,0,2,4,A,-,03,22350,NA,N,C,C,A,A,H,-,A,D,0,NA,NA,NA,NA,Y,NA,A,01,0,0,2,0,0,0,0,0,0,-,-,34.06734085083008,-117.52903747558594,SAN BERNARDINO,ONTARIO,-117.52903747558594,34.06730651855469
90699837,2018,2018-04-05,9865,2018-03-29,2042,021064,NA,4,2,9,3600,0,1,3,NA,1,034,SR-18,SMARTS RANCH ROAD,5280,S,N,A,-,Y,NA,NA,18,NA,NA,NA,NA,NA,NA,Y,4,0,1,1,A,-,08,22107,NA,N,E,I,A,A,H,-,D,D,0,NA,NA,NA,NA,Y,NA,A,01,0,0,1,0,0,0,0,0,0,-,-,34.3089485168457,-116.8066864013672,SAN BERNARDINO,UNINCORPORATED,-116.80665588378906,34.30897521972656
90727338,2018,2018-05-16,9855,2018-05-04,2238,018000,NA,5,3,6,3607,0,1,3,NA,2,601,SR-60 W/B (POMONA FWY),EUCLID AVE.,1530,E,N,A,-,Y,NA,NA,60,NA,NA,NA,NA,NA,W,Y,4,0,1,2,A,-,07,21658,A,N,C,C,A,A,H,-,C,D,0,NA,NA,NA,Y,Y,NA,A,01,0,0,1,0,0,0,0,0,0,-,-,34.03062057495117,-117.6454620361328,SAN BERNARDINO,ONTARIO,-117.6454620361328,34.03053283691406
90729212,2018,2018-05-18,9855,2018-05-11,2020,020913,NA,5,2,6,3607,0,1,1,NA,2,152,I-15 N/B (ONTARIO FWY),FOURTH ST.,1640,N,N,A,-,Y,NA,NA,NA,NA,NA,NA,NA,NA,NA,Y,4,0,1,2,A,-,03,22350,NA,N,C,C,A,A,H,-,D,D,0,NA,NA,NA,NA,Y,NA,A,01,0,0,1,0,0,0,0,0,0,-,-,34.081809997558594,-117.54438018798828,SAN BERNARDINO,ONTARIO,-117.54463958740234,34.07732009887695
90730268,2018,2018-05-21,9855,2018-05-12,1235,016829,NA,6,1,6,3607,0,1,1,NA,2,101,I-10 E/B (SAN BERNARDINO FWY),MILLIKEN AVE.,600,W,N,B,-,Y,NA,NA,10,NA,NA,NA,NA,NA,E,Y,3,0,1,2,A,-,03,22350,NA,N,C,C,A,A,H,-,A,D,0,NA,NA,NA,NA,Y,NA,A,01,0,1,0,0,0,0,0,0,0,-,-,34.06711959838867,-117.5659408569336,SAN BERNARDINO,ONTARIO,-117.5659408569336,34.06740188598633
90730389,2018,2018-05-21,9855,2018-05-14,1538,019732,NA,1,2,6,3607,0,1,1,NA,2,103,I-10 E/B (SAN BERNARDINO FWY),MOUNTAIN AVE.,1500,W,N,B,-,Y,NA,NA,10,NA,NA,NA,NA,NA,E,Y,4,0,1,2,A,-,03,22350,NA,N,C,C,A,A,H,-,A,D,0,NA,NA,NA,NA,Y,NA,A,01,0,0,1,0,0,0,0,0,0,-,-,34.087188720703125,-117.6777114868164,SAN BERNARDINO,ONTARIO,-117.6777114868164,34.08714294433594
90730656,2018,2018-05-21,9855,2018-05-18,1520,019675,NA,5,2,6,3607,0,1,1,NA,2,152,I-15 S/B (ONTARIO FWY),AIRPORT DRIVE,1320,S,N,A,-,Y,NA,NA,15,NA,NA,NA,NA,NA,S,N,4,0,1,2,A,-,03,22350,NA,N,C,C,A,A,H,-,A,D,0,NA,NA,NA,NA,Y,NA,D,22,0,0,1,0,0,0,0,0,0,-,-,34.058921813964844,-117.54547882080078,SAN BERNARDINO,ONTARIO,-117.54550170898438,34.05892562866211
90731295,2018,2018-05-22,9865,2018-05-13,1345,020388,NA,7,1,9,3600,0,1,3,NA,1,034,SR-18,JACOBY CANYON RD (3N61),6494,N,N,A,-,Y,NA,NA,18,NA,NA,NA,NA,NA,NA,N,3,0,1,1,A,-,03,22350,NA,N,F,A,A,A,H,-,A,D,0,NA,NA,Y,NA,Y,NA,C,02,0,1,0,0,0,0,0,0,1,-,-,34.330711364746094,-116.82933044433594,SAN BERNARDINO,UNINCORPORATED,-116.82937622070313,34.330684661865234
90700364,2018,2018-04-06,9865,2018-03-30,0910,017407,NA,5,1,9,3600,0,1,3,NA,2,021,STATE ROUTE 330,LIVE OAK DRIVE,0,NA,Y,A,-,Y,NA,NA,330,NA,NA,NA,NA,NA,NA,Y,3,0,3,3,A,-,09,21802,A,N,D,C,A,A,H,-,A,A,0,NA,NA,NA,NA,Y,NA,A,07,0,1,2,0,0,0,0,0,0,-,-,34.2039909362793,-117.14225006103516,SAN BERNARDINO,UNINCORPORATED,-117.14224243164063,34.20402145385742
90735118,2018,2018-05-25,9855,2018-05-13,2230,020664,NA,7,3,6,3604,0,1,1,NA,2,201,I-10 E/B FROM SIERRA AVE.,SIERRA AVE.,40,W,N,B,-,Y,NA,NA,NA,NA,NA,NA,NA,NA,NA,Y,3,0,2,1,A,-,08,22107,NA,N,E,I,A,A,H,-,C,D,0,NA,NA,NA,NA,Y,Y,A,01,0,2,0,0,0,0,0,0,0,-,-,34.13536071777344,-117.43639373779295,SAN BERNARDINO,FONTANA,-117.43588256835938,34.06725311279297
9072170,2020,2020-05-15,3602,2020-02-21,0853,3986,NA,5,5,5,3602,0,0,0,NA,0,002,MOUNTAIN AV,WALNUT AV,150,N,N,A,-,N,NA,NA,NA,NA,NA,NA,NA,NA,NA,N,4,0,1,4,A,-,03,22350,NA,F,C,C,A,A,H,-,A,A,0,NA,NA,NA,NA,Y,NA,A,01,0,0,1,0,0,0,0,0,0,-,-,34.02696990966797,-117.6676788330078,SAN BERNARDINO,CHINO,-117.66761779785156,34.02684020996094
9072299,2020,2020-07-09,3604,2020-02-17,2127,1163,NA,1,5,6,3604,0,0,0,NA,0,NA,FOOTHILL BL,MANGO AV,0,NA,Y,A,-,N,NA,NA,NA,NA,NA,NA,NA,NA,NA,N,4,0,1,2,A,-,12,21453,A,N,D,C,A,A,H,-,C,A,0,NA,NA,NA,NA,Y,NA,A,01,0,0,1,0,0,0,0,0,0,-,-,NA,NA,SAN BERNARDINO,FONTANA,-117.43144989013672,34.10663986206055
90706974,2018,2018-04-17,9870,2018-04-14,2055,019709,NA,6,2,9,3600,0,3,5,NA,2,003,MESQUITE SPRINGS RD.,SUNNY SANDS DR.,528,N,N,A,-,N,NA,NA,NA,NA,NA,NA,NA,NA,NA,Y,3,0,3,1,A,-,01,23152,A,N,F,A,A,A,H,-,D,D,0,NA,NA,NA,NA,Y,NA,A,01,0,1,2,0,0,0,0,0,0,-,-,34.20328903198242,-116.07150268554688,SAN BERNARDINO,UNINCORPORATED,-116.07147216796876,34.20231246948242
9071234,2020,2020-07-08,3604,2020-05-29,1856,1286,NA,5,5,6,3604,0,0,0,NA,0,NA,LOCUST AV,ARROW BL,0,NA,Y,A,-,N,NA,NA,NA,NA,NA,NA,NA,NA,NA,N,2,0,1,2,A,-,12,21453,A,N,D,C,A,A,H,-,A,A,0,NA,NA,NA,NA,Y,NA,A,01,1,0,0,0,0,0,0,0,0,-,-,NA,NA,SAN BERNARDINO,FONTANA,-117.40963745117188,34.09947967529297
90713032,2018,2018-04-25,9855,2018-04-18,0710,012923,NA,3,1,6,3616,0,1,1,NA,2,203,SR-210 W/B (FOOTHILL FWY),CARNELIAN ST.,535,E,N,A,-,Y,NA,NA,210,NA,NA,NA,NA,NA,W,N,3,0,3,3,A,-,03,22350,NA,N,C,C,A,A,H,-,A,D,0,NA,NA,NA,NA,Y,NA,A,07,0,1,2,0,0,0,0,0,0,-,-,34.1349983215332,-117.60798645019533,SAN BERNARDINO,RANCHO CUCAMONGA,-117.60798645019533,34.1351203918457
90739738,2018,2018-06-04,9860,2018-06-01,1544,016646,NA,5,2,6,3610,0,1,1,NA,2,216,I-215 N/B,MASSACHUSETTS AVE,1056,S,N,A,-,Y,NA,NA,215,NA,NA,NA,NA,NA,N,Y,3,0,1,2,A,-,08,22107,NA,N,B,C,A,A,H,-,A,D,0,NA,NA,NA,NA,Y,NA,A,01,0,1,0,0,0,0,0,0,0,-,-,34.131778717041016,-117.30606079101563,SAN BERNARDINO,SAN BERNARDINO,-117.30616760253906,34.13162612915039
90713860,2018,2018-04-26,9855,2018-04-21,1632,020151,NA,6,2,6,3607,0,1,1,NA,2,101,I-10 E/B (SAN BERNARDINO FWY),MILLIKEN AVE.,2500,W,N,A,-,Y,NA,NA,10,NA,NA,NA,NA,NA,E,Y,3,0,3,2,A,-,03,22350,NA,N,C,C,A,A,H,-,A,D,0,NA,NA,NA,NA,Y,NA,A,01,0,3,0,0,0,0,0,0,0,-,-,34.0672607421875,-117.56723022460938,SAN BERNARDINO,ONTARIO,-117.56723022460938,34.06740951538086
90742698,2018,2018-06-06,9835,2018-05-30,1527,022078,NA,3,2,9,3600,0,2,4,NA,1,018,FORT IRWIN RD,ANGLE POINT RD,528,N,N,A,-,N,NA,NA,NA,NA,NA,NA,NA,NA,NA,Y,4,0,1,2,A,-,03,22350,NA,N,C,C,A,A,H,-,A,D,0,NA,NA,NA,NA,Y,NA,A,07,0,0,1,0,0,0,0,0,0,-,-,35.145511627197266,-116.73001861572266,SAN BERNARDINO,UNINCORPORATED,NA,NA
90744006,2018,2018-06-08,9855,2018-05-27,0230,020913,NA,7,3,5,3602,0,1,3,NA,2,603,SR-60 E/B (POMONA FWY),MOUNTAIN AVE.,600,W,N,B,-,Y,NA,NA,60,NA,NA,NA,NA,NA,E,Y,4,0,1,3,A,-,03,22350,NA,N,C,C,A,A,H,-,D,D,0,NA,NA,NA,Y,Y,NA,D,22,0,0,1,0,0,0,0,0,0,-,-,34.03023910522461,-117.66845703125,SAN BERNARDINO,CHINO,-117.66845703125,34.03025436401367
90745748,2018,2018-06-11,9865,2018-06-03,1800,021841,NA,7,2,9,3600,0,1,3,NA,2,032,SR-38,GREENWAY DRIVE,0,NA,Y,A,-,Y,NA,NA,38,NA,NA,NA,NA,NA,NA,Y,3,0,1,2,A,-,12,21453,A,N,D,C,A,A,H,-,A,A,0,NA,NA,NA,NA,Y,NA,A,07,0,1,0,0,0,0,0,0,0,-,-,34.26116180419922,-116.84552001953124,SAN BERNARDINO,UNINCORPORATED,-116.84552001953124,34.26115798950195
9074588,2020,2020-07-20,3602,2020-04-18,1102,4067,NA,6,5,5,3602,0,0,0,NA,0,002,RIVERSIDE DR,10TH ST,0,NA,Y,A,-,N,NA,NA,NA,NA,NA,NA,NA,NA,NA,N,3,0,1,2,A,-,12,21453,A,N,D,C,A,A,H,-,A,A,0,NA,NA,NA,NA,Y,NA,A,01,0,1,0,0,0,0,0,0,0,-,-,NA,NA,SAN BERNARDINO,CHINO,-117.686767578125,34.019100189208984
9074824,2020,2020-06-24,3604,2020-03-05,1150,769,NA,4,5,6,3604,0,0,0,NA,0,001,SIERRA AV,SUMMIT AV,781,N,N,A,-,N,NA,NA,NA,NA,NA,NA,NA,NA,NA,Y,3,0,2,2,A,-,03,22350,NA,N,C,C,A,A,H,-,A,D,0,NA,NA,NA,NA,Y,NA,A,01,0,2,0,0,0,0,0,0,0,-,-,NA,NA,SAN BERNARDINO,FONTANA,-117.43614196777344,34.15258026123047
90750065,2018,2018-06-18,9855,2018-06-07,1731,019675,NA,4,2,9,3600,0,3,5,NA,2,001,COMMERCE DRIVE,VALLEY BLVD.,0,NA,Y,A,-,N,NA,NA,NA,NA,NA,NA,NA,NA,NA,Y,3,0,2,3,A,-,09,21453,C,N,A,C,A,A,H,-,A,D,0,NA,NA,NA,NA,Y,NA,A,01,0,2,0,0,0,0,0,0,0,-,-,34.071048736572266,-117.51545715332033,SAN BERNARDINO,UNINCORPORATED,-117.51554107666016,34.07107162475586
90751114,2018,2018-06-19,9860,2018-06-03,0300,019725,NA,7,3,9,3600,0,1,1,NA,2,152,I-15 S/B,SR-138,3168,S,N,A,-,Y,NA,NA,15,NA,NA,NA,NA,NA,S,N,4,0,1,1,A,-,08,22107,NA,N,E,I,A,A,H,-,C,D,0,NA,NA,NA,NA,Y,NA,A,01,0,0,1,0,0,0,0,0,0,-,-,34.30569076538086,-117.4677276611328,SAN BERNARDINO,UNINCORPORATED,-117.4677276611328,34.305694580078125
90751271,2018,2018-06-19,9855,2018-06-04,1353,015337,NA,1,1,6,3604,0,1,1,NA,2,153,I-15 S/B (ONTARIO FWY),CHERRY AVE.,699,N,N,A,-,Y,NA,NA,15,NA,NA,NA,NA,NA,S,Y,2,0,1,3,A,-,03,22350,NA,N,C,C,A,A,H,-,A,D,0,NA,NA,Y,NA,Y,NA,C,02,1,0,0,0,0,0,0,0,1,-,-,34.147281646728516,-117.48312377929688,SAN BERNARDINO,FONTANA,-117.48308563232422,34.147239685058594
90752780,2018,2018-06-21,9870,2018-06-14,1630,016935,NA,4,2,9,3600,0,1,3,NA,1,031,STATE ROUTE 62 (TWENTYNINE PALMS HWY),SUN RAY ROAD,260,E,N,A,-,Y,NA,NA,62,NA,NA,NA,NA,NA,NA,Y,4,0,1,1,C,-,18,NA,NA,N,E,I,A,A,H,-,A,D,0,NA,NA,NA,NA,Y,NA,-,-,0,0,1,0,0,0,0,0,0,-,-,34.13523864746094,-116.25067901611328,SAN BERNARDINO,UNINCORPORATED,-116.25067901611328,34.13514709472656
90752852,2018,2018-06-21,9835,2018-06-05,1018,020976,NA,2,1,9,3600,0,1,1,NA,2,076,I-15 N/B,BAILEY RD,2165,S,N,A,-,Y,NA,NA,NA,NA,NA,NA,NA,NA,NA,Y,3,0,1,1,A,-,08,22107,NA,N,E,I,A,A,H,-,A,D,0,NA,NA,NA,NA,Y,NA,A,01,0,1,0,0,0,0,0,0,0,-,-,35.282798767089844,-115.34210205078124,SAN BERNARDINO,UNINCORPORATED,-115.52873229980467,35.468048095703125
90754669,2018,2018-06-25,9870,2018-06-16,2315,021782,NA,6,3,9,3600,0,1,3,NA,1,011,STATE ROUTE 62 (29 PALMS HIGHWAY),ENCELIA TRAIL,19,E,N,A,-,Y,NA,NA,NA,NA,NA,NA,NA,NA,NA,Y,2,0,1,1,A,-,08,22107,NA,N,E,I,A,A,H,-,C,D,0,NA,NA,NA,NA,Y,NA,A,01,1,0,0,0,0,0,0,0,0,-,-,34.06549072265625,-116.55693817138672,SAN BERNARDINO,UNINCORPORATED,-116.0981674194336,34.135398864746094
90709644,2018,2018-04-20,9855,2018-04-10,1900,019303,NA,2,2,4,3605,0,1,1,NA,2,103,I-10 E/B (SAN BERNARDINO FWY),MONTE VISTA AVE.,1000,W,N,A,-,Y,NA,NA,10,NA,NA,NA,NA,NA,E,Y,2,0,1,2,A,-,03,22350,NA,N,C,C,A,A,H,-,A,D,0,NA,NA,Y,NA,Y,Y,C,02,1,0,0,0,0,0,0,0,1,-,-,34.081729888916016,-117.70520782470705,SAN BERNARDINO,MONTCLAIR,-117.70520782470705,34.081748962402344
90758137,2018,2018-06-28,9855,2018-06-26,1800,013591,NA,2,2,6,3616,0,1,1,NA,2,203,SR-210 W/B (FOOTHILL FWY),HAVEN AVE.,2112,W,N,A,-,Y,NA,NA,210,NA,NA,NA,NA,NA,W,Y,3,0,1,2,A,-,03,22350,NA,N,C,C,A,A,H,-,A,D,0,NA,NA,NA,NA,Y,NA,A,01,0,1,0,0,0,0,0,0,0,-,-,34.1357307434082,-117.5821533203125,SAN BERNARDINO,RANCHO CUCAMONGA,-117.5821533203125,34.13578796386719
90759458,2018,2018-06-29,9860,2018-06-20,1743,017098,NA,3,2,9,3600,0,3,5,NA,2,004,SANTA ANA AVE,CACTUS AVE,0,NA,Y,A,-,N,NA,NA,NA,NA,NA,NA,NA,NA,NA,Y,3,0,3,3,A,-,09,21802,A,N,D,C,A,A,H,-,A,A,0,NA,NA,NA,NA,Y,NA,A,01,0,1,2,0,0,0,0,0,0,-,-,34.05595016479492,-117.38333129882813,SAN BERNARDINO,UNINCORPORATED,-117.38333129882813,34.05588150024414
90715936,2018,2018-04-30,9860,2018-04-25,1511,016646,NA,3,2,3,3690,0,1,1,NA,2,214,I-215 S/B,BARTON ROAD,100,S,N,A,-,Y,NA,NA,215,NA,NA,NA,NA,NA,S,Y,4,0,1,2,A,-,03,22350,NA,N,C,C,A,A,D,E,A,D,0,NA,NA,NA,NA,Y,NA,A,07,0,0,1,0,0,0,0,0,0,-,-,34.0283317565918,-117.33135986328124,SAN BERNARDINO,GRAND TERRACE,-117.33135986328124,34.02832794189453
90760129,2018,2018-07-02,9860,2018-06-23,1325,019429,NA,6,1,4,3603,0,1,1,NA,2,103,I-10 E/B,RANCHO AVE,2112,W,N,A,-,Y,NA,NA,10,NA,NA,NA,NA,NA,E,N,4,0,1,3,A,-,03,22350,NA,F,C,C,A,A,H,-,A,D,0,NA,NA,NA,NA,Y,NA,A,08,0,0,1,0,0,0,0,0,0,-,-,34.068389892578125,-117.342529296875,SAN BERNARDINO,COLTON,-117.342529296875,34.06846237182617
90761929,2018,2018-07-03,9855,2018-06-26,1120,012923,NA,2,1,6,3604,0,1,1,NA,2,153,I-15 S/B FROM BEECH AVE,BEECH AVE.,215,N,N,A,-,Y,NA,NA,15,NA,NA,NA,R,NA,S,N,2,0,1,1,A,-,08,22107,NA,N,F,A,A,A,H,-,A,D,0,NA,NA,Y,NA,Y,NA,C,02,1,0,0,0,0,0,0,0,1,-,-,34.15000915527344,-117.47899627685548,SAN BERNARDINO,FONTANA,-117.47899627685548,34.15000915527344
90763300,2018,2018-07-05,9855,2018-06-28,1230,017570,NA,4,1,5,3611,0,1,1,NA,2,103,I-10 E/B (SAN BERNARDINO FWY),CAMPUS AVE.,35,W,N,A,-,Y,NA,NA,NA,NA,NA,NA,NA,NA,NA,Y,3,0,2,2,A,-,08,22107,NA,N,C,C,A,A,H,-,A,D,0,NA,NA,NA,NA,Y,NA,A,01,0,2,0,0,0,0,0,0,0,-,-,38.08684158325195,-117.64183807373048,SAN BERNARDINO,UPLAND,-117.6415557861328,34.087093353271484
90763925,2018,2018-07-06,9835,2018-06-28,1805,020389,NA,4,2,9,3600,0,1,2,NA,1,014,RT 395,SR-58,6019,S,N,A,-,Y,NA,NA,395,NA,NA,NA,NA,NA,NA,Y,2,0,2,2,A,-,06,21750,A,N,A,C,A,A,H,-,A,D,0,NA,NA,NA,NA,Y,NA,A,01,1,1,0,0,0,0,0,0,0,-,-,34.97589874267578,-117.53701019287108,SAN BERNARDINO,UNINCORPORATED,-117.53701782226563,34.97589874267578
90764791,2018,2018-07-09,9860,2018-06-23,0955,018858,NA,6,1,3,3615,0,1,1,NA,2,104,I-10 W/B,MOUNTAIN VIEW AVE,2112,E,N,A,-,Y,NA,NA,10,NA,NA,NA,NA,NA,W,Y,4,0,1,2,A,-,03,22350,NA,N,C,C,A,A,H,-,A,D,0,NA,NA,NA,NA,Y,NA,A,01,0,0,1,0,0,0,0,0,0,-,-,34.06673049926758,-117.23712158203124,SAN BERNARDINO,LOMA LINDA,-117.23712158203124,34.066734313964844