CASE_ID,ACCIDENT_YEAR,PROC_DATE,JURIS,COLLISION_DATE,COLLISION_TIME,OFFICER_ID,REPORTING_DISTRICT,DAY_OF_WEEK,CHP_SHIFT,POPULATION,CNTY_CITY_LOC,SPECIAL_COND,BEAT_TYPE,CHP_BEAT_TYPE,CITY_DIVISION_LAPD,CHP_BEAT_CLASS,BEAT_NUMBER,PRIMARY_RD,SECONDARY_RD,DISTANCE,DIRECTION,INTERSECTION,WEATHER_1,WEATHER_2,STATE_HWY_IND,CALTRANS_COUNTY,CALTRANS_DISTRICT,STATE_ROUTE,ROUTE_SUFFIX,POSTMILE_PREFIX,POSTMILE,LOCATION_TYPE,RAMP_INTERSECTION,SIDE_OF_HWY,TOW_AWAY,COLLISION_SEVERITY,NUMBER_KILLED,NUMBER_INJURED,PARTY_COUNT,PRIMARY_COLL_FACTOR,PCF_CODE_OF_VIOL,PCF_VIOL_CATEGORY,PCF_VIOLATION,PCF_VIOL_SUBSECTION,HIT_AND_RUN,TYPE_OF_COLLISION,MVIW,PED_ACTION,ROAD_SURFACE,ROAD_COND_1,ROAD_COND_2,LIGHTING,CONTROL_DEVICE,CHP_ROAD_TYPE,PEDESTRIAN_ACCIDENT,BICYCLE_ACCIDENT,MOTORCYCLE_ACCIDENT,TRUCK_ACCIDENT,NOT_PRIVATE_PROPERTY,ALCOHOL_INVOLVED,STWD_VEHTYPE_AT_FAULT,CHP_VEHTYPE_AT_FAULT,COUNT_SEVERE_INJ,COUNT_VISIBLE_INJ,COUNT_COMPLAINT_PAIN,COUNT_PED_KILLED,COUNT_PED_INJURED,COUNT_BICYCLIST_KILLED,COUNT_BICYCLIST_INJURED,COUNT_MC_KILLED,COUNT_MC_INJURED,PRIMARY_RAMP,SECONDARY_RAMP,LATITUDE,LONGITUDE,COUNTY,CITY,POINT_X,POINT_Y
90764930,2018,2018-07-09,9860,2018-07-03,1750,020346,NA,2,2,4,3603,0,1,1,NA,2,214,I-215 NB TO I-10 EB,COOLEY DR,400,S,N,A,-,Y,NA,NA,215,NA,NA,NA,R,NA,N,Y,4,0,2,3,A,-,03,22350,NA,N,C,C,A,A,H,-,A,D,0,NA,NA,NA,NA,Y,NA,A,01,0,0,2,0,0,0,0,0,0,-,-,34.05870819091797,-117.29721069335938,SAN BERNARDINO,COLTON,-117.29721069335938,34.05870819091797
90767930,2018,2018-07-12,9860,2018-07-10,0345,016883,NA,2,3,5,3608,0,1,1,NA,2,105,I-10 W/B,6TH ST,1056,E,N,A,-,Y,NA,NA,10,NA,NA,NA,NA,NA,W,N,4,0,1,2,A,-,08,22107,NA,N,E,I,A,A,D,E,D,A,0,NA,NA,NA,Y,Y,NA,F,26,0,0,1,0,0,0,0,0,0,-,-,34.06145095825195,-117.17716979980467,SAN BERNARDINO,REDLANDS,-117.17716979980467,34.06144714355469
90768023,2018,2018-07-12,9860,2018-07-02,1630,020282,NA,1,2,6,3610,0,1,1,NA,2,202,SR-210 E/B,HIGHLAND AVE,460,W,N,A,-,Y,NA,NA,210,NA,NA,NA,NA,NA,E,Y,4,0,1,2,A,-,08,22107,NA,N,B,C,A,A,H,-,A,D,0,NA,NA,NA,NA,Y,NA,A,01,0,0,1,0,0,0,0,0,0,-,-,34.136329650878906,-117.237548828125,SAN BERNARDINO,SAN BERNARDINO,-117.237548828125,34.1363410949707
90768146,2018,2018-07-12,9860,2018-07-02,1900,018275,NA,1,2,6,3604,0,1,1,NA,2,201,SR-210 W/B,SIERRA AVE,1056,E,N,A,-,Y,NA,NA,NA,NA,NA,NA,NA,NA,NA,Y,4,0,2,2,A,-,07,21658,A,N,B,C,A,A,H,-,A,D,0,NA,NA,NA,NA,Y,Y,A,01,0,0,2,0,0,0,0,0,0,-,-,34.13563919067383,-117.42661285400392,SAN BERNARDINO,FONTANA,-117.43589019775392,34.13650131225586
90768851,2018,2018-07-13,9870,2018-07-05,1400,021650,NA,4,2,9,3600,0,1,3,NA,1,031,STATE ROUTE 62 (29 PALMS HWY),LA CONTENTA ROAD,138,E,N,A,-,Y,NA,NA,NA,NA,NA,NA,NA,NA,NA,Y,3,0,1,1,A,-,08,22107,NA,N,E,I,A,A,H,-,A,D,0,NA,NA,NA,NA,Y,NA,A,01,0,1,0,0,0,0,0,0,0,-,-,34.134830474853516,-116.36920166015624,SAN BERNARDINO,UNINCORPORATED,NA,NA
90769003,2018,2018-07-13,9860,2018-07-10,1610,016651,NA,2,2,9,3600,0,1,1,NA,2,151,I-15 N/B,GLEN HELEN PKY,950,S,N,A,-,Y,NA,NA,15,NA,NA,NA,NA,NA,N,Y,4,0,1,3,A,-,07,21658,A,N,C,C,A,A,H,-,A,D,0,NA,NA,NA,Y,Y,NA,A,01,0,0,1,0,0,0,0,0,0,-,-,34.200191497802734,-117.41658782958984,SAN BERNARDINO,UNINCORPORATED,-117.4166259765625,34.20021057128906
90772952,2018,2018-07-19,9855,2018-07-19,0616,019675,NA,4,1,6,3607,0,1,1,NA,2,103,I-10 W/B (SAN BERNARDINO FWY),MOUNTAIN AVE.,70,W,N,A,-,Y,NA,NA,10,NA,NA,NA,NA,NA,W,Y,4,0,1,1,A,-,08,22107,NA,N,E,I,A,A,H,-,A,D,0,NA,NA,NA,NA,Y,NA,A,07,0,0,1,0,0,0,0,0,0,-,-,34.087318420410156,-117.6701431274414,SAN BERNARDINO,ONTARIO,-117.6701431274414,34.08738327026367
90773171,2018,2018-07-20,9860,2018-07-14,0430,021169,NA,6,3,5,3609,0,1,1,NA,2,102,I-10 E/B,RIVERSIDE AVE,3500,W,N,A,-,Y,NA,NA,10,NA,NA,NA,NA,NA,E,Y,3,0,1,2,A,-,01,23152,A,N,C,C,A,A,H,-,C,D,0,NA,NA,NA,NA,Y,Y,A,01,0,1,0,0,0,0,0,0,0,-,-,34.06829071044922,-117.38200378417967,SAN BERNARDINO,RIALTO,-117.38199615478516,34.06827926635742
90773405,2018,2018-07-20,9835,2018-07-13,1220,16820,NA,5,1,9,3600,0,3,5,NA,2,037,AMBOY ROAD,NATIONAL TRAILS HIGHWAY,42768,S,N,A,-,N,NA,NA,NA,NA,NA,NA,NA,NA,NA,Y,3,0,1,1,A,-,08,22107,NA,N,E,I,A,A,H,-,A,D,0,NA,NA,Y,NA,Y,NA,C,02,0,1,0,0,0,0,0,0,1,-,-,34.44715118408203,-115.74022674560548,SAN BERNARDINO,UNINCORPORATED,-115.74346160888672,34.47827911376953
90774097,2018,2018-07-23,9860,2018-07-15,1220,019269,NA,7,1,9,3600,0,3,5,NA,2,004,SPRUCE AVE,SANTA ANA AVE,0,NA,Y,A,-,N,NA,NA,NA,NA,NA,NA,NA,NA,NA,Y,4,0,1,2,A,-,09,21802,A,N,D,C,A,A,H,-,A,A,0,NA,NA,NA,NA,Y,NA,A,01,0,0,1,0,0,0,0,0,0,-,-,34.055931091308594,-117.38768005371094,SAN BERNARDINO,UNINCORPORATED,-117.38768768310548,34.05588912963867
90774124,2018,2018-07-23,9860,2018-07-16,0444,021620,NA,1,3,6,3610,0,1,1,NA,2,214,I-215 N/B TO ORANGE SHOW RD,ORANGE SHOW RD,528,S,N,A,-,Y,NA,NA,215,NA,NA,NA,R,NA,N,N,4,0,1,2,A,-,03,22350,NA,F,C,C,A,A,H,-,B,D,0,NA,NA,NA,NA,Y,NA,D,22,0,0,1,0,0,0,0,0,0,-,-,34.07695007324219,-117.29544067382813,SAN BERNARDINO,SAN BERNARDINO,-117.29544067382813,34.07695007324219
90774298,2018,2018-07-23,9855,2018-06-26,1242,017903,NA,2,1,9,3600,0,3,5,NA,2,001,SAN BERNARDINO AVE.,REDWOOD AVE.,0,NA,Y,A,-,N,NA,NA,NA,NA,NA,NA,NA,NA,NA,Y,3,0,1,2,A,-,12,21453,A,F,D,C,A,A,H,-,A,A,0,NA,NA,NA,NA,Y,NA,A,01,0,1,0,0,0,0,0,0,0,-,-,34.043880462646484,-117.28579711914063,SAN BERNARDINO,UNINCORPORATED,-117.48426818847656,34.07743835449219
90774894,2018,2018-07-23,9835,2018-07-14,0955,020883,NA,6,1,9,3600,0,3,5,NA,2,039,NIPTON RD,IVANPAH RD,22704,E,N,B,-,N,NA,NA,NA,NA,NA,NA,NA,NA,NA,Y,3,0,4,1,A,-,08,22107,NA,N,F,A,A,A,H,-,A,D,0,NA,NA,NA,NA,Y,NA,A,07,0,2,2,0,0,0,0,0,0,-,-,35.45771026611328,-115.31063079833984,SAN BERNARDINO,UNINCORPORATED,-115.31391143798828,35.45731735229492
90778699,2018,2018-07-27,9855,2018-05-18,1218,017704,NA,5,1,9,3600,0,3,5,NA,2,004,MISSION BLVD.,CENTRAL AVE.,0,NA,Y,A,-,N,NA,NA,NA,NA,NA,NA,NA,NA,NA,Y,3,0,2,2,D,-,00,NA,NA,N,D,C,A,A,H,-,A,A,0,NA,NA,NA,NA,Y,NA,-,-,0,1,1,0,0,0,0,0,0,-,-,34.055999755859375,-117.68939971923828,SAN BERNARDINO,UNINCORPORATED,-117.68948364257813,34.0560417175293
90779315,2018,2018-07-27,9860,2018-07-19,1614,019251,NA,4,2,4,3618,0,1,1,NA,2,202,SR-210 E/B,BASELINE ST.,420,W,N,A,-,Y,NA,NA,210,NA,NA,NA,NA,NA,E,Y,3,0,1,3,A,-,03,22350,NA,N,C,C,A,A,H,-,A,D,0,NA,NA,NA,NA,Y,NA,A,01,0,1,0,0,0,0,0,0,0,-,-,34.11994171142578,-117.20085144042967,SAN BERNARDINO,HIGHLAND,-117.2009048461914,34.11994171142578
9078049,2020,2020-07-17,3609,2020-03-06,1100,8510,R1130,5,5,5,3609,0,0,0,NA,0,002,FOOTHILL BL,EUCALYPTUS AV,9,E,N,A,-,N,NA,NA,NA,NA,NA,NA,NA,NA,NA,Y,4,0,1,2,A,-,05,21650,NA,N,-,G,A,A,H,-,A,A,0,NA,Y,NA,NA,Y,NA,L,04,0,0,1,0,0,0,1,0,0,-,-,NA,NA,SAN BERNARDINO,RIALTO,-117.35725402832033,34.10676956176758
90781084,2018,2018-07-31,9860,2018-05-04,0508,019321,NA,5,3,5,3608,0,1,1,NA,2,104,INTERSTATE 10 WESTBOUND,CALIFORNIA STREET,2640,W,N,A,-,Y,NA,NA,10,NA,NA,NA,NA,NA,W,Y,1,1,0,1,A,-,08,22107,NA,N,E,I,A,A,H,-,C,D,0,NA,NA,NA,NA,Y,NA,D,22,0,0,0,0,0,0,0,0,0,-,-,34.06684875488281,-117.23430633544922,SAN BERNARDINO,REDLANDS,-117.23430633544922,34.06672668457031
90781517,2018,2018-07-31,9835,2018-07-25,0540,16820,NA,3,3,9,3600,0,1,1,NA,2,070,I-15 S/B,HODGE ROAD,5544,N,N,A,-,Y,NA,NA,15,NA,NA,NA,NA,NA,S,Y,2,0,3,2,A,-,03,22350,NA,N,C,C,A,A,H,-,D,D,0,NA,NA,NA,NA,Y,NA,A,01,1,2,0,0,0,0,0,0,0,-,-,34.7635612487793,-117.15422821044922,SAN BERNARDINO,UNINCORPORATED,-117.15414428710938,34.763450622558594
9078155,2020,2020-07-10,3600,2020-03-10,2255,H7561,VC021,2,5,5,3612,0,0,0,NA,0,VC3,HESPERIA RD,BEAR VALLEY RD,300,NA,N,A,-,N,NA,NA,NA,NA,NA,NA,NA,NA,NA,Y,4,0,2,2,A,-,09,21804,A,N,A,D,A,A,H,-,D,A,0,NA,NA,NA,NA,Y,NA,A,01,0,0,2,0,0,0,0,0,0,-,-,NA,NA,SAN BERNARDINO,VICTORVILLE,-117.2919692993164,34.47092056274414
90784686,2018,2018-08-06,9855,2018-07-21,1830,020564,NA,6,2,9,3600,0,3,5,NA,2,001,ARROW RTE.,BEECH AVE.,0,NA,Y,A,-,N,NA,NA,NA,NA,NA,NA,NA,NA,NA,Y,3,0,1,2,A,-,09,21801,A,N,D,C,A,A,H,-,A,A,0,NA,NA,NA,NA,Y,NA,A,01,0,1,0,0,0,0,0,0,0,-,-,34.0992317199707,-117.47122192382813,SAN BERNARDINO,UNINCORPORATED,-117.47122192382813,34.099281311035156
9078495,2020,2020-05-09,3600,2020-01-26,1159,H8252,AD309,7,5,3,3613,0,0,0,NA,0,AD2,BELLFLOWER ST,EDISON POLE #2293202E,57,S,N,A,-,N,NA,NA,NA,NA,NA,NA,NA,NA,NA,N,3,0,1,1,A,-,03,22350,NA,N,F,J,A,A,H,-,A,D,0,NA,NA,Y,NA,Y,NA,C,02,0,1,0,0,0,0,0,0,1,-,-,NA,NA,SAN BERNARDINO,ADELANTO,NA,NA
90785212,2018,2018-08-06,9860,2018-07-30,1843,021375,NA,1,2,6,3610,0,1,1,NA,2,102,I-10 E/B,CEDAR AVE,750,W,N,A,-,Y,NA,NA,NA,NA,NA,NA,NA,NA,NA,Y,4,0,1,2,A,-,03,22350,NA,N,C,C,A,A,H,-,A,D,0,NA,NA,NA,NA,Y,NA,A,01,0,0,1,0,0,0,0,0,0,-,-,34.06753921508789,-117.407958984375,SAN BERNARDINO,SAN BERNARDINO,-117.3985595703125,34.068233489990234
90787803,2018,2018-08-09,9860,2018-07-30,2332,021169,NA,1,3,6,3610,0,1,1,NA,2,216,I-215 S/B,UNIVERSITY PKWY,3430,N,N,A,-,Y,NA,NA,215,NA,NA,NA,NA,NA,S,Y,3,0,5,2,A,-,03,22350,NA,N,E,I,A,A,H,-,D,D,0,NA,NA,NA,NA,Y,NA,D,22,0,3,2,0,0,0,0,0,0,-,-,34.17205047607422,-117.34008026123048,SAN BERNARDINO,SAN BERNARDINO,-117.34003448486328,34.172088623046875
90788403,2018,2018-08-10,9835,2018-08-04,0134,21307,NA,6,3,9,3600,0,1,1,NA,2,073,INTERSTATE 15 N/B,AFTON ROAD,5280,S,N,A,-,Y,NA,NA,15,NA,NA,NA,NA,NA,N,Y,3,0,1,1,A,-,03,22350,NA,N,F,A,A,A,H,-,D,D,0,NA,NA,Y,NA,Y,NA,C,02,0,1,0,0,0,0,0,0,1,-,-,35.048789978027344,-116.44573974609376,SAN BERNARDINO,UNINCORPORATED,-116.44578552246094,35.04885482788086
90788622,2018,2018-08-10,9834,2018-08-03,1932,016922,NA,5,2,9,3600,0,1,1,NA,2,044,I-40,US-95,10560,W,N,A,-,Y,NA,NA,40,NA,NA,NA,NA,NA,NA,Y,2,0,2,1,A,-,08,22107,NA,N,F,A,A,A,H,-,B,D,0,NA,NA,NA,NA,Y,NA,A,01,2,0,0,0,0,0,0,0,0,-,-,34.8826789855957,-114.78157806396484,SAN BERNARDINO,UNINCORPORATED,-114.78157806396484,34.88261413574219
90788688,2018,2018-08-14,9860,2018-08-01,1547,021587,NA,3,2,5,3608,0,1,1,NA,2,104,I-10 W/B,CALIFORNIA ST,410,W,N,A,-,Y,NA,NA,10,NA,NA,NA,NA,NA,W,Y,3,0,1,1,A,-,08,22107,NA,N,E,I,A,A,H,-,A,D,0,NA,NA,NA,NA,Y,NA,A,01,0,1,0,0,0,0,0,0,0,-,-,34.066619873046875,-117.22770690917967,SAN BERNARDINO,REDLANDS,-117.22770690917967,34.06673049926758
90789057,2018,2018-08-13,9860,2018-08-02,1230,012530,NA,4,1,4,3603,0,1,1,NA,2,214,I-215 S/B,IOWA AVENUE O/C.,756,S,N,A,-,Y,NA,NA,215,NA,NA,NA,NA,NA,S,Y,4,0,3,3,A,-,03,22350,NA,N,C,C,A,A,H,-,A,D,0,NA,NA,NA,Y,Y,NA,D,22,0,0,3,0,0,0,0,0,0,-,-,34.02248001098633,-117.33702850341795,SAN BERNARDINO,COLTON,-117.33700561523438,34.022457122802734
90716220,2018,2018-04-30,9835,2018-04-06,1940,21981,NA,5,2,9,3600,0,3,5,NA,2,039,E BAKER BLVD,MOJAVE POINTE RD,0,NA,Y,A,-,N,NA,NA,NA,NA,NA,NA,NA,NA,NA,Y,3,0,2,2,A,-,09,21804,A,N,D,C,A,A,H,-,C,D,0,NA,NA,NA,NA,Y,NA,A,01,0,2,0,0,0,0,0,0,0,-,-,35.26900863647461,-116.06938934326172,SAN BERNARDINO,UNINCORPORATED,-116.06786346435548,35.269859313964844
90717276,2018,2018-05-01,9860,2018-04-24,0225,021620,NA,2,3,9,3600,0,3,5,NA,2,004,OLIVE ST,MARYGOLD AVE,74,N,N,A,-,N,NA,NA,NA,NA,NA,NA,NA,NA,NA,Y,3,0,1,2,A,-,01,23152,A,N,B,E,A,A,H,-,C,D,0,NA,NA,NA,NA,Y,Y,A,01,0,1,0,0,0,0,0,0,0,-,-,34.074790954589844,-117.39302825927734,SAN BERNARDINO,UNINCORPORATED,-117.39298248291016,34.074684143066406
90710213,2018,2018-04-23,9860,2018-04-13,0001,021169,NA,5,3,5,3608,0,1,1,NA,2,105,I-10 E/B,TEXAS ST,75,W,N,A,-,Y,NA,NA,10,NA,NA,NA,NA,NA,E,Y,4,0,1,2,A,-,08,22107,NA,F,B,C,A,A,H,-,D,D,0,NA,NA,NA,NA,Y,NA,-,99,0,0,1,0,0,0,0,0,0,-,-,34.061798095703125,-117.19174194335938,SAN BERNARDINO,REDLANDS,-117.19174957275392,34.06167221069336
90710244,2018,2018-04-23,9860,2018-04-08,0528,017018,NA,7,3,5,3609,0,1,1,NA,2,201,SR-210 WESTBOUND,PEPPER AVE,1584,W,N,B,-,Y,NA,NA,210,NA,NA,NA,NA,NA,W,Y,4,0,1,2,A,-,08,22107,NA,N,B,C,A,A,D,-,D,D,0,NA,NA,NA,NA,Y,NA,D,22,0,0,1,0,0,0,0,0,0,-,-,34.13557815551758,-117.35832977294922,SAN BERNARDINO,RIALTO,-117.35831451416016,34.13564682006836
90710639,2018,2018-04-23,9850,2018-04-10,2041,022028,NA,2,2,9,3600,0,1,3,NA,2,060,SR-138,EVERGREEN RD,518,E,N,A,-,Y,NA,NA,138,NA,NA,NA,NA,NA,NA,N,4,0,1,2,A,-,03,22350,NA,N,C,C,A,A,H,-,C,A,0,NA,NA,NA,NA,Y,NA,A,07,0,0,1,0,0,0,0,0,0,-,-,34.4262809753418,-117.6193618774414,SAN BERNARDINO,UNINCORPORATED,-117.61934661865234,34.42631149291992
90738945,2018,2018-06-01,9860,2018-05-28,1610,018275,NA,1,2,9,3600,0,2,4,NA,1,410,VALLEY BLVD,LINDEN AVE,0,NA,Y,A,-,N,NA,NA,NA,NA,NA,NA,NA,NA,NA,Y,4,0,2,2,A,-,12,21453,A,N,D,C,A,A,H,-,A,A,0,NA,NA,NA,NA,Y,NA,A,07,0,0,2,0,0,0,0,0,0,-,-,34.07048034667969,-117.40080261230467,SAN BERNARDINO,UNINCORPORATED,-117.40077209472656,34.07048034667969
9072175,2020,2020-05-15,3602,2020-02-19,1542,4066,83,3,5,5,3602,0,0,0,NA,0,003,RAMONA,CHINO AV,244,S,N,A,-,N,NA,NA,NA,NA,NA,NA,NA,NA,NA,Y,3,0,2,2,A,-,09,21804,NA,N,D,C,A,A,H,-,A,D,0,NA,NA,NA,NA,Y,NA,A,01,0,2,0,0,0,0,0,0,0,-,-,34.00389862060547,-117.42230224609376,SAN BERNARDINO,CHINO,-117.7066650390625,34.01103210449219
90739225,2018,2018-06-01,9855,2018-05-26,0550,016829,NA,6,3,6,3604,0,1,1,NA,2,101,I-10 W/B (SAN BERNARDINO FWY),CHERRY AVE.,1200,E,N,B,-,Y,NA,NA,10,NA,NA,NA,NA,NA,W,Y,4,0,2,1,A,-,08,22107,NA,N,B,I,A,A,H,-,A,D,0,NA,NA,NA,NA,Y,NA,A,01,0,0,2,0,0,0,0,0,0,-,-,34.06639099121094,-117.47086334228516,SAN BERNARDINO,FONTANA,-117.47086334228516,34.06642150878906
9072356,2020,2020-05-19,3608,2020-02-12,1923,4202,3608,3,5,5,3608,0,0,0,NA,0,NA,ALABAMA ST,RIVER BLUFF AV,2376,N,N,A,-,N,NA,NA,NA,NA,NA,NA,NA,NA,NA,N,4,0,1,2,D,-,00,NA,NA,N,B,G,A,A,H,-,D,D,0,NA,Y,NA,NA,Y,NA,-,-,0,0,1,0,0,0,1,0,0,-,-,NA,NA,SAN BERNARDINO,REDLANDS,-117.20874786376952,34.09342956542969
90739363,2018,2018-06-01,9860,2018-05-30,0815,016651,NA,3,1,5,3608,0,1,1,NA,2,105,I-10 W/B,UNIVERSITY ST,100,E,N,B,-,Y,NA,NA,10,NA,NA,NA,NA,NA,W,N,3,0,1,2,A,-,08,22107,NA,N,C,C,A,A,H,-,A,D,0,NA,NA,NA,NA,Y,NA,A,01,0,1,0,0,0,0,0,0,0,-,-,34.056480407714844,-117.16644287109376,SAN BERNARDINO,REDLANDS,-117.16643524169922,34.056495666503906
90739594,2018,2018-06-04,9860,2018-05-26,0250,020614,NA,6,3,4,3603,0,1,1,NA,2,214,I-215 N/B,IOWA AVE.,1860,S,N,A,-,Y,NA,NA,215,NA,NA,NA,NA,NA,N,Y,4,0,3,2,A,-,03,22350,NA,N,C,C,A,A,H,-,D,D,0,NA,NA,NA,NA,Y,NA,A,01,0,0,3,0,0,0,0,0,0,-,-,34.0196418762207,-117.3392333984375,SAN BERNARDINO,COLTON,-117.33927154541016,34.01968002319336
90740760,2018,2018-06-04,9855,2018-05-29,1530,016889,NA,2,2,6,3604,0,1,1,NA,2,101,I-10 E/B (SBF) TO SIERRA AVE.,SIERRA AVE.,170,W,N,A,-,Y,NA,NA,10,NA,NA,NA,R,NA,E,N,4,0,2,2,A,-,03,22350,NA,N,C,C,A,A,H,-,A,A,0,NA,NA,NA,NA,Y,NA,A,01,0,0,2,0,0,0,0,0,0,-,-,34.066951751708984,-117.43633270263672,SAN BERNARDINO,FONTANA,-117.43633270263672,34.066951751708984
90757485,2018,2018-06-27,9865,2018-06-25,1822,020872,NA,1,2,9,3600,0,1,3,NA,2,032,SR-18,AEROPLANE BOULEVARD,20,E,N,A,-,Y,NA,NA,18,NA,NA,NA,NA,NA,NA,N,2,0,1,1,A,-,08,22107,NA,N,F,A,A,A,H,-,A,D,0,NA,Y,NA,NA,Y,NA,L,04,1,0,0,0,0,0,1,0,0,-,-,34.259639739990234,-116.85636138916016,SAN BERNARDINO,UNINCORPORATED,-116.85631561279295,34.25952911376953
90759542,2018,2018-06-29,9860,2018-06-05,0847,015207,NA,2,1,9,3600,0,3,5,NA,2,002,PUMALO ST.,GUTHRIE ST,18,W,N,A,-,N,NA,NA,NA,NA,NA,NA,NA,NA,NA,Y,4,0,1,1,A,-,01,23152,A,N,E,I,A,A,H,-,A,D,0,NA,NA,NA,NA,Y,Y,A,01,0,0,1,0,0,0,0,0,0,-,-,34.13856887817383,-117.23983764648438,SAN BERNARDINO,UNINCORPORATED,-117.23986053466795,34.13853073120117
90723653,2018,2018-05-10,9860,2018-04-30,0610,017919,NA,1,1,5,3608,0,1,1,NA,2,105,I-10 W/B,WABASH AVE,2020,W,N,B,-,Y,NA,NA,10,NA,NA,NA,NA,NA,W,Y,4,0,1,2,A,-,07,21658,A,N,B,C,A,A,H,-,A,D,0,NA,NA,NA,NA,Y,NA,A,01,0,0,1,0,0,0,0,0,0,-,-,34.035160064697266,-117.14520263671876,SAN BERNARDINO,REDLANDS,-117.14517211914063,34.035240173339844
90724205,2018,2018-05-11,9870,2018-05-02,1805,020280,NA,3,2,9,3600,0,2,4,NA,2,042,AMBOY ROAD,PIPE LINE ROAD,11088,N,N,A,-,N,NA,NA,NA,NA,NA,NA,NA,NA,NA,N,3,0,1,1,A,-,08,22107,NA,N,F,A,A,A,H,-,A,D,0,NA,NA,Y,NA,Y,NA,C,02,0,1,0,0,0,0,0,0,1,-,-,34.25878143310547,-115.71816253662108,SAN BERNARDINO,UNINCORPORATED,-115.72174835205078,34.233821868896484
9072514,2020,2020-06-19,3600,2020-03-02,1638,G5365,HI015,1,5,4,3618,0,0,0,NA,0,001,PALM AV,9TH ST,0,NA,Y,A,-,N,NA,NA,NA,NA,NA,NA,NA,NA,NA,Y,3,0,1,2,A,-,09,21802,A,N,D,C,A,A,H,-,A,D,0,NA,NA,NA,NA,Y,NA,A,01,0,1,0,0,0,0,0,0,0,-,-,34.1195182800293,-117.23278045654295,SAN BERNARDINO,HIGHLAND,-117.20877075195313,34.11561965942383
90725183,2018,2018-05-14,9860,2018-05-06,0520,019269,NA,7,3,5,3608,0,1,1,NA,2,203,SR-210 E/B TO I-10 E/B,TENNESSEE ST,330,E,N,A,-,Y,NA,NA,210,NA,NA,NA,R,NA,E,Y,3,0,1,1,A,-,08,22107,NA,N,E,I,A,A,H,-,D,D,0,NA,NA,NA,NA,Y,NA,A,01,0,1,0,0,0,0,0,0,0,-,-,34.06401824951172,-117.1990203857422,SAN BERNARDINO,REDLANDS,-117.1990203857422,34.06401824951172
90717711,2018,2018-05-01,9855,2018-04-26,1300,15763,NA,4,1,6,3607,0,1,1,NA,2,103,I-10 E/B (SAN BERNARDINO FWY),HAVEN AVENUE,1584,W,N,A,-,Y,NA,NA,10,NA,NA,NA,NA,NA,E,N,4,0,2,2,A,-,03,22350,NA,N,C,C,A,A,H,-,A,D,0,NA,NA,NA,NA,Y,NA,A,07,0,0,2,0,0,0,0,0,0,-,-,34.0673713684082,-117.58228302001952,SAN BERNARDINO,ONTARIO,-117.582275390625,34.06747817993164
90725491,2018,2018-05-14,9855,2018-05-04,0232,020664,NA,5,3,9,3600,0,3,5,NA,2,004,10855 CENTRAL AVE.,MISSION BLVD.,360,N,N,A,-,N,NA,NA,NA,NA,NA,NA,NA,NA,NA,Y,4,0,1,3,A,-,01,23152,A,N,B,E,A,A,H,-,C,D,0,NA,NA,NA,NA,Y,Y,A,01,0,0,1,0,0,0,0,0,0,-,-,34.057098388671875,-117.68924713134766,SAN BERNARDINO,UNINCORPORATED,-117.68949127197266,34.05702590942383
90717766,2018,2018-05-01,9835,2018-03-26,0205,21256,NA,1,3,9,3600,0,1,1,NA,2,073,I-15 N/B,ALVORD MOUNTAIN RD,3854,N,N,A,-,Y,NA,NA,NA,NA,NA,NA,NA,NA,NA,Y,1,1,0,1,A,-,08,22107,NA,N,E,I,A,A,H,-,D,D,0,NA,NA,NA,NA,Y,NA,E,22,0,0,0,0,0,0,0,0,0,-,-,34.59238815307617,-116.35357666015624,SAN BERNARDINO,UNINCORPORATED,-116.58528900146484,34.98944091796875
90721534,2018,2018-05-07,9860,2018-04-25,0830,016651,NA,3,1,5,3608,0,1,1,NA,2,105,I-10 W/B,FORD ST,90,W,N,A,-,Y,NA,NA,10,NA,NA,NA,NA,NA,W,Y,2,0,2,6,A,-,03,22350,NA,N,C,C,A,A,H,-,A,D,0,NA,NA,NA,NA,Y,NA,D,22,1,1,0,0,0,0,0,0,0,-,-,34.039649963378906,-117.15380096435548,SAN BERNARDINO,REDLANDS,-117.15380096435548,34.03965377807617
90735013,2018,2018-05-25,9855,2018-05-21,1750,013591,NA,1,2,6,3607,0,1,1,NA,2,103,I-10 E/B (SAN BERNARDINO FWY),HAVEN AVE.,528,W,N,B,-,Y,NA,NA,10,NA,NA,NA,NA,NA,E,Y,4,0,1,3,A,-,03,22350,NA,N,C,C,A,A,H,-,A,D,0,NA,NA,NA,NA,Y,NA,A,01,0,0,1,0,0,0,0,0,0,-,-,34.06740188598633,-117.57894897460938,SAN BERNARDINO,ONTARIO,-117.57894897460938,34.067474365234375