CASE_ID,ACCIDENT_YEAR,PROC_DATE,JURIS,COLLISION_DATE,COLLISION_TIME,OFFICER_ID,REPORTING_DISTRICT,DAY_OF_WEEK,CHP_SHIFT,POPULATION,CNTY_CITY_LOC,SPECIAL_COND,BEAT_TYPE,CHP_BEAT_TYPE,CITY_DIVISION_LAPD,CHP_BEAT_CLASS,BEAT_NUMBER,PRIMARY_RD,SECONDARY_RD,DISTANCE,DIRECTION,INTERSECTION,WEATHER_1,WEATHER_2,STATE_HWY_IND,CALTRANS_COUNTY,CALTRANS_DISTRICT,STATE_ROUTE,ROUTE_SUFFIX,POSTMILE_PREFIX,POSTMILE,LOCATION_TYPE,RAMP_INTERSECTION,SIDE_OF_HWY,TOW_AWAY,COLLISION_SEVERITY,NUMBER_KILLED,NUMBER_INJURED,PARTY_COUNT,PRIMARY_COLL_FACTOR,PCF_CODE_OF_VIOL,PCF_VIOL_CATEGORY,PCF_VIOLATION,PCF_VIOL_SUBSECTION,HIT_AND_RUN,TYPE_OF_COLLISION,MVIW,PED_ACTION,ROAD_SURFACE,ROAD_COND_1,ROAD_COND_2,LIGHTING,CONTROL_DEVICE,CHP_ROAD_TYPE,PEDESTRIAN_ACCIDENT,BICYCLE_ACCIDENT,MOTORCYCLE_ACCIDENT,TRUCK_ACCIDENT,NOT_PRIVATE_PROPERTY,ALCOHOL_INVOLVED,STWD_VEHTYPE_AT_FAULT,CHP_VEHTYPE_AT_FAULT,COUNT_SEVERE_INJ,COUNT_VISIBLE_INJ,COUNT_COMPLAINT_PAIN,COUNT_PED_KILLED,COUNT_PED_INJURED,COUNT_BICYCLIST_KILLED,COUNT_BICYCLIST_INJURED,COUNT_MC_KILLED,COUNT_MC_INJURED,PRIMARY_RAMP,SECONDARY_RAMP,LATITUDE,LONGITUDE,COUNTY,CITY,POINT_X,POINT_Y
90829106,2018,2018-10-04,9855,2018-09-24,1741,017808,NA,1,2,5,3611,0,1,1,NA,2,103,I-10 W/B (SAN BERNARDINO FWY),MOUNTAIN AVE.,1584,E,N,A,-,Y,NA,NA,10,NA,NA,NA,NA,NA,W,N,4,0,2,2,A,-,03,22350,NA,M,C,C,A,A,H,-,A,D,0,NA,NA,NA,NA,Y,NA,-,99,0,0,2,0,0,0,0,0,0,-,-,34.08747863769531,-117.66542816162108,SAN BERNARDINO,UPLAND,-117.66542816162108,34.087425231933594
90829213,2018,2018-10-04,9850,2018-09-30,1315,022148,NA,7,1,9,3600,0,3,5,NA,2,006,MOUNTAIN RD,SR-138,420,S,N,A,-,N,NA,NA,NA,NA,NA,NA,NA,NA,NA,N,2,0,1,1,A,-,08,22107,NA,N,E,J,A,A,H,-,A,D,0,NA,NA,Y,NA,Y,NA,C,06,1,0,0,0,0,0,0,0,1,-,-,34.442100524902344,-117.64700317382813,SAN BERNARDINO,UNINCORPORATED,-117.64708709716795,34.4422607421875
90829421,2018,2018-10-05,9855,2018-09-25,1850,020533,NA,2,2,6,3616,0,1,1,NA,2,203,SR-210 E/B (FOOTHILL FWY),HAVEN AVE.,0,NA,N,A,-,Y,NA,NA,210,NA,NA,NA,NA,NA,E,N,4,0,1,2,A,-,03,22350,NA,N,C,C,A,A,H,-,C,D,0,NA,NA,NA,NA,Y,NA,A,01,0,0,1,0,0,0,0,0,0,-,-,34.135589599609375,-117.58190155029295,SAN BERNARDINO,RANCHO CUCAMONGA,-117.58190155029295,34.135589599609375
90830189,2018,2018-10-08,9860,2018-10-02,1826,020282,NA,2,2,9,3600,0,1,1,NA,2,202,SR-210 E/B,HIGHLAND AVE,470,W,N,A,-,Y,NA,NA,210,NA,NA,NA,NA,NA,E,N,3,0,1,2,A,-,03,22350,NA,N,C,C,A,A,H,-,B,D,0,NA,NA,NA,NA,Y,NA,A,01,0,1,0,0,0,0,0,0,0,-,-,34.135990142822266,-117.23690032958984,SAN BERNARDINO,UNINCORPORATED,-117.23686981201172,34.13605880737305
9083039,2020,2020-07-17,3604,2020-03-10,1232,473,NA,2,5,6,3604,0,0,0,NA,0,NA,SLOVER AV,SIERRA AV,33,E,N,B,C,N,NA,NA,NA,NA,NA,NA,NA,NA,NA,Y,4,0,1,2,A,-,03,22350,NA,N,C,C,A,B,H,-,A,A,0,NA,NA,NA,NA,Y,NA,A,01,0,0,1,0,0,0,0,0,0,-,-,NA,NA,SAN BERNARDINO,FONTANA,-117.43562316894533,34.063106536865234
90831319,2018,2018-10-08,9850,2018-09-29,1330,018211,NA,6,1,9,3600,0,3,5,NA,2,004,ANDERSON DRY LAKE BED,CAMP ROCK RD,13728,E,N,A,-,N,NA,NA,NA,NA,NA,NA,NA,NA,NA,N,3,0,1,1,A,-,03,38305,NA,N,F,A,A,A,H,-,A,D,0,NA,NA,Y,NA,Y,NA,C,06,0,1,0,0,0,0,0,0,1,-,-,34.56026840209961,-116.7713623046875,SAN BERNARDINO,UNINCORPORATED,NA,NA
90832801,2018,2018-10-10,9855,2018-10-02,0840,015919,NA,2,1,6,3604,0,1,1,NA,2,101,I-10 W/B FROM CHERRY AVENUE,CHERRY AVE.,175,E,N,B,-,Y,NA,NA,10,NA,NA,NA,R,NA,W,Y,4,0,1,2,A,-,03,22350,NA,N,C,C,A,A,H,-,A,A,0,NA,NA,NA,NA,Y,NA,A,01,0,0,1,0,0,0,0,0,0,-,-,34.06663131713867,-117.48816680908205,SAN BERNARDINO,FONTANA,-117.48816680908205,34.06663131713867
90835531,2018,2018-10-15,9860,2018-10-08,0755,015495,NA,1,1,9,3600,0,1,1,NA,2,152,I-15 S/B,SR-138,2323,N,N,A,-,Y,NA,NA,15,NA,NA,NA,NA,NA,S,Y,2,0,1,2,A,-,01,23152,A,N,C,C,A,A,H,-,A,D,0,NA,NA,NA,Y,Y,Y,A,01,1,0,0,0,0,0,0,0,0,-,-,34.31700134277344,-117.48004913330078,SAN BERNARDINO,UNINCORPORATED,-117.4799575805664,34.31705856323242
90835841,2018,2018-10-15,9855,2018-10-05,1730,020533,NA,5,2,6,3607,0,1,1,NA,2,101,I-10 W/B (SAN BERNARDINO FWY),HAVEN AVE.,1600,E,N,A,-,Y,NA,NA,10,NA,NA,NA,NA,NA,W,Y,4,0,1,3,A,-,03,22350,NA,F,C,C,A,A,H,-,A,D,0,NA,NA,NA,NA,Y,NA,A,07,0,0,1,0,0,0,0,0,0,-,-,34.06768035888672,-117.56989288330078,SAN BERNARDINO,ONTARIO,-117.56989288330078,34.067630767822266
90837079,2018,2018-10-16,9860,2018-10-08,0835,015495,NA,1,1,9,3600,0,1,1,NA,2,152,I-15 S/B,SR-138,3168,N,N,A,-,Y,NA,NA,15,NA,NA,NA,NA,NA,S,Y,4,0,1,2,A,-,03,22350,NA,N,F,A,A,A,H,-,A,D,0,NA,NA,Y,NA,Y,NA,C,02,0,0,1,0,0,0,0,0,1,-,-,34.31827926635742,-117.48056793212892,SAN BERNARDINO,UNINCORPORATED,-117.48062896728516,34.3182487487793
90838699,2018,2018-10-18,9865,2018-10-06,2320,021064,NA,6,3,9,3600,0,1,3,NA,2,020,SR-330,USFS ROAD 1N22,10032,S,N,A,-,Y,NA,NA,330,NA,NA,NA,NA,NA,NA,Y,2,0,1,1,A,-,01,23152,A,N,E,I,A,A,H,-,D,D,0,NA,NA,NA,NA,Y,Y,A,01,1,0,0,0,0,0,0,0,0,-,-,34.16128921508789,-117.18351745605467,SAN BERNARDINO,UNINCORPORATED,-117.1834716796875,34.16132354736328
90839144,2018,2018-10-18,9850,2018-10-11,1018,020758,NA,4,1,9,3600,0,1,3,NA,2,042,SR-18,LOCUST AVE,235,S,N,A,-,Y,NA,NA,18,NA,NA,NA,NA,NA,NA,Y,4,0,2,2,A,-,03,22350,NA,F,C,C,A,A,H,-,A,D,0,NA,NA,NA,NA,Y,NA,A,01,0,0,2,0,0,0,0,0,0,-,-,34.41714096069336,-116.91105651855467,SAN BERNARDINO,UNINCORPORATED,-116.91104888916016,34.41715621948242
90840671,2018,2018-10-22,9860,2018-10-19,0855,017919,NA,5,1,9,3600,0,2,4,NA,2,411,CEDAR AVE.,VALLEY BLVD,288,S,N,A,-,N,NA,NA,NA,NA,NA,NA,NA,NA,NA,N,4,0,1,2,A,-,03,22350,NA,N,C,C,A,A,H,-,A,A,0,NA,NA,NA,NA,Y,NA,A,01,0,0,1,0,0,0,0,0,0,-,-,34.069580078125,-117.3960189819336,SAN BERNARDINO,UNINCORPORATED,-117.39608764648438,34.0696907043457
90840875,2018,2018-10-22,9834,2018-10-12,0308,015771,NA,5,3,9,3600,0,1,2,NA,1,095,US-95,GOFFS ROAD,334,S,N,A,-,Y,NA,NA,95,NA,NA,NA,NA,NA,NA,Y,3,0,1,1,A,-,08,22107,NA,N,F,A,A,A,H,-,D,A,0,NA,NA,Y,NA,Y,NA,C,02,0,1,0,0,0,0,0,0,1,-,-,34.942138671875,-114.82443237304688,SAN BERNARDINO,UNINCORPORATED,-114.82439422607422,34.9421501159668
90840943,2018,2018-10-22,9850,2018-10-14,1644,021643,NA,7,2,5,3612,0,1,1,NA,2,083,I-15 S/B (BARSTOW FREEWAY),BEAR VALLEY ROAD,955,N,N,A,-,Y,NA,NA,15,NA,NA,NA,NA,NA,S,Y,4,0,1,2,A,-,03,22350,NA,N,C,C,A,A,H,-,A,D,0,NA,NA,NA,NA,Y,NA,A,01,0,0,1,0,0,0,0,0,0,-,-,34.47277069091797,-117.34445190429688,SAN BERNARDINO,VICTORVILLE,-117.34449768066406,34.472808837890625
90843787,2018,2018-10-24,9870,2018-10-22,2300,020280,NA,1,3,9,3600,0,1,3,NA,1,011,STATE ROUTE 62 (TWENTYNINE PALMS HWY),HESS BOULEVARD,0,NA,Y,A,-,Y,NA,NA,62,NA,NA,NA,NA,NA,NA,Y,3,0,3,2,A,-,01,23152,A,N,D,C,A,A,H,-,D,A,0,NA,NA,NA,NA,Y,Y,A,01,0,1,2,0,0,0,0,0,0,-,-,34.04296112060547,-116.58480834960938,SAN BERNARDINO,UNINCORPORATED,-116.58489227294922,34.04304122924805
90844758,2018,2018-10-25,9855,2018-10-16,2157,020006,NA,2,2,9,3600,0,3,5,NA,2,001,ETIWANDA AVE.,I-10 W/B TO ETIWANDA AVE.,0,NA,Y,A,-,N,NA,NA,NA,NA,NA,NA,NA,NA,NA,Y,4,0,2,2,A,-,12,21453,A,N,D,C,A,A,H,-,C,A,0,NA,NA,NA,NA,Y,NA,A,01,0,0,2,0,0,0,0,0,0,-,-,34.06903839111328,-117.52404022216795,SAN BERNARDINO,UNINCORPORATED,-117.52409,34.068863
90846469,2018,2018-10-26,9855,2018-10-17,1215,016220,NA,3,1,9,3600,0,3,5,NA,2,001,SAN BERNARDINO AVENUE E/B,ALMOND AVE.,178,E,N,A,-,N,NA,NA,NA,NA,NA,NA,NA,NA,NA,Y,4,0,1,2,A,-,08,22107,NA,N,E,I,A,A,H,-,A,D,0,NA,NA,NA,Y,Y,NA,A,01,0,0,1,0,0,0,0,0,0,-,-,34.07741928100586,-117.49256134033205,SAN BERNARDINO,UNINCORPORATED,-117.49258422851563,34.07737731933594
90847078,2018,2019-01-18,9835,2018-10-20,0215,020327,NA,6,3,9,3600,0,1,1,NA,2,073,N/B I-15,HARVARD RD.,2112,S,N,A,-,Y,NA,NA,15,NA,NA,NA,NA,NA,NA,Y,3,0,1,2,A,-,01,23152,A,N,C,C,A,A,H,-,D,D,0,NA,NA,NA,Y,Y,Y,D,22,0,1,0,0,0,0,0,0,0,-,-,34.96184158325195,-116.64922332763672,SAN BERNARDINO,UNINCORPORATED,-116.64926910400392,34.96194839477539
9084784,2020,2020-07-06,3609,2020-03-19,1746,9743,RI086,4,5,5,3609,0,0,0,NA,0,001,BASELINE RD,TAMARIND AV,0,NA,Y,B,C,N,NA,NA,NA,NA,NA,NA,NA,NA,NA,Y,4,0,1,2,A,-,09,21802,A,N,D,C,A,B,H,-,B,A,0,NA,NA,NA,NA,Y,NA,D,22,0,0,1,0,0,0,0,0,0,-,-,34.12120056152344,-117.4228973388672,SAN BERNARDINO,RIALTO,-117.42279052734376,34.12133026123047
90848113,2018,2018-10-29,9850,2018-10-19,1410,021365,NA,5,2,9,3600,0,3,5,NA,2,005,OASIS RD,DEL ROSA RD,560,S,N,A,-,N,NA,NA,NA,NA,NA,NA,NA,NA,NA,Y,4,0,1,2,A,-,21,22106,NA,N,D,C,A,A,H,-,A,D,0,NA,NA,NA,NA,Y,NA,A,01,0,0,1,0,0,0,0,0,0,-,-,34.46086883544922,-117.64301300048828,SAN BERNARDINO,UNINCORPORATED,-117.64301300048828,34.46101379394531
90848206,2018,2018-10-29,9860,2018-10-20,2330,021620,NA,6,3,5,3608,0,1,1,NA,2,105,I-10 W/B,TEXAS ST,500,W,N,A,-,Y,NA,NA,10,NA,NA,NA,NA,NA,W,Y,4,0,1,2,A,-,08,22107,NA,N,B,C,A,A,H,-,C,D,0,NA,NA,NA,NA,Y,NA,A,01,0,0,1,0,0,0,0,0,0,-,-,34.062191009521484,-117.19307708740234,SAN BERNARDINO,REDLANDS,-117.19309997558594,34.06211471557617
90850503,2018,2018-11-01,9860,2018-10-23,1730,021363,NA,2,2,3,3690,0,1,1,NA,2,214,I-215 S/B,NEWPORT AVE,400,S,N,A,-,Y,NA,NA,215,NA,NA,NA,NA,NA,S,Y,4,0,2,2,A,-,03,22350,NA,N,C,C,A,A,D,E,B,D,0,NA,NA,NA,NA,Y,NA,A,01,0,0,2,0,0,0,0,0,0,-,-,34.03799819946289,-117.32034301757813,SAN BERNARDINO,GRAND TERRACE,-117.32038879394533,34.03805923461914
90851278,2018,2018-11-01,9860,2018-10-24,1531,021149,NA,3,2,4,3603,0,1,1,NA,2,214,I-215 S/B,WASHINGTON ST,1250,N,N,A,-,Y,NA,NA,215,NA,NA,NA,NA,NA,S,N,4,0,1,3,A,-,08,22107,NA,F,B,C,A,A,H,-,A,D,0,NA,NA,NA,NA,Y,NA,D,22,0,0,1,0,0,0,0,0,0,-,-,34.05046844482422,-117.3036880493164,SAN BERNARDINO,COLTON,-117.3036880493164,34.05046844482422
90852481,2018,2018-11-05,9860,2018-10-29,1540,021169,NA,1,2,6,3604,0,1,1,NA,2,214,I-215 S/B,MILL ST,1600,N,N,A,-,Y,NA,NA,NA,NA,NA,NA,NA,NA,NA,Y,3,0,2,5,A,-,03,22350,NA,N,C,C,A,A,H,-,A,D,0,NA,NA,NA,NA,Y,NA,A,01,0,1,1,0,0,0,0,0,0,-,-,34.09666061401367,-117.30191040039063,SAN BERNARDINO,FONTANA,NA,NA
90853464,2018,2018-11-05,9850,2018-10-30,2150,022028,NA,2,2,9,3600,0,1,3,NA,2,034,SR-18,MUSTANG AVE.,60,S,N,A,-,N,NA,NA,18,NA,NA,NA,NA,NA,NA,Y,3,0,1,2,A,-,05,21460,A,F,E,I,A,A,H,-,C,D,0,NA,NA,NA,NA,Y,NA,A,01,0,1,0,0,0,0,0,0,0,-,-,34.47922134399414,-117.13337707519533,SAN BERNARDINO,UNINCORPORATED,-117.13343048095705,34.479164123535156
90854849,2018,2018-11-07,9855,2018-10-27,1835,020533,NA,6,2,6,3607,0,1,3,NA,2,601,SR-60 E/B (POMONA FWY),MILLIKEN AVE.,850,W,N,A,-,Y,NA,NA,60,NA,NA,NA,NA,NA,E,N,4,0,2,2,A,-,03,22350,NA,N,C,C,A,A,H,-,C,D,0,NA,NA,NA,NA,Y,NA,A,01,0,0,2,0,0,0,0,0,0,-,-,34.02460861206055,-117.56117248535156,SAN BERNARDINO,ONTARIO,-117.56114196777344,34.024715423583984
90855473,2018,2018-11-07,9850,2018-11-02,1130,020758,NA,5,1,9,3600,0,1,3,NA,2,040,SR-18,OLD WOMAN SPRINGS RD,200,S,N,A,-,Y,NA,NA,18,NA,NA,NA,NA,NA,NA,N,4,0,1,1,A,-,17,21712,A,N,H,A,A,A,H,-,A,D,0,NA,NA,NA,NA,Y,NA,A,08,0,0,1,0,0,0,0,0,0,-,-,34.44335174560547,-116.94940948486328,SAN BERNARDINO,UNINCORPORATED,-116.94945526123048,34.443302154541016
90856587,2018,2018-11-08,9865,2018-11-06,0746,014729,NA,2,1,9,3600,0,1,3,NA,2,045,SR-38,SUGAR PINES CIR,3696,W,N,A,-,Y,NA,NA,38,NA,NA,NA,NA,NA,NA,Y,3,0,1,2,A,-,05,21460,A,N,D,C,A,A,H,-,A,D,0,NA,NA,NA,NA,Y,NA,A,01,0,1,0,0,0,0,0,0,0,-,-,34.1248893737793,-116.9827117919922,SAN BERNARDINO,UNINCORPORATED,-116.98270416259766,34.12490463256836
9086032,2020,2020-08-03,3609,2020-04-01,2148,02294,RI114,3,5,5,3609,0,0,0,NA,0,002,ACACIA AV,ETIWANDA AV,166,N,N,A,F,N,NA,NA,NA,NA,NA,NA,NA,NA,NA,Y,4,0,1,1,A,-,03,22350,NA,N,E,I,A,A,H,-,C,A,0,NA,NA,NA,NA,Y,NA,A,01,0,0,1,0,0,0,0,0,0,-,-,34.11458969116211,-117.3616180419922,SAN BERNARDINO,RIALTO,-117.36165618896484,34.1145133972168
90862205,2018,2018-11-19,9860,2018-11-06,2340,021229,NA,2,3,6,3610,0,1,1,NA,2,216,I-215 N/B,PALM AVE,528,S,N,A,-,Y,NA,NA,215,NA,NA,NA,NA,NA,N,Y,3,0,1,1,A,-,08,22107,NA,N,E,I,A,A,H,-,D,D,0,NA,NA,NA,NA,Y,NA,A,01,0,1,0,0,0,0,0,0,0,-,-,34.18907165527344,-117.35794830322266,SAN BERNARDINO,SAN BERNARDINO,-117.35807037353516,34.18890380859375
90862860,2018,2018-11-19,9865,2018-11-06,0740,016459,NA,2,1,9,3600,0,1,3,NA,1,034,SR-18,HOLCOMB VALLEY RD,0,NA,Y,A,-,Y,NA,NA,18,NA,NA,NA,NA,NA,NA,Y,3,0,1,2,A,-,09,21801,A,N,D,C,A,A,H,-,A,D,0,NA,NA,Y,NA,Y,NA,E,22,0,1,0,0,0,0,0,0,1,-,-,34.293701171875,-116.813720703125,SAN BERNARDINO,UNINCORPORATED,-116.81371307373048,34.293731689453125
90864102,2018,2018-11-20,9855,2018-11-08,0432,020690,NA,4,3,5,3611,0,1,1,NA,2,203,SR-210 W/B (FOOTHILL FWY),CAMPUS AVE.,2200,E,N,A,-,Y,NA,NA,210,NA,NA,NA,NA,NA,W,N,4,0,1,2,A,-,03,22350,NA,N,C,C,A,A,H,-,D,D,0,NA,NA,NA,NA,Y,NA,A,01,0,0,1,0,0,0,0,0,0,-,-,34.13494110107422,-117.6281967163086,SAN BERNARDINO,UPLAND,-117.6281967163086,34.13500213623047
90864774,2018,2018-11-21,9855,2018-11-09,1722,017808,NA,5,2,5,3602,0,1,3,NA,2,603,SR-60 W/B (POMONA FWY),RAMONA AVE.,2112,W,N,A,-,Y,NA,NA,60,NA,NA,NA,NA,NA,W,Y,4,0,2,3,A,-,03,22350,NA,N,C,C,A,A,H,-,C,D,0,NA,NA,NA,NA,Y,NA,A,07,0,0,2,0,0,0,0,0,0,-,-,34.02983856201172,-117.71369934082033,SAN BERNARDINO,CHINO,-117.71367645263672,34.029747009277344
90866171,2018,2018-11-26,9860,2018-11-14,1435,021149,NA,3,2,6,3604,0,1,1,NA,2,102,I-10 EB FROM SIERRA AVE.,SIERRA AVE,900,E,N,A,-,Y,NA,NA,10,NA,NA,NA,R,NA,E,N,4,0,1,2,A,-,03,22350,NA,N,C,C,A,A,H,-,A,D,0,NA,NA,NA,NA,Y,NA,A,01,0,0,1,0,0,0,0,0,0,-,-,34.066978454589844,-117.43180084228516,SAN BERNARDINO,FONTANA,-117.43180084228516,34.066978454589844
90869166,2018,2018-11-28,9865,2018-11-22,1914,020872,NA,4,2,9,3600,0,1,3,NA,1,010,SR-18,UPPER WATERMAN CANYON ROAD,2376,N,N,A,-,Y,NA,NA,18,NA,NA,NA,NA,NA,NA,Y,4,0,1,1,A,-,03,22350,NA,N,E,I,A,A,H,-,D,A,0,NA,NA,NA,NA,Y,NA,A,01,0,0,1,0,0,0,0,0,0,-,-,34.217071533203125,-117.28500366210938,SAN BERNARDINO,UNINCORPORATED,-117.2850341796875,34.21705627441406
90872094,2018,2018-11-30,9855,2018-11-17,2120,020533,NA,6,2,6,3607,0,1,1,NA,2,103,I-10 E/B (SAN BERNARDINO FWY),HAVEN AVE.,1800,W,N,A,-,Y,NA,NA,10,NA,NA,NA,NA,NA,E,N,3,0,1,2,A,-,03,22350,NA,F,C,C,A,A,H,-,C,D,0,NA,NA,NA,NA,Y,NA,A,07,0,1,0,0,0,0,0,0,0,-,-,34.06747055053711,-117.58210754394533,SAN BERNARDINO,ONTARIO,-117.58210754394533,34.06747817993164
90872400,2018,2018-11-30,9855,2018-11-18,0705,016889,NA,7,1,6,3607,0,1,3,NA,2,601,SR-60 W/B (POF) TO HAVEN AVE.,HAVEN AVE.,75,E,N,B,-,Y,NA,NA,60,NA,NA,NA,R,NA,W,N,4,0,1,2,A,-,03,22350,NA,F,C,C,A,A,H,-,A,A,0,NA,NA,NA,NA,Y,NA,A,01,0,0,1,0,0,0,0,0,0,-,-,34.02967071533203,-117.57534790039063,SAN BERNARDINO,ONTARIO,-117.57534790039063,34.02967071533203
90872807,2018,2018-12-03,9850,2018-11-17,2344,022028,NA,6,3,9,3600,0,1,3,NA,2,060,SR-138,DEER HAVEN DR,299,W,N,A,-,Y,NA,NA,138,NA,NA,NA,NA,NA,NA,Y,3,0,1,2,A,-,07,21658,A,N,C,C,A,A,H,-,C,D,0,NA,NA,NA,NA,Y,Y,A,01,0,1,0,0,0,0,0,0,0,-,-,34.41495132446289,-117.59651947021484,SAN BERNARDINO,UNINCORPORATED,-117.5964584350586,34.41508102416992
90872919,2018,2018-12-03,9860,2018-11-24,1319,017018,NA,6,1,6,3610,0,1,1,NA,2,214,I-215 NORTHBOUND,AUTO CENTER RD,2640,S,N,A,-,Y,NA,NA,215,NA,NA,NA,NA,NA,N,Y,2,0,1,1,A,-,08,22107,NA,N,F,A,A,A,H,-,A,D,0,NA,NA,Y,NA,Y,NA,C,02,1,0,0,0,0,0,0,0,1,-,-,34.07162094116211,-117.2955322265625,SAN BERNARDINO,SAN BERNARDINO,-117.2955322265625,34.07162094116211
90874327,2018,2018-12-04,9860,2018-11-16,1600,016646,NA,5,2,6,3610,0,1,1,NA,2,214,I-215 N/B,MILL STREET,528,N,N,A,-,Y,NA,NA,215,NA,NA,NA,NA,NA,N,N,3,0,1,2,A,-,08,22107,NA,N,B,C,A,A,H,-,A,D,0,NA,NA,NA,NA,Y,NA,A,01,0,1,0,0,0,0,0,0,0,-,-,34.09688949584961,-117.30172729492188,SAN BERNARDINO,SAN BERNARDINO,-117.30177307128906,34.09688949584961
90874577,2018,2018-12-04,9855,2018-11-16,1610,020151,NA,5,2,6,3604,0,1,1,NA,2,101,I-10 E/B (SAN BERNARDINO FWY),SIERRA AVE.,300,W,N,A,-,Y,NA,NA,10,NA,NA,NA,NA,NA,E,Y,3,0,1,2,A,-,03,22350,NA,F,B,C,A,A,H,-,A,D,0,NA,NA,NA,NA,Y,NA,A,01,0,1,0,0,0,0,0,0,0,-,-,34.06686019897461,-117.44077301025392,SAN BERNARDINO,FONTANA,-117.44077301025392,34.06688690185547
90874837,2018,2018-12-04,9865,2018-11-26,1720,020872,NA,1,2,9,3600,0,1,3,NA,1,010,SR-18 NORTHBOUND,UPPER WATERMAN CANYON ROAD,2376,N,N,A,-,Y,NA,NA,18,NA,NA,NA,NA,NA,N,Y,3,0,1,2,A,-,09,21804,A,N,D,C,A,A,H,-,D,D,0,NA,NA,NA,NA,Y,NA,A,07,0,1,0,0,0,0,0,0,0,-,-,34.21717834472656,-117.28504943847656,SAN BERNARDINO,UNINCORPORATED,-117.28507995605467,34.217159271240234
9087501,2020,2020-07-14,3600,2020-04-06,2027,D4301,HE307,1,5,5,3619,0,0,0,NA,0,HE5,MAIN ST,MAPLE AV,38,E,N,C,-,N,NA,NA,NA,NA,NA,NA,NA,NA,NA,Y,3,0,3,2,A,-,01,23152,A,N,C,C,A,B,H,-,C,A,0,NA,NA,NA,NA,Y,Y,A,01,0,1,2,0,0,0,0,0,0,-,-,NA,NA,SAN BERNARDINO,HESPERIA,-117.34636688232422,34.42679214477539
90875395,2018,2018-12-04,9850,2018-11-16,1136,017730,NA,5,1,9,3600,0,1,3,NA,2,060,SR-138,PHELAN ROAD,265,W,N,A,-,Y,NA,NA,138,NA,NA,NA,NA,NA,NA,Y,2,0,1,4,A,-,03,22350,NA,N,C,C,A,A,H,-,A,A,0,NA,NA,NA,NA,Y,NA,A,01,1,0,0,0,0,0,0,0,0,-,-,34.42662048339844,-117.6201171875,SAN BERNARDINO,UNINCORPORATED,-117.6200942993164,34.42667007446289
90876276,2018,2018-12-05,9855,2018-11-23,1346,017808,NA,5,1,9,3600,0,3,5,NA,2,004,RIVERSIDE DR.,TOWNE AVE.,0,NA,Y,B,-,N,NA,NA,NA,NA,NA,NA,NA,NA,NA,Y,4,0,2,2,A,-,12,21453,A,N,D,C,A,A,H,-,A,A,0,NA,NA,NA,NA,Y,NA,A,01,0,0,2,0,0,0,0,0,0,-,-,34.19078826904297,-117.40032196044922,SAN BERNARDINO,UNINCORPORATED,-117.74009704589844,34.0190315246582
9087689,2020,2020-07-17,3610,2020-03-24,1110,51119,NA,2,5,6,3610,0,0,0,NA,0,DAVID,W RIALTO AV,N E ST,0,NA,Y,A,-,N,NA,NA,NA,NA,NA,NA,NA,NA,NA,N,4,0,1,2,D,-,00,NA,NA,N,G,B,B,A,H,-,A,A,0,Y,NA,NA,NA,Y,NA,-,-,0,0,1,0,1,0,0,0,0,-,-,34.100830078125,-117.29408264160156,SAN BERNARDINO,SAN BERNARDINO,-117.2941436767578,34.10084915161133
90877619,2018,2018-12-06,9855,2018-11-27,0800,015919,NA,2,1,6,3607,0,1,1,NA,2,103,I-10 W/B (SAN BERNARDINO FWY),HAVEN AVE.,50,W,N,A,-,Y,NA,NA,10,NA,NA,NA,NA,NA,W,Y,4,0,1,2,A,-,07,21658,A,N,B,C,A,A,H,-,A,D,0,NA,NA,NA,NA,Y,NA,-,-,0,0,1,0,0,0,0,0,0,-,-,34.067710876464844,-117.57642364501952,SAN BERNARDINO,ONTARIO,-117.57642364501952,34.06761169433594
90877826,2018,2018-12-07,9860,2018-11-29,0845,018858,NA,4,1,9,3600,0,1,1,NA,2,151,I-15 N/B,GLEN HELEN PKY,3696,S,N,B,C,Y,NA,NA,15,NA,NA,NA,NA,NA,N,Y,4,0,1,1,A,-,03,22350,NA,N,E,I,A,B,H,-,A,D,0,NA,NA,NA,NA,Y,NA,A,07,0,0,1,0,0,0,0,0,0,-,-,34.20254898071289,-117.41490173339844,SAN BERNARDINO,UNINCORPORATED,-117.41522216796876,34.2027473449707