CASE_ID,ACCIDENT_YEAR,PROC_DATE,JURIS,COLLISION_DATE,COLLISION_TIME,OFFICER_ID,REPORTING_DISTRICT,DAY_OF_WEEK,CHP_SHIFT,POPULATION,CNTY_CITY_LOC,SPECIAL_COND,BEAT_TYPE,CHP_BEAT_TYPE,CITY_DIVISION_LAPD,CHP_BEAT_CLASS,BEAT_NUMBER,PRIMARY_RD,SECONDARY_RD,DISTANCE,DIRECTION,INTERSECTION,WEATHER_1,WEATHER_2,STATE_HWY_IND,CALTRANS_COUNTY,CALTRANS_DISTRICT,STATE_ROUTE,ROUTE_SUFFIX,POSTMILE_PREFIX,POSTMILE,LOCATION_TYPE,RAMP_INTERSECTION,SIDE_OF_HWY,TOW_AWAY,COLLISION_SEVERITY,NUMBER_KILLED,NUMBER_INJURED,PARTY_COUNT,PRIMARY_COLL_FACTOR,PCF_CODE_OF_VIOL,PCF_VIOL_CATEGORY,PCF_VIOLATION,PCF_VIOL_SUBSECTION,HIT_AND_RUN,TYPE_OF_COLLISION,MVIW,PED_ACTION,ROAD_SURFACE,ROAD_COND_1,ROAD_COND_2,LIGHTING,CONTROL_DEVICE,CHP_ROAD_TYPE,PEDESTRIAN_ACCIDENT,BICYCLE_ACCIDENT,MOTORCYCLE_ACCIDENT,TRUCK_ACCIDENT,NOT_PRIVATE_PROPERTY,ALCOHOL_INVOLVED,STWD_VEHTYPE_AT_FAULT,CHP_VEHTYPE_AT_FAULT,COUNT_SEVERE_INJ,COUNT_VISIBLE_INJ,COUNT_COMPLAINT_PAIN,COUNT_PED_KILLED,COUNT_PED_INJURED,COUNT_BICYCLIST_KILLED,COUNT_BICYCLIST_INJURED,COUNT_MC_KILLED,COUNT_MC_INJURED,PRIMARY_RAMP,SECONDARY_RAMP,LATITUDE,LONGITUDE,COUNTY,CITY,POINT_X,POINT_Y
90917470,2019,2019-02-01,9870,2019-01-22,1635,021924,NA,2,2,9,3600,0,1,3,NA,1,011,SR-62 (TWENTYNINE PALMS HIGHWAY),CORONADO DRIVE,280,W,N,A,-,Y,NA,NA,62,NA,NA,NA,NA,NA,NA,Y,3,0,2,2,A,-,07,21658,A,N,B,C,A,A,H,-,A,D,0,NA,NA,NA,NA,Y,NA,A,01,0,1,1,0,0,0,0,0,0,-,-,34.049678802490234,-116.57762908935548,SAN BERNARDINO,UNINCORPORATED,-116.57770538330078,34.04975891113281
90919462,2019,2019-02-05,9855,2019-01-27,0124,020913,NA,7,3,6,3616,0,1,1,NA,2,153,I-15 S/B (ONTARIO FWY),SR-210 W/B (FOOTHILL FWY),60,S,N,A,-,Y,NA,NA,15,NA,NA,NA,NA,NA,S,Y,3,0,1,1,A,-,01,23152,A,N,E,I,A,A,H,-,D,D,0,NA,NA,NA,NA,Y,Y,A,01,0,1,0,0,0,0,0,0,0,-,-,34.13648986816406,-117.49581909179688,SAN BERNARDINO,RANCHO CUCAMONGA,-117.49593353271484,34.136619567871094
90919559,2019,2019-02-05,9850,2019-01-26,1814,021422,NA,6,2,9,3600,0,3,5,NA,2,003,DEEP CREEK ROAD,TUSSING RANCH ROAD,1015,S,N,A,-,N,NA,NA,NA,NA,NA,NA,NA,NA,NA,Y,2,0,1,1,A,-,08,22107,NA,N,E,I,A,A,H,-,D,D,0,NA,NA,NA,NA,Y,NA,A,01,1,0,0,0,0,0,0,0,0,-,-,34.43960189819336,-117.22508239746094,SAN BERNARDINO,UNINCORPORATED,-117.22513580322266,34.43967056274414
90920767,2019,2019-02-06,9860,2019-02-04,0728,017098,NA,1,1,9,3600,0,1,1,NA,2,151,I-15 S/B,KENWOOD AVE,2500,S,N,B,C,Y,NA,NA,15,NA,NA,NA,NA,NA,S,Y,4,0,1,1,A,-,08,22107,NA,N,E,I,A,B,H,-,A,D,0,NA,NA,NA,NA,Y,NA,A,01,0,0,1,0,0,0,0,0,0,-,-,34.233009338378906,-117.42138671875,SAN BERNARDINO,UNINCORPORATED,-117.4211196899414,34.23337173461914
90922297,2019,2019-02-08,9855,2019-01-31,1335,018313,NA,4,1,9,3600,0,1,3,NA,1,011,RANDALL AVE,BEECH AVE.,0,NA,Y,C,-,N,NA,NA,NA,NA,NA,NA,NA,NA,NA,N,4,0,1,2,A,-,12,22450,A,N,D,C,A,B,H,-,A,A,0,NA,NA,NA,Y,Y,NA,A,07,0,0,1,0,0,0,0,0,0,-,-,34.0847282409668,-117.4711685180664,SAN BERNARDINO,UNINCORPORATED,-117.47119903564452,34.084739685058594
9092246,2020,2020-07-07,3600,2020-03-13,1900,F8556,RC005,5,5,6,3616,0,0,0,NA,0,003,DAY CREEK BL,MADRIGAL DR,0,NA,Y,C,-,N,NA,NA,NA,NA,NA,NA,NA,NA,NA,N,4,0,1,2,A,-,12,21453,A,N,D,C,A,B,H,-,C,A,0,NA,NA,NA,NA,Y,NA,A,01,0,0,1,0,0,0,0,0,0,-,-,NA,NA,SAN BERNARDINO,RANCHO CUCAMONGA,-117.53700256347656,34.11915969848633
90922559,2019,2019-02-08,9855,2019-02-03,1608,017597,NA,7,2,6,3604,0,1,1,NA,2,201,SR-210 W/B (FOOTHILL FWY),SIERRA AVE.,400,W,N,B,C,Y,NA,NA,210,NA,NA,NA,NA,NA,W,Y,4,0,1,1,A,-,03,22350,NA,N,E,I,A,B,H,-,A,D,0,NA,NA,NA,NA,Y,NA,A,01,0,0,1,0,0,0,0,0,0,-,-,34.136531829833984,-117.44164276123048,SAN BERNARDINO,FONTANA,-117.44164276123048,34.13653564453125
90923479,2019,2019-02-11,9855,2019-02-01,1740,018313,NA,5,2,5,3611,0,1,1,NA,2,203,SR-210 E/B (FOOTHILL FWY),CAMPUS AVE.,2500,E,N,A,-,Y,NA,NA,210,NA,NA,NA,NA,NA,E,Y,3,0,1,3,A,-,07,21658,A,N,C,C,A,A,H,-,C,D,0,NA,NA,NA,NA,Y,NA,A,01,0,1,0,0,0,0,0,0,0,-,-,34.13486099243164,-117.62470245361328,SAN BERNARDINO,UPLAND,-117.62470245361328,34.134769439697266
90923784,2019,2019-02-11,9850,2019-02-07,1025,019278,NA,4,1,5,3612,0,1,1,NA,2,083,I-15 NB,PALMDALE RD,90,N,N,A,-,Y,NA,NA,15,NA,NA,NA,NA,NA,N,Y,4,0,1,1,A,-,08,22107,NA,N,E,I,A,A,H,-,A,D,0,NA,NA,NA,NA,Y,NA,A,01,0,0,1,0,0,0,0,0,0,-,-,34.50809860229492,-117.32250213623048,SAN BERNARDINO,VICTORVILLE,-117.32267761230467,34.508148193359375
90924414,2019,2019-02-12,9860,2019-02-01,0956,016575,NA,5,1,6,3610,0,1,1,NA,2,202,SR-210 E/B TO WATEMAN AVENUE,WATERMAN AVE.,180,W,N,A,-,Y,NA,NA,210,NA,NA,NA,R,NA,E,N,4,0,1,2,A,-,21,22106,NA,F,C,C,A,A,H,-,A,A,0,NA,NA,NA,NA,Y,NA,A,01,0,0,1,0,0,0,0,0,0,-,-,34.144718170166016,-117.279296875,SAN BERNARDINO,SAN BERNARDINO,-117.279296875,34.144718170166016
9092451,2020,2020-07-29,3610,2020-04-12,1859,51163,NA,7,5,6,3610,0,0,0,NA,0,DAVID,E 9TH ST,VALENCIA AV,570,E,N,C,-,N,NA,NA,NA,NA,NA,NA,NA,NA,NA,Y,4,0,1,2,A,-,08,22107,NA,N,D,C,A,B,H,-,B,D,0,NA,NA,NA,NA,Y,NA,A,01,0,0,1,0,0,0,0,0,0,-,-,34.1157112121582,-117.27120971679688,SAN BERNARDINO,SAN BERNARDINO,-117.26987457275392,34.115760803222656
90924724,2019,2019-02-12,9860,2019-02-07,0722,012988,NA,4,1,4,3640,0,1,1,NA,2,106,I-10 WESTBOUND,LIVE OAK CANYON RD,1584,E,N,A,-,Y,NA,NA,10,NA,NA,NA,NA,NA,W,Y,4,0,1,3,A,-,03,22350,NA,N,C,C,A,A,D,-,A,D,0,NA,NA,NA,NA,Y,NA,A,01,0,0,1,0,0,0,0,0,0,-,-,34.01530838012695,-117.0901107788086,SAN BERNARDINO,YUCAIPA,-117.0901107788086,34.015357971191406
90924728,2019,2019-02-12,9860,2019-02-04,1030,015495,NA,1,1,4,3603,0,1,1,NA,2,103,I-10 E/B,I-215,1647,E,N,B,C,Y,NA,NA,10,NA,NA,NA,NA,NA,E,Y,3,0,4,1,A,-,08,22107,NA,N,F,A,A,B,H,-,A,D,0,NA,NA,NA,NA,Y,NA,A,07,0,1,3,0,0,0,0,0,0,-,-,34.06344985961914,-117.29080200195313,SAN BERNARDINO,COLTON,-117.29080200195313,34.06333541870117
90925203,2019,2019-02-13,9860,2019-02-02,1530,021371,NA,6,2,9,3600,0,1,1,NA,2,151,I-15 N/B,GLEN HELEN PKY,3790,S,N,C,-,Y,NA,NA,15,NA,NA,NA,NA,NA,N,Y,4,0,2,3,A,-,03,22350,NA,N,C,E,A,B,H,-,A,D,0,NA,NA,NA,NA,Y,NA,A,07,0,0,2,0,0,0,0,0,0,-,-,34.193450927734375,-117.42131805419922,SAN BERNARDINO,UNINCORPORATED,-117.42123413085938,34.19335174560547
90926573,2019,2019-02-14,9855,2019-02-05,0315,020006,NA,2,3,6,3607,0,1,1,NA,2,152,I-15 N/B (ONTARIO FWY),JURUPA ST.,2500,N,N,B,C,Y,NA,NA,15,NA,NA,NA,NA,NA,N,Y,4,0,1,2,A,-,08,22107,NA,N,B,C,A,B,H,-,D,D,0,NA,NA,NA,NA,Y,NA,A,01,0,0,1,0,0,0,0,0,0,-,-,34.05757141113281,-117.54554748535156,SAN BERNARDINO,ONTARIO,-117.54556274414063,34.05757522583008
9092851,2020,2020-07-02,3600,2020-03-10,2339,G9451,VC046,2,5,5,3612,0,0,0,NA,0,VC6,AIR EXPRESS WY,VILLAGE DR,0,NA,Y,A,-,N,NA,NA,NA,NA,NA,NA,NA,NA,NA,Y,4,0,1,2,A,-,12,21453,A,N,H,C,A,A,H,-,C,A,0,NA,NA,NA,NA,Y,NA,A,01,0,0,1,0,0,0,0,0,0,-,-,NA,NA,SAN BERNARDINO,VICTORVILLE,-117.34030151367188,34.56575012207031
9092858,2020,2020-07-02,3604,2020-03-28,2026,1342,NA,6,5,6,3604,0,0,0,NA,0,NA,S HIGHLAND AV,CITRUS AV,16,E,N,A,-,N,NA,NA,NA,NA,NA,NA,NA,NA,NA,N,4,0,2,2,A,-,03,22350,NA,N,C,C,A,A,H,-,C,D,0,NA,NA,NA,NA,Y,NA,A,01,0,0,2,0,0,0,0,0,0,-,-,NA,NA,SAN BERNARDINO,FONTANA,-117.4535903930664,34.134708404541016
90928765,2019,2019-02-19,9855,2019-02-09,2315,020046,NA,6,3,6,3607,0,1,1,NA,2,152,I-15 N/B (ONTARIO FWY),FOURTH ST.,200,S,N,A,-,Y,NA,NA,15,NA,NA,NA,NA,NA,N,Y,3,0,2,2,A,-,03,22350,NA,N,C,C,A,A,H,-,C,D,0,NA,NA,NA,NA,Y,NA,A,01,0,1,1,0,0,0,0,0,0,-,-,34.07701110839844,-117.54464721679688,SAN BERNARDINO,ONTARIO,-117.54464721679688,34.07701110839844
9092896,2020,2020-07-27,3600,2020-04-09,1446,G5366,VC064,4,5,5,3612,0,0,0,NA,0,VC5,AMARGOSA RD,MARICOPA RD,0,NA,Y,C,-,N,NA,NA,NA,NA,NA,NA,NA,NA,NA,Y,4,0,1,1,A,-,03,22350,NA,N,F,I,A,B,H,-,A,A,0,NA,NA,NA,NA,Y,NA,A,07,0,0,1,0,0,0,0,0,0,-,-,NA,NA,SAN BERNARDINO,VICTORVILLE,-117.33004760742188,34.49607849121094
9092995,2020,2020-08-10,3603,2020-04-05,2206,4856,CPD,7,5,4,3603,0,0,0,NA,0,001,PENNSYLVANIA AV,ESPERANZA ST,0,NA,Y,A,-,N,NA,NA,NA,NA,NA,NA,NA,NA,NA,N,3,0,1,2,A,-,05,21650,NA,N,A,C,A,A,H,-,C,A,0,NA,NA,NA,NA,Y,NA,A,01,0,1,0,0,0,0,0,0,0,-,-,34.09033966064453,-117.32711029052734,SAN BERNARDINO,COLTON,-117.32708740234376,34.0903205871582
90930643,2019,2019-02-21,9860,2019-02-09,2345,020135,NA,6,3,6,3610,0,1,1,NA,2,201,SR-210 E/B,27TH ST,1056,W,N,B,-,Y,NA,NA,210,NA,NA,NA,NA,NA,E,Y,2,0,1,1,A,-,01,23152,A,N,E,I,A,A,H,-,D,D,0,NA,NA,NA,NA,Y,Y,A,01,1,0,0,0,0,0,0,0,0,-,-,34.14012145996094,-117.3237762451172,SAN BERNARDINO,SAN BERNARDINO,-117.32395935058594,34.14027786254883
90931000,2019,2019-02-21,9850,2019-02-11,0620,017034,NA,1,1,5,3619,0,1,1,NA,2,081,INTERSTATE 15 SOUTHBOUND,RANCHERO ROAD,675,S,N,A,-,Y,NA,NA,15,NA,NA,NA,NA,NA,S,Y,4,0,1,3,A,-,03,22350,NA,N,C,C,A,A,H,-,B,D,0,NA,NA,NA,NA,Y,NA,D,22,0,0,1,0,0,0,0,0,0,-,-,34.381248474121094,-117.41683959960938,SAN BERNARDINO,HESPERIA,-117.41692352294922,34.381317138671875
90932968,2019,2019-02-25,9870,2019-02-13,1814,021924,NA,3,2,9,3600,0,3,5,NA,2,003,LEAR AVENUE,INDIAN TRAIL,0,NA,Y,A,-,N,NA,NA,NA,NA,NA,NA,NA,NA,NA,Y,2,0,1,2,A,-,09,21802,A,N,D,C,A,A,H,-,D,A,0,NA,NA,NA,NA,Y,NA,A,01,1,0,0,0,0,0,0,0,0,-,-,34.186031341552734,-116.1506118774414,SAN BERNARDINO,UNINCORPORATED,-116.15058135986328,34.18600082397461
90933039,2019,2019-02-25,9835,2019-02-17,1520,021959,NA,7,2,9,3600,0,1,1,NA,2,074,I-15 S/B,ZZYZX RD,13834,N,N,A,-,Y,NA,NA,15,NA,NA,NA,NA,NA,S,N,4,0,1,2,A,-,21,22106,NA,N,C,C,A,A,H,-,A,D,0,NA,NA,NA,NA,Y,NA,A,07,0,0,1,0,0,0,0,0,0,-,-,35.219261169433594,-116.10997772216795,SAN BERNARDINO,UNINCORPORATED,-116.10992431640624,35.2192268371582
90933280,2019,2019-02-25,9835,2019-02-17,2000,021959,NA,7,2,9,3600,0,1,1,NA,2,074,I-15 S/B,W. BAKER BLVD,3696,S,N,A,-,Y,NA,NA,15,NA,NA,NA,NA,NA,S,Y,3,0,1,1,A,-,01,23152,A,N,F,I,A,A,H,-,D,D,0,NA,NA,NA,NA,Y,Y,A,01,0,1,0,0,0,0,0,0,0,-,-,35.238399505615234,-116.09877014160156,SAN BERNARDINO,UNINCORPORATED,-116.0986557006836,35.23833465576172
90933465,2019,2019-02-25,9855,2019-02-14,1850,019303,NA,4,2,6,3607,0,1,1,NA,2,101,I-10 E/B (SAN BERNARDINO FWY),MILLIKEN AVE.,1800,W,N,B,C,Y,NA,NA,10,NA,NA,NA,NA,NA,E,N,3,0,2,2,A,-,03,22350,NA,N,C,C,A,B,H,-,C,D,0,NA,NA,NA,NA,Y,NA,A,01,0,1,1,0,0,0,0,0,0,-,-,34.06740188598633,-117.58260345458984,SAN BERNARDINO,ONTARIO,-117.58259582519533,34.067481994628906
9093446,2020,2020-06-29,3609,2020-03-23,1934,0208,RI143,1,5,5,3609,0,0,0,NA,0,003,W MERRILL AV,S FOREST AV,18,E,N,A,-,N,NA,NA,NA,NA,NA,NA,NA,NA,NA,N,3,0,1,2,A,-,11,21954,A,N,G,B,D,A,H,-,C,D,0,Y,NA,NA,NA,Y,NA,N,60,0,1,0,0,1,0,0,0,0,-,-,34.09223175048828,-117.40335845947266,SAN BERNARDINO,RIALTO,-117.40340423583984,34.09223937988281
90938125,2019,2019-03-04,9860,2019-02-24,2325,020518,NA,7,3,3,3615,0,1,1,NA,2,104,I-10 W/B,MOUNTAIN VIEW AVE,2112,E,N,A,-,Y,NA,NA,10,NA,NA,NA,NA,NA,W,Y,4,0,2,2,A,-,08,22107,NA,F,B,C,A,A,H,-,D,D,0,NA,NA,NA,NA,Y,NA,A,01,0,0,2,0,0,0,0,0,0,-,-,34.06673812866211,-117.2361068725586,SAN BERNARDINO,LOMA LINDA,-117.2361068725586,34.06672286987305
90940303,2019,2019-03-06,9860,2019-03-05,1830,021371,NA,2,2,5,3609,0,1,1,NA,2,102,I-10 E/B,RIVERSIDE AVE,2200,W,N,B,-,Y,NA,NA,10,NA,NA,NA,NA,NA,E,N,4,0,1,1,A,-,08,22107,NA,N,E,I,A,A,H,-,C,D,0,NA,NA,NA,NA,Y,NA,A,01,0,0,1,0,0,0,0,0,0,-,-,34.0684700012207,-117.37799072265624,SAN BERNARDINO,RIALTO,-117.37799072265624,34.06837844848633
90942046,2019,2019-03-07,9855,2019-03-02,1300,016375,NA,6,1,6,3616,0,1,1,NA,2,203,SR-210 W/B (FOOTHILL FWY),BERYL ST.,270,E,N,B,C,Y,NA,NA,210,NA,NA,NA,NA,NA,W,Y,4,0,2,1,A,-,03,22350,NA,N,F,I,A,B,H,-,A,D,0,NA,NA,NA,NA,Y,NA,D,22,0,0,2,0,0,0,0,0,0,-,-,34.13521957397461,-117.6066436767578,SAN BERNARDINO,RANCHO CUCAMONGA,-117.60663604736328,34.1351203918457
90942893,2019,2019-03-11,9860,2019-02-21,0327,020572,NA,4,3,5,3608,0,1,1,NA,2,105,I-10 WB TO SR-210 WB,NEW YORK ST.,16,W,N,B,C,Y,NA,NA,10,NA,NA,NA,R,NA,W,Y,3,0,1,2,A,-,07,21658,A,N,C,C,A,B,H,-,C,D,0,NA,NA,NA,Y,Y,NA,G,25,0,1,0,0,0,0,0,0,0,-,-,34.06319046020508,-117.19571685791016,SAN BERNARDINO,REDLANDS,-117.19571685791016,34.06319046020508
90944607,2019,2019-03-12,9855,2019-02-26,1725,016268,NA,2,2,6,3616,0,1,1,NA,2,201,SR-210 E/B (FOOTHILL FWY),DAY CREEK BLVD.,0,NA,N,A,-,Y,NA,NA,210,NA,NA,NA,NA,NA,E,Y,4,0,1,2,C,-,18,NA,NA,N,C,C,A,A,H,-,B,D,0,NA,NA,NA,NA,Y,NA,-,-,0,0,1,0,0,0,0,0,0,-,-,34.13631820678711,-117.53334045410156,SAN BERNARDINO,RANCHO CUCAMONGA,-117.53334045410156,34.136348724365234
90944805,2019,2019-03-12,9860,2019-03-02,2050,020626,NA,6,2,6,3610,0,1,1,NA,2,216,I-215 N/B,BASELINE ST,1400,N,N,B,C,Y,NA,NA,215,NA,NA,NA,NA,NA,N,Y,4,0,1,1,A,-,03,22350,NA,N,E,I,A,B,H,-,C,D,0,NA,NA,NA,NA,Y,NA,A,01,0,0,1,0,0,0,0,0,0,-,-,34.12543869018555,-117.30242919921876,SAN BERNARDINO,SAN BERNARDINO,-117.30245971679688,34.12543869018555
90945127,2019,2019-03-13,9860,2019-03-02,0625,019269,NA,6,1,9,3600,0,1,1,NA,2,151,I-15 S/B TO I-215 S/B,KENWOOD AVE,3168,S,N,B,C,Y,NA,NA,15,NA,NA,NA,R,NA,S,Y,4,0,1,1,A,-,03,22350,NA,N,E,I,A,B,H,-,A,D,0,NA,NA,NA,NA,Y,NA,A,01,0,0,1,0,0,0,0,0,0,-,-,34.2305908203125,-117.41800689697266,SAN BERNARDINO,UNINCORPORATED,-117.41800689697266,34.2305908203125
90945725,2019,2019-03-13,9855,2019-03-06,1855,019947,NA,3,2,6,3607,0,1,1,NA,2,103,I-10 E/B TO EUCLID AVE.,EUCLID AVE.,60,W,N,B,C,Y,NA,NA,10,NA,NA,NA,R,NA,E,N,4,0,1,3,A,-,03,22350,NA,M,C,C,A,B,H,-,C,D,0,NA,NA,NA,NA,Y,NA,-,99,0,0,1,0,0,0,0,0,0,-,-,34.085289001464844,-117.65502166748048,SAN BERNARDINO,ONTARIO,-117.65502166748048,34.085289001464844
90946397,2019,2019-03-14,9855,2019-03-07,0450,020664,NA,4,3,6,3607,0,1,3,NA,2,603,SR-60 E/B (POMONA FWY),VINEYARD AVE.,3000,W,N,B,-,Y,NA,NA,60,NA,NA,NA,NA,NA,E,N,4,0,1,2,A,-,03,22350,NA,N,C,C,A,B,H,-,C,D,0,NA,NA,NA,NA,Y,NA,A,01,0,0,1,0,0,0,0,0,0,-,-,34.03036880493164,-117.62064361572266,SAN BERNARDINO,ONTARIO,-117.62064361572266,34.03041458129883
90947492,2019,2019-03-18,9860,2019-03-15,1910,021502,NA,5,2,9,3600,0,3,5,NA,2,002,GLASGOW AVENUE,ELMO DRIVE,85,S,N,A,-,N,NA,NA,NA,NA,NA,NA,NA,NA,NA,N,3,0,1,2,A,-,03,22350,NA,F,D,C,A,A,H,-,D,D,0,NA,NA,NA,NA,Y,NA,A,01,0,1,0,0,0,0,0,0,0,-,-,34.121849060058594,-117.25456237792967,SAN BERNARDINO,UNINCORPORATED,-117.25453186035156,34.12188720703125
90948580,2019,2019-03-19,9860,2019-03-07,1735,021363,NA,4,2,6,3610,0,1,1,NA,2,202,SR-210 E/B,WATERMAN AVE,2000,W,N,A,-,Y,NA,NA,210,NA,NA,NA,NA,NA,E,Y,4,0,1,4,A,-,03,22350,NA,N,C,C,A,A,H,-,B,D,0,NA,NA,NA,NA,Y,NA,A,01,0,0,1,0,0,0,0,0,0,-,-,34.14527130126953,-117.2852783203125,SAN BERNARDINO,SAN BERNARDINO,-117.2852783203125,34.14529800415039
90951011,2019,2019-03-21,9855,2019-03-12,1725,020904,NA,2,2,5,3630,0,1,3,NA,2,071,SR-71 S/B,EUCLID AVE,100,S,N,A,-,Y,NA,NA,71,NA,NA,NA,NA,NA,S,Y,4,0,1,2,A,-,07,21658,A,N,B,C,A,A,H,-,A,D,0,NA,NA,Y,NA,Y,NA,A,01,0,0,1,0,0,0,0,0,1,-,-,33.93040084838867,-117.6594009399414,SAN BERNARDINO,CHINO HILLS,-117.65938568115234,33.93041229248047
9095178,2020,2020-07-07,3608,2020-03-22,1503,4904,NA,7,5,5,3608,0,0,0,NA,0,NA,COLTON AV,INDUSTRIAL PARK AV,0,NA,Y,A,-,N,NA,NA,NA,NA,NA,NA,NA,NA,NA,N,4,0,1,2,A,-,11,21954,A,N,G,B,B,A,H,-,A,A,0,Y,NA,NA,NA,Y,NA,N,60,0,0,1,0,1,0,0,0,0,-,-,34.06285858154297,-117.20774841308594,SAN BERNARDINO,REDLANDS,-117.20162200927734,34.06288146972656
90952692,2019,2019-03-25,9855,2019-03-11,0639,013860,NA,1,1,6,3607,0,1,1,NA,2,152,I-15 S/B (ONTARIO FWY),JURUPA ST.,2271,S,N,A,-,Y,NA,NA,15,NA,NA,NA,NA,NA,S,Y,4,0,2,3,A,-,03,22350,NA,N,C,C,A,A,H,-,A,D,0,NA,NA,NA,NA,Y,NA,A,01,0,0,2,0,0,0,0,0,0,-,-,34.04159927368164,-117.55039978027344,SAN BERNARDINO,ONTARIO,-117.55043029785156,34.04159927368164
90953632,2019,2019-03-26,9855,2019-03-14,0815,012923,NA,4,1,6,3616,0,1,1,NA,2,203,SR-210 W/B (FOOTHILL FWY),ARCHIBALD AVE.,655,E,N,A,-,Y,NA,NA,210,NA,NA,NA,NA,NA,W,N,4,0,1,2,A,-,03,22350,NA,N,C,C,A,A,H,-,A,D,0,NA,NA,NA,NA,Y,NA,A,07,0,0,1,0,0,0,0,0,0,-,-,34.13600158691406,-117.58809661865234,SAN BERNARDINO,RANCHO CUCAMONGA,-117.58807373046876,34.13556671142578
90954298,2019,2019-03-27,9855,2019-03-15,0805,018335,NA,5,1,6,3607,0,1,3,NA,2,601,SR-60 W/B (POMONA FWY),EUCLID AVE.,1000,E,N,A,-,Y,NA,NA,60,NA,NA,NA,NA,NA,W,Y,4,0,1,2,A,-,03,22350,NA,N,C,C,A,A,H,-,A,D,0,NA,NA,NA,NA,Y,NA,A,01,0,0,1,0,0,0,0,0,0,-,-,34.03068923950195,-117.64685821533205,SAN BERNARDINO,ONTARIO,-117.64685821533205,34.0305290222168
90955449,2019,2019-03-28,9855,2019-03-18,0535,015626,NA,1,3,5,3602,0,1,3,NA,2,603,SR-60 W/B FROM CENTRAL AVENUE,CENTRAL AVE.,943,W,N,A,-,Y,NA,NA,60,NA,NA,NA,R,NA,W,Y,4,0,1,2,A,-,03,22350,NA,N,C,C,A,A,H,-,C,A,0,NA,NA,NA,NA,Y,NA,D,22,0,0,1,0,0,0,0,0,0,-,-,34.030540466308594,-117.69270324707033,SAN BERNARDINO,CHINO,-117.69270324707033,34.030540466308594
9095703,2020,2020-07-31,3600,2020-04-03,1511,3800,209,5,5,4,3640,0,0,0,NA,0,011,BRYANT ST,OAK GLEN RD,360,S,N,A,-,N,NA,NA,NA,NA,NA,NA,NA,NA,NA,Y,4,0,1,2,A,-,09,21801,A,N,D,C,A,-,H,-,A,D,0,NA,NA,Y,NA,Y,NA,A,08,0,0,1,0,0,0,0,0,1,-,-,NA,NA,SAN BERNARDINO,YUCAIPA,-117.03446197509766,34.047393798828125
90957045,2019,2019-04-10,9835,2019-03-17,0421,021981,NA,7,3,9,3600,0,1,1,NA,2,073,I-15 NB,CLYDE V KANE / MIDWAY,7603,S,N,A,-,Y,NA,NA,15,NA,NA,NA,NA,NA,N,Y,2,0,3,3,A,-,21,22106,NA,N,C,C,A,A,H,-,D,D,0,NA,NA,NA,NA,Y,NA,A,07,2,0,1,0,0,0,0,0,0,-,-,35.0247802734375,-116.4926300048828,SAN BERNARDINO,UNINCORPORATED,-116.49259948730467,35.02470397949219
9095718,2020,2020-07-30,3600,2020-04-16,1957,5408,AP010,4,5,5,3621,0,0,0,NA,0,AP3,BEAR VALLEY RD,DEEP CREEK RD,0,NA,Y,A,-,N,NA,NA,NA,NA,NA,NA,NA,NA,NA,Y,4,0,1,2,A,-,09,21801,A,N,D,C,A,A,H,-,C,A,0,NA,NA,NA,NA,Y,NA,A,01,0,0,1,0,0,0,0,0,0,-,-,NA,NA,SAN BERNARDINO,APPLE VALLEY,-117.22527313232422,34.471351623535156
90957673,2019,2019-09-11,9860,2019-03-21,2315,019674,NA,4,3,3,3690,0,1,1,NA,2,214,I-215 N/B,IOWA AVE,680,S,N,B,-,Y,NA,NA,215,NA,NA,NA,NA,NA,N,Y,4,0,1,2,A,-,07,21658,A,N,B,C,A,A,D,-,D,D,0,NA,NA,NA,NA,Y,NA,A,07,0,0,1,0,0,0,0,0,0,-,-,34.0223388671875,-117.33677673339844,SAN BERNARDINO,GRAND TERRACE,-117.33682250976563,34.022377014160156
90957731,2019,2019-03-29,9860,2019-03-21,0240,020856,NA,4,3,4,3618,0,1,1,NA,2,203,SR-210 W/B,5TH STREET,1500,E,N,A,-,Y,NA,NA,210,NA,NA,NA,NA,NA,W,Y,3,0,1,1,A,-,01,23152,A,N,E,I,A,A,H,-,D,D,0,NA,NA,NA,NA,Y,Y,A,01,0,1,0,0,0,0,0,0,0,-,-,34.10477066040039,-117.19915008544922,SAN BERNARDINO,HIGHLAND,-117.19912719726563,34.104766845703125