CASE_ID,ACCIDENT_YEAR,PROC_DATE,JURIS,COLLISION_DATE,COLLISION_TIME,OFFICER_ID,REPORTING_DISTRICT,DAY_OF_WEEK,CHP_SHIFT,POPULATION,CNTY_CITY_LOC,SPECIAL_COND,BEAT_TYPE,CHP_BEAT_TYPE,CITY_DIVISION_LAPD,CHP_BEAT_CLASS,BEAT_NUMBER,PRIMARY_RD,SECONDARY_RD,DISTANCE,DIRECTION,INTERSECTION,WEATHER_1,WEATHER_2,STATE_HWY_IND,CALTRANS_COUNTY,CALTRANS_DISTRICT,STATE_ROUTE,ROUTE_SUFFIX,POSTMILE_PREFIX,POSTMILE,LOCATION_TYPE,RAMP_INTERSECTION,SIDE_OF_HWY,TOW_AWAY,COLLISION_SEVERITY,NUMBER_KILLED,NUMBER_INJURED,PARTY_COUNT,PRIMARY_COLL_FACTOR,PCF_CODE_OF_VIOL,PCF_VIOL_CATEGORY,PCF_VIOLATION,PCF_VIOL_SUBSECTION,HIT_AND_RUN,TYPE_OF_COLLISION,MVIW,PED_ACTION,ROAD_SURFACE,ROAD_COND_1,ROAD_COND_2,LIGHTING,CONTROL_DEVICE,CHP_ROAD_TYPE,PEDESTRIAN_ACCIDENT,BICYCLE_ACCIDENT,MOTORCYCLE_ACCIDENT,TRUCK_ACCIDENT,NOT_PRIVATE_PROPERTY,ALCOHOL_INVOLVED,STWD_VEHTYPE_AT_FAULT,CHP_VEHTYPE_AT_FAULT,COUNT_SEVERE_INJ,COUNT_VISIBLE_INJ,COUNT_COMPLAINT_PAIN,COUNT_PED_KILLED,COUNT_PED_INJURED,COUNT_BICYCLIST_KILLED,COUNT_BICYCLIST_INJURED,COUNT_MC_KILLED,COUNT_MC_INJURED,PRIMARY_RAMP,SECONDARY_RAMP,LATITUDE,LONGITUDE,COUNTY,CITY,POINT_X,POINT_Y
91040108,2019,2019-07-29,9860,2019-07-18,0735,019321,NA,4,1,4,3603,0,1,1,NA,2,214,I-215 S/B,BARTON RD.,1584,N,N,A,-,Y,NA,NA,NA,NA,NA,NA,NA,NA,NA,N,4,0,2,3,A,-,03,22350,NA,N,C,C,A,A,D,E,A,D,0,NA,NA,NA,NA,Y,NA,D,22,0,0,2,0,0,0,0,0,0,-,-,34.03617858886719,-117.32240295410156,SAN BERNARDINO,COLTON,NA,NA
91040156,2019,2019-07-29,9860,2019-07-28,0145,020856,NA,7,3,9,3600,0,1,3,NA,1,010,SR-138 E/B,SUMMIT VALLEY ROAD,32,W,N,A,-,Y,NA,NA,138,NA,NA,NA,NA,NA,E,Y,3,0,2,2,A,-,01,23152,A,N,B,C,A,A,H,-,D,D,0,NA,NA,NA,NA,Y,Y,A,07,0,2,0,0,0,0,0,0,0,-,-,34.32284927368164,-117.3986587524414,SAN BERNARDINO,UNINCORPORATED,-117.39866638183594,34.32280731201172
91041634,2019,2019-07-30,9860,2019-07-22,1630,021363,NA,1,2,9,3600,0,2,4,NA,2,411,CEDAR AVE,I-10 W/B TO CEDAR AVE,75,S,N,B,-,N,NA,NA,NA,NA,NA,NA,NA,NA,NA,N,4,0,1,3,A,-,03,22350,NA,N,C,C,A,A,H,-,A,A,0,NA,NA,NA,NA,Y,NA,A,01,0,0,1,0,0,0,0,0,0,-,-,34.068721771240234,-117.39600372314452,SAN BERNARDINO,UNINCORPORATED,-117.39608764648438,34.06877136230469
91041679,2019,2019-07-30,9855,2019-07-25,1430,016051,NA,4,2,5,3630,0,1,3,NA,2,071,SR-071 N/B TO PEYTON DRIVE,PEYTON DRIVE,977,S,N,A,-,Y,NA,NA,NA,NA,NA,NA,NA,NA,NA,Y,4,0,1,3,A,-,03,22350,NA,N,C,C,A,A,H,-,A,D,0,NA,NA,NA,NA,Y,NA,E,22,0,0,1,0,0,0,0,0,0,-,-,34.016761779785156,-117.7406768798828,SAN BERNARDINO,CHINO HILLS,NA,NA
91042396,2019,2019-07-31,9855,2019-07-24,0000,016215,NA,3,3,5,3630,0,1,3,NA,2,071,SR-71 S/B (CHINO FWY),CHINO AVE.,1600,N,N,A,-,Y,NA,NA,71,NA,NA,NA,NA,NA,S,Y,3,0,1,2,A,-,07,21658,A,N,C,C,A,A,H,-,C,D,0,NA,NA,NA,Y,Y,NA,A,01,0,1,0,0,0,0,0,0,0,-,-,34.01430130004883,-117.73784637451172,SAN BERNARDINO,CHINO HILLS,-117.7378387451172,34.014320373535156
9104299,2020,2020-07-21,3611,2020-02-08,0947,3176,3611,6,5,5,3611,0,0,0,NA,0,003,COLONIES PKWY,KLONDIKE ST,0,NA,Y,A,-,N,NA,NA,NA,NA,NA,NA,NA,NA,NA,N,4,0,1,2,A,-,09,21802,A,N,D,C,A,A,H,-,A,A,0,NA,NA,NA,NA,Y,NA,A,07,0,0,1,0,0,0,0,0,0,-,-,NA,NA,SAN BERNARDINO,UPLAND,-117.6279296875,34.1280403137207
9104300,2020,2020-06-19,3611,2020-02-20,0856,3296,3611,4,5,5,3611,0,0,0,NA,0,002,ARROW RTE,HERVEY AV,322,E,N,A,-,N,NA,NA,NA,NA,NA,NA,NA,NA,NA,Y,3,0,4,4,A,-,03,22350,NA,N,C,C,A,A,H,-,A,D,0,NA,NA,NA,NA,Y,NA,A,07,0,1,3,0,0,0,0,0,0,-,-,NA,NA,SAN BERNARDINO,UPLAND,-117.6860809326172,34.09959411621094
91045070,2019,2019-08-05,9870,2019-07-27,2250,020213,NA,6,3,9,3600,0,3,5,NA,2,001,PIPES CANYON ROAD,BULLWHIP LANE,129,S,N,A,-,N,NA,NA,NA,NA,NA,NA,NA,NA,NA,Y,3,0,1,1,A,-,01,23152,A,N,E,I,A,A,H,-,D,D,0,NA,NA,NA,NA,Y,Y,A,01,0,1,0,0,0,0,0,0,0,-,-,34.18531036376953,-116.52964019775392,SAN BERNARDINO,UNINCORPORATED,-116.52948760986328,34.18562316894531
91046082,2019,2019-08-06,9835,2019-08-01,1500,017101,NA,4,2,9,3600,0,1,1,NA,2,077,I-15 N/B,PRIMM BLVD,1056,S,N,A,-,Y,NA,NA,15,NA,NA,NA,NA,NA,N,Y,4,0,4,2,A,-,03,22350,NA,N,C,C,A,A,H,-,A,D,0,NA,NA,NA,NA,Y,NA,A,07,0,0,4,0,0,0,0,0,0,-,-,35.606178283691406,-115.3915786743164,SAN BERNARDINO,UNINCORPORATED,-115.39153289794922,35.60615921020508
9104721,2020,2020-07-01,3607,2020-03-10,1143,20317,241,2,5,6,3607,0,0,0,NA,0,071,PHILADELPHIA,HELLMAN AV,0,NA,Y,B,-,N,NA,NA,NA,NA,NA,NA,NA,NA,NA,N,4,0,2,2,A,-,09,21802,A,N,D,C,A,B,H,-,A,A,0,NA,NA,NA,NA,Y,NA,D,22,0,0,2,0,0,0,0,0,0,-,-,NA,NA,SAN BERNARDINO,ONTARIO,-117.60204315185548,34.03385925292969
91048723,2019,2019-08-09,9860,2019-07-30,1620,019725,NA,2,2,3,3615,0,1,1,NA,2,104,I-10 E/B,RICHARDSON ST,582,W,N,A,-,Y,NA,NA,10,NA,NA,NA,NA,NA,E,N,4,0,2,3,A,-,03,22350,NA,N,C,C,A,A,H,-,A,D,0,NA,NA,NA,NA,Y,NA,D,22,0,0,2,0,0,0,0,0,0,-,-,34.06584167480469,-117.25434112548828,SAN BERNARDINO,LOMA LINDA,-117.2543487548828,34.06589126586914
91049758,2019,2019-08-12,9855,2019-08-03,1850,018313,NA,6,2,5,3611,0,1,1,NA,2,203,SR-210 E/B (FOOTHILL FWY),MOUNTAIN AVE.,1500,E,N,A,-,Y,NA,NA,210,NA,NA,NA,NA,NA,E,Y,2,0,1,1,A,-,03,22350,NA,N,F,A,A,A,H,-,A,D,0,NA,NA,Y,NA,Y,NA,C,02,1,0,0,0,0,0,0,0,1,-,-,34.13441848754883,-117.66565704345705,SAN BERNARDINO,UPLAND,-117.66565704345705,34.13455581665039
9105005,2020,2020-06-16,3607,2020-02-24,0914,19968,324,1,5,6,3607,0,0,0,NA,0,041,4TH ST,TURNER AV,0,NA,Y,A,-,N,NA,NA,NA,NA,NA,NA,NA,NA,NA,NA,4,0,1,2,A,-,12,21453,A,N,D,C,A,A,H,-,A,A,0,NA,NA,NA,NA,Y,NA,A,01,0,0,1,0,0,0,0,0,0,-,-,NA,NA,SAN BERNARDINO,ONTARIO,-117.58460235595705,34.077449798583984
9105015,2020,2020-06-16,3607,2020-02-28,1149,20017,154,5,5,6,3607,0,0,0,NA,0,051,MISSION BL,PALMETTO AV,0,NA,Y,A,-,N,NA,NA,NA,NA,NA,NA,NA,NA,NA,Y,4,0,1,2,A,-,09,21804,A,N,A,C,A,A,H,-,A,A,0,NA,NA,NA,NA,Y,NA,A,01,0,0,1,0,0,0,0,0,0,-,-,NA,NA,SAN BERNARDINO,ONTARIO,-117.66766357421876,34.056121826171875
9105021,2020,2020-07-03,3607,2020-02-26,1021,19968,67,3,5,6,3607,0,0,0,NA,0,031,4TH ST,VINEYARD AV,65,W,N,A,-,N,NA,NA,NA,NA,NA,NA,NA,NA,NA,N,4,0,1,2,A,-,03,22350,NA,N,C,C,A,A,H,-,A,A,0,NA,NA,NA,NA,Y,NA,A,01,0,0,1,0,0,0,0,0,0,-,-,NA,NA,SAN BERNARDINO,ONTARIO,-117.61125183105467,34.07759094238281
91051796,2019,2019-08-14,9850,2019-08-04,1608,022028,NA,7,2,9,3600,0,3,5,NA,2,002,MOJAVE RIVER BED E/OF ARROWHEAD LAKE RD,SADDLE DIKE EMBANKMENT,1500,N,N,A,-,N,NA,NA,NA,NA,NA,NA,NA,NA,NA,N,2,0,1,1,A,-,08,38314,NA,N,F,A,A,A,H,-,A,D,0,NA,NA,NA,NA,Y,NA,-,99,1,0,0,0,0,0,0,0,0,-,-,34.346981048583984,-117.24141693115234,SAN BERNARDINO,UNINCORPORATED,NA,NA
91053116,2019,2019-08-15,9860,2019-08-06,1645,019429,NA,2,2,6,3610,0,1,1,NA,2,202,SR-210 E/B,MUSCUPIABE DR,150,W,N,A,-,Y,NA,NA,210,NA,NA,NA,NA,NA,E,Y,4,0,3,3,A,-,03,22350,NA,N,C,C,A,A,H,-,A,D,0,NA,NA,NA,NA,Y,NA,A,01,0,0,3,0,0,0,0,0,0,-,-,34.145660400390625,-117.30860137939452,SAN BERNARDINO,SAN BERNARDINO,-117.30860137939452,34.14560317993164
91054074,2019,2019-08-19,9860,2019-08-02,1755,020533,NA,5,2,6,3604,0,1,1,NA,2,102,I-10 E/B,SIERRA AVE,40,E,N,A,-,Y,NA,NA,10,NA,NA,NA,NA,NA,E,Y,3,0,1,2,A,-,08,22107,NA,N,B,C,A,A,H,-,A,D,0,NA,NA,Y,NA,Y,NA,C,02,0,1,0,0,0,0,0,0,1,-,-,34.06732177734375,-117.43585968017578,SAN BERNARDINO,FONTANA,-117.43585968017578,34.067298889160156
9105508,2020,2020-08-03,3600,2020-04-15,1705,G8548,HE306,3,5,5,3619,0,0,0,NA,0,HE3,MAIN ST,ESCONDIDO AV,1702,E,N,A,-,N,NA,NA,NA,NA,NA,NA,NA,NA,NA,N,2,0,2,2,A,-,08,22107,A,N,D,C,A,A,H,-,A,D,0,NA,NA,NA,NA,Y,NA,A,01,1,1,0,0,0,0,0,0,0,-,-,NA,NA,SAN BERNARDINO,HESPERIA,-117.36736297607422,34.42668914794922
91056049,2019,2019-08-21,9835,2019-08-09,0400,022303,NA,5,3,9,3600,0,1,1,NA,2,074,I-15 N/B,KELBAKER RD,1848,S,N,A,-,Y,NA,NA,NA,NA,NA,NA,NA,NA,NA,Y,3,0,1,2,A,-,08,22107,NA,N,D,C,A,A,H,-,D,D,0,NA,NA,NA,Y,Y,NA,I,11,0,1,0,0,0,0,0,0,0,-,-,35.153900146484375,-116.04360198974608,SAN BERNARDINO,UNINCORPORATED,NA,NA
91057843,2019,2019-08-22,9860,2019-08-13,0935,015495,NA,2,1,6,3610,0,1,1,NA,2,214,I-215 S/B TO I-10 W/B,SANTA AN RIVER,345,S,N,A,-,Y,NA,NA,215,NA,NA,NA,R,NA,S,Y,3,0,1,1,A,-,08,22107,NA,N,E,I,A,A,H,-,A,D,0,NA,NA,NA,NA,Y,NA,A,01,0,1,0,0,0,0,0,0,0,-,-,34.06563949584961,-117.2973403930664,SAN BERNARDINO,SAN BERNARDINO,-117.2973403930664,34.06563949584961
91058703,2019,2019-08-26,9860,2019-08-08,0210,020135,NA,4,3,9,3600,0,3,5,NA,2,002,KERN ST.,MACY ST,10,W,N,A,-,N,NA,NA,NA,NA,NA,NA,NA,NA,NA,Y,4,0,1,1,A,-,01,23152,A,N,E,I,A,A,H,-,D,A,0,NA,NA,NA,NA,Y,Y,A,01,0,0,1,0,0,0,0,0,0,-,-,34.15428161621094,-117.33999633789063,SAN BERNARDINO,UNINCORPORATED,-117.33988189697266,34.15420150756836
91058836,2019,2019-08-26,9860,2019-08-19,1500,019429,NA,1,2,9,3600,0,3,5,NA,2,002,ARDEN AVE,LYNWOOD DR,0,NA,Y,A,-,N,NA,NA,NA,NA,NA,NA,NA,NA,NA,N,4,0,1,2,A,-,09,21800,A,N,H,G,A,A,H,-,A,A,0,NA,Y,NA,NA,Y,NA,A,01,0,0,1,0,0,0,1,0,0,-,-,34.146610260009766,-117.23500061035156,SAN BERNARDINO,UNINCORPORATED,-117.23494720458984,34.14670944213867
91059080,2019,2019-08-26,9865,2019-08-16,1419,016179,NA,5,2,9,3600,0,1,3,NA,2,032,SR-18 (BIG BEAR BLVD),GILDART DR,47,N,N,A,-,Y,NA,NA,18,NA,NA,NA,NA,NA,NA,N,4,0,1,2,A,-,03,22350,NA,N,C,C,A,A,H,-,A,D,0,NA,NA,NA,NA,Y,NA,D,22,0,0,1,0,0,0,0,0,0,-,-,34.26036071777344,-116.86424255371094,SAN BERNARDINO,UNINCORPORATED,-116.86424255371094,34.260498046875
91059550,2019,2019-08-26,9855,2019-08-17,1705,019303,NA,6,2,6,3607,0,1,1,NA,2,103,I-10 E/B (SAN BERNARDINO FWY),ARCHIBALD AVE.,2500,E,N,A,-,Y,NA,NA,10,NA,NA,NA,NA,NA,E,Y,3,0,2,2,A,-,01,23152,A,N,C,C,A,A,H,-,A,D,0,NA,NA,NA,Y,Y,Y,A,01,0,1,1,0,0,0,0,0,0,-,-,34.06747817993164,-117.58709716796876,SAN BERNARDINO,ONTARIO,-117.58709716796876,34.06751251220703
91060841,2019,2019-08-27,9855,2019-08-19,1218,013860,NA,1,1,5,3611,0,1,1,NA,2,203,SR-210 E/B (FOOTHILL FWY),EUCLID AVE.,1475,E,N,A,-,Y,NA,NA,210,NA,NA,NA,NA,NA,E,N,4,0,1,2,A,-,08,22107,NA,N,B,C,A,A,H,-,A,D,0,NA,NA,Y,NA,Y,NA,A,01,0,0,1,0,0,0,0,0,1,-,-,34.13460159301758,-117.64589691162108,SAN BERNARDINO,UPLAND,-117.64589691162108,34.13465118408203
91061248,2019,2019-08-28,9855,2019-08-21,1805,018313,NA,3,2,6,3604,0,1,1,NA,2,101,I-10 E/B (SAN BERNARDINO FWY),ETIWANDA AVE.,2500,E,N,A,-,Y,NA,NA,10,NA,NA,NA,NA,NA,E,N,4,0,1,2,A,-,07,21658,A,N,B,C,A,A,H,-,A,D,0,NA,NA,Y,NA,Y,NA,A,07,0,0,1,0,0,0,0,0,1,-,-,34.066280364990234,-117.50988006591795,SAN BERNARDINO,FONTANA,-117.50988006591795,34.0662956237793
9106447,2020,2020-10-29,3605,2020-05-25,2134,303,NA,1,5,4,3605,0,0,0,NA,0,NA,CENTRAL AV,HOWARD ST,285,N,N,A,-,N,NA,NA,NA,NA,NA,NA,NA,NA,NA,N,4,0,3,2,-,-,-,NA,NA,N,C,C,A,A,H,-,C,D,0,NA,NA,NA,NA,Y,NA,A,01,0,0,3,0,0,0,0,0,0,-,-,NA,NA,SAN BERNARDINO,MONTCLAIR,-117.689453125,34.0529899597168
91065011,2019,2019-09-02,9860,2019-08-27,0700,019269,NA,2,1,3,3615,0,1,1,NA,2,104,I-10 W/B,RICHARDSON ST,110,W,N,A,-,Y,NA,NA,10,NA,NA,NA,NA,NA,W,Y,4,0,2,3,A,-,03,22350,NA,N,C,C,A,A,H,-,A,D,0,NA,NA,NA,NA,Y,NA,A,01,0,0,2,0,0,0,0,0,0,-,-,34.066490173339844,-117.25289916992188,SAN BERNARDINO,LOMA LINDA,-117.25289154052734,34.06645584106445
91065184,2019,2019-09-02,9870,2019-08-25,1644,022177,NA,7,2,9,3600,0,2,4,NA,2,042,AMBOY ROAD,BELLKING ROAD,50160,E,N,A,-,N,NA,NA,NA,NA,NA,NA,NA,NA,NA,Y,3,0,1,1,A,-,08,22107,NA,N,F,A,A,A,H,-,A,D,0,NA,NA,NA,NA,Y,NA,A,01,0,1,0,0,0,0,0,0,0,-,-,34.32701873779297,-115.69391632080078,SAN BERNARDINO,UNINCORPORATED,-115.72306060791016,34.19443893432617
9106531,2020,2020-06-17,3600,2020-02-28,1536,G6205,RC040,5,5,6,3616,0,0,0,NA,0,RC01,HELLMAN AV,BASELINE RD,0,NA,Y,A,-,N,NA,NA,NA,NA,NA,NA,NA,NA,NA,Y,4,0,1,2,D,-,00,NA,NA,M,A,C,A,A,H,-,A,A,0,NA,NA,NA,NA,Y,Y,-,-,0,0,1,0,0,0,0,0,0,-,-,NA,NA,SAN BERNARDINO,RANCHO CUCAMONGA,-117.60250091552734,34.12154006958008
91065820,2019,2019-09-03,9855,2019-08-26,1515,017903,NA,1,2,9,3600,0,3,5,NA,2,001,PINE AVENUE,LIVE OAK AVENUE,350,W,N,A,-,N,NA,NA,NA,NA,NA,NA,NA,NA,NA,N,4,0,1,2,A,-,08,22107,NA,N,C,E,A,A,H,-,A,D,0,NA,NA,NA,NA,Y,NA,A,01,0,0,1,0,0,0,0,0,0,-,-,34.08694839477539,-117.48152160644533,SAN BERNARDINO,UNINCORPORATED,-117.48103332519533,34.086875915527344
91066998,2019,2019-09-04,9860,2019-08-17,1950,019674,NA,6,2,9,3600,0,1,3,NA,1,382,SR-38,BRYANT ST,7920,E,N,A,-,Y,NA,NA,38,NA,NA,NA,NA,NA,NA,Y,3,0,1,1,C,-,18,NA,NA,N,E,I,A,A,H,-,D,D,0,NA,NA,Y,NA,Y,NA,-,-,0,1,0,0,0,0,0,0,1,-,-,34.09516143798828,-117.03336334228516,SAN BERNARDINO,UNINCORPORATED,-117.03334808349608,34.09515380859375
91067579,2019,2019-09-04,9855,2019-09-03,0827,014637,NA,2,1,9,3600,0,3,5,NA,2,001,ARROW RTE.,ILEX ST.,0,NA,Y,A,-,N,NA,NA,NA,NA,NA,NA,NA,NA,NA,Y,4,0,2,2,A,-,12,22450,A,N,D,C,A,A,H,-,A,D,0,NA,NA,NA,NA,Y,NA,A,07,0,0,2,0,0,0,0,0,0,-,-,34.098960876464844,-117.51496887207033,SAN BERNARDINO,UNINCORPORATED,-117.51416778564452,34.099090576171875
91067890,2019,2019-09-05,9850,2019-08-26,2340,021516,NA,1,3,9,3600,0,2,4,NA,2,053,EL MIRAGE RD,SAN JACINTO RD,540,E,N,A,-,N,NA,NA,NA,NA,NA,NA,NA,NA,NA,Y,2,0,1,1,C,-,18,NA,NA,N,H,H,A,A,H,-,D,D,0,NA,NA,Y,NA,Y,NA,-,-,1,0,0,0,0,0,0,0,1,-,-,34.60211944580078,-117.62512969970705,SAN BERNARDINO,UNINCORPORATED,-117.62508392333984,34.602134704589844
91068042,2019,2019-09-05,9860,2019-08-26,1315,019321,NA,1,1,9,3600,0,3,5,NA,2,002,KENDALL DR,CAJON BLVD,20,S,N,A,-,N,NA,NA,NA,NA,NA,NA,NA,NA,NA,Y,3,0,1,2,A,-,06,21750,NA,N,B,C,A,A,H,-,A,D,0,NA,NA,NA,NA,Y,NA,A,01,0,1,0,0,0,0,0,0,0,-,-,34.20751953125,-117.38571166992188,SAN BERNARDINO,UNINCORPORATED,-117.38583374023438,34.20761489868164
9106825,2020,2021-04-13,3607,2020-02-12,1636,80509,89,3,5,6,3607,0,0,0,NA,0,011,H ST,EUCLID AV,20,W,N,A,-,N,NA,NA,NA,NA,NA,NA,NA,NA,NA,N,2,0,2,3,A,-,13,22515,A,N,G,B,F,A,H,-,A,D,0,Y,NA,NA,NA,Y,NA,A,01,1,1,0,0,2,0,0,0,0,-,-,NA,NA,SAN BERNARDINO,ONTARIO,-117.65127563476563,34.07244873046875
9106846,2020,2020-09-18,3610,2020-05-14,1000,51069,NA,4,5,6,3610,0,0,0,NA,0,POLICE,E 30TH ST,RT 210,7,E,N,A,-,Y,SBD,8,210,-,R,24.462,R,4,W,Y,3,0,1,2,A,-,12,21453,A,N,A,D,A,A,H,-,A,A,0,NA,NA,NA,NA,Y,NA,A,01,0,1,0,0,0,0,0,0,0,-,WF,NA,NA,SAN BERNARDINO,SAN BERNARDINO,-117.2743682861328,34.14508056640625
91069159,2019,2019-09-06,9855,2019-08-29,1425,018335,NA,4,2,5,3611,0,1,1,NA,2,103,I-10 E/B (SAN BERNARDINO FWY),SAN ANTONIO AVE.,20,E,N,A,-,Y,NA,NA,10,NA,NA,NA,NA,NA,E,Y,4,0,2,2,A,-,03,22350,NA,N,C,C,A,A,H,-,A,D,0,NA,NA,NA,NA,Y,NA,A,01,0,0,2,0,0,0,0,0,0,-,-,34.087188720703125,-117.66045379638672,SAN BERNARDINO,UPLAND,-117.66045379638672,34.08723831176758
91069647,2019,2019-09-09,9855,2019-08-27,2140,020006,NA,2,2,6,3604,0,1,1,NA,2,153,I-15 N/B (ONTARIO FWY),SUMMIT AVE.,1320,S,N,A,-,Y,NA,NA,15,NA,NA,NA,NA,NA,N,Y,3,0,2,2,A,-,08,22107,NA,N,C,C,A,A,H,-,D,D,0,NA,NA,NA,NA,Y,NA,A,01,0,1,1,0,0,0,0,0,0,-,-,34.144989013671875,-117.48531341552734,SAN BERNARDINO,FONTANA,-117.48526000976563,34.144927978515625
91070705,2019,2019-09-09,9855,2019-09-03,0815,15763,NA,2,1,6,3607,0,1,3,NA,2,601,SR-60 W/B (POMONA FWY),MILLIKEN AVENUE,1584,W,N,A,-,Y,NA,NA,60,NA,NA,NA,NA,NA,W,N,4,0,1,2,A,-,07,21658,A,N,B,C,A,A,D,-,A,D,0,NA,NA,NA,Y,Y,NA,A,01,0,0,1,0,0,0,0,0,0,-,-,34.026039123535156,-117.56466674804688,SAN BERNARDINO,ONTARIO,-117.564697265625,34.02594757080078
91070985,2019,2019-09-10,9860,2019-08-19,1720,020282,NA,1,2,9,3600,0,1,1,NA,2,102,I-10 E/B,CEDAR AVE,2112,W,N,A,-,Y,NA,NA,10,NA,NA,NA,NA,NA,E,Y,3,0,2,2,A,-,03,22350,NA,N,C,C,A,A,H,-,A,D,0,NA,NA,NA,NA,Y,NA,D,22,0,1,1,0,0,0,0,0,0,-,-,34.067848205566406,-117.40355682373048,SAN BERNARDINO,UNINCORPORATED,-117.40355682373048,34.067806243896484
91071610,2019,2019-09-16,9850,2019-09-05,1230,019278,NA,4,1,5,3619,0,1,1,NA,2,082,I-15 N/B,MAIN ST,3358,N,N,A,-,Y,NA,NA,15,NA,NA,NA,NA,NA,N,N,4,0,4,4,A,-,03,22350,NA,F,C,C,A,A,H,-,A,D,0,NA,NA,NA,NA,Y,NA,A,01,0,0,4,0,0,0,0,0,0,-,-,34.434600830078125,-117.3740005493164,SAN BERNARDINO,HESPERIA,-117.37406158447266,34.43464660644531
91072688,2019,2019-09-11,9865,2019-09-04,1201,014729,NA,3,1,9,3600,0,2,4,NA,2,016,NORTH BAY ROAD,MATTERHORN DR.,0,NA,Y,A,-,N,NA,NA,NA,NA,NA,NA,NA,NA,NA,Y,3,0,2,2,A,-,12,22450,A,N,D,C,A,A,H,-,A,A,0,NA,NA,NA,NA,Y,NA,D,22,0,2,0,0,0,0,0,0,0,-,-,34.270118713378906,-117.19268035888672,SAN BERNARDINO,UNINCORPORATED,-117.19271850585938,34.270111083984375
91073015,2019,2019-09-12,9860,2019-09-10,0705,014963,NA,2,1,9,3600,0,3,5,NA,2,004,ALDER AVE,SAN BERNARDINO AVE.,406,N,N,A,-,N,NA,NA,NA,NA,NA,NA,NA,NA,NA,Y,2,0,2,4,A,-,01,23152,F,N,C,E,F,A,H,-,A,D,0,Y,NA,NA,NA,Y,NA,D,22,1,0,1,0,1,0,0,0,0,-,-,34.078861236572266,-117.41813659667967,SAN BERNARDINO,UNINCORPORATED,-117.4182586669922,34.078731536865234
91073848,2019,2019-09-13,9860,2019-09-10,2155,020518,NA,2,2,4,3603,0,1,1,NA,2,103,I-10 W/B,PEPPER AVENUE,1584,E,N,A,-,Y,NA,NA,10,NA,NA,NA,NA,NA,W,Y,3,0,1,2,A,-,01,23152,A,N,C,C,A,A,H,-,D,D,0,NA,NA,NA,NA,Y,Y,A,01,0,1,0,0,0,0,0,0,0,-,-,34.068878173828125,-117.3469696044922,SAN BERNARDINO,COLTON,-117.3469696044922,34.06891632080078
91074840,2019,2019-09-16,9860,2019-09-05,1015,016590,NA,4,1,4,3603,0,1,1,NA,2,214,I-215 S/B,WASHINGTON ST.,266,N,N,B,-,Y,NA,NA,215,NA,NA,NA,NA,NA,S,Y,3,0,4,3,A,-,03,22350,NA,N,C,C,A,A,H,-,A,D,0,NA,NA,NA,NA,Y,NA,A,07,0,1,3,0,0,0,0,0,0,-,-,34.048248291015625,-117.30693817138672,SAN BERNARDINO,COLTON,-117.3069076538086,34.04819869995117
91075850,2019,2019-09-16,9855,2019-09-12,1515,018335,NA,4,2,6,3607,0,1,1,NA,2,101,I-10 W/B (SAN BERNARDINO FWY),ETIWANDA AVE.,600,W,N,A,-,Y,NA,NA,10,NA,NA,NA,NA,NA,W,N,4,0,1,2,A,-,03,22350,NA,N,C,C,A,A,H,-,A,D,0,NA,NA,NA,NA,Y,NA,A,08,0,0,1,0,0,0,0,0,0,-,-,34.06748962402344,-117.52851104736328,SAN BERNARDINO,ONTARIO,-117.52851104736328,34.067508697509766
91076979,2019,2019-09-18,9860,2019-08-30,1455,019062,NA,5,2,5,3608,0,1,1,NA,2,104,I-10 E/B,TENNESSEE ST,680,W,N,A,-,Y,NA,NA,10,NA,NA,NA,NA,NA,E,Y,4,0,1,2,C,-,18,NA,NA,N,B,C,A,A,H,-,A,D,0,NA,NA,NA,NA,Y,NA,-,-,0,0,1,0,0,0,0,0,0,-,-,34.06645965576172,-117.20520782470705,SAN BERNARDINO,REDLANDS,-117.20520782470705,34.066505432128906
91078441,2019,2019-09-19,9860,2019-09-13,1945,019725,NA,5,2,9,3600,0,1,1,NA,2,151,I-15 N/B,OAKIE FLAT RD,2640,S,N,A,-,Y,NA,NA,15,NA,NA,NA,NA,NA,N,N,4,0,1,2,A,-,03,22350,NA,F,C,C,A,A,H,-,D,D,0,NA,NA,NA,NA,Y,NA,A,01,0,0,1,0,0,0,0,0,0,-,-,34.257389068603516,-117.44998931884766,SAN BERNARDINO,UNINCORPORATED,-117.44991302490234,34.25739288330078
91078641,2019,2019-09-19,9855,2019-09-16,2105,017597,NA,1,2,6,3616,0,1,1,NA,2,152,I-15 N/B (ONTARIO FWY),ETIWANDA AVE.,1495,S,N,A,-,Y,NA,NA,NA,NA,NA,NA,NA,NA,NA,Y,4,0,1,1,A,-,08,22107,NA,N,E,I,A,A,H,-,C,D,0,NA,NA,NA,NA,Y,NA,A,07,0,0,1,0,0,0,0,0,0,-,-,34.0636100769043,-117.31381988525392,SAN BERNARDINO,RANCHO CUCAMONGA,-117.52708435058594,34.11030960083008