CASE_ID,ACCIDENT_YEAR,PROC_DATE,JURIS,COLLISION_DATE,COLLISION_TIME,OFFICER_ID,REPORTING_DISTRICT,DAY_OF_WEEK,CHP_SHIFT,POPULATION,CNTY_CITY_LOC,SPECIAL_COND,BEAT_TYPE,CHP_BEAT_TYPE,CITY_DIVISION_LAPD,CHP_BEAT_CLASS,BEAT_NUMBER,PRIMARY_RD,SECONDARY_RD,DISTANCE,DIRECTION,INTERSECTION,WEATHER_1,WEATHER_2,STATE_HWY_IND,CALTRANS_COUNTY,CALTRANS_DISTRICT,STATE_ROUTE,ROUTE_SUFFIX,POSTMILE_PREFIX,POSTMILE,LOCATION_TYPE,RAMP_INTERSECTION,SIDE_OF_HWY,TOW_AWAY,COLLISION_SEVERITY,NUMBER_KILLED,NUMBER_INJURED,PARTY_COUNT,PRIMARY_COLL_FACTOR,PCF_CODE_OF_VIOL,PCF_VIOL_CATEGORY,PCF_VIOLATION,PCF_VIOL_SUBSECTION,HIT_AND_RUN,TYPE_OF_COLLISION,MVIW,PED_ACTION,ROAD_SURFACE,ROAD_COND_1,ROAD_COND_2,LIGHTING,CONTROL_DEVICE,CHP_ROAD_TYPE,PEDESTRIAN_ACCIDENT,BICYCLE_ACCIDENT,MOTORCYCLE_ACCIDENT,TRUCK_ACCIDENT,NOT_PRIVATE_PROPERTY,ALCOHOL_INVOLVED,STWD_VEHTYPE_AT_FAULT,CHP_VEHTYPE_AT_FAULT,COUNT_SEVERE_INJ,COUNT_VISIBLE_INJ,COUNT_COMPLAINT_PAIN,COUNT_PED_KILLED,COUNT_PED_INJURED,COUNT_BICYCLIST_KILLED,COUNT_BICYCLIST_INJURED,COUNT_MC_KILLED,COUNT_MC_INJURED,PRIMARY_RAMP,SECONDARY_RAMP,LATITUDE,LONGITUDE,COUNTY,CITY,POINT_X,POINT_Y
91561101,2021,2021-09-02,9855,2021-08-21,0915,016375,NA,6,1,6,3616,0,1,1,NA,2,201,SR-210 E/B (FOOTHILL FWY),I-15 S/B (ONTARIO FWY),528,W,N,B,-,Y,NA,NA,210,NA,NA,NA,NA,NA,E,Y,4,0,3,2,A,-,03,22350,NA,N,C,C,A,A,H,-,A,D,0,NA,NA,NA,NA,Y,NA,D,22,0,0,3,0,0,0,0,0,0,-,-,34.13616180419922,-117.4968032836914,SAN BERNARDINO,RANCHO CUCAMONGA,-117.4968032836914,34.1362419128418
91563261,2021,2021-09-06,9855,2021-08-26,1600,019675,NA,4,2,6,3616,0,1,1,NA,2,203,SR-210 W/B,HERMOSA AVENUE,300,E,N,A,-,Y,NA,NA,210,NA,NA,NA,NA,NA,W,Y,4,0,1,2,A,-,03,22350,NA,N,C,C,A,A,H,-,A,D,0,NA,NA,NA,NA,Y,NA,A,07,0,0,1,0,0,0,0,0,0,-,-,34.13581085205078,-117.58364105224608,SAN BERNARDINO,RANCHO CUCAMONGA,-117.58364105224608,34.135772705078125
91563784,2021,2021-09-07,9855,2021-08-25,1115,015033,NA,3,1,6,3607,0,1,1,NA,2,103,I-10 E/B (SAN BERNARDINO FWY),MOUNTAIN AVE,1056,W,N,A,-,Y,NA,NA,10,NA,NA,NA,NA,NA,E,N,4,0,2,2,A,-,03,22350,NA,N,C,C,A,A,D,-,A,A,0,NA,NA,NA,Y,Y,NA,G,25,0,0,2,0,0,0,0,0,0,-,-,34.08715057373047,-117.67867279052734,SAN BERNARDINO,ONTARIO,-117.67867279052734,34.087135314941406
91565166,2021,2021-09-08,9860,2021-08-27,1820,019467,NA,5,2,4,3603,0,1,1,NA,2,214,I-215 S/B,WASHINGTON ST.,2112,N,N,A,-,Y,NA,NA,215,NA,NA,NA,NA,NA,S,Y,4,0,1,2,A,-,03,22350,NA,N,C,C,A,A,H,-,A,D,0,NA,NA,Y,NA,Y,NA,C,02,0,0,1,0,0,0,0,0,1,-,-,34.05120849609375,-117.30252075195313,SAN BERNARDINO,COLTON,-117.30258178710938,34.05128860473633
91566045,2021,2021-09-09,9860,2021-07-05,1820,021229,NA,1,2,9,3600,0,1,3,NA,1,012,SR-138,LONE PINE CANYON RD,1056,W,N,A,-,Y,NA,NA,138,NA,NA,NA,NA,NA,NA,N,4,0,1,3,A,-,03,22350,NA,N,C,C,A,A,H,-,A,D,0,NA,NA,NA,NA,Y,NA,D,22,0,0,1,0,0,0,0,0,0,-,-,34.323448181152344,-117.51085662841795,SAN BERNARDINO,UNINCORPORATED,-117.51083374023438,34.323490142822266
91566384,2021,2021-09-09,9835,2021-08-31,1705,015354,NA,2,2,9,3600,0,1,1,NA,2,075,INTERSTATE 15 NORTHBOUND,HALLORAN SPRINGS RD.,13834,S,N,B,-,Y,NA,NA,15,NA,NA,NA,NA,NA,N,Y,2,0,1,2,A,-,03,22350,NA,N,C,C,A,A,H,-,A,D,0,NA,NA,Y,Y,Y,NA,C,02,1,0,0,0,0,0,0,0,1,-,-,35.356109619140625,-115.93103790283205,SAN BERNARDINO,UNINCORPORATED,-115.93104553222656,35.35611343383789
91567850,2021,2021-09-13,9855,2021-07-24,1402,017597,NA,6,2,6,3604,0,1,1,NA,2,153,I-15 SOUTHBOUND,SR-210 FREEWAY,3855,N,N,A,-,Y,NA,NA,15,NA,NA,NA,NA,NA,S,N,2,0,3,2,A,-,03,22350,NA,N,C,C,A,A,H,-,A,D,0,NA,NA,NA,NA,Y,NA,A,01,1,1,1,0,0,0,0,0,0,-,-,34.14434814453125,-117.4867706298828,SAN BERNARDINO,FONTANA,-117.4866943359375,34.144256591796875
91568241,2021,2021-09-13,9860,2021-08-02,1650,020282,NA,1,2,9,3600,0,3,5,NA,2,002,BASELINE ST,DWIGHT WAY,0,NA,Y,A,-,N,NA,NA,NA,NA,NA,NA,NA,NA,NA,N,4,0,2,2,A,-,09,21801,A,N,D,C,A,A,H,-,A,D,0,NA,NA,NA,NA,Y,NA,A,01,0,0,2,0,0,0,0,0,0,-,-,34.12137985229492,-117.25595855712892,SAN BERNARDINO,UNINCORPORATED,-117.25596618652344,34.12131118774414
91571860,2021,2021-09-16,9834,2021-09-11,2500,017038,NA,6,4,9,3600,0,1,1,NA,2,044,INTERSTATE 40 WESTBOUND,WATER ROAD,16896,E,N,A,-,Y,NA,NA,40,NA,NA,NA,NA,NA,W,Y,3,0,1,1,A,-,08,22107,NA,N,E,8,A,A,H,-,D,D,0,NA,NA,NA,NA,Y,NA,A,07,0,1,0,0,0,0,0,0,0,-,-,34.858070373535156,-114.91715240478516,SAN BERNARDINO,UNINCORPORATED,-114.91714477539063,34.85808181762695
91572049,2021,2021-09-16,9835,2021-09-09,0530,021399,NA,4,3,9,3600,0,1,1,NA,2,076,I-15 N/B,CIMA RD,17952,N,N,A,-,Y,NA,NA,15,NA,NA,NA,NA,NA,N,Y,3,0,1,2,A,-,08,22107,NA,N,F,E,A,A,H,-,D,D,0,NA,NA,NA,Y,Y,NA,G,25,0,1,0,0,0,0,0,0,0,-,-,35.464481353759766,-115.61550903320313,SAN BERNARDINO,UNINCORPORATED,-115.61553955078124,35.464569091796875
91572568,2021,2021-09-17,9860,2021-09-10,1710,020533,NA,5,2,5,3609,0,1,1,NA,2,102,I-10 E/B,RIVERSIDE AVE,200,E,N,A,-,Y,NA,NA,10,NA,NA,NA,NA,NA,E,Y,3,0,1,2,A,-,03,22350,NA,N,C,C,A,A,H,-,A,D,0,NA,NA,NA,NA,Y,Y,A,01,0,1,0,0,0,0,0,0,0,-,-,34.06884002685547,-117.3694076538086,SAN BERNARDINO,RIALTO,-117.3694076538086,34.06880187988281
91573926,2021,2021-09-20,9860,2021-09-06,2325,020572,NA,1,3,4,3640,0,1,1,NA,2,331,I-10 EASTBOUND TO WILDWOOD SAFETY REST AREA,LIVE OAK CANYON RD,5280,E,N,A,-,Y,NA,NA,10,NA,NA,NA,R,NA,E,Y,3,0,1,1,A,-,08,22107,NA,N,E,J,A,A,H,-,C,D,0,NA,NA,NA,NA,Y,NA,A,01,0,1,0,0,0,0,0,0,0,-,-,34.01319122314453,-117.07893371582033,SAN BERNARDINO,YUCAIPA,-117.07893371582033,34.01319122314453
91578207,2021,2021-09-23,9860,2021-09-15,1715,019674,NA,3,2,6,3610,0,1,1,NA,2,104,I-10 W/B,TIPPECANOE AVE,792,W,N,A,-,Y,NA,NA,10,NA,NA,NA,NA,NA,W,N,4,0,2,2,A,-,03,22350,NA,N,C,C,A,A,H,-,A,D,0,NA,NA,NA,NA,Y,NA,D,22,0,0,2,0,0,0,0,0,0,-,-,34.064231872558594,-117.26390075683594,SAN BERNARDINO,SAN BERNARDINO,-117.2638931274414,34.06416320800781
91578272,2021,2021-09-23,9860,2021-09-13,1447,022103,NA,1,2,6,3610,0,1,1,NA,2,216,I-215 S/B,BASELINE ST,465,S,N,A,-,Y,NA,NA,215,NA,NA,NA,NA,NA,S,N,4,0,2,3,A,-,03,22350,NA,N,C,C,A,A,H,-,A,D,0,NA,NA,NA,Y,Y,NA,A,01,0,0,2,0,0,0,0,0,0,-,-,34.12002182006836,-117.30262756347656,SAN BERNARDINO,SAN BERNARDINO,-117.302978515625,34.120025634765625
91578395,2021,2021-09-23,9855,2021-09-14,0515,021483,NA,2,3,5,3611,0,1,1,NA,2,203,SR-210 W/B (FOOTHILL FWY),CAMPUS AVE.,1400,E,N,A,-,Y,NA,NA,210,NA,NA,NA,NA,NA,W,N,4,0,1,2,A,-,03,22350,NA,N,C,C,A,A,H,-,C,D,0,NA,NA,NA,NA,Y,NA,A,01,0,0,1,0,0,0,0,0,0,-,-,34.134971618652344,-117.62856292724608,SAN BERNARDINO,UPLAND,-117.62856292724608,34.135005950927734
91578624,2021,2021-09-24,9860,2021-09-14,1430,019674,NA,2,2,4,3640,0,1,1,NA,2,106,I-10 E/B,LIVE OAK CANYON RD.,500,E,N,A,-,Y,NA,NA,10,NA,NA,NA,NA,NA,E,Y,4,0,1,2,A,-,13,22515,A,N,D,C,A,A,H,-,A,D,0,NA,NA,NA,NA,Y,NA,D,22,0,0,1,0,0,0,0,0,0,-,-,34.01586151123047,-117.094482421875,SAN BERNARDINO,YUCAIPA,-117.09449005126952,34.01583480834961
91580571,2021,2021-09-27,9865,2021-09-17,1710,020725,NA,5,2,9,3600,0,1,3,NA,2,031,SR-38,WHISPERING FOREST DRIVE,10,E,N,A,-,Y,NA,NA,38,NA,NA,NA,NA,NA,NA,Y,4,0,2,3,A,-,03,22350,NA,N,C,C,A,A,H,-,A,D,0,NA,NA,NA,NA,Y,NA,D,22,0,0,2,0,0,0,0,0,0,-,-,34.26607894897461,-116.8588409423828,SAN BERNARDINO,UNINCORPORATED,-116.8588409423828,34.26612854003906
9158165,2020,2020-10-26,3600,2020-06-22,0126,G4524,AP007,1,5,5,3621,0,0,0,NA,0,AP2,THUNDERBIRD RD,CHEYENNE RD,21,E,N,A,-,N,NA,NA,NA,NA,NA,NA,NA,NA,NA,N,2,0,1,2,A,-,11,21954,A,N,G,B,E,A,H,-,D,D,0,Y,NA,NA,NA,Y,Y,N,60,1,0,0,0,1,0,0,0,0,-,-,NA,NA,SAN BERNARDINO,APPLE VALLEY,-117.19908905029295,34.529541015625
9158286,2020,2020-12-02,3600,2020-09-10,1729,G7670,AP025,4,5,5,3621,0,0,0,NA,0,AP3,APPLE VALLEY RD,BEAR VALLEY RD,180,S,N,A,-,N,NA,NA,NA,NA,NA,NA,NA,NA,NA,Y,4,0,1,2,A,-,09,21804,A,N,D,C,A,-,H,-,A,D,0,NA,NA,NA,NA,Y,NA,D,22,0,0,1,0,0,0,0,0,0,-,-,NA,NA,SAN BERNARDINO,APPLE VALLEY,-117.24237823486328,34.47069549560547
91583378,2021,2021-09-30,9860,2021-09-24,1615,020774,NA,5,2,5,3608,0,1,1,NA,2,104,I-10 W/B FROM CALIFORNIA ST.,CALIFORNIA ST,686,W,N,A,-,Y,NA,NA,10,NA,NA,NA,R,NA,W,Y,4,0,3,2,A,-,03,22350,NA,N,C,C,A,A,H,-,A,D,0,NA,NA,NA,NA,Y,NA,A,01,0,0,3,0,0,0,0,0,0,-,-,34.066959381103516,-117.22860717773438,SAN BERNARDINO,REDLANDS,-117.22860717773438,34.066959381103516
91583672,2021,2021-09-30,9850,2021-09-23,0840,017377,NA,4,1,9,3600,0,3,5,NA,2,005,OASIS ROAD,STATE ROUTE 18,1740,S,N,A,-,N,NA,NA,NA,NA,NA,NA,NA,NA,NA,N,4,0,1,2,A,-,03,22350,NA,N,C,C,A,A,H,-,A,A,0,NA,NA,NA,NA,Y,NA,A,07,0,0,1,0,0,0,0,0,0,-,-,34.4940299987793,-117.64338684082033,SAN BERNARDINO,UNINCORPORATED,-117.64340972900392,34.49415969848633
91587316,2021,2021-10-04,9855,2021-07-17,2141,021483,NA,6,2,6,3604,0,1,1,NA,2,101,I-10 E/B (SAN BERNARDINO FWY),CHERRY AVENUE,2500,W,N,A,-,Y,NA,NA,10,NA,NA,NA,NA,NA,E,Y,3,0,1,2,A,-,01,23152,A,N,D,C,A,A,H,-,C,D,0,NA,NA,NA,Y,Y,Y,A,01,0,1,0,0,0,0,0,0,0,-,-,34.065521240234375,-117.49642944335938,SAN BERNARDINO,FONTANA,-117.49642944335938,34.06559753417969
91588565,2021,2021-10-05,9850,2021-09-29,1015,017377,NA,3,1,9,3600,0,3,5,NA,2,005,MONO ROAD,PRIMAVERA ROAD,305,E,N,A,-,N,NA,NA,NA,NA,NA,NA,NA,NA,NA,Y,3,0,1,1,A,-,03,22350,NA,N,E,I,A,A,H,-,A,D,0,NA,NA,NA,NA,Y,NA,A,07,0,1,0,0,0,0,0,0,0,-,-,34.44982147216797,-117.63951110839844,SAN BERNARDINO,UNINCORPORATED,-117.63956451416016,34.44981002807617
91590943,2021,2021-10-07,9860,2021-09-30,0650,016590,NA,4,1,4,3603,0,1,1,NA,2,214,I-215 S/B,WASHINGTON ST.,1056,N,N,A,-,Y,NA,NA,215,NA,NA,NA,NA,NA,S,Y,3,0,1,2,A,-,08,22107,NA,N,B,C,A,A,H,-,A,D,0,NA,NA,Y,NA,Y,NA,A,01,0,1,0,0,0,0,0,0,1,-,-,34.05419921875,-117.29949188232422,SAN BERNARDINO,COLTON,-117.2995834350586,34.054264068603516
91591086,2021,2021-10-07,9855,2021-09-28,0304,022021,NA,2,3,4,3605,0,1,1,NA,2,103,I-10 E/B (SAN BERNARDINO FWY),MONTE VISTA AVE,1056,E,N,B,-,Y,NA,NA,NA,NA,NA,NA,NA,NA,NA,Y,3,0,2,2,A,-,08,22107,NA,N,C,C,A,A,D,-,C,D,0,NA,NA,NA,NA,Y,NA,A,01,0,2,0,0,0,0,0,0,0,-,-,NA,NA,SAN BERNARDINO,MONTCLAIR,-117.69742584228516,34.082210540771484
91592623,2021,2021-10-11,9860,2021-09-30,0410,021149,NA,4,3,4,3603,0,1,1,NA,2,214,I-215 N/B,WASHINGTON ST,2640,S,N,A,-,Y,NA,NA,215,NA,NA,NA,NA,NA,N,Y,3,0,3,5,A,-,08,22107,NA,N,E,I,A,A,H,-,C,D,0,NA,NA,NA,NA,Y,NA,A,01,0,2,1,0,0,0,0,0,0,-,-,34.04254150390625,-117.31477355957033,SAN BERNARDINO,COLTON,-117.3147430419922,34.04250717163086
91592922,2021,2021-10-11,9860,2021-10-04,0220,020387,NA,1,3,6,3610,0,1,1,NA,2,216,I-215 NORTHBOUND,UNIVERSITY PKWY.,2025,S,N,A,-,Y,NA,NA,215,NA,NA,NA,NA,NA,N,Y,2,0,1,2,A,-,03,22350,NA,N,C,C,A,A,H,-,D,D,0,NA,NA,NA,NA,Y,NA,A,07,1,0,0,0,0,0,0,0,0,-,-,34.159908294677734,-117.32911682128906,SAN BERNARDINO,SAN BERNARDINO,-117.32917022705078,34.15987014770508
91593202,2021,2021-10-11,9850,2021-09-08,1230,019176,NA,3,1,5,3612,0,1,1,NA,2,084,I-15 SOUTHBOUND,STODDARD WELLS ROAD,5861,S,N,A,-,Y,NA,NA,15,NA,NA,NA,NA,NA,S,Y,1,1,3,5,A,-,03,22350,NA,N,G,2,F,A,H,-,A,D,0,Y,NA,NA,Y,Y,NA,G,25,1,2,0,1,1,0,0,0,0,-,-,34.5771484375,-117.27197265625,SAN BERNARDINO,VICTORVILLE,-117.27191925048828,34.57710647583008
9159321,2020,2020-12-04,3600,2020-09-28,1132,D3384,YC404,1,5,4,3640,0,0,0,NA,0,YC3,OAK GLEN RD,AV E,88.4,N,N,A,-,N,NA,NA,NA,NA,NA,NA,NA,NA,NA,N,4,0,1,2,A,-,04,21703,NA,N,C,C,A,A,H,-,A,D,0,NA,NA,Y,NA,Y,NA,C,02,0,0,1,0,0,0,0,0,0,-,-,NA,NA,SAN BERNARDINO,YUCAIPA,-117.08160400390624,34.025634765625
9159453,2020,2020-12-21,3609,2020-10-04,2020,8439,RI106,7,5,5,3609,0,0,0,NA,0,001,CEDAR AV,ETIWANDA AV,0,NA,Y,A,-,N,NA,NA,NA,NA,NA,NA,NA,NA,NA,Y,4,0,2,2,A,-,09,21801,A,N,D,C,A,A,H,-,C,A,0,NA,NA,NA,NA,Y,NA,A,01,0,0,2,0,0,0,0,0,0,-,-,34.113529205322266,-117.39687347412108,SAN BERNARDINO,RIALTO,-117.39659881591795,34.11404037475586
91595712,2021,2021-10-13,9835,2021-10-11,0643,021035,NA,1,1,9,3600,0,1,1,NA,2,043,I-40 E/B,HECTOR RD.,13253,W,N,A,-,Y,NA,NA,40,NA,NA,NA,NA,NA,E,N,4,0,2,1,A,-,08,22107,NA,N,F,A,A,A,H,-,A,D,0,NA,NA,NA,NA,Y,NA,A,01,0,0,2,0,0,0,0,0,0,-,-,34.794429779052734,-116.49649810791016,SAN BERNARDINO,UNINCORPORATED,-116.49648284912108,34.794498443603516
91596145,2021,2021-10-14,9834,2021-10-08,0710,018163,NA,5,1,9,3600,0,1,1,NA,2,044,I-40 WESTBOUND,WATER ROAD,34320,E,N,C,-,Y,NA,NA,40,NA,NA,NA,NA,NA,W,Y,3,0,2,1,A,-,08,22107,NA,N,F,A,A,B,H,-,A,D,0,NA,NA,NA,NA,Y,NA,E,22,0,2,0,0,0,0,0,0,0,-,-,34.86071014404297,-114.85975646972656,SAN BERNARDINO,UNINCORPORATED,-114.85977172851563,34.860748291015625
91596493,2021,2021-10-14,9860,2021-10-07,2105,014777,NA,4,2,9,3600,0,1,1,NA,2,151,I-15 S/B,GLEN HELEN PARWKWAY,2625,N,N,B,-,Y,NA,NA,15,NA,NA,NA,NA,NA,S,Y,3,0,2,2,A,-,03,22350,NA,N,C,2,A,A,D,E,D,D,0,NA,NA,NA,NA,Y,NA,A,01,0,1,1,0,0,0,0,0,0,-,-,34.209739685058594,-117.41290283203124,SAN BERNARDINO,UNINCORPORATED,-117.4130401611328,34.209774017333984
91596784,2021,2021-10-14,9860,2021-09-23,1106,019009,NA,4,1,6,3610,0,1,1,NA,2,216,I-215 S/B,DEVORE RD,4752,S,N,A,-,Y,NA,NA,215,NA,NA,NA,NA,NA,S,Y,3,0,1,2,A,-,08,22107,NA,N,E,8,A,A,H,-,A,D,0,NA,NA,NA,NA,Y,NA,A,01,0,1,0,0,0,0,0,0,0,-,-,34.211700439453125,-117.38839721679688,SAN BERNARDINO,SAN BERNARDINO,-117.38837432861328,34.211727142333984
9159703,2020,2020-10-30,3600,2020-07-03,2109,H8229,VC057,5,5,5,3612,0,0,0,NA,0,VC5,ROSEMARY DR,ANN DR,0,NA,Y,A,-,N,NA,NA,NA,NA,NA,NA,NA,NA,NA,N,2,0,1,2,A,-,03,22350,NA,F,G,B,D,A,H,-,C,D,0,Y,NA,NA,NA,Y,NA,A,01,1,0,0,0,1,0,0,0,0,-,-,34.51995849609375,-117.34236907958984,SAN BERNARDINO,VICTORVILLE,-117.34256744384766,34.519771575927734
91598016,2021,2021-10-15,9835,2021-10-07,1720,021824,NA,4,2,9,3600,0,3,5,NA,2,039,KELSO CIMA RD,CEDAR CANYON ROAD,13728,S,N,A,-,N,NA,NA,NA,NA,NA,NA,NA,NA,NA,Y,3,0,1,1,A,-,08,22107,NA,N,F,A,A,A,H,-,A,D,0,NA,NA,NA,NA,Y,NA,A,01,0,1,0,0,0,0,0,0,0,-,-,35.14120864868164,-115.52790069580078,SAN BERNARDINO,UNINCORPORATED,-115.5272979736328,35.14212417602539
91598300,2021,2021-10-18,9855,2021-10-05,1045,017597,NA,2,1,9,3600,0,3,5,NA,2,001,SAN BERNARDINO AVE. E/B (13000 BLOCK),TRANSPORTAION WAY,98,W,N,A,-,N,NA,NA,NA,NA,NA,NA,NA,NA,NA,Y,2,0,1,3,A,-,03,22350,NA,N,C,C,A,A,H,-,A,A,0,NA,NA,NA,NA,Y,NA,A,01,1,0,0,0,0,0,0,0,0,-,-,34.077110290527344,-117.52185821533205,SAN BERNARDINO,UNINCORPORATED,-117.52188110351563,34.077091217041016
9159846,2020,2021-03-09,3600,2020-08-26,1137,C9389,RC046,3,5,6,3616,0,0,0,NA,0,RC1,19TH ST,CARNELIAN ST,0,NA,Y,A,-,N,NA,NA,NA,NA,NA,NA,NA,NA,NA,N,3,0,1,2,A,-,09,21801,A,N,D,G,A,A,H,-,A,D,0,NA,Y,NA,NA,Y,NA,L,04,0,1,0,0,0,0,1,0,0,-,-,NA,NA,SAN BERNARDINO,RANCHO CUCAMONGA,-117.61621856689452,34.132598876953125
9159854,2020,2021-03-08,3600,2020-08-31,1554,H9013,HE104,1,5,5,3619,0,0,0,NA,0,HE1,SEQUOIA ST,3RD AV,0,NA,Y,A,-,N,NA,NA,NA,NA,NA,NA,NA,NA,NA,Y,4,0,3,2,A,-,12,22450,NA,N,D,C,A,A,H,-,A,D,0,NA,NA,NA,NA,Y,NA,A,01,0,0,3,0,0,0,0,0,0,-,-,NA,NA,SAN BERNARDINO,HESPERIA,-117.30358123779295,34.46900939941406
91598829,2021,2021-10-18,9855,2021-09-29,0631,018335,NA,3,1,9,3600,0,3,5,NA,2,001,BEECH AVE. S/B (8400 BLOCK),ARROW RTE.,425,N,N,A,-,N,NA,NA,NA,NA,NA,NA,NA,NA,NA,N,2,0,1,2,A,-,11,21956,A,N,G,B,E,A,H,-,B,D,0,Y,NA,NA,NA,Y,NA,N,60,1,0,0,0,1,0,0,0,0,-,-,34.10770034790039,-117.47129821777344,SAN BERNARDINO,UNINCORPORATED,-117.47122192382813,34.10044479370117
91599237,2021,2021-10-18,9850,2021-10-09,1630,021878,NA,6,2,9,3600,0,3,5,NA,2,002,OFF HIGHWAY,I-15 N/B,1584,E,N,A,-,N,NA,NA,NA,NA,NA,NA,NA,NA,NA,N,3,0,1,1,A,-,08,38314,NA,N,F,A,A,A,H,-,A,D,0,NA,NA,Y,NA,Y,NA,C,06,0,1,0,0,0,0,0,0,1,-,-,34.35087966918945,-117.43386840820313,SAN BERNARDINO,UNINCORPORATED,NA,NA
91601045,2021,2021-10-20,9860,2021-10-17,1920,022319,NA,7,2,6,3610,0,1,1,NA,2,216,I-215 N/B,BASELINE ST,100,S,N,A,-,Y,NA,NA,215,NA,NA,NA,NA,NA,N,N,4,0,1,3,A,-,07,21658,A,F,B,C,A,A,H,-,B,D,0,NA,NA,NA,NA,Y,NA,A,01,0,0,1,0,0,0,0,0,0,-,-,34.121009826660156,-117.30236053466795,SAN BERNARDINO,SAN BERNARDINO,-117.30256652832033,34.12101364135742
9160128,2020,2020-11-09,3605,2020-09-30,1450,443,NA,3,5,4,3605,0,0,0,NA,0,NA,CENTRAL AV,BENITO ST,0,NA,Y,A,-,N,NA,NA,NA,NA,NA,NA,NA,NA,NA,N,4,0,1,2,A,-,12,21453,A,N,D,C,A,A,H,-,A,A,0,NA,NA,NA,NA,Y,NA,D,22,0,0,1,0,0,0,0,0,0,-,-,NA,NA,SAN BERNARDINO,MONTCLAIR,-117.68962860107422,34.07400894165039
91601928,2021,2021-10-20,9860,2021-10-16,1625,022319,NA,6,2,4,3640,0,1,1,NA,2,106,I-10 E/B,OAK GLEN RD,1600,W,N,A,-,Y,NA,NA,10,NA,NA,NA,NA,NA,E,N,4,0,3,4,A,-,03,22350,NA,N,C,C,A,A,H,-,A,D,0,NA,NA,NA,NA,Y,NA,A,07,0,0,3,0,0,0,0,0,0,-,-,34.019378662109375,-117.10044860839844,SAN BERNARDINO,YUCAIPA,-117.10044860839844,34.019386291503906
91602139,2021,2021-10-21,9860,2021-10-14,1455,022319,NA,4,2,3,3690,0,1,1,NA,2,214,I-215 N/B,BARTON RD.,1200,N,N,A,-,Y,NA,NA,NA,NA,NA,NA,NA,NA,NA,Y,4,0,4,7,A,-,03,22350,NA,N,C,C,A,A,H,-,A,D,0,NA,NA,NA,Y,Y,NA,D,22,0,0,4,0,0,0,0,0,0,-,-,34.36283874511719,-117.32211303710938,SAN BERNARDINO,GRAND TERRACE,-117.32231903076172,34.036067962646484
91603615,2021,2021-10-22,9855,2021-10-12,0220,022021,NA,2,3,5,3611,0,1,1,NA,2,103,I-10 W/B FROM EUCLID AVE N/B,EUCLID AVE.,200,E,N,A,-,Y,NA,NA,10,NA,NA,NA,R,NA,W,Y,3,0,1,1,A,-,08,22107,NA,N,E,I,A,A,D,-,D,D,0,NA,NA,NA,NA,Y,NA,A,07,0,1,0,0,0,0,0,0,0,-,-,34.087711334228516,-117.64972686767578,SAN BERNARDINO,UPLAND,-117.64972686767578,34.087711334228516
9160922,2020,2020-11-20,3610,2020-09-04,1220,50926,NA,5,5,6,3610,0,0,0,NA,0,BAKER,HIGHLAND AV,MOUNTAIN  VIEW AV,111,E,N,A,-,N,NA,NA,NA,NA,NA,NA,NA,NA,NA,N,4,0,1,2,A,-,09,21804,A,F,B,C,A,A,H,-,A,D,0,NA,NA,NA,NA,Y,NA,A,01,0,0,1,0,0,0,0,0,0,-,-,34.13563919067383,-117.28707885742188,SAN BERNARDINO,SAN BERNARDINO,-117.2869873046875,34.13595962524414
91611114,2021,2021-10-29,9860,2021-10-20,1815,019467,NA,3,2,4,3640,0,1,1,NA,2,106,I-10 E/B,LIVE OAK CANYON RD,2640,W,N,A,-,Y,NA,NA,10,NA,NA,NA,NA,NA,E,N,4,0,1,2,A,-,03,22350,NA,N,C,C,A,A,H,-,A,D,0,NA,NA,NA,Y,Y,NA,E,22,0,0,1,0,0,0,0,0,0,-,-,34.02083969116211,-117.10291290283205,SAN BERNARDINO,YUCAIPA,-117.10286712646484,34.020912170410156
9161137,2020,2020-10-27,3605,2020-08-25,1005,437,NA,2,5,4,3605,0,0,0,NA,0,NA,KINGSLEY ST,MONTE VISTA AV,0,NA,Y,A,-,N,NA,NA,NA,NA,NA,NA,NA,NA,NA,N,3,0,2,2,A,-,12,21453,A,N,D,C,A,A,H,-,A,A,0,NA,NA,NA,NA,Y,NA,A,01,0,1,1,0,0,0,0,0,0,-,-,NA,NA,SAN BERNARDINO,MONTCLAIR,-117.6982879638672,34.06671905517578
91611727,2021,2021-11-01,9855,2021-10-19,1523,016729,NA,2,2,6,3607,0,1,1,NA,2,152,I-15 S/B (ONTARIO FWY),FOURTH ST,600,S,N,A,-,Y,NA,NA,15,NA,NA,NA,NA,NA,S,N,3,0,2,4,A,-,03,22350,NA,N,C,C,A,A,H,-,A,D,0,NA,NA,NA,Y,Y,NA,A,07,0,1,1,0,0,0,0,0,0,-,-,34.075279235839844,-117.54508972167967,SAN BERNARDINO,ONTARIO,-117.54502105712892,34.075279235839844