CASE_ID,ACCIDENT_YEAR,PROC_DATE,JURIS,COLLISION_DATE,COLLISION_TIME,OFFICER_ID,REPORTING_DISTRICT,DAY_OF_WEEK,CHP_SHIFT,POPULATION,CNTY_CITY_LOC,SPECIAL_COND,BEAT_TYPE,CHP_BEAT_TYPE,CITY_DIVISION_LAPD,CHP_BEAT_CLASS,BEAT_NUMBER,PRIMARY_RD,SECONDARY_RD,DISTANCE,DIRECTION,INTERSECTION,WEATHER_1,WEATHER_2,STATE_HWY_IND,CALTRANS_COUNTY,CALTRANS_DISTRICT,STATE_ROUTE,ROUTE_SUFFIX,POSTMILE_PREFIX,POSTMILE,LOCATION_TYPE,RAMP_INTERSECTION,SIDE_OF_HWY,TOW_AWAY,COLLISION_SEVERITY,NUMBER_KILLED,NUMBER_INJURED,PARTY_COUNT,PRIMARY_COLL_FACTOR,PCF_CODE_OF_VIOL,PCF_VIOL_CATEGORY,PCF_VIOLATION,PCF_VIOL_SUBSECTION,HIT_AND_RUN,TYPE_OF_COLLISION,MVIW,PED_ACTION,ROAD_SURFACE,ROAD_COND_1,ROAD_COND_2,LIGHTING,CONTROL_DEVICE,CHP_ROAD_TYPE,PEDESTRIAN_ACCIDENT,BICYCLE_ACCIDENT,MOTORCYCLE_ACCIDENT,TRUCK_ACCIDENT,NOT_PRIVATE_PROPERTY,ALCOHOL_INVOLVED,STWD_VEHTYPE_AT_FAULT,CHP_VEHTYPE_AT_FAULT,COUNT_SEVERE_INJ,COUNT_VISIBLE_INJ,COUNT_COMPLAINT_PAIN,COUNT_PED_KILLED,COUNT_PED_INJURED,COUNT_BICYCLIST_KILLED,COUNT_BICYCLIST_INJURED,COUNT_MC_KILLED,COUNT_MC_INJURED,PRIMARY_RAMP,SECONDARY_RAMP,LATITUDE,LONGITUDE,COUNTY,CITY,POINT_X,POINT_Y
91877145,2022,2022-09-29,9855,2022-07-05,0220,022584,NA,2,3,4,3605,0,1,1,NA,2,103,I-10 W/B,CENTRAL AVENUE,940,E,N,A,-,Y,SBD,NA,10,NA,NA,1.519,H,NA,L,N,4,0,1,2,A,-,03,22350,NA,F,C,C,A,A,H,-,C,D,0,NA,NA,NA,NA,Y,NA,-,99,0,0,1,0,0,0,0,0,0,-,-,34.08723831176758,-117.68522644042967,SAN BERNARDINO,MONTCLAIR,-117.68521118164063,34.0871696472168
9187889,2020,2021-01-09,3610,2020-10-05,2202,51246,NA,1,5,6,3610,0,0,0,NA,0,POLICE,E BASELINE RD,N MERIDIAN,465,E,N,A,-,N,NA,NA,NA,NA,NA,NA,NA,NA,NA,Y,2,0,3,3,A,-,08,22107,NA,F,C,C,A,A,H,-,D,D,0,NA,NA,NA,NA,Y,NA,A,01,2,1,0,0,0,0,0,0,0,-,-,34.121299743652344,-117.34857940673828,SAN BERNARDINO,SAN BERNARDINO,-117.34857940673828,34.1213493347168
9187893,2020,2021-01-09,3610,2020-10-06,1713,50532,NA,2,5,6,3610,0,0,0,NA,0,POLICE,N DEL ROSA AVE,E MARSHALL BL,0,NA,Y,A,-,N,NA,NA,NA,NA,NA,NA,NA,NA,NA,Y,3,0,3,2,A,-,09,21801,A,N,D,C,A,A,H,-,A,D,0,NA,NA,NA,NA,Y,NA,A,01,0,1,2,0,0,0,0,0,0,-,-,34.14945983886719,-117.25241088867188,SAN BERNARDINO,SAN BERNARDINO,-117.25244140625,34.14944839477539
91879868,2022,2022-10-03,9860,2022-09-22,1942,021342,NA,4,2,9,3600,0,1,3,NA,1,012,SR-138 E/B TO I-15 S/B,NORTH CAJON BLVD,88,E,N,A,-,Y,SBD,NA,138,NA,R,15.028,H,NA,R,N,2,0,1,2,A,-,11,21954,A,N,G,B,D,A,H,-,D,D,0,Y,NA,NA,NA,Y,NA,N,60,1,0,0,0,1,0,0,0,0,-,-,34.31153106689453,-117.47789764404295,SAN BERNARDINO,UNINCORPORATED,-117.47791290283205,34.311614990234375
91881323,2022,2022-10-04,9850,2022-09-26,0020,022494,NA,1,3,5,3619,0,1,1,NA,2,082,I-15 N/B,BEAR VALLEY ROAD,8448,S,N,A,-,Y,SBD,NA,15,NA,NA,35.995,H,NA,R,Y,2,0,1,1,A,-,01,23152,A,N,F,I,A,A,D,-,D,D,0,NA,NA,NA,NA,Y,Y,-,-,1,0,0,0,0,0,0,0,0,-,-,34.45087814331055,-117.36113739013672,SAN BERNARDINO,HESPERIA,-117.3612823486328,34.450958251953125
91883145,2022,2022-10-05,9860,2022-10-04,0705,017098,NA,2,1,9,3600,0,1,1,NA,2,152,I-15 N/B,SANTA FE RD,6864,N,N,A,-,Y,SBD,NA,15,NA,R,24.763,H,NA,R,Y,3,0,1,2,A,-,08,22107,NA,N,C,C,A,A,H,-,A,D,0,NA,NA,NA,Y,Y,NA,A,01,0,1,0,0,0,0,0,0,0,-,-,34.34162902832031,-117.45542907714844,SAN BERNARDINO,UNINCORPORATED,-117.45545196533205,34.341670989990234
9188481,2020,2021-01-21,3609,2020-10-23,2010,9743,RI113,5,5,5,3609,0,0,0,NA,0,00W,BASELINE RD,SYCAMORE AV,0,NA,Y,A,-,N,NA,NA,NA,NA,NA,NA,NA,NA,NA,Y,4,0,1,2,A,-,12,21453,A,N,D,C,A,A,H,-,C,A,0,NA,NA,NA,NA,Y,NA,A,01,0,0,1,0,0,0,0,0,0,-,-,34.12139129638672,-117.36611938476563,SAN BERNARDINO,RIALTO,-117.36605834960938,34.121368408203125
91885039,2022,2022-10-07,9850,2022-09-27,2210,022494,NA,2,3,5,3612,0,1,1,NA,2,083,I-15 S/B,BEAR VALLEY ROAD,2640,N,N,A,-,Y,SBD,NA,15,NA,NA,38.085,H,NA,L,N,4,0,1,2,D,-,00,NA,NA,M,C,C,A,A,H,-,C,D,0,NA,NA,NA,Y,Y,NA,-,-,0,0,1,0,0,0,0,0,0,-,-,34.47642135620117,-117.34169006347656,SAN BERNARDINO,VICTORVILLE,-117.3416748046875,34.476409912109375
9188644,2020,2020-12-09,3609,2020-10-29,1840,0884,RI037,4,5,5,3609,0,0,0,NA,0,001,W BOHNERT AV,N AYALA DR,0,NA,Y,A,-,N,NA,NA,NA,NA,NA,NA,NA,NA,NA,Y,4,0,1,2,A,-,12,21453,A,N,D,C,A,A,H,-,C,A,0,NA,NA,NA,NA,Y,NA,A,01,0,0,1,0,0,0,0,0,0,-,-,NA,NA,SAN BERNARDINO,RIALTO,-117.3923110961914,34.14313888549805
91887014,2022,2022-10-11,9855,2022-09-30,1433,015826,NA,5,2,5,3602,0,3,5,NA,2,004,RIVERSIDE DR.,PIPELINE AVE.,0,NA,Y,A,-,N,NA,NA,NA,NA,NA,NA,NA,NA,NA,Y,3,0,3,2,A,-,09,21800,D,N,D,C,A,A,H,-,A,B,0,NA,NA,NA,NA,Y,NA,A,01,0,1,2,0,0,0,0,0,0,-,-,34.01887893676758,-117.71553802490234,SAN BERNARDINO,CHINO,-117.71546173095705,34.0189094543457
91887441,2022,2022-10-11,9860,2022-10-09,1630,022319,NA,7,2,6,3610,0,1,1,NA,2,202,SR-210 E/B,STERLING AVE,50,E,N,A,-,Y,SBD,NA,210,NA,R,26.312,H,NA,R,Y,4,0,4,3,A,-,03,22350,NA,N,C,C,A,A,D,-,A,D,0,NA,NA,NA,NA,Y,NA,A,01,0,0,4,0,0,0,0,0,0,-,-,34.13872146606445,-117.243408203125,SAN BERNARDINO,SAN BERNARDINO,-117.24340057373048,34.13874053955078
91887449,2022,2022-10-11,9855,2022-06-20,0530,020743,NA,1,3,9,3600,0,3,5,NA,2,001,WHITTRAM AVENUE (14900 BLOCK),LIVE OAK AVENUE,192,E,N,A,-,N,NA,NA,NA,NA,NA,NA,NA,NA,NA,Y,3,0,1,3,A,-,08,22107,NA,N,B,C,A,A,H,-,B,D,0,NA,NA,NA,NA,Y,NA,A,01,0,1,0,0,0,0,0,0,0,-,-,34.09579849243164,-117.47947692871094,SAN BERNARDINO,UNINCORPORATED,-117.47947692871094,34.09571075439453
91888330,2022,2022-10-12,9860,2022-10-02,0325,022890,NA,7,3,5,3608,0,1,1,NA,2,104,I-10 E/B,ALABAMA ST,1742,E,N,A,-,Y,SBD,NA,10,NA,NA,29.673,H,NA,R,Y,3,0,1,1,A,-,01,23152,A,N,E,I,A,A,H,-,C,D,0,NA,NA,NA,NA,Y,Y,A,01,0,1,0,0,0,0,0,0,0,-,-,34.0661506652832,-117.20274353027344,SAN BERNARDINO,REDLANDS,-117.20272064208984,34.06620407104492
91888361,2022,2022-10-12,9860,2022-09-07,1433,020282,NA,3,2,6,3610,0,1,1,NA,2,214,I-215 N/B FROM ORANGE SHOW ROAD,ORANGE SHOW ROAD,103,N,N,A,-,Y,NA,NA,NA,NA,NA,NA,NA,NA,NA,Y,2,0,1,1,A,-,03,22350,NA,N,F,0,A,A,H,-,A,A,0,NA,NA,NA,Y,Y,NA,G,25,1,0,0,0,0,0,0,0,0,-,-,34.078861236572266,-117.29612731933594,SAN BERNARDINO,SAN BERNARDINO,-117.29612731933594,34.078861236572266
91888382,2022,2022-10-12,9835,2022-10-04,1850,022619,NA,2,2,3,3601,0,1,1,NA,2,071,S/B I-15,MURIEL ST,285,S,N,A,-,Y,SBD,NA,15,NA,NA,74.091,H,NA,R,Y,2,0,4,2,A,-,08,22107,NA,F,B,2,A,A,H,-,C,D,0,NA,NA,NA,NA,Y,NA,-,99,1,2,1,0,0,0,0,0,0,-,-,34.88594055175781,-117.01326751708984,SAN BERNARDINO,BARSTOW,-117.01326751708984,34.88582992553711
91889166,2022,2022-10-13,9855,2022-10-01,1925,017781,NA,6,2,9,3600,0,3,5,NA,2,001,BEECH AVE. (8600 BLOCK),WHITTRAM AVE.,520,S,N,A,-,N,NA,NA,NA,NA,NA,NA,NA,NA,NA,N,2,0,1,2,A,-,11,21954,A,N,G,B,D,A,H,-,D,D,0,Y,NA,NA,NA,Y,Y,N,60,1,0,0,0,1,0,0,0,0,-,-,34.093868255615234,-117.47128295898438,SAN BERNARDINO,UNINCORPORATED,-117.47120666503906,34.094276428222656
9188918,2020,2021-02-10,3602,2020-10-28,1744,4084,NA,3,5,5,3602,0,0,0,NA,0,002,FERN AV,SCHAEFER AV,50,S,N,A,-,N,NA,NA,NA,NA,NA,NA,NA,NA,NA,N,4,0,1,2,A,-,12,21453,A,M,B,C,A,A,H,-,A,A,0,NA,NA,NA,NA,Y,NA,-,99,0,0,1,0,0,0,0,0,0,-,-,34.00455856323242,-117.65438842773438,SAN BERNARDINO,CHINO,-117.65435791015624,34.00460433959961
91889996,2022,2022-10-14,9860,2022-10-04,2355,019495,NA,2,3,6,3610,0,1,1,NA,2,105,I-10 W/B,TIPPECANOE AVE.,2112,W,N,A,-,Y,SBD,NA,10,NA,NA,25.909,H,NA,L,N,3,0,1,1,A,-,08,22107,NA,N,E,I,A,A,H,-,C,D,0,NA,NA,NA,NA,Y,NA,A,01,0,1,0,0,0,0,0,0,0,-,-,34.06414031982422,-117.26785278320313,SAN BERNARDINO,SAN BERNARDINO,-117.2678451538086,34.06395721435547
9189124,2020,2021-01-11,3608,2020-09-08,1552,3675,NA,2,5,5,3608,0,0,0,NA,0,NA,LIVE OAK CANYON RD,RT 10,2112,E,N,A,-,N,NA,NA,NA,NA,NA,NA,NA,NA,NA,Y,4,0,3,2,A,-,03,22350,NA,N,B,C,A,A,H,-,A,D,0,NA,NA,NA,NA,Y,NA,A,01,0,0,3,0,0,0,0,0,0,-,-,NA,NA,SAN BERNARDINO,REDLANDS,-117.09588623046876,34.016761779785156
91891632,2022,2022-10-17,9835,2022-10-09,1400,022782,NA,7,2,9,3600,0,1,1,NA,2,073,I-15 S/B,AFTON RD,5808,S,N,A,-,Y,SBD,NA,15,NA,R,110.457,H,NA,L,N,3,0,1,2,A,-,03,22350,NA,N,C,C,A,A,H,-,A,D,0,NA,NA,NA,NA,Y,NA,A,07,0,1,0,0,0,0,0,0,0,-,-,35.060821533203125,-116.42813873291016,SAN BERNARDINO,UNINCORPORATED,-116.42815399169922,35.06083679199219
9189183,2020,2021-01-04,3610,2020-10-29,1630,50872,NA,4,5,6,3610,0,0,0,NA,0,DAVID,E ORANGE SHOW RD,S LENA AV,0,NA,Y,A,-,N,NA,NA,NA,NA,NA,NA,NA,NA,NA,Y,4,0,3,3,A,-,08,22107,NA,N,D,C,A,A,H,-,A,D,0,NA,NA,NA,NA,Y,NA,A,08,0,0,3,0,0,0,0,0,0,-,-,34.08018112182617,-117.27210235595705,SAN BERNARDINO,SAN BERNARDINO,-117.27182769775392,34.07976150512695
91892670,2022,2022-10-18,9860,2022-10-13,0545,017098,NA,4,3,9,3600,0,1,1,NA,2,152,I-15 S/B,SANTA FE ROAD,1000,S,N,A,-,Y,SBD,NA,15,NA,R,23.824,H,NA,L,N,4,0,1,4,A,-,03,22350,NA,N,C,C,A,A,H,-,B,D,0,NA,NA,NA,NA,Y,NA,A,01,0,0,1,0,0,0,0,0,0,-,-,34.3450813293457,-117.47997283935548,SAN BERNARDINO,UNINCORPORATED,-117.4800262451172,34.345123291015625
91893150,2022,2022-10-18,9855,2022-10-10,0128,021403,NA,1,3,6,3616,0,1,1,NA,2,201,SR-210 W/B (FOOTHILL FWY),DAY CREEK BLVD,1056,W,N,A,-,Y,SBD,NA,210,NA,NA,8.971,H,NA,L,Y,3,0,2,2,A,-,03,22350,NA,N,C,C,A,A,H,-,D,D,0,NA,NA,NA,Y,Y,NA,A,01,0,1,1,0,0,0,0,0,0,-,-,34.13666915893555,-117.5400390625,SAN BERNARDINO,RANCHO CUCAMONGA,-117.5400390625,34.13665008544922
9189326,2020,2020-12-12,3610,2020-09-30,1108,50294,NA,3,5,6,3610,0,0,0,NA,0,POLICE,W 18TH ST,ARROWHEAD AV,0,NA,Y,A,-,N,NA,NA,NA,NA,NA,NA,NA,NA,NA,Y,3,0,3,2,A,-,03,22350,NA,N,C,C,A,A,H,-,A,D,0,NA,NA,NA,NA,Y,NA,A,01,0,1,2,0,0,0,0,0,0,-,-,34.1314697265625,-117.28965759277344,SAN BERNARDINO,SAN BERNARDINO,-117.28964996337892,34.13145065307617
9189395,2020,2020-12-15,3610,2020-09-27,0114,51261,NA,7,5,6,3610,0,0,0,NA,0,NA,W 7TH ST,N H ST,0,NA,Y,A,-,N,NA,NA,NA,NA,NA,NA,NA,NA,NA,Y,4,0,1,2,A,-,12,22450,A,M,D,C,A,-,H,-,C,D,0,NA,NA,NA,NA,Y,NA,A,01,0,0,1,0,0,0,0,0,0,-,-,34.1120491027832,-117.30088806152344,SAN BERNARDINO,SAN BERNARDINO,-117.3009033203125,34.11201095581055
91894986,2021,2022-10-20,9860,2021-10-15,0825,021980,NA,5,1,9,3600,0,1,1,NA,2,216,I-215 S/B TO DEVORE RD.,DEVORE RD,25,N,N,A,-,Y,NA,NA,215,NA,NA,NA,R,NA,S,Y,3,0,2,2,A,-,03,22350,NA,N,C,C,A,A,H,-,A,A,0,NA,NA,NA,NA,Y,NA,A,01,0,1,1,0,0,0,0,0,0,-,-,34.22161102294922,-117.40255737304688,SAN BERNARDINO,UNINCORPORATED,-117.40255737304688,34.22161102294922
91895023,2022,2022-10-20,9860,2022-10-13,0910,017098,NA,4,1,9,3600,0,1,3,NA,1,010,SR-138,MINERS SHACK CREEK,1056,E,N,A,-,Y,SBD,NA,138,NA,R,17.96,H,NA,R,Y,3,0,2,2,A,-,05,21460,A,N,A,C,A,A,H,-,A,D,0,NA,NA,NA,NA,Y,NA,A,07,0,1,1,0,0,0,0,0,0,-,-,34.33082962036133,-117.44597625732422,SAN BERNARDINO,UNINCORPORATED,-117.44597625732422,34.330806732177734
91896132,2022,2022-10-21,9855,2022-10-12,0319,022865,NA,3,3,6,3616,0,1,1,NA,2,203,SR-210 E/B (FOOTHILL FWY),CARNELIAN ST.,700,W,N,A,-,Y,SBD,NA,210,NA,NA,4.292,H,NA,R,Y,3,0,1,2,A,-,03,22350,NA,M,C,C,A,A,H,-,C,D,0,NA,NA,NA,Y,Y,NA,G,27,0,1,0,0,0,0,0,0,0,-,-,34.134761810302734,-117.62158966064452,SAN BERNARDINO,RANCHO CUCAMONGA,-117.62158966064452,34.13478469848633
9189671,2020,2020-12-30,3610,2020-10-22,0712,50360,NA,4,5,6,3610,0,0,0,NA,0,POLICE,W 5TH ST,E ST,63,E,N,B,-,N,NA,NA,NA,NA,NA,NA,NA,NA,NA,Y,3,0,1,3,A,-,08,22107,NA,N,B,C,A,A,H,-,A,A,0,NA,NA,NA,Y,Y,NA,-,-,0,1,0,0,0,0,0,0,0,-,-,34.108341217041016,-117.2943115234375,SAN BERNARDINO,SAN BERNARDINO,-117.29393005371094,34.10831069946289
91897455,2022,2022-10-24,9855,2022-10-12,0840,023027,NA,3,1,6,3607,0,1,3,NA,2,601,SR-60 W/B (POMONA FWY),VINEYARD AVE,2500,W,N,A,-,Y,SBD,NA,60,NA,R,6.473,H,NA,L,Y,3,0,1,2,A,-,07,21658,A,N,B,C,A,A,H,-,A,D,0,NA,NA,Y,NA,Y,NA,A,01,0,1,0,0,0,0,0,0,1,-,-,34.03038024902344,-117.61792755126952,SAN BERNARDINO,ONTARIO,-117.61792755126952,34.03060531616211
91897471,2022,2022-10-24,9860,2022-10-14,0008,022539,NA,5,3,5,3608,0,1,1,NA,2,104,I-10 W/B,TENNESSEE STREET,52,W,N,B,-,Y,SBD,NA,10,NA,NA,29.81,H,NA,L,Y,3,0,1,2,A,-,03,22350,NA,N,C,C,A,A,H,-,D,D,0,NA,NA,NA,NA,Y,NA,A,01,0,1,0,0,0,0,0,0,0,-,-,34.065670013427734,-117.20049285888672,SAN BERNARDINO,REDLANDS,-117.20049285888672,34.0656623840332
9189763,2020,2021-01-07,3610,2020-10-15,0100,51091,NA,4,5,6,3610,0,0,0,NA,0,CHARLI,EAST HIGHLAND AV,OSBUN RD,114,W,N,A,-,N,NA,NA,NA,NA,NA,NA,NA,NA,NA,N,3,0,1,2,A,-,11,21954,A,F,G,B,D,A,H,-,C,D,0,Y,NA,NA,NA,Y,NA,N,60,0,1,0,0,1,0,0,0,0,-,-,34.112701416015625,-117.29286193847656,SAN BERNARDINO,SAN BERNARDINO,-117.24836730957033,34.135860443115234
9189790,2020,2021-01-06,3610,2020-10-03,1416,51104,NA,6,5,6,3610,0,0,0,NA,0,ADAM,W 9TH ST,N MEDICAL CENTER DR,0,NA,Y,A,-,N,NA,NA,NA,NA,NA,NA,NA,NA,NA,N,4,0,1,2,A,-,11,21950,B,N,G,B,B,A,H,-,A,A,0,Y,NA,NA,NA,Y,NA,N,60,0,0,1,0,1,0,0,0,0,-,-,34.11579132080078,-117.32256317138672,SAN BERNARDINO,SAN BERNARDINO,-117.32257080078124,34.11576843261719
9189799,2020,2021-01-06,3610,2020-10-23,2004,51153,NA,5,5,6,3610,0,0,0,NA,0,DAVID,W 9TH ST,N H ST,0,NA,Y,A,-,N,NA,NA,NA,NA,NA,NA,NA,NA,NA,Y,3,0,1,3,A,-,01,23152,A,N,A,C,A,A,H,-,C,A,0,NA,NA,NA,NA,Y,Y,A,01,0,1,0,0,0,0,0,0,0,-,-,34.115779876708984,-117.30088806152344,SAN BERNARDINO,SAN BERNARDINO,-117.30091857910156,34.11582946777344
9189803,2020,2021-01-09,3610,2020-10-09,1400,50772,NA,5,5,6,3610,0,0,0,NA,0,CHARLI,N PALM AV,PIEDMONT AV,8,S,N,A,-,N,NA,NA,NA,NA,NA,NA,NA,NA,NA,Y,3,0,3,2,A,-,09,21801,A,N,D,C,A,-,H,-,A,A,0,NA,NA,NA,NA,Y,NA,A,01,0,1,2,0,0,0,0,0,0,-,-,NA,NA,SAN BERNARDINO,SAN BERNARDINO,-117.20868682861328,34.14162826538086
9190289,2020,2021-01-29,3604,2020-11-18,1424,925,NA,3,5,6,3604,0,0,0,NA,0,NA,HEMLOCK AV,SANTA ANA,609,N,N,A,-,N,NA,NA,NA,NA,NA,NA,NA,NA,NA,Y,4,0,1,2,A,-,08,22107,NA,N,D,C,A,A,H,-,A,A,0,NA,NA,NA,NA,Y,NA,A,01,0,0,1,0,0,0,0,0,0,-,-,NA,NA,SAN BERNARDINO,FONTANA,-117.47563934326172,34.05731964111328
91903897,2022,2022-10-28,9850,2022-10-19,1718,023055,NA,3,2,5,3619,0,3,5,NA,2,002,ARROWHEAD LAKE RD,STATE HIGHWAY 173,0.5,N,N,A,-,N,NA,NA,NA,NA,NA,NA,NA,NA,NA,Y,3,0,1,1,A,-,03,22350,NA,N,F,A,A,A,H,-,D,D,0,NA,NA,NA,NA,Y,Y,A,07,0,1,0,0,0,0,0,0,0,-,-,34.34368133544922,-117.25287628173828,SAN BERNARDINO,HESPERIA,-117.25916290283205,34.33693313598633
9190580,2020,2021-02-19,3610,2020-10-04,1855,51166,NA,7,5,6,3610,0,0,0,NA,0,NA,RT 18,MILE MARKER ST,0,NA,Y,A,-,Y,SBD,8,18,-,R,12,H,-,N,Y,2,0,1,1,A,-,03,22350,NA,N,B,I,A,A,H,-,D,D,0,NA,NA,Y,NA,Y,NA,C,02,1,0,0,0,0,0,0,0,1,-,-,NA,NA,SAN BERNARDINO,SAN BERNARDINO,-117.28103637695313,34.2022819519043
91906005,2022,2022-10-31,9860,2022-10-23,1545,021638,NA,7,2,6,3610,0,1,1,NA,2,202,SR-210 E/B,HIGHLAND AVE,2112,W,N,A,-,Y,SBD,NA,210,NA,R,26.319,H,NA,R,N,4,0,2,3,A,-,03,22350,NA,N,C,C,A,A,H,-,A,D,0,NA,NA,NA,NA,Y,NA,D,22,0,0,2,0,0,0,0,0,0,-,-,34.138641357421875,-117.24333190917967,SAN BERNARDINO,SAN BERNARDINO,-117.24329376220705,34.13869857788086
91906481,2022,2022-11-01,9855,2022-10-25,1300,023027,NA,2,1,5,3611,0,1,1,NA,2,103,I-10 W/B (SAN BERNARDINO FWY),MOUNTAIN AVE,210,E,N,A,-,Y,SBD,NA,10,NA,NA,2.518,H,NA,L,N,3,0,1,1,A,-,08,22107,NA,N,E,I,A,A,H,-,A,D,0,NA,NA,NA,NA,Y,NA,-,-,0,1,0,0,0,0,0,0,0,-,-,34.0873908996582,-117.66779327392578,SAN BERNARDINO,UPLAND,-117.66779327392578,34.08740234375
91907671,2022,2022-11-02,9834,2022-10-30,1635,020342,NA,7,2,9,3600,0,1,2,NA,1,095,US-95,I-40,19536,N,N,A,G,Y,SBD,NA,95,NA,NA,61.037,H,NA,R,Y,4,0,1,1,A,-,08,22107,NA,N,E,J,A,A,H,-,A,D,0,NA,NA,NA,NA,Y,NA,A,01,0,0,1,0,0,0,0,0,0,-,-,34.924068450927734,-114.78044891357422,SAN BERNARDINO,UNINCORPORATED,-114.78041839599608,34.924102783203125
91907713,2022,2022-11-02,9834,2022-11-01,1528,013633,NA,2,2,9,3600,0,1,2,NA,1,095,UNITED STATES ROUTE 95,GOFFS ROAD,230,N,N,A,-,Y,SBD,NA,95,NA,NA,64.052,H,NA,R,N,4,0,1,2,A,-,03,22350,NA,N,C,C,A,A,H,-,A,D,0,NA,NA,NA,NA,Y,NA,D,23,0,0,1,0,0,0,0,0,0,-,-,34.94308090209961,-114.82460021972656,SAN BERNARDINO,UNINCORPORATED,-114.82463073730467,34.94307327270508
91908701,2022,2022-11-03,9850,2022-10-28,1400,019278,NA,5,2,5,3621,0,1,1,NA,2,084,I-15 S/B,STODDARD WELLS ROAD,5280,N,N,A,-,Y,NA,NA,NA,NA,NA,NA,NA,NA,NA,N,4,0,1,1,A,-,08,22107,NA,N,E,I,A,A,H,-,A,D,0,NA,NA,NA,NA,Y,NA,D,22,0,0,1,0,0,0,0,0,0,-,-,34.60873031616211,-117.24623107910156,SAN BERNARDINO,APPLE VALLEY,-117.25054931640624,34.60267639160156
91909995,2022,2022-11-04,9850,2022-10-31,2240,017775,NA,1,3,5,3612,0,1,1,NA,2,083,I-15 N/B,PALMDALE ROAD,2640,S,N,A,-,Y,SBD,NA,15,NA,NA,40.017,H,NA,R,N,4,0,1,2,A,-,07,21658,A,N,B,C,A,A,H,-,D,D,0,NA,NA,NA,Y,Y,NA,G,25,0,0,1,0,0,0,0,0,0,-,-,34.50090026855469,-117.32544708251952,SAN BERNARDINO,VICTORVILLE,-117.3254852294922,34.50091552734375
91910024,2022,2022-11-04,9855,2022-08-30,0515,018000,NA,2,3,5,3602,0,1,S,NA,2,620,SR-60 W/B (POMONA FWY),RESERVOIR STREET,0,NA,N,A,-,Y,SBD,NA,60,NA,R,0.243,H,NA,L,N,3,0,1,2,A,-,03,22350,NA,F,C,C,A,A,H,-,C,D,0,NA,NA,NA,NA,Y,NA,-,99,0,1,0,0,0,0,0,0,0,-,-,34.02552032470703,-117.72528839111328,SAN BERNARDINO,CHINO,-117.72531127929688,34.025596618652344
91910129,2022,2023-02-03,9860,2022-10-25,0445,022583,NA,2,3,9,3600,0,2,4,NA,1,410,WEST VALLEY BOULEVARD,NORTH CYPRESS AVENUE,0,NA,Y,A,-,N,NA,NA,NA,NA,NA,NA,NA,NA,NA,Y,4,0,1,2,A,-,09,21801,A,N,A,C,A,A,H,-,C,D,0,NA,NA,NA,NA,Y,NA,A,01,0,0,1,0,0,0,0,0,0,-,-,34.06890869140625,-117.34205627441406,SAN BERNARDINO,UNINCORPORATED,-117.34201049804688,34.06888961791992
91911515,2021,2022-11-07,9835,2021-12-05,0325,020389,NA,7,3,3,3601,0,1,1,NA,2,071,INTERSTATE 15 NORTHBOUND,L STREET,1320,S,N,A,-,Y,NA,NA,NA,NA,NA,NA,NA,NA,NA,Y,2,0,1,2,A,-,03,22350,NA,N,G,B,E,A,H,-,C,D,0,Y,NA,NA,NA,Y,NA,A,01,1,0,0,0,1,0,0,0,0,-,-,38.582401275634766,-121.49539947509766,SAN BERNARDINO,BARSTOW,-117.05657196044922,34.88454055786133
91911678,2022,2022-11-07,9865,2022-11-05,1850,020725,NA,6,2,9,3600,0,3,5,NA,2,003,BALDWIN LANE,SR-38,15,W,N,A,-,Y,NA,NA,NA,NA,NA,NA,NA,NA,NA,Y,4,0,1,1,A,-,01,23152,A,M,E,8,A,B,H,-,C,A,0,NA,NA,NA,NA,Y,Y,A,07,0,0,1,0,0,0,0,0,0,-,-,34.25043869018555,-116.81617736816406,SAN BERNARDINO,UNINCORPORATED,-116.81581115722656,34.25067901611328
91913893,2022,2022-11-09,9855,2022-11-04,1735,018313,NA,5,2,6,3607,0,1,3,NA,2,601,SR-60 W/B (POMONA FWY),HAVEN AVE,50,E,N,A,-,Y,SBD,NA,60,NA,R,8.961,H,NA,L,Y,4,0,1,2,A,-,03,22350,NA,N,C,C,A,A,D,-,A,D,0,NA,NA,NA,NA,Y,NA,A,01,0,0,1,0,0,0,0,0,0,-,-,34.02880096435547,-117.57476806640624,SAN BERNARDINO,ONTARIO,-117.57477569580078,34.0287971496582