CASE_ID,ACCIDENT_YEAR,PROC_DATE,JURIS,COLLISION_DATE,COLLISION_TIME,OFFICER_ID,REPORTING_DISTRICT,DAY_OF_WEEK,CHP_SHIFT,POPULATION,CNTY_CITY_LOC,SPECIAL_COND,BEAT_TYPE,CHP_BEAT_TYPE,CITY_DIVISION_LAPD,CHP_BEAT_CLASS,BEAT_NUMBER,PRIMARY_RD,SECONDARY_RD,DISTANCE,DIRECTION,INTERSECTION,WEATHER_1,WEATHER_2,STATE_HWY_IND,CALTRANS_COUNTY,CALTRANS_DISTRICT,STATE_ROUTE,ROUTE_SUFFIX,POSTMILE_PREFIX,POSTMILE,LOCATION_TYPE,RAMP_INTERSECTION,SIDE_OF_HWY,TOW_AWAY,COLLISION_SEVERITY,NUMBER_KILLED,NUMBER_INJURED,PARTY_COUNT,PRIMARY_COLL_FACTOR,PCF_CODE_OF_VIOL,PCF_VIOL_CATEGORY,PCF_VIOLATION,PCF_VIOL_SUBSECTION,HIT_AND_RUN,TYPE_OF_COLLISION,MVIW,PED_ACTION,ROAD_SURFACE,ROAD_COND_1,ROAD_COND_2,LIGHTING,CONTROL_DEVICE,CHP_ROAD_TYPE,PEDESTRIAN_ACCIDENT,BICYCLE_ACCIDENT,MOTORCYCLE_ACCIDENT,TRUCK_ACCIDENT,NOT_PRIVATE_PROPERTY,ALCOHOL_INVOLVED,STWD_VEHTYPE_AT_FAULT,CHP_VEHTYPE_AT_FAULT,COUNT_SEVERE_INJ,COUNT_VISIBLE_INJ,COUNT_COMPLAINT_PAIN,COUNT_PED_KILLED,COUNT_PED_INJURED,COUNT_BICYCLIST_KILLED,COUNT_BICYCLIST_INJURED,COUNT_MC_KILLED,COUNT_MC_INJURED,PRIMARY_RAMP,SECONDARY_RAMP,LATITUDE,LONGITUDE,COUNTY,CITY,POINT_X,POINT_Y
9191448,2020,2021-01-26,3610,2020-11-08,1018,51272,NA,7,5,6,3610,0,0,0,NA,0,POLICE,N MOUNTAIN VIEW AVE,WEST 10TH ST,253,S,N,B,-,N,NA,NA,NA,NA,NA,NA,NA,NA,NA,Y,4,0,2,2,A,-,09,21804,A,N,D,C,A,A,H,-,A,D,0,NA,NA,NA,NA,Y,Y,A,01,0,0,2,0,0,0,0,0,0,-,-,NA,NA,SAN BERNARDINO,SAN BERNARDINO,-117.28739166259766,34.11695861816406
91914870,2022,2022-11-10,9860,2022-11-01,1945,020533,NA,2,2,4,3603,0,1,1,NA,2,103,I-10 E/B,SLOVER MT UP,200,E,N,A,-,Y,SBD,NA,10,NA,R,21.506,H,NA,R,Y,4,0,1,1,A,-,08,22107,NA,N,F,0,A,A,H,-,D,A,0,NA,NA,NA,NA,Y,Y,A,01,0,0,1,0,0,0,0,0,0,-,-,34.068321228027344,-117.34356689453124,SAN BERNARDINO,COLTON,-117.3435516357422,34.068519592285156
91915803,2022,2022-11-14,9860,2022-11-08,0523,014777,NA,2,3,9,3600,0,1,1,NA,2,151,I-15 N/B,OAKIE FLAT ROAD,2165,S,N,B,C,Y,SBD,NA,15,NA,R,18.069,H,NA,R,Y,4,0,1,2,A,-,08,22107,NA,N,E,I,A,B,H,-,D,D,0,NA,NA,NA,Y,Y,NA,A,01,0,0,1,0,0,0,0,0,0,-,-,34.27231979370117,-117.44953155517578,SAN BERNARDINO,UNINCORPORATED,-117.44938659667967,34.2723274230957
91916440,2022,2022-11-14,9860,2022-11-09,1740,022316,NA,3,2,6,3610,0,1,1,NA,2,216,I-215 N/B,UNIVERSITY PKY,3000,S,N,A,-,Y,SBD,NA,215,NA,NA,11.073,H,NA,R,Y,4,0,1,4,A,-,07,21658,A,N,C,C,A,A,H,-,D,D,0,NA,NA,NA,NA,Y,NA,A,07,0,0,1,0,0,0,0,0,0,-,-,34.157798767089844,-117.32730865478516,SAN BERNARDINO,SAN BERNARDINO,-117.32735443115234,34.157772064208984
91917243,2022,2022-11-14,9860,2022-10-06,1537,022553,NA,4,2,9,3600,1,3,5,NA,2,003,SR-38,BRYANT ST,0,NA,Y,A,-,N,NA,NA,NA,NA,NA,NA,NA,NA,NA,Y,4,0,2,2,A,-,09,21802,A,N,D,C,A,A,H,-,A,A,0,NA,NA,NA,NA,Y,NA,D,22,0,0,2,0,0,0,0,0,0,-,-,34.078330993652344,-117.04872894287108,SAN BERNARDINO,UNINCORPORATED,-117.0487823486328,34.07832717895508
9191840,2020,2021-01-30,3603,2020-11-15,1849,4991,CPD,7,5,4,3603,0,0,0,NA,0,002,MT VERNON AV,HILLCREST AV,0,NA,Y,A,-,N,NA,NA,NA,NA,NA,NA,NA,NA,NA,N,4,0,1,2,A,-,03,22350,NA,N,C,C,A,A,H,-,C,D,0,NA,NA,NA,NA,Y,NA,A,07,0,0,1,0,0,0,0,0,0,-,-,34.08272933959961,-117.31385040283205,SAN BERNARDINO,COLTON,-117.31385040283205,34.0831298828125
91918447,2022,2022-11-15,9865,2022-11-07,0720,018392,NA,1,1,9,3600,0,1,3,NA,1,010,SR-18,OLD WATERMAN CANYON DR.,52,N,N,C,E,Y,SBD,NA,18,NA,R,13.305,H,NA,R,Y,3,0,2,1,A,-,03,22350,NA,N,E,I,A,B,H,-,A,D,0,NA,NA,NA,NA,Y,NA,A,01,0,1,1,0,0,0,0,0,0,-,-,34.21731185913086,-117.29119873046876,SAN BERNARDINO,UNINCORPORATED,-117.29118347167967,34.217281341552734
91918963,2022,2022-11-16,9850,2022-11-07,2005,022734,NA,1,2,9,3600,0,1,3,NA,2,040,SR-18 E/B,MILPAS RD,170,W,N,G,-,Y,SBD,NA,18,NA,NA,83.068,H,NA,R,Y,3,0,1,1,A,-,03,22350,NA,N,F,J,A,A,H,-,D,D,0,NA,NA,Y,NA,Y,NA,C,02,0,1,0,0,0,0,0,0,1,-,-,34.47193145751953,-117.10366821289063,SAN BERNARDINO,UNINCORPORATED,-117.10366821289063,34.47196960449219
91919034,2022,2022-11-16,9870,2022-11-09,0835,019208,NA,3,1,9,3600,0,1,3,NA,1,031,STATE ROUTE 62 (TWENTYNINE PALMS HIGHWAY),LEE DRIVE,400,W,N,A,-,Y,SBD,NA,62,NA,NA,25.095,H,NA,R,Y,3,0,1,1,C,-,18,NA,NA,N,E,8,A,A,H,-,A,D,0,NA,NA,NA,NA,Y,NA,-,-,0,1,0,0,0,0,0,0,0,-,-,34.13521957397461,-116.19595336914063,SAN BERNARDINO,UNINCORPORATED,-116.19595336914063,34.135135650634766
91921214,2022,2022-11-18,9855,2022-11-12,0342,022055,NA,6,3,6,3616,0,1,1,NA,2,203,SR-210 E/B (FOOTHILL FWY),DAY CREEK BLVD.,600,W,N,A,-,Y,SBD,NA,210,NA,NA,8.852,H,NA,R,Y,4,0,1,2,A,-,03,22350,NA,N,C,C,A,A,H,-,C,D,0,NA,NA,NA,NA,Y,NA,-,-,0,0,1,0,0,0,0,0,0,-,-,34.136409759521484,-117.54209899902344,SAN BERNARDINO,RANCHO CUCAMONGA,-117.54209899902344,34.13645935058594
91921414,2022,2022-11-18,9835,2022-11-15,1310,020109,NA,2,1,9,3600,0,2,4,NA,1,017,IRWIN RD,SPADRA STREET,15312,N,N,A,-,N,NA,NA,NA,NA,NA,NA,NA,NA,NA,N,4,0,1,1,A,-,08,22107,NA,N,F,A,A,A,H,-,A,A,0,NA,NA,NA,NA,Y,NA,A,01,0,0,1,0,0,0,0,0,0,-,-,34.961280822753906,-117.01717376708984,SAN BERNARDINO,UNINCORPORATED,-117.0172882080078,34.961341857910156
91923468,2022,2022-11-21,9855,2022-11-14,0813,017597,NA,1,1,9,3600,0,3,5,NA,2,004,CHINO AVE.,MCKINLEY AVE.,512,W,N,A,-,N,NA,NA,NA,NA,NA,NA,NA,NA,NA,N,2,0,1,3,A,-,08,22107,NA,N,E,I,A,A,H,-,A,D,0,NA,NA,NA,NA,Y,NA,A,08,1,0,0,0,0,0,0,0,0,-,-,34.011661529541016,-117.73020935058594,SAN BERNARDINO,UNINCORPORATED,-117.73015594482422,34.01156997680664
91924132,2022,2022-11-22,9850,2022-11-14,1640,021878,NA,1,2,9,3600,0,2,4,NA,2,050,BALDY MESA ROAD,SMOKE TREE ROAD,0,NA,Y,A,-,N,NA,NA,NA,NA,NA,NA,NA,NA,NA,Y,4,0,1,2,A,-,05,21460,A,N,A,C,A,A,H,-,B,D,0,NA,NA,NA,NA,Y,NA,A,07,0,0,1,0,0,0,0,0,0,-,-,34.4410514831543,-117.45104217529295,SAN BERNARDINO,UNINCORPORATED,-117.45101165771484,34.44107437133789
91927693,2022,2022-11-28,9850,2022-11-17,1440,022256,NA,4,2,9,3600,0,3,5,NA,2,003,ROUNDUP WAY,SAGEBRUSH STREET,0,NA,Y,A,-,N,NA,NA,NA,NA,NA,NA,NA,NA,NA,Y,4,0,1,2,A,-,12,22450,A,N,D,C,A,A,H,-,A,A,0,NA,NA,NA,NA,Y,NA,A,07,0,0,1,0,0,0,0,0,0,-,-,34.42076873779297,-117.19425201416016,SAN BERNARDINO,UNINCORPORATED,-117.19425201416016,34.42076873779297
91927734,2022,2022-11-28,9850,2022-11-17,1826,022148,NA,4,2,9,3600,0,1,3,NA,2,052,SR-18,LESSING RD,60,E,N,A,-,Y,SBD,NA,18,NA,NA,106.888,H,NA,R,Y,4,0,1,2,A,-,03,22350,NA,N,C,C,A,A,H,-,D,D,0,NA,NA,NA,Y,Y,NA,A,07,0,0,1,0,0,0,0,0,0,-,-,34.50699996948242,-117.50357055664063,SAN BERNARDINO,UNINCORPORATED,-117.50357055664063,34.50697708129883
91929092,2022,2022-11-29,9855,2022-11-18,1118,017597,NA,5,1,9,3600,0,3,5,NA,2,004,RIVERSIDE AVE.,TOWNE AVE.,0,NA,Y,A,-,N,NA,NA,NA,NA,NA,NA,NA,NA,NA,N,3,0,1,2,A,-,09,21801,A,N,A,C,A,A,H,-,A,A,0,NA,NA,Y,Y,Y,NA,F,27,0,1,0,0,0,0,0,0,1,-,-,34.019081115722656,-117.73999786376952,SAN BERNARDINO,UNINCORPORATED,-117.74010467529295,34.01902770996094
91929618,2022,2022-11-29,9835,2022-11-21,2200,020150,NA,1,3,9,3600,0,1,1,NA,2,047,I-40 E/B,KELBAKER ROAD,20064,W,N,A,-,Y,SBD,NA,40,NA,R,76.116,H,NA,R,Y,3,0,1,1,A,-,08,22107,NA,N,E,I,A,A,H,-,D,D,0,NA,NA,NA,Y,Y,NA,G,25,0,1,0,0,0,0,0,0,0,-,-,34.71826934814453,-115.71463012695313,SAN BERNARDINO,UNINCORPORATED,-115.71461486816406,34.71809005737305
91931760,2022,2022-12-01,9860,2022-11-19,1310,020346,NA,6,1,4,3640,0,1,1,NA,2,106,I-10 E/B TO YUCAIPA BLVD,YUCAIPA BLVD,20,W,N,A,-,Y,NA,NA,NA,NA,NA,NA,NA,NA,NA,N,4,0,1,2,A,-,21,22106,NA,N,C,C,A,A,H,-,A,D,0,NA,NA,NA,NA,Y,NA,A,07,0,0,1,0,0,0,0,0,0,-,-,34.02647018432617,-117.11988830566406,SAN BERNARDINO,YUCAIPA,-117.11988830566406,34.02647018432617
91931808,2022,2022-12-01,9850,2022-11-24,1735,022148,NA,4,2,9,3600,0,3,5,NA,2,003,DEEP CREEK RD,CASTLE ROCK RD,55,N,N,A,-,N,NA,NA,NA,NA,NA,NA,NA,NA,NA,N,3,0,1,2,A,-,11,21956,A,F,G,B,E,A,H,-,D,D,0,Y,NA,NA,NA,Y,NA,N,60,0,1,0,0,1,0,0,0,0,-,-,34.406158447265625,-117.22464752197266,SAN BERNARDINO,UNINCORPORATED,-117.2246322631836,34.40618133544922
9193202,2020,2021-01-30,3603,2020-11-13,1801,4861,CPD,5,5,4,3603,0,0,0,NA,0,002,N LA CADENA DR,W C ST,0,NA,Y,A,-,N,NA,NA,NA,NA,NA,NA,NA,NA,NA,Y,4,0,1,2,A,-,09,21801,A,N,A,C,A,-,H,-,C,A,0,NA,NA,NA,NA,Y,NA,A,07,0,0,1,0,0,0,0,0,0,-,-,34.07339859008789,-117.32295989990234,SAN BERNARDINO,COLTON,-117.3229522705078,34.07337951660156
9193245,2020,2021-02-08,3609,2020-11-06,1819,0456,RI184,5,5,5,3609,0,0,0,NA,0,002,SAN BERNARDINO,RIVERSIDE AV,260,W,N,A,-,N,NA,NA,NA,NA,NA,NA,NA,NA,NA,Y,4,0,1,2,A,-,21,22106,NA,N,D,C,A,B,H,-,C,A,0,NA,NA,NA,NA,Y,NA,A,01,0,0,1,0,0,0,0,0,0,-,-,34.07320022583008,-117.37419891357422,SAN BERNARDINO,RIALTO,-117.37115478515624,34.07773971557617
9193284,2020,2020-12-14,3609,2020-10-23,1745,02309,RI143,5,5,5,3609,0,0,0,NA,0,001,RIALTO AV,MAPLE AV,445,E,N,A,-,N,NA,NA,NA,NA,NA,NA,NA,NA,NA,Y,4,0,1,2,A,-,09,21804,NA,N,D,C,A,A,H,-,B,A,0,NA,NA,NA,NA,Y,NA,A,01,0,0,1,0,0,0,0,0,0,-,-,34.09989929199219,-117.4032974243164,SAN BERNARDINO,RIALTO,-117.40379333496094,34.099491119384766
91935578,2022,2022-12-06,9850,2022-11-25,1450,023006,NA,5,2,5,3612,0,1,1,NA,2,082,I-15 S/B,MAIN ST,10560,N,N,A,-,Y,SBD,NA,15,NA,NA,36.002,H,NA,L,Y,4,0,1,3,A,-,03,22350,NA,N,C,C,A,A,D,-,A,D,0,NA,NA,NA,NA,Y,NA,D,22,0,0,1,0,0,0,0,0,0,-,-,34.4510612487793,-117.3614501953125,SAN BERNARDINO,VICTORVILLE,-117.36150360107422,34.451087951660156
91935971,2022,2022-12-07,9860,2022-12-01,1740,021149,NA,4,2,6,3610,0,1,1,NA,2,216,I-215 N/B,MASSACHUSETTS AVE,270,S,N,B,-,Y,SBD,NA,215,NA,NA,8.971,H,NA,R,Y,4,0,1,2,A,-,03,22350,NA,N,C,C,A,A,H,-,C,D,0,NA,NA,NA,NA,Y,NA,A,01,0,0,1,0,0,0,0,0,0,-,-,34.13262176513672,-117.30753326416016,SAN BERNARDINO,SAN BERNARDINO,-117.3075714111328,34.13257598876953
91937448,2022,2022-12-08,9855,2022-03-06,0450,021978,NA,7,3,6,3604,0,1,1,NA,2,101,INTERSTATE 10 EASTBOUND (SAN BERNARDINO FREEWAY),CITRUS AVENUE,642,W,N,B,-,Y,SBD,NA,10,NA,NA,15.054,H,NA,R,Y,1,2,1,2,A,-,01,23152,A,F,C,C,A,A,H,-,D,D,0,NA,NA,NA,NA,Y,Y,A,01,0,1,0,0,0,0,0,0,0,-,-,34.066650390625,-117.45596313476563,SAN BERNARDINO,FONTANA,-117.45596313476563,34.06666564941406
9194069,2020,2021-02-12,3603,2020-12-05,2041,4735,CPD,6,5,4,3603,0,0,0,NA,0,002,LA CADENA DR,CITRUS ST,0,NA,Y,A,-,N,NA,NA,NA,NA,NA,NA,NA,NA,NA,Y,3,0,2,2,A,-,12,21453,A,N,A,C,A,A,H,-,C,A,0,NA,NA,NA,NA,Y,NA,A,01,0,2,0,0,0,0,0,0,0,-,-,34.08488082885742,-117.31401824951172,SAN BERNARDINO,COLTON,-117.3138427734375,34.084869384765625
91943343,2022,2022-12-15,9834,2022-12-11,1055,020488,NA,7,1,9,3600,0,1,2,NA,1,091,US-95,95 SBD 18.50,250,S,N,A,-,Y,SBD,NA,95,NA,NA,18.469,H,NA,R,Y,3,0,1,1,A,-,08,22107,NA,N,F,A,A,A,H,-,A,D,0,NA,NA,NA,NA,Y,NA,A,01,0,1,0,0,0,0,0,0,0,-,-,34.28071975708008,-114.65093994140624,SAN BERNARDINO,UNINCORPORATED,-114.65105438232422,34.280704498291016
9194774,2020,2021-02-10,3600,2020-12-01,1957,I2279,AP011,2,5,5,3621,0,0,0,NA,0,AP2,JOHNSON RD,NAVAJO RD,1341,W,N,A,-,N,NA,NA,NA,NA,NA,NA,NA,NA,NA,Y,4,0,1,3,A,-,09,21804,A,N,D,C,A,A,H,-,D,D,0,NA,NA,NA,Y,Y,NA,F,24,0,0,1,0,0,0,0,0,0,-,-,NA,NA,SAN BERNARDINO,APPLE VALLEY,-117.19373321533205,34.60089111328125
91948381,2022,2022-12-21,9850,2022-12-12,0650,019176,NA,1,1,5,3612,1,4,S,NA,2,901,AMARGOSA RD,ROY ROGERS DR,0,NA,Y,B,-,N,NA,NA,NA,NA,NA,NA,NA,NA,NA,Y,4,0,1,2,D,-,00,NA,NA,N,D,C,A,A,H,-,A,A,0,NA,NA,NA,NA,Y,NA,-,-,0,0,1,0,0,0,0,0,0,-,-,34.52138900756836,-117.3303680419922,SAN BERNARDINO,VICTORVILLE,-117.33029174804688,34.52144241333008
91948437,2022,2022-12-21,9850,2022-12-14,1405,021878,NA,3,2,9,3600,0,2,4,NA,2,066,PHELAN ROAD,CLOVIS ROAD,0,NA,Y,A,-,N,NA,NA,NA,NA,NA,NA,NA,NA,NA,Y,4,0,2,2,A,-,09,21802,A,N,D,C,A,A,H,-,A,A,0,NA,NA,NA,NA,Y,NA,A,01,0,0,2,0,0,0,0,0,0,-,-,34.42634963989258,-117.57470703125,SAN BERNARDINO,UNINCORPORATED,-117.57476806640624,34.42632293701172
9194935,2020,2021-01-14,3610,2020-11-14,0145,50839,NA,6,5,6,3610,0,0,0,NA,0,ADAM,W 5TH ST,GARNER AV,1794,W,N,A,-,N,NA,NA,NA,NA,NA,NA,NA,NA,NA,N,4,0,1,2,A,-,00,21955,I,N,G,B,D,-,H,-,-,A,0,Y,NA,NA,NA,Y,Y,N,60,0,0,1,0,1,0,0,0,0,-,-,34.108028411865234,-117.3123016357422,SAN BERNARDINO,SAN BERNARDINO,-117.3173370361328,34.108341217041016
91951299,2022,2022-12-23,9855,2022-12-14,1145,015299,NA,3,1,6,3607,0,1,1,NA,2,152,I-15 N/B TO I-10 W/B,I-15,1660,W,N,A,-,Y,SBD,NA,10,NA,NA,9.597,H,NA,L,N,4,0,1,2,A,-,03,22350,NA,N,C,C,A,A,H,-,A,D,0,NA,NA,NA,NA,Y,NA,A,01,0,0,1,0,0,0,0,0,0,-,-,34.067691802978516,-117.55084991455078,SAN BERNARDINO,ONTARIO,-117.55084991455078,34.06753158569336
9195152,2020,2021-01-05,3600,2020-10-18,0338,F6910,HI002,7,5,4,3618,0,0,0,NA,0,HI1,DEL ROSA DR,BASELINE ST,558,S,N,A,-,N,NA,NA,NA,NA,NA,NA,NA,NA,NA,Y,3,0,1,1,A,-,03,22350,A,N,E,I,A,A,G,-,C,D,0,NA,NA,NA,NA,Y,NA,A,01,0,1,0,0,0,0,0,0,0,-,-,34.11962127685547,-117.25247955322266,SAN BERNARDINO,HIGHLAND,-117.25251770019533,34.12131118774414
91952517,2022,2022-12-27,9860,2022-12-15,0608,020559,NA,4,1,9,3600,0,3,5,NA,2,001,GLEN HELEN PARKWAY,I-15 S/B TO GLEN HELEN PARKWAY,0,NA,Y,A,-,Y,SBD,NA,15,NA,NA,14.78,H,NA,L,Y,4,0,1,2,A,-,08,22100,B,N,A,C,A,A,H,-,C,A,0,NA,NA,NA,NA,Y,NA,D,22,0,0,1,0,0,0,0,0,0,-,-,34.20280075073242,-117.41590118408205,SAN BERNARDINO,UNINCORPORATED,-117.41564178466795,34.20269012451172
91953601,2022,2022-12-27,9850,2022-12-19,0115,017775,NA,1,3,9,3600,0,3,5,NA,2,002,ARROWHEAD LAKE ROAD,SR-173,3168,N,N,A,-,N,NA,NA,NA,NA,NA,NA,NA,NA,NA,Y,3,0,1,1,A,-,08,22107,NA,N,F,A,A,A,H,-,D,D,0,NA,NA,NA,NA,Y,NA,-,-,0,1,0,0,0,0,0,0,0,-,-,34.34362030029297,-117.25276947021484,SAN BERNARDINO,UNINCORPORATED,-117.25289916992188,34.34354019165039
91954693,2022,2022-12-28,9860,2022-12-19,1630,020282,NA,1,2,9,3600,0,3,5,NA,2,002,3RD AVE,JUNE ST,685,E,N,A,-,N,NA,NA,NA,NA,NA,NA,NA,NA,NA,N,3,0,1,2,A,-,01,23152,A,F,G,B,E,A,H,-,A,D,0,Y,NA,NA,NA,Y,Y,A,01,0,1,0,0,1,0,0,0,0,-,-,34.165069580078125,-117.34628295898438,SAN BERNARDINO,UNINCORPORATED,-117.34634399414063,34.16510009765625
91955656,2022,2022-12-29,9855,2022-12-21,1325,018313,NA,3,1,5,3602,0,1,3,NA,2,071,SR-71 S/B (CHINO FWY),CHINO HILLS PARKWAY,2600,N,N,A,-,Y,SBD,NA,71,NA,R,2.759,H,NA,L,Y,4,0,2,2,A,-,03,22350,NA,N,C,C,A,A,H,-,A,D,0,NA,NA,NA,NA,Y,NA,A,01,0,0,2,0,0,0,0,0,0,-,-,33.989479064941406,-117.71575164794922,SAN BERNARDINO,CHINO,-117.71554565429688,33.98961639404297
91957684,2022,2023-01-02,9860,2022-12-20,1720,022319,NA,2,2,4,3618,0,1,3,NA,2,330,SR-330 S/B,BOULDER AVE.,730,S,N,A,-,Y,SBD,NA,330,NA,R,29.142,H,NA,L,N,4,0,4,2,A,-,03,22350,NA,N,C,C,A,A,H,-,A,D,0,NA,NA,NA,NA,Y,NA,A,01,0,0,4,0,0,0,0,0,0,-,-,34.1320686340332,-117.19796752929688,SAN BERNARDINO,HIGHLAND,-117.19795989990234,34.13204574584961
91959049,2022,2023-01-03,9835,2022-12-27,1615,021824,NA,2,2,9,3600,0,1,1,NA,2,077,I-15 NB,NEVADA STATE LINE,8448,S,N,A,-,Y,SBD,NA,15,NA,NA,184.615,H,NA,R,Y,4,0,4,3,A,-,03,22350,NA,N,C,C,A,A,H,-,B,D,0,NA,NA,NA,NA,Y,NA,A,01,0,0,4,0,0,0,0,0,0,-,-,35.58496856689453,-115.40059661865234,SAN BERNARDINO,UNINCORPORATED,-115.40059661865234,35.58496856689453
91961104,2022,2023-01-05,9855,2022-12-27,0200,022584,NA,2,3,6,3616,0,1,1,NA,2,201,SR-210 E/B (FOOTHILL FWY),MILLIKEN AVENUE,2576,W,N,A,-,Y,SBD,NA,210,NA,NA,7.41,H,NA,R,Y,3,0,1,2,A,-,01,23152,A,N,C,C,A,A,H,-,C,D,0,NA,NA,NA,Y,Y,Y,A,01,0,1,0,0,0,0,0,0,0,-,-,34.13645935058594,-117.56726837158205,SAN BERNARDINO,RANCHO CUCAMONGA,-117.56727600097656,34.13650894165039
91962857,2022,2023-01-09,9860,2022-12-26,2023,019419,NA,1,2,9,3600,0,1,1,NA,2,152,I-15 S/B,SR-138,7392,N,N,A,-,Y,SBD,NA,15,NA,R,22.826,H,NA,L,N,4,0,1,3,A,-,03,22350,NA,N,C,C,A,A,H,-,D,D,0,NA,NA,NA,Y,Y,NA,F,55,0,0,1,0,0,0,0,0,0,-,-,34.33082962036133,-117.48245239257813,SAN BERNARDINO,UNINCORPORATED,-117.48247528076172,34.33082962036133
91963778,2022,2023-01-09,9855,2022-12-28,0344,018000,NA,3,3,6,3607,0,1,1,NA,2,103,I-10 E/B (SAN BERNARDINO FWY),ARCHIBALD AVENUE,4,E,N,B,-,Y,NA,NA,NA,NA,NA,NA,NA,NA,NA,Y,3,0,1,1,A,-,03,22350,NA,N,E,I,A,B,H,-,C,B,0,NA,NA,NA,NA,Y,NA,A,07,0,1,0,0,0,0,0,0,0,-,-,34.067291259765625,-117.59310150146484,SAN BERNARDINO,ONTARIO,-117.59310150146484,34.067562103271484
91963852,2022,2023-01-09,9855,2022-12-25,2353,021978,NA,7,3,6,3604,0,1,1,NA,2,153,I-15 N/B (ONTARIO FWY),BEECH AVENUE,1040,N,N,A,-,Y,SBD,NA,15,NA,NA,9.824,H,NA,R,Y,3,0,2,2,A,-,01,23152,A,N,C,C,A,A,H,-,D,D,0,NA,NA,NA,NA,Y,Y,A,01,0,1,1,0,0,0,0,0,0,-,-,34.15250015258789,-117.47618103027344,SAN BERNARDINO,FONTANA,-117.47618103027344,34.152503967285156
91964998,2023,2023-01-10,9835,2023-01-03,2300,022393,NA,2,3,3,3601,0,1,1,NA,2,041,I-40 E/B,MONTARA RD,205,W,N,A,-,Y,SBD,NA,40,NA,NA,0.791,H,NA,R,Y,2,0,2,1,A,-,08,22107,NA,N,E,8,A,A,H,-,D,D,0,NA,NA,NA,NA,Y,NA,D,22,1,1,0,0,0,0,0,0,0,-,-,34.88642120361328,-116.99403381347656,SAN BERNARDINO,BARSTOW,-116.99404144287108,34.8863639831543
91966415,2022,2023-01-12,9855,2022-12-26,0938,017704,NA,1,1,6,3604,0,1,1,NA,2,153,I-15 S/B (ONTARIO FWY),DUNCAN CANYON ROAD,1584,N,N,B,-,Y,SBD,NA,15,NA,NA,11.398,H,NA,L,N,4,0,2,2,A,-,08,22107,NA,N,B,C,A,A,H,-,A,D,0,NA,NA,NA,NA,Y,NA,-,-,0,0,2,0,0,0,0,0,0,-,-,34.16878128051758,-117.4570770263672,SAN BERNARDINO,FONTANA,-117.45708465576172,34.168785095214844
91966549,2023,2023-01-12,9834,2023-01-06,1925,016267,NA,5,2,9,3600,0,1,1,NA,2,042,I-40 W/B FROM MOUNTAIN SPRINGS RD,MOUNTAIN SPRINGS RD,60,W,N,A,-,Y,NA,NA,NA,NA,NA,NA,NA,NA,NA,Y,4,0,1,1,A,-,08,22107,NA,N,E,8,A,A,H,-,D,D,0,NA,NA,NA,Y,Y,NA,G,25,0,0,1,0,0,0,0,0,0,-,-,34.830989837646484,-115.05149841308594,SAN BERNARDINO,UNINCORPORATED,-115.05149841308594,34.830989837646484
91967222,2023,2023-01-12,9865,2023-01-03,1440,021841,NA,2,2,9,3600,0,1,3,NA,1,039,SR-38,BERNHARDT LANE,280,E,N,A,-,Y,SBD,NA,38,NA,NA,49.033,H,NA,R,Y,3,0,6,2,A,-,05,21460,A,N,B,C,A,C,H,-,A,D,0,NA,NA,NA,NA,Y,NA,A,07,0,3,3,0,0,0,0,0,0,-,-,34.26116180419922,-116.83685302734376,SAN BERNARDINO,UNINCORPORATED,-116.83685302734376,34.261207580566406
91969444,2022,2023-01-17,9855,2022-12-31,1350,023010,NA,6,1,5,3602,0,1,3,NA,2,603,SR-60 W/B (POMONA FWY),CENTRAL AVE,11000,E,N,B,-,Y,SBD,NA,60,NA,R,3.092,H,NA,L,N,3,0,1,1,A,-,03,22350,NA,N,E,I,A,B,H,-,A,D,0,NA,NA,NA,NA,Y,NA,A,01,0,1,0,0,0,0,0,0,0,-,-,34.03047180175781,-117.67678833007813,SAN BERNARDINO,CHINO,-117.67678833007813,34.03044891357422