CASE_ID,ACCIDENT_YEAR,PROC_DATE,JURIS,COLLISION_DATE,COLLISION_TIME,OFFICER_ID,REPORTING_DISTRICT,DAY_OF_WEEK,CHP_SHIFT,POPULATION,CNTY_CITY_LOC,SPECIAL_COND,BEAT_TYPE,CHP_BEAT_TYPE,CITY_DIVISION_LAPD,CHP_BEAT_CLASS,BEAT_NUMBER,PRIMARY_RD,SECONDARY_RD,DISTANCE,DIRECTION,INTERSECTION,WEATHER_1,WEATHER_2,STATE_HWY_IND,CALTRANS_COUNTY,CALTRANS_DISTRICT,STATE_ROUTE,ROUTE_SUFFIX,POSTMILE_PREFIX,POSTMILE,LOCATION_TYPE,RAMP_INTERSECTION,SIDE_OF_HWY,TOW_AWAY,COLLISION_SEVERITY,NUMBER_KILLED,NUMBER_INJURED,PARTY_COUNT,PRIMARY_COLL_FACTOR,PCF_CODE_OF_VIOL,PCF_VIOL_CATEGORY,PCF_VIOLATION,PCF_VIOL_SUBSECTION,HIT_AND_RUN,TYPE_OF_COLLISION,MVIW,PED_ACTION,ROAD_SURFACE,ROAD_COND_1,ROAD_COND_2,LIGHTING,CONTROL_DEVICE,CHP_ROAD_TYPE,PEDESTRIAN_ACCIDENT,BICYCLE_ACCIDENT,MOTORCYCLE_ACCIDENT,TRUCK_ACCIDENT,NOT_PRIVATE_PROPERTY,ALCOHOL_INVOLVED,STWD_VEHTYPE_AT_FAULT,CHP_VEHTYPE_AT_FAULT,COUNT_SEVERE_INJ,COUNT_VISIBLE_INJ,COUNT_COMPLAINT_PAIN,COUNT_PED_KILLED,COUNT_PED_INJURED,COUNT_BICYCLIST_KILLED,COUNT_BICYCLIST_INJURED,COUNT_MC_KILLED,COUNT_MC_INJURED,PRIMARY_RAMP,SECONDARY_RAMP,LATITUDE,LONGITUDE,COUNTY,CITY,POINT_X,POINT_Y
92034749,2023,2023-03-31,9860,2023-03-24,2158,022890,NA,5,2,9,3600,0,3,5,NA,2,001,GLEN HELEN PKWY,GLEN HELEN PARK RD,183,N,N,A,-,N,NA,NA,NA,NA,NA,NA,NA,NA,NA,N,4,0,2,2,A,-,03,22350,NA,F,C,2,A,A,H,-,D,D,0,NA,NA,NA,NA,Y,NA,-,99,0,0,2,0,0,0,0,0,0,-,-,34.21138000488281,-117.40641784667967,SAN BERNARDINO,UNINCORPORATED,-117.40924835205078,34.209022521972656
92035755,2022,2023-04-03,9855,2022-12-11,0521,023023,NA,7,3,5,3611,0,1,1,NA,2,203,SR-210 WESTBOUND (FOOTHILL FREEWAY),MOUNTAIN AVENUE,650,W,N,B,C,Y,SBD,NA,210,NA,NA,1.381,H,NA,L,Y,1,1,0,2,A,-,03,22350,NA,N,D,C,A,B,H,-,C,D,0,NA,NA,NA,NA,Y,NA,A,01,0,0,0,0,0,0,0,0,0,-,-,34.13475036621094,-117.67239379882813,SAN BERNARDINO,UPLAND,-117.67239379882813,34.134788513183594
9203599,2020,2021-02-11,3600,2020-12-14,1118,H5847,3600,1,5,5,3612,0,0,0,NA,0,VC03,EUCALYPTUS ST,TOPAZ RD,0,NA,Y,A,-,N,NA,NA,NA,NA,NA,NA,NA,NA,NA,Y,2,0,1,1,A,-,03,22350,NA,N,E,-,A,A,H,-,A,D,0,NA,NA,NA,NA,Y,NA,A,07,1,0,0,0,0,0,0,0,0,-,-,NA,NA,SAN BERNARDINO,VICTORVILLE,-117.38201904296876,34.455841064453125
92036774,2023,2023-04-04,9855,2023-03-25,700,019675,NA,6,1,6,3604,0,1,1,NA,2,101,I-10 W/B (SAN BERNARDINO FWY),CITRUS AVENUE,1065,E,N,A,-,Y,SBD,NA,10,NA,NA,15.4,H,NA,L,Y,3,0,1,2,A,-,03,22350,NA,N,C,C,A,A,H,-,A,D,0,NA,NA,NA,NA,Y,NA,D,22,0,1,0,0,0,0,0,0,0,-,-,34.066871643066406,-117.449951171875,SAN BERNARDINO,FONTANA,-117.44994354248048,34.06694412231445
92037314,2023,2023-04-05,9855,2023-03-22,148,018000,NA,3,3,6,3607,0,1,3,NA,2,601,SR-60 E/B (POMONA FWY),HAVEN AVE,1915,W,N,B,C,Y,SBD,NA,60,NA,R,8.519,H,NA,R,Y,4,0,1,2,A,-,03,22350,NA,N,C,C,A,B,H,-,C,D,0,NA,NA,NA,NA,Y,NA,A,01,0,0,1,0,0,0,0,0,0,-,-,34.030311584472656,-117.58222198486328,SAN BERNARDINO,ONTARIO,-117.58221435546876,34.03033447265625
9203959,2020,2021-02-09,3609,2020-11-02,1949,0456,R1151,1,5,5,3609,0,0,0,NA,0,004,RANDALL ST,RIVERSIDE AV,0,NA,Y,A,G,N,NA,NA,NA,NA,NA,NA,NA,NA,NA,Y,3,0,1,1,A,-,03,22350,NA,N,F,A,A,A,H,-,C,A,0,NA,NA,Y,NA,Y,NA,C,02,0,1,0,0,0,0,0,0,1,-,-,34.080501556396484,-117.37020111083984,SAN BERNARDINO,RIALTO,-117.37033081054688,34.08498001098633
92039844,2023,2023-04-07,9865,2023-04-01,1743,021840,NA,6,2,9,3600,0,1,3,NA,2,032,SR-18,SR-38,12672,S,N,A,-,Y,SBD,NA,18,NA,NA,41.785,H,NA,R,N,4,0,4,2,A,-,03,22350,NA,N,A,C,A,B,H,-,A,D,0,NA,NA,NA,NA,Y,NA,A,01,0,0,4,0,0,0,0,0,0,-,-,34.248748779296875,-117.010009765625,SAN BERNARDINO,UNINCORPORATED,-117.010009765625,34.248756408691406
9204015,2020,2021-02-11,3600,2020-12-05,1951,G4510,HI025,6,5,4,3618,0,0,0,NA,0,HI3,WEAVER ST,CLEAR VIEW LN,0,NA,Y,A,-,N,NA,NA,NA,NA,NA,NA,NA,NA,NA,N,4,0,1,2,A,-,09,21801,A,N,D,G,A,A,H,-,C,A,0,NA,Y,NA,NA,Y,NA,A,01,0,0,1,0,0,0,1,0,0,-,-,34.12184143066406,-117.16081237792967,SAN BERNARDINO,HIGHLAND,-117.16072845458984,34.12179946899414
92040817,2023,2023-04-10,9855,2023-04-01,1135,018335,NA,6,1,6,3607,0,1,1,NA,2,103,I-10 W/B (SAN BERNARDINO FWY),GROVE AVENUE,223,W,N,A,-,Y,SBD,NA,10,NA,NA,4.837,H,NA,L,Y,4,0,2,3,A,-,03,22350,NA,N,C,C,A,A,D,-,A,D,0,NA,NA,NA,NA,Y,NA,A,01,0,0,2,0,0,0,0,0,0,-,-,34.08116149902344,-117.62930297851563,SAN BERNARDINO,ONTARIO,-117.62928009033205,34.0811882019043
92041134,2023,2023-04-10,9860,2023-03-28,1525,020533,NA,2,2,5,3609,0,1,1,NA,2,102,I-10 W/B,RIVERSIDE AVE,880,W,N,A,-,Y,SBD,NA,10,NA,NA,19.796,H,NA,L,N,3,0,1,3,A,-,03,22350,NA,N,C,C,A,A,H,-,A,D,0,NA,NA,NA,NA,Y,NA,D,22,0,1,0,0,0,0,0,0,0,-,-,34.06867980957031,-117.3734130859375,SAN BERNARDINO,RIALTO,-117.3734130859375,34.06875991821289
92041315,2023,2023-04-10,9860,2023-04-10,950,020654,NA,1,1,3,3690,0,1,1,NA,2,214,I-215 S/B,IOWA AVE,1584,N,N,A,-,Y,SBD,NA,215,NA,NA,0.688,H,NA,L,N,4,0,1,2,A,-,03,22350,NA,N,C,C,A,A,H,-,A,D,0,NA,NA,NA,NA,Y,NA,A,01,0,0,1,0,0,0,0,0,0,-,-,34.02737045288086,-117.33242797851563,SAN BERNARDINO,GRAND TERRACE,-117.33242797851563,34.02737045288086
92041402,2023,2023-04-10,9870,2023-04-07,1730,021782,NA,5,2,9,3600,0,2,4,NA,2,042,AMBOY RD,GODWIN RD,0,NA,Y,A,-,N,NA,NA,NA,NA,NA,NA,NA,NA,NA,Y,4,0,3,2,A,-,09,21802,A,N,D,C,A,A,H,-,A,A,0,NA,NA,NA,NA,Y,NA,A,01,0,0,3,0,0,0,0,0,0,-,-,34.16569900512695,-115.93129730224608,SAN BERNARDINO,UNINCORPORATED,-115.93132019042967,34.16571044921875
92042246,2023,2023-04-11,9850,2023-04-03,2245,022148,NA,1,3,5,3612,0,1,1,NA,2,082,I-15 S/B,BEAR VALLEY RD,4224,S,N,A,G,Y,SBD,NA,15,NA,NA,36.766,H,NA,L,Y,3,0,1,1,A,-,01,23152,A,N,E,8,A,A,D,-,D,D,0,NA,NA,NA,NA,Y,Y,A,01,0,1,0,0,0,0,0,0,0,-,-,34.46044158935547,-117.35433197021484,SAN BERNARDINO,VICTORVILLE,-117.3542251586914,34.460384368896484
92044005,2022,2023-04-13,9855,2022-10-15,0322,018000,NA,6,3,6,3607,0,1,3,NA,2,601,SR-60 EASTBOUND (POMONA FWY),GROVE AVENUE,951,W,N,B,C,Y,SBD,NA,60,NA,R,5.673,H,NA,R,Y,1,1,0,2,A,-,01,23152,A,N,C,E,A,B,H,-,C,D,0,NA,NA,NA,Y,Y,Y,-,-,0,0,0,0,0,0,0,0,0,-,-,34.030181884765625,-117.63185119628906,SAN BERNARDINO,ONTARIO,-117.63185119628906,34.030391693115234
92046433,2023,2023-04-17,9835,2023-04-09,858,023120,NA,7,1,9,3600,0,3,5,NA,2,032,TWENTY MULE TEAM ROAD,AMARILLO RD,20,W,N,A,-,N,NA,NA,NA,NA,NA,NA,NA,NA,NA,Y,3,0,1,1,A,-,08,22107,NA,N,E,7,A,A,H,-,A,D,0,NA,NA,NA,NA,Y,NA,A,01,0,1,0,0,0,0,0,0,0,-,-,34.9976692199707,-117.61508941650392,SAN BERNARDINO,UNINCORPORATED,NA,NA
92049435,2023,2023-04-20,9860,2023-04-09,2350,021169,NA,7,3,6,3610,0,1,1,NA,2,216,I-215 N/B,PALM AVE,2112,N,N,A,-,Y,SBD,NA,215,NA,NA,14.511,H,NA,R,Y,3,0,1,1,A,-,08,22107,NA,N,E,I,A,A,H,-,D,D,0,NA,NA,NA,NA,Y,NA,A,01,0,1,0,0,0,0,0,0,0,-,-,34.19506072998047,-117.36662292480467,SAN BERNARDINO,SAN BERNARDINO,-117.36663055419922,34.19505310058594
92049471,2023,2023-04-20,9860,2023-04-10,730,020856,NA,1,1,9,3600,0,1,3,NA,1,012,SR-138,LONE PINE CANYON RD,450,E,N,A,-,Y,SBD,NA,138,NA,NA,14.06,H,NA,R,Y,4,0,2,3,A,-,03,22350,NA,N,C,C,A,A,H,-,A,D,0,NA,NA,NA,NA,Y,NA,A,01,0,0,2,0,0,0,0,0,0,-,-,34.315391540527344,-117.4941177368164,SAN BERNARDINO,UNINCORPORATED,-117.4940948486328,34.315452575683594
92050988,2023,2023-04-24,9860,2023-04-18,1810,020533,NA,2,2,9,3600,0,3,5,NA,2,004,ALDER AVE,SLOVER AVE,0,NA,Y,B,-,N,NA,NA,NA,NA,NA,NA,NA,NA,NA,N,4,0,2,2,A,-,09,21802,A,N,D,C,A,A,H,-,A,A,0,NA,NA,NA,NA,Y,NA,A,01,0,0,2,0,0,0,0,0,0,-,-,34.063079833984375,-117.41819763183594,SAN BERNARDINO,UNINCORPORATED,-117.4182357788086,34.0631103515625
92050996,2023,2023-04-24,9860,2023-04-13,1035,019495,NA,4,1,9,3600,0,1,3,NA,1,012,SR-138,LONE PINE CANYON RD,950,W,N,B,-,Y,SBD,NA,138,NA,NA,13.782,H,NA,R,Y,4,0,1,1,A,-,08,22107,NA,N,E,I,A,A,H,-,A,D,0,NA,NA,NA,NA,Y,NA,D,22,0,0,1,0,0,0,0,0,0,-,-,34.316680908203125,-117.49871063232422,SAN BERNARDINO,UNINCORPORATED,-117.4986572265625,34.31679916381836
92051187,2023,2023-04-24,9860,2023-04-15,1045,019495,NA,6,1,9,3600,0,1,1,NA,2,151,I-15 S/B,CLEGHORN RD,4,S,N,A,-,Y,SBD,NA,15,NA,R,20.022,H,NA,L,N,4,0,1,2,A,-,07,21658,A,F,B,C,A,A,H,-,A,D,0,NA,NA,Y,NA,Y,NA,A,01,0,0,1,0,0,0,0,0,1,-,-,34.29882049560547,-117.45780181884766,SAN BERNARDINO,UNINCORPORATED,-117.45779418945313,34.29882049560547
92051420,2023,2023-04-24,9855,2023-04-08,1240,017781,NA,6,1,6,3607,0,1,1,NA,2,152,I-15 S/B (ONTARIO FWY),PHILADELPHIA ST.,850,N,N,A,-,Y,SBD,NA,15,NA,NA,0.165,H,NA,L,N,4,0,1,2,A,-,03,22350,NA,N,C,C,A,A,H,-,A,D,0,NA,NA,NA,Y,Y,NA,G,25,0,0,1,0,0,0,0,0,0,-,-,34.035858154296875,-117.55052947998048,SAN BERNARDINO,ONTARIO,-117.55044555664063,34.035858154296875
92052130,2023,2023-04-24,9855,2023-04-16,1125,018335,NA,7,1,9,3600,0,3,5,NA,2,001,MERRILL AVENUE,BEECH AVENUE,0,NA,Y,A,-,N,NA,NA,NA,NA,NA,NA,NA,NA,NA,Y,3,0,1,2,A,-,12,22450,A,N,D,C,A,A,H,-,A,A,0,NA,NA,NA,NA,Y,NA,A,07,0,1,0,0,0,0,0,0,0,-,-,34.092041015625,-117.47113037109376,SAN BERNARDINO,UNINCORPORATED,-117.47116088867188,34.092018127441406
92052167,2023,2023-04-24,9855,2023-04-16,1605,023007,NA,7,2,6,3607,0,1,3,NA,2,601,SR-60 E/B (POMONA FWY),GROVE AVENUE,255,E,N,A,-,Y,SBD,NA,60,NA,R,5.922,H,NA,R,Y,3,0,2,2,A,-,03,22350,NA,N,C,C,A,A,H,-,A,D,0,NA,NA,NA,NA,Y,NA,A,01,0,1,1,0,0,0,0,0,0,-,-,34.030391693115234,-117.62744903564452,SAN BERNARDINO,ONTARIO,-117.62744903564452,34.030391693115234
92052564,2022,2023-04-25,9835,2022-12-27,2205,022218,NA,2,3,9,3600,0,3,5,NA,2,034,DAGGET-YERMO RD,AGATE RD,1901,S,N,C,-,N,NA,NA,NA,NA,NA,NA,NA,NA,NA,Y,1,1,1,1,A,-,03,22350,NA,N,E,I,A,B,H,-,D,D,0,NA,NA,NA,NA,Y,NA,A,01,0,1,0,0,0,0,0,0,0,-,-,34.87615966796875,-116.88899993896484,SAN BERNARDINO,UNINCORPORATED,-116.88873291015624,34.87653350830078
92052643,2023,2023-04-25,9860,2023-04-17,2200,022583,NA,1,3,4,3618,0,1,1,NA,2,202,SR-210 W/B,VICTORIA AVE,739,W,N,A,-,Y,SBD,NA,210,NA,R,27.258,H,NA,L,Y,3,0,1,2,A,-,01,23152,G,N,C,E,A,A,D,E,C,A,0,NA,NA,NA,Y,Y,Y,A,01,0,1,0,0,0,0,0,0,0,-,-,34.133018493652344,-117.2285614013672,SAN BERNARDINO,HIGHLAND,-117.22858428955078,34.13298034667969
92053139,2023,2023-04-25,9855,2023-04-16,515,021233,NA,7,3,6,3616,0,1,1,NA,2,201,SR-210 E/B (FOOTHILL FWY),DAY CREEK BLVD,50,W,N,A,-,Y,SBD,NA,210,NA,NA,9.161,H,NA,R,N,4,0,1,2,A,-,01,23152,A,N,C,C,A,A,H,-,D,D,0,NA,NA,NA,NA,Y,Y,A,01,0,0,1,0,0,0,0,0,0,-,-,34.13631057739258,-117.53672027587892,SAN BERNARDINO,RANCHO CUCAMONGA,-117.53672027587892,34.136383056640625
92053750,2023,2023-04-26,9860,2023-04-17,1030,014963,NA,1,1,9,3600,0,1,1,NA,2,102,I-10 E/B TO CEDAR AVENUE,CEDAR AVE.,898,W,N,A,-,Y,SBD,NA,10,NA,R,18.301,H,NA,R,Y,4,0,1,1,A,-,08,22107,NA,N,E,I,A,A,H,-,A,D,0,NA,NA,NA,NA,Y,NA,A,01,0,0,1,0,0,0,0,0,0,-,-,34.06789016723633,-117.39942932128906,SAN BERNARDINO,UNINCORPORATED,-117.3994598388672,34.068145751953125
9205630,2020,2021-02-02,3605,2020-11-30,1804,394,NA,1,5,4,3605,0,0,0,NA,0,NA,STATE ST,GREENWOOD AV,0,NA,Y,A,-,N,NA,NA,NA,NA,NA,NA,NA,NA,NA,Y,3,0,2,2,A,-,09,21801,NA,N,D,C,A,A,H,-,C,A,0,NA,NA,NA,NA,Y,NA,A,01,0,1,1,0,0,0,0,0,0,-,-,NA,NA,SAN BERNARDINO,MONTCLAIR,-117.699725,34.059722
92057612,2023,2023-05-01,9860,2023-04-24,1325,019419,NA,1,1,9,3600,0,1,3,NA,1,010,SR-138,WAGON TRAIN RD,6864,E,N,A,-,Y,SBD,NA,138,NA,NA,16.938,H,NA,R,N,3,0,1,1,A,-,03,22350,NA,N,F,A,A,A,H,-,A,D,0,NA,NA,Y,NA,Y,NA,C,02,0,1,0,0,0,0,0,0,1,-,-,34.3241081237793,-117.45668792724608,SAN BERNARDINO,UNINCORPORATED,-117.45668029785156,34.32408142089844
92059419,2023,2023-05-02,9855,2023-04-26,2010,021006,NA,3,2,6,3604,0,1,1,NA,2,153,I-15 N/B (ONTARIO FWY) TO SR-210 E/B,CHERRY AVE.,600,E,N,A,-,Y,NA,NA,NA,NA,NA,NA,NA,NA,NA,Y,4,0,1,2,A,-,03,22350,NA,N,C,C,A,A,H,-,C,D,0,NA,NA,NA,NA,Y,NA,A,01,0,0,1,0,0,0,0,0,0,-,-,34.135520935058594,-117.48621368408205,SAN BERNARDINO,FONTANA,-117.48699188232422,34.14352035522461
92060215,2023,2023-05-03,9835,2023-04-24,459,019989,NA,1,3,9,3600,0,1,1,NA,2,075,I-15 N/B,15 SBD 145.00,1901,N,N,A,-,Y,SBD,NA,15,NA,NA,145.355,H,NA,R,Y,2,0,2,1,A,-,08,22107,NA,N,E,I,A,A,H,-,D,D,0,NA,NA,NA,NA,Y,NA,A,07,1,1,0,0,0,0,0,0,0,-,-,35.341548919677734,-115.95404815673828,SAN BERNARDINO,UNINCORPORATED,-115.95409393310548,35.34159851074219
92061311,2023,2023-05-04,9860,2023-04-23,1020,021980,NA,7,1,6,3610,0,1,1,NA,2,216,I-215 S/B,UNIVERSITY PKY,2112,S,N,A,-,Y,SBD,NA,215,NA,NA,10.776,H,NA,L,N,4,0,1,3,A,-,17,23114,A,F,B,C,A,A,H,-,A,D,0,NA,NA,Y,NA,Y,NA,D,22,0,0,1,0,0,0,0,0,1,-,-,34.15388870239258,-117.32508087158205,SAN BERNARDINO,SAN BERNARDINO,-117.32501983642578,34.15391540527344
92061369,2023,2023-05-04,9855,2023-05-03,1537,021156,NA,3,2,4,3605,0,1,1,NA,2,103,I-10 W/B CROSSOVER LANES,CENTRAL AVE.,300,W,N,A,-,Y,SBD,NA,10,NA,NA,1.202,H,NA,L,N,3,0,2,3,A,-,03,22350,NA,N,C,C,A,A,D,-,A,D,0,NA,NA,NA,NA,Y,NA,A,01,0,1,1,0,0,0,0,0,0,-,-,34.08523178100586,-117.69022369384766,SAN BERNARDINO,MONTCLAIR,-117.69027709960938,34.0853157043457
92063579,2023,2023-05-08,9850,2023-05-02,430,017775,NA,2,3,5,3619,0,1,1,NA,2,082,I-15 SB,MAIN ST,2640,S,N,A,-,Y,SBD,NA,15,NA,NA,33.498,H,NA,L,Y,4,0,1,4,A,-,07,21658,A,N,B,C,A,A,H,-,D,D,0,NA,NA,NA,Y,Y,NA,G,25,0,0,1,0,0,0,0,0,0,-,-,34.42063903808594,-117.38533020019533,SAN BERNARDINO,HESPERIA,-117.38531494140624,34.42063522338867
92064369,2023,2023-05-09,9860,2023-04-26,1520,021638,NA,3,2,6,3610,0,1,1,NA,2,218,I-215 N/B,ORANGE SHOW RD,1470,N,N,A,-,Y,SBD,NA,215,NA,NA,4.737,H,NA,R,N,3,0,1,1,A,-,03,22350,NA,N,F,I,A,A,H,-,A,D,0,NA,NA,Y,NA,Y,NA,C,02,0,1,0,0,0,0,0,0,1,-,-,34.074058532714844,-117.29544830322266,SAN BERNARDINO,SAN BERNARDINO,-117.29540252685548,34.074058532714844
92065931,2023,2023-05-10,9855,2023-04-29,220,022607,NA,6,3,6,3604,0,1,1,NA,2,101,I-10 E/B (SAN BERNARDINO FWY),E/B I-10 TO VALLEY BLVD.,408,W,N,A,-,Y,SBD,NA,10,NA,NA,11.451,H,NA,R,Y,2,0,1,1,A,-,01,23152,A,N,E,J,A,A,H,-,D,D,0,NA,NA,NA,NA,Y,Y,A,01,1,0,0,0,0,0,0,0,0,-,-,34.06745147705078,-117.51846313476563,SAN BERNARDINO,FONTANA,-117.51846313476563,34.06752395629883
9206855,2020,2021-01-23,3608,2020-11-28,1808,3461,NA,6,5,5,3608,0,0,0,NA,0,NA,SAN BERNARDINO AV,CALIFORNIA ST,288,W,N,A,-,N,NA,NA,NA,NA,NA,NA,NA,NA,NA,Y,3,0,2,2,A,-,09,21804,A,N,D,C,A,A,H,-,C,A,0,NA,NA,NA,NA,Y,NA,A,01,0,1,1,0,0,0,0,0,0,-,-,NA,NA,SAN BERNARDINO,REDLANDS,-117.22713470458984,34.077598571777344
9206858,2020,2021-01-23,3608,2020-11-27,1105,4027,NA,5,5,5,3608,0,0,0,NA,0,NA,EAST CITRUS AV,JUDSON ST,385,W,N,A,-,N,NA,NA,NA,NA,NA,NA,NA,NA,NA,Y,3,0,1,3,-,-,-,NA,NA,N,D,E,A,A,H,-,A,A,0,NA,NA,NA,NA,Y,NA,-,-,0,1,0,0,0,0,0,0,0,-,-,NA,NA,SAN BERNARDINO,REDLANDS,-117.1576690673828,34.055599212646484
9207040,2020,2021-03-04,3600,2020-12-02,1705,G6188,BL213,3,5,2,3680,0,0,0,NA,0,BL2,MONTEREY ST,SILVER TIP DR,0,NA,Y,A,-,N,NA,NA,NA,NA,NA,NA,NA,NA,NA,N,4,0,1,2,A,-,09,21800,A,N,D,C,A,A,H,-,C,A,0,NA,NA,NA,NA,Y,NA,D,22,0,0,1,0,0,0,0,0,0,-,-,NA,NA,SAN BERNARDINO,BIG BEAR LAKE,-116.86459350585938,34.240699768066406
92070843,2023,2023-05-17,9835,2023-05-13,35,022379,NA,6,3,9,3600,0,1,1,NA,2,074,I-15 N/B,ZZYZX RD,6336,S,N,A,-,Y,SBD,NA,15,NA,R,128.894,H,NA,R,Y,3,0,1,2,A,-,08,22107,NA,N,B,C,A,A,H,-,D,D,0,NA,NA,NA,Y,Y,NA,A,01,0,1,0,0,0,0,0,0,0,-,-,35.18785095214844,-116.16088104248048,SAN BERNARDINO,UNINCORPORATED,-116.16087341308594,35.18784713745117
92074208,2023,2023-05-22,9855,2023-05-10,1710,021006,NA,3,2,6,3607,0,1,3,NA,2,601,SR-60 W/B FROM MILLIKEN AVE.,MILLIKEN AVE.,1700,W,N,B,-,Y,SBD,NA,60,NA,R,9.658,H,NA,L,Y,3,0,1,1,A,-,03,22350,NA,N,F,A,A,A,H,-,A,D,0,NA,NA,Y,NA,Y,NA,C,02,0,1,0,0,0,0,0,0,1,-,-,34.02565002441406,-117.5632781982422,SAN BERNARDINO,ONTARIO,-117.56331634521484,34.02555465698242
92074709,2023,2023-05-22,9860,2023-05-15,1835,022875,NA,1,2,9,3600,0,3,5,NA,2,004,MARYGOLD AVE,WILLAMS AVE,110,E,N,A,-,N,NA,NA,NA,NA,NA,NA,NA,NA,NA,Y,2,0,1,1,A,-,08,22107,NA,N,E,I,A,A,H,-,A,D,0,NA,NA,NA,NA,Y,NA,A,01,1,0,0,0,0,0,0,0,0,-,-,34.074039459228516,-117.4070281982422,SAN BERNARDINO,UNINCORPORATED,-117.40644073486328,34.07405090332031
92075485,2023,2023-05-23,9835,2023-04-22,547,022341,NA,6,3,9,3600,0,1,1,NA,2,043,I-40 W/B,NEWBERRY RD,158,W,N,A,-,Y,SBD,NA,40,NA,R,20.147,H,NA,L,Y,1,1,1,1,A,-,08,22107,NA,N,E,I,A,A,H,-,B,D,0,NA,NA,NA,NA,Y,NA,D,22,1,0,0,0,0,0,0,0,0,-,-,34.826560974121094,-116.66490936279295,SAN BERNARDINO,UNINCORPORATED,-116.66497039794922,34.82633972167969
92075630,2023,2023-05-23,9855,2023-05-16,1528,021006,NA,2,2,5,3611,0,1,1,NA,2,203,SR-210 E/B (FOOTHILL FWY),BENSON AVENUE,2100,W,N,A,-,Y,SBD,NA,210,NA,NA,0.37,H,NA,R,Y,3,0,1,2,A,-,07,21658,A,N,B,2,A,A,H,-,A,D,0,NA,NA,Y,NA,Y,NA,A,07,0,1,0,0,0,0,0,0,1,-,-,34.12773132324219,-117.68757629394533,SAN BERNARDINO,UPLAND,-117.68756866455078,34.12771987915039
92081264,2023,2023-05-30,9855,2023-05-26,1612,023027,NA,5,2,5,3611,0,1,1,NA,2,103,I-10 E/B (SAN BERNARDINO FWY),MOUNTAIN AVE,2300,E,N,A,-,Y,SBD,NA,10,NA,NA,2.787,H,NA,R,N,3,0,2,2,A,-,03,22350,NA,N,C,C,A,A,H,-,A,D,0,NA,NA,NA,NA,Y,NA,A,01,0,1,1,0,0,0,0,0,0,-,-,34.08726119995117,-117.6630630493164,SAN BERNARDINO,UPLAND,-117.6630630493164,34.08723449707031
92081687,2023,2023-05-30,9835,2023-05-21,2305,022218,NA,7,3,9,3600,0,1,1,NA,2,047,WESTBOUND INTERSTATE 40,CRUCERO RD,37066,E,N,A,-,Y,SBD,NA,40,NA,R,57.037,H,NA,L,Y,2,0,1,1,A,-,08,22107,NA,N,F,A,A,A,H,-,D,D,0,NA,NA,NA,NA,Y,NA,A,01,1,0,0,0,0,0,0,0,0,-,-,34.71617889404297,-116.04244232177734,SAN BERNARDINO,UNINCORPORATED,-116.04242706298828,34.716060638427734
92083578,2023,2023-06-01,9855,2023-05-30,1430,021156,NA,2,2,6,3607,0,1,1,NA,2,103,I-10 E/B TO EUCLID AVE.,EUCLID AVE.,500,W,N,A,-,Y,SBD,NA,10,NA,NA,3.341,H,NA,R,N,4,0,1,2,A,-,03,22350,NA,N,C,C,A,A,D,-,A,D,0,NA,NA,NA,NA,Y,NA,A,01,0,0,1,0,0,0,0,0,0,-,-,34.08707046508789,-117.65335845947266,SAN BERNARDINO,ONTARIO,-117.6533660888672,34.08726501464844
9208425,2020,2021-02-02,3611,2020-11-23,0632,626,3611,1,5,5,3611,0,0,0,NA,0,001,FOOTHILL BL,BENSON AV,600,W,N,A,-,N,NA,NA,NA,NA,NA,NA,NA,NA,NA,Y,4,0,1,2,D,-,00,NA,NA,N,B,C,A,A,H,-,A,A,0,NA,NA,NA,NA,Y,NA,-,-,0,0,1,0,0,0,0,0,0,-,-,NA,NA,SAN BERNARDINO,UPLAND,-117.68282318115234,34.10686492919922
92085473,2023,2023-06-05,9860,2023-05-25,1035,021980,NA,4,1,9,3600,0,1,1,NA,2,102,I-10 E/B,SIERRA AVE,4224,E,N,A,-,Y,SBD,NA,10,NA,NA,17.122,H,NA,R,N,4,0,1,2,A,-,07,21658,A,N,B,C,A,A,H,-,A,D,0,NA,NA,NA,NA,Y,NA,A,01,0,0,1,0,0,0,0,0,0,-,-,34.06742858886719,-117.42008972167967,SAN BERNARDINO,UNINCORPORATED,-117.42008972167967,34.06736373901367