CASE_ID,ACCIDENT_YEAR,PROC_DATE,JURIS,COLLISION_DATE,COLLISION_TIME,OFFICER_ID,REPORTING_DISTRICT,DAY_OF_WEEK,CHP_SHIFT,POPULATION,CNTY_CITY_LOC,SPECIAL_COND,BEAT_TYPE,CHP_BEAT_TYPE,CITY_DIVISION_LAPD,CHP_BEAT_CLASS,BEAT_NUMBER,PRIMARY_RD,SECONDARY_RD,DISTANCE,DIRECTION,INTERSECTION,WEATHER_1,WEATHER_2,STATE_HWY_IND,CALTRANS_COUNTY,CALTRANS_DISTRICT,STATE_ROUTE,ROUTE_SUFFIX,POSTMILE_PREFIX,POSTMILE,LOCATION_TYPE,RAMP_INTERSECTION,SIDE_OF_HWY,TOW_AWAY,COLLISION_SEVERITY,NUMBER_KILLED,NUMBER_INJURED,PARTY_COUNT,PRIMARY_COLL_FACTOR,PCF_CODE_OF_VIOL,PCF_VIOL_CATEGORY,PCF_VIOLATION,PCF_VIOL_SUBSECTION,HIT_AND_RUN,TYPE_OF_COLLISION,MVIW,PED_ACTION,ROAD_SURFACE,ROAD_COND_1,ROAD_COND_2,LIGHTING,CONTROL_DEVICE,CHP_ROAD_TYPE,PEDESTRIAN_ACCIDENT,BICYCLE_ACCIDENT,MOTORCYCLE_ACCIDENT,TRUCK_ACCIDENT,NOT_PRIVATE_PROPERTY,ALCOHOL_INVOLVED,STWD_VEHTYPE_AT_FAULT,CHP_VEHTYPE_AT_FAULT,COUNT_SEVERE_INJ,COUNT_VISIBLE_INJ,COUNT_COMPLAINT_PAIN,COUNT_PED_KILLED,COUNT_PED_INJURED,COUNT_BICYCLIST_KILLED,COUNT_BICYCLIST_INJURED,COUNT_MC_KILLED,COUNT_MC_INJURED,PRIMARY_RAMP,SECONDARY_RAMP,LATITUDE,LONGITUDE,COUNTY,CITY,POINT_X,POINT_Y
92136327,2023,2023-08-04,9850,2023-07-27,1530,021342,NA,4,2,9,3600,0,3,5,NA,2,005,DUNCAN RD,BALDY MESA RD,180,W,N,A,-,N,NA,NA,NA,NA,NA,NA,NA,NA,NA,Y,4,0,1,1,C,-,18,NA,NA,N,E,8,A,A,H,-,A,D,0,NA,NA,NA,NA,Y,NA,-,-,0,0,1,0,0,0,0,0,0,-,-,34.4700813293457,-117.45173645019533,SAN BERNARDINO,UNINCORPORATED,-117.4516143798828,34.47018814086914
92136433,2023,2023-08-04,9835,2023-07-31,830,019189,NA,1,1,9,3600,0,1,2,NA,1,014,US-395,KRAMER STATION RD,1373,S,N,A,-,Y,SBD,NA,395,NA,NA,62.708,H,NA,R,Y,2,0,2,1,A,-,05,21460,C,N,E,I,A,A,H,-,A,A,0,NA,NA,NA,NA,Y,NA,D,22,2,0,0,0,0,0,0,0,0,-,-,35.228660583496094,-117.60765075683594,SAN BERNARDINO,UNINCORPORATED,-117.60752868652344,35.22868347167969
92136596,2023,2023-08-07,9860,2023-08-01,1515,022843,NA,2,2,6,3610,0,1,1,NA,2,103,I-10 W/B,I-215,3696,E,N,A,-,Y,SBD,NA,10,NA,NA,24.936,H,NA,L,Y,4,0,1,2,A,-,03,22350,NA,N,C,C,A,A,H,-,A,D,0,NA,NA,NA,NA,Y,NA,A,07,0,0,1,0,0,0,0,0,0,-,-,34.064029693603516,-117.28463745117188,SAN BERNARDINO,SAN BERNARDINO,-117.28462982177734,34.06395721435547
92137738,2023,2023-08-07,9855,2023-07-28,250,021403,NA,5,3,4,3605,0,1,1,NA,2,103,I-10 W/B (SAN BERNARDINO FWY),CENTRAL AVE.,130,W,N,A,-,Y,NA,NA,NA,NA,NA,NA,NA,NA,NA,Y,4,0,1,1,A,-,01,23152,A,N,E,J,A,A,D,-,D,D,0,NA,NA,NA,NA,Y,Y,A,07,0,0,1,0,0,0,0,0,0,-,-,34.08580017089844,-117.6902313232422,SAN BERNARDINO,MONTCLAIR,-117.69005584716795,34.08541488647461
92137763,2023,2023-08-07,9855,2023-07-30,2121,023023,NA,7,2,6,3607,0,1,3,NA,2,601,SR-60 E/B (POMONA FWY),MILLIKEN AVENUE,1500,W,N,A,-,Y,SBD,NA,60,NA,R,9.666,H,NA,R,Y,3,0,2,1,A,-,08,22107,NA,N,E,I,A,A,H,-,C,D,0,NA,NA,NA,NA,Y,NA,A,01,0,1,1,0,0,0,0,0,0,-,-,34.0252799987793,-117.5631866455078,SAN BERNARDINO,ONTARIO,-117.5631866455078,34.025299072265625
92137859,2023,2023-08-07,9855,2023-07-26,2035,022474,NA,3,2,6,3607,0,1,1,NA,2,101,I-10 E/B (SAN BERNARDINO FWY),I-15 (ONTARIO FREEWAY),500,W,N,A,-,Y,SBD,NA,10,NA,NA,9.829,H,NA,R,N,4,0,1,2,A,-,17,23114,A,F,E,J,A,A,D,-,C,D,0,NA,NA,NA,NA,Y,NA,-,99,0,0,1,0,0,0,0,0,0,-,-,34.06734848022461,-117.54679870605467,SAN BERNARDINO,ONTARIO,-117.54679870605467,34.067352294921875
92138705,2023,2023-08-08,9860,2023-08-06,151,022539,NA,7,3,5,3609,0,1,1,NA,2,102,I-10 W/B,RIVERSIDE AVE,2112,E,N,A,-,Y,SBD,NA,10,NA,NA,20.539,H,NA,L,Y,3,0,1,2,A,-,01,23152,A,N,C,C,A,A,H,-,D,D,0,NA,NA,NA,Y,Y,Y,A,01,0,1,0,0,0,0,0,0,0,-,-,34.06901168823242,-117.36042022705078,SAN BERNARDINO,RIALTO,-117.36042022705078,34.06901931762695
92141903,2023,2023-08-11,9850,2023-08-06,720,018211,NA,7,1,9,3600,0,1,1,NA,2,084,I-15 N/B,QUARRY RD,368,N,N,A,-,Y,SBD,NA,15,NA,NA,46.473,H,NA,R,Y,3,0,2,2,A,-,03,22350,NA,N,C,C,A,A,H,-,A,D,0,NA,NA,NA,NA,Y,NA,A,07,0,1,1,0,0,0,0,0,0,-,-,34.57931137084961,-117.26959991455078,SAN BERNARDINO,UNINCORPORATED,-117.26960754394533,34.579315185546875
92142056,2023,2023-08-11,9855,2023-08-05,1556,023027,NA,6,2,9,3600,0,3,5,NA,2,001,ETIWANDA AVE.,VALLEY BLVD.,320,N,N,A,-,Y,NA,NA,NA,NA,NA,NA,NA,NA,NA,N,4,0,1,2,A,-,06,21750,NA,N,B,C,A,A,A,-,A,D,0,NA,NA,NA,NA,Y,NA,A,01,0,0,1,0,0,0,0,0,0,-,-,34.071998596191406,-117.52401733398438,SAN BERNARDINO,UNINCORPORATED,-117.52420043945313,34.07185745239258
92143099,2023,2023-08-14,9860,2023-07-26,1600,021638,NA,3,2,3,3615,0,1,1,NA,2,104,I-10 W/B,TIPPECANOE AVE,1970,E,N,A,-,Y,SBD,NA,10,NA,NA,26.676,H,NA,L,Y,3,0,1,2,A,-,08,22107,NA,N,B,C,A,A,H,-,A,D,0,NA,NA,NA,Y,Y,NA,A,07,0,1,0,0,0,0,0,0,0,-,-,34.0660285949707,-117.2546615600586,SAN BERNARDINO,LOMA LINDA,-117.25466918945313,34.06606674194336
92143807,2023,2023-08-15,9855,2023-08-08,4,021543,NA,2,3,6,3616,0,1,1,NA,2,101,SR-210 W/B (FOOTHILL FWY),ARCHIBALD AVE.,2112,W,N,A,-,Y,SBD,NA,210,NA,NA,5.457,H,NA,L,Y,4,0,1,2,A,-,03,22350,NA,N,C,C,A,A,H,-,C,D,0,NA,NA,NA,NA,Y,NA,A,01,0,0,1,0,0,0,0,0,0,-,-,34.13521957397461,-117.60128021240234,SAN BERNARDINO,RANCHO CUCAMONGA,-117.60128021240234,34.13515853881836
92144580,2023,2023-08-15,9855,2023-08-09,1025,018313,NA,3,1,6,3607,0,1,3,NA,2,601,SR-60 E/B (POMONA FWY),VINEYARD AVE,1170,E,N,A,-,Y,SBD,NA,60,NA,R,7.097,H,NA,R,Y,3,0,1,1,A,-,08,22107,NA,N,E,I,A,A,H,-,A,D,0,NA,NA,Y,NA,Y,NA,C,02,0,1,0,0,0,0,0,0,1,-,-,34.030311584472656,-117.60701751708984,SAN BERNARDINO,ONTARIO,-117.60702514648438,34.030517578125
92146518,2023,2023-08-17,9855,2023-08-14,1709,015919,NA,1,2,6,3604,0,1,1,NA,2,201,SR-210 E/B (FOOTHILL FWY),BEECH AVENUE,600,E,N,A,-,Y,SBD,NA,210,NA,NA,13.227,H,NA,R,N,4,0,1,2,A,-,03,22350,NA,N,C,C,A,A,H,-,A,A,0,NA,NA,NA,NA,Y,NA,A,07,0,0,1,0,0,0,0,0,0,-,-,34.136199951171875,-117.4657974243164,SAN BERNARDINO,FONTANA,-117.46580505371094,34.13629150390625
9214814,2020,2021-02-03,3604,2020-11-01,2124,1298,NA,7,5,6,3604,0,0,0,NA,0,NA,CITRUS AV,IVY AV,150,N,N,A,-,N,NA,NA,NA,NA,NA,NA,NA,NA,NA,N,3,0,3,2,A,-,01,23153,A,N,C,C,A,A,H,-,C,A,0,NA,NA,NA,NA,Y,Y,A,01,0,3,0,0,0,0,0,0,0,-,-,NA,NA,SAN BERNARDINO,FONTANA,-117.45362854003906,34.10470199584961
92148932,2023,2023-08-21,9860,2023-08-17,1045,016590,NA,4,1,9,3600,0,1,3,NA,1,382,SR-38,GARNET ST.,0,NA,Y,A,-,Y,SBD,NA,38,NA,NA,5.383,H,NA,R,Y,4,0,2,2,A,-,09,21802,A,N,D,C,A,A,H,-,A,A,0,NA,NA,NA,NA,Y,NA,D,22,0,0,2,0,0,0,0,0,0,-,-,34.071441650390625,-117.09941864013672,SAN BERNARDINO,UNINCORPORATED,-117.09938049316406,34.07139205932617
92149501,2023,2023-08-22,9860,2023-08-20,1955,022582,NA,7,2,5,3608,0,1,1,NA,2,105,I-10 W/B,WABASH AVE,385,W,N,B,C,Y,SBD,NA,10,NA,NA,34.218,H,NA,L,N,4,0,2,1,A,-,03,22350,NA,N,E,I,A,B,H,-,D,D,0,NA,NA,NA,NA,Y,NA,D,22,0,0,2,0,0,0,0,0,0,-,-,34.033660888671875,-117.13997650146484,SAN BERNARDINO,REDLANDS,-117.13995361328124,34.03371810913086
9214952,2020,2021-02-12,3608,2020-12-11,1519,4965,NA,5,5,5,3608,0,0,0,NA,0,NA,E COLTON AV,N DEARBORN ST,0,NA,Y,A,-,N,NA,NA,NA,NA,NA,NA,NA,NA,NA,N,4,0,4,2,A,-,03,22350,NA,N,C,C,A,A,H,-,A,A,0,NA,NA,NA,NA,Y,NA,A,01,0,0,4,0,0,0,0,0,0,-,-,NA,NA,SAN BERNARDINO,REDLANDS,-117.14761352539063,34.062801361083984
92149888,2023,2023-08-22,9855,2023-08-15,2136,022510,NA,2,2,6,3607,0,1,1,NA,2,101,I-10 W/B (SAN BERNARDINO FWY),I-15,2640,E,N,A,-,Y,SBD,NA,10,NA,NA,10.365,H,NA,L,Y,4,0,1,2,A,-,07,21658,A,N,E,J,A,A,D,E,C,A,0,NA,NA,NA,NA,Y,NA,-,-,0,0,1,0,0,0,0,0,0,-,-,34.067569732666016,-117.53746032714844,SAN BERNARDINO,ONTARIO,-117.53746032714844,34.06745529174805
92149931,2023,2023-08-23,9834,2023-08-18,2256,020845,NA,5,3,9,3600,0,1,1,NA,2,044,I-40 W/B,WATER RD.,36960,E,N,B,-,Y,SBD,NA,40,NA,R,127.356,H,NA,L,Y,4,0,1,1,A,-,08,22107,NA,N,F,A,A,A,H,-,D,D,0,NA,NA,NA,NA,Y,NA,E,22,0,0,1,0,0,0,0,0,0,-,-,34.86745071411133,-114.84654235839844,SAN BERNARDINO,UNINCORPORATED,-114.84654998779295,34.86749267578125
92151438,2023,2023-08-23,9860,2023-08-22,920,019495,NA,2,1,6,3604,0,1,1,NA,2,102,I-10 W/B,SIERRA AVE,5227,E,N,A,-,Y,SBD,NA,10,NA,NA,17.233,H,NA,L,N,4,0,1,2,A,-,03,22350,NA,N,C,C,A,A,H,-,A,D,0,NA,NA,NA,NA,Y,NA,A,01,0,0,1,0,0,0,0,0,0,-,-,34.067710876464844,-117.4181900024414,SAN BERNARDINO,FONTANA,-117.4181900024414,34.06766891479492
9215185,2020,2021-01-26,3611,2020-10-20,0930,3336,3611,2,5,5,3611,0,0,0,NA,0,004,ARROW HWY,11TH AV,0,NA,Y,A,-,N,NA,NA,NA,NA,NA,NA,NA,NA,NA,Y,4,0,3,2,A,-,00,22245,A,N,D,C,A,A,H,-,A,A,0,NA,NA,NA,NA,Y,NA,A,01,0,0,3,0,0,0,0,0,0,-,-,NA,NA,SAN BERNARDINO,UPLAND,-117.63675689697266,34.099788665771484
92154550,2023,2023-08-25,9835,2023-08-20,1653,022341,NA,7,2,9,3600,0,1,1,NA,2,070,I-15 N/B,OUTLET CENTER DR,2323,S,N,B,C,Y,SBD,NA,15,NA,NA,65.386,H,NA,R,Y,4,0,1,1,A,-,08,22107,NA,N,E,I,A,B,H,-,A,D,0,NA,NA,NA,NA,Y,NA,A,01,0,0,1,0,0,0,0,0,0,-,-,34.80617141723633,-117.1008071899414,SAN BERNARDINO,UNINCORPORATED,-117.10076141357422,34.80613327026367
92155883,2023,2023-08-28,9835,2023-08-20,1408,022308,NA,7,2,9,3600,0,3,5,NA,2,032,IRONWOOD DR,DOLAMITE ST,0,NA,Y,C,-,N,NA,NA,NA,NA,NA,NA,NA,NA,NA,Y,3,0,3,2,A,-,09,21800,B,N,D,C,A,B,H,-,A,D,0,NA,NA,NA,NA,Y,NA,-,-,0,3,0,0,0,0,0,0,0,-,-,34.878841400146484,-117.03318786621094,SAN BERNARDINO,UNINCORPORATED,-117.0331802368164,34.878807067871094
92155965,2023,2023-08-28,9855,2023-08-19,1330,021742,NA,6,1,6,3607,0,1,3,NA,2,601,SR-60 E/B (POMONA FWY),MILIKEN AVENUE,900,W,N,A,-,Y,SBD,NA,60,NA,R,9.786,H,NA,R,Y,4,0,3,2,A,-,03,22350,NA,N,C,C,A,A,H,-,A,D,0,NA,NA,NA,NA,Y,NA,A,01,0,0,3,0,0,0,0,0,0,-,-,34.02460861206055,-117.56127166748048,SAN BERNARDINO,ONTARIO,-117.56121826171876,34.02473449707031
92158267,2023,2023-08-30,9850,2023-08-22,2307,022148,NA,2,3,5,3612,0,1,1,NA,2,082,I-15 N/B,BEAR VALLEY RD,7920,S,N,A,-,Y,SBD,NA,15,NA,NA,36.078,H,NA,R,Y,4,0,1,2,A,-,03,22350,NA,N,C,C,A,A,D,-,D,D,0,NA,NA,NA,NA,Y,NA,A,01,0,0,1,0,0,0,0,0,0,-,-,34.451969146728516,-117.36051177978516,SAN BERNARDINO,VICTORVILLE,-117.36049652099608,34.451961517333984
9215853,2020,2021-02-09,3609,2020-12-14,1917,9133,R1001,1,5,5,3609,0,0,0,NA,0,001,CASMALIA ST,ALDER AVE,200,E,N,A,-,N,NA,NA,NA,NA,NA,NA,NA,NA,NA,Y,4,0,1,2,A,-,08,22107,NA,N,D,C,A,A,H,-,C,A,0,NA,NA,NA,NA,Y,NA,-,NA,0,0,1,0,0,0,0,0,0,-,-,NA,NA,SAN BERNARDINO,RIALTO,-117.41782379150392,34.138607025146484
92160895,2023,2023-09-01,9855,2023-08-25,800,015299,NA,5,1,9,3600,0,2,4,NA,1,012,ARROW ROUTE,BEECH AVENUE,0,NA,Y,A,-,N,NA,NA,NA,NA,NA,NA,NA,NA,NA,N,4,0,2,2,A,-,12,21453,A,N,D,C,A,A,H,-,A,A,0,NA,NA,NA,NA,Y,NA,A,07,0,0,2,0,0,0,0,0,0,-,-,34.09933853149414,-117.47129058837892,SAN BERNARDINO,UNINCORPORATED,-117.47122192382813,34.099281311035156
92162490,2023,2023-09-05,9855,2023-09-01,1520,021006,NA,5,2,6,3604,0,1,1,NA,2,101,I-10 E/B (SAN BERNARDINO FWY),CHERRY AVE.,1500,E,N,B,-,Y,SBD,NA,10,NA,NA,14.265,H,NA,R,N,4,0,1,2,A,-,03,22350,NA,N,C,C,A,A,H,-,A,D,0,NA,NA,NA,NA,Y,NA,A,07,0,0,1,0,0,0,0,0,0,-,-,34.066261291503906,-117.46971893310548,SAN BERNARDINO,FONTANA,-117.46971893310548,34.06621170043945
92164818,2023,2023-09-07,9855,2023-09-04,1625,020564,NA,1,2,6,3604,0,1,1,NA,2,101,I-10 E/B (SAN BERNARDINO FWY),ETIWANDA AVE,1109,E,N,A,-,Y,SBD,NA,10,NA,NA,11.356,H,NA,R,N,3,0,3,2,A,-,03,22350,NA,N,C,C,A,A,H,-,A,D,0,NA,NA,NA,NA,Y,NA,A,07,0,1,2,0,0,0,0,0,0,-,-,34.06752014160156,-117.52014923095705,SAN BERNARDINO,FONTANA,-117.52014923095705,34.067474365234375
9216526,2021,2021-03-17,3609,2021-01-12,2009,9743,RI170,2,5,5,3609,0,0,0,NA,0,003,LILAC AV,BLOOMINGTON AV,0,NA,Y,A,-,N,NA,NA,NA,NA,NA,NA,NA,NA,NA,N,4,0,1,2,A,-,12,21453,A,N,D,C,A,A,H,-,C,A,0,NA,NA,NA,NA,Y,NA,A,01,0,0,1,0,0,0,0,0,0,-,-,34.0848503112793,-117.37940216064452,SAN BERNARDINO,RIALTO,-117.37905120849608,34.0849609375
92165634,2023,2023-09-08,9865,2023-08-26,459,021841,NA,6,3,9,3600,0,1,3,NA,1,030,SR-18,SR-38,1716,N,N,A,-,Y,SBD,NA,18,NA,NA,44.663,H,NA,R,Y,3,0,1,1,A,-,01,23152,A,N,F,I,A,A,H,-,B,D,0,NA,NA,NA,NA,Y,Y,D,22,0,1,0,0,0,0,0,0,0,-,-,34.241310119628906,-116.97321319580078,SAN BERNARDINO,UNINCORPORATED,-116.97327423095705,34.24129867553711
92166335,2023,2023-09-11,9860,2023-08-20,1330,022439,NA,7,1,9,3600,0,1,1,NA,2,151,I-15 N/B,GLEN HELEN PKY,3400,S,N,B,C,Y,SBD,NA,15,NA,NA,14.141,H,NA,R,N,4,0,1,2,A,-,07,21658,A,N,D,C,A,B,H,-,A,D,0,NA,NA,NA,NA,Y,NA,A,01,0,0,1,0,0,0,0,0,0,-,-,34.19429016113281,-117.42034912109376,SAN BERNARDINO,UNINCORPORATED,-117.42029571533205,34.19425582885742
92167353,2023,2023-09-11,9855,2023-09-03,1642,023023,NA,7,2,6,3607,0,1,1,NA,2,103,I-10 E/B (SAN BERNARDINO FWY),HAVEN AVENUE,2000,W,N,A,-,Y,SBD,NA,10,NA,NA,7.772,H,NA,R,Y,3,0,5,5,A,-,08,22107,NA,N,D,C,A,A,D,-,A,D,0,NA,NA,NA,NA,Y,NA,A,07,0,3,2,0,0,0,0,0,0,-,-,34.06739044189453,-117.58267974853516,SAN BERNARDINO,ONTARIO,-117.58267974853516,34.067481994628906
92168295,2023,2023-09-12,9865,2023-09-06,915,018392,NA,3,1,9,3600,0,1,3,NA,2,012,SR-18,RIM OF THE WORLD DR,300,N,N,A,-,Y,SBD,NA,18,NA,NA,24.362,H,NA,R,N,3,0,1,1,A,-,08,22107,NA,N,F,I,A,A,H,-,A,D,0,NA,NA,Y,NA,Y,NA,C,02,0,1,0,0,0,0,0,0,1,-,-,34.23125076293945,-117.19992065429688,SAN BERNARDINO,UNINCORPORATED,-117.19992065429688,34.23128128051758
92168847,2023,2023-09-13,9860,2023-09-05,1653,020533,NA,2,2,5,3609,0,1,1,NA,2,102,I-10 W/B,RIVERSIDE AVE,1500,W,N,A,-,Y,SBD,NA,10,NA,NA,19.678,H,NA,L,N,3,0,1,1,A,-,03,22350,NA,N,E,J,A,A,H,-,A,D,0,NA,NA,Y,NA,Y,NA,C,02,0,1,0,0,0,0,0,0,1,-,-,34.068599700927734,-117.37545776367188,SAN BERNARDINO,RIALTO,-117.37545776367188,34.068668365478516
92170157,2023,2023-09-14,9850,2023-08-19,1350,020817,NA,6,1,9,3600,0,3,5,NA,2,004,JOHNSON VALLEY OHV AREA,BESSEMER MINE RD,50,W,N,A,-,N,NA,NA,NA,NA,NA,NA,NA,NA,NA,N,3,0,1,1,A,-,08,38314,NA,N,F,A,A,A,H,-,A,D,0,NA,NA,Y,NA,Y,NA,C,06,0,1,0,0,0,0,0,0,1,-,-,34.43299102783203,-116.69161987304688,SAN BERNARDINO,UNINCORPORATED,NA,NA
92171824,2023,2023-09-18,9860,2023-09-06,1530,021980,NA,3,2,9,3600,0,3,5,NA,2,003,PIONEER AVE,CALIFORNIA ST,290,E,N,A,-,N,NA,NA,NA,NA,NA,NA,NA,NA,NA,N,4,0,2,2,A,-,09,21804,A,N,D,C,A,A,H,-,A,D,0,NA,NA,NA,NA,Y,NA,A,01,0,0,2,0,0,0,0,0,0,-,-,34.08121871948242,-117.2250518798828,SAN BERNARDINO,UNINCORPORATED,-117.22521209716795,34.08115005493164
92173499,2023,2023-09-19,9855,2023-09-12,1500,021006,NA,2,2,6,3604,0,1,1,NA,2,153,I-15 N/B (ONTARIO FWY.) TO SUMMIT AVE.,SUMMIT AVENUE,200,S,N,A,-,Y,NA,NA,NA,NA,NA,NA,NA,NA,NA,N,4,0,1,2,A,-,03,22350,NA,M,C,D,A,A,H,-,A,A,0,NA,NA,NA,NA,Y,NA,D,22,0,0,1,0,0,0,0,0,0,-,-,34.151031494140625,-117.47638702392578,SAN BERNARDINO,FONTANA,-117.47638702392578,34.151031494140625
92178079,2023,2023-09-25,9860,2023-09-20,1520,022439,NA,3,2,5,3608,0,1,1,NA,2,105,I-10 E/B,ORANGE ST,100,W,N,A,-,Y,SBD,NA,10,NA,NA,30.871,H,NA,R,N,3,0,1,5,A,-,03,22350,NA,N,C,C,A,A,H,-,A,D,0,NA,NA,NA,NA,Y,NA,A,01,0,1,0,0,0,0,0,0,0,-,-,34.061649322509766,-117.18309020996094,SAN BERNARDINO,REDLANDS,-117.18309020996094,34.061668395996094
92178217,2023,2023-09-25,9855,2023-09-22,204,021233,NA,5,3,5,3611,0,1,1,NA,2,103,I-10 W/B (SAN BERNARDINO FWY),BENSON AVE,470,E,N,A,-,Y,SBD,NA,10,NA,NA,1.862,H,NA,L,Y,3,0,1,2,A,-,01,23152,A,N,C,C,A,A,D,-,D,D,0,NA,NA,NA,NA,Y,Y,A,01,0,1,0,0,0,0,0,0,0,-,-,34.08740997314453,-117.6792221069336,SAN BERNARDINO,UPLAND,-117.6792221069336,34.08738708496094
92179066,2023,2023-09-26,9860,2023-09-13,1345,021638,NA,3,1,5,3608,0,1,1,NA,2,104,I-10 E/B TO ALABAMA STREET,ALABAMA STREET,60,W,N,A,-,Y,NA,NA,NA,NA,NA,NA,NA,NA,NA,N,4,0,1,2,A,-,21,22106,NA,N,C,C,A,A,H,-,A,D,0,NA,NA,NA,NA,Y,NA,A,01,0,0,1,0,0,0,0,0,0,-,-,34.0660400390625,-117.20906829833984,SAN BERNARDINO,REDLANDS,-117.20906829833984,34.0660400390625
9218209,2021,2021-03-18,3608,2021-01-22,2032,4523,3608,5,5,5,3608,0,0,0,NA,0,N A,CENTER ST,BROOKSIDE AV,0,NA,Y,A,-,N,NA,NA,NA,NA,NA,NA,NA,NA,NA,Y,4,0,1,2,A,-,09,21801,A,N,D,C,A,A,H,-,C,A,0,NA,NA,NA,NA,Y,NA,A,01,0,0,1,0,0,0,0,0,0,-,-,NA,NA,SAN BERNARDINO,REDLANDS,-117.19100952148438,34.05246353149414
92182255,2023,2023-09-28,9855,2023-08-23,1648,019732,NA,3,2,6,3604,0,1,1,NA,2,101,I-10 E/B (SAN BERNARDINO FWY),CHERRY AVE.,5195,W,N,A,-,Y,SBD,NA,10,NA,NA,12.161,H,NA,R,N,4,0,1,2,A,-,03,22350,NA,N,C,D,A,A,H,-,A,D,0,NA,NA,NA,NA,Y,NA,D,22,0,0,1,0,0,0,0,0,0,-,-,34.06557846069336,-117.5063705444336,SAN BERNARDINO,FONTANA,-117.50635528564452,34.06565475463867
92182500,2023,2023-09-28,9850,2023-09-19,2255,021765,NA,2,3,5,3619,0,1,1,NA,2,081,INTERSTATE 15 NORTHBOUND,RANCHERO RD,3168,S,N,A,-,Y,SBD,NA,15,NA,NA,29.812,H,NA,R,Y,4,0,1,3,A,-,03,22350,NA,N,C,C,A,A,D,-,C,D,0,NA,NA,NA,NA,Y,NA,A,07,0,0,1,0,0,0,0,0,0,-,-,34.37601852416992,-117.42082214355467,SAN BERNARDINO,HESPERIA,-117.42076873779295,34.37599182128906
92182531,2023,2023-09-28,9850,2023-09-20,1735,020572,NA,3,2,9,3600,0,3,5,NA,2,002,SUMMIT VALLEY RD,FOLEY RD,100,N,N,A,-,N,NA,NA,NA,NA,NA,NA,NA,NA,NA,Y,3,0,1,1,A,-,08,22107,NA,N,F,A,A,A,H,-,A,D,0,NA,NA,NA,NA,Y,NA,D,22,0,1,0,0,0,0,0,0,0,-,-,34.35435104370117,-117.37277221679688,SAN BERNARDINO,UNINCORPORATED,-117.37622833251952,34.35310745239258
92182590,2023,2023-09-28,9855,2023-09-22,1620,023027,NA,5,2,6,3607,0,1,1,NA,2,152,I-15 S/B (ONTARIO FWY),PHILADELPHIA ST.,500,N,N,A,-,Y,SBD,NA,15,NA,NA,0.063,H,NA,L,Y,3,0,3,2,A,-,03,22350,NA,N,C,C,A,A,H,-,A,D,0,NA,NA,NA,NA,Y,NA,A,01,0,2,1,0,0,0,0,0,0,-,-,34.03438949584961,-117.55046844482422,SAN BERNARDINO,ONTARIO,-117.55045318603516,34.03438949584961
92185882,2023,2023-10-02,9860,2023-09-05,503,022723,NA,2,3,9,3600,0,1,1,NA,2,152,I-15 N/B,CLEGHORN RD,1795,N,N,A,-,Y,SBD,NA,15,NA,R,20.365,H,NA,R,Y,2,0,1,1,A,-,08,22107,NA,N,E,I,A,A,H,-,D,D,0,NA,NA,NA,NA,Y,NA,D,22,1,0,0,0,0,0,0,0,0,-,-,34.302940368652344,-117.46112823486328,SAN BERNARDINO,UNINCORPORATED,-117.4610595703125,34.30302047729492
92185903,2023,2023-10-02,9860,2023-09-27,640,016536,NA,3,1,6,3610,0,1,1,NA,2,214,I-215 SOUTHBOUND,W. FAIRWAY DR.,1056,N,N,A,-,Y,SBD,NA,215,NA,NA,4.535,H,NA,L,Y,3,0,1,2,A,-,03,22350,NA,N,C,C,A,A,H,-,A,D,0,NA,NA,NA,NA,Y,NA,D,22,0,1,0,0,0,0,0,0,0,-,-,34.07109069824219,-117.29576873779295,SAN BERNARDINO,SAN BERNARDINO,-117.29582214355467,34.07109069824219
92187209,2023,2023-10-02,9865,2023-09-29,2226,021720,NA,5,3,9,3600,0,1,3,NA,2,015,SR-189,BLUE JAY CUTOFF,528,W,N,A,-,Y,SBD,NA,189,NA,NA,3.358,H,NA,R,Y,3,0,1,1,A,-,01,23152,A,N,E,I,A,A,H,-,C,D,0,NA,NA,NA,NA,Y,Y,A,07,0,1,0,0,0,0,0,0,0,-,-,34.239768981933594,-117.2165298461914,SAN BERNARDINO,UNINCORPORATED,-117.21652221679688,34.23976516723633