CASE_ID,ACCIDENT_YEAR,PROC_DATE,JURIS,COLLISION_DATE,COLLISION_TIME,OFFICER_ID,REPORTING_DISTRICT,DAY_OF_WEEK,CHP_SHIFT,POPULATION,CNTY_CITY_LOC,SPECIAL_COND,BEAT_TYPE,CHP_BEAT_TYPE,CITY_DIVISION_LAPD,CHP_BEAT_CLASS,BEAT_NUMBER,PRIMARY_RD,SECONDARY_RD,DISTANCE,DIRECTION,INTERSECTION,WEATHER_1,WEATHER_2,STATE_HWY_IND,CALTRANS_COUNTY,CALTRANS_DISTRICT,STATE_ROUTE,ROUTE_SUFFIX,POSTMILE_PREFIX,POSTMILE,LOCATION_TYPE,RAMP_INTERSECTION,SIDE_OF_HWY,TOW_AWAY,COLLISION_SEVERITY,NUMBER_KILLED,NUMBER_INJURED,PARTY_COUNT,PRIMARY_COLL_FACTOR,PCF_CODE_OF_VIOL,PCF_VIOL_CATEGORY,PCF_VIOLATION,PCF_VIOL_SUBSECTION,HIT_AND_RUN,TYPE_OF_COLLISION,MVIW,PED_ACTION,ROAD_SURFACE,ROAD_COND_1,ROAD_COND_2,LIGHTING,CONTROL_DEVICE,CHP_ROAD_TYPE,PEDESTRIAN_ACCIDENT,BICYCLE_ACCIDENT,MOTORCYCLE_ACCIDENT,TRUCK_ACCIDENT,NOT_PRIVATE_PROPERTY,ALCOHOL_INVOLVED,STWD_VEHTYPE_AT_FAULT,CHP_VEHTYPE_AT_FAULT,COUNT_SEVERE_INJ,COUNT_VISIBLE_INJ,COUNT_COMPLAINT_PAIN,COUNT_PED_KILLED,COUNT_PED_INJURED,COUNT_BICYCLIST_KILLED,COUNT_BICYCLIST_INJURED,COUNT_MC_KILLED,COUNT_MC_INJURED,PRIMARY_RAMP,SECONDARY_RAMP,LATITUDE,LONGITUDE,COUNTY,CITY,POINT_X,POINT_Y
92187594,2023,2023-10-02,9855,2023-09-26,1730,023023,NA,2,2,6,3607,0,1,1,NA,2,152,I-15 N/B (ONTARIO FWY),AIRPORT DRIVE,350,N,N,A,-,Y,SBD,NA,15,NA,NA,2.608,H,NA,R,N,4,0,1,2,A,-,03,22350,NA,N,C,C,A,A,H,-,A,D,0,NA,NA,Y,NA,Y,NA,C,02,0,0,1,0,0,0,0,0,1,-,-,34.07073974609375,-117.54469299316406,SAN BERNARDINO,ONTARIO,-117.54473876953124,34.07073974609375
92188084,2023,2023-10-02,9850,2023-09-29,2308,022386,NA,5,3,5,3621,0,1,3,NA,2,034,SR-18,BEAR VALLEY RD,300,W,N,A,-,Y,SBD,NA,18,NA,NA,84.446,H,NA,R,Y,4,0,1,1,A,-,08,22107,NA,N,E,I,A,A,H,-,D,D,0,NA,NA,NA,NA,Y,NA,A,01,0,0,1,0,0,0,0,0,0,-,-,34.47462844848633,-117.12718200683594,SAN BERNARDINO,APPLE VALLEY,-117.12705230712892,34.47476577758789
92188295,2023,2023-10-02,9860,2023-09-30,1550,022439,NA,6,2,5,3608,0,1,1,NA,2,104,I-10 E/B,ALABAMA ST,200,W,N,B,-,Y,SBD,NA,10,NA,NA,29.229,H,NA,R,N,4,0,1,2,A,-,03,22350,NA,N,C,C,A,A,H,-,A,D,0,NA,NA,NA,NA,Y,NA,D,22,0,0,1,0,0,0,0,0,0,-,-,34.066551208496094,-117.21022033691406,SAN BERNARDINO,REDLANDS,-117.21022033691406,34.06649398803711
92188330,2023,2023-10-03,9860,2023-09-27,1650,022319,NA,3,2,6,3610,0,1,1,NA,2,216,I-215 N/B,UNIVERSITY PKWY.,1800,N,N,A,-,Y,SBD,NA,215,NA,NA,11.997,H,NA,R,N,4,0,1,2,A,-,03,22350,NA,N,C,C,A,A,H,-,A,D,0,NA,NA,NA,NA,Y,NA,A,01,0,0,1,0,0,0,0,0,0,-,-,34.168670654296875,-117.33682250976563,SAN BERNARDINO,SAN BERNARDINO,-117.3367919921875,34.16868591308594
92190551,2023,2023-10-04,9860,2023-07-23,2201,022583,NA,7,3,9,3600,0,3,5,NA,2,001,CAJON COURT,CAJON BOULEVARD,217,N,N,A,-,N,NA,NA,NA,NA,NA,NA,NA,NA,NA,N,1,1,0,1,A,-,03,22350,NA,N,F,0,A,A,H,-,D,D,0,NA,NA,Y,NA,Y,NA,C,02,0,0,0,0,0,0,0,1,0,-,-,34.22129821777344,-117.40354919433594,SAN BERNARDINO,UNINCORPORATED,-117.40349578857422,34.22126388549805
92192541,2023,2023-10-06,9860,2023-09-29,2204,022583,NA,5,3,9,3600,0,1,1,NA,2,151,I-15 N/B,CLEGHORN RD,6653,S,N,A,-,Y,SBD,NA,15,NA,R,18.759,H,NA,R,Y,3,0,1,2,A,-,01,23152,F,N,B,4,A,A,H,-,D,D,0,NA,NA,NA,NA,Y,NA,A,01,0,1,0,0,0,0,0,0,0,-,-,34.281951904296875,-117.45198822021484,SAN BERNARDINO,UNINCORPORATED,-117.45204925537108,34.281951904296875
92196088,2023,2023-10-11,9835,2023-09-28,2105,023315,NA,4,2,9,3600,0,1,3,NA,1,012,SR-58 E/B,LENWOOD RD,2600,W,N,A,-,Y,SBD,NA,58,NA,M,29.745,H,NA,R,Y,3,0,1,1,A,-,01,23152,A,N,E,I,A,A,H,-,D,D,0,NA,NA,NA,NA,Y,Y,A,07,0,1,0,0,0,0,0,0,0,-,-,34.91550827026367,-117.13111114501952,SAN BERNARDINO,UNINCORPORATED,-117.13111114501952,34.915367126464844
92197490,2023,2023-10-12,9855,2023-10-05,1710,017351,NA,4,2,9,3600,0,1,3,NA,1,011,SAN BERARDINO AVENUE (14900 BLOCK),LIVE OAK AVENUE,157,E,N,A,-,N,NA,NA,NA,NA,NA,NA,NA,NA,NA,Y,4,0,2,2,A,-,03,22350,NA,N,C,C,A,A,H,-,A,D,0,NA,NA,NA,NA,Y,NA,A,01,0,0,2,0,0,0,0,0,0,-,-,34.077430725097656,-117.47933959960938,SAN BERNARDINO,UNINCORPORATED,-117.47938537597656,34.077430725097656
92204854,2023,2023-10-20,9870,2023-10-17,2140,021782,NA,2,2,9,3600,0,1,3,NA,1,011,STATE ROUTE 62 (29 PALMS HIGHWAY),FOBES ROAD,590,E,N,A,-,Y,SBD,NA,62,NA,NA,4.014,H,NA,R,N,4,0,1,2,A,-,03,22350,NA,M,C,C,A,A,H,-,D,D,0,NA,NA,NA,NA,Y,NA,D,22,0,0,1,0,0,0,0,0,0,-,-,34.07421875,-116.54457855224608,SAN BERNARDINO,UNINCORPORATED,-116.54450225830078,34.07414245605469
92206197,2023,2023-10-23,9860,2023-10-10,720,014963,NA,2,1,9,3600,0,1,1,NA,2,102,I-10 W/B,CEDAR AVE,634,W,N,A,-,Y,SBD,NA,10,NA,NA,17.246,H,NA,L,Y,4,0,1,2,A,-,03,22350,NA,N,C,C,A,A,H,-,A,D,0,NA,NA,NA,NA,Y,NA,A,08,0,0,1,0,0,0,0,0,0,-,-,34.06760025024414,-117.41796112060548,SAN BERNARDINO,UNINCORPORATED,-117.41796112060548,34.06767272949219
92206559,2023,2023-10-24,9860,2023-10-14,24,022347,NA,6,3,5,3609,0,1,1,NA,2,201,SR-210 W/B,AYALA DRIVE,4200,W,N,A,-,Y,SBD,NA,210,NA,NA,16.632,H,NA,L,Y,4,0,1,2,A,-,03,22350,NA,N,C,C,A,A,H,-,D,D,0,NA,NA,NA,NA,Y,NA,A,01,0,0,1,0,0,0,0,0,0,-,-,34.136348724365234,-117.40635681152344,SAN BERNARDINO,RIALTO,-117.40635681152344,34.13636016845703
92207306,2023,2023-10-24,9855,2023-10-17,740,014637,NA,2,1,6,3616,0,1,1,NA,2,152,I-15 S/B (ONTARIO FWY),6TH ST.,25,N,N,A,-,Y,SBD,NA,15,NA,NA,3.839,H,NA,L,Y,4,0,1,3,A,-,03,22350,NA,N,C,C,A,A,H,-,A,D,0,NA,NA,NA,NA,Y,NA,A,01,0,0,1,0,0,0,0,0,0,-,-,34.08850860595703,-117.54479217529295,SAN BERNARDINO,RANCHO CUCAMONGA,-117.5447998046875,34.08850860595703
92208004,2023,2023-10-25,9860,2023-10-19,1705,020387,NA,4,2,9,3600,0,3,5,NA,2,003,CITRUS PLAZA DR.,SAN BERNARDINO AVE.,600,S,N,A,-,N,NA,NA,NA,NA,NA,NA,NA,NA,NA,N,4,0,2,2,A,-,09,21804,A,N,A,C,A,A,H,-,A,A,0,NA,NA,NA,NA,Y,NA,D,22,0,0,2,0,0,0,0,0,0,-,-,34.07564926147461,-117.20156097412108,SAN BERNARDINO,UNINCORPORATED,-117.20140838623048,34.07578659057617
9221134,2021,2021-03-22,3600,2021-01-04,1253,F6904,RC071,1,5,6,3616,0,0,0,NA,0,RC3,DAY CREEK BL,RT 210,0,NA,Y,A,-,N,NA,NA,NA,NA,NA,NA,NA,NA,NA,N,3,0,2,2,A,-,12,21453,A,N,A,C,A,A,H,-,A,A,0,NA,NA,NA,NA,Y,NA,A,01,0,1,1,0,0,0,0,0,0,-,NO,NA,NA,SAN BERNARDINO,RANCHO CUCAMONGA,-117.536865234375,34.1363525390625
9221162,2020,2021-03-05,3600,2020-12-18,0756,F8556,RC028,5,5,6,3616,0,0,0,NA,0,002,ARCHIBALD AV,RT 210,0,NA,Y,A,-,Y,SBD,8,210,-,-,5.705,R,4,E,N,4,0,2,2,A,-,12,21453,A,N,D,C,A,A,H,-,A,A,0,NA,NA,NA,NA,Y,NA,A,01,0,0,2,0,0,0,0,0,0,-,EF,NA,NA,SAN BERNARDINO,RANCHO CUCAMONGA,-117.5969467163086,34.13492965698242
9221164,2020,2021-02-26,3600,2020-12-18,1902,H5191,RC200,5,5,6,3616,0,0,0,NA,0,0RC,HELLMAN AV,9TH ST,0,NA,Y,A,-,N,NA,NA,NA,NA,NA,NA,NA,NA,NA,Y,3,0,1,2,A,-,12,22450,A,N,D,C,A,-,H,-,C,A,0,NA,NA,NA,NA,Y,NA,A,07,0,1,0,0,0,0,0,0,0,-,-,NA,NA,SAN BERNARDINO,RANCHO CUCAMONGA,-117.60231018066406,34.095699310302734
9221612,2020,2021-03-10,3600,2020-11-29,1910,13987,AD310,7,5,3,3613,0,0,0,NA,0,AD2,RANCHO RD,RT 395,0,NA,Y,A,-,Y,SBD,8,395,-,-,14.787,I,5,S,N,3,0,2,2,A,-,12,21453,A,N,A,C,A,A,H,-,C,A,0,NA,NA,NA,NA,Y,NA,A,01,0,1,1,0,0,0,0,0,0,-,-,NA,NA,SAN BERNARDINO,ADELANTO,-117.4052734375,34.55928421020508
9221679,2020,2021-03-10,3600,2020-10-26,1657,I3857,AD310,1,5,3,3613,0,0,0,NA,0,AD2,RT 395,RANCHO RD,35,S,-,A,-,Y,SBD,8,395,-,-,14.77,H,-,N,Y,3,0,4,3,A,-,03,22350,NA,N,C,C,A,A,H,-,A,A,0,NA,NA,NA,NA,Y,NA,A,01,0,2,2,0,0,0,0,0,0,-,-,NA,NA,SAN BERNARDINO,ADELANTO,-117.40519714355467,34.559051513671875
9221787,2021,2021-03-10,3600,2021-01-10,0449,G9963,VC068,7,5,5,3612,0,0,0,NA,0,VC4,RT 395,LA MESA RD,0,NA,Y,A,-,Y,SBD,8,395,-,-,9.62,H,-,N,Y,4,0,1,2,A,-,04,21703,NA,M,C,C,A,A,H,-,C,A,0,NA,NA,NA,NA,Y,NA,A,01,0,0,1,0,0,0,0,0,0,-,-,NA,NA,SAN BERNARDINO,VICTORVILLE,-117.39949798583984,34.484832763671875
9221911,2021,2021-03-11,3604,2021-02-13,1642,1394,NA,6,5,6,3604,0,0,0,NA,0,NA,FOOTHILL,CITRUS AV,137,E,N,B,-,N,NA,NA,NA,NA,NA,NA,NA,NA,NA,Y,3,0,2,2,A,-,08,22107,NA,N,E,I,A,B,H,-,B,A,0,NA,NA,NA,NA,Y,NA,A,01,0,2,0,0,0,0,0,0,0,-,-,NA,NA,SAN BERNARDINO,FONTANA,-117.45317840576172,34.1065559387207
9222863,2021,2021-03-17,3600,2021-01-13,0919,D3311,YC301,3,5,4,3640,0,0,0,NA,0,YC3,YUCAIPA BL,4TH ST,0,NA,Y,A,-,N,NA,NA,NA,NA,NA,NA,NA,NA,NA,N,3,0,1,2,D,-,00,NA,NA,N,G,B,B,A,H,-,A,A,0,Y,NA,NA,NA,Y,NA,-,-,0,1,0,0,1,0,0,0,0,-,-,NA,NA,SAN BERNARDINO,YUCAIPA,-117.05188751220705,34.033870697021484
92229127,2023,2023-11-06,9835,2023-10-28,1145,023315,NA,6,1,9,3600,0,1,1,NA,2,075,I-15 N/B,KELBAKER ROAD,11458,N,N,A,-,Y,SBD,NA,15,NA,R,138.766,H,NA,R,Y,3,0,4,3,A,-,08,22107,NA,N,D,C,A,A,H,-,A,D,0,NA,NA,NA,Y,Y,NA,D,22,0,1,3,0,0,0,0,0,0,-,-,35.28450012207031,-116.04457092285156,SAN BERNARDINO,UNINCORPORATED,-116.04458618164063,35.28451156616211
92229162,2023,2023-11-06,9855,2023-10-31,1635,021742,NA,2,2,6,3607,0,1,3,NA,2,601,SR-60 W/B (POMONA FWY),ARCHIBALD AVENUE,1400,W,N,A,-,Y,SBD,NA,60,NA,R,7.612,H,NA,L,Y,3,0,1,2,A,-,08,22107,NA,N,C,C,A,A,H,-,A,D,0,NA,NA,NA,NA,Y,NA,A,07,0,1,0,0,0,0,0,0,0,-,-,34.03081130981445,-117.59809112548828,SAN BERNARDINO,ONTARIO,-117.59809112548828,34.030704498291016
92229454,2023,2023-11-06,9855,2023-11-02,1750,023027,NA,4,2,6,3607,0,1,1,NA,2,152,I-15 S/B (ONTARIO FWY),JURUPA ST.,80,N,N,A,-,Y,SBD,NA,15,NA,NA,1.034,H,NA,L,N,4,0,1,2,A,-,03,22350,NA,N,C,C,A,A,H,-,A,D,0,NA,NA,NA,NA,Y,NA,A,07,0,0,1,0,0,0,0,0,0,-,-,34.04840087890625,-117.55014038085938,SAN BERNARDINO,ONTARIO,-117.55008697509766,34.04839324951172
92229480,2023,2024-01-25,9860,2023-10-29,1253,021451,NA,7,1,5,3608,0,1,1,NA,2,105,I-10 W/B,EUREKA STREET,390,E,N,A,-,Y,SBD,NA,10,NA,NA,30.752,H,NA,L,Y,4,0,6,3,A,-,08,22107,NA,N,B,C,A,A,H,-,A,D,0,NA,NA,NA,Y,Y,NA,A,01,0,0,6,0,0,0,0,0,0,-,-,34.06196975708008,-117.18514251708984,SAN BERNARDINO,REDLANDS,-117.18514251708984,34.06194305419922
9223051,2020,2021-02-19,3600,2020-11-24,1509,E3370,RC014,2,5,6,3616,0,0,0,NA,0,006,TERRA VISTA PKWY,MOUNTAIN  VIEW DR,19,N,N,A,-,N,NA,NA,NA,NA,NA,NA,NA,NA,NA,Y,3,0,2,2,A,-,12,21453,A,N,D,C,A,A,H,-,A,A,0,NA,NA,NA,NA,Y,NA,A,01,0,2,0,0,0,0,0,0,0,-,-,NA,NA,SAN BERNARDINO,RANCHO CUCAMONGA,-117.55265045166016,34.117408752441406
92232066,2023,2023-11-09,9860,2023-11-01,2310,022890,NA,3,3,3,3615,0,1,1,NA,2,104,I-10 W/B,TIPPECANOE AVE,2270,E,N,A,-,Y,SBD,NA,10,NA,NA,26.739,H,NA,L,Y,2,0,1,1,A,-,01,23152,A,N,E,8,A,A,H,-,C,D,0,NA,NA,NA,NA,Y,Y,A,01,1,0,0,0,0,0,0,0,0,-,-,34.06631851196289,-117.2536163330078,SAN BERNARDINO,LOMA LINDA,-117.2536163330078,34.06631088256836
92232153,2023,2024-02-07,9860,2023-01-11,1344,021638,NA,3,1,9,3600,0,1,1,NA,2,103,I-10 W/B TO 9TH STREET,9TH STREET,495,E,N,A,-,Y,SBD,NA,10,NA,R,22.816,H,NA,L,Y,2,0,2,5,A,-,08,22107,NA,F,E,I,A,A,H,-,A,D,0,NA,NA,NA,Y,Y,NA,A,01,1,1,0,0,0,0,0,0,0,-,-,34.06589889526367,-117.32113647460938,SAN BERNARDINO,UNINCORPORATED,-117.32118225097656,34.06563949584961
9223240,2021,2021-03-29,3603,2021-01-19,1320,4012,CPD,2,5,4,3603,0,0,0,NA,0,004,RECHE CYN RD,SHANE DR,0,NA,Y,B,-,N,NA,NA,NA,NA,NA,NA,NA,NA,NA,N,4,0,1,2,A,-,03,22350,NA,N,C,C,A,A,H,-,A,A,0,NA,NA,NA,NA,Y,NA,A,01,0,0,1,0,0,0,0,0,0,-,-,34.02362823486328,-117.2751235961914,SAN BERNARDINO,COLTON,-117.2758331298828,34.024139404296875
92233507,2023,2023-11-13,9860,2023-10-07,1400,022931,NA,6,2,9,3600,0,1,1,NA,2,102,I-10 W/B,CEDAR AVE,750,E,N,A,-,Y,SBD,NA,10,NA,R,18.642,H,NA,L,Y,4,0,1,3,A,-,03,22350,NA,M,C,2,A,A,H,-,A,D,0,NA,NA,NA,NA,Y,NA,A,01,0,0,1,0,0,0,0,0,0,-,-,34.068580627441406,-117.39349365234376,SAN BERNARDINO,UNINCORPORATED,-117.39348602294922,34.06859588623047
92233762,2023,2023-11-13,9855,2023-11-04,1500,021156,NA,6,2,5,3611,0,1,1,NA,2,103,I-10 E/B (SAN BERNARDINO FWY),EUCLID AVENUE,1800,W,N,A,-,Y,SBD,NA,10,NA,NA,3.112,H,NA,R,N,4,0,2,3,A,-,03,22350,NA,N,C,C,A,A,D,-,A,D,0,NA,NA,NA,NA,Y,NA,A,01,0,0,2,0,0,0,0,0,0,-,-,34.08721923828125,-117.6573486328125,SAN BERNARDINO,UPLAND,-117.6573486328125,34.08724594116211
92234215,2023,2023-11-13,9860,2023-10-19,1445,022694,NA,4,2,3,3615,0,1,1,NA,2,104,I-10 E/B,MOUNTAIN VIEW,470,W,N,A,-,Y,SBD,NA,10,NA,NA,27.217,H,NA,R,Y,3,0,1,2,A,-,03,22350,NA,N,G,C,A,A,H,-,A,D,0,NA,NA,NA,NA,Y,NA,A,07,0,1,0,0,0,0,0,0,0,-,-,34.06652069091797,-117.24532318115234,SAN BERNARDINO,LOMA LINDA,-117.24532318115234,34.06648254394531
92235948,2023,2023-11-14,9850,2023-11-03,1425,020572,NA,5,2,5,3619,0,1,1,NA,2,082,I-15 S/B,MAIN ST,5280,N,N,A,-,Y,SBD,NA,15,NA,NA,35.517,H,NA,L,N,4,0,1,4,A,-,03,22350,NA,N,C,C,A,A,D,E,A,D,0,NA,NA,NA,NA,Y,NA,A,01,0,0,1,0,0,0,0,0,0,-,-,34.44514083862305,-117.36607360839844,SAN BERNARDINO,HESPERIA,-117.36612701416016,34.44517135620117
92236059,2023,2023-11-14,9834,2023-06-11,1427,020342,NA,7,2,9,3600,0,1,3,NA,1,062,STATE ROUTE 62 (SR-62),62 SBD 102.50,265,W,N,A,-,Y,SBD,NA,62,NA,NA,102.527,H,NA,R,Y,1,1,3,1,A,-,08,22107,NA,N,F,A,A,A,H,-,A,D,0,NA,NA,NA,NA,Y,NA,A,07,0,3,0,0,0,0,0,0,0,-,-,34.10581970214844,-114.92787933349608,SAN BERNARDINO,UNINCORPORATED,-114.92789459228516,34.10578918457031
92240471,2023,2023-11-20,9850,2023-11-09,1123,017377,NA,4,1,9,3600,0,1,2,NA,2,054,US-395,TESORO ROAD,10560,N,N,A,-,Y,SBD,NA,395,NA,NA,25.236,H,NA,R,Y,4,0,1,2,C,-,18,NA,NA,N,E,J,A,A,H,-,A,D,0,NA,NA,NA,Y,Y,NA,-,-,0,0,1,0,0,0,0,0,0,-,-,34.703590393066406,-117.45448303222656,SAN BERNARDINO,UNINCORPORATED,-117.45446014404295,34.70359420776367
92241976,2023,2023-11-21,9855,2023-11-12,945,021873,NA,7,1,5,3602,0,1,3,NA,2,603,SR-60 W/B (POMONA FWY),CENTRAL AVE.,2100,E,N,A,-,Y,SBD,NA,60,NA,R,2.761,H,NA,L,Y,3,0,2,1,A,-,08,22107,NA,N,E,I,A,A,H,-,A,D,0,NA,NA,NA,NA,Y,NA,A,01,0,2,0,0,0,0,0,0,0,-,-,34.03030014038086,-117.68256378173828,SAN BERNARDINO,CHINO,-117.68256378173828,34.030433654785156
92242724,2023,2023-11-22,9855,2023-11-12,308,021233,NA,7,3,9,3600,0,3,5,NA,2,004,PHILLIPS BLVD (4200 BLOCK),WESLEY AVE,82,E,N,A,-,N,NA,NA,NA,NA,NA,NA,NA,NA,NA,N,3,0,1,3,A,-,01,23152,A,N,C,E,A,A,H,-,D,D,0,NA,NA,NA,NA,Y,Y,A,01,0,1,0,0,0,0,0,0,0,-,-,34.04623031616211,-117.7129364013672,SAN BERNARDINO,UNINCORPORATED,-117.71302795410156,34.04623031616211
92245597,2022,2023-11-27,9860,2022-06-26,1950,022439,NA,7,2,5,3608,0,1,1,NA,2,105,INTERSTATE 10 WESTBOUND,FORD STREET,141,W,N,A,-,Y,SBD,NA,10,NA,NA,33.107,H,NA,L,Y,1,1,5,1,A,-,08,22107,NA,N,E,I,A,A,H,-,B,D,0,NA,NA,NA,NA,Y,NA,A,08,1,4,0,0,0,0,0,0,0,-,-,34.042179107666016,-117.155517578125,SAN BERNARDINO,REDLANDS,-117.15554809570313,34.04216766357422
92245718,2023,2023-11-27,9855,2023-11-18,1615,023010,NA,6,2,6,3607,0,1,1,NA,2,103,I-10 E/B (SAN BERNARDINO FWY),4TH ST.,1445,W,N,B,C,Y,SBD,NA,10,NA,NA,4.942,H,NA,R,N,4,0,1,2,A,-,03,22350,NA,N,C,C,A,B,D,-,A,D,0,NA,NA,NA,NA,Y,NA,A,01,0,0,1,0,0,0,0,0,0,-,-,34.08015060424805,-117.62777709960938,SAN BERNARDINO,ONTARIO,-117.62784576416016,34.08007049560547
92245855,2023,2023-11-28,9860,2023-11-20,740,019419,NA,1,1,9,3600,0,1,1,NA,2,216,I-215 N/B,DEVORE RD.,3168,S,N,G,-,Y,SBD,NA,215,NA,NA,16.721,H,NA,R,Y,3,0,1,1,A,-,03,22350,NA,N,F,A,A,A,H,-,A,D,0,NA,NA,NA,Y,Y,NA,G,25,0,1,0,0,0,0,0,0,0,-,-,34.2169303894043,-117.39469909667967,SAN BERNARDINO,UNINCORPORATED,-117.39470672607422,34.216922760009766
92245892,2023,2023-11-28,9860,2023-11-17,500,022906,NA,5,3,9,3600,0,1,1,NA,2,152,I-15 S/B,BALDY MESA RD,1690,N,N,A,-,Y,SBD,NA,15,NA,R,23.827,H,NA,L,N,4,0,1,1,A,-,08,22107,NA,N,E,I,A,A,H,-,C,D,0,NA,NA,NA,NA,Y,NA,A,08,0,0,1,0,0,0,0,0,0,-,-,34.345218658447266,-117.48007965087892,SAN BERNARDINO,UNINCORPORATED,-117.47998809814452,34.345149993896484
92246211,2023,2023-11-28,9860,2023-11-21,1320,019429,NA,2,1,6,3610,0,1,1,NA,2,214,I-215 S/B,MILL ST,425,N,N,A,-,Y,SBD,NA,215,NA,NA,6.151,H,NA,L,Y,3,0,1,1,A,-,08,22107,NA,N,E,8,A,A,H,-,A,D,0,NA,NA,NA,NA,Y,NA,A,07,0,1,0,0,0,0,0,0,0,-,-,34.09342956542969,-117.30193328857422,SAN BERNARDINO,SAN BERNARDINO,-117.302001953125,34.09342956542969
92246655,2023,2023-11-28,9850,2023-11-16,1212,022591,NA,4,1,5,3619,0,1,1,NA,2,082,I-15 S/B,MAIN ST,8448,N,N,A,-,Y,SBD,NA,15,NA,NA,35.638,H,NA,L,Y,4,0,2,3,A,-,03,22350,NA,N,C,C,A,A,H,-,A,D,0,NA,NA,NA,NA,Y,NA,A,01,0,0,2,0,0,0,0,0,0,-,-,34.446651458740234,-117.3649673461914,SAN BERNARDINO,HESPERIA,-117.36497497558594,34.446651458740234
92246683,2023,2023-11-28,9855,2023-11-15,1725,020564,NA,3,2,6,3616,0,1,1,NA,2,203,SR-210 W/B (FOOTHILL FWY),HAVEN AVE,528,W,N,B,C,Y,SBD,NA,210,NA,NA,6.751,H,NA,L,N,4,0,2,1,A,-,03,22350,NA,N,E,I,A,B,H,-,C,D,0,NA,NA,NA,NA,Y,NA,A,07,0,0,2,0,0,0,0,0,0,-,-,34.13589096069336,-117.57871246337892,SAN BERNARDINO,RANCHO CUCAMONGA,-117.57872009277344,34.135990142822266
92248917,2023,2023-11-30,9865,2023-11-12,2020,021392,NA,7,2,9,3600,0,1,3,NA,2,020,SR-18 N/B,SUNSET DR,25,S,N,A,-,Y,SBD,NA,18,NA,NA,31.12,H,NA,R,N,2,0,1,2,A,-,11,21954,A,N,G,B,E,A,H,-,D,D,0,Y,NA,NA,NA,Y,NA,N,60,1,0,0,0,1,0,0,0,0,-,-,34.20853042602539,-117.11502838134766,SAN BERNARDINO,UNINCORPORATED,-117.1150131225586,34.20855712890625
92248965,2023,2023-11-30,9865,2023-11-22,1845,014696,NA,3,2,9,3600,0,1,3,NA,2,021,SR-330,LIVE OAK DRIVE,11088,S,N,A,-,Y,SBD,NA,330,NA,NA,39.578,H,NA,R,Y,3,0,1,2,A,-,03,22350,NA,N,C,C,A,A,H,-,D,D,0,NA,NA,NA,NA,Y,NA,A,01,0,1,0,0,0,0,0,0,0,-,-,34.19535827636719,-117.14884185791016,SAN BERNARDINO,UNINCORPORATED,-117.14881134033205,34.19535446166992
9225019,2021,2021-03-19,3600,2021-01-23,2105,H7585,HE129,6,5,5,3619,0,0,0,NA,0,HE5,MAIN ST,8TH AV,0,NA,Y,C,D,N,NA,NA,NA,NA,NA,NA,NA,NA,NA,Y,3,0,6,4,A,-,09,21801,NA,N,D,C,A,C,H,-,C,D,0,NA,NA,NA,Y,Y,NA,A,01,0,3,3,0,0,0,0,0,0,-,-,NA,NA,SAN BERNARDINO,HESPERIA,-117.31803131103516,34.423973083496094
92250229,2023,2023-12-01,9835,2023-11-19,1026,019298,NA,7,1,9,3600,0,1,1,NA,2,077,INTERSTATE 15 (S/B) MOJAVE FWY,YATES WELL RD,10560,N,N,E,G,Y,SBD,NA,15,NA,NA,181.872,H,NA,L,N,3,0,2,3,A,-,03,22350,NA,N,C,C,A,A,H,-,A,D,0,NA,NA,NA,NA,Y,NA,A,01,0,2,0,0,0,0,0,0,0,-,-,35.54743957519531,-115.41715240478516,SAN BERNARDINO,UNINCORPORATED,-115.41713714599608,35.54743576049805
92251272,2023,2023-12-04,9860,2023-10-08,1400,022694,NA,7,2,9,3600,0,1,1,NA,2,216,I-215 S/B TO BASELINE STREET,BASELINE ST,30,N,N,A,-,Y,SBD,NA,215,NA,NA,8.103,H,NA,L,N,4,0,2,2,A,-,03,22350,NA,F,C,C,A,A,H,-,A,A,0,NA,NA,NA,NA,Y,NA,A,01,0,0,2,0,0,0,0,0,0,-,-,34.121700286865234,-117.30294799804688,SAN BERNARDINO,UNINCORPORATED,-117.30265808105467,34.12169647216797