CASE_ID,ACCIDENT_YEAR,PROC_DATE,JURIS,COLLISION_DATE,COLLISION_TIME,OFFICER_ID,REPORTING_DISTRICT,DAY_OF_WEEK,CHP_SHIFT,POPULATION,CNTY_CITY_LOC,SPECIAL_COND,BEAT_TYPE,CHP_BEAT_TYPE,CITY_DIVISION_LAPD,CHP_BEAT_CLASS,BEAT_NUMBER,PRIMARY_RD,SECONDARY_RD,DISTANCE,DIRECTION,INTERSECTION,WEATHER_1,WEATHER_2,STATE_HWY_IND,CALTRANS_COUNTY,CALTRANS_DISTRICT,STATE_ROUTE,ROUTE_SUFFIX,POSTMILE_PREFIX,POSTMILE,LOCATION_TYPE,RAMP_INTERSECTION,SIDE_OF_HWY,TOW_AWAY,COLLISION_SEVERITY,NUMBER_KILLED,NUMBER_INJURED,PARTY_COUNT,PRIMARY_COLL_FACTOR,PCF_CODE_OF_VIOL,PCF_VIOL_CATEGORY,PCF_VIOLATION,PCF_VIOL_SUBSECTION,HIT_AND_RUN,TYPE_OF_COLLISION,MVIW,PED_ACTION,ROAD_SURFACE,ROAD_COND_1,ROAD_COND_2,LIGHTING,CONTROL_DEVICE,CHP_ROAD_TYPE,PEDESTRIAN_ACCIDENT,BICYCLE_ACCIDENT,MOTORCYCLE_ACCIDENT,TRUCK_ACCIDENT,NOT_PRIVATE_PROPERTY,ALCOHOL_INVOLVED,STWD_VEHTYPE_AT_FAULT,CHP_VEHTYPE_AT_FAULT,COUNT_SEVERE_INJ,COUNT_VISIBLE_INJ,COUNT_COMPLAINT_PAIN,COUNT_PED_KILLED,COUNT_PED_INJURED,COUNT_BICYCLIST_KILLED,COUNT_BICYCLIST_INJURED,COUNT_MC_KILLED,COUNT_MC_INJURED,PRIMARY_RAMP,SECONDARY_RAMP,LATITUDE,LONGITUDE,COUNTY,CITY,POINT_X,POINT_Y
9298895,2021,2021-08-24,3608,2021-07-12,0721,3675,NA,1,5,5,3608,0,0,0,NA,0,NA,LUGONIA AV,JUDSON ST,0,NA,Y,A,-,Y,SBD,8,38,-,-,2.09,H,-,W,N,4,0,1,2,A,-,03,22350,NA,N,C,C,A,A,H,-,A,A,0,NA,NA,NA,NA,Y,NA,D,22,0,0,1,0,0,0,0,0,0,-,-,NA,NA,SAN BERNARDINO,REDLANDS,-117.15597534179688,34.07008743286133
9300210,2021,2021-08-09,3603,2021-06-24,2132,4901,CPD,4,5,4,3603,0,0,0,NA,0,001,RANCHO AV,C ST,166,N,N,A,-,N,NA,NA,NA,NA,NA,NA,NA,NA,NA,Y,3,0,1,3,A,-,02,21654,NA,F,B,C,A,A,H,-,C,D,0,NA,NA,NA,NA,Y,NA,A,01,0,1,0,0,0,0,0,0,0,-,-,34.075218200683594,-117.33513641357422,SAN BERNARDINO,COLTON,-117.33519744873048,34.07441329956055
9300694,2021,2021-08-18,3603,2021-07-02,1617,4861,CPD,5,5,4,3603,0,0,0,NA,0,002,E LAUREL ST,N REDLANDS AV,25,E,N,A,-,N,NA,NA,NA,NA,NA,NA,NA,NA,NA,N,4,0,1,3,A,-,09,21804,A,N,D,C,A,A,H,-,A,D,0,NA,NA,NA,NA,Y,NA,A,07,0,0,1,0,0,0,0,0,0,-,-,34.08123016357422,-117.316162109375,SAN BERNARDINO,COLTON,-117.31605529785156,34.08121109008789
9301329,2021,2021-08-19,3608,2021-07-13,1528,3675,NA,2,5,5,3608,0,0,0,NA,0,NA,ORANGE ST,PEARL AV,0,NA,Y,A,-,N,NA,NA,NA,NA,NA,NA,NA,NA,NA,Y,4,0,1,2,D,-,00,NA,NA,N,D,C,A,A,H,-,A,A,0,NA,NA,NA,NA,Y,NA,-,-,0,0,1,0,0,0,0,0,0,-,-,NA,NA,SAN BERNARDINO,REDLANDS,-117.18254852294922,34.06132888793945
9301673,2021,2021-09-15,3600,2021-08-07,1238,G6918,VC020,6,5,5,3612,0,0,0,NA,0,VC3,BEAR VALLEY RD,BALSAM AV,281,E,N,A,-,N,NA,NA,NA,NA,NA,NA,NA,NA,NA,N,4,0,2,2,A,-,09,21804,A,N,D,C,A,A,H,-,A,A,0,NA,NA,NA,NA,Y,NA,D,22,0,0,2,0,0,0,0,0,0,-,-,NA,NA,SAN BERNARDINO,VICTORVILLE,-117.32901763916016,34.4705810546875
9301772,2021,2021-09-07,3600,2021-07-24,2244,C8664,AP003,6,5,5,3621,0,0,0,NA,0,AP1,RT 18,CORWIN RD,287,E,N,A,-,Y,SBD,8,18,-,-,93.77,H,-,N,N,1,1,1,2,A,-,11,21954,A,N,G,B,D,A,H,-,D,D,0,Y,NA,NA,NA,Y,NA,N,60,0,1,0,1,0,0,0,0,0,-,-,34.53963851928711,-117.26161956787108,SAN BERNARDINO,APPLE VALLEY,-117.26164245605467,34.53961181640625
9302368,2021,2021-08-16,3600,2021-03-02,1317,F6904,RC052,2,5,6,3616,0,0,0,NA,0,RC4,FOOTHILL BL,VINEYARD AV,0,NA,Y,A,-,N,NA,NA,NA,NA,NA,NA,NA,NA,NA,Y,3,0,1,1,A,-,01,23152,F,N,E,I,A,A,H,-,A,A,0,NA,NA,NA,NA,Y,NA,A,01,0,1,0,0,0,0,0,0,0,-,-,NA,NA,SAN BERNARDINO,RANCHO CUCAMONGA,-117.61106872558594,34.106571197509766
9302371,2021,2021-08-12,3600,2021-03-11,0016,G7668,RC053,4,5,6,3616,0,0,0,NA,0,005,MILLIKEN AV,JERSEY BL,302,N,N,C,-,N,NA,NA,NA,NA,NA,NA,NA,NA,NA,Y,2,0,1,1,A,-,03,22350,A,N,E,I,A,B,H,-,C,D,0,NA,NA,NA,NA,Y,NA,A,01,1,0,0,0,0,0,0,0,0,-,-,NA,NA,SAN BERNARDINO,RANCHO CUCAMONGA,-117.55584716796876,34.09543991088867
9302417,2021,2021-08-17,3610,2021-06-14,1304,50756,NA,1,5,6,3610,0,0,0,NA,0,BAKER,N E ST,W 16TH ST,0,NA,Y,A,-,N,NA,NA,NA,NA,NA,NA,NA,NA,NA,Y,4,0,1,2,A,-,09,21802,A,N,D,C,A,A,H,-,A,D,0,NA,NA,Y,NA,Y,NA,A,01,0,0,1,0,0,0,0,0,1,-,-,NA,NA,SAN BERNARDINO,SAN BERNARDINO,-117.2941665649414,34.12854766845703
9308598,2021,2021-08-26,3610,2021-06-16,0809,50584,NA,3,5,6,3610,0,0,0,NA,0,POLICE,N STERLING AV,E 5TH ST,0,NA,Y,A,-,N,NA,NA,NA,NA,NA,NA,NA,NA,NA,Y,3,0,3,2,A,-,12,21453,A,N,D,C,A,A,H,-,A,A,0,NA,NA,NA,NA,Y,NA,A,01,0,1,2,0,0,0,0,0,0,-,-,34.10831069946289,-117.24368286132813,SAN BERNARDINO,SAN BERNARDINO,-117.24369049072266,34.108306884765625
9308984,2021,2021-10-07,3600,2021-02-28,1600,F7786,UP001,7,5,6,3616,0,0,0,NA,0,0UP,ARROW RT,GROVE AV,0,NA,Y,A,-,N,NA,NA,NA,NA,NA,NA,NA,NA,NA,N,4,0,1,2,A,-,10,21950,A,N,G,B,B,A,H,-,A,A,0,Y,NA,NA,NA,Y,NA,A,01,0,0,1,0,1,0,0,0,0,-,-,NA,NA,SAN BERNARDINO,RANCHO CUCAMONGA,-117.62854766845705,34.09941482543945
9312796,2021,2021-08-30,3600,2021-05-22,2344,G9455,VC013,6,5,5,3612,0,0,0,NA,0,VC4,AMARGOSA RD,BEAR VALLY RD,724,N,N,A,-,N,NA,NA,NA,NA,NA,NA,NA,NA,NA,Y,3,0,1,1,A,-,08,22107,NA,N,E,J,A,A,H,-,C,D,0,NA,NA,NA,NA,Y,NA,D,22,0,1,0,0,0,0,0,0,0,-,-,NA,NA,SAN BERNARDINO,VICTORVILLE,-117.34706878662108,34.47172546386719
9315130,2021,2021-09-01,3600,2021-06-07,1618,H7572,RC033,1,5,6,3616,0,0,0,NA,0,RC5,ARCHIBALD AV,ARROW RT,209,S,N,A,-,N,NA,NA,NA,NA,NA,NA,NA,NA,NA,Y,3,0,1,2,A,-,09,21804,NA,N,D,C,A,A,H,-,A,D,0,NA,NA,NA,NA,Y,NA,A,01,0,1,0,0,0,0,0,0,0,-,-,34.09931182861328,-117.5934600830078,SAN BERNARDINO,RANCHO CUCAMONGA,-117.5934829711914,34.09873580932617
9315156,2021,2021-09-09,3610,2021-07-03,2041,51260,NA,6,5,6,3610,0,0,0,NA,0,COURTE,N WALL AV,E BASELINE ST,0,NA,Y,A,-,N,NA,NA,NA,NA,NA,NA,NA,NA,NA,N,3,0,1,2,A,-,11,21954,A,N,G,B,E,A,H,-,D,D,0,Y,NA,NA,NA,Y,NA,N,60,0,1,0,0,1,0,0,0,0,-,-,34.12133026123047,-117.28134918212892,SAN BERNARDINO,SAN BERNARDINO,-117.28135681152344,34.12133026123047
9315160,2021,2021-09-09,3610,2021-07-12,1645,51350,NA,1,5,6,3610,0,0,0,NA,0,POLICE,W 2ND ST,NORTH ARROWHEAD AV,0,NA,Y,A,-,N,NA,NA,NA,NA,NA,NA,NA,NA,NA,Y,4,0,1,2,A,-,09,21803,A,N,A,C,A,A,H,-,A,A,0,NA,NA,NA,NA,Y,NA,A,01,0,0,1,0,0,0,0,0,0,-,-,34.10271072387695,-117.2895965576172,SAN BERNARDINO,SAN BERNARDINO,-117.28964996337892,34.10271072387695
9315530,2021,2021-09-07,3600,2021-03-06,1513,F6913,RC058,6,5,6,3616,0,0,0,NA,0,004,GROVE AV,9TH ST,0,NA,Y,A,-,N,NA,NA,NA,NA,NA,NA,NA,NA,NA,Y,3,0,3,2,A,-,12,21453,A,N,D,C,A,A,H,-,A,A,0,NA,NA,NA,Y,Y,NA,A,07,0,3,0,0,0,0,0,0,0,-,-,NA,NA,SAN BERNARDINO,RANCHO CUCAMONGA,-117.62857818603516,34.0959587097168
9315597,2021,2021-09-08,3610,2021-07-03,2056,51065,NA,6,5,6,3610,0,0,0,NA,0,POLICE,W FOOTHILL BL,RANCHO AV,328,E,N,A,-,Y,SBD,8,66,-,-,21.29,H,-,E,Y,4,0,3,2,A,-,08,22107,NA,N,D,C,A,A,H,-,C,D,0,NA,NA,NA,NA,Y,NA,D,22,0,0,3,0,0,0,0,0,0,-,-,34.10670852661133,-117.33412933349608,SAN BERNARDINO,SAN BERNARDINO,-117.33290863037108,34.10663604736328
9315743,2021,2021-09-15,3600,2021-06-03,1956,G8525,VC046,4,5,5,3612,0,0,0,NA,0,VC6,D ST,AIR EXPWY,0,NA,Y,A,-,N,NA,NA,NA,NA,NA,NA,NA,NA,NA,Y,4,0,1,2,A,-,03,22350,NA,M,C,C,A,A,H,-,C,A,0,NA,NA,NA,NA,Y,NA,A,07,0,0,1,0,0,0,0,0,0,-,-,NA,NA,SAN BERNARDINO,VICTORVILLE,-117.31846618652344,34.5662727355957
9315768,2021,2021-09-03,3600,2021-05-20,2148,G8528,VC033,4,5,5,3612,0,0,0,NA,0,VC3,HESPERIA RD,CENTER ST,212,N,N,A,-,N,NA,NA,NA,NA,NA,NA,NA,NA,NA,Y,4,0,1,2,A,-,08,22107,NA,M,C,C,A,A,H,-,C,D,0,NA,NA,NA,NA,Y,NA,A,01,0,0,1,0,0,0,0,0,0,-,-,NA,NA,SAN BERNARDINO,VICTORVILLE,-117.2965087890625,34.522438049316406
9315867,2021,2021-09-04,3600,2021-03-17,1535,F7786,RC018,3,5,6,3616,0,0,0,NA,0,005,RED OAK ST,JERSEY BL,0,NA,Y,A,-,N,NA,NA,NA,NA,NA,NA,NA,NA,NA,N,4,0,1,2,A,-,05,21650,1,N,D,G,A,A,H,-,A,D,0,NA,Y,NA,NA,Y,NA,L,04,0,0,1,0,0,0,1,0,0,-,-,NA,NA,SAN BERNARDINO,RANCHO CUCAMONGA,-117.56905364990234,34.094608306884766
9315870,2021,2021-09-04,3600,2021-03-31,1229,E3370,RC046,3,5,6,3616,0,0,0,NA,0,001,19TH ST,VINEYARD AV,222,E,N,A,-,N,NA,NA,NA,NA,NA,NA,NA,NA,NA,N,3,0,1,2,A,-,09,21804,A,F,G,B,D,A,H,-,A,D,0,Y,NA,NA,NA,Y,NA,-,99,0,1,0,0,1,0,0,0,0,-,-,NA,NA,SAN BERNARDINO,RANCHO CUCAMONGA,-117.61026763916016,34.13262939453125
9316309,2021,2021-09-22,3604,2021-08-21,2158,1285,NA,6,5,6,3604,0,0,0,NA,0,NA,DUNCAN CANYON RD,BROOKSIDE AV,140,E,N,A,-,N,NA,NA,NA,NA,NA,NA,NA,NA,NA,Y,3,0,1,1,A,-,01,23152,A,N,A,I,A,A,H,-,C,A,0,NA,NA,NA,NA,Y,Y,A,08,0,1,0,0,0,0,0,0,0,-,-,NA,NA,SAN BERNARDINO,FONTANA,-117.47809600830078,34.16478729248047
9316335,2021,2021-09-22,3603,2021-08-23,1354,4012,CPD,1,5,4,3603,0,0,0,NA,0,001,MERIDIAN AV,SERENATA ST,0,NA,Y,A,-,N,NA,NA,NA,NA,NA,NA,NA,NA,NA,N,3,0,2,2,A,-,03,22350,NA,N,C,C,A,A,H,-,A,A,0,NA,NA,NA,NA,Y,NA,A,07,0,1,1,0,0,0,0,0,0,-,-,34.07831954956055,-117.34851837158205,SAN BERNARDINO,COLTON,-117.3485107421875,34.07830047607422
9317359,2021,2021-09-20,3600,2021-08-13,0800,F7777,LL005,5,5,3,3615,0,0,0,NA,0,LL1,MOUNTAIN VIEW AV,SUN AV,0,NA,Y,A,-,N,NA,NA,NA,NA,NA,NA,NA,NA,NA,Y,3,0,2,2,A,-,09,21801,A,N,D,C,A,A,H,-,A,A,0,NA,NA,NA,NA,Y,NA,A,01,0,2,0,0,0,0,0,0,0,-,-,NA,NA,SAN BERNARDINO,LOMA LINDA,-117.24368286132813,34.064090728759766
9318159,2021,2021-10-02,3600,2021-08-19,2115,B9547,HE104,4,5,5,3619,0,0,0,NA,0,HE1,BEARVALLEY RD,7TH AV,0,NA,Y,A,-,N,NA,NA,NA,NA,NA,NA,NA,NA,NA,Y,4,0,1,2,A,-,09,21800,D,N,D,C,A,A,H,-,C,B,0,NA,NA,NA,NA,Y,NA,A,01,0,0,1,0,0,0,0,0,0,-,-,NA,NA,SAN BERNARDINO,HESPERIA,-117.31237030029295,34.47071838378906
9318566,2021,2021-09-14,3600,2021-07-18,1407,H8985,VC023,7,5,5,3619,0,0,0,NA,0,HE1,BEAR VALLEY RD,2ND AV,405,E,N,A,-,N,NA,NA,NA,NA,NA,NA,NA,NA,NA,Y,3,0,3,2,A,-,07,21658,A,N,B,C,A,A,H,-,A,D,0,NA,NA,NA,NA,Y,Y,A,07,0,1,2,0,0,0,0,0,0,-,-,NA,NA,SAN BERNARDINO,HESPERIA,-117.29788208007813,34.47089385986328
9318954,2021,2021-09-28,3608,2021-07-26,1410,4027,NA,1,5,5,3608,0,0,0,NA,0,NA,ELIZABETH ST,DWIGHT ST,0,NA,Y,A,-,N,NA,NA,NA,NA,NA,NA,NA,NA,NA,N,4,0,1,2,A,-,09,21802,A,N,D,C,A,A,H,-,A,A,0,NA,NA,NA,NA,Y,NA,D,22,0,0,1,0,0,0,0,0,0,-,-,NA,NA,SAN BERNARDINO,REDLANDS,-117.16282653808594,34.030792236328125
9319680,2021,2021-09-21,3600,2021-08-15,0022,G3926,HE324,7,5,5,3619,0,0,0,NA,0,HE5,SUMMIT VALLEY RD,TELEPHONE CANYON RD,1354,N,N,A,-,N,NA,NA,NA,NA,NA,NA,NA,NA,NA,Y,4,0,1,1,A,-,05,21650,NA,N,F,J,A,A,H,-,D,D,0,NA,NA,NA,NA,Y,NA,D,22,0,0,1,0,0,0,0,0,0,-,-,NA,NA,SAN BERNARDINO,HESPERIA,-117.32820892333984,34.37057113647461
9319766,2021,2021-09-08,3600,2021-07-24,0103,G8565,HI013,6,5,4,3618,0,0,0,NA,0,HI2,CYPRESS ST,CENTRAL AV,630,W,N,A,-,N,NA,NA,NA,NA,NA,NA,NA,NA,NA,Y,3,0,1,2,A,-,01,23152,A,N,A,C,A,A,H,-,C,D,0,NA,NA,NA,NA,Y,Y,A,01,0,1,0,0,0,0,0,0,0,-,-,NA,NA,SAN BERNARDINO,HIGHLAND,-117.21955108642578,34.11399459838867
9319971,2021,2021-10-09,3605,2021-08-30,0751,399,NA,1,5,4,3605,0,0,0,NA,0,NA,BENSON AV,VESTA ST,0,NA,Y,A,-,N,NA,NA,NA,NA,NA,NA,NA,NA,NA,N,4,0,2,2,A,-,03,22350,NA,N,C,C,A,A,H,-,A,D,0,NA,NA,NA,Y,Y,NA,F,26,0,0,2,0,0,0,0,0,0,-,-,NA,NA,SAN BERNARDINO,MONTCLAIR,-117.68080902099608,34.06544876098633
9320302,2021,2022-01-20,3600,2021-10-20,0058,G6918,VC069,3,5,5,3612,0,0,0,NA,0,VC5,RT 395,LUNA RD,1200,S,N,A,-,Y,SBD,8,395,-,-,9.92,H,-,N,Y,1,1,0,2,A,-,05,21460,A,N,A,C,A,A,H,-,D,D,0,NA,NA,NA,Y,Y,Y,A,07,0,0,0,0,0,0,0,0,0,-,-,34.484928131103516,-117.39949035644533,SAN BERNARDINO,VICTORVILLE,-117.39950561523438,34.48904037475586
9320364,2021,2022-02-08,3600,2021-10-28,2009,H6883,HE326,4,5,5,3619,0,0,0,NA,0,HE3,RANCHERO RD,EDISON POLE #4069713E,139,W,N,A,-,N,NA,NA,NA,NA,NA,NA,NA,NA,NA,Y,1,1,0,2,A,-,03,22350,NA,N,D,C,A,A,H,-,D,D,0,NA,NA,Y,NA,Y,NA,C,02,0,0,0,0,0,0,0,1,0,-,-,34.383140563964844,-117.40196990966795,SAN BERNARDINO,HESPERIA,NA,NA
9320681,2021,2023-07-18,3610,2021-10-09,1307,50808,NA,6,5,6,3610,0,0,0,NA,0,NA,E BASELINE ST,N CEDAR ST,0,NA,Y,A,-,N,NA,NA,NA,NA,NA,NA,NA,NA,NA,Y,1,1,2,3,A,-,01,23152,A,N,A,C,A,A,H,-,A,D,0,NA,NA,NA,NA,Y,Y,A,07,1,0,1,0,0,0,0,0,0,-,-,34.12131881713867,-117.26966094970705,SAN BERNARDINO,SAN BERNARDINO,-117.26767730712892,34.12133026123047
9320748,2021,2022-05-27,3600,2021-12-17,0739,F6913,RC033,5,5,6,3616,0,0,0,NA,0,005,ARROW ROUTE,HERMOSA AV,195,W,N,A,-,N,NA,NA,NA,NA,NA,NA,NA,NA,NA,Y,1,1,1,2,A,-,09,21801,A,N,D,C,A,A,H,-,B,A,0,NA,NA,Y,NA,Y,NA,A,07,0,1,0,0,0,0,0,1,0,-,-,NA,NA,SAN BERNARDINO,RANCHO CUCAMONGA,-117.58531188964844,34.099281311035156
9320781,2022,2022-06-13,3608,2022-03-28,0557,3675,NA,1,5,5,3608,0,0,0,NA,0,NA,TEXAS ST,COLTON AV,1000,S,N,A,-,N,NA,NA,NA,NA,NA,NA,NA,NA,NA,Y,1,1,0,2,A,-,11,21956,NA,N,G,B,E,A,H,-,C,D,0,Y,NA,NA,NA,Y,NA,N,60,0,0,0,1,0,0,0,0,0,-,-,NA,NA,SAN BERNARDINO,REDLANDS,-117.1913604736328,34.060150146484375
9320826,2022,2023-03-02,3600,2022-05-13,2347,H6960,NA,5,5,4,3618,0,0,0,NA,0,132201,PALM AV,CYPRESS ST,555,NA,N,A,-,N,NA,NA,NA,NA,NA,NA,NA,NA,NA,N,1,1,0,2,D,-,00,NA,NA,N,A,G,A,A,H,-,C,D,0,NA,Y,NA,NA,Y,Y,-,-,0,0,0,0,0,1,0,0,0,-,-,NA,NA,SAN BERNARDINO,HIGHLAND,-117.20877075195313,34.11326599121094
9320831,2021,2023-07-18,3610,2021-07-23,2228,50280,NA,5,5,6,3610,0,0,0,NA,0,ADAM,W RIALTO AV,MACY ST,450,W,N,A,-,N,NA,NA,NA,NA,NA,NA,NA,NA,NA,Y,1,1,0,1,A,-,03,22350,NA,N,E,I,A,A,H,-,C,D,0,NA,NA,NA,NA,Y,Y,A,01,0,0,0,0,0,0,0,0,0,-,-,NA,NA,SAN BERNARDINO,SAN BERNARDINO,-117.34139251708984,34.09955978393555
9321279,2022,2022-07-20,3600,2022-02-14,0628,B5934,AD310,1,5,3,3613,0,0,0,NA,0,AD2,RT 395,ADELANTO RD,10,N,N,A,-,Y,SBD,8,395,-,-,13.66,H,-,N,Y,3,0,1,1,A,-,03,22350,NA,N,A,I,A,A,H,-,A,A,0,NA,NA,NA,NA,Y,NA,A,01,0,1,0,0,0,0,0,0,0,-,-,NA,NA,SAN BERNARDINO,ADELANTO,-117.39993286132813,34.543514251708984
9321809,2021,2021-10-08,3600,2021-08-21,1553,G6918,VC068,6,5,5,3612,0,0,0,NA,0,VC6,MOJAVE DR,MOJAVE DR 12145,0,NA,N,A,-,N,NA,NA,NA,NA,NA,NA,NA,NA,NA,Y,4,0,1,1,B,-,22,NA,NA,N,E,A,A,A,H,-,A,A,0,NA,NA,NA,NA,Y,NA,D,22,0,0,1,0,0,0,0,0,0,-,-,34.528709411621094,-117.3955535888672,SAN BERNARDINO,VICTORVILLE,-117.30052947998048,34.527889251708984
9322937,2021,2021-10-18,3610,2021-08-09,0921,51326,NA,1,5,6,3610,0,0,0,NA,0,POLICE,RT 18,OLD WATERMAN CANYON RD,536,N,N,A,-,Y,SBD,8,18,-,R,13.4,H,-,S,Y,3,0,1,1,A,-,01,23152,B,N,F,I,A,A,H,-,A,D,0,NA,NA,NA,NA,Y,Y,A,07,0,1,0,0,0,0,0,0,0,-,-,NA,NA,SAN BERNARDINO,SAN BERNARDINO,-117.28962707519533,34.21726608276367
9323116,2021,2021-10-08,3600,2021-08-21,0045,8994,404,6,5,5,3619,0,0,0,NA,0,004,SANTA FE AV,SULTANA ST,575,N,N,A,-,N,NA,NA,NA,NA,NA,NA,NA,NA,NA,Y,4,0,1,2,A,-,09,21802,NA,N,A,C,A,A,H,-,D,D,0,NA,NA,NA,NA,Y,NA,D,22,0,0,1,0,0,0,0,0,0,-,-,NA,NA,SAN BERNARDINO,HESPERIA,-117.30261993408205,34.41562271118164
9323670,2021,2021-09-14,3608,2021-07-18,0258,5007,SBCEN,7,5,5,3608,0,0,0,NA,0,NA,ORANGE ST,LASHEART DR,0,NA,Y,A,-,N,NA,NA,NA,NA,NA,NA,NA,NA,NA,NA,3,0,3,2,A,-,05,21460,NA,N,C,C,A,A,H,-,C,A,0,NA,NA,NA,NA,Y,NA,-,NA,0,2,1,0,0,0,0,0,0,-,-,NA,NA,SAN BERNARDINO,REDLANDS,NA,NA
9324132,2021,2021-10-14,3600,2021-06-21,0354,H5892,VC016,1,5,5,3612,0,0,0,NA,0,VC02,7TH ST,LORENE DR,0,NA,Y,A,-,N,NA,NA,NA,NA,NA,NA,NA,NA,NA,Y,4,0,1,2,A,-,03,22350,NA,F,D,C,A,A,H,-,C,A,0,NA,NA,NA,NA,Y,NA,A,01,0,0,1,0,0,0,0,0,0,-,-,NA,NA,SAN BERNARDINO,VICTORVILLE,-117.3156280517578,34.513954162597656
9324605,2021,2021-09-21,3600,2021-06-10,0653,H8377,VC042,4,5,5,3612,0,0,0,NA,0,VC1,D ST,6TH ST,0,NA,Y,A,-,N,NA,NA,NA,NA,NA,NA,NA,NA,NA,Y,3,0,2,2,A,-,09,21801,A,N,A,C,A,A,H,-,A,A,0,NA,NA,NA,NA,Y,NA,A,01,0,2,0,0,0,0,0,0,0,-,-,NA,NA,SAN BERNARDINO,VICTORVILLE,-117.29373931884766,34.53702163696289
9324776,2021,2021-09-28,3610,2021-07-27,1930,51195,NA,2,5,6,3610,0,0,0,NA,0,ADAM,W MILL ST,S RANCHO ST,0,NA,Y,A,-,N,NA,NA,NA,NA,NA,NA,NA,NA,NA,Y,4,0,2,2,A,-,09,21801,A,N,D,C,A,A,H,-,B,A,0,NA,NA,NA,NA,Y,NA,A,01,0,0,2,0,0,0,0,0,0,-,-,34.09231185913086,-117.33364868164063,SAN BERNARDINO,SAN BERNARDINO,-117.33367156982422,34.0922966003418
9325018,2021,2021-09-29,3600,2021-08-28,1841,G3926,HE322,6,5,5,3619,0,0,0,NA,0,HE5,7TH AV,3RD AV,0,NA,Y,A,-,N,NA,NA,NA,NA,NA,NA,NA,NA,NA,N,3,0,4,2,A,-,12,22450,A,N,D,C,A,A,H,-,A,A,0,NA,NA,NA,NA,Y,NA,A,01,0,2,2,0,0,0,0,0,0,-,-,NA,NA,SAN BERNARDINO,HESPERIA,-117.31967163085938,34.38520050048828
9326418,2021,2021-10-13,3600,2021-03-10,1457,G3868,AD207,3,5,3,3613,0,0,0,NA,0,AD1,RT 395,CHAMBERLAINE WY,0,NA,Y,A,-,Y,SBD,8,395,-,-,16.741,I,5,S,Y,2,0,2,2,A,-,12,21453,A,N,D,C,A,A,H,-,A,A,0,NA,NA,NA,NA,Y,NA,A,01,1,1,0,0,0,0,0,0,0,-,-,NA,NA,SAN BERNARDINO,ADELANTO,-117.41456604003906,34.586483001708984
9326592,2021,2021-11-16,3600,2021-09-23,0629,D7727,YC201,4,5,4,3640,0,0,0,NA,0,YC1,BRYANT ST,CARTER ST,0,NA,Y,A,-,N,NA,NA,NA,NA,NA,NA,NA,NA,NA,Y,3,0,1,2,A,-,08,22107,A,N,G,B,E,A,-,-,A,A,0,Y,NA,NA,NA,Y,NA,-,-,0,1,0,0,1,0,0,0,0,-,-,NA,NA,SAN BERNARDINO,YUCAIPA,-117.03456878662108,34.062904357910156
9326655,2021,2021-10-22,3600,2021-08-17,0940,E8923,HI005,2,5,4,3618,0,0,0,NA,0,HI1,9TH ST,GUTHRE ST,50,W,N,A,-,N,NA,NA,NA,NA,NA,NA,NA,NA,NA,N,3,0,2,2,A,-,08,22107,NA,N,C,B,A,A,H,-,A,D,0,NA,NA,NA,NA,Y,NA,A,01,0,1,1,0,0,0,0,0,0,-,-,34.118961334228516,-117.2368621826172,SAN BERNARDINO,HIGHLAND,-117.24027252197266,34.11573028564453
9327078,2021,2021-10-28,3600,2021-09-09,1358,B9547,HE306,4,5,5,3619,0,0,0,NA,0,HE3,MAIN ST,TOPAZ AV,0,NA,Y,A,-,N,NA,NA,NA,NA,NA,NA,NA,NA,NA,Y,3,0,1,2,A,-,08,22107,NA,N,A,C,A,A,H,-,A,A,0,NA,NA,NA,NA,Y,NA,D,22,0,1,0,0,0,0,0,0,0,-,-,NA,NA,SAN BERNARDINO,HESPERIA,-117.35539245605467,34.426727294921875
9327251,2021,2021-10-14,3600,2021-09-29,1601,H9750,AP018,3,5,5,3621,0,0,0,NA,0,AP4,OUTER RT 18 N,NAVAJO RD,575,E,N,A,-,N,NA,NA,NA,NA,NA,NA,NA,NA,NA,N,4,0,1,2,A,-,03,22350,NA,N,D,C,A,A,H,-,A,D,0,NA,NA,Y,NA,Y,NA,C,02,0,0,1,0,0,0,0,0,1,-,-,NA,NA,SAN BERNARDINO,APPLE VALLEY,-117.18834686279295,34.500732421875
9327663,2021,2021-09-15,3600,2021-06-09,2047,H5904,3600,3,5,5,3612,0,0,0,NA,0,VC030,HESPERIA RD,SENECA RD,804,N,N,A,-,N,NA,NA,NA,NA,NA,NA,NA,NA,NA,Y,2,0,1,2,A,-,09,21801,A,F,A,C,A,A,H,-,C,A,0,NA,NA,Y,NA,Y,NA,A,01,1,0,0,0,0,0,0,0,0,-,-,NA,NA,SAN BERNARDINO,VICTORVILLE,-117.29852294921876,34.51668930053711
9336152,2021,2021-10-28,3604,2021-09-01,0752,D181,121G1,3,5,6,3604,0,0,0,NA,0,NA,OLEANDER AV,VALENCIA AV,210,S,N,A,-,N,NA,NA,NA,NA,NA,NA,NA,NA,NA,N,3,0,1,2,A,-,21,22106,NA,N,B,C,A,A,H,-,A,D,0,NA,NA,NA,NA,Y,NA,A,01,0,1,0,0,0,0,0,0,0,-,-,34.096920013427734,-117.45008850097656,SAN BERNARDINO,FONTANA,-117.44883728027344,34.09686279296875
9336499,2021,2021-09-24,3604,2021-08-23,1621,680,NA,1,5,6,3604,0,0,0,NA,0,NA,FOOTHILL BL,CHERRY AV,315,W,N,A,-,N,NA,NA,NA,NA,NA,NA,NA,NA,NA,N,3,0,1,2,A,-,09,21804,A,N,D,G,A,A,H,-,A,D,0,NA,Y,NA,NA,Y,NA,A,01,0,1,0,0,0,0,1,0,0,-,-,NA,NA,SAN BERNARDINO,FONTANA,-117.48980712890624,34.106483459472656