CASE_ID,ACCIDENT_YEAR,PROC_DATE,JURIS,COLLISION_DATE,COLLISION_TIME,OFFICER_ID,REPORTING_DISTRICT,DAY_OF_WEEK,CHP_SHIFT,POPULATION,CNTY_CITY_LOC,SPECIAL_COND,BEAT_TYPE,CHP_BEAT_TYPE,CITY_DIVISION_LAPD,CHP_BEAT_CLASS,BEAT_NUMBER,PRIMARY_RD,SECONDARY_RD,DISTANCE,DIRECTION,INTERSECTION,WEATHER_1,WEATHER_2,STATE_HWY_IND,CALTRANS_COUNTY,CALTRANS_DISTRICT,STATE_ROUTE,ROUTE_SUFFIX,POSTMILE_PREFIX,POSTMILE,LOCATION_TYPE,RAMP_INTERSECTION,SIDE_OF_HWY,TOW_AWAY,COLLISION_SEVERITY,NUMBER_KILLED,NUMBER_INJURED,PARTY_COUNT,PRIMARY_COLL_FACTOR,PCF_CODE_OF_VIOL,PCF_VIOL_CATEGORY,PCF_VIOLATION,PCF_VIOL_SUBSECTION,HIT_AND_RUN,TYPE_OF_COLLISION,MVIW,PED_ACTION,ROAD_SURFACE,ROAD_COND_1,ROAD_COND_2,LIGHTING,CONTROL_DEVICE,CHP_ROAD_TYPE,PEDESTRIAN_ACCIDENT,BICYCLE_ACCIDENT,MOTORCYCLE_ACCIDENT,TRUCK_ACCIDENT,NOT_PRIVATE_PROPERTY,ALCOHOL_INVOLVED,STWD_VEHTYPE_AT_FAULT,CHP_VEHTYPE_AT_FAULT,COUNT_SEVERE_INJ,COUNT_VISIBLE_INJ,COUNT_COMPLAINT_PAIN,COUNT_PED_KILLED,COUNT_PED_INJURED,COUNT_BICYCLIST_KILLED,COUNT_BICYCLIST_INJURED,COUNT_MC_KILLED,COUNT_MC_INJURED,PRIMARY_RAMP,SECONDARY_RAMP,LATITUDE,LONGITUDE,COUNTY,CITY,POINT_X,POINT_Y
9364669,2021,2021-12-20,3603,2021-11-07,0759,4861,CPD,7,5,4,3603,0,0,0,NA,0,002,N LA CADENA DR,E G ST,50,S,N,B,-,N,NA,NA,NA,NA,NA,NA,NA,NA,NA,Y,2,0,2,2,C,-,18,NA,NA,N,D,C,A,A,H,-,B,D,0,NA,NA,NA,NA,Y,NA,-,-,1,1,0,0,0,0,0,0,0,-,-,34.069061279296875,-117.32386779785156,SAN BERNARDINO,COLTON,-117.32389068603516,34.06891632080078
9367654,2021,2021-12-22,3600,2021-11-03,1305,I4823,YV016,3,5,3,3631,0,0,0,NA,0,YV1,WARREN VISTA AV,PUEBLO TRL,20,W,N,A,-,N,NA,NA,NA,NA,NA,NA,NA,NA,NA,N,4,0,1,2,A,-,03,22350,NA,N,B,C,A,A,H,-,A,A,0,NA,NA,NA,NA,Y,NA,-,NA,0,0,1,0,0,0,0,0,0,-,-,34.11594009399414,-116.40540313720705,SAN BERNARDINO,YUCCA VALLEY,-116.40537261962892,34.11592102050781
9368818,2021,2022-02-07,3603,2021-11-23,1629,4012,CPD,2,5,4,3603,0,0,0,NA,0,003,RANCHO AV,VALLEY BL,0,NA,Y,A,-,N,NA,NA,NA,NA,NA,NA,NA,NA,NA,N,3,0,1,2,-,-,-,NA,NA,N,D,G,A,A,H,-,B,A,0,NA,Y,NA,NA,Y,NA,D,22,0,1,0,0,0,0,1,0,0,-,-,34.06800079345703,-117.33499908447266,SAN BERNARDINO,COLTON,-117.3357162475586,34.068565368652344
9369046,2021,2022-01-08,3600,2021-10-20,2111,F7615,LL018,3,5,3,3615,0,0,0,NA,0,LL2,BARTON RD,BENTON ST,0,NA,Y,A,-,N,NA,NA,NA,NA,NA,NA,NA,NA,NA,N,3,0,1,2,A,-,11,21955,NA,N,G,B,D,A,H,-,C,A,0,Y,NA,NA,NA,Y,NA,N,60,0,1,0,0,1,0,0,0,0,-,-,34.04800033569336,-117.25234985351563,SAN BERNARDINO,LOMA LINDA,-117.25240325927734,34.04827880859375
9369912,2021,2021-12-29,3600,2021-10-30,1933,F7786,RC027,6,5,6,3616,0,0,0,NA,0,002,ARCHIBALD AV,RT 210,0,NA,Y,A,-,Y,SBD,8,210,-,-,5.705,R,4,E,Y,3,0,3,2,A,-,01,23152,A,N,D,C,A,A,H,-,C,A,0,NA,NA,NA,NA,Y,Y,A,01,0,1,2,0,0,0,0,0,0,-,-,NA,NA,SAN BERNARDINO,RANCHO CUCAMONGA,-117.5969467163086,34.13492965698242
9370539,2021,2022-03-03,3610,2021-11-27,1730,51269,NA,6,5,6,3610,0,0,0,NA,0,BAKER,N SUNDANCE DR,N LITTLE MOUNTAIN DR,0,NA,Y,A,-,N,NA,NA,NA,NA,NA,NA,NA,NA,NA,N,2,0,1,2,A,-,11,21955,NA,N,G,B,D,A,H,-,D,A,0,Y,NA,NA,NA,Y,Y,N,60,1,0,0,0,1,0,0,0,0,-,-,34.176780700683594,-117.31429290771484,SAN BERNARDINO,SAN BERNARDINO,-117.31471252441406,34.176841735839844
9370902,2021,2022-01-13,3605,2021-12-04,1831,429,NA,6,5,4,3605,0,0,0,NA,0,NA,RAMONA,SAN BERNARDINO ST,0,NA,Y,A,-,N,NA,NA,NA,NA,NA,NA,NA,NA,NA,Y,4,0,1,2,A,-,12,22450,A,N,D,C,A,A,H,-,C,A,0,NA,NA,NA,NA,Y,NA,A,01,0,0,1,0,0,0,0,0,0,-,-,NA,NA,SAN BERNARDINO,MONTCLAIR,-117.70697784423828,34.077842712402344
9372639,2021,2021-12-17,3610,2021-11-05,1815,50863,NA,5,5,6,3610,0,0,0,NA,0,POLICE,W WABASH ST,MOUNTAIN  VIEW AV,50,W,N,A,-,N,NA,NA,NA,NA,NA,NA,NA,NA,NA,N,4,0,1,2,A,-,16,24002,A,N,G,B,E,-,H,-,A,D,0,Y,NA,NA,NA,Y,NA,A,01,0,0,1,0,1,0,0,0,0,-,-,34.1244010925293,-117.28827667236328,SAN BERNARDINO,SAN BERNARDINO,-117.28758239746094,34.12425994873047
9372824,2021,2021-12-27,3610,2021-11-03,1629,51337,NA,3,5,6,3610,0,0,0,NA,0,POLICE,NORTH ARROWHEAD AV,WEST MAGNOLIA AV,50,S,N,A,-,N,NA,NA,NA,NA,NA,NA,NA,NA,NA,Y,3,0,2,1,A,-,01,23153,A,N,E,I,A,A,H,-,A,D,0,NA,NA,NA,NA,Y,Y,A,01,0,2,0,0,0,0,0,0,0,-,-,34.12670135498047,-117.28965759277344,SAN BERNARDINO,SAN BERNARDINO,-117.28964996337892,34.126583099365234
9373061,2021,2021-12-11,3600,2021-10-30,1350,B9547,HE202,6,5,5,3619,0,0,0,NA,0,HE2,PEACH AV,DONERT ST,40,N,N,A,-,N,NA,NA,NA,NA,NA,NA,NA,NA,NA,Y,3,0,1,1,A,-,01,23152,A,N,F,A,A,A,H,-,A,D,0,NA,NA,NA,NA,Y,Y,A,07,0,1,0,0,0,0,0,0,0,-,-,NA,NA,SAN BERNARDINO,HESPERIA,-117.27081298828124,34.46574401855469
9373073,2021,2021-12-11,3600,2021-10-29,1118,G3599,HE128,5,5,5,3619,0,0,0,NA,0,HE5,MAIN ST,HICKORY AV,0,NA,Y,A,-,N,NA,NA,NA,NA,NA,NA,NA,NA,NA,N,3,0,3,2,A,-,09,21801,A,N,D,C,A,A,H,-,A,D,0,NA,NA,NA,NA,Y,NA,A,07,0,3,0,0,0,0,0,0,0,-,-,NA,NA,SAN BERNARDINO,HESPERIA,-117.32701110839844,34.425865173339844
9374306,2021,2021-12-16,3608,2021-10-26,1727,3905,NA,2,5,5,3608,0,0,0,NA,0,NA,BROOKSIDE AV,EUREKA ST,0,NA,Y,A,-,N,NA,NA,NA,NA,NA,NA,NA,NA,NA,Y,3,0,2,2,A,-,12,21453,A,N,A,C,A,A,H,-,A,A,0,NA,NA,NA,NA,Y,NA,A,01,0,1,1,0,0,0,0,0,0,-,-,NA,NA,SAN BERNARDINO,REDLANDS,-117.18547821044922,34.05537796020508
9375828,2021,2022-01-05,3600,2021-08-19,1513,F8556,RC069,4,5,6,3616,0,0,0,NA,0,003,SANTA YNEZ PL,LAUREL TREE DR,187,S,N,A,-,N,NA,NA,NA,NA,NA,NA,NA,NA,NA,N,3,0,1,2,A,-,11,21954,A,N,G,B,D,A,H,-,A,D,0,Y,NA,NA,NA,Y,NA,N,60,0,1,0,0,1,0,0,0,0,-,-,NA,NA,SAN BERNARDINO,RANCHO CUCAMONGA,-117.49871826171876,34.149349212646484
9376152,2021,2021-12-14,3600,2021-10-12,1613,E3370,RC014,2,5,6,3616,0,0,0,NA,0,006,CHURCH ST,MALAGA DR,47,W,N,A,-,N,NA,NA,NA,NA,NA,NA,NA,NA,NA,Y,3,0,1,2,A,-,12,21453,A,N,-,C,A,A,H,-,A,A,0,NA,NA,NA,NA,Y,NA,A,01,0,1,0,0,0,0,0,0,0,-,-,NA,NA,SAN BERNARDINO,RANCHO CUCAMONGA,-117.55068206787108,34.111507415771484
9376159,2021,2021-12-14,3600,2021-10-25,1145,G6918,VC074,1,5,5,3612,0,0,0,NA,0,VC6,MOJAVE DR,ONYX RD,612,E,N,F,G,N,NA,NA,NA,NA,NA,NA,NA,NA,NA,Y,3,0,1,5,A,-,03,22350,NA,N,C,C,A,A,H,-,A,A,0,NA,NA,NA,NA,Y,NA,A,01,0,1,0,0,0,0,0,0,0,-,-,34.52851104736328,-117.39885711669922,SAN BERNARDINO,VICTORVILLE,-117.3841552734375,34.52843475341797
93764081,2024,2024-08-14,9855,2024-07-13,2301,023010,NA,6,3,6,3604,0,1,1,NA,2,153,I-15 N/B (ONTARIO FWY),SUMMIT AVE.,4000,S,N,A,-,Y,SBD,NA,15,NA,NA,8.832,H,NA,R,N,4,0,2,2,B,-,22,NA,NA,N,C,C,A,A,H,-,D,D,0,NA,NA,NA,NA,Y,NA,J,48,0,0,2,0,0,0,0,0,0,-,-,34.14223861694336,-117.48869323730467,SAN BERNARDINO,FONTANA,-117.48860168457033,34.14216232299805
93764225,2024,2024-08-06,9855,2024-07-28,1700,023630,NA,7,2,6,3607,0,1,1,NA,2,152,I-15 S/B (ONTARIO FWY),E AIRPORT DRIVE,187,S,N,A,-,Y,SBD,NA,15,NA,NA,2.028,H,NA,L,Y,3,0,1,2,A,-,03,22350,NA,N,C,C,A,A,H,-,A,D,0,NA,NA,NA,NA,Y,NA,A,01,0,1,0,0,0,0,0,0,0,-,-,34.06214141845703,-117.54519653320313,SAN BERNARDINO,ONTARIO,-117.54510498046876,34.062137603759766
9377233,2021,2021-12-21,3600,2021-09-16,2035,G7668,RC6,4,5,6,3616,0,0,0,NA,0,006,DAY CREEK BL,FOOTHILL BL,140,N,N,A,-,N,NA,NA,NA,NA,NA,NA,NA,NA,NA,Y,4,0,1,3,A,-,03,22350,NA,N,C,C,A,A,H,-,C,A,0,NA,NA,NA,NA,Y,NA,A,01,0,0,1,0,0,0,0,0,0,-,-,NA,NA,SAN BERNARDINO,RANCHO CUCAMONGA,-117.53726196289063,34.10661315917969
9377243,2021,2022-01-06,3600,2021-06-23,0408,F4491,RC06,3,5,6,3616,0,0,0,NA,0,006,VICTORIA GARDENS LN,S MAIN ST,0,NA,Y,A,-,N,NA,NA,NA,NA,NA,NA,NA,NA,NA,Y,3,0,2,1,A,-,01,23152,NA,N,E,I,A,A,H,-,C,D,0,NA,NA,NA,NA,Y,Y,A,01,0,2,0,0,0,0,0,0,0,-,-,NA,NA,SAN BERNARDINO,RANCHO CUCAMONGA,-117.52835083007813,34.11206817626953
9377249,2021,2022-01-06,3600,2021-08-15,1530,H6858,RC035,7,5,6,3616,0,0,0,NA,0,RC5,HERMOSA AV,6TH ST,0,NA,Y,A,-,N,NA,NA,NA,NA,NA,NA,NA,NA,NA,Y,4,0,1,2,A,-,09,21801,A,N,D,C,A,A,H,-,A,A,0,NA,NA,NA,NA,Y,NA,-,NA,0,0,1,0,0,0,0,0,0,-,-,NA,NA,SAN BERNARDINO,RANCHO CUCAMONGA,-117.58464050292967,34.08469009399414
9379590,2021,2022-01-28,3604,2021-11-06,0331,1231,NA,6,5,6,3604,0,0,0,NA,0,NA,CHERRY AV,RT 210,0,NA,Y,A,-,Y,SBD,8,210,-,-,11.663,R,4,E,Y,2,0,1,1,A,-,08,22107,NA,N,H,J,A,A,H,-,C,A,0,NA,NA,Y,NA,Y,NA,C,02,1,0,0,0,0,0,0,0,1,-,EF,NA,NA,SAN BERNARDINO,FONTANA,-117.49306488037108,34.136234283447266
9379689,2021,2022-02-02,3600,2021-12-02,1817,I1565,AP002,4,5,5,3621,0,0,0,NA,0,AP1,RT 18,APPLE VALLEY RD,1468,W,N,A,-,Y,SBD,8,18,-,-,94.67,H,-,N,Y,4,0,1,3,A,-,08,22107,NA,N,D,C,A,A,H,-,C,A,0,NA,NA,NA,NA,Y,NA,A,01,0,0,1,0,0,0,0,0,0,-,-,NA,NA,SAN BERNARDINO,APPLE VALLEY,-117.27696990966795,34.53911590576172
9380245,2021,2022-01-19,3600,2021-11-30,1022,D3384,YC403,2,5,4,3640,0,0,0,NA,0,YC3,OAK GLEN RD,13TH ST,28,W,N,A,-,N,NA,NA,NA,NA,NA,NA,NA,NA,NA,Y,4,0,2,2,A,-,08,22107,NA,N,D,C,A,A,H,-,A,D,0,NA,NA,NA,NA,Y,NA,D,22,0,0,2,0,0,0,0,0,0,-,-,NA,NA,SAN BERNARDINO,YUCAIPA,-117.09111785888672,34.01900100708008
9380391,2021,2022-01-21,3600,2021-12-24,1431,G6198,VC070,5,5,5,3612,0,0,0,NA,0,VC5,CANTINA DR,LA MESA RD,0,NA,Y,A,-,N,NA,NA,NA,NA,NA,NA,NA,NA,NA,Y,3,0,2,2,A,-,01,23152,NA,M,D,C,A,A,H,-,A,A,0,NA,NA,NA,Y,Y,Y,D,22,0,2,0,0,0,0,0,0,0,-,-,34.484928131103516,-117.39695739746094,SAN BERNARDINO,VICTORVILLE,-117.39693450927734,34.484886169433594
9380435,2021,2022-01-19,3600,2021-11-30,2115,I6083,VC025,2,5,5,3612,0,0,0,NA,0,VC3,MARIPOSA RD,MARIPOSA RD 13471,0,NA,Y,A,-,N,NA,NA,NA,NA,NA,NA,NA,NA,NA,Y,4,0,1,1,A,-,03,22350,NA,N,E,I,A,A,H,-,C,A,0,NA,NA,NA,NA,Y,NA,-,-,0,0,1,0,0,0,0,0,0,-,-,34.49541091918945,-117.32795715332033,SAN BERNARDINO,VICTORVILLE,-117.32184600830078,34.50672149658203
9380810,2022,2022-01-27,3600,2022-01-02,2230,G8529,3600,7,5,5,3621,0,0,0,NA,0,001,BEAR VALLEY RD,KIOWA RD,0,NA,Y,A,-,N,NA,NA,NA,NA,NA,NA,NA,NA,NA,Y,3,0,1,2,A,-,01,23152,NA,N,D,C,A,A,H,-,C,A,0,NA,NA,NA,NA,Y,Y,-,-,0,1,0,0,0,0,0,0,0,-,-,NA,NA,SAN BERNARDINO,APPLE VALLEY,-117.20772552490234,34.471439361572266
9381090,2022,2022-01-26,3610,2022-01-02,0032,51271,NA,7,5,6,3610,0,0,0,NA,0,POLICE,W MARSHALL BL,N G ST,0,NA,Y,A,-,N,NA,NA,NA,NA,NA,NA,NA,NA,NA,Y,4,0,1,2,A,-,03,22350,NA,N,D,C,A,A,H,-,A,A,0,NA,NA,NA,NA,Y,NA,A,01,0,0,1,0,0,0,0,0,0,-,-,34.14950942993164,-117.29855346679688,SAN BERNARDINO,SAN BERNARDINO,-117.29856872558594,34.14949035644531
9381143,2021,2022-01-27,3608,2021-12-24,1800,5007,SB C,5,5,5,3608,0,0,0,NA,0,NA,DEARBORN ST,DEARBORN ST 1237,0,NA,Y,C,-,N,NA,NA,NA,NA,NA,NA,NA,NA,NA,Y,3,0,4,2,A,-,01,23153,NA,N,D,B,A,B,H,-,C,A,0,NA,NA,NA,NA,Y,Y,A,01,0,3,1,0,0,0,0,0,0,-,-,NA,NA,SAN BERNARDINO,REDLANDS,-117.1476593017578,34.05558776855469
9382287,2021,2022-01-20,3600,2021-11-24,1919,G7670,AP021,3,5,5,3621,0,0,0,NA,0,AP04,KIOWA RD,WREN ST,0,NA,Y,A,-,N,NA,NA,NA,NA,NA,NA,NA,NA,NA,Y,3,0,2,2,A,-,12,21453,A,N,D,C,A,A,H,-,D,D,0,NA,NA,NA,NA,Y,NA,A,01,0,1,1,0,0,0,0,0,0,-,-,NA,NA,SAN BERNARDINO,APPLE VALLEY,-117.20764923095705,34.44978713989258
9383584,2021,2022-01-14,3600,2021-12-06,0801,I3850,HE305,1,5,5,3619,0,0,0,NA,0,HE3,CEDAR ST,ESCONDIDO AV,0,NA,Y,A,-,N,NA,NA,NA,NA,NA,NA,NA,NA,NA,Y,4,0,1,2,A,-,12,22450,NA,M,D,C,A,A,H,-,A,A,0,NA,NA,NA,NA,Y,NA,A,01,0,0,1,0,0,0,0,0,0,-,-,NA,NA,SAN BERNARDINO,HESPERIA,-117.37274932861328,34.404850006103516
9383619,2021,2022-01-21,3600,2021-12-14,0826,H5258,HE101,2,5,5,3619,0,0,0,NA,0,HE1,MARIPOSA RD,TURKO AV,158,N,N,C,G,N,NA,NA,NA,NA,NA,NA,NA,NA,NA,N,3,0,1,3,A,-,05,21650,NA,N,F,A,A,B,H,-,A,D,0,NA,NA,NA,NA,Y,NA,-,-,0,1,0,0,0,0,0,0,0,-,-,NA,NA,SAN BERNARDINO,HESPERIA,-117.35308837890624,34.459503173828125
9387099,2021,2022-01-14,3608,2021-08-06,2146,4943,3608,5,5,5,3608,0,0,0,NA,0,NA,ALABAMA ST,RT 10,135,S,N,A,-,Y,SBD,8,10,-,-,29.172,R,4,W,Y,4,0,2,2,A,-,03,22350,NA,N,C,C,A,A,H,-,C,A,0,NA,NA,NA,NA,Y,NA,A,01,0,0,2,0,0,0,0,0,0,-,WO,NA,NA,SAN BERNARDINO,REDLANDS,-117.21141052246094,34.06675338745117
9387372,2021,2022-08-22,3610,2021-12-12,1834,51260,NA,7,5,6,3610,0,0,0,NA,0,NA,E 9TH ST,N DEL ROSA DR,0,NA,Y,A,-,N,NA,NA,NA,NA,NA,NA,NA,NA,NA,Y,4,0,2,2,A,-,08,22107,NA,N,B,C,A,A,H,-,D,A,0,NA,NA,NA,NA,Y,NA,A,01,0,0,2,0,0,0,0,0,0,-,-,34.11574935913086,-117.25247955322266,SAN BERNARDINO,SAN BERNARDINO,-117.25247955322266,34.11574172973633
9387379,2021,2022-01-04,3610,2021-12-02,0300,51341,NA,4,5,6,3610,0,0,0,NA,0,NA,SOUTH WATERMAN AV,E VANDERBILT WY,908,N,N,A,-,N,NA,NA,NA,NA,NA,NA,NA,NA,NA,N,3,0,1,2,A,-,11,21954,A,N,B,B,E,A,H,-,D,D,0,Y,NA,NA,NA,Y,NA,A,01,0,1,0,0,1,0,0,0,0,-,-,NA,NA,SAN BERNARDINO,SAN BERNARDINO,-117.2788314819336,34.07121658325195
9388364,2021,2022-01-10,3600,2021-07-09,1025,F8556,RC046,5,5,6,3616,0,0,0,NA,0,001,CARNELIAN ST,BANYAN ST,0,NA,Y,A,-,N,NA,NA,NA,NA,NA,NA,NA,NA,NA,N,3,0,2,2,A,-,09,21801,A,N,A,C,A,A,H,-,A,A,0,NA,NA,NA,NA,Y,NA,A,01,0,1,1,0,0,0,0,0,0,-,-,NA,NA,SAN BERNARDINO,RANCHO CUCAMONGA,-117.61632537841795,34.143741607666016
9389727,2021,2022-01-18,3600,2021-12-16,0839,H7585,NA,4,5,5,3619,0,0,0,NA,0,NA,MAIN ST,TIMBERLANE AV,34,W,N,A,-,N,NA,NA,NA,NA,NA,NA,NA,NA,NA,Y,3,0,2,3,A,-,09,21804,A,N,B,C,A,A,H,-,A,A,0,NA,NA,NA,NA,Y,NA,A,07,0,2,0,0,0,0,0,0,0,-,-,NA,NA,SAN BERNARDINO,HESPERIA,-117.27407073974608,34.41748809814453
9390820,2021,2022-01-24,3600,2021-12-04,1356,G3234,HI015,6,5,4,3618,0,0,0,NA,0,002,PALM AV,BASELINE ST,165,S,N,A,-,N,NA,NA,NA,NA,NA,NA,NA,NA,NA,Y,4,0,1,2,A,-,04,21703,NA,N,C,C,A,A,H,-,A,D,0,NA,NA,NA,NA,Y,NA,-,-,0,0,1,0,0,0,0,0,0,-,-,34.119651794433594,-117.20867919921876,SAN BERNARDINO,HIGHLAND,-117.20877075195313,34.12077713012695
9390912,2021,2022-01-25,3604,2021-12-10,1607,1302,NA,5,5,6,3604,0,0,0,NA,0,NA,CYPRESS AV,SLOVER AV,1160,N,N,A,-,N,NA,NA,NA,NA,NA,NA,NA,NA,NA,Y,4,0,1,3,A,-,03,22350,NA,N,C,C,A,A,H,-,A,D,0,NA,NA,NA,NA,Y,NA,A,07,0,0,1,0,0,0,0,0,0,-,-,NA,NA,SAN BERNARDINO,FONTANA,-117.4443588256836,34.066219329833984
9391076,2022,2022-03-21,3610,2022-01-20,0452,50709,NA,4,5,6,3610,0,0,0,NA,0,ADAM,W BASELINE ST,N LASSEN ST,436,W,N,A,-,N,NA,NA,NA,NA,NA,NA,NA,NA,NA,Y,3,0,1,2,A,-,13,22515,NA,N,G,B,F,A,H,-,D,D,0,Y,NA,NA,Y,Y,NA,N,60,0,1,0,0,1,0,0,0,0,-,-,34.121360778808594,-117.34525299072266,SAN BERNARDINO,SAN BERNARDINO,-117.34671783447266,34.121360778808594
9392530,2022,2022-02-10,3610,2022-01-13,2500,51237,NA,4,5,6,3610,0,0,0,NA,0,CHARLI,NWATERMAN AV,E 96H ST,340,S,N,A,-,N,NA,NA,NA,NA,NA,NA,NA,NA,NA,N,3,0,1,2,A,-,05,21202,A,N,A,G,A,A,H,-,C,D,0,NA,Y,NA,NA,Y,NA,L,04,0,1,0,0,0,0,1,0,0,-,-,34.11579895019531,-117.27877807617188,SAN BERNARDINO,SAN BERNARDINO,NA,NA
9400627,2022,2022-03-03,3604,2022-01-03,1244,1399,NA,1,5,6,3604,0,0,0,NA,0,NA,JURUPA,MULBERRY,0,NA,Y,A,-,N,NA,NA,NA,NA,NA,NA,NA,NA,NA,Y,4,0,1,3,A,-,09,21453,C,N,B,C,A,A,H,-,A,A,0,NA,NA,NA,Y,Y,NA,A,08,0,0,1,0,0,0,0,0,0,-,-,NA,NA,SAN BERNARDINO,FONTANA,-117.50698852539063,34.04808807373047
9400674,2022,2022-02-16,3604,2022-01-19,1545,1399,NA,3,5,6,3604,0,0,0,NA,0,NA,SIERRA LAKES PKWY,MANGO AV,380,E,N,A,-,N,NA,NA,NA,NA,NA,NA,NA,NA,NA,Y,3,0,1,1,A,-,08,22107,NA,N,E,I,A,A,H,-,A,D,0,NA,NA,NA,NA,Y,NA,A,01,0,1,0,0,0,0,0,0,0,-,-,NA,NA,SAN BERNARDINO,FONTANA,-117.4321746826172,34.13783264160156
9400683,2022,2022-02-15,3604,2022-01-24,1431,680,NA,1,5,6,3604,0,0,0,NA,0,NA,FOOTHILL BL,HEMLOCK AV,890,W,N,A,-,N,NA,NA,NA,NA,NA,NA,NA,NA,NA,Y,3,0,1,2,A,-,08,22107,NA,N,B,C,A,A,H,-,A,D,0,NA,NA,Y,NA,Y,NA,-,-,0,1,0,0,0,0,0,0,1,-,-,NA,NA,SAN BERNARDINO,FONTANA,-117.47862243652344,34.106468200683594
9400779,2022,2022-02-16,3605,2022-01-09,1723,406,NA,7,5,4,3605,0,0,0,NA,0,NA,ORCHARD ST,MONTE VISTA AV,16,W,N,A,-,N,NA,NA,NA,NA,NA,NA,NA,NA,NA,Y,4,0,1,1,A,-,08,22107,NA,N,A,I,A,A,H,-,C,A,0,NA,NA,NA,NA,Y,NA,A,08,0,0,1,0,0,0,0,0,0,-,-,NA,NA,SAN BERNARDINO,MONTCLAIR,-117.69834899902344,34.070369720458984
9401774,2022,2022-02-17,3610,2022-01-22,2102,51323,NA,6,5,6,3610,0,0,0,NA,0,POLICE,ARROWHEAD AV,3RD ST,0,NA,Y,A,-,N,NA,NA,NA,NA,NA,NA,NA,NA,NA,Y,4,0,1,2,A,-,12,21453,A,N,D,C,A,A,H,-,C,A,0,NA,NA,NA,NA,Y,NA,A,01,0,0,1,0,0,0,0,0,0,-,-,34.10457992553711,-117.28964233398438,SAN BERNARDINO,SAN BERNARDINO,-117.28964996337892,34.104583740234375
94018932,2024,2024-08-09,9855,2024-07-30,1834,021941,NA,2,2,6,3607,0,1,1,NA,2,103,I-10 E/B (SAN BERNARDINO FWY),CAMPUS AVE.,200,E,N,A,-,Y,SBD,NA,10,NA,NA,4.068,H,NA,R,Y,2,0,1,2,A,-,01,23152,A,N,C,C,A,A,H,-,A,D,0,NA,NA,NA,NA,Y,Y,A,01,1,0,0,0,0,0,0,0,0,-,-,34.086669921875,-117.64076995849608,SAN BERNARDINO,ONTARIO,-117.64076232910156,34.08669662475586
9401929,2022,2022-02-22,3605,2022-01-01,0024,406,NA,6,5,4,3605,0,0,0,NA,0,NA,HOLT BL,OAK GLEN AV,72,E,N,A,-,N,NA,NA,NA,NA,NA,NA,NA,NA,NA,Y,3,0,1,2,A,-,01,23152,G,N,B,I,A,A,H,-,C,D,0,NA,NA,NA,NA,Y,Y,A,01,0,1,0,0,0,0,0,0,0,-,-,NA,NA,SAN BERNARDINO,MONTCLAIR,-117.71623992919922,34.06317138671875
94021003,2024,2024-08-12,9855,2024-07-28,235,022874,NA,7,3,6,3607,0,1,3,NA,2,601,SR-60 W/B (POMONA FWY),HAVEN AVE,1950,E,N,A,-,Y,SBD,NA,60,NA,R,9.286,H,NA,L,Y,2,0,1,2,A,-,03,22350,NA,F,C,2,A,A,H,-,D,D,0,NA,NA,NA,NA,Y,NA,A,01,1,0,0,0,0,0,0,0,0,-,-,34.027339935302734,-117.56941223144533,SAN BERNARDINO,ONTARIO,-117.56944274902344,34.02726364135742
9405032,2022,2022-02-24,3600,2022-01-27,1105,F8172,HE102,4,5,5,3619,0,0,0,NA,0,HE1,OAKWOOD AV,SEQUOIA ST,0,NA,Y,A,-,N,NA,NA,NA,NA,NA,NA,NA,NA,NA,Y,3,0,1,2,A,-,08,22107,NA,N,B,C,A,A,H,-,A,A,0,NA,NA,NA,NA,Y,NA,A,01,0,1,0,0,0,0,0,0,0,-,-,NA,NA,SAN BERNARDINO,HESPERIA,-117.34288787841795,34.46866989135742
9405037,2022,2022-03-07,3600,2022-01-21,1349,G5408,AP026,5,5,5,3621,0,0,0,NA,0,AP3,BEAR VALLEY RD,JESS RANCH PKWY,0,NA,Y,A,-,N,NA,NA,NA,NA,NA,NA,NA,NA,NA,N,4,0,1,2,A,-,03,22350,NA,N,C,C,A,A,H,-,A,A,0,NA,NA,NA,NA,Y,NA,A,01,0,0,1,0,0,0,0,0,0,-,-,NA,NA,SAN BERNARDINO,APPLE VALLEY,-117.24916076660156,34.470970153808594
94054426,2024,2024-08-12,9855,2024-08-03,1245,023630,NA,6,1,9,3600,0,3,5,NA,2,001,BEECH AVENUE (9700 BLOCK),SAN BERNARDINO AVE.,200,S,N,A,-,N,NA,NA,NA,NA,NA,NA,NA,NA,NA,N,3,0,2,2,A,-,03,22350,NA,N,D,C,A,A,H,-,A,A,0,NA,NA,NA,NA,Y,NA,A,01,0,2,0,0,0,0,0,0,0,-,-,34.07693099975586,-117.47119903564452,SAN BERNARDINO,UNINCORPORATED,-117.4712142944336,34.07692337036133
9406346,2021,2022-02-17,3600,2021-08-26,2111,I4717,AD311,4,5,3,3613,0,0,0,NA,0,AD1,JONATHAN ST,HARVY AV,0,NA,Y,A,-,N,NA,NA,NA,NA,NA,NA,NA,NA,NA,Y,2,0,1,2,-,-,-,NA,B,M,A,B,E,A,H,-,C,-,0,Y,NA,NA,NA,Y,NA,A,01,1,0,0,0,1,0,0,0,0,-,-,34.58024978637695,-117.40953826904295,SAN BERNARDINO,ADELANTO,-117.40953826904295,34.58012390136719