CASE_ID,ACCIDENT_YEAR,PROC_DATE,JURIS,COLLISION_DATE,COLLISION_TIME,OFFICER_ID,REPORTING_DISTRICT,DAY_OF_WEEK,CHP_SHIFT,POPULATION,CNTY_CITY_LOC,SPECIAL_COND,BEAT_TYPE,CHP_BEAT_TYPE,CITY_DIVISION_LAPD,CHP_BEAT_CLASS,BEAT_NUMBER,PRIMARY_RD,SECONDARY_RD,DISTANCE,DIRECTION,INTERSECTION,WEATHER_1,WEATHER_2,STATE_HWY_IND,CALTRANS_COUNTY,CALTRANS_DISTRICT,STATE_ROUTE,ROUTE_SUFFIX,POSTMILE_PREFIX,POSTMILE,LOCATION_TYPE,RAMP_INTERSECTION,SIDE_OF_HWY,TOW_AWAY,COLLISION_SEVERITY,NUMBER_KILLED,NUMBER_INJURED,PARTY_COUNT,PRIMARY_COLL_FACTOR,PCF_CODE_OF_VIOL,PCF_VIOL_CATEGORY,PCF_VIOLATION,PCF_VIOL_SUBSECTION,HIT_AND_RUN,TYPE_OF_COLLISION,MVIW,PED_ACTION,ROAD_SURFACE,ROAD_COND_1,ROAD_COND_2,LIGHTING,CONTROL_DEVICE,CHP_ROAD_TYPE,PEDESTRIAN_ACCIDENT,BICYCLE_ACCIDENT,MOTORCYCLE_ACCIDENT,TRUCK_ACCIDENT,NOT_PRIVATE_PROPERTY,ALCOHOL_INVOLVED,STWD_VEHTYPE_AT_FAULT,CHP_VEHTYPE_AT_FAULT,COUNT_SEVERE_INJ,COUNT_VISIBLE_INJ,COUNT_COMPLAINT_PAIN,COUNT_PED_KILLED,COUNT_PED_INJURED,COUNT_BICYCLIST_KILLED,COUNT_BICYCLIST_INJURED,COUNT_MC_KILLED,COUNT_MC_INJURED,PRIMARY_RAMP,SECONDARY_RAMP,LATITUDE,LONGITUDE,COUNTY,CITY,POINT_X,POINT_Y
9450780,2022,2022-06-16,3604,2022-05-09,2157,680,NA,1,5,6,3604,0,0,0,NA,0,NA,SUMMIT AV,CITRUS AV,75,W,N,A,-,N,NA,NA,NA,NA,NA,NA,NA,NA,NA,Y,4,0,1,1,A,-,08,22107,NA,N,E,I,A,A,H,-,C,A,0,NA,NA,NA,NA,Y,NA,A,01,0,0,1,0,0,0,0,0,0,-,-,NA,NA,SAN BERNARDINO,FONTANA,-117.45377349853516,34.15032958984375
94509051,2024,2025-01-28,9850,2024-12-16,1705,022494,NA,1,2,9,3600,0,2,4,NA,2,066,PHELAN RD,WINDERMERE RD,30,W,N,A,-,N,NA,NA,NA,NA,NA,NA,NA,NA,NA,Y,1,1,1,2,A,-,01,23152,A,F,A,C,A,A,H,-,D,D,0,NA,NA,NA,NA,Y,Y,B,08,0,0,1,0,0,0,0,0,0,-,-,34.426578521728516,-117.49185943603516,SAN BERNARDINO,UNINCORPORATED,-117.4926528930664,34.426570892333984
94509378,2024,2024-12-19,9855,2024-12-12,735,020367,NA,4,1,6,3616,0,1,1,NA,2,201,SR-210 E/B (FOOTHILL FWY),MILLIKEN AVE.,1571,W,N,A,-,Y,SBD,NA,210,NA,NA,7.599,H,NA,R,N,4,0,1,2,A,-,03,22350,NA,N,C,C,A,A,H,-,A,D,0,NA,NA,NA,NA,Y,NA,A,07,0,0,1,0,0,0,0,0,0,-,-,34.13655090332031,-117.56398010253906,SAN BERNARDINO,RANCHO CUCAMONGA,-117.56398010253906,34.13655090332031
94509634,2024,2024-12-19,9860,2024-12-05,2013,022944,NA,4,2,4,3603,0,1,1,NA,2,214,I-215 S/B,IOWA AVE,170,S,N,A,-,Y,SBD,NA,215,NA,NA,0.365,H,NA,L,Y,2,0,6,4,A,-,01,23152,A,N,C,C,A,A,H,-,C,D,0,NA,NA,NA,NA,Y,Y,A,01,1,1,4,0,0,0,0,0,0,-,-,34.02373123168945,-117.33586883544922,SAN BERNARDINO,COLTON,-117.33584594726563,34.023712158203125
94512917,2024,2024-12-23,9860,2024-12-12,1140,020654,NA,4,1,5,3608,0,1,1,NA,2,104,I-10 W/B,MOUNTAIN VIEW AVE,2112,E,N,A,-,Y,SBD,NA,10,NA,NA,27.731,H,NA,L,N,4,0,1,2,A,-,03,22350,NA,N,C,C,A,A,H,-,A,D,0,NA,NA,NA,NA,Y,NA,A,07,0,0,1,0,0,0,0,0,0,-,-,34.066749572753906,-117.23651885986328,SAN BERNARDINO,REDLANDS,-117.23651885986328,34.06672668457031
94512967,2024,2024-12-23,9860,2024-10-23,911,020533,NA,3,1,9,3600,0,1,3,NA,1,382,SR-38,BRYANT ST,0,NA,Y,A,-,Y,SBD,NA,38,NA,NA,8.534,H,NA,R,Y,2,0,1,2,A,-,09,21802,A,N,D,C,A,A,H,-,A,A,0,NA,NA,NA,Y,Y,NA,A,01,1,0,0,0,0,0,0,0,0,-,-,34.07835006713867,-117.04872131347656,SAN BERNARDINO,UNINCORPORATED,-117.04875946044922,34.078392028808594
94513389,2024,2024-12-23,9850,2024-11-23,2320,023006,NA,6,3,9,3600,0,3,5,NA,2,002,SUMMIT VALLEY ROAD,TROUT ROAD,2429,S,N,A,-,N,NA,NA,NA,NA,NA,NA,NA,NA,NA,Y,2,0,2,2,A,-,05,21460,NA,N,A,C,A,A,H,-,D,D,0,NA,NA,NA,NA,Y,NA,A,01,2,0,0,0,0,0,0,0,0,-,-,34.34722137451172,-117.39285278320313,SAN BERNARDINO,UNINCORPORATED,-117.39275360107422,34.3473014831543
9451351,2022,2022-06-27,3610,2022-05-02,1325,51360,NA,1,5,6,3610,0,0,0,NA,0,ADAM,N MERDIAN AV,2ND ST,0,NA,N,A,-,N,NA,NA,NA,NA,NA,NA,NA,NA,NA,N,4,0,2,2,-,-,-,NA,NA,N,C,E,A,A,H,-,A,D,0,NA,NA,NA,NA,Y,NA,-,-,0,0,2,0,0,0,0,0,0,-,-,34.1031494140625,-117.24968719482422,SAN BERNARDINO,SAN BERNARDINO,-117.34851837158205,34.10313415527344
9451380,2022,2022-06-24,3604,2022-05-22,1225,680,NA,7,5,6,3604,0,0,0,NA,0,NA,BEECH AV,SANTA ANA,35,S,N,A,-,N,NA,NA,NA,NA,NA,NA,NA,NA,NA,Y,3,0,1,2,A,-,03,22350,NA,N,C,C,A,A,H,-,A,A,0,NA,NA,NA,NA,Y,NA,A,08,0,1,0,0,0,0,0,0,0,-,-,NA,NA,SAN BERNARDINO,FONTANA,-117.47129058837892,34.055572509765625
94514805,2024,2024-12-24,9850,2024-12-14,750,020572,NA,6,1,9,3600,0,1,3,NA,2,046,SR-247,MEANDER RD,14784,N,N,A,-,Y,SBD,NA,247,NA,NA,59.708,H,NA,R,Y,3,0,1,1,A,-,08,22107,NA,N,E,J,A,A,H,-,A,D,0,NA,NA,NA,NA,Y,NA,A,01,0,1,0,0,0,0,0,0,0,-,-,34.638160705566406,-116.94447326660156,SAN BERNARDINO,UNINCORPORATED,-116.94439697265624,34.63813018798828
94514957,2023,2024-12-24,9860,2023-12-01,15,022723,NA,5,3,9,3600,0,1,1,NA,2,105,I-10 W/B TO 6TH ST,6TH ST,10,E,N,A,-,Y,SBD,NA,38,NA,S,0.54,H,NA,R,N,3,0,1,2,A,-,12,22450,A,N,G,B,B,A,H,-,D,A,0,Y,NA,NA,NA,Y,NA,D,22,0,1,0,0,1,0,0,0,0,-,-,34.06227111816406,-117.18025970458984,SAN BERNARDINO,UNINCORPORATED,-117.18035125732422,34.06227111816406
94516134,2024,2024-12-26,9860,2024-12-16,1340,016575,NA,1,1,6,3610,0,1,1,NA,2,214,I-215 S/B,ORANGE SHOW RD.,1500,S,N,A,-,Y,SBD,NA,215,NA,NA,4.731,H,NA,L,N,4,0,1,2,A,-,08,22107,NA,N,E,8,A,A,H,-,A,D,0,NA,NA,NA,NA,Y,NA,A,07,0,0,1,0,0,0,0,0,0,-,-,34.07389831542969,-117.2955322265625,SAN BERNARDINO,SAN BERNARDINO,-117.2957000732422,34.07390594482422
94520847,2024,2024-12-31,9834,2024-12-22,1309,023958,NA,7,1,9,3600,0,1,2,NA,1,093,US-95,FIVE MILE ROAD,15840,S,N,B,-,Y,SBD,NA,95,NA,NA,49.965,H,NA,R,Y,2,0,1,1,A,-,08,22107,NA,N,E,I,A,A,H,-,A,D,0,NA,NA,Y,NA,Y,NA,C,02,1,0,0,0,0,0,0,0,1,-,-,34.722049713134766,-114.60812377929688,SAN BERNARDINO,UNINCORPORATED,-114.608154296875,34.72206497192383
9452125,2022,2022-06-01,3610,2022-04-16,1306,51118,NA,6,5,6,3610,0,0,0,NA,0,POLICE,W 5TH ST,W 4TH ST,820,E,N,A,-,N,NA,NA,NA,NA,NA,NA,NA,NA,NA,Y,3,0,4,3,A,-,03,22350,NA,N,B,C,A,A,H,-,A,D,0,NA,NA,NA,NA,Y,NA,A,01,0,1,3,0,0,0,0,0,0,-,-,34.10654067993164,-117.33229064941406,SAN BERNARDINO,SAN BERNARDINO,-117.32981872558594,34.10737609863281
94521317,2024,2024-12-31,9865,2024-11-15,2235,021892,NA,5,3,9,3600,0,3,5,NA,2,003,MAPLE LN,RT 38,200,S,N,B,-,N,NA,NA,NA,NA,NA,NA,NA,NA,NA,N,4,0,2,2,A,-,01,23152,A,N,C,C,A,C,H,-,C,D,0,NA,NA,NA,NA,Y,Y,A,07,0,0,2,0,0,0,0,0,0,-,-,34.25743865966797,-116.82436370849608,SAN BERNARDINO,UNINCORPORATED,-116.82622528076172,34.26084899902344
9452140,2022,2022-06-02,3603,2022-04-29,1303,4920,CPD,5,5,4,3603,0,0,0,NA,0,002,N COLTON AV,E C ST,0,NA,Y,A,-,N,NA,NA,NA,NA,NA,NA,NA,NA,NA,N,4,0,1,2,A,-,12,22450,NA,N,D,C,A,A,H,-,A,A,0,NA,NA,NA,NA,Y,NA,A,01,0,0,1,0,0,0,0,0,0,-,-,34.07238006591797,-117.3160400390625,SAN BERNARDINO,COLTON,-117.31603240966795,34.07237243652344
9452177,2022,2022-06-24,3603,2022-05-04,1202,4697,204,3,5,4,3603,0,0,0,NA,0,002,W OLIVE ST,N LA CADENA DR,0,NA,Y,A,-,N,NA,NA,NA,NA,NA,NA,NA,NA,NA,Y,3,0,1,2,A,-,12,21453,A,N,D,C,A,A,H,-,A,A,0,NA,NA,NA,NA,Y,NA,D,22,0,1,0,0,0,0,0,0,0,-,-,NA,NA,SAN BERNARDINO,COLTON,-117.32225799560548,34.076881408691406
94523012,2024,2025-01-02,9860,2024-12-27,1730,023001,NA,5,2,6,3610,0,1,1,NA,2,216,I-215 N/B,UNIVERSITY PKWY,4118,N,N,A,-,Y,SBD,NA,215,NA,NA,12.439,H,NA,R,N,2,0,1,2,A,-,08,22107,NA,F,B,C,A,A,H,-,D,D,0,NA,NA,Y,NA,Y,NA,A,01,1,0,0,0,0,0,0,0,1,-,-,34.17388916015625,-117.34131622314452,SAN BERNARDINO,SAN BERNARDINO,-117.34129333496094,34.17390823364258
9452408,2022,2022-06-08,3600,2022-05-23,1547,H7585,HE220,1,5,5,3619,0,0,0,NA,0,HE2,MAIN ST,TIMBERLANE AV,0,NA,Y,A,-,N,NA,NA,NA,NA,NA,NA,NA,NA,NA,Y,4,0,1,3,A,-,09,21802,A,N,D,C,A,A,H,-,A,A,0,NA,NA,NA,NA,Y,NA,A,08,0,0,1,0,0,0,0,0,0,-,-,NA,NA,SAN BERNARDINO,HESPERIA,-117.27395629882813,34.41746520996094
94525225,2024,2025-01-03,9850,2024-12-21,950,020572,NA,6,1,5,3612,0,1,1,NA,2,083,I-15 N/B,MOJAVE DR,1410,S,N,A,-,Y,SBD,NA,15,NA,NA,41.845,H,NA,R,Y,3,0,2,4,A,-,03,22350,NA,N,C,C,A,A,H,-,A,D,0,NA,NA,Y,NA,Y,NA,A,01,0,1,1,0,0,0,0,0,1,-,-,34.526649475097656,-117.31684112548828,SAN BERNARDINO,VICTORVILLE,-117.31681060791016,34.526641845703125
94525789,2024,2025-01-06,9834,2024-12-30,2018,024030,NA,1,2,9,3600,0,1,2,NA,1,093,US 95 NB,MM 44.5,1954,N,N,A,-,Y,SBD,NA,95,NA,NA,44.425,H,NA,R,Y,3,0,1,1,A,-,08,22107,NA,N,E,J,A,A,H,-,D,D,0,NA,NA,NA,Y,Y,NA,G,25,0,1,0,0,0,0,0,0,0,-,-,34.64765930175781,-114.62741088867188,SAN BERNARDINO,UNINCORPORATED,-114.62740325927734,34.64765930175781
9452989,2022,2022-06-14,3605,2022-04-23,0309,446,NA,6,5,4,3605,0,0,0,NA,0,NA,HOLT BL,MONTE VISTA AV,323,W,N,A,-,N,NA,NA,NA,NA,NA,NA,NA,NA,NA,Y,2,0,1,2,A,-,08,22107,NA,M,C,C,A,A,H,-,C,D,0,NA,NA,NA,Y,Y,NA,A,01,1,0,0,0,0,0,0,0,0,-,-,NA,NA,SAN BERNARDINO,MONTCLAIR,-117.69935607910156,34.063079833984375
94536858,2024,2025-01-14,9860,2024-11-20,1950,022319,NA,3,2,6,3610,0,1,3,NA,2,259,SR-259 S/B,HIGHLAND AVE.,1400,N,N,A,-,Y,SBD,NA,259,NA,NA,0.774,H,NA,L,Y,3,0,1,1,A,-,08,22107,NA,N,E,I,A,A,H,-,C,D,0,NA,NA,NA,NA,Y,NA,D,22,0,1,0,0,0,0,0,0,0,-,-,34.14002990722656,-117.30259704589844,SAN BERNARDINO,SAN BERNARDINO,-117.30266571044922,34.140037536621094
9453875,2022,2022-07-18,3603,2022-06-09,2047,5005,CPD,4,5,4,3603,0,0,0,NA,0,003,W VALLEY BL,N 4TH ST,100,E,N,A,-,N,NA,NA,NA,NA,NA,NA,NA,NA,NA,Y,4,0,1,2,A,-,05,21650,NA,N,B,E,A,A,H,-,C,D,0,NA,NA,NA,NA,Y,NA,A,01,0,0,1,0,0,0,0,0,0,-,-,34.06779098510742,-117.33056640625,SAN BERNARDINO,COLTON,-117.33025360107422,34.067806243896484
94540194,2025,2025-01-22,9850,2025-01-06,1800,022494,NA,1,2,9,3600,0,1,3,NA,2,052,SR-18,ROCHESTER RD,50,E,N,A,-,Y,SBD,NA,18,NA,NA,106.51,H,NA,R,Y,4,0,1,3,A,-,03,22350,NA,N,C,C,A,A,H,-,D,D,0,NA,NA,NA,Y,Y,NA,G,25,0,0,1,0,0,0,0,0,0,-,-,34.506988525390625,-117.49693298339844,SAN BERNARDINO,UNINCORPORATED,-117.49693298339844,34.50697708129883
94541988,2025,2025-01-17,9855,2025-01-16,1528,019448,NA,4,2,5,3602,0,1,3,NA,2,603,SR-60 E/B (POMONA FWY),RAMONA AVENUE,1000,E,N,A,-,N,NA,NA,NA,NA,NA,NA,NA,NA,NA,N,4,0,1,2,A,-,03,22350,NA,N,C,C,A,A,H,-,A,D,0,NA,NA,NA,NA,Y,NA,A,01,0,0,1,0,0,0,0,0,0,-,-,34.02975845336914,-117.71295166015624,SAN BERNARDINO,CHINO,-117.7047882080078,34.03004837036133
94543298,2025,2025-01-20,9855,2025-01-18,428,023010,NA,6,3,6,3604,0,3,5,NA,2,001,RANDALL AVENUE (1400 BLOCK),RESENDA AVENUE,192,W,N,A,-,N,NA,NA,NA,NA,NA,NA,NA,NA,NA,Y,2,0,2,2,A,-,01,23152,A,N,C,C,A,A,H,-,D,D,0,NA,NA,NA,Y,Y,Y,A,01,1,1,0,0,0,0,0,0,0,-,-,34.08462142944336,-117.48676300048828,SAN BERNARDINO,FONTANA,-117.4866943359375,34.084678649902344
94546312,2025,2025-01-22,9850,2025-01-14,1545,021675,NA,2,2,9,3600,0,2,4,NA,2,055,NATIONAL TRAILS HWY,TURNER RD,450,N,N,A,-,N,NA,NA,NA,NA,NA,NA,NA,NA,NA,N,4,0,1,2,A,-,08,22107,NA,N,B,C,A,A,H,-,A,D,0,NA,NA,NA,NA,Y,NA,A,01,0,0,1,0,0,0,0,0,0,-,-,34.690460205078125,-117.33921813964844,SAN BERNARDINO,UNINCORPORATED,-117.32087707519533,34.57035827636719
9454633,2022,2022-06-29,3600,2022-05-31,2305,F5233,HI024,2,5,4,3618,0,0,0,NA,0,HI3,GREENSPOT RD,WEAVER ST,0,NA,Y,A,-,N,NA,NA,NA,NA,NA,NA,NA,NA,NA,N,3,0,1,1,A,-,03,22350,NA,N,F,-,A,A,H,-,C,D,0,NA,NA,NA,NA,Y,NA,A,01,0,1,0,0,0,0,0,0,0,-,WO,34.10969924926758,-117.16085052490234,SAN BERNARDINO,HIGHLAND,-117.16082763671876,34.10980224609375
94547085,2024,2025-01-23,9860,2024-10-22,524,019495,NA,2,3,9,3600,0,1,1,NA,2,152,I-15 S/B,OAK HILL RD,7814,S,N,A,-,Y,SBD,NA,15,NA,R,25.64,H,NA,L,N,4,0,1,2,A,-,03,22350,NA,F,C,C,A,A,H,-,C,D,0,NA,NA,NA,NA,Y,NA,A,01,0,0,1,0,0,0,0,0,0,-,-,34.34611892700195,-117.45054626464844,SAN BERNARDINO,UNINCORPORATED,-117.45059204101563,34.34617614746094
94547789,2025,2025-01-23,9855,2025-01-20,1550,016590,NA,1,2,9,3600,0,3,5,NA,2,001,SAN BERNARDINO AVE. (14500 BLOCK),CHERRY AVE.,554,W,N,A,-,N,NA,NA,NA,NA,NA,NA,NA,NA,NA,Y,4,0,2,2,A,-,09,21801,A,N,D,C,A,A,H,-,A,D,0,NA,NA,NA,NA,Y,NA,A,01,0,0,2,0,0,0,0,0,0,-,-,34.07722091674805,-117.49102020263672,SAN BERNARDINO,UNINCORPORATED,-117.49072265625,34.077239990234375
9454811,2022,2022-06-28,3604,2022-05-24,1547,1086,NA,2,5,6,3604,0,0,0,NA,0,NA,BEECH AV,SAPPHIRE WY,0,NA,Y,A,-,N,NA,NA,NA,NA,NA,NA,NA,NA,NA,Y,3,0,3,2,A,-,12,21453,A,N,D,C,A,A,H,-,A,A,0,NA,NA,NA,NA,Y,NA,A,01,0,1,2,0,0,0,0,0,0,-,-,NA,NA,SAN BERNARDINO,FONTANA,-117.47158813476563,34.14804458618164
94548643,2025,2025-01-24,9855,2025-01-21,1345,021873,NA,2,1,6,3607,0,1,1,NA,2,103,I-10 W/B (SAN BERNARDINO FWY),4TH ST.,2000,W,N,A,-,Y,SBD,NA,10,NA,NA,4.919,H,NA,L,Y,3,0,2,2,A,-,03,22350,NA,N,C,C,A,A,H,-,A,D,0,NA,NA,NA,Y,Y,NA,G,25,0,2,0,0,0,0,0,0,0,-,-,34.08055114746094,-117.62806701660156,SAN BERNARDINO,ONTARIO,-117.62809753417967,34.08052062988281
94548680,2025,2025-01-24,9860,2025-01-21,2155,022439,NA,2,2,4,3603,0,1,1,NA,2,214,I-215 S/B TO I-10 E/B,I-10,955,S,N,A,-,Y,NA,NA,NA,NA,NA,NA,NA,NA,NA,Y,3,0,1,1,A,-,08,22107,NA,N,E,I,A,A,H,-,D,D,0,NA,NA,NA,NA,Y,NA,A,01,0,1,0,0,0,0,0,0,0,-,-,34.06254959106445,-117.29463958740234,SAN BERNARDINO,COLTON,-117.29701232910156,34.06282043457031
94549976,2025,2025-01-27,9860,2025-01-21,1545,016575,NA,2,2,9,3600,0,3,5,NA,2,002,EASTON ST.,CACTUS AVE.,87,W,N,A,-,N,NA,NA,NA,NA,NA,NA,NA,NA,NA,Y,4,0,1,2,A,-,03,22350,NA,N,C,C,A,A,H,-,A,D,0,NA,NA,NA,NA,Y,NA,A,07,0,0,1,0,0,0,0,0,0,-,-,34.13378143310547,-117.3839874267578,SAN BERNARDINO,UNINCORPORATED,-117.38387298583984,34.13372039794922
94552077,2025,2025-01-28,9860,2025-01-13,1426,016575,NA,1,2,4,3603,0,1,1,NA,2,214,I-215 S/B,IOWA AVE.,2090,N,N,A,-,Y,SBD,NA,215,NA,NA,0.813,H,NA,L,Y,4,0,1,4,A,-,03,22350,NA,F,C,C,A,A,H,-,A,D,0,NA,NA,NA,NA,Y,NA,A,01,0,0,1,0,0,0,0,0,0,-,-,34.02867889404297,-117.33097076416016,SAN BERNARDINO,COLTON,-117.33096313476563,34.0286750793457
94562708,2025,2025-02-03,9855,2025-02-02,226,022998,NA,7,3,6,3604,0,1,1,NA,2,153,I-15 N/B (ONTARIO FREEWAY),BASE LINE AVE.,1314,N,N,A,-,Y,SBD,NA,15,NA,NA,7.056,H,NA,R,Y,4,0,2,1,A,-,01,23153,A,N,E,8,A,B,H,-,B,D,0,NA,NA,NA,NA,Y,Y,A,01,0,0,2,0,0,0,0,0,0,-,-,34.12422180175781,-117.51020050048828,SAN BERNARDINO,FONTANA,-117.51024627685548,34.124263763427734
94564785,2025,2025-02-04,9860,2025-02-01,2008,022890,NA,6,2,4,3603,0,1,1,NA,2,214,I-215 N/B FROM WASHINGTON STREET,WASHINGTON ST,1162,N,N,A,-,Y,SBD,NA,215,NA,NA,2.924,H,NA,R,N,3,0,1,1,A,-,08,22107,NA,N,F,A,A,A,H,-,C,D,0,NA,NA,Y,NA,Y,NA,C,02,0,1,0,0,0,0,0,0,1,-,-,34.04970932006836,-117.30423736572266,SAN BERNARDINO,COLTON,-117.3043212890625,34.04978942871094
94567225,2025,2025-02-06,9835,2025-01-28,2157,024226,NA,2,2,9,3600,0,1,1,NA,2,075,I-15 N/B,HALLORAN SPRINGS RD,7392,S,N,A,-,Y,SBD,NA,15,NA,NA,148.07,H,NA,R,Y,3,0,1,2,A,-,03,22350,NA,N,C,C,A,A,H,-,D,D,0,NA,NA,NA,NA,Y,NA,A,01,0,1,0,0,0,0,0,0,0,-,-,35.36542892456055,-115.91586303710938,SAN BERNARDINO,UNINCORPORATED,-115.91598510742188,35.36556625366211
94571319,2025,2025-02-10,9860,2025-02-02,753,022553,NA,7,1,9,3600,0,3,5,NA,2,002,F ST,W. 41 ST,0,NA,Y,A,-,N,NA,NA,NA,NA,NA,NA,NA,NA,NA,Y,3,0,1,2,A,-,12,22450,A,N,D,2,A,A,H,-,A,A,0,NA,NA,NA,NA,Y,NA,A,01,0,1,0,0,0,0,0,0,0,-,-,34.16823959350586,-117.30268096923828,SAN BERNARDINO,UNINCORPORATED,-117.29615020751952,34.16822814941406
94571436,2025,2025-02-10,9855,2025-02-04,1815,023630,NA,2,2,6,3607,0,1,1,NA,2,152,I-15 S/B (ONTARIO FWY),JURUPA STREET,3168,N,N,A,-,Y,SBD,NA,15,NA,NA,1.591,H,NA,L,N,4,0,2,2,A,-,01,23152,A,N,C,C,A,A,H,-,C,D,0,NA,NA,NA,NA,Y,Y,A,08,0,0,2,0,0,0,0,0,0,-,-,34.05596923828125,-117.54670715332033,SAN BERNARDINO,ONTARIO,-117.54668426513672,34.05596160888672
94572201,2025,2025-02-10,9855,2025-01-21,1103,017213,NA,2,1,9,3600,0,1,3,NA,1,011,VALLEY BOULEVARD,CALABASH AVENUE,500,W,N,A,-,N,NA,NA,NA,NA,NA,NA,NA,NA,NA,N,4,0,1,5,A,-,09,21804,A,N,D,C,A,A,H,-,A,D,0,NA,NA,NA,NA,Y,NA,A,01,0,0,1,0,0,0,0,0,0,-,-,34.07004928588867,-117.50437927246094,SAN BERNARDINO,UNINCORPORATED,-117.5035400390625,34.07012939453125
94573258,2025,2025-02-11,9860,2025-02-02,1600,020533,NA,7,2,6,3610,0,1,1,NA,2,103,I-10 W/B,WATERMAN AVE,1056,W,N,A,-,Y,SBD,NA,10,NA,NA,25.068,H,NA,L,N,4,0,1,3,A,-,03,22350,NA,N,C,C,A,A,H,-,A,A,0,NA,NA,NA,NA,Y,NA,A,01,0,0,1,0,0,0,0,0,0,-,-,34.064170837402344,-117.2823486328125,SAN BERNARDINO,SAN BERNARDINO,-117.2823486328125,34.06416702270508
94573295,2025,2025-02-11,9860,2025-02-04,1800,022906,NA,2,2,4,3603,0,1,1,NA,2,103,I-10 E/B,MT VERNON AVE,1056,W,N,A,-,Y,SBD,NA,10,NA,R,23.021,H,NA,R,Y,3,0,2,2,A,-,03,22350,NA,N,C,C,A,A,H,-,C,D,0,NA,NA,NA,NA,Y,NA,A,01,0,1,1,0,0,0,0,0,0,-,-,34.06513977050781,-117.3175811767578,SAN BERNARDINO,COLTON,-117.3175811767578,34.06513977050781
94574017,2024,2025-02-11,9860,2024-12-20,1700,024041,NA,5,2,5,3609,0,3,5,NA,2,002,CACTUS AVE,CASMALIA STREET,561,N,N,A,-,N,NA,NA,NA,NA,NA,NA,NA,NA,NA,Y,4,0,1,1,A,-,01,23152,A,N,E,I,A,A,H,-,C,D,0,NA,NA,NA,NA,Y,Y,A,07,0,0,1,0,0,0,0,0,0,-,-,34.13908004760742,-117.38369750976563,SAN BERNARDINO,RIALTO,-117.3835906982422,34.1390266418457
94574054,2025,2025-02-11,9870,2025-02-05,1225,016935,NA,3,1,9,3600,0,3,5,NA,2,003,CALLE LOS AMIGOS,SUNBURST STREET,0,NA,Y,A,-,N,NA,NA,NA,NA,NA,NA,NA,NA,NA,Y,4,0,3,3,A,-,09,21802,A,N,D,C,A,A,H,-,A,A,0,NA,NA,NA,NA,Y,NA,A,07,0,0,3,0,0,0,0,0,0,-,-,34.16408920288086,-116.30843353271484,SAN BERNARDINO,UNINCORPORATED,-116.30840301513672,34.16410827636719
94576679,2025,2025-02-12,9835,2025-01-26,1855,022889,NA,7,2,9,3600,0,3,5,NA,2,034,NATIONAL TRAILS HWY,D ST,528,E,N,B,-,Y,NA,NA,NA,NA,NA,NA,NA,NA,NA,Y,4,0,1,1,A,-,01,23152,A,N,E,I,A,B,H,-,D,D,0,NA,NA,NA,NA,Y,Y,A,01,0,0,1,0,0,0,0,0,0,-,-,34.86140060424805,-116.87989807128906,SAN BERNARDINO,UNINCORPORATED,-116.88055419921876,34.86146545410156
94576917,2025,2025-02-12,9850,2025-02-02,321,021384,NA,7,3,5,3619,0,1,1,NA,2,081,I-15 N/B,RANCHERO RD,4013,S,N,A,-,Y,SBD,NA,15,NA,R,29.618,H,NA,R,Y,2,0,2,2,A,-,03,22350,NA,N,C,C,A,A,H,-,D,D,0,NA,NA,NA,NA,Y,NA,A,01,1,1,0,0,0,0,0,0,0,-,-,34.373661041259766,-117.42268371582033,SAN BERNARDINO,HESPERIA,-117.42269134521484,34.3736686706543
9458081,2022,2022-06-10,3600,2022-04-05,1755,H7621,AP008,2,5,5,3621,0,0,0,NA,0,AP3,KIOWA RD,LAGUNA RD,150,N,N,A,-,N,NA,NA,NA,NA,NA,NA,NA,NA,NA,N,3,0,1,2,A,-,09,21801,A,N,D,C,A,A,H,-,A,D,0,NA,NA,Y,NA,Y,NA,A,01,0,1,0,0,0,0,0,0,1,-,-,NA,NA,SAN BERNARDINO,APPLE VALLEY,-117.207763671875,34.4704704284668